time,equity
2025-03-01 01:00:00+00:00,10000.0
2025-03-01 02:00:00+00:00,10000.0
2025-03-01 03:00:00+00:00,10000.0
2025-03-01 04:00:00+00:00,10000.0
2025-03-01 05:00:00+00:00,10000.0
2025-03-01 06:00:00+00:00,10000.0
2025-03-01 07:00:00+00:00,10000.0
2025-03-01 08:00:00+00:00,10000.0
2025-03-01 09:00:00+00:00,10000.0
2025-03-01 10:00:00+00:00,10000.0
2025-03-01 11:00:00+00:00,10000.0
2025-03-01 12:00:00+00:00,10000.0
2025-03-01 13:00:00+00:00,10000.0
2025-03-01 14:00:00+00:00,10000.0
2025-03-01 15:00:00+00:00,10000.0
2025-03-01 16:00:00+00:00,10000.0
2025-03-01 17:00:00+00:00,10000.0
2025-03-01 18:00:00+00:00,10000.0
2025-03-01 19:00:00+00:00,10000.0
2025-03-01 20:00:00+00:00,10000.0
2025-03-01 21:00:00+00:00,10000.0
2025-03-01 22:00:00+00:00,10000.0
2025-03-01 23:00:00+00:00,10000.0
2025-03-02 00:00:00+00:00,10000.0
2025-03-02 01:00:00+00:00,10000.0
2025-03-02 02:00:00+00:00,10000.0
2025-03-02 03:00:00+00:00,10000.0
2025-03-02 04:00:00+00:00,10000.0
2025-03-02 05:00:00+00:00,10000.0
2025-03-02 06:00:00+00:00,10000.0
2025-03-02 07:00:00+00:00,10000.0
2025-03-02 08:00:00+00:00,10000.0
2025-03-02 09:00:00+00:00,10000.0
2025-03-02 10:00:00+00:00,10000.0
2025-03-02 11:00:00+00:00,10000.0
2025-03-02 12:00:00+00:00,10000.0
2025-03-02 13:00:00+00:00,10000.0
2025-03-02 14:00:00+00:00,10000.0
2025-03-02 15:00:00+00:00,10000.0
2025-03-02 16:00:00+00:00,10000.0
2025-03-02 17:00:00+00:00,10000.0
2025-03-02 18:00:00+00:00,10000.0
2025-03-02 19:00:00+00:00,10000.0
2025-03-02 20:00:00+00:00,10000.0
2025-03-02 21:00:00+00:00,10000.0
2025-03-02 22:00:00+00:00,10000.0
2025-03-02 23:00:00+00:00,10000.0
2025-03-03 00:00:00+00:00,10000.0
2025-03-03 01:00:00+00:00,10000.0
2025-03-03 02:00:00+00:00,10000.0
2025-03-03 03:00:00+00:00,10000.0
2025-03-03 04:00:00+00:00,10000.0
2025-03-03 05:00:00+00:00,10000.0
2025-03-03 06:00:00+00:00,10000.0
2025-03-03 07:00:00+00:00,10000.0
2025-03-03 08:00:00+00:00,10000.0
2025-03-03 09:00:00+00:00,10000.0
2025-03-03 10:00:00+00:00,10000.0
2025-03-03 11:00:00+00:00,10000.0
2025-03-03 12:00:00+00:00,10000.0
2025-03-03 13:00:00+00:00,10000.0
2025-03-03 14:00:00+00:00,10000.0
2025-03-03 15:00:00+00:00,10000.0
2025-03-03 16:00:00+00:00,10000.0
2025-03-03 17:00:00+00:00,10000.0
2025-03-03 18:00:00+00:00,10000.0
2025-03-03 19:00:00+00:00,10000.0
2025-03-03 20:00:00+00:00,10000.0
2025-03-03 21:00:00+00:00,10000.0
2025-03-03 22:00:00+00:00,10000.0
2025-03-03 23:00:00+00:00,10000.0
2025-03-04 00:00:00+00:00,10000.0
2025-03-04 01:00:00+00:00,10000.0
2025-03-04 02:00:00+00:00,10000.0
2025-03-04 03:00:00+00:00,10000.0
2025-03-04 04:00:00+00:00,10000.0
2025-03-04 05:00:00+00:00,10000.0
2025-03-04 06:00:00+00:00,10000.0
2025-03-04 07:00:00+00:00,10000.0
2025-03-04 08:00:00+00:00,10000.0
2025-03-04 09:00:00+00:00,10000.0
2025-03-04 10:00:00+00:00,10000.0
2025-03-04 11:00:00+00:00,10000.0
2025-03-04 12:00:00+00:00,10000.0
2025-03-04 13:00:00+00:00,10000.0
2025-03-04 14:00:00+00:00,10000.0
2025-03-04 15:00:00+00:00,10000.0
2025-03-04 16:00:00+00:00,10000.0
2025-03-04 17:00:00+00:00,10000.0
2025-03-04 18:00:00+00:00,10000.0
2025-03-04 19:00:00+00:00,10000.0
2025-03-04 20:00:00+00:00,10000.0
2025-03-04 21:00:00+00:00,10000.0
2025-03-04 22:00:00+00:00,10000.0
2025-03-04 23:00:00+00:00,10000.0
2025-03-05 00:00:00+00:00,10000.0
2025-03-05 01:00:00+00:00,10000.0
2025-03-05 02:00:00+00:00,10000.0
2025-03-05 03:00:00+00:00,10000.0
2025-03-05 04:00:00+00:00,10000.0
2025-03-05 05:00:00+00:00,10000.0
2025-03-05 06:00:00+00:00,10000.0
2025-03-05 07:00:00+00:00,10000.0
2025-03-05 08:00:00+00:00,10000.0
2025-03-05 09:00:00+00:00,10000.0
2025-03-05 10:00:00+00:00,10000.0
2025-03-05 11:00:00+00:00,10000.0
2025-03-05 12:00:00+00:00,10000.0
2025-03-05 13:00:00+00:00,10000.0
2025-03-05 14:00:00+00:00,10000.0
2025-03-05 15:00:00+00:00,10000.0
2025-03-05 16:00:00+00:00,10000.0
2025-03-05 17:00:00+00:00,10000.0
2025-03-05 18:00:00+00:00,10000.0
2025-03-05 19:00:00+00:00,10000.0
2025-03-05 20:00:00+00:00,10000.0
2025-03-05 21:00:00+00:00,10000.0
2025-03-05 22:00:00+00:00,10000.0
2025-03-05 23:00:00+00:00,10000.0
2025-03-06 00:00:00+00:00,10000.0
2025-03-06 01:00:00+00:00,10000.0
2025-03-06 02:00:00+00:00,10000.0
2025-03-06 03:00:00+00:00,10000.0
2025-03-06 04:00:00+00:00,10000.0
2025-03-06 05:00:00+00:00,10000.0
2025-03-06 06:00:00+00:00,10000.0
2025-03-06 07:00:00+00:00,10000.0
2025-03-06 08:00:00+00:00,10000.0
2025-03-06 09:00:00+00:00,10000.0
2025-03-06 10:00:00+00:00,10000.0
2025-03-06 11:00:00+00:00,10000.0
2025-03-06 12:00:00+00:00,10000.0
2025-03-06 13:00:00+00:00,10000.0
2025-03-06 14:00:00+00:00,10000.0
2025-03-06 15:00:00+00:00,10000.0
2025-03-06 16:00:00+00:00,10000.0
2025-03-06 17:00:00+00:00,10000.0
2025-03-06 18:00:00+00:00,10000.0
2025-03-06 19:00:00+00:00,10000.0
2025-03-06 20:00:00+00:00,10000.0
2025-03-06 21:00:00+00:00,10000.0
2025-03-06 22:00:00+00:00,10000.0
2025-03-06 23:00:00+00:00,10000.0
2025-03-07 00:00:00+00:00,10000.0
2025-03-07 01:00:00+00:00,10000.0
2025-03-07 02:00:00+00:00,10000.0
2025-03-07 03:00:00+00:00,10000.0
2025-03-07 04:00:00+00:00,10000.0
2025-03-07 05:00:00+00:00,10000.0
2025-03-07 06:00:00+00:00,10000.0
2025-03-07 07:00:00+00:00,10000.0
2025-03-07 08:00:00+00:00,10000.0
2025-03-07 09:00:00+00:00,10000.0
2025-03-07 10:00:00+00:00,10000.0
2025-03-07 11:00:00+00:00,10000.0
2025-03-07 12:00:00+00:00,10000.0
2025-03-07 13:00:00+00:00,10000.0
2025-03-07 14:00:00+00:00,10000.0
2025-03-07 15:00:00+00:00,10000.0
2025-03-07 16:00:00+00:00,10000.0
2025-03-07 17:00:00+00:00,10000.0
2025-03-07 18:00:00+00:00,10000.0
2025-03-07 19:00:00+00:00,10000.0
2025-03-07 20:00:00+00:00,10000.0
2025-03-07 21:00:00+00:00,10000.0
2025-03-07 22:00:00+00:00,10000.0
2025-03-07 23:00:00+00:00,10000.0
2025-03-08 00:00:00+00:00,10000.0
2025-03-08 01:00:00+00:00,10000.0
2025-03-08 02:00:00+00:00,10000.0
2025-03-08 03:00:00+00:00,10000.0
2025-03-08 04:00:00+00:00,10000.0
2025-03-08 05:00:00+00:00,10000.0
2025-03-08 06:00:00+00:00,10000.0
2025-03-08 07:00:00+00:00,10000.0
2025-03-08 08:00:00+00:00,10000.0
2025-03-08 09:00:00+00:00,10000.0
2025-03-08 10:00:00+00:00,10000.0
2025-03-08 11:00:00+00:00,10000.0
2025-03-08 12:00:00+00:00,10000.0
2025-03-08 13:00:00+00:00,10000.0
2025-03-08 14:00:00+00:00,10000.0
2025-03-08 15:00:00+00:00,10000.0
2025-03-08 16:00:00+00:00,10000.0
2025-03-08 17:00:00+00:00,10000.0
2025-03-08 18:00:00+00:00,10000.0
2025-03-08 19:00:00+00:00,10000.0
2025-03-08 20:00:00+00:00,10000.0
2025-03-08 21:00:00+00:00,10000.0
2025-03-08 22:00:00+00:00,10000.0
2025-03-08 23:00:00+00:00,10000.0
2025-03-09 00:00:00+00:00,10000.0
2025-03-09 01:00:00+00:00,10000.0
2025-03-09 02:00:00+00:00,10000.0
2025-03-09 03:00:00+00:00,10000.0
2025-03-09 04:00:00+00:00,10000.0
2025-03-09 05:00:00+00:00,10000.0
2025-03-09 06:00:00+00:00,10000.0
2025-03-09 07:00:00+00:00,10000.0
2025-03-09 08:00:00+00:00,10000.0
2025-03-09 09:00:00+00:00,10000.0
2025-03-09 10:00:00+00:00,10000.0
2025-03-09 11:00:00+00:00,10000.0
2025-03-09 12:00:00+00:00,10000.0
2025-03-09 13:00:00+00:00,10000.0
2025-03-09 14:00:00+00:00,10000.0
2025-03-09 15:00:00+00:00,10000.0
2025-03-09 16:00:00+00:00,10000.0
2025-03-09 17:00:00+00:00,10000.0
2025-03-09 18:00:00+00:00,10000.0
2025-03-09 19:00:00+00:00,10000.0
2025-03-09 20:00:00+00:00,10000.0
2025-03-09 21:00:00+00:00,10000.0
2025-03-09 22:00:00+00:00,10000.0
2025-03-09 23:00:00+00:00,10000.0
2025-03-10 00:00:00+00:00,9975.216673524399
2025-03-10 01:00:00+00:00,9945.83117673837
2025-03-10 02:00:00+00:00,9919.112176738368
2025-03-10 03:00:00+00:00,9873.11423548173
2025-03-10 04:00:00+00:00,9873.11423548173
2025-03-10 05:00:00+00:00,9873.11423548173
2025-03-10 06:00:00+00:00,9873.11423548173
2025-03-10 07:00:00+00:00,9873.11423548173
2025-03-10 08:00:00+00:00,9873.11423548173
2025-03-10 09:00:00+00:00,9873.11423548173
2025-03-10 10:00:00+00:00,9873.11423548173
2025-03-10 11:00:00+00:00,9873.11423548173
2025-03-10 12:00:00+00:00,9873.11423548173
2025-03-10 13:00:00+00:00,9873.11423548173
2025-03-10 14:00:00+00:00,9873.11423548173
2025-03-10 15:00:00+00:00,9873.11423548173
2025-03-10 16:00:00+00:00,9862.839787363457
2025-03-10 17:00:00+00:00,9903.216473228302
2025-03-10 18:00:00+00:00,9924.654773228303
2025-03-10 19:00:00+00:00,9955.640273228302
2025-03-10 20:00:00+00:00,9900.650273228302
2025-03-10 21:00:00+00:00,9891.750473228301
2025-03-10 22:00:00+00:00,9881.271173228302
2025-03-10 23:00:00+00:00,9883.950473228302
2025-03-11 00:00:00+00:00,9919.179173228302
2025-03-11 01:00:00+00:00,9955.4930919215
2025-03-11 02:00:00+00:00,9899.2511919215
2025-03-11 03:00:00+00:00,9890.129091921499
2025-03-11 04:00:00+00:00,9883.3391919215
2025-03-11 05:00:00+00:00,9853.064408539693
2025-03-11 06:00:00+00:00,9853.064408539693
2025-03-11 07:00:00+00:00,9853.064408539693
2025-03-11 08:00:00+00:00,9853.064408539693
2025-03-11 09:00:00+00:00,9853.064408539693
2025-03-11 10:00:00+00:00,9853.064408539693
2025-03-11 11:00:00+00:00,9853.064408539693
2025-03-11 12:00:00+00:00,9853.064408539693
2025-03-11 13:00:00+00:00,9853.064408539693
2025-03-11 14:00:00+00:00,9853.064408539693
2025-03-11 15:00:00+00:00,9853.064408539693
2025-03-11 16:00:00+00:00,9853.064408539693
2025-03-11 17:00:00+00:00,9853.064408539693
2025-03-11 18:00:00+00:00,9853.064408539693
2025-03-11 19:00:00+00:00,9853.064408539693
2025-03-11 20:00:00+00:00,9853.064408539693
2025-03-11 21:00:00+00:00,9853.064408539693
2025-03-11 22:00:00+00:00,9853.064408539693
2025-03-11 23:00:00+00:00,9853.064408539693
2025-03-12 00:00:00+00:00,9853.064408539693
2025-03-12 01:00:00+00:00,9853.064408539693
2025-03-12 02:00:00+00:00,9853.064408539693
2025-03-12 03:00:00+00:00,9853.064408539693
2025-03-12 04:00:00+00:00,9853.064408539693
2025-03-12 05:00:00+00:00,9853.064408539693
2025-03-12 06:00:00+00:00,9853.064408539693
2025-03-12 07:00:00+00:00,9853.064408539693
2025-03-12 08:00:00+00:00,9853.064408539693
2025-03-12 09:00:00+00:00,9853.064408539693
2025-03-12 10:00:00+00:00,9853.064408539693
2025-03-12 11:00:00+00:00,9853.064408539693
2025-03-12 12:00:00+00:00,9853.064408539693
2025-03-12 13:00:00+00:00,9853.064408539693
2025-03-12 14:00:00+00:00,9853.064408539693
2025-03-12 15:00:00+00:00,9853.064408539693
2025-03-12 16:00:00+00:00,9853.064408539693
2025-03-12 17:00:00+00:00,9853.064408539693
2025-03-12 18:00:00+00:00,9853.064408539693
2025-03-12 19:00:00+00:00,9853.064408539693
2025-03-12 20:00:00+00:00,9853.064408539693
2025-03-12 21:00:00+00:00,9853.064408539693
2025-03-12 22:00:00+00:00,9853.064408539693
2025-03-12 23:00:00+00:00,9853.064408539693
2025-03-13 00:00:00+00:00,9853.064408539693
2025-03-13 01:00:00+00:00,9853.064408539693
2025-03-13 02:00:00+00:00,9853.064408539693
2025-03-13 03:00:00+00:00,9853.064408539693
2025-03-13 04:00:00+00:00,9853.064408539693
2025-03-13 05:00:00+00:00,9853.064408539693
2025-03-13 06:00:00+00:00,9853.064408539693
2025-03-13 07:00:00+00:00,9853.064408539693
2025-03-13 08:00:00+00:00,9853.064408539693
2025-03-13 09:00:00+00:00,9853.064408539693
2025-03-13 10:00:00+00:00,9853.064408539693
2025-03-13 11:00:00+00:00,9853.064408539693
2025-03-13 12:00:00+00:00,9853.064408539693
2025-03-13 13:00:00+00:00,9853.064408539693
2025-03-13 14:00:00+00:00,9853.064408539693
2025-03-13 15:00:00+00:00,9853.064408539693
2025-03-13 16:00:00+00:00,9853.064408539693
2025-03-13 17:00:00+00:00,9853.064408539693
2025-03-13 18:00:00+00:00,9853.064408539693
2025-03-13 19:00:00+00:00,9853.064408539693
2025-03-13 20:00:00+00:00,9853.064408539693
2025-03-13 21:00:00+00:00,9853.064408539693
2025-03-13 22:00:00+00:00,9853.064408539693
2025-03-13 23:00:00+00:00,9853.064408539693
2025-03-14 00:00:00+00:00,9853.064408539693
2025-03-14 01:00:00+00:00,9853.064408539693
2025-03-14 02:00:00+00:00,9853.064408539693
2025-03-14 03:00:00+00:00,9853.064408539693
2025-03-14 04:00:00+00:00,9853.064408539693
2025-03-14 05:00:00+00:00,9853.064408539693
2025-03-14 06:00:00+00:00,9853.064408539693
2025-03-14 07:00:00+00:00,9853.064408539693
2025-03-14 08:00:00+00:00,9853.064408539693
2025-03-14 09:00:00+00:00,9853.064408539693
2025-03-14 10:00:00+00:00,9853.064408539693
2025-03-14 11:00:00+00:00,9853.064408539693
2025-03-14 12:00:00+00:00,9853.064408539693
2025-03-14 13:00:00+00:00,9853.064408539693
2025-03-14 14:00:00+00:00,9853.064408539693
2025-03-14 15:00:00+00:00,9853.064408539693
2025-03-14 16:00:00+00:00,9853.064408539693
2025-03-14 17:00:00+00:00,9853.064408539693
2025-03-14 18:00:00+00:00,9853.064408539693
2025-03-14 19:00:00+00:00,9853.064408539693
2025-03-14 20:00:00+00:00,9853.064408539693
2025-03-14 21:00:00+00:00,9853.064408539693
2025-03-14 22:00:00+00:00,9853.064408539693
2025-03-14 23:00:00+00:00,9853.064408539693
2025-03-15 00:00:00+00:00,9853.064408539693
2025-03-15 01:00:00+00:00,9853.064408539693
2025-03-15 02:00:00+00:00,9853.064408539693
2025-03-15 03:00:00+00:00,9853.064408539693
2025-03-15 04:00:00+00:00,9853.064408539693
2025-03-15 05:00:00+00:00,9853.064408539693
2025-03-15 06:00:00+00:00,9853.064408539693
2025-03-15 07:00:00+00:00,9853.064408539693
2025-03-15 08:00:00+00:00,9853.064408539693
2025-03-15 09:00:00+00:00,9853.064408539693
2025-03-15 10:00:00+00:00,9853.064408539693
2025-03-15 11:00:00+00:00,9853.064408539693
2025-03-15 12:00:00+00:00,9853.064408539693
2025-03-15 13:00:00+00:00,9853.064408539693
2025-03-15 14:00:00+00:00,9853.064408539693
2025-03-15 15:00:00+00:00,9853.064408539693
2025-03-15 16:00:00+00:00,9853.064408539693
2025-03-15 17:00:00+00:00,9853.064408539693
2025-03-15 18:00:00+00:00,9853.064408539693
2025-03-15 19:00:00+00:00,9853.064408539693
2025-03-15 20:00:00+00:00,9853.064408539693
2025-03-15 21:00:00+00:00,9853.064408539693
2025-03-15 22:00:00+00:00,9853.064408539693
2025-03-15 23:00:00+00:00,9853.064408539693
2025-03-16 00:00:00+00:00,9853.064408539693
2025-03-16 01:00:00+00:00,9853.064408539693
2025-03-16 02:00:00+00:00,9853.064408539693
2025-03-16 03:00:00+00:00,9853.064408539693
2025-03-16 04:00:00+00:00,9853.064408539693
2025-03-16 05:00:00+00:00,9853.064408539693
2025-03-16 06:00:00+00:00,9853.064408539693
2025-03-16 07:00:00+00:00,9853.064408539693
2025-03-16 08:00:00+00:00,9853.064408539693
2025-03-16 09:00:00+00:00,9853.064408539693
2025-03-16 10:00:00+00:00,9853.064408539693
2025-03-16 11:00:00+00:00,9853.064408539693
2025-03-16 12:00:00+00:00,9853.064408539693
2025-03-16 13:00:00+00:00,9853.064408539693
2025-03-16 14:00:00+00:00,9853.064408539693
2025-03-16 15:00:00+00:00,9853.064408539693
2025-03-16 16:00:00+00:00,9853.064408539693
2025-03-16 17:00:00+00:00,9853.064408539693
2025-03-16 18:00:00+00:00,9853.064408539693
2025-03-16 19:00:00+00:00,9853.064408539693
2025-03-16 20:00:00+00:00,9853.064408539693
2025-03-16 21:00:00+00:00,9853.064408539693
2025-03-16 22:00:00+00:00,9853.064408539693
2025-03-16 23:00:00+00:00,9853.064408539693
2025-03-17 00:00:00+00:00,9853.064408539693
2025-03-17 01:00:00+00:00,9853.064408539693
2025-03-17 02:00:00+00:00,9853.064408539693
2025-03-17 03:00:00+00:00,9853.064408539693
2025-03-17 04:00:00+00:00,9853.064408539693
2025-03-17 05:00:00+00:00,9853.064408539693
2025-03-17 06:00:00+00:00,9853.064408539693
2025-03-17 07:00:00+00:00,9853.064408539693
2025-03-17 08:00:00+00:00,9853.064408539693
2025-03-17 09:00:00+00:00,9853.064408539693
2025-03-17 10:00:00+00:00,9853.064408539693
2025-03-17 11:00:00+00:00,9853.064408539693
2025-03-17 12:00:00+00:00,9853.064408539693
2025-03-17 13:00:00+00:00,9853.064408539693
2025-03-17 14:00:00+00:00,9853.064408539693
2025-03-17 15:00:00+00:00,9853.064408539693
2025-03-17 16:00:00+00:00,9853.064408539693
2025-03-17 17:00:00+00:00,9853.064408539693
2025-03-17 18:00:00+00:00,9853.064408539693
2025-03-17 19:00:00+00:00,9853.064408539693
2025-03-17 20:00:00+00:00,9853.064408539693
2025-03-17 21:00:00+00:00,9853.064408539693
2025-03-17 22:00:00+00:00,9853.064408539693
2025-03-17 23:00:00+00:00,9853.064408539693
2025-03-18 00:00:00+00:00,9853.064408539693
2025-03-18 01:00:00+00:00,9853.064408539693
2025-03-18 02:00:00+00:00,9853.064408539693
2025-03-18 03:00:00+00:00,9853.064408539693
2025-03-18 04:00:00+00:00,9853.064408539693
2025-03-18 05:00:00+00:00,9853.064408539693
2025-03-18 06:00:00+00:00,9853.064408539693
2025-03-18 07:00:00+00:00,9853.064408539693
2025-03-18 08:00:00+00:00,9853.064408539693
2025-03-18 09:00:00+00:00,9853.064408539693
2025-03-18 10:00:00+00:00,9853.064408539693
2025-03-18 11:00:00+00:00,9853.064408539693
2025-03-18 12:00:00+00:00,9853.064408539693
2025-03-18 13:00:00+00:00,9853.064408539693
2025-03-18 14:00:00+00:00,9853.064408539693
2025-03-18 15:00:00+00:00,9853.064408539693
2025-03-18 16:00:00+00:00,9853.064408539693
2025-03-18 17:00:00+00:00,9853.064408539693
2025-03-18 18:00:00+00:00,9853.064408539693
2025-03-18 19:00:00+00:00,9853.064408539693
2025-03-18 20:00:00+00:00,9853.064408539693
2025-03-18 21:00:00+00:00,9853.064408539693
2025-03-18 22:00:00+00:00,9853.064408539693
2025-03-18 23:00:00+00:00,9853.064408539693
2025-03-19 00:00:00+00:00,9853.064408539693
2025-03-19 01:00:00+00:00,9853.064408539693
2025-03-19 02:00:00+00:00,9853.064408539693
2025-03-19 03:00:00+00:00,9853.064408539693
2025-03-19 04:00:00+00:00,9853.064408539693
2025-03-19 05:00:00+00:00,9853.064408539693
2025-03-19 06:00:00+00:00,9853.064408539693
2025-03-19 07:00:00+00:00,9853.064408539693
2025-03-19 08:00:00+00:00,9853.064408539693
2025-03-19 09:00:00+00:00,9853.064408539693
2025-03-19 10:00:00+00:00,9853.064408539693
2025-03-19 11:00:00+00:00,9853.064408539693
2025-03-19 12:00:00+00:00,9853.064408539693
2025-03-19 13:00:00+00:00,9853.064408539693
2025-03-19 14:00:00+00:00,9853.064408539693
2025-03-19 15:00:00+00:00,9853.064408539693
2025-03-19 16:00:00+00:00,9853.064408539693
2025-03-19 17:00:00+00:00,9853.064408539693
2025-03-19 18:00:00+00:00,9853.064408539693
2025-03-19 19:00:00+00:00,9853.064408539693
2025-03-19 20:00:00+00:00,9853.064408539693
2025-03-19 21:00:00+00:00,9853.064408539693
2025-03-19 22:00:00+00:00,9853.064408539693
2025-03-19 23:00:00+00:00,9853.064408539693
2025-03-20 00:00:00+00:00,9893.501241484115
2025-03-20 01:00:00+00:00,9838.930716172172
2025-03-20 02:00:00+00:00,9829.16211617217
2025-03-20 03:00:00+00:00,9841.416416172171
2025-03-20 04:00:00+00:00,9829.490416172172
2025-03-20 05:00:00+00:00,9792.383995306249
2025-03-20 06:00:00+00:00,9792.383995306249
2025-03-20 07:00:00+00:00,9792.383995306249
2025-03-20 08:00:00+00:00,9792.383995306249
2025-03-20 09:00:00+00:00,9792.383995306249
2025-03-20 10:00:00+00:00,9792.383995306249
2025-03-20 11:00:00+00:00,9792.383995306249
2025-03-20 12:00:00+00:00,9792.383995306249
2025-03-20 13:00:00+00:00,9792.383995306249
2025-03-20 14:00:00+00:00,9792.383995306249
2025-03-20 15:00:00+00:00,9792.383995306249
2025-03-20 16:00:00+00:00,9792.383995306249
2025-03-20 17:00:00+00:00,9792.383995306249
2025-03-20 18:00:00+00:00,9792.383995306249
2025-03-20 19:00:00+00:00,9792.383995306249
2025-03-20 20:00:00+00:00,9792.383995306249
2025-03-20 21:00:00+00:00,9792.383995306249
2025-03-20 22:00:00+00:00,9792.383995306249
2025-03-20 23:00:00+00:00,9792.383995306249
2025-03-21 00:00:00+00:00,9792.383995306249
2025-03-21 01:00:00+00:00,9792.383995306249
2025-03-21 02:00:00+00:00,9792.383995306249
2025-03-21 03:00:00+00:00,9792.383995306249
2025-03-21 04:00:00+00:00,9792.383995306249
2025-03-21 05:00:00+00:00,9792.383995306249
2025-03-21 06:00:00+00:00,9792.383995306249
2025-03-21 07:00:00+00:00,9792.383995306249
2025-03-21 08:00:00+00:00,9792.383995306249
2025-03-21 09:00:00+00:00,9792.383995306249
2025-03-21 10:00:00+00:00,9792.383995306249
2025-03-21 11:00:00+00:00,9792.383995306249
2025-03-21 12:00:00+00:00,9792.383995306249
2025-03-21 13:00:00+00:00,9792.383995306249
2025-03-21 14:00:00+00:00,9792.383995306249
2025-03-21 15:00:00+00:00,9792.383995306249
2025-03-21 16:00:00+00:00,9792.383995306249
2025-03-21 17:00:00+00:00,9792.383995306249
2025-03-21 18:00:00+00:00,9792.383995306249
2025-03-21 19:00:00+00:00,9792.383995306249
2025-03-21 20:00:00+00:00,9792.383995306249
2025-03-21 21:00:00+00:00,9792.383995306249
2025-03-21 22:00:00+00:00,9792.383995306249
2025-03-21 23:00:00+00:00,9792.383995306249
2025-03-22 00:00:00+00:00,9792.383995306249
2025-03-22 01:00:00+00:00,9792.383995306249
2025-03-22 02:00:00+00:00,9792.383995306249
2025-03-22 03:00:00+00:00,9792.383995306249
2025-03-22 04:00:00+00:00,9792.383995306249
2025-03-22 05:00:00+00:00,9792.383995306249
2025-03-22 06:00:00+00:00,9792.383995306249
2025-03-22 07:00:00+00:00,9792.383995306249
2025-03-22 08:00:00+00:00,9792.383995306249
2025-03-22 09:00:00+00:00,9792.383995306249
2025-03-22 10:00:00+00:00,9792.383995306249
2025-03-22 11:00:00+00:00,9792.383995306249
2025-03-22 12:00:00+00:00,9792.383995306249
2025-03-22 13:00:00+00:00,9792.383995306249
2025-03-22 14:00:00+00:00,9792.383995306249
2025-03-22 15:00:00+00:00,9792.383995306249
2025-03-22 16:00:00+00:00,9792.383995306249
2025-03-22 17:00:00+00:00,9792.383995306249
2025-03-22 18:00:00+00:00,9792.383995306249
2025-03-22 19:00:00+00:00,9792.383995306249
2025-03-22 20:00:00+00:00,9792.383995306249
2025-03-22 21:00:00+00:00,9792.383995306249
2025-03-22 22:00:00+00:00,9792.383995306249
2025-03-22 23:00:00+00:00,9792.383995306249
2025-03-23 00:00:00+00:00,9792.383995306249
2025-03-23 01:00:00+00:00,9792.383995306249
2025-03-23 02:00:00+00:00,9792.383995306249
2025-03-23 03:00:00+00:00,9792.383995306249
2025-03-23 04:00:00+00:00,9792.383995306249
2025-03-23 05:00:00+00:00,9792.383995306249
2025-03-23 06:00:00+00:00,9792.383995306249
2025-03-23 07:00:00+00:00,9792.383995306249
2025-03-23 08:00:00+00:00,9792.383995306249
2025-03-23 09:00:00+00:00,9792.383995306249
2025-03-23 10:00:00+00:00,9792.383995306249
2025-03-23 11:00:00+00:00,9792.383995306249
2025-03-23 12:00:00+00:00,9792.383995306249
2025-03-23 13:00:00+00:00,9792.383995306249
2025-03-23 14:00:00+00:00,9792.383995306249
2025-03-23 15:00:00+00:00,9792.383995306249
2025-03-23 16:00:00+00:00,9792.383995306249
2025-03-23 17:00:00+00:00,9792.383995306249
2025-03-23 18:00:00+00:00,9792.383995306249
2025-03-23 19:00:00+00:00,9792.383995306249
2025-03-23 20:00:00+00:00,9792.383995306249
2025-03-23 21:00:00+00:00,9792.383995306249
2025-03-23 22:00:00+00:00,9792.383995306249
2025-03-23 23:00:00+00:00,9792.383995306249
2025-03-24 00:00:00+00:00,9792.383995306249
2025-03-24 01:00:00+00:00,9792.383995306249
2025-03-24 02:00:00+00:00,9792.383995306249
2025-03-24 03:00:00+00:00,9792.383995306249
2025-03-24 04:00:00+00:00,9792.383995306249
2025-03-24 05:00:00+00:00,9792.383995306249
2025-03-24 06:00:00+00:00,9792.383995306249
2025-03-24 07:00:00+00:00,9792.383995306249
2025-03-24 08:00:00+00:00,9792.383995306249
2025-03-24 09:00:00+00:00,9792.383995306249
2025-03-24 10:00:00+00:00,9792.383995306249
2025-03-24 11:00:00+00:00,9792.383995306249
2025-03-24 12:00:00+00:00,9773.654777665059
2025-03-24 13:00:00+00:00,9738.148577665059
2025-03-24 14:00:00+00:00,9774.368777665059
2025-03-24 15:00:00+00:00,9802.214777665058
2025-03-24 16:00:00+00:00,9839.403977665059
2025-03-24 17:00:00+00:00,9812.596352284765
2025-03-24 18:00:00+00:00,9853.182152284764
2025-03-24 19:00:00+00:00,9853.192352284765
2025-03-24 20:00:00+00:00,9829.222352284765
2025-03-24 21:00:00+00:00,9790.421552284766
2025-03-24 22:00:00+00:00,9819.522152284764
2025-03-24 23:00:00+00:00,9737.672079619033
2025-03-25 00:00:00+00:00,9737.672079619033
2025-03-25 01:00:00+00:00,9737.672079619033
2025-03-25 02:00:00+00:00,9737.672079619033
2025-03-25 03:00:00+00:00,9737.672079619033
2025-03-25 04:00:00+00:00,9737.672079619033
2025-03-25 05:00:00+00:00,9737.672079619033
2025-03-25 06:00:00+00:00,9737.672079619033
2025-03-25 07:00:00+00:00,9737.672079619033
2025-03-25 08:00:00+00:00,9737.672079619033
2025-03-25 09:00:00+00:00,9737.672079619033
2025-03-25 10:00:00+00:00,9737.672079619033
2025-03-25 11:00:00+00:00,9737.672079619033
2025-03-25 12:00:00+00:00,9737.672079619033
2025-03-25 13:00:00+00:00,9737.672079619033
2025-03-25 14:00:00+00:00,9737.672079619033
2025-03-25 15:00:00+00:00,9737.672079619033
2025-03-25 16:00:00+00:00,9737.672079619033
2025-03-25 17:00:00+00:00,9737.672079619033
2025-03-25 18:00:00+00:00,9737.672079619033
2025-03-25 19:00:00+00:00,9737.672079619033
2025-03-25 20:00:00+00:00,9737.672079619033
2025-03-25 21:00:00+00:00,9737.672079619033
2025-03-25 22:00:00+00:00,9737.672079619033
2025-03-25 23:00:00+00:00,9737.672079619033
2025-03-26 00:00:00+00:00,9737.672079619033
2025-03-26 01:00:00+00:00,9737.672079619033
2025-03-26 02:00:00+00:00,9737.672079619033
2025-03-26 03:00:00+00:00,9737.672079619033
2025-03-26 04:00:00+00:00,9737.672079619033
2025-03-26 05:00:00+00:00,9737.672079619033
2025-03-26 06:00:00+00:00,9737.672079619033
2025-03-26 07:00:00+00:00,9737.672079619033
2025-03-26 08:00:00+00:00,9737.672079619033
2025-03-26 09:00:00+00:00,9737.672079619033
2025-03-26 10:00:00+00:00,9737.672079619033
2025-03-26 11:00:00+00:00,9737.672079619033
2025-03-26 12:00:00+00:00,9737.672079619033
2025-03-26 13:00:00+00:00,9737.672079619033
2025-03-26 14:00:00+00:00,9737.672079619033
2025-03-26 15:00:00+00:00,9737.672079619033
2025-03-26 16:00:00+00:00,9737.672079619033
2025-03-26 17:00:00+00:00,9737.672079619033
2025-03-26 18:00:00+00:00,9737.672079619033
2025-03-26 19:00:00+00:00,9737.672079619033
2025-03-26 20:00:00+00:00,9737.672079619033
2025-03-26 21:00:00+00:00,9737.672079619033
2025-03-26 22:00:00+00:00,9737.672079619033
2025-03-26 23:00:00+00:00,9737.672079619033
2025-03-27 00:00:00+00:00,9737.672079619033
2025-03-27 01:00:00+00:00,9737.672079619033
2025-03-27 02:00:00+00:00,9737.672079619033
2025-03-27 03:00:00+00:00,9737.672079619033
2025-03-27 04:00:00+00:00,9737.672079619033
2025-03-27 05:00:00+00:00,9737.672079619033
2025-03-27 06:00:00+00:00,9737.672079619033
2025-03-27 07:00:00+00:00,9737.672079619033
2025-03-27 08:00:00+00:00,9737.672079619033
2025-03-27 09:00:00+00:00,9737.672079619033
2025-03-27 10:00:00+00:00,9737.672079619033
2025-03-27 11:00:00+00:00,9737.672079619033
2025-03-27 12:00:00+00:00,9737.672079619033
2025-03-27 13:00:00+00:00,9737.672079619033
2025-03-27 14:00:00+00:00,9737.672079619033
2025-03-27 15:00:00+00:00,9737.672079619033
2025-03-27 16:00:00+00:00,9737.672079619033
2025-03-27 17:00:00+00:00,9737.672079619033
2025-03-27 18:00:00+00:00,9737.672079619033
2025-03-27 19:00:00+00:00,9737.672079619033
2025-03-27 20:00:00+00:00,9737.672079619033
2025-03-27 21:00:00+00:00,9737.672079619033
2025-03-27 22:00:00+00:00,9737.672079619033
2025-03-27 23:00:00+00:00,9737.672079619033
2025-03-28 00:00:00+00:00,9737.672079619033
2025-03-28 01:00:00+00:00,9737.672079619033
2025-03-28 02:00:00+00:00,9737.672079619033
2025-03-28 03:00:00+00:00,9737.672079619033
2025-03-28 04:00:00+00:00,9737.672079619033
2025-03-28 05:00:00+00:00,9737.672079619033
2025-03-28 06:00:00+00:00,9737.672079619033
2025-03-28 07:00:00+00:00,9737.672079619033
2025-03-28 08:00:00+00:00,9737.672079619033
2025-03-28 09:00:00+00:00,9737.672079619033
2025-03-28 10:00:00+00:00,9737.672079619033
2025-03-28 11:00:00+00:00,9737.672079619033
2025-03-28 12:00:00+00:00,9737.672079619033
2025-03-28 13:00:00+00:00,9737.672079619033
2025-03-28 14:00:00+00:00,9737.672079619033
2025-03-28 15:00:00+00:00,9737.672079619033
2025-03-28 16:00:00+00:00,9737.672079619033
2025-03-28 17:00:00+00:00,9737.672079619033
2025-03-28 18:00:00+00:00,9737.672079619033
2025-03-28 19:00:00+00:00,9737.672079619033
2025-03-28 20:00:00+00:00,9737.672079619033
2025-03-28 21:00:00+00:00,9737.672079619033
2025-03-28 22:00:00+00:00,9737.672079619033
2025-03-28 23:00:00+00:00,9737.672079619033
2025-03-29 00:00:00+00:00,9737.672079619033
2025-03-29 01:00:00+00:00,9737.672079619033
2025-03-29 02:00:00+00:00,9737.672079619033
2025-03-29 03:00:00+00:00,9737.672079619033
2025-03-29 04:00:00+00:00,9737.672079619033
2025-03-29 05:00:00+00:00,9737.672079619033
2025-03-29 06:00:00+00:00,9737.672079619033
2025-03-29 07:00:00+00:00,9737.672079619033
2025-03-29 08:00:00+00:00,9737.672079619033
2025-03-29 09:00:00+00:00,9737.672079619033
2025-03-29 10:00:00+00:00,9737.672079619033
2025-03-29 11:00:00+00:00,9793.86573085559
2025-03-29 12:00:00+00:00,9858.32973085559
2025-03-29 13:00:00+00:00,9841.479330855589
2025-03-29 14:00:00+00:00,9803.65773085559
2025-03-29 15:00:00+00:00,9838.03173085559
2025-03-29 16:00:00+00:00,9845.977530855589
2025-03-29 17:00:00+00:00,9867.792888370666
2025-03-29 18:00:00+00:00,9854.522688370667
2025-03-29 19:00:00+00:00,9853.043688370668
2025-03-29 20:00:00+00:00,9808.867488370666
2025-03-29 21:00:00+00:00,9834.887688370667
2025-03-29 22:00:00+00:00,9834.622488370667
2025-03-29 23:00:00+00:00,9846.342288370666
2025-03-30 00:00:00+00:00,9821.811288370665
2025-03-30 01:00:00+00:00,9805.49066885137
2025-03-30 02:00:00+00:00,9791.96546885137
2025-03-30 03:00:00+00:00,9763.019229480657
2025-03-30 04:00:00+00:00,9763.019229480657
2025-03-30 05:00:00+00:00,9763.019229480657
2025-03-30 06:00:00+00:00,9763.019229480657
2025-03-30 07:00:00+00:00,9763.019229480657
2025-03-30 08:00:00+00:00,9763.019229480657
2025-03-30 09:00:00+00:00,9763.019229480657
2025-03-30 10:00:00+00:00,9763.019229480657
2025-03-30 11:00:00+00:00,9763.019229480657
2025-03-30 12:00:00+00:00,9763.019229480657
2025-03-30 13:00:00+00:00,9763.019229480657
2025-03-30 14:00:00+00:00,9763.019229480657
2025-03-30 15:00:00+00:00,9763.019229480657
2025-03-30 16:00:00+00:00,9763.019229480657
2025-03-30 17:00:00+00:00,9763.019229480657
2025-03-30 18:00:00+00:00,9763.019229480657
2025-03-30 19:00:00+00:00,9763.019229480657
2025-03-30 20:00:00+00:00,9763.019229480657
2025-03-30 21:00:00+00:00,9763.019229480657
2025-03-30 22:00:00+00:00,9763.019229480657
2025-03-30 23:00:00+00:00,9763.019229480657
2025-03-31 00:00:00+00:00,9763.019229480657
2025-03-31 01:00:00+00:00,9763.019229480657
2025-03-31 02:00:00+00:00,9763.019229480657
2025-03-31 03:00:00+00:00,9763.019229480657
2025-03-31 04:00:00+00:00,9763.019229480657
2025-03-31 05:00:00+00:00,9763.019229480657
2025-03-31 06:00:00+00:00,9763.019229480657
2025-03-31 07:00:00+00:00,9763.019229480657
2025-03-31 08:00:00+00:00,9763.019229480657
2025-03-31 09:00:00+00:00,9763.019229480657
2025-03-31 10:00:00+00:00,9763.019229480657
2025-03-31 11:00:00+00:00,9763.019229480657
2025-03-31 12:00:00+00:00,9763.019229480657
2025-03-31 13:00:00+00:00,9763.019229480657
2025-03-31 14:00:00+00:00,9763.019229480657
2025-03-31 15:00:00+00:00,9763.019229480657
2025-03-31 16:00:00+00:00,9763.019229480657
2025-03-31 17:00:00+00:00,9763.019229480657
2025-03-31 18:00:00+00:00,9763.019229480657
2025-03-31 19:00:00+00:00,9763.019229480657
2025-03-31 20:00:00+00:00,9763.019229480657
2025-03-31 21:00:00+00:00,9763.019229480657
2025-03-31 22:00:00+00:00,9763.019229480657
2025-03-31 23:00:00+00:00,9763.019229480657
2025-04-01 00:00:00+00:00,9763.019229480657
2025-04-01 01:00:00+00:00,9763.019229480657
2025-04-01 02:00:00+00:00,9763.019229480657
2025-04-01 03:00:00+00:00,9763.019229480657
2025-04-01 04:00:00+00:00,9763.019229480657
2025-04-01 05:00:00+00:00,9763.019229480657
2025-04-01 06:00:00+00:00,9763.019229480657
2025-04-01 07:00:00+00:00,9763.019229480657
2025-04-01 08:00:00+00:00,9763.019229480657
2025-04-01 09:00:00+00:00,9763.019229480657
2025-04-01 10:00:00+00:00,9763.019229480657
2025-04-01 11:00:00+00:00,9763.019229480657
2025-04-01 12:00:00+00:00,9763.019229480657
2025-04-01 13:00:00+00:00,9763.019229480657
2025-04-01 14:00:00+00:00,9763.019229480657
2025-04-01 15:00:00+00:00,9763.019229480657
2025-04-01 16:00:00+00:00,9763.019229480657
2025-04-01 17:00:00+00:00,9763.019229480657
2025-04-01 18:00:00+00:00,9763.019229480657
2025-04-01 19:00:00+00:00,9763.019229480657
2025-04-01 20:00:00+00:00,9763.019229480657
2025-04-01 21:00:00+00:00,9763.019229480657
2025-04-01 22:00:00+00:00,9763.019229480657
2025-04-01 23:00:00+00:00,9763.019229480657
2025-04-02 00:00:00+00:00,9763.019229480657
2025-04-02 01:00:00+00:00,9763.019229480657
2025-04-02 02:00:00+00:00,9763.019229480657
2025-04-02 03:00:00+00:00,9763.019229480657
2025-04-02 04:00:00+00:00,9763.019229480657
2025-04-02 05:00:00+00:00,9763.019229480657
2025-04-02 06:00:00+00:00,9763.019229480657
2025-04-02 07:00:00+00:00,9763.019229480657
2025-04-02 08:00:00+00:00,9763.019229480657
2025-04-02 09:00:00+00:00,9763.019229480657
2025-04-02 10:00:00+00:00,9763.019229480657
2025-04-02 11:00:00+00:00,9763.019229480657
2025-04-02 12:00:00+00:00,9763.019229480657
2025-04-02 13:00:00+00:00,9763.019229480657
2025-04-02 14:00:00+00:00,9763.019229480657
2025-04-02 15:00:00+00:00,9763.019229480657
2025-04-02 16:00:00+00:00,9763.019229480657
2025-04-02 17:00:00+00:00,9763.019229480657
2025-04-02 18:00:00+00:00,9763.019229480657
2025-04-02 19:00:00+00:00,9763.019229480657
2025-04-02 20:00:00+00:00,9763.019229480657
2025-04-02 21:00:00+00:00,9763.019229480657
2025-04-02 22:00:00+00:00,9763.019229480657
2025-04-02 23:00:00+00:00,9763.019229480657
2025-04-03 00:00:00+00:00,9763.019229480657
2025-04-03 01:00:00+00:00,9763.019229480657
2025-04-03 02:00:00+00:00,9763.019229480657
2025-04-03 03:00:00+00:00,9763.019229480657
2025-04-03 04:00:00+00:00,9763.019229480657
2025-04-03 05:00:00+00:00,9763.019229480657
2025-04-03 06:00:00+00:00,9763.019229480657
2025-04-03 07:00:00+00:00,9763.019229480657
2025-04-03 08:00:00+00:00,9763.019229480657
2025-04-03 09:00:00+00:00,9763.019229480657
2025-04-03 10:00:00+00:00,9763.019229480657
2025-04-03 11:00:00+00:00,9763.019229480657
2025-04-03 12:00:00+00:00,9763.019229480657
2025-04-03 13:00:00+00:00,9763.019229480657
2025-04-03 14:00:00+00:00,9763.019229480657
2025-04-03 15:00:00+00:00,9763.019229480657
2025-04-03 16:00:00+00:00,9763.019229480657
2025-04-03 17:00:00+00:00,9763.019229480657
2025-04-03 18:00:00+00:00,9763.019229480657
2025-04-03 19:00:00+00:00,9763.019229480657
2025-04-03 20:00:00+00:00,9763.019229480657
2025-04-03 21:00:00+00:00,9763.019229480657
2025-04-03 22:00:00+00:00,9763.019229480657
2025-04-03 23:00:00+00:00,9763.019229480657
2025-04-04 00:00:00+00:00,9763.019229480657
2025-04-04 01:00:00+00:00,9763.019229480657
2025-04-04 02:00:00+00:00,9763.019229480657
2025-04-04 03:00:00+00:00,9763.019229480657
2025-04-04 04:00:00+00:00,9763.019229480657
2025-04-04 05:00:00+00:00,9763.019229480657
2025-04-04 06:00:00+00:00,9763.019229480657
2025-04-04 07:00:00+00:00,9763.019229480657
2025-04-04 08:00:00+00:00,9763.019229480657
2025-04-04 09:00:00+00:00,9763.019229480657
2025-04-04 10:00:00+00:00,9763.019229480657
2025-04-04 11:00:00+00:00,9763.019229480657
2025-04-04 12:00:00+00:00,9763.019229480657
2025-04-04 13:00:00+00:00,9763.019229480657
2025-04-04 14:00:00+00:00,9763.019229480657
2025-04-04 15:00:00+00:00,9763.019229480657
2025-04-04 16:00:00+00:00,9763.019229480657
2025-04-04 17:00:00+00:00,9763.019229480657
2025-04-04 18:00:00+00:00,9763.019229480657
2025-04-04 19:00:00+00:00,9763.019229480657
2025-04-04 20:00:00+00:00,9763.019229480657
2025-04-04 21:00:00+00:00,9763.019229480657
2025-04-04 22:00:00+00:00,9763.019229480657
2025-04-04 23:00:00+00:00,9763.019229480657
2025-04-05 00:00:00+00:00,9763.019229480657
2025-04-05 01:00:00+00:00,9763.019229480657
2025-04-05 02:00:00+00:00,9763.019229480657
2025-04-05 03:00:00+00:00,9763.019229480657
2025-04-05 04:00:00+00:00,9763.019229480657
2025-04-05 05:00:00+00:00,9763.019229480657
2025-04-05 06:00:00+00:00,9763.019229480657
2025-04-05 07:00:00+00:00,9763.019229480657
2025-04-05 08:00:00+00:00,9763.019229480657
2025-04-05 09:00:00+00:00,9763.019229480657
2025-04-05 10:00:00+00:00,9763.019229480657
2025-04-05 11:00:00+00:00,9763.019229480657
2025-04-05 12:00:00+00:00,9763.019229480657
2025-04-05 13:00:00+00:00,9763.019229480657
2025-04-05 14:00:00+00:00,9763.019229480657
2025-04-05 15:00:00+00:00,9763.019229480657
2025-04-05 16:00:00+00:00,9763.019229480657
2025-04-05 17:00:00+00:00,9763.019229480657
2025-04-05 18:00:00+00:00,9763.019229480657
2025-04-05 19:00:00+00:00,9763.019229480657
2025-04-05 20:00:00+00:00,9763.019229480657
2025-04-05 21:00:00+00:00,9763.019229480657
2025-04-05 22:00:00+00:00,9763.019229480657
2025-04-05 23:00:00+00:00,9763.019229480657
2025-04-06 00:00:00+00:00,9763.019229480657
2025-04-06 01:00:00+00:00,9763.019229480657
2025-04-06 02:00:00+00:00,9763.019229480657
2025-04-06 03:00:00+00:00,9763.019229480657
2025-04-06 04:00:00+00:00,9763.019229480657
2025-04-06 05:00:00+00:00,9763.019229480657
2025-04-06 06:00:00+00:00,9763.019229480657
2025-04-06 07:00:00+00:00,9763.019229480657
2025-04-06 08:00:00+00:00,9763.019229480657
2025-04-06 09:00:00+00:00,9763.019229480657
2025-04-06 10:00:00+00:00,9763.019229480657
2025-04-06 11:00:00+00:00,9763.019229480657
2025-04-06 12:00:00+00:00,9763.019229480657
2025-04-06 13:00:00+00:00,9763.019229480657
2025-04-06 14:00:00+00:00,9763.019229480657
2025-04-06 15:00:00+00:00,9763.019229480657
2025-04-06 16:00:00+00:00,9763.019229480657
2025-04-06 17:00:00+00:00,9763.019229480657
2025-04-06 18:00:00+00:00,9763.019229480657
2025-04-06 19:00:00+00:00,9917.630689714968
2025-04-06 20:00:00+00:00,9869.617689714967
2025-04-06 21:00:00+00:00,9939.670689714969
2025-04-06 22:00:00+00:00,9933.391189714968
2025-04-06 23:00:00+00:00,10026.69352092758
2025-04-07 00:00:00+00:00,9999.80398829398
2025-04-07 01:00:00+00:00,10006.494950900309
2025-04-07 02:00:00+00:00,9954.514150900308
2025-04-07 03:00:00+00:00,9998.168550900307
2025-04-07 04:00:00+00:00,10046.366950900308
2025-04-07 05:00:00+00:00,10091.237350900308
2025-04-07 06:00:00+00:00,10093.470950900308
2025-04-07 07:00:00+00:00,10230.110950900309
2025-04-07 08:00:00+00:00,10211.070950900308
2025-04-07 09:00:00+00:00,10138.394382252163
2025-04-07 10:00:00+00:00,10136.794382252163
2025-04-07 11:00:00+00:00,10094.499280498218
2025-04-07 12:00:00+00:00,10094.499280498218
2025-04-07 13:00:00+00:00,10094.499280498218
2025-04-07 14:00:00+00:00,10094.499280498218
2025-04-07 15:00:00+00:00,10094.499280498218
2025-04-07 16:00:00+00:00,10094.499280498218
2025-04-07 17:00:00+00:00,10094.499280498218
2025-04-07 18:00:00+00:00,10094.499280498218
2025-04-07 19:00:00+00:00,10094.499280498218
2025-04-07 20:00:00+00:00,10094.499280498218
2025-04-07 21:00:00+00:00,10094.499280498218
2025-04-07 22:00:00+00:00,10094.499280498218
2025-04-07 23:00:00+00:00,10094.499280498218
2025-04-08 00:00:00+00:00,10094.499280498218
2025-04-08 01:00:00+00:00,10094.499280498218
2025-04-08 02:00:00+00:00,10094.499280498218
2025-04-08 03:00:00+00:00,10094.499280498218
2025-04-08 04:00:00+00:00,10094.499280498218
2025-04-08 05:00:00+00:00,10094.499280498218
2025-04-08 06:00:00+00:00,10094.499280498218
2025-04-08 07:00:00+00:00,10094.499280498218
2025-04-08 08:00:00+00:00,10094.499280498218
2025-04-08 09:00:00+00:00,10094.499280498218
2025-04-08 10:00:00+00:00,10094.499280498218
2025-04-08 11:00:00+00:00,10094.499280498218
2025-04-08 12:00:00+00:00,10094.499280498218
2025-04-08 13:00:00+00:00,10094.499280498218
2025-04-08 14:00:00+00:00,10094.499280498218
2025-04-08 15:00:00+00:00,10094.499280498218
2025-04-08 16:00:00+00:00,10094.499280498218
2025-04-08 17:00:00+00:00,10094.499280498218
2025-04-08 18:00:00+00:00,10094.499280498218
2025-04-08 19:00:00+00:00,10094.499280498218
2025-04-08 20:00:00+00:00,10094.499280498218
2025-04-08 21:00:00+00:00,10094.499280498218
2025-04-08 22:00:00+00:00,10094.499280498218
2025-04-08 23:00:00+00:00,10094.499280498218
2025-04-09 00:00:00+00:00,10094.499280498218
2025-04-09 01:00:00+00:00,10094.499280498218
2025-04-09 02:00:00+00:00,10094.499280498218
2025-04-09 03:00:00+00:00,10094.499280498218
2025-04-09 04:00:00+00:00,10094.499280498218
2025-04-09 05:00:00+00:00,10094.499280498218
2025-04-09 06:00:00+00:00,10094.499280498218
2025-04-09 07:00:00+00:00,10094.499280498218
2025-04-09 08:00:00+00:00,10094.499280498218
2025-04-09 09:00:00+00:00,10094.499280498218
2025-04-09 10:00:00+00:00,10094.499280498218
2025-04-09 11:00:00+00:00,10094.499280498218
2025-04-09 12:00:00+00:00,10094.499280498218
2025-04-09 13:00:00+00:00,10094.499280498218
2025-04-09 14:00:00+00:00,10094.499280498218
2025-04-09 15:00:00+00:00,10094.499280498218
2025-04-09 16:00:00+00:00,10094.499280498218
2025-04-09 17:00:00+00:00,10094.499280498218
2025-04-09 18:00:00+00:00,10094.499280498218
2025-04-09 19:00:00+00:00,10094.499280498218
2025-04-09 20:00:00+00:00,10094.499280498218
2025-04-09 21:00:00+00:00,10094.499280498218
2025-04-09 22:00:00+00:00,10094.499280498218
2025-04-09 23:00:00+00:00,10094.499280498218
2025-04-10 00:00:00+00:00,10094.499280498218
2025-04-10 01:00:00+00:00,10094.499280498218
2025-04-10 02:00:00+00:00,10094.499280498218
2025-04-10 03:00:00+00:00,10094.499280498218
2025-04-10 04:00:00+00:00,10094.499280498218
2025-04-10 05:00:00+00:00,10094.499280498218
2025-04-10 06:00:00+00:00,10094.499280498218
2025-04-10 07:00:00+00:00,10094.499280498218
2025-04-10 08:00:00+00:00,10094.499280498218
2025-04-10 09:00:00+00:00,10094.499280498218
2025-04-10 10:00:00+00:00,10094.499280498218
2025-04-10 11:00:00+00:00,10094.499280498218
2025-04-10 12:00:00+00:00,10094.499280498218
2025-04-10 13:00:00+00:00,10094.499280498218
2025-04-10 14:00:00+00:00,10094.499280498218
2025-04-10 15:00:00+00:00,10094.499280498218
2025-04-10 16:00:00+00:00,10094.499280498218
2025-04-10 17:00:00+00:00,10094.499280498218
2025-04-10 18:00:00+00:00,10094.499280498218
2025-04-10 19:00:00+00:00,10094.499280498218
2025-04-10 20:00:00+00:00,10094.499280498218
2025-04-10 21:00:00+00:00,10094.499280498218
2025-04-10 22:00:00+00:00,10094.499280498218
2025-04-10 23:00:00+00:00,10094.499280498218
2025-04-11 00:00:00+00:00,10094.499280498218
2025-04-11 01:00:00+00:00,10094.499280498218
2025-04-11 02:00:00+00:00,10094.499280498218
2025-04-11 03:00:00+00:00,10094.499280498218
2025-04-11 04:00:00+00:00,10094.499280498218
2025-04-11 05:00:00+00:00,10094.499280498218
2025-04-11 06:00:00+00:00,10094.499280498218
2025-04-11 07:00:00+00:00,10094.499280498218
2025-04-11 08:00:00+00:00,10094.499280498218
2025-04-11 09:00:00+00:00,10094.499280498218
2025-04-11 10:00:00+00:00,10094.499280498218
2025-04-11 11:00:00+00:00,10094.499280498218
2025-04-11 12:00:00+00:00,10094.499280498218
2025-04-11 13:00:00+00:00,10094.499280498218
2025-04-11 14:00:00+00:00,10094.499280498218
2025-04-11 15:00:00+00:00,10094.499280498218
2025-04-11 16:00:00+00:00,10094.499280498218
2025-04-11 17:00:00+00:00,10094.499280498218
2025-04-11 18:00:00+00:00,10094.499280498218
2025-04-11 19:00:00+00:00,10094.499280498218
2025-04-11 20:00:00+00:00,10094.499280498218
2025-04-11 21:00:00+00:00,10094.499280498218
2025-04-11 22:00:00+00:00,10094.499280498218
2025-04-11 23:00:00+00:00,10094.499280498218
2025-04-12 00:00:00+00:00,10094.499280498218
2025-04-12 01:00:00+00:00,10094.499280498218
2025-04-12 02:00:00+00:00,10094.499280498218
2025-04-12 03:00:00+00:00,10094.499280498218
2025-04-12 04:00:00+00:00,10094.499280498218
2025-04-12 05:00:00+00:00,10094.499280498218
2025-04-12 06:00:00+00:00,10094.499280498218
2025-04-12 07:00:00+00:00,10094.499280498218
2025-04-12 08:00:00+00:00,10094.499280498218
2025-04-12 09:00:00+00:00,10094.499280498218
2025-04-12 10:00:00+00:00,10094.499280498218
2025-04-12 11:00:00+00:00,10094.499280498218
2025-04-12 12:00:00+00:00,10094.499280498218
2025-04-12 13:00:00+00:00,10094.499280498218
2025-04-12 14:00:00+00:00,10094.499280498218
2025-04-12 15:00:00+00:00,10118.505383562058
2025-04-12 16:00:00+00:00,10132.537383562058
2025-04-12 17:00:00+00:00,10104.810290266641
2025-04-12 18:00:00+00:00,10113.554290266642
2025-04-12 19:00:00+00:00,10147.202290266641
2025-04-12 20:00:00+00:00,10127.882290266642
2025-04-12 21:00:00+00:00,10173.490290266642
2025-04-12 22:00:00+00:00,10161.690290266642
2025-04-12 23:00:00+00:00,10159.218290266643
2025-04-13 00:00:00+00:00,10153.826290266643
2025-04-13 01:00:00+00:00,10171.726111964701
2025-04-13 02:00:00+00:00,10151.870111964701
2025-04-13 03:00:00+00:00,10154.1501119647
2025-04-13 04:00:00+00:00,10164.862111964701
2025-04-13 05:00:00+00:00,10101.798111964701
2025-04-13 06:00:00+00:00,10093.822111964702
2025-04-13 07:00:00+00:00,10099.758111964702
2025-04-13 08:00:00+00:00,10084.3661119647
2025-04-13 09:00:00+00:00,10074.307179053383
2025-04-13 10:00:00+00:00,10074.307179053383
2025-04-13 11:00:00+00:00,10074.307179053383
2025-04-13 12:00:00+00:00,10074.307179053383
2025-04-13 13:00:00+00:00,10074.307179053383
2025-04-13 14:00:00+00:00,10074.307179053383
2025-04-13 15:00:00+00:00,10074.307179053383
2025-04-13 16:00:00+00:00,10074.307179053383
2025-04-13 17:00:00+00:00,10074.307179053383
2025-04-13 18:00:00+00:00,10074.307179053383
2025-04-13 19:00:00+00:00,10074.307179053383
2025-04-13 20:00:00+00:00,10074.307179053383
2025-04-13 21:00:00+00:00,10074.307179053383
2025-04-13 22:00:00+00:00,10074.307179053383
2025-04-13 23:00:00+00:00,10074.307179053383
2025-04-14 00:00:00+00:00,10074.307179053383
2025-04-14 01:00:00+00:00,10074.307179053383
2025-04-14 02:00:00+00:00,10074.307179053383
2025-04-14 03:00:00+00:00,10074.307179053383
2025-04-14 04:00:00+00:00,10074.307179053383
2025-04-14 05:00:00+00:00,10074.307179053383
2025-04-14 06:00:00+00:00,10074.307179053383
2025-04-14 07:00:00+00:00,10074.307179053383
2025-04-14 08:00:00+00:00,10074.307179053383
2025-04-14 09:00:00+00:00,10074.307179053383
2025-04-14 10:00:00+00:00,10074.307179053383
2025-04-14 11:00:00+00:00,10074.307179053383
2025-04-14 12:00:00+00:00,10074.307179053383
2025-04-14 13:00:00+00:00,10074.307179053383
2025-04-14 14:00:00+00:00,10074.307179053383
2025-04-14 15:00:00+00:00,10074.307179053383
2025-04-14 16:00:00+00:00,10074.307179053383
2025-04-14 17:00:00+00:00,10074.307179053383
2025-04-14 18:00:00+00:00,10074.307179053383
2025-04-14 19:00:00+00:00,10074.307179053383
2025-04-14 20:00:00+00:00,10074.307179053383
2025-04-14 21:00:00+00:00,10074.307179053383
2025-04-14 22:00:00+00:00,10074.307179053383
2025-04-14 23:00:00+00:00,10074.307179053383
2025-04-15 00:00:00+00:00,10074.307179053383
2025-04-15 01:00:00+00:00,10074.307179053383
2025-04-15 02:00:00+00:00,10074.307179053383
2025-04-15 03:00:00+00:00,10074.307179053383
2025-04-15 04:00:00+00:00,10074.307179053383
2025-04-15 05:00:00+00:00,10074.307179053383
2025-04-15 06:00:00+00:00,10074.307179053383
2025-04-15 07:00:00+00:00,10074.307179053383
2025-04-15 08:00:00+00:00,10074.307179053383
2025-04-15 09:00:00+00:00,10074.307179053383
2025-04-15 10:00:00+00:00,10074.307179053383
2025-04-15 11:00:00+00:00,10074.307179053383
2025-04-15 12:00:00+00:00,10074.307179053383
2025-04-15 13:00:00+00:00,10074.307179053383
2025-04-15 14:00:00+00:00,10074.307179053383
2025-04-15 15:00:00+00:00,10074.307179053383
2025-04-15 16:00:00+00:00,10074.307179053383
2025-04-15 17:00:00+00:00,10074.307179053383
2025-04-15 18:00:00+00:00,10074.307179053383
2025-04-15 19:00:00+00:00,10074.307179053383
2025-04-15 20:00:00+00:00,10074.307179053383
2025-04-15 21:00:00+00:00,10074.307179053383
2025-04-15 22:00:00+00:00,10074.307179053383
2025-04-15 23:00:00+00:00,10074.307179053383
2025-04-16 00:00:00+00:00,10074.307179053383
2025-04-16 01:00:00+00:00,10074.307179053383
2025-04-16 02:00:00+00:00,10074.307179053383
2025-04-16 03:00:00+00:00,10074.307179053383
2025-04-16 04:00:00+00:00,10074.307179053383
2025-04-16 05:00:00+00:00,10074.307179053383
2025-04-16 06:00:00+00:00,10074.307179053383
2025-04-16 07:00:00+00:00,10074.307179053383
2025-04-16 08:00:00+00:00,10074.307179053383
2025-04-16 09:00:00+00:00,10074.307179053383
2025-04-16 10:00:00+00:00,10074.307179053383
2025-04-16 11:00:00+00:00,10074.307179053383
2025-04-16 12:00:00+00:00,10074.307179053383
2025-04-16 13:00:00+00:00,10074.307179053383
2025-04-16 14:00:00+00:00,10074.307179053383
2025-04-16 15:00:00+00:00,10074.307179053383
2025-04-16 16:00:00+00:00,10074.307179053383
2025-04-16 17:00:00+00:00,10074.307179053383
2025-04-16 18:00:00+00:00,10074.307179053383
2025-04-16 19:00:00+00:00,10074.307179053383
2025-04-16 20:00:00+00:00,10074.307179053383
2025-04-16 21:00:00+00:00,10074.307179053383
2025-04-16 22:00:00+00:00,10074.307179053383
2025-04-16 23:00:00+00:00,10074.307179053383
2025-04-17 00:00:00+00:00,10074.307179053383
2025-04-17 01:00:00+00:00,10074.307179053383
2025-04-17 02:00:00+00:00,10074.307179053383
2025-04-17 03:00:00+00:00,10074.307179053383
2025-04-17 04:00:00+00:00,10074.307179053383
2025-04-17 05:00:00+00:00,10074.307179053383
2025-04-17 06:00:00+00:00,10074.307179053383
2025-04-17 07:00:00+00:00,10074.307179053383
2025-04-17 08:00:00+00:00,10074.307179053383
2025-04-17 09:00:00+00:00,10074.307179053383
2025-04-17 10:00:00+00:00,10074.307179053383
2025-04-17 11:00:00+00:00,10074.307179053383
2025-04-17 12:00:00+00:00,10074.307179053383
2025-04-17 13:00:00+00:00,10074.307179053383
2025-04-17 14:00:00+00:00,10074.307179053383
2025-04-17 15:00:00+00:00,10074.307179053383
2025-04-17 16:00:00+00:00,10074.307179053383
2025-04-17 17:00:00+00:00,10074.307179053383
2025-04-17 18:00:00+00:00,10074.307179053383
2025-04-17 19:00:00+00:00,10074.307179053383
2025-04-17 20:00:00+00:00,10074.307179053383
2025-04-17 21:00:00+00:00,10074.307179053383
2025-04-17 22:00:00+00:00,10074.307179053383
2025-04-17 23:00:00+00:00,10074.307179053383
2025-04-18 00:00:00+00:00,10074.307179053383
2025-04-18 01:00:00+00:00,10074.307179053383
2025-04-18 02:00:00+00:00,10074.307179053383
2025-04-18 03:00:00+00:00,10074.307179053383
2025-04-18 04:00:00+00:00,10074.307179053383
2025-04-18 05:00:00+00:00,10074.307179053383
2025-04-18 06:00:00+00:00,10074.307179053383
2025-04-18 07:00:00+00:00,10074.307179053383
2025-04-18 08:00:00+00:00,10074.307179053383
2025-04-18 09:00:00+00:00,10074.307179053383
2025-04-18 10:00:00+00:00,10074.307179053383
2025-04-18 11:00:00+00:00,10074.307179053383
2025-04-18 12:00:00+00:00,10074.307179053383
2025-04-18 13:00:00+00:00,10074.307179053383
2025-04-18 14:00:00+00:00,10074.307179053383
2025-04-18 15:00:00+00:00,10074.307179053383
2025-04-18 16:00:00+00:00,10074.307179053383
2025-04-18 17:00:00+00:00,10074.307179053383
2025-04-18 18:00:00+00:00,10074.307179053383
2025-04-18 19:00:00+00:00,10074.307179053383
2025-04-18 20:00:00+00:00,10074.307179053383
2025-04-18 21:00:00+00:00,10074.307179053383
2025-04-18 22:00:00+00:00,10074.307179053383
2025-04-18 23:00:00+00:00,10074.307179053383
2025-04-19 00:00:00+00:00,10074.307179053383
2025-04-19 01:00:00+00:00,10074.307179053383
2025-04-19 02:00:00+00:00,10074.307179053383
2025-04-19 03:00:00+00:00,10074.307179053383
2025-04-19 04:00:00+00:00,10074.307179053383
2025-04-19 05:00:00+00:00,10074.307179053383
2025-04-19 06:00:00+00:00,10074.307179053383
2025-04-19 07:00:00+00:00,10074.307179053383
2025-04-19 08:00:00+00:00,10074.307179053383
2025-04-19 09:00:00+00:00,10074.307179053383
2025-04-19 10:00:00+00:00,10074.307179053383
2025-04-19 11:00:00+00:00,10074.307179053383
2025-04-19 12:00:00+00:00,10074.307179053383
2025-04-19 13:00:00+00:00,10074.307179053383
2025-04-19 14:00:00+00:00,10074.307179053383
2025-04-19 15:00:00+00:00,10074.307179053383
2025-04-19 16:00:00+00:00,10074.307179053383
2025-04-19 17:00:00+00:00,10074.307179053383
2025-04-19 18:00:00+00:00,10074.307179053383
2025-04-19 19:00:00+00:00,10074.307179053383
2025-04-19 20:00:00+00:00,10074.307179053383
2025-04-19 21:00:00+00:00,10074.307179053383
2025-04-19 22:00:00+00:00,10074.307179053383
2025-04-19 23:00:00+00:00,10074.307179053383
2025-04-20 00:00:00+00:00,10074.307179053383
2025-04-20 01:00:00+00:00,10074.307179053383
2025-04-20 02:00:00+00:00,10074.307179053383
2025-04-20 03:00:00+00:00,10074.307179053383
2025-04-20 04:00:00+00:00,10074.307179053383
2025-04-20 05:00:00+00:00,10074.307179053383
2025-04-20 06:00:00+00:00,10074.307179053383
2025-04-20 07:00:00+00:00,10074.307179053383
2025-04-20 08:00:00+00:00,10074.307179053383
2025-04-20 09:00:00+00:00,10074.307179053383
2025-04-20 10:00:00+00:00,10074.307179053383
2025-04-20 11:00:00+00:00,10074.307179053383
2025-04-20 12:00:00+00:00,10074.307179053383
2025-04-20 13:00:00+00:00,10074.307179053383
2025-04-20 14:00:00+00:00,10074.307179053383
2025-04-20 15:00:00+00:00,10074.307179053383
2025-04-20 16:00:00+00:00,10074.307179053383
2025-04-20 17:00:00+00:00,10074.307179053383
2025-04-20 18:00:00+00:00,10074.307179053383
2025-04-20 19:00:00+00:00,10074.307179053383
2025-04-20 20:00:00+00:00,10074.307179053383
2025-04-20 21:00:00+00:00,10074.307179053383
2025-04-20 22:00:00+00:00,10074.307179053383
2025-04-20 23:00:00+00:00,10074.307179053383
2025-04-21 00:00:00+00:00,10074.307179053383
2025-04-21 01:00:00+00:00,10074.307179053383
2025-04-21 02:00:00+00:00,10136.688942356013
2025-04-21 03:00:00+00:00,10144.722242356014
2025-04-21 04:00:00+00:00,10128.840942356013
2025-04-21 05:00:00+00:00,10144.776742356014
2025-04-21 06:00:00+00:00,10165.159742356014
2025-04-21 07:00:00+00:00,10161.900642356015
2025-04-21 08:00:00+00:00,10154.510442356013
2025-04-21 09:00:00+00:00,10166.52047868472
2025-04-21 10:00:00+00:00,10160.06767868472
2025-04-21 11:00:00+00:00,10142.06087868472
2025-04-21 12:00:00+00:00,10066.791352520859
2025-04-21 13:00:00+00:00,10066.791352520859
2025-04-21 14:00:00+00:00,10066.791352520859
2025-04-21 15:00:00+00:00,10066.791352520859
2025-04-21 16:00:00+00:00,10046.496032329875
2025-04-21 17:00:00+00:00,9972.97435072582
2025-04-21 18:00:00+00:00,9946.403529036921
2025-04-21 19:00:00+00:00,9946.403529036921
2025-04-21 20:00:00+00:00,9946.403529036921
2025-04-21 21:00:00+00:00,9946.403529036921
2025-04-21 22:00:00+00:00,9946.403529036921
2025-04-21 23:00:00+00:00,9946.403529036921
2025-04-22 00:00:00+00:00,9946.403529036921
2025-04-22 01:00:00+00:00,9946.403529036921
2025-04-22 02:00:00+00:00,9946.403529036921
2025-04-22 03:00:00+00:00,9946.403529036921
2025-04-22 04:00:00+00:00,9946.403529036921
2025-04-22 05:00:00+00:00,9946.403529036921
2025-04-22 06:00:00+00:00,9946.403529036921
2025-04-22 07:00:00+00:00,9946.403529036921
2025-04-22 08:00:00+00:00,9946.403529036921
2025-04-22 09:00:00+00:00,9946.403529036921
2025-04-22 10:00:00+00:00,9946.403529036921
2025-04-22 11:00:00+00:00,9946.403529036921
2025-04-22 12:00:00+00:00,9946.403529036921
2025-04-22 13:00:00+00:00,9946.403529036921
2025-04-22 14:00:00+00:00,10049.900028298682
2025-04-22 15:00:00+00:00,10097.37602829868
2025-04-22 16:00:00+00:00,10110.58482829868
2025-04-22 17:00:00+00:00,10090.032240203473
2025-04-22 18:00:00+00:00,10150.417840203472
2025-04-22 19:00:00+00:00,10161.294640203472
2025-04-22 20:00:00+00:00,10152.477040203472
2025-04-22 21:00:00+00:00,10124.669040203473
2025-04-22 22:00:00+00:00,10213.638091097506
2025-04-22 23:00:00+00:00,10193.467817710483
2025-04-23 00:00:00+00:00,10232.478617710483
2025-04-23 01:00:00+00:00,10200.958096005308
2025-04-23 02:00:00+00:00,10185.06939600531
2025-04-23 03:00:00+00:00,10198.75739600531
2025-04-23 04:00:00+00:00,10215.96769600531
2025-04-23 05:00:00+00:00,10244.269996005309
2025-04-23 06:00:00+00:00,10234.62349600531
2025-04-23 07:00:00+00:00,10242.346596005309
2025-04-23 08:00:00+00:00,10272.672596005308
2025-04-23 09:00:00+00:00,10280.051776412094
2025-04-23 10:00:00+00:00,10257.425276412096
2025-04-23 11:00:00+00:00,10248.374676412095
2025-04-23 12:00:00+00:00,10232.898976412094
2025-04-23 13:00:00+00:00,10247.619476412096
2025-04-23 14:00:00+00:00,10206.508276412094
2025-04-23 15:00:00+00:00,10185.65814185709
2025-04-23 16:00:00+00:00,10185.65814185709
2025-04-23 17:00:00+00:00,10185.65814185709
2025-04-23 18:00:00+00:00,10185.65814185709
2025-04-23 19:00:00+00:00,10185.65814185709
2025-04-23 20:00:00+00:00,10185.65814185709
2025-04-23 21:00:00+00:00,10185.65814185709
2025-04-23 22:00:00+00:00,10185.65814185709
2025-04-23 23:00:00+00:00,10185.65814185709
2025-04-24 00:00:00+00:00,10185.65814185709
2025-04-24 01:00:00+00:00,10185.65814185709
2025-04-24 02:00:00+00:00,10185.65814185709
2025-04-24 03:00:00+00:00,10185.65814185709
2025-04-24 04:00:00+00:00,10185.65814185709
2025-04-24 05:00:00+00:00,10185.65814185709
2025-04-24 06:00:00+00:00,10185.65814185709
2025-04-24 07:00:00+00:00,10185.65814185709
2025-04-24 08:00:00+00:00,10185.65814185709
2025-04-24 09:00:00+00:00,10185.65814185709
2025-04-24 10:00:00+00:00,10185.65814185709
2025-04-24 11:00:00+00:00,10185.65814185709
2025-04-24 12:00:00+00:00,10185.65814185709
2025-04-24 13:00:00+00:00,10185.65814185709
2025-04-24 14:00:00+00:00,10185.65814185709
2025-04-24 15:00:00+00:00,10185.65814185709
2025-04-24 16:00:00+00:00,10185.65814185709
2025-04-24 17:00:00+00:00,10185.65814185709
2025-04-24 18:00:00+00:00,10185.65814185709
2025-04-24 19:00:00+00:00,10185.65814185709
2025-04-24 20:00:00+00:00,10185.65814185709
2025-04-24 21:00:00+00:00,10185.65814185709
2025-04-24 22:00:00+00:00,10185.65814185709
2025-04-24 23:00:00+00:00,10185.65814185709
2025-04-25 00:00:00+00:00,10185.65814185709
2025-04-25 01:00:00+00:00,10185.65814185709
2025-04-25 02:00:00+00:00,10185.65814185709
2025-04-25 03:00:00+00:00,10185.65814185709
2025-04-25 04:00:00+00:00,10185.65814185709
2025-04-25 05:00:00+00:00,10185.65814185709
2025-04-25 06:00:00+00:00,10185.65814185709
2025-04-25 07:00:00+00:00,10185.65814185709
2025-04-25 08:00:00+00:00,10185.65814185709
2025-04-25 09:00:00+00:00,10185.65814185709
2025-04-25 10:00:00+00:00,10185.65814185709
2025-04-25 11:00:00+00:00,10185.65814185709
2025-04-25 12:00:00+00:00,10185.65814185709
2025-04-25 13:00:00+00:00,10185.65814185709
2025-04-25 14:00:00+00:00,10185.65814185709
2025-04-25 15:00:00+00:00,10185.65814185709
2025-04-25 16:00:00+00:00,10155.79187736159
2025-04-25 17:00:00+00:00,10167.249011932408
2025-04-25 18:00:00+00:00,10116.151511932409
2025-04-25 19:00:00+00:00,10148.889011932408
2025-04-25 20:00:00+00:00,10172.101511932407
2025-04-25 21:00:00+00:00,10140.646511932408
2025-04-25 22:00:00+00:00,10121.071511932409
2025-04-25 23:00:00+00:00,10139.131511932408
2025-04-26 00:00:00+00:00,10124.281511932408
2025-04-26 01:00:00+00:00,10143.611727075586
2025-04-26 02:00:00+00:00,10151.981727075587
2025-04-26 03:00:00+00:00,10149.761727075585
2025-04-26 04:00:00+00:00,10131.716727075585
2025-04-26 05:00:00+00:00,10116.829227075585
2025-04-26 06:00:00+00:00,10123.504227075586
2025-04-26 07:00:00+00:00,10124.111727075586
2025-04-26 08:00:00+00:00,10117.841727075585
2025-04-26 09:00:00+00:00,10099.027854825586
2025-04-26 10:00:00+00:00,10096.552854825586
2025-04-26 11:00:00+00:00,10091.310354825588
2025-04-26 12:00:00+00:00,10086.967854825587
2025-04-26 13:00:00+00:00,10093.897854825587
2025-04-26 14:00:00+00:00,10063.757882309776
2025-04-26 15:00:00+00:00,10063.757882309776
2025-04-26 16:00:00+00:00,10063.757882309776
2025-04-26 17:00:00+00:00,10063.757882309776
2025-04-26 18:00:00+00:00,10063.757882309776
2025-04-26 19:00:00+00:00,10063.757882309776
2025-04-26 20:00:00+00:00,10063.757882309776
2025-04-26 21:00:00+00:00,10063.757882309776
2025-04-26 22:00:00+00:00,10063.757882309776
2025-04-26 23:00:00+00:00,10063.757882309776
2025-04-27 00:00:00+00:00,10063.757882309776
2025-04-27 01:00:00+00:00,10063.757882309776
2025-04-27 02:00:00+00:00,10063.757882309776
2025-04-27 03:00:00+00:00,10063.757882309776
2025-04-27 04:00:00+00:00,10063.757882309776
2025-04-27 05:00:00+00:00,10063.757882309776
2025-04-27 06:00:00+00:00,10063.757882309776
2025-04-27 07:00:00+00:00,10063.757882309776
2025-04-27 08:00:00+00:00,10063.757882309776
2025-04-27 09:00:00+00:00,10063.757882309776
2025-04-27 10:00:00+00:00,10063.757882309776
2025-04-27 11:00:00+00:00,10063.757882309776
2025-04-27 12:00:00+00:00,10063.757882309776
2025-04-27 13:00:00+00:00,10063.757882309776
2025-04-27 14:00:00+00:00,10063.757882309776
2025-04-27 15:00:00+00:00,10063.757882309776
2025-04-27 16:00:00+00:00,10063.757882309776
2025-04-27 17:00:00+00:00,10063.757882309776
2025-04-27 18:00:00+00:00,10063.757882309776
2025-04-27 19:00:00+00:00,10063.757882309776
2025-04-27 20:00:00+00:00,10063.757882309776
2025-04-27 21:00:00+00:00,10063.757882309776
2025-04-27 22:00:00+00:00,10063.757882309776
2025-04-27 23:00:00+00:00,10063.757882309776
2025-04-28 00:00:00+00:00,10063.757882309776
2025-04-28 01:00:00+00:00,10063.757882309776
2025-04-28 02:00:00+00:00,10063.757882309776
2025-04-28 03:00:00+00:00,10063.757882309776
2025-04-28 04:00:00+00:00,10063.757882309776
2025-04-28 05:00:00+00:00,10063.757882309776
2025-04-28 06:00:00+00:00,10063.757882309776
2025-04-28 07:00:00+00:00,10063.757882309776
2025-04-28 08:00:00+00:00,10063.757882309776
2025-04-28 09:00:00+00:00,10063.757882309776
2025-04-28 10:00:00+00:00,10063.757882309776
2025-04-28 11:00:00+00:00,10063.757882309776
2025-04-28 12:00:00+00:00,10063.757882309776
2025-04-28 13:00:00+00:00,10063.757882309776
2025-04-28 14:00:00+00:00,10063.757882309776
2025-04-28 15:00:00+00:00,10063.757882309776
2025-04-28 16:00:00+00:00,10063.757882309776
2025-04-28 17:00:00+00:00,10063.757882309776
2025-04-28 18:00:00+00:00,10063.757882309776
2025-04-28 19:00:00+00:00,10063.757882309776
2025-04-28 20:00:00+00:00,10063.757882309776
2025-04-28 21:00:00+00:00,10063.757882309776
2025-04-28 22:00:00+00:00,10063.757882309776
2025-04-28 23:00:00+00:00,10063.757882309776
2025-04-29 00:00:00+00:00,10063.757882309776
2025-04-29 01:00:00+00:00,10063.757882309776
2025-04-29 02:00:00+00:00,10063.757882309776
2025-04-29 03:00:00+00:00,10063.757882309776
2025-04-29 04:00:00+00:00,10063.757882309776
2025-04-29 05:00:00+00:00,10063.757882309776
2025-04-29 06:00:00+00:00,10063.757882309776
2025-04-29 07:00:00+00:00,10063.757882309776
2025-04-29 08:00:00+00:00,10063.757882309776
2025-04-29 09:00:00+00:00,10063.757882309776
2025-04-29 10:00:00+00:00,10063.757882309776
2025-04-29 11:00:00+00:00,10063.757882309776
2025-04-29 12:00:00+00:00,10063.757882309776
2025-04-29 13:00:00+00:00,10063.757882309776
2025-04-29 14:00:00+00:00,10063.757882309776
2025-04-29 15:00:00+00:00,10063.757882309776
2025-04-29 16:00:00+00:00,10063.757882309776
2025-04-29 17:00:00+00:00,10063.757882309776
2025-04-29 18:00:00+00:00,10063.757882309776
2025-04-29 19:00:00+00:00,10063.757882309776
2025-04-29 20:00:00+00:00,10063.757882309776
2025-04-29 21:00:00+00:00,10063.757882309776
2025-04-29 22:00:00+00:00,10063.757882309776
2025-04-29 23:00:00+00:00,10063.757882309776
2025-04-30 00:00:00+00:00,10063.757882309776
2025-04-30 01:00:00+00:00,10063.757882309776
2025-04-30 02:00:00+00:00,10063.757882309776
2025-04-30 03:00:00+00:00,10063.757882309776
2025-04-30 04:00:00+00:00,10063.757882309776
2025-04-30 05:00:00+00:00,10063.757882309776
2025-04-30 06:00:00+00:00,10063.757882309776
2025-04-30 07:00:00+00:00,10063.757882309776
2025-04-30 08:00:00+00:00,10063.757882309776
2025-04-30 09:00:00+00:00,10063.757882309776
2025-04-30 10:00:00+00:00,10063.757882309776
2025-04-30 11:00:00+00:00,10063.757882309776
2025-04-30 12:00:00+00:00,10063.757882309776
2025-04-30 13:00:00+00:00,10063.757882309776
2025-04-30 14:00:00+00:00,10063.757882309776
2025-04-30 15:00:00+00:00,10063.757882309776
2025-04-30 16:00:00+00:00,10063.757882309776
2025-04-30 17:00:00+00:00,10063.757882309776
2025-04-30 18:00:00+00:00,10063.757882309776
2025-04-30 19:00:00+00:00,10063.757882309776
2025-04-30 20:00:00+00:00,10063.757882309776
2025-04-30 21:00:00+00:00,10063.757882309776
2025-04-30 22:00:00+00:00,10063.757882309776
2025-04-30 23:00:00+00:00,10063.757882309776
2025-05-01 00:00:00+00:00,10063.757882309776
2025-05-01 01:00:00+00:00,10063.757882309776
2025-05-01 02:00:00+00:00,10063.757882309776
2025-05-01 03:00:00+00:00,10063.757882309776
2025-05-01 04:00:00+00:00,10063.757882309776
2025-05-01 05:00:00+00:00,10063.757882309776
2025-05-01 06:00:00+00:00,10063.757882309776
2025-05-01 07:00:00+00:00,10063.757882309776
2025-05-01 08:00:00+00:00,10063.757882309776
2025-05-01 09:00:00+00:00,10063.757882309776
2025-05-01 10:00:00+00:00,10063.757882309776
2025-05-01 11:00:00+00:00,10063.757882309776
2025-05-01 12:00:00+00:00,10055.54246559829
2025-05-01 13:00:00+00:00,10073.32406559829
2025-05-01 14:00:00+00:00,10021.35566559829
2025-05-01 15:00:00+00:00,10115.983165598289
2025-05-01 16:00:00+00:00,10118.22446559829
2025-05-01 17:00:00+00:00,10133.60469877212
2025-05-01 18:00:00+00:00,10114.18629877212
2025-05-01 19:00:00+00:00,10120.09179877212
2025-05-01 20:00:00+00:00,10089.21579877212
2025-05-01 21:00:00+00:00,10078.36269877212
2025-05-01 22:00:00+00:00,10083.626498772119
2025-05-01 23:00:00+00:00,10075.507598772121
2025-05-02 00:00:00+00:00,10084.87269877212
2025-05-02 01:00:00+00:00,10135.284402055593
2025-05-02 02:00:00+00:00,10129.323102055592
2025-05-02 03:00:00+00:00,10127.816502055593
2025-05-02 04:00:00+00:00,10141.403802055593
2025-05-02 05:00:00+00:00,10126.468002055593
2025-05-02 06:00:00+00:00,10105.133802055592
2025-05-02 07:00:00+00:00,10106.538102055592
2025-05-02 08:00:00+00:00,10073.244102055593
2025-05-02 09:00:00+00:00,10098.230340212793
2025-05-02 10:00:00+00:00,10095.663540212792
2025-05-02 11:00:00+00:00,10123.191540212792
2025-05-02 12:00:00+00:00,10124.037840212794
2025-05-02 13:00:00+00:00,10148.673540212792
2025-05-02 14:00:00+00:00,10109.250840212793
2025-05-02 15:00:00+00:00,10199.646840212792
2025-05-02 16:00:00+00:00,10160.949540212792
2025-05-02 17:00:00+00:00,10164.095847894077
2025-05-02 18:00:00+00:00,10167.983247894077
2025-05-02 19:00:00+00:00,10147.616247894077
2025-05-02 20:00:00+00:00,10123.129347894077
2025-05-02 21:00:00+00:00,10132.829247894078
2025-05-02 22:00:00+00:00,10097.660878159826
2025-05-02 23:00:00+00:00,10097.660878159826
2025-05-03 00:00:00+00:00,10097.660878159826
2025-05-03 01:00:00+00:00,10097.660878159826
2025-05-03 02:00:00+00:00,10097.660878159826
2025-05-03 03:00:00+00:00,10097.660878159826
2025-05-03 04:00:00+00:00,10097.660878159826
2025-05-03 05:00:00+00:00,10097.660878159826
2025-05-03 06:00:00+00:00,10097.660878159826
2025-05-03 07:00:00+00:00,10097.660878159826
2025-05-03 08:00:00+00:00,10097.660878159826
2025-05-03 09:00:00+00:00,10097.660878159826
2025-05-03 10:00:00+00:00,10097.660878159826
2025-05-03 11:00:00+00:00,10097.660878159826
2025-05-03 12:00:00+00:00,10097.660878159826
2025-05-03 13:00:00+00:00,10097.660878159826
2025-05-03 14:00:00+00:00,10097.660878159826
2025-05-03 15:00:00+00:00,10097.660878159826
2025-05-03 16:00:00+00:00,10097.660878159826
2025-05-03 17:00:00+00:00,10097.660878159826
2025-05-03 18:00:00+00:00,10097.660878159826
2025-05-03 19:00:00+00:00,10097.660878159826
2025-05-03 20:00:00+00:00,10097.660878159826
2025-05-03 21:00:00+00:00,10097.660878159826
2025-05-03 22:00:00+00:00,10097.660878159826
2025-05-03 23:00:00+00:00,10097.660878159826
2025-05-04 00:00:00+00:00,10097.660878159826
2025-05-04 01:00:00+00:00,10097.660878159826
2025-05-04 02:00:00+00:00,10097.660878159826
2025-05-04 03:00:00+00:00,10097.660878159826
2025-05-04 04:00:00+00:00,10097.660878159826
2025-05-04 05:00:00+00:00,10097.660878159826
2025-05-04 06:00:00+00:00,10097.660878159826
2025-05-04 07:00:00+00:00,10097.660878159826
2025-05-04 08:00:00+00:00,10097.660878159826
2025-05-04 09:00:00+00:00,10097.660878159826
2025-05-04 10:00:00+00:00,10097.660878159826
2025-05-04 11:00:00+00:00,10097.660878159826
2025-05-04 12:00:00+00:00,10097.660878159826
2025-05-04 13:00:00+00:00,10097.660878159826
2025-05-04 14:00:00+00:00,10097.660878159826
2025-05-04 15:00:00+00:00,10097.660878159826
2025-05-04 16:00:00+00:00,10097.660878159826
2025-05-04 17:00:00+00:00,10097.660878159826
2025-05-04 18:00:00+00:00,10097.660878159826
2025-05-04 19:00:00+00:00,10097.660878159826
2025-05-04 20:00:00+00:00,10097.660878159826
2025-05-04 21:00:00+00:00,10097.660878159826
2025-05-04 22:00:00+00:00,10097.660878159826
2025-05-04 23:00:00+00:00,10097.660878159826
2025-05-05 00:00:00+00:00,10097.660878159826
2025-05-05 01:00:00+00:00,10097.660878159826
2025-05-05 02:00:00+00:00,10097.660878159826
2025-05-05 03:00:00+00:00,10097.660878159826
2025-05-05 04:00:00+00:00,10097.660878159826
2025-05-05 05:00:00+00:00,10097.660878159826
2025-05-05 06:00:00+00:00,10097.660878159826
2025-05-05 07:00:00+00:00,10097.660878159826
2025-05-05 08:00:00+00:00,10097.660878159826
2025-05-05 09:00:00+00:00,10097.660878159826
2025-05-05 10:00:00+00:00,10097.660878159826
2025-05-05 11:00:00+00:00,10097.660878159826
2025-05-05 12:00:00+00:00,10097.660878159826
2025-05-05 13:00:00+00:00,10097.660878159826
2025-05-05 14:00:00+00:00,10097.660878159826
2025-05-05 15:00:00+00:00,10097.660878159826
2025-05-05 16:00:00+00:00,10097.660878159826
2025-05-05 17:00:00+00:00,10097.660878159826
2025-05-05 18:00:00+00:00,10097.660878159826
2025-05-05 19:00:00+00:00,10097.660878159826
2025-05-05 20:00:00+00:00,10097.660878159826
2025-05-05 21:00:00+00:00,10097.660878159826
2025-05-05 22:00:00+00:00,10097.660878159826
2025-05-05 23:00:00+00:00,10097.660878159826
2025-05-06 00:00:00+00:00,10097.660878159826
2025-05-06 01:00:00+00:00,10097.660878159826
2025-05-06 02:00:00+00:00,10097.660878159826
2025-05-06 03:00:00+00:00,10097.660878159826
2025-05-06 04:00:00+00:00,10097.660878159826
2025-05-06 05:00:00+00:00,10097.660878159826
2025-05-06 06:00:00+00:00,10097.660878159826
2025-05-06 07:00:00+00:00,10097.660878159826
2025-05-06 08:00:00+00:00,10097.660878159826
2025-05-06 09:00:00+00:00,10097.660878159826
2025-05-06 10:00:00+00:00,10097.660878159826
2025-05-06 11:00:00+00:00,10097.660878159826
2025-05-06 12:00:00+00:00,10097.660878159826
2025-05-06 13:00:00+00:00,10097.660878159826
2025-05-06 14:00:00+00:00,10097.660878159826
2025-05-06 15:00:00+00:00,10097.660878159826
2025-05-06 16:00:00+00:00,10097.660878159826
2025-05-06 17:00:00+00:00,10097.660878159826
2025-05-06 18:00:00+00:00,10097.660878159826
2025-05-06 19:00:00+00:00,10097.660878159826
2025-05-06 20:00:00+00:00,10097.660878159826
2025-05-06 21:00:00+00:00,10097.660878159826
2025-05-06 22:00:00+00:00,10097.660878159826
2025-05-06 23:00:00+00:00,10097.660878159826
2025-05-07 00:00:00+00:00,10097.660878159826
2025-05-07 01:00:00+00:00,10097.660878159826
2025-05-07 02:00:00+00:00,10097.660878159826
2025-05-07 03:00:00+00:00,10097.660878159826
2025-05-07 04:00:00+00:00,10097.660878159826
2025-05-07 05:00:00+00:00,10097.660878159826
2025-05-07 06:00:00+00:00,10097.660878159826
2025-05-07 07:00:00+00:00,10097.660878159826
2025-05-07 08:00:00+00:00,10097.660878159826
2025-05-07 09:00:00+00:00,10097.660878159826
2025-05-07 10:00:00+00:00,10097.660878159826
2025-05-07 11:00:00+00:00,10097.660878159826
2025-05-07 12:00:00+00:00,10097.660878159826
2025-05-07 13:00:00+00:00,10097.660878159826
2025-05-07 14:00:00+00:00,10097.660878159826
2025-05-07 15:00:00+00:00,10097.660878159826
2025-05-07 16:00:00+00:00,10097.660878159826
2025-05-07 17:00:00+00:00,10097.660878159826
2025-05-07 18:00:00+00:00,10097.660878159826
2025-05-07 19:00:00+00:00,10097.660878159826
2025-05-07 20:00:00+00:00,10097.660878159826
2025-05-07 21:00:00+00:00,10097.660878159826
2025-05-07 22:00:00+00:00,10097.660878159826
2025-05-07 23:00:00+00:00,10097.660878159826
2025-05-08 00:00:00+00:00,10097.660878159826
2025-05-08 01:00:00+00:00,10097.660878159826
2025-05-08 02:00:00+00:00,10097.660878159826
2025-05-08 03:00:00+00:00,10097.660878159826
2025-05-08 04:00:00+00:00,10127.214652148026
2025-05-08 05:00:00+00:00,10112.561552148027
2025-05-08 06:00:00+00:00,10096.745752148026
2025-05-08 07:00:00+00:00,10119.129652148027
2025-05-08 08:00:00+00:00,10135.630752148027
2025-05-08 09:00:00+00:00,10165.967121288028
2025-05-08 10:00:00+00:00,10176.015621288028
2025-05-08 11:00:00+00:00,10175.699921288027
2025-05-08 12:00:00+00:00,10146.971221288028
2025-05-08 13:00:00+00:00,10138.316421288027
2025-05-08 14:00:00+00:00,10138.116221288028
2025-05-08 15:00:00+00:00,10143.952821288027
2025-05-08 16:00:00+00:00,10251.760521288028
2025-05-08 17:00:00+00:00,10290.174460490965
2025-05-08 18:00:00+00:00,10270.778160490967
2025-05-08 19:00:00+00:00,10296.734860490966
2025-05-08 20:00:00+00:00,10292.268860490965
2025-05-08 21:00:00+00:00,10368.94870929573
2025-05-08 22:00:00+00:00,10377.812715391747
2025-05-08 23:00:00+00:00,10391.136615391746
2025-05-09 00:00:00+00:00,10408.041615391747
2025-05-09 01:00:00+00:00,10375.368500791747
2025-05-09 02:00:00+00:00,10395.537200791747
2025-05-09 03:00:00+00:00,10362.603500791745
2025-05-09 04:00:00+00:00,10351.025300791747
2025-05-09 05:00:00+00:00,10377.369500791747
2025-05-09 06:00:00+00:00,10386.346400791746
2025-05-09 07:00:00+00:00,10403.589500791746
2025-05-09 08:00:00+00:00,10433.280200791747
2025-05-09 09:00:00+00:00,10386.873490411746
2025-05-09 10:00:00+00:00,10383.333790411747
2025-05-09 11:00:00+00:00,10412.265490411746
2025-05-09 12:00:00+00:00,10384.182490411746
2025-05-09 13:00:00+00:00,10380.394390411746
2025-05-09 14:00:00+00:00,10429.487890411747
2025-05-09 15:00:00+00:00,10397.354590411745
2025-05-09 16:00:00+00:00,10380.007990411747
2025-05-09 17:00:00+00:00,10351.450719440705
2025-05-09 18:00:00+00:00,10401.551619440705
2025-05-09 19:00:00+00:00,10398.998619440705
2025-05-09 20:00:00+00:00,10399.971519440705
2025-05-09 21:00:00+00:00,10399.964619440705
2025-05-09 22:00:00+00:00,10386.488919440706
2025-05-09 23:00:00+00:00,10372.978719440705
2025-05-10 00:00:00+00:00,10386.737319440705
2025-05-10 01:00:00+00:00,10377.266758314672
2025-05-10 02:00:00+00:00,10384.870558314671
2025-05-10 03:00:00+00:00,10396.793758314672
2025-05-10 04:00:00+00:00,10402.217158314672
2025-05-10 05:00:00+00:00,10398.422158314672
2025-05-10 06:00:00+00:00,10411.766758314672
2025-05-10 07:00:00+00:00,10452.945958314673
2025-05-10 08:00:00+00:00,10440.408658314673
2025-05-10 09:00:00+00:00,10429.951873317006
2025-05-10 10:00:00+00:00,10440.274273317007
2025-05-10 11:00:00+00:00,10427.529973317007
2025-05-10 12:00:00+00:00,10416.917773317007
2025-05-10 13:00:00+00:00,10435.195873317007
2025-05-10 14:00:00+00:00,10430.979973317008
2025-05-10 15:00:00+00:00,10423.245073317006
2025-05-10 16:00:00+00:00,10395.127573317008
2025-05-10 17:00:00+00:00,10416.896492337008
2025-05-10 18:00:00+00:00,10398.018092337006
2025-05-10 19:00:00+00:00,10402.268492337007
2025-05-10 20:00:00+00:00,10399.667192337007
2025-05-10 21:00:00+00:00,10399.059992337006
2025-05-10 22:00:00+00:00,10437.575792337007
2025-05-10 23:00:00+00:00,10426.321892337008
2025-05-11 00:00:00+00:00,10511.964692337007
2025-05-11 01:00:00+00:00,10484.152259967006
2025-05-11 02:00:00+00:00,10463.693759967005
2025-05-11 03:00:00+00:00,10435.64448597045
2025-05-11 04:00:00+00:00,10435.64448597045
2025-05-11 05:00:00+00:00,10435.64448597045
2025-05-11 06:00:00+00:00,10435.64448597045
2025-05-11 07:00:00+00:00,10435.64448597045
2025-05-11 08:00:00+00:00,10435.64448597045
2025-05-11 09:00:00+00:00,10435.64448597045
2025-05-11 10:00:00+00:00,10435.64448597045
2025-05-11 11:00:00+00:00,10435.64448597045
2025-05-11 12:00:00+00:00,10435.64448597045
2025-05-11 13:00:00+00:00,10435.64448597045
2025-05-11 14:00:00+00:00,10435.64448597045
2025-05-11 15:00:00+00:00,10435.64448597045
2025-05-11 16:00:00+00:00,10435.64448597045
2025-05-11 17:00:00+00:00,10435.64448597045
2025-05-11 18:00:00+00:00,10435.64448597045
2025-05-11 19:00:00+00:00,10435.64448597045
2025-05-11 20:00:00+00:00,10435.64448597045
2025-05-11 21:00:00+00:00,10435.64448597045
2025-05-11 22:00:00+00:00,10435.64448597045
2025-05-11 23:00:00+00:00,10435.64448597045
2025-05-12 00:00:00+00:00,10435.64448597045
2025-05-12 01:00:00+00:00,10435.64448597045
2025-05-12 02:00:00+00:00,10435.64448597045
2025-05-12 03:00:00+00:00,10435.64448597045
2025-05-12 04:00:00+00:00,10435.64448597045
2025-05-12 05:00:00+00:00,10435.64448597045
2025-05-12 06:00:00+00:00,10435.64448597045
2025-05-12 07:00:00+00:00,10435.64448597045
2025-05-12 08:00:00+00:00,10435.64448597045
2025-05-12 09:00:00+00:00,10435.64448597045
2025-05-12 10:00:00+00:00,10435.64448597045
2025-05-12 11:00:00+00:00,10435.64448597045
2025-05-12 12:00:00+00:00,10435.64448597045
2025-05-12 13:00:00+00:00,10435.64448597045
2025-05-12 14:00:00+00:00,10435.64448597045
2025-05-12 15:00:00+00:00,10435.64448597045
2025-05-12 16:00:00+00:00,10435.64448597045
2025-05-12 17:00:00+00:00,10435.64448597045
2025-05-12 18:00:00+00:00,10435.64448597045
2025-05-12 19:00:00+00:00,10435.64448597045
2025-05-12 20:00:00+00:00,10435.64448597045
2025-05-12 21:00:00+00:00,10435.64448597045
2025-05-12 22:00:00+00:00,10435.64448597045
2025-05-12 23:00:00+00:00,10435.64448597045
2025-05-13 00:00:00+00:00,10435.64448597045
2025-05-13 01:00:00+00:00,10435.64448597045
2025-05-13 02:00:00+00:00,10435.64448597045
2025-05-13 03:00:00+00:00,10435.64448597045
2025-05-13 04:00:00+00:00,10435.64448597045
2025-05-13 05:00:00+00:00,10435.64448597045
2025-05-13 06:00:00+00:00,10435.64448597045
2025-05-13 07:00:00+00:00,10435.64448597045
2025-05-13 08:00:00+00:00,10435.64448597045
2025-05-13 09:00:00+00:00,10435.64448597045
2025-05-13 10:00:00+00:00,10435.64448597045
2025-05-13 11:00:00+00:00,10435.64448597045
2025-05-13 12:00:00+00:00,10435.64448597045
2025-05-13 13:00:00+00:00,10435.64448597045
2025-05-13 14:00:00+00:00,10435.64448597045
2025-05-13 15:00:00+00:00,10435.64448597045
2025-05-13 16:00:00+00:00,10435.64448597045
2025-05-13 17:00:00+00:00,10435.64448597045
2025-05-13 18:00:00+00:00,10435.64448597045
2025-05-13 19:00:00+00:00,10435.64448597045
2025-05-13 20:00:00+00:00,10435.64448597045
2025-05-13 21:00:00+00:00,10435.64448597045
2025-05-13 22:00:00+00:00,10435.64448597045
2025-05-13 23:00:00+00:00,10435.64448597045
2025-05-14 00:00:00+00:00,10435.64448597045
2025-05-14 01:00:00+00:00,10435.64448597045
2025-05-14 02:00:00+00:00,10435.64448597045
2025-05-14 03:00:00+00:00,10435.64448597045
2025-05-14 04:00:00+00:00,10435.64448597045
2025-05-14 05:00:00+00:00,10435.64448597045
2025-05-14 06:00:00+00:00,10435.64448597045
2025-05-14 07:00:00+00:00,10435.64448597045
2025-05-14 08:00:00+00:00,10435.64448597045
2025-05-14 09:00:00+00:00,10435.64448597045
2025-05-14 10:00:00+00:00,10435.64448597045
2025-05-14 11:00:00+00:00,10435.64448597045
2025-05-14 12:00:00+00:00,10435.64448597045
2025-05-14 13:00:00+00:00,10435.64448597045
2025-05-14 14:00:00+00:00,10435.64448597045
2025-05-14 15:00:00+00:00,10435.64448597045
2025-05-14 16:00:00+00:00,10435.64448597045
2025-05-14 17:00:00+00:00,10435.64448597045
2025-05-14 18:00:00+00:00,10435.64448597045
2025-05-14 19:00:00+00:00,10435.64448597045
2025-05-14 20:00:00+00:00,10435.64448597045
2025-05-14 21:00:00+00:00,10435.64448597045
2025-05-14 22:00:00+00:00,10435.64448597045
2025-05-14 23:00:00+00:00,10435.64448597045
2025-05-15 00:00:00+00:00,10435.64448597045
2025-05-15 01:00:00+00:00,10435.64448597045
2025-05-15 02:00:00+00:00,10435.64448597045
2025-05-15 03:00:00+00:00,10435.64448597045
2025-05-15 04:00:00+00:00,10435.64448597045
2025-05-15 05:00:00+00:00,10435.64448597045
2025-05-15 06:00:00+00:00,10435.64448597045
2025-05-15 07:00:00+00:00,10435.64448597045
2025-05-15 08:00:00+00:00,10435.64448597045
2025-05-15 09:00:00+00:00,10435.64448597045
2025-05-15 10:00:00+00:00,10435.64448597045
2025-05-15 11:00:00+00:00,10435.64448597045
2025-05-15 12:00:00+00:00,10435.64448597045
2025-05-15 13:00:00+00:00,10435.64448597045
2025-05-15 14:00:00+00:00,10435.64448597045
2025-05-15 15:00:00+00:00,10435.64448597045
2025-05-15 16:00:00+00:00,10435.64448597045
2025-05-15 17:00:00+00:00,10435.64448597045
2025-05-15 18:00:00+00:00,10435.64448597045
2025-05-15 19:00:00+00:00,10435.64448597045
2025-05-15 20:00:00+00:00,10435.64448597045
2025-05-15 21:00:00+00:00,10435.64448597045
2025-05-15 22:00:00+00:00,10435.64448597045
2025-05-15 23:00:00+00:00,10435.64448597045
2025-05-16 00:00:00+00:00,10435.64448597045
2025-05-16 01:00:00+00:00,10435.64448597045
2025-05-16 02:00:00+00:00,10435.64448597045
2025-05-16 03:00:00+00:00,10435.64448597045
2025-05-16 04:00:00+00:00,10435.64448597045
2025-05-16 05:00:00+00:00,10435.64448597045
2025-05-16 06:00:00+00:00,10435.64448597045
2025-05-16 07:00:00+00:00,10435.64448597045
2025-05-16 08:00:00+00:00,10435.64448597045
2025-05-16 09:00:00+00:00,10435.64448597045
2025-05-16 10:00:00+00:00,10435.64448597045
2025-05-16 11:00:00+00:00,10435.64448597045
2025-05-16 12:00:00+00:00,10435.64448597045
2025-05-16 13:00:00+00:00,10435.64448597045
2025-05-16 14:00:00+00:00,10435.64448597045
2025-05-16 15:00:00+00:00,10435.64448597045
2025-05-16 16:00:00+00:00,10435.64448597045
2025-05-16 17:00:00+00:00,10435.64448597045
2025-05-16 18:00:00+00:00,10435.64448597045
2025-05-16 19:00:00+00:00,10435.64448597045
2025-05-16 20:00:00+00:00,10435.64448597045
2025-05-16 21:00:00+00:00,10435.64448597045
2025-05-16 22:00:00+00:00,10435.64448597045
2025-05-16 23:00:00+00:00,10435.64448597045
2025-05-17 00:00:00+00:00,10435.64448597045
2025-05-17 01:00:00+00:00,10435.64448597045
2025-05-17 02:00:00+00:00,10435.64448597045
2025-05-17 03:00:00+00:00,10435.64448597045
2025-05-17 04:00:00+00:00,10435.64448597045
2025-05-17 05:00:00+00:00,10435.64448597045
2025-05-17 06:00:00+00:00,10435.64448597045
2025-05-17 07:00:00+00:00,10435.64448597045
2025-05-17 08:00:00+00:00,10435.64448597045
2025-05-17 09:00:00+00:00,10435.64448597045
2025-05-17 10:00:00+00:00,10435.64448597045
2025-05-17 11:00:00+00:00,10435.64448597045
2025-05-17 12:00:00+00:00,10435.64448597045
2025-05-17 13:00:00+00:00,10435.64448597045
2025-05-17 14:00:00+00:00,10435.64448597045
2025-05-17 15:00:00+00:00,10435.64448597045
2025-05-17 16:00:00+00:00,10435.64448597045
2025-05-17 17:00:00+00:00,10435.64448597045
2025-05-17 18:00:00+00:00,10435.64448597045
2025-05-17 19:00:00+00:00,10435.64448597045
2025-05-17 20:00:00+00:00,10435.64448597045
2025-05-17 21:00:00+00:00,10435.64448597045
2025-05-17 22:00:00+00:00,10435.64448597045
2025-05-17 23:00:00+00:00,10435.64448597045
2025-05-18 00:00:00+00:00,10435.64448597045
2025-05-18 01:00:00+00:00,10435.64448597045
2025-05-18 02:00:00+00:00,10435.64448597045
2025-05-18 03:00:00+00:00,10435.64448597045
2025-05-18 04:00:00+00:00,10435.64448597045
2025-05-18 05:00:00+00:00,10435.64448597045
2025-05-18 06:00:00+00:00,10435.64448597045
2025-05-18 07:00:00+00:00,10435.64448597045
2025-05-18 08:00:00+00:00,10435.64448597045
2025-05-18 09:00:00+00:00,10435.64448597045
2025-05-18 10:00:00+00:00,10435.64448597045
2025-05-18 11:00:00+00:00,10435.64448597045
2025-05-18 12:00:00+00:00,10435.64448597045
2025-05-18 13:00:00+00:00,10435.64448597045
2025-05-18 14:00:00+00:00,10435.64448597045
2025-05-18 15:00:00+00:00,10435.64448597045
2025-05-18 16:00:00+00:00,10435.64448597045
2025-05-18 17:00:00+00:00,10435.64448597045
2025-05-18 18:00:00+00:00,10435.64448597045
2025-05-18 19:00:00+00:00,10435.64448597045
2025-05-18 20:00:00+00:00,10435.64448597045
2025-05-18 21:00:00+00:00,10435.64448597045
2025-05-18 22:00:00+00:00,10435.64448597045
2025-05-18 23:00:00+00:00,10435.64448597045
2025-05-19 00:00:00+00:00,10435.64448597045
2025-05-19 01:00:00+00:00,10348.52367186435
2025-05-19 02:00:00+00:00,10334.44697186435
2025-05-19 03:00:00+00:00,10307.02387186435
2025-05-19 04:00:00+00:00,10232.339546458727
2025-05-19 05:00:00+00:00,10232.339546458727
2025-05-19 06:00:00+00:00,10232.339546458727
2025-05-19 07:00:00+00:00,10232.339546458727
2025-05-19 08:00:00+00:00,10232.339546458727
2025-05-19 09:00:00+00:00,10232.339546458727
2025-05-19 10:00:00+00:00,10232.339546458727
2025-05-19 11:00:00+00:00,10232.339546458727
2025-05-19 12:00:00+00:00,10232.339546458727
2025-05-19 13:00:00+00:00,10232.339546458727
2025-05-19 14:00:00+00:00,10232.339546458727
2025-05-19 15:00:00+00:00,10232.339546458727
2025-05-19 16:00:00+00:00,10232.339546458727
2025-05-19 17:00:00+00:00,10232.339546458727
2025-05-19 18:00:00+00:00,10232.339546458727
2025-05-19 19:00:00+00:00,10232.339546458727
2025-05-19 20:00:00+00:00,10232.339546458727
2025-05-19 21:00:00+00:00,10232.339546458727
2025-05-19 22:00:00+00:00,10232.339546458727
2025-05-19 23:00:00+00:00,10232.339546458727
2025-05-20 00:00:00+00:00,10232.339546458727
2025-05-20 01:00:00+00:00,10232.339546458727
2025-05-20 02:00:00+00:00,10232.339546458727
2025-05-20 03:00:00+00:00,10232.339546458727
2025-05-20 04:00:00+00:00,10232.339546458727
2025-05-20 05:00:00+00:00,10232.339546458727
2025-05-20 06:00:00+00:00,10232.339546458727
2025-05-20 07:00:00+00:00,10232.339546458727
2025-05-20 08:00:00+00:00,10232.339546458727
2025-05-20 09:00:00+00:00,10232.339546458727
2025-05-20 10:00:00+00:00,10232.339546458727
2025-05-20 11:00:00+00:00,10232.339546458727
2025-05-20 12:00:00+00:00,10232.339546458727
2025-05-20 13:00:00+00:00,10232.339546458727
2025-05-20 14:00:00+00:00,10232.339546458727
2025-05-20 15:00:00+00:00,10232.339546458727
2025-05-20 16:00:00+00:00,10232.339546458727
2025-05-20 17:00:00+00:00,10232.339546458727
2025-05-20 18:00:00+00:00,10232.339546458727
2025-05-20 19:00:00+00:00,10232.339546458727
2025-05-20 20:00:00+00:00,10232.339546458727
2025-05-20 21:00:00+00:00,10232.339546458727
2025-05-20 22:00:00+00:00,10232.339546458727
2025-05-20 23:00:00+00:00,10232.339546458727
2025-05-21 00:00:00+00:00,10232.339546458727
2025-05-21 01:00:00+00:00,10232.339546458727
2025-05-21 02:00:00+00:00,10232.339546458727
2025-05-21 03:00:00+00:00,10232.339546458727
2025-05-21 04:00:00+00:00,10232.339546458727
2025-05-21 05:00:00+00:00,10232.339546458727
2025-05-21 06:00:00+00:00,10232.339546458727
2025-05-21 07:00:00+00:00,10232.339546458727
2025-05-21 08:00:00+00:00,10149.200120834012
2025-05-21 09:00:00+00:00,10140.585431014011
2025-05-21 10:00:00+00:00,10129.245631014011
2025-05-21 11:00:00+00:00,10138.241831014011
2025-05-21 12:00:00+00:00,10150.22643101401
2025-05-21 13:00:00+00:00,10151.602831014012
2025-05-21 14:00:00+00:00,10194.03563101401
2025-05-21 15:00:00+00:00,10303.633031014011
2025-05-21 16:00:00+00:00,10301.30183101401
2025-05-21 17:00:00+00:00,10310.576301761845
2025-05-21 18:00:00+00:00,10194.582546776215
2025-05-21 19:00:00+00:00,10194.582546776215
2025-05-21 20:00:00+00:00,10194.582546776215
2025-05-21 21:00:00+00:00,10194.582546776215
2025-05-21 22:00:00+00:00,10194.582546776215
2025-05-21 23:00:00+00:00,10194.582546776215
2025-05-22 00:00:00+00:00,10194.582546776215
2025-05-22 01:00:00+00:00,10194.582546776215
2025-05-22 02:00:00+00:00,10194.582546776215
2025-05-22 03:00:00+00:00,10194.582546776215
2025-05-22 04:00:00+00:00,10194.582546776215
2025-05-22 05:00:00+00:00,10178.291273310475
2025-05-22 06:00:00+00:00,10153.292873310475
2025-05-22 07:00:00+00:00,10142.078873310475
2025-05-22 08:00:00+00:00,10160.042273310475
2025-05-22 09:00:00+00:00,10132.872390570474
2025-05-22 10:00:00+00:00,10149.466590570475
2025-05-22 11:00:00+00:00,10149.340590570475
2025-05-22 12:00:00+00:00,10157.131590570474
2025-05-22 13:00:00+00:00,10182.264390570474
2025-05-22 14:00:00+00:00,10153.326390570473
2025-05-22 15:00:00+00:00,10152.868590570473
2025-05-22 16:00:00+00:00,10169.437590570475
2025-05-22 17:00:00+00:00,10167.286119990473
2025-05-22 18:00:00+00:00,10177.693719990473
2025-05-22 19:00:00+00:00,10186.841319990473
2025-05-22 20:00:00+00:00,10164.068919990474
2025-05-22 21:00:00+00:00,10158.722319990475
2025-05-22 22:00:00+00:00,10149.541119990474
2025-05-22 23:00:00+00:00,10156.739919990474
2025-05-23 00:00:00+00:00,10185.409119990474
2025-05-23 01:00:00+00:00,10181.61685822631
2025-05-23 02:00:00+00:00,10170.57925822631
2025-05-23 03:00:00+00:00,10167.70225822631
2025-05-23 04:00:00+00:00,10160.31445822631
2025-05-23 05:00:00+00:00,10149.97825822631
2025-05-23 06:00:00+00:00,10150.48645822631
2025-05-23 07:00:00+00:00,10136.12665822631
2025-05-23 08:00:00+00:00,10145.56825822631
2025-05-23 09:00:00+00:00,10152.54150604631
2025-05-23 10:00:00+00:00,10169.01810604631
2025-05-23 11:00:00+00:00,10158.07710604631
2025-05-23 12:00:00+00:00,10114.469922909098
2025-05-23 13:00:00+00:00,10114.469922909098
2025-05-23 14:00:00+00:00,10114.469922909098
2025-05-23 15:00:00+00:00,10114.469922909098
2025-05-23 16:00:00+00:00,10114.469922909098
2025-05-23 17:00:00+00:00,10114.469922909098
2025-05-23 18:00:00+00:00,10114.469922909098
2025-05-23 19:00:00+00:00,10114.469922909098
2025-05-23 20:00:00+00:00,10114.469922909098
2025-05-23 21:00:00+00:00,10114.469922909098
2025-05-23 22:00:00+00:00,10114.469922909098
2025-05-23 23:00:00+00:00,10114.469922909098
2025-05-24 00:00:00+00:00,10114.469922909098
2025-05-24 01:00:00+00:00,10114.469922909098
2025-05-24 02:00:00+00:00,10114.469922909098
2025-05-24 03:00:00+00:00,10114.469922909098
2025-05-24 04:00:00+00:00,10114.469922909098
2025-05-24 05:00:00+00:00,10114.469922909098
2025-05-24 06:00:00+00:00,10114.469922909098
2025-05-24 07:00:00+00:00,10114.469922909098
2025-05-24 08:00:00+00:00,10114.469922909098
2025-05-24 09:00:00+00:00,10114.469922909098
2025-05-24 10:00:00+00:00,10114.469922909098
2025-05-24 11:00:00+00:00,10114.469922909098
2025-05-24 12:00:00+00:00,10114.469922909098
2025-05-24 13:00:00+00:00,10114.469922909098
2025-05-24 14:00:00+00:00,10114.469922909098
2025-05-24 15:00:00+00:00,10114.469922909098
2025-05-24 16:00:00+00:00,10114.469922909098
2025-05-24 17:00:00+00:00,10114.469922909098
2025-05-24 18:00:00+00:00,10114.469922909098
2025-05-24 19:00:00+00:00,10114.469922909098
2025-05-24 20:00:00+00:00,10114.469922909098
2025-05-24 21:00:00+00:00,10114.469922909098
2025-05-24 22:00:00+00:00,10114.469922909098
2025-05-24 23:00:00+00:00,10114.469922909098
2025-05-25 00:00:00+00:00,10114.469922909098
2025-05-25 01:00:00+00:00,10114.469922909098
2025-05-25 02:00:00+00:00,10114.469922909098
2025-05-25 03:00:00+00:00,10114.469922909098
2025-05-25 04:00:00+00:00,10114.469922909098
2025-05-25 05:00:00+00:00,10114.469922909098
2025-05-25 06:00:00+00:00,10114.469922909098
2025-05-25 07:00:00+00:00,10114.469922909098
2025-05-25 08:00:00+00:00,10114.469922909098
2025-05-25 09:00:00+00:00,10114.469922909098
2025-05-25 10:00:00+00:00,10114.469922909098
2025-05-25 11:00:00+00:00,10114.469922909098
2025-05-25 12:00:00+00:00,10114.469922909098
2025-05-25 13:00:00+00:00,10114.469922909098
2025-05-25 14:00:00+00:00,10114.469922909098
2025-05-25 15:00:00+00:00,10114.469922909098
2025-05-25 16:00:00+00:00,10114.469922909098
2025-05-25 17:00:00+00:00,10114.469922909098
2025-05-25 18:00:00+00:00,10114.469922909098
2025-05-25 19:00:00+00:00,10114.469922909098
2025-05-25 20:00:00+00:00,10114.469922909098
2025-05-25 21:00:00+00:00,10114.469922909098
2025-05-25 22:00:00+00:00,10114.469922909098
2025-05-25 23:00:00+00:00,10114.469922909098
2025-05-26 00:00:00+00:00,10114.469922909098
2025-05-26 01:00:00+00:00,10114.469922909098
2025-05-26 02:00:00+00:00,10114.469922909098
2025-05-26 03:00:00+00:00,10114.469922909098
2025-05-26 04:00:00+00:00,10114.469922909098
2025-05-26 05:00:00+00:00,10114.469922909098
2025-05-26 06:00:00+00:00,10114.469922909098
2025-05-26 07:00:00+00:00,10114.469922909098
2025-05-26 08:00:00+00:00,10114.469922909098
2025-05-26 09:00:00+00:00,10114.469922909098
2025-05-26 10:00:00+00:00,10114.469922909098
2025-05-26 11:00:00+00:00,10114.469922909098
2025-05-26 12:00:00+00:00,10114.469922909098
2025-05-26 13:00:00+00:00,10114.469922909098
2025-05-26 14:00:00+00:00,10114.469922909098
2025-05-26 15:00:00+00:00,10114.469922909098
2025-05-26 16:00:00+00:00,10114.469922909098
2025-05-26 17:00:00+00:00,10114.469922909098
2025-05-26 18:00:00+00:00,10114.469922909098
2025-05-26 19:00:00+00:00,10114.469922909098
2025-05-26 20:00:00+00:00,10114.469922909098
2025-05-26 21:00:00+00:00,10114.469922909098
2025-05-26 22:00:00+00:00,10114.469922909098
2025-05-26 23:00:00+00:00,10114.469922909098
2025-05-27 00:00:00+00:00,10114.469922909098
2025-05-27 01:00:00+00:00,10114.469922909098
2025-05-27 02:00:00+00:00,10114.469922909098
2025-05-27 03:00:00+00:00,10114.469922909098
2025-05-27 04:00:00+00:00,10114.469922909098
2025-05-27 05:00:00+00:00,10114.469922909098
2025-05-27 06:00:00+00:00,10114.469922909098
2025-05-27 07:00:00+00:00,10114.469922909098
2025-05-27 08:00:00+00:00,10114.469922909098
2025-05-27 09:00:00+00:00,10114.469922909098
2025-05-27 10:00:00+00:00,10114.469922909098
2025-05-27 11:00:00+00:00,10114.469922909098
2025-05-27 12:00:00+00:00,10114.469922909098
2025-05-27 13:00:00+00:00,10114.469922909098
2025-05-27 14:00:00+00:00,10114.469922909098
2025-05-27 15:00:00+00:00,10114.469922909098
2025-05-27 16:00:00+00:00,10114.469922909098
2025-05-27 17:00:00+00:00,10114.469922909098
2025-05-27 18:00:00+00:00,10114.469922909098
2025-05-27 19:00:00+00:00,10114.469922909098
2025-05-27 20:00:00+00:00,10114.469922909098
2025-05-27 21:00:00+00:00,10114.469922909098
2025-05-27 22:00:00+00:00,10114.469922909098
2025-05-27 23:00:00+00:00,10114.469922909098
2025-05-28 00:00:00+00:00,10114.469922909098
2025-05-28 01:00:00+00:00,10114.469922909098
2025-05-28 02:00:00+00:00,10114.469922909098
2025-05-28 03:00:00+00:00,10114.469922909098
2025-05-28 04:00:00+00:00,10114.469922909098
2025-05-28 05:00:00+00:00,10114.469922909098
2025-05-28 06:00:00+00:00,10114.469922909098
2025-05-28 07:00:00+00:00,10114.469922909098
2025-05-28 08:00:00+00:00,10114.469922909098
2025-05-28 09:00:00+00:00,10114.469922909098
2025-05-28 10:00:00+00:00,10114.469922909098
2025-05-28 11:00:00+00:00,10114.469922909098
2025-05-28 12:00:00+00:00,10114.469922909098
2025-05-28 13:00:00+00:00,10114.469922909098
2025-05-28 14:00:00+00:00,10114.469922909098
2025-05-28 15:00:00+00:00,10114.469922909098
2025-05-28 16:00:00+00:00,10114.469922909098
2025-05-28 17:00:00+00:00,10114.469922909098
2025-05-28 18:00:00+00:00,10114.469922909098
2025-05-28 19:00:00+00:00,10114.469922909098
2025-05-28 20:00:00+00:00,10114.469922909098
2025-05-28 21:00:00+00:00,10114.469922909098
2025-05-28 22:00:00+00:00,10114.469922909098
2025-05-28 23:00:00+00:00,10114.469922909098
2025-05-29 00:00:00+00:00,10114.469922909098
2025-05-29 01:00:00+00:00,10114.469922909098
2025-05-29 02:00:00+00:00,10114.469922909098
2025-05-29 03:00:00+00:00,10114.469922909098
2025-05-29 04:00:00+00:00,10114.469922909098
2025-05-29 05:00:00+00:00,10114.469922909098
2025-05-29 06:00:00+00:00,10114.469922909098
2025-05-29 07:00:00+00:00,10114.469922909098
2025-05-29 08:00:00+00:00,10114.469922909098
2025-05-29 09:00:00+00:00,10114.469922909098
2025-05-29 10:00:00+00:00,10114.469922909098
2025-05-29 11:00:00+00:00,10114.469922909098
2025-05-29 12:00:00+00:00,10114.469922909098
2025-05-29 13:00:00+00:00,10114.469922909098
2025-05-29 14:00:00+00:00,10114.469922909098
2025-05-29 15:00:00+00:00,10114.469922909098
2025-05-29 16:00:00+00:00,10114.469922909098
2025-05-29 17:00:00+00:00,10114.469922909098
2025-05-29 18:00:00+00:00,10114.469922909098
2025-05-29 19:00:00+00:00,10114.469922909098
2025-05-29 20:00:00+00:00,10114.469922909098
2025-05-29 21:00:00+00:00,10074.423192769082
2025-05-29 22:00:00+00:00,10056.415992769082
2025-05-29 23:00:00+00:00,10093.575192769082
2025-05-30 00:00:00+00:00,10118.026392769081
2025-05-30 01:00:00+00:00,10164.75114052908
2025-05-30 02:00:00+00:00,10113.08394052908
2025-05-30 03:00:00+00:00,10089.662340529081
2025-05-30 04:00:00+00:00,10088.071140529082
2025-05-30 05:00:00+00:00,10081.252740529082
2025-05-30 06:00:00+00:00,10083.38394052908
2025-05-30 07:00:00+00:00,10110.686340529082
2025-05-30 08:00:00+00:00,10157.91114052908
2025-05-30 09:00:00+00:00,10149.09425568045
2025-05-30 10:00:00+00:00,10116.33425568045
2025-05-30 11:00:00+00:00,10095.814255680449
2025-05-30 12:00:00+00:00,10098.629455680448
2025-05-30 13:00:00+00:00,10113.180655680448
2025-05-30 14:00:00+00:00,10126.234255680449
2025-05-30 15:00:00+00:00,10136.371855680449
2025-05-30 16:00:00+00:00,10122.547855680448
2025-05-30 17:00:00+00:00,10239.527655136304
2025-05-30 18:00:00+00:00,10220.361255136304
2025-05-30 19:00:00+00:00,10169.586855136306
2025-05-30 20:00:00+00:00,10187.644455136306
2025-05-30 21:00:00+00:00,10191.755655136305
2025-05-30 22:00:00+00:00,10189.048455136306
2025-05-30 23:00:00+00:00,10237.410855136304
2025-05-31 00:00:00+00:00,10233.954855136306
2025-05-31 01:00:00+00:00,10236.678795635926
2025-05-31 02:00:00+00:00,10272.433995635925
2025-05-31 03:00:00+00:00,10292.111595635924
2025-05-31 04:00:00+00:00,10258.091595635924
2025-05-31 05:00:00+00:00,10248.241995635926
2025-05-31 06:00:00+00:00,10268.574795635925
2025-05-31 07:00:00+00:00,10243.893195635925
2025-05-31 08:00:00+00:00,10253.001195635925
2025-05-31 09:00:00+00:00,10260.724660115926
2025-05-31 10:00:00+00:00,10268.356660115925
2025-05-31 11:00:00+00:00,10277.479060115926
2025-05-31 12:00:00+00:00,10271.193460115926
2025-05-31 13:00:00+00:00,10232.457460115926
2025-05-31 14:00:00+00:00,10226.308660115927
2025-05-31 15:00:00+00:00,10191.391135169057
2025-05-31 16:00:00+00:00,10191.391135169057
2025-05-31 17:00:00+00:00,10191.391135169057
2025-05-31 18:00:00+00:00,10191.391135169057
2025-05-31 19:00:00+00:00,10191.391135169057
2025-05-31 20:00:00+00:00,10191.391135169057
2025-05-31 21:00:00+00:00,10191.391135169057
2025-05-31 22:00:00+00:00,10191.391135169057
2025-05-31 23:00:00+00:00,10191.391135169057
2025-06-01 00:00:00+00:00,10191.391135169057
2025-06-01 01:00:00+00:00,10191.391135169057
2025-06-01 02:00:00+00:00,10191.391135169057
2025-06-01 03:00:00+00:00,10191.391135169057
2025-06-01 04:00:00+00:00,10191.391135169057
2025-06-01 05:00:00+00:00,10191.391135169057
2025-06-01 06:00:00+00:00,10191.391135169057
2025-06-01 07:00:00+00:00,10191.391135169057
2025-06-01 08:00:00+00:00,10191.391135169057
2025-06-01 09:00:00+00:00,10191.391135169057
2025-06-01 10:00:00+00:00,10191.391135169057
2025-06-01 11:00:00+00:00,10191.391135169057
2025-06-01 12:00:00+00:00,10191.391135169057
2025-06-01 13:00:00+00:00,10191.391135169057
2025-06-01 14:00:00+00:00,10191.391135169057
2025-06-01 15:00:00+00:00,10191.391135169057
2025-06-01 16:00:00+00:00,10191.391135169057
2025-06-01 17:00:00+00:00,10191.391135169057
2025-06-01 18:00:00+00:00,10191.391135169057
2025-06-01 19:00:00+00:00,10191.391135169057
2025-06-01 20:00:00+00:00,10191.391135169057
2025-06-01 21:00:00+00:00,10191.391135169057
2025-06-01 22:00:00+00:00,10191.391135169057
2025-06-01 23:00:00+00:00,10191.391135169057
2025-06-02 00:00:00+00:00,10191.391135169057
2025-06-02 01:00:00+00:00,10191.391135169057
2025-06-02 02:00:00+00:00,10191.391135169057
2025-06-02 03:00:00+00:00,10191.391135169057
2025-06-02 04:00:00+00:00,10191.391135169057
2025-06-02 05:00:00+00:00,10191.391135169057
2025-06-02 06:00:00+00:00,10191.391135169057
2025-06-02 07:00:00+00:00,10191.391135169057
2025-06-02 08:00:00+00:00,10191.391135169057
2025-06-02 09:00:00+00:00,10191.391135169057
2025-06-02 10:00:00+00:00,10191.391135169057
2025-06-02 11:00:00+00:00,10191.391135169057
2025-06-02 12:00:00+00:00,10191.391135169057
2025-06-02 13:00:00+00:00,10191.391135169057
2025-06-02 14:00:00+00:00,10191.391135169057
2025-06-02 15:00:00+00:00,10191.391135169057
2025-06-02 16:00:00+00:00,10191.391135169057
2025-06-02 17:00:00+00:00,10191.391135169057
2025-06-02 18:00:00+00:00,10191.391135169057
2025-06-02 19:00:00+00:00,10191.391135169057
2025-06-02 20:00:00+00:00,10191.391135169057
2025-06-02 21:00:00+00:00,10191.391135169057
2025-06-02 22:00:00+00:00,10191.391135169057
2025-06-02 23:00:00+00:00,10191.391135169057
2025-06-03 00:00:00+00:00,10191.391135169057
2025-06-03 01:00:00+00:00,10191.391135169057
2025-06-03 02:00:00+00:00,10191.391135169057
2025-06-03 03:00:00+00:00,10191.391135169057
2025-06-03 04:00:00+00:00,10191.391135169057
2025-06-03 05:00:00+00:00,10191.391135169057
2025-06-03 06:00:00+00:00,10191.391135169057
2025-06-03 07:00:00+00:00,10191.391135169057
2025-06-03 08:00:00+00:00,10191.391135169057
2025-06-03 09:00:00+00:00,10191.391135169057
2025-06-03 10:00:00+00:00,10191.391135169057
2025-06-03 11:00:00+00:00,10191.391135169057
2025-06-03 12:00:00+00:00,10191.391135169057
2025-06-03 13:00:00+00:00,10191.391135169057
2025-06-03 14:00:00+00:00,10191.391135169057
2025-06-03 15:00:00+00:00,10191.391135169057
2025-06-03 16:00:00+00:00,10191.391135169057
2025-06-03 17:00:00+00:00,10191.391135169057
2025-06-03 18:00:00+00:00,10191.391135169057
2025-06-03 19:00:00+00:00,10191.391135169057
2025-06-03 20:00:00+00:00,10191.391135169057
2025-06-03 21:00:00+00:00,10191.391135169057
2025-06-03 22:00:00+00:00,10191.391135169057
2025-06-03 23:00:00+00:00,10191.391135169057
2025-06-04 00:00:00+00:00,10191.391135169057
2025-06-04 01:00:00+00:00,10191.391135169057
2025-06-04 02:00:00+00:00,10191.391135169057
2025-06-04 03:00:00+00:00,10191.391135169057
2025-06-04 04:00:00+00:00,10191.391135169057
2025-06-04 05:00:00+00:00,10191.391135169057
2025-06-04 06:00:00+00:00,10191.391135169057
2025-06-04 07:00:00+00:00,10191.391135169057
2025-06-04 08:00:00+00:00,10191.391135169057
2025-06-04 09:00:00+00:00,10191.391135169057
2025-06-04 10:00:00+00:00,10191.391135169057
2025-06-04 11:00:00+00:00,10191.391135169057
2025-06-04 12:00:00+00:00,10191.391135169057
2025-06-04 13:00:00+00:00,10191.391135169057
2025-06-04 14:00:00+00:00,10191.391135169057
2025-06-04 15:00:00+00:00,10191.391135169057
2025-06-04 16:00:00+00:00,10191.391135169057
2025-06-04 17:00:00+00:00,10191.391135169057
2025-06-04 18:00:00+00:00,10191.391135169057
2025-06-04 19:00:00+00:00,10191.391135169057
2025-06-04 20:00:00+00:00,10191.391135169057
2025-06-04 21:00:00+00:00,10191.391135169057
2025-06-04 22:00:00+00:00,10191.391135169057
2025-06-04 23:00:00+00:00,10191.391135169057
2025-06-05 00:00:00+00:00,10191.391135169057
2025-06-05 01:00:00+00:00,10191.391135169057
2025-06-05 02:00:00+00:00,10191.391135169057
2025-06-05 03:00:00+00:00,10191.391135169057
2025-06-05 04:00:00+00:00,10191.391135169057
2025-06-05 05:00:00+00:00,10191.391135169057
2025-06-05 06:00:00+00:00,10191.391135169057
2025-06-05 07:00:00+00:00,10191.391135169057
2025-06-05 08:00:00+00:00,10191.391135169057
2025-06-05 09:00:00+00:00,10191.391135169057
2025-06-05 10:00:00+00:00,10191.391135169057
2025-06-05 11:00:00+00:00,10191.391135169057
2025-06-05 12:00:00+00:00,10191.391135169057
2025-06-05 13:00:00+00:00,10191.391135169057
2025-06-05 14:00:00+00:00,10191.391135169057
2025-06-05 15:00:00+00:00,10191.391135169057
2025-06-05 16:00:00+00:00,10191.391135169057
2025-06-05 17:00:00+00:00,10191.391135169057
2025-06-05 18:00:00+00:00,10191.391135169057
2025-06-05 19:00:00+00:00,10191.391135169057
2025-06-05 20:00:00+00:00,10268.11375786728
2025-06-05 21:00:00+00:00,10381.98435786728
2025-06-05 22:00:00+00:00,10297.83355786728
2025-06-05 23:00:00+00:00,10301.167357867282
2025-06-06 00:00:00+00:00,10301.17525786728
2025-06-06 01:00:00+00:00,10270.805095628393
2025-06-06 02:00:00+00:00,10275.055295628394
2025-06-06 03:00:00+00:00,10256.322745867203
2025-06-06 04:00:00+00:00,10256.322745867203
2025-06-06 05:00:00+00:00,10256.322745867203
2025-06-06 06:00:00+00:00,10256.322745867203
2025-06-06 07:00:00+00:00,10256.322745867203
2025-06-06 08:00:00+00:00,10256.322745867203
2025-06-06 09:00:00+00:00,10256.322745867203
2025-06-06 10:00:00+00:00,10256.322745867203
2025-06-06 11:00:00+00:00,10256.322745867203
2025-06-06 12:00:00+00:00,10256.322745867203
2025-06-06 13:00:00+00:00,10256.322745867203
2025-06-06 14:00:00+00:00,10256.322745867203
2025-06-06 15:00:00+00:00,10256.322745867203
2025-06-06 16:00:00+00:00,10256.322745867203
2025-06-06 17:00:00+00:00,10256.322745867203
2025-06-06 18:00:00+00:00,10256.322745867203
2025-06-06 19:00:00+00:00,10256.322745867203
2025-06-06 20:00:00+00:00,10256.322745867203
2025-06-06 21:00:00+00:00,10256.322745867203
2025-06-06 22:00:00+00:00,10256.322745867203
2025-06-06 23:00:00+00:00,10256.322745867203
2025-06-07 00:00:00+00:00,10256.322745867203
2025-06-07 01:00:00+00:00,10256.322745867203
2025-06-07 02:00:00+00:00,10256.322745867203
2025-06-07 03:00:00+00:00,10256.322745867203
2025-06-07 04:00:00+00:00,10256.322745867203
2025-06-07 05:00:00+00:00,10256.322745867203
2025-06-07 06:00:00+00:00,10256.322745867203
2025-06-07 07:00:00+00:00,10256.322745867203
2025-06-07 08:00:00+00:00,10256.322745867203
2025-06-07 09:00:00+00:00,10256.322745867203
2025-06-07 10:00:00+00:00,10256.322745867203
2025-06-07 11:00:00+00:00,10256.322745867203
2025-06-07 12:00:00+00:00,10256.322745867203
2025-06-07 13:00:00+00:00,10256.322745867203
2025-06-07 14:00:00+00:00,10256.322745867203
2025-06-07 15:00:00+00:00,10256.322745867203
2025-06-07 16:00:00+00:00,10256.322745867203
2025-06-07 17:00:00+00:00,10256.322745867203
2025-06-07 18:00:00+00:00,10256.322745867203
2025-06-07 19:00:00+00:00,10256.322745867203
2025-06-07 20:00:00+00:00,10256.322745867203
2025-06-07 21:00:00+00:00,10256.322745867203
2025-06-07 22:00:00+00:00,10256.322745867203
2025-06-07 23:00:00+00:00,10256.322745867203
2025-06-08 00:00:00+00:00,10256.322745867203
2025-06-08 01:00:00+00:00,10256.322745867203
2025-06-08 02:00:00+00:00,10256.322745867203
2025-06-08 03:00:00+00:00,10256.322745867203
2025-06-08 04:00:00+00:00,10256.322745867203
2025-06-08 05:00:00+00:00,10256.322745867203
2025-06-08 06:00:00+00:00,10256.322745867203
2025-06-08 07:00:00+00:00,10256.322745867203
2025-06-08 08:00:00+00:00,10256.322745867203
2025-06-08 09:00:00+00:00,10256.322745867203
2025-06-08 10:00:00+00:00,10256.322745867203
2025-06-08 11:00:00+00:00,10256.322745867203
2025-06-08 12:00:00+00:00,10256.322745867203
2025-06-08 13:00:00+00:00,10256.322745867203
2025-06-08 14:00:00+00:00,10256.322745867203
2025-06-08 15:00:00+00:00,10256.322745867203
2025-06-08 16:00:00+00:00,10256.322745867203
2025-06-08 17:00:00+00:00,10256.322745867203
2025-06-08 18:00:00+00:00,10256.322745867203
2025-06-08 19:00:00+00:00,10256.322745867203
2025-06-08 20:00:00+00:00,10256.322745867203
2025-06-08 21:00:00+00:00,10256.322745867203
2025-06-08 22:00:00+00:00,10256.322745867203
2025-06-08 23:00:00+00:00,10256.322745867203
2025-06-09 00:00:00+00:00,10256.322745867203
2025-06-09 01:00:00+00:00,10256.322745867203
2025-06-09 02:00:00+00:00,10256.322745867203
2025-06-09 03:00:00+00:00,10256.322745867203
2025-06-09 04:00:00+00:00,10256.322745867203
2025-06-09 05:00:00+00:00,10256.322745867203
2025-06-09 06:00:00+00:00,10256.322745867203
2025-06-09 07:00:00+00:00,10256.322745867203
2025-06-09 08:00:00+00:00,10256.322745867203
2025-06-09 09:00:00+00:00,10256.322745867203
2025-06-09 10:00:00+00:00,10256.322745867203
2025-06-09 11:00:00+00:00,10256.322745867203
2025-06-09 12:00:00+00:00,10301.311298944203
2025-06-09 13:00:00+00:00,10299.781798944203
2025-06-09 14:00:00+00:00,10208.25860825247
2025-06-09 15:00:00+00:00,10208.25860825247
2025-06-09 16:00:00+00:00,10208.25860825247
2025-06-09 17:00:00+00:00,10208.25860825247
2025-06-09 18:00:00+00:00,10208.25860825247
2025-06-09 19:00:00+00:00,10208.524095212935
2025-06-09 20:00:00+00:00,10219.427295212936
2025-06-09 21:00:00+00:00,10230.541695212936
2025-06-09 22:00:00+00:00,10344.272895212936
2025-06-09 23:00:00+00:00,10361.740895212935
2025-06-10 00:00:00+00:00,10369.264895212935
2025-06-10 01:00:00+00:00,10337.870053925348
2025-06-10 02:00:00+00:00,10327.406853925348
2025-06-10 03:00:00+00:00,10313.872453925347
2025-06-10 04:00:00+00:00,10307.686053925347
2025-06-10 05:00:00+00:00,10304.614853925348
2025-06-10 06:00:00+00:00,10284.401253925347
2025-06-10 07:00:00+00:00,10301.622853925348
2025-06-10 08:00:00+00:00,10276.701253925346
2025-06-10 09:00:00+00:00,10253.378778204353
2025-06-10 10:00:00+00:00,10253.378778204353
2025-06-10 11:00:00+00:00,10253.378778204353
2025-06-10 12:00:00+00:00,10253.378778204353
2025-06-10 13:00:00+00:00,10253.378778204353
2025-06-10 14:00:00+00:00,10253.378778204353
2025-06-10 15:00:00+00:00,10253.378778204353
2025-06-10 16:00:00+00:00,10253.378778204353
2025-06-10 17:00:00+00:00,10253.378778204353
2025-06-10 18:00:00+00:00,10253.378778204353
2025-06-10 19:00:00+00:00,10253.378778204353
2025-06-10 20:00:00+00:00,10253.378778204353
2025-06-10 21:00:00+00:00,10253.378778204353
2025-06-10 22:00:00+00:00,10253.378778204353
2025-06-10 23:00:00+00:00,10253.378778204353
2025-06-11 00:00:00+00:00,10253.378778204353
2025-06-11 01:00:00+00:00,10253.378778204353
2025-06-11 02:00:00+00:00,10253.378778204353
2025-06-11 03:00:00+00:00,10253.378778204353
2025-06-11 04:00:00+00:00,10253.378778204353
2025-06-11 05:00:00+00:00,10253.378778204353
2025-06-11 06:00:00+00:00,10253.378778204353
2025-06-11 07:00:00+00:00,10253.378778204353
2025-06-11 08:00:00+00:00,10253.378778204353
2025-06-11 09:00:00+00:00,10253.378778204353
2025-06-11 10:00:00+00:00,10253.378778204353
2025-06-11 11:00:00+00:00,10253.378778204353
2025-06-11 12:00:00+00:00,10253.378778204353
2025-06-11 13:00:00+00:00,10253.378778204353
2025-06-11 14:00:00+00:00,10253.378778204353
2025-06-11 15:00:00+00:00,10253.378778204353
2025-06-11 16:00:00+00:00,10253.378778204353
2025-06-11 17:00:00+00:00,10253.378778204353
2025-06-11 18:00:00+00:00,10253.378778204353
2025-06-11 19:00:00+00:00,10253.378778204353
2025-06-11 20:00:00+00:00,10253.378778204353
2025-06-11 21:00:00+00:00,10253.378778204353
2025-06-11 22:00:00+00:00,10253.378778204353
2025-06-11 23:00:00+00:00,10253.378778204353
2025-06-12 00:00:00+00:00,10253.378778204353
2025-06-12 01:00:00+00:00,10253.378778204353
2025-06-12 02:00:00+00:00,10253.378778204353
2025-06-12 03:00:00+00:00,10253.378778204353
2025-06-12 04:00:00+00:00,10253.378778204353
2025-06-12 05:00:00+00:00,10253.378778204353
2025-06-12 06:00:00+00:00,10253.378778204353
2025-06-12 07:00:00+00:00,10253.378778204353
2025-06-12 08:00:00+00:00,10253.378778204353
2025-06-12 09:00:00+00:00,10253.378778204353
2025-06-12 10:00:00+00:00,10253.378778204353
2025-06-12 11:00:00+00:00,10253.378778204353
2025-06-12 12:00:00+00:00,10253.378778204353
2025-06-12 13:00:00+00:00,10253.378778204353
2025-06-12 14:00:00+00:00,10253.378778204353
2025-06-12 15:00:00+00:00,10253.378778204353
2025-06-12 16:00:00+00:00,10253.378778204353
2025-06-12 17:00:00+00:00,10253.378778204353
2025-06-12 18:00:00+00:00,10253.378778204353
2025-06-12 19:00:00+00:00,10253.378778204353
2025-06-12 20:00:00+00:00,10253.378778204353
2025-06-12 21:00:00+00:00,10253.378778204353
2025-06-12 22:00:00+00:00,10253.378778204353
2025-06-12 23:00:00+00:00,10253.378778204353
2025-06-13 00:00:00+00:00,10253.378778204353
2025-06-13 01:00:00+00:00,10253.378778204353
2025-06-13 02:00:00+00:00,10253.378778204353
2025-06-13 03:00:00+00:00,10253.378778204353
2025-06-13 04:00:00+00:00,10253.378778204353
2025-06-13 05:00:00+00:00,10253.378778204353
2025-06-13 06:00:00+00:00,10253.378778204353
2025-06-13 07:00:00+00:00,10253.378778204353
2025-06-13 08:00:00+00:00,10253.378778204353
2025-06-13 09:00:00+00:00,10253.378778204353
2025-06-13 10:00:00+00:00,10253.378778204353
2025-06-13 11:00:00+00:00,10253.378778204353
2025-06-13 12:00:00+00:00,10253.378778204353
2025-06-13 13:00:00+00:00,10253.378778204353
2025-06-13 14:00:00+00:00,10253.378778204353
2025-06-13 15:00:00+00:00,10253.378778204353
2025-06-13 16:00:00+00:00,10253.378778204353
2025-06-13 17:00:00+00:00,10253.378778204353
2025-06-13 18:00:00+00:00,10253.378778204353
2025-06-13 19:00:00+00:00,10253.378778204353
2025-06-13 20:00:00+00:00,10253.378778204353
2025-06-13 21:00:00+00:00,10253.378778204353
2025-06-13 22:00:00+00:00,10253.378778204353
2025-06-13 23:00:00+00:00,10253.378778204353
2025-06-14 00:00:00+00:00,10253.378778204353
2025-06-14 01:00:00+00:00,10253.378778204353
2025-06-14 02:00:00+00:00,10253.378778204353
2025-06-14 03:00:00+00:00,10253.378778204353
2025-06-14 04:00:00+00:00,10253.378778204353
2025-06-14 05:00:00+00:00,10253.378778204353
2025-06-14 06:00:00+00:00,10253.378778204353
2025-06-14 07:00:00+00:00,10253.378778204353
2025-06-14 08:00:00+00:00,10253.378778204353
2025-06-14 09:00:00+00:00,10253.378778204353
2025-06-14 10:00:00+00:00,10253.378778204353
2025-06-14 11:00:00+00:00,10253.378778204353
2025-06-14 12:00:00+00:00,10253.378778204353
2025-06-14 13:00:00+00:00,10253.378778204353
2025-06-14 14:00:00+00:00,10253.378778204353
2025-06-14 15:00:00+00:00,10253.378778204353
2025-06-14 16:00:00+00:00,10253.378778204353
2025-06-14 17:00:00+00:00,10253.378778204353
2025-06-14 18:00:00+00:00,10253.378778204353
2025-06-14 19:00:00+00:00,10253.378778204353
2025-06-14 20:00:00+00:00,10253.378778204353
2025-06-14 21:00:00+00:00,10253.378778204353
2025-06-14 22:00:00+00:00,10253.378778204353
2025-06-14 23:00:00+00:00,10253.378778204353
2025-06-15 00:00:00+00:00,10253.378778204353
2025-06-15 01:00:00+00:00,10253.378778204353
2025-06-15 02:00:00+00:00,10253.378778204353
2025-06-15 03:00:00+00:00,10253.378778204353
2025-06-15 04:00:00+00:00,10253.378778204353
2025-06-15 05:00:00+00:00,10253.378778204353
2025-06-15 06:00:00+00:00,10253.378778204353
2025-06-15 07:00:00+00:00,10253.378778204353
2025-06-15 08:00:00+00:00,10253.378778204353
2025-06-15 09:00:00+00:00,10253.378778204353
2025-06-15 10:00:00+00:00,10253.378778204353
2025-06-15 11:00:00+00:00,10253.378778204353
2025-06-15 12:00:00+00:00,10253.378778204353
2025-06-15 13:00:00+00:00,10253.378778204353
2025-06-15 14:00:00+00:00,10253.378778204353
2025-06-15 15:00:00+00:00,10253.378778204353
2025-06-15 16:00:00+00:00,10253.378778204353
2025-06-15 17:00:00+00:00,10253.378778204353
2025-06-15 18:00:00+00:00,10253.378778204353
2025-06-15 19:00:00+00:00,10253.378778204353
2025-06-15 20:00:00+00:00,10253.378778204353
2025-06-15 21:00:00+00:00,10253.378778204353
2025-06-15 22:00:00+00:00,10253.378778204353
2025-06-15 23:00:00+00:00,10253.378778204353
2025-06-16 00:00:00+00:00,10253.378778204353
2025-06-16 01:00:00+00:00,10253.378778204353
2025-06-16 02:00:00+00:00,10253.378778204353
2025-06-16 03:00:00+00:00,10253.378778204353
2025-06-16 04:00:00+00:00,10253.378778204353
2025-06-16 05:00:00+00:00,10253.378778204353
2025-06-16 06:00:00+00:00,10253.378778204353
2025-06-16 07:00:00+00:00,10253.378778204353
2025-06-16 08:00:00+00:00,10253.378778204353
2025-06-16 09:00:00+00:00,10253.378778204353
2025-06-16 10:00:00+00:00,10253.378778204353
2025-06-16 11:00:00+00:00,10253.378778204353
2025-06-16 12:00:00+00:00,10253.378778204353
2025-06-16 13:00:00+00:00,10253.378778204353
2025-06-16 14:00:00+00:00,10253.378778204353
2025-06-16 15:00:00+00:00,10253.378778204353
2025-06-16 16:00:00+00:00,10253.378778204353
2025-06-16 17:00:00+00:00,10253.378778204353
2025-06-16 18:00:00+00:00,10253.378778204353
2025-06-16 19:00:00+00:00,10253.378778204353
2025-06-16 20:00:00+00:00,10253.378778204353
2025-06-16 21:00:00+00:00,10253.378778204353
2025-06-16 22:00:00+00:00,10253.378778204353
2025-06-16 23:00:00+00:00,10253.378778204353
2025-06-17 00:00:00+00:00,10253.378778204353
2025-06-17 01:00:00+00:00,10253.378778204353
2025-06-17 02:00:00+00:00,10253.378778204353
2025-06-17 03:00:00+00:00,10253.378778204353
2025-06-17 04:00:00+00:00,10253.378778204353
2025-06-17 05:00:00+00:00,10253.378778204353
2025-06-17 06:00:00+00:00,10253.378778204353
2025-06-17 07:00:00+00:00,10253.378778204353
2025-06-17 08:00:00+00:00,10253.378778204353
2025-06-17 09:00:00+00:00,10253.378778204353
2025-06-17 10:00:00+00:00,10253.378778204353
2025-06-17 11:00:00+00:00,10253.378778204353
2025-06-17 12:00:00+00:00,10253.378778204353
2025-06-17 13:00:00+00:00,10253.378778204353
2025-06-17 14:00:00+00:00,10253.378778204353
2025-06-17 15:00:00+00:00,10253.378778204353
2025-06-17 16:00:00+00:00,10253.378778204353
2025-06-17 17:00:00+00:00,10253.378778204353
2025-06-17 18:00:00+00:00,10253.378778204353
2025-06-17 19:00:00+00:00,10253.378778204353
2025-06-17 20:00:00+00:00,10253.378778204353
2025-06-17 21:00:00+00:00,10253.378778204353
2025-06-17 22:00:00+00:00,10253.378778204353
2025-06-17 23:00:00+00:00,10253.378778204353
2025-06-18 00:00:00+00:00,10253.378778204353
2025-06-18 01:00:00+00:00,10253.378778204353
2025-06-18 02:00:00+00:00,10253.378778204353
2025-06-18 03:00:00+00:00,10253.378778204353
2025-06-18 04:00:00+00:00,10253.378778204353
2025-06-18 05:00:00+00:00,10253.378778204353
2025-06-18 06:00:00+00:00,10253.378778204353
2025-06-18 07:00:00+00:00,10253.378778204353
2025-06-18 08:00:00+00:00,10253.378778204353
2025-06-18 09:00:00+00:00,10253.378778204353
2025-06-18 10:00:00+00:00,10253.378778204353
2025-06-18 11:00:00+00:00,10253.378778204353
2025-06-18 12:00:00+00:00,10253.378778204353
2025-06-18 13:00:00+00:00,10253.378778204353
2025-06-18 14:00:00+00:00,10253.378778204353
2025-06-18 15:00:00+00:00,10253.378778204353
2025-06-18 16:00:00+00:00,10253.378778204353
2025-06-18 17:00:00+00:00,10253.378778204353
2025-06-18 18:00:00+00:00,10253.378778204353
2025-06-18 19:00:00+00:00,10253.378778204353
2025-06-18 20:00:00+00:00,10253.378778204353
2025-06-18 21:00:00+00:00,10253.378778204353
2025-06-18 22:00:00+00:00,10253.378778204353
2025-06-18 23:00:00+00:00,10253.378778204353
2025-06-19 00:00:00+00:00,10253.378778204353
2025-06-19 01:00:00+00:00,10253.378778204353
2025-06-19 02:00:00+00:00,10253.378778204353
2025-06-19 03:00:00+00:00,10253.378778204353
2025-06-19 04:00:00+00:00,10253.378778204353
2025-06-19 05:00:00+00:00,10253.378778204353
2025-06-19 06:00:00+00:00,10253.378778204353
2025-06-19 07:00:00+00:00,10253.378778204353
2025-06-19 08:00:00+00:00,10253.378778204353
2025-06-19 09:00:00+00:00,10253.378778204353
2025-06-19 10:00:00+00:00,10253.378778204353
2025-06-19 11:00:00+00:00,10253.378778204353
2025-06-19 12:00:00+00:00,10253.378778204353
2025-06-19 13:00:00+00:00,10253.378778204353
2025-06-19 14:00:00+00:00,10253.378778204353
2025-06-19 15:00:00+00:00,10253.378778204353
2025-06-19 16:00:00+00:00,10253.378778204353
2025-06-19 17:00:00+00:00,10253.378778204353
2025-06-19 18:00:00+00:00,10253.378778204353
2025-06-19 19:00:00+00:00,10253.378778204353
2025-06-19 20:00:00+00:00,10253.378778204353
2025-06-19 21:00:00+00:00,10253.378778204353
2025-06-19 22:00:00+00:00,10253.378778204353
2025-06-19 23:00:00+00:00,10253.378778204353
2025-06-20 00:00:00+00:00,10253.378778204353
2025-06-20 01:00:00+00:00,10253.378778204353
2025-06-20 02:00:00+00:00,10253.378778204353
2025-06-20 03:00:00+00:00,10253.378778204353
2025-06-20 04:00:00+00:00,10253.378778204353
2025-06-20 05:00:00+00:00,10253.378778204353
2025-06-20 06:00:00+00:00,10253.378778204353
2025-06-20 07:00:00+00:00,10253.378778204353
2025-06-20 08:00:00+00:00,10253.378778204353
2025-06-20 09:00:00+00:00,10253.378778204353
2025-06-20 10:00:00+00:00,10253.378778204353
2025-06-20 11:00:00+00:00,10253.378778204353
2025-06-20 12:00:00+00:00,10253.378778204353
2025-06-20 13:00:00+00:00,10253.378778204353
2025-06-20 14:00:00+00:00,10253.378778204353
2025-06-20 15:00:00+00:00,10253.378778204353
2025-06-20 16:00:00+00:00,10253.378778204353
2025-06-20 17:00:00+00:00,10253.378778204353
2025-06-20 18:00:00+00:00,10253.378778204353
2025-06-20 19:00:00+00:00,10253.815632112251
2025-06-20 20:00:00+00:00,10243.728132112252
2025-06-20 21:00:00+00:00,10214.185632112252
2025-06-20 22:00:00+00:00,10225.435632112252
2025-06-20 23:00:00+00:00,10257.513132112252
2025-06-21 00:00:00+00:00,10243.810632112252
2025-06-21 01:00:00+00:00,10247.085328809097
2025-06-21 02:00:00+00:00,10227.397828809097
2025-06-21 03:00:00+00:00,10228.372828809097
2025-06-21 04:00:00+00:00,10230.127828809096
2025-06-21 05:00:00+00:00,10237.387828809096
2025-06-21 06:00:00+00:00,10234.965328809098
2025-06-21 07:00:00+00:00,10223.902828809098
2025-06-21 08:00:00+00:00,10231.230328809097
2025-06-21 09:00:00+00:00,10204.068435228392
2025-06-21 10:00:00+00:00,10202.35093522839
2025-06-21 11:00:00+00:00,10203.130935228392
2025-06-21 12:00:00+00:00,10199.088435228392
2025-06-21 13:00:00+00:00,10204.585935228391
2025-06-21 14:00:00+00:00,10222.075935228391
2025-06-21 15:00:00+00:00,10223.418435228392
2025-06-21 16:00:00+00:00,10222.93093522839
2025-06-21 17:00:00+00:00,10229.753602044979
2025-06-21 18:00:00+00:00,10251.736102044979
2025-06-21 19:00:00+00:00,10291.718602044979
2025-06-21 20:00:00+00:00,10321.66610204498
2025-06-21 21:00:00+00:00,10283.04110204498
2025-06-21 22:00:00+00:00,10383.743602044979
2025-06-21 23:00:00+00:00,10357.64360204498
2025-06-22 00:00:00+00:00,10332.736102044979
2025-06-22 01:00:00+00:00,10297.782348078785
2025-06-22 02:00:00+00:00,10297.782348078785
2025-06-22 03:00:00+00:00,10297.782348078785
2025-06-22 04:00:00+00:00,10297.782348078785
2025-06-22 05:00:00+00:00,10297.782348078785
2025-06-22 06:00:00+00:00,10297.782348078785
2025-06-22 07:00:00+00:00,10297.782348078785
2025-06-22 08:00:00+00:00,10297.782348078785
2025-06-22 09:00:00+00:00,10297.782348078785
2025-06-22 10:00:00+00:00,10297.782348078785
2025-06-22 11:00:00+00:00,10297.782348078785
2025-06-22 12:00:00+00:00,10297.782348078785
2025-06-22 13:00:00+00:00,10297.782348078785
2025-06-22 14:00:00+00:00,10297.782348078785
2025-06-22 15:00:00+00:00,10297.782348078785
2025-06-22 16:00:00+00:00,10336.657761734716
2025-06-22 17:00:00+00:00,10290.262703444081
2025-06-22 18:00:00+00:00,10301.633103444081
2025-06-22 19:00:00+00:00,10304.408603444082
2025-06-22 20:00:00+00:00,10338.037903444081
2025-06-22 21:00:00+00:00,10297.38750344408
2025-06-22 22:00:00+00:00,10319.768403444083
2025-06-22 23:00:00+00:00,10234.618059841854
2025-06-23 00:00:00+00:00,10234.618059841854
2025-06-23 01:00:00+00:00,10234.618059841854
2025-06-23 02:00:00+00:00,10234.618059841854
2025-06-23 03:00:00+00:00,10234.618059841854
2025-06-23 04:00:00+00:00,10234.618059841854
2025-06-23 05:00:00+00:00,10234.618059841854
2025-06-23 06:00:00+00:00,10234.618059841854
2025-06-23 07:00:00+00:00,10234.618059841854
2025-06-23 08:00:00+00:00,10234.618059841854
2025-06-23 09:00:00+00:00,10234.618059841854
2025-06-23 10:00:00+00:00,10234.618059841854
2025-06-23 11:00:00+00:00,10234.618059841854
2025-06-23 12:00:00+00:00,10234.618059841854
2025-06-23 13:00:00+00:00,10234.618059841854
2025-06-23 14:00:00+00:00,10234.618059841854
2025-06-23 15:00:00+00:00,10234.618059841854
2025-06-23 16:00:00+00:00,10234.618059841854
2025-06-23 17:00:00+00:00,10234.618059841854
2025-06-23 18:00:00+00:00,10234.618059841854
2025-06-23 19:00:00+00:00,10234.618059841854
2025-06-23 20:00:00+00:00,10234.618059841854
2025-06-23 21:00:00+00:00,10234.618059841854
2025-06-23 22:00:00+00:00,10234.618059841854
2025-06-23 23:00:00+00:00,10234.618059841854
2025-06-24 00:00:00+00:00,10234.618059841854
2025-06-24 01:00:00+00:00,10234.618059841854
2025-06-24 02:00:00+00:00,10234.618059841854
2025-06-24 03:00:00+00:00,10234.618059841854
2025-06-24 04:00:00+00:00,10234.618059841854
2025-06-24 05:00:00+00:00,10234.618059841854
2025-06-24 06:00:00+00:00,10234.618059841854
2025-06-24 07:00:00+00:00,10234.618059841854
2025-06-24 08:00:00+00:00,10234.618059841854
2025-06-24 09:00:00+00:00,10234.618059841854
2025-06-24 10:00:00+00:00,10234.618059841854
2025-06-24 11:00:00+00:00,10234.618059841854
2025-06-24 12:00:00+00:00,10234.618059841854
2025-06-24 13:00:00+00:00,10234.618059841854
2025-06-24 14:00:00+00:00,10234.618059841854
2025-06-24 15:00:00+00:00,10234.618059841854
2025-06-24 16:00:00+00:00,10234.618059841854
2025-06-24 17:00:00+00:00,10234.618059841854
2025-06-24 18:00:00+00:00,10234.618059841854
2025-06-24 19:00:00+00:00,10234.618059841854
2025-06-24 20:00:00+00:00,10234.618059841854
2025-06-24 21:00:00+00:00,10234.618059841854
2025-06-24 22:00:00+00:00,10234.618059841854
2025-06-24 23:00:00+00:00,10234.618059841854
2025-06-25 00:00:00+00:00,10234.618059841854
2025-06-25 01:00:00+00:00,10234.618059841854
2025-06-25 02:00:00+00:00,10234.618059841854
2025-06-25 03:00:00+00:00,10234.618059841854
2025-06-25 04:00:00+00:00,10234.618059841854
2025-06-25 05:00:00+00:00,10234.618059841854
2025-06-25 06:00:00+00:00,10234.618059841854
2025-06-25 07:00:00+00:00,10234.618059841854
2025-06-25 08:00:00+00:00,10234.618059841854
2025-06-25 09:00:00+00:00,10234.618059841854
2025-06-25 10:00:00+00:00,10234.618059841854
2025-06-25 11:00:00+00:00,10234.618059841854
2025-06-25 12:00:00+00:00,10230.221972037389
2025-06-25 13:00:00+00:00,10234.315972037388
2025-06-25 14:00:00+00:00,10295.067372037387
2025-06-25 15:00:00+00:00,10268.47417203739
2025-06-25 16:00:00+00:00,10189.085180923657
2025-06-25 17:00:00+00:00,10189.085180923657
2025-06-25 18:00:00+00:00,10189.085180923657
2025-06-25 19:00:00+00:00,10189.085180923657
2025-06-25 20:00:00+00:00,10189.085180923657
2025-06-25 21:00:00+00:00,10189.085180923657
2025-06-25 22:00:00+00:00,10189.085180923657
2025-06-25 23:00:00+00:00,10189.085180923657
2025-06-26 00:00:00+00:00,10189.085180923657
2025-06-26 01:00:00+00:00,10189.085180923657
2025-06-26 02:00:00+00:00,10189.085180923657
2025-06-26 03:00:00+00:00,10189.085180923657
2025-06-26 04:00:00+00:00,10189.085180923657
2025-06-26 05:00:00+00:00,10189.085180923657
2025-06-26 06:00:00+00:00,10189.085180923657
2025-06-26 07:00:00+00:00,10189.085180923657
2025-06-26 08:00:00+00:00,10189.085180923657
2025-06-26 09:00:00+00:00,10189.085180923657
2025-06-26 10:00:00+00:00,10189.085180923657
2025-06-26 11:00:00+00:00,10189.085180923657
2025-06-26 12:00:00+00:00,10189.085180923657
2025-06-26 13:00:00+00:00,10189.085180923657
2025-06-26 14:00:00+00:00,10189.085180923657
2025-06-26 15:00:00+00:00,10189.085180923657
2025-06-26 16:00:00+00:00,10189.085180923657
2025-06-26 17:00:00+00:00,10189.085180923657
2025-06-26 18:00:00+00:00,10189.085180923657
2025-06-26 19:00:00+00:00,10189.085180923657
2025-06-26 20:00:00+00:00,10189.085180923657
2025-06-26 21:00:00+00:00,10189.085180923657
2025-06-26 22:00:00+00:00,10189.085180923657
2025-06-26 23:00:00+00:00,10189.085180923657
2025-06-27 00:00:00+00:00,10189.085180923657
2025-06-27 01:00:00+00:00,10189.085180923657
2025-06-27 02:00:00+00:00,10189.085180923657
2025-06-27 03:00:00+00:00,10189.085180923657
2025-06-27 04:00:00+00:00,10189.085180923657
2025-06-27 05:00:00+00:00,10189.085180923657
2025-06-27 06:00:00+00:00,10189.085180923657
2025-06-27 07:00:00+00:00,10189.085180923657
2025-06-27 08:00:00+00:00,10189.085180923657
2025-06-27 09:00:00+00:00,10189.085180923657
2025-06-27 10:00:00+00:00,10189.085180923657
2025-06-27 11:00:00+00:00,10189.085180923657
2025-06-27 12:00:00+00:00,10189.085180923657
2025-06-27 13:00:00+00:00,10189.085180923657
2025-06-27 14:00:00+00:00,10189.085180923657
2025-06-27 15:00:00+00:00,10189.085180923657
2025-06-27 16:00:00+00:00,10189.085180923657
2025-06-27 17:00:00+00:00,10189.085180923657
2025-06-27 18:00:00+00:00,10189.085180923657
2025-06-27 19:00:00+00:00,10189.085180923657
2025-06-27 20:00:00+00:00,10189.085180923657
2025-06-27 21:00:00+00:00,10189.085180923657
2025-06-27 22:00:00+00:00,10189.085180923657
2025-06-27 23:00:00+00:00,10189.085180923657
2025-06-28 00:00:00+00:00,10189.085180923657
2025-06-28 01:00:00+00:00,10189.085180923657
2025-06-28 02:00:00+00:00,10189.085180923657
2025-06-28 03:00:00+00:00,10189.085180923657
2025-06-28 04:00:00+00:00,10189.085180923657
2025-06-28 05:00:00+00:00,10189.085180923657
2025-06-28 06:00:00+00:00,10189.085180923657
2025-06-28 07:00:00+00:00,10189.085180923657
2025-06-28 08:00:00+00:00,10189.085180923657
2025-06-28 09:00:00+00:00,10189.085180923657
2025-06-28 10:00:00+00:00,10189.085180923657
2025-06-28 11:00:00+00:00,10189.085180923657
2025-06-28 12:00:00+00:00,10189.085180923657
2025-06-28 13:00:00+00:00,10189.085180923657
2025-06-28 14:00:00+00:00,10189.085180923657
2025-06-28 15:00:00+00:00,10189.085180923657
2025-06-28 16:00:00+00:00,10189.085180923657
2025-06-28 17:00:00+00:00,10189.085180923657
2025-06-28 18:00:00+00:00,10189.085180923657
2025-06-28 19:00:00+00:00,10189.085180923657
2025-06-28 20:00:00+00:00,10189.085180923657
2025-06-28 21:00:00+00:00,10189.085180923657
2025-06-28 22:00:00+00:00,10189.085180923657
2025-06-28 23:00:00+00:00,10189.085180923657
2025-06-29 00:00:00+00:00,10189.085180923657
2025-06-29 01:00:00+00:00,10189.085180923657
2025-06-29 02:00:00+00:00,10189.085180923657
2025-06-29 03:00:00+00:00,10189.085180923657
2025-06-29 04:00:00+00:00,10189.085180923657
2025-06-29 05:00:00+00:00,10189.085180923657
2025-06-29 06:00:00+00:00,10189.085180923657
2025-06-29 07:00:00+00:00,10189.085180923657
2025-06-29 08:00:00+00:00,10189.085180923657
2025-06-29 09:00:00+00:00,10189.085180923657
2025-06-29 10:00:00+00:00,10189.085180923657
2025-06-29 11:00:00+00:00,10189.085180923657
2025-06-29 12:00:00+00:00,10189.085180923657
2025-06-29 13:00:00+00:00,10153.633125495591
2025-06-29 14:00:00+00:00,10141.05022549559
2025-06-29 15:00:00+00:00,10129.94602549559
2025-06-29 16:00:00+00:00,10096.343082476467
2025-06-29 17:00:00+00:00,10096.343082476467
2025-06-29 18:00:00+00:00,10096.343082476467
2025-06-29 19:00:00+00:00,10096.343082476467
2025-06-29 20:00:00+00:00,10096.343082476467
2025-06-29 21:00:00+00:00,10096.343082476467
2025-06-29 22:00:00+00:00,10096.343082476467
2025-06-29 23:00:00+00:00,10096.343082476467
2025-06-30 00:00:00+00:00,10096.343082476467
2025-06-30 01:00:00+00:00,10096.343082476467
2025-06-30 02:00:00+00:00,10067.922397379356
2025-06-30 03:00:00+00:00,10065.677597379356
2025-06-30 04:00:00+00:00,10068.225997379355
2025-06-30 05:00:00+00:00,10050.681597379356
2025-06-30 06:00:00+00:00,10046.937197379357
2025-06-30 07:00:00+00:00,9997.918824770653
2025-06-30 08:00:00+00:00,9997.918824770653
2025-06-30 09:00:00+00:00,9997.918824770653
2025-06-30 10:00:00+00:00,9997.918824770653
2025-06-30 11:00:00+00:00,9997.918824770653
2025-06-30 12:00:00+00:00,9997.918824770653
2025-06-30 13:00:00+00:00,9997.918824770653
2025-06-30 14:00:00+00:00,9997.918824770653
2025-06-30 15:00:00+00:00,9997.918824770653
2025-06-30 16:00:00+00:00,9997.918824770653
2025-06-30 17:00:00+00:00,9997.918824770653
2025-06-30 18:00:00+00:00,9997.918824770653
2025-06-30 19:00:00+00:00,9997.918824770653
2025-06-30 20:00:00+00:00,9997.918824770653
2025-06-30 21:00:00+00:00,9997.918824770653
2025-06-30 22:00:00+00:00,9997.918824770653
2025-06-30 23:00:00+00:00,9997.918824770653
2025-07-01 00:00:00+00:00,9997.918824770653
2025-07-01 01:00:00+00:00,9997.918824770653
2025-07-01 02:00:00+00:00,9997.918824770653
2025-07-01 03:00:00+00:00,9997.918824770653
2025-07-01 04:00:00+00:00,9997.918824770653
2025-07-01 05:00:00+00:00,9997.918824770653
2025-07-01 06:00:00+00:00,9997.918824770653
2025-07-01 07:00:00+00:00,9997.918824770653
2025-07-01 08:00:00+00:00,9997.918824770653
2025-07-01 09:00:00+00:00,9997.918824770653
2025-07-01 10:00:00+00:00,9997.918824770653
2025-07-01 11:00:00+00:00,9997.918824770653
2025-07-01 12:00:00+00:00,9997.918824770653
2025-07-01 13:00:00+00:00,9997.918824770653
2025-07-01 14:00:00+00:00,9997.918824770653
2025-07-01 15:00:00+00:00,9997.918824770653
2025-07-01 16:00:00+00:00,9997.918824770653
2025-07-01 17:00:00+00:00,9997.918824770653
2025-07-01 18:00:00+00:00,9997.918824770653
2025-07-01 19:00:00+00:00,9997.918824770653
2025-07-01 20:00:00+00:00,9997.918824770653
2025-07-01 21:00:00+00:00,9997.918824770653
2025-07-01 22:00:00+00:00,9997.918824770653
2025-07-01 23:00:00+00:00,9997.918824770653
2025-07-02 00:00:00+00:00,9997.918824770653
2025-07-02 01:00:00+00:00,9997.918824770653
2025-07-02 02:00:00+00:00,9997.918824770653
2025-07-02 03:00:00+00:00,9997.918824770653
2025-07-02 04:00:00+00:00,9997.918824770653
2025-07-02 05:00:00+00:00,9997.918824770653
2025-07-02 06:00:00+00:00,9997.918824770653
2025-07-02 07:00:00+00:00,9997.918824770653
2025-07-02 08:00:00+00:00,9997.918824770653
2025-07-02 09:00:00+00:00,9997.918824770653
2025-07-02 10:00:00+00:00,9997.918824770653
2025-07-02 11:00:00+00:00,9997.918824770653
2025-07-02 12:00:00+00:00,9997.918824770653
2025-07-02 13:00:00+00:00,9997.918824770653
2025-07-02 14:00:00+00:00,9997.918824770653
2025-07-02 15:00:00+00:00,9997.918824770653
2025-07-02 16:00:00+00:00,9997.918824770653
2025-07-02 17:00:00+00:00,9997.918824770653
2025-07-02 18:00:00+00:00,9963.424653474704
2025-07-02 19:00:00+00:00,9998.368653474705
2025-07-02 20:00:00+00:00,10012.200653474703
2025-07-02 21:00:00+00:00,9962.987853474704
2025-07-02 22:00:00+00:00,9991.261553474704
2025-07-02 23:00:00+00:00,9964.152653474704
2025-07-03 00:00:00+00:00,9936.470453474705
2025-07-03 01:00:00+00:00,9943.619821738865
2025-07-03 02:00:00+00:00,9948.351821738865
2025-07-03 03:00:00+00:00,9906.463952161053
2025-07-03 04:00:00+00:00,9906.463952161053
2025-07-03 05:00:00+00:00,9906.463952161053
2025-07-03 06:00:00+00:00,9906.463952161053
2025-07-03 07:00:00+00:00,9906.463952161053
2025-07-03 08:00:00+00:00,9906.463952161053
2025-07-03 09:00:00+00:00,9906.463952161053
2025-07-03 10:00:00+00:00,9906.463952161053
2025-07-03 11:00:00+00:00,9887.696903707414
2025-07-03 12:00:00+00:00,9866.762903707413
2025-07-03 13:00:00+00:00,9792.947436559918
2025-07-03 14:00:00+00:00,9792.947436559918
2025-07-03 15:00:00+00:00,9792.947436559918
2025-07-03 16:00:00+00:00,9792.947436559918
2025-07-03 17:00:00+00:00,9792.947436559918
2025-07-03 18:00:00+00:00,9792.947436559918
2025-07-03 19:00:00+00:00,9792.947436559918
2025-07-03 20:00:00+00:00,9792.947436559918
2025-07-03 21:00:00+00:00,9792.947436559918
2025-07-03 22:00:00+00:00,9792.947436559918
2025-07-03 23:00:00+00:00,9792.947436559918
2025-07-04 00:00:00+00:00,9792.947436559918
2025-07-04 01:00:00+00:00,9792.947436559918
2025-07-04 02:00:00+00:00,9792.947436559918
2025-07-04 03:00:00+00:00,9792.947436559918
2025-07-04 04:00:00+00:00,9792.947436559918
2025-07-04 05:00:00+00:00,9792.947436559918
2025-07-04 06:00:00+00:00,9792.947436559918
2025-07-04 07:00:00+00:00,9792.947436559918
2025-07-04 08:00:00+00:00,9792.947436559918
2025-07-04 09:00:00+00:00,9792.947436559918
2025-07-04 10:00:00+00:00,9792.947436559918
2025-07-04 11:00:00+00:00,9792.947436559918
2025-07-04 12:00:00+00:00,9792.947436559918
2025-07-04 13:00:00+00:00,9792.947436559918
2025-07-04 14:00:00+00:00,9792.947436559918
2025-07-04 15:00:00+00:00,9792.947436559918
2025-07-04 16:00:00+00:00,9792.947436559918
2025-07-04 17:00:00+00:00,9792.947436559918
2025-07-04 18:00:00+00:00,9792.947436559918
2025-07-04 19:00:00+00:00,9792.947436559918
2025-07-04 20:00:00+00:00,9792.947436559918
2025-07-04 21:00:00+00:00,9792.947436559918
2025-07-04 22:00:00+00:00,9792.947436559918
2025-07-04 23:00:00+00:00,9792.947436559918
2025-07-05 00:00:00+00:00,9792.947436559918
2025-07-05 01:00:00+00:00,9792.947436559918
2025-07-05 02:00:00+00:00,9792.947436559918
2025-07-05 03:00:00+00:00,9792.947436559918
2025-07-05 04:00:00+00:00,9792.947436559918
2025-07-05 05:00:00+00:00,9792.947436559918
2025-07-05 06:00:00+00:00,9792.947436559918
2025-07-05 07:00:00+00:00,9792.947436559918
2025-07-05 08:00:00+00:00,9792.947436559918
2025-07-05 09:00:00+00:00,9792.947436559918
2025-07-05 10:00:00+00:00,9792.947436559918
2025-07-05 11:00:00+00:00,9792.947436559918
2025-07-05 12:00:00+00:00,9792.947436559918
2025-07-05 13:00:00+00:00,9792.947436559918
2025-07-05 14:00:00+00:00,9792.947436559918
2025-07-05 15:00:00+00:00,9792.947436559918
2025-07-05 16:00:00+00:00,9792.947436559918
2025-07-05 17:00:00+00:00,9792.947436559918
2025-07-05 18:00:00+00:00,9792.947436559918
2025-07-05 19:00:00+00:00,9792.947436559918
2025-07-05 20:00:00+00:00,9792.947436559918
2025-07-05 21:00:00+00:00,9792.947436559918
2025-07-05 22:00:00+00:00,9792.947436559918
2025-07-05 23:00:00+00:00,9792.947436559918
2025-07-06 00:00:00+00:00,9792.947436559918
2025-07-06 01:00:00+00:00,9792.947436559918
2025-07-06 02:00:00+00:00,9792.947436559918
2025-07-06 03:00:00+00:00,9792.947436559918
2025-07-06 04:00:00+00:00,9792.947436559918
2025-07-06 05:00:00+00:00,9792.947436559918
2025-07-06 06:00:00+00:00,9792.947436559918
2025-07-06 07:00:00+00:00,9792.947436559918
2025-07-06 08:00:00+00:00,9792.947436559918
2025-07-06 09:00:00+00:00,9792.947436559918
2025-07-06 10:00:00+00:00,9792.947436559918
2025-07-06 11:00:00+00:00,9792.947436559918
2025-07-06 12:00:00+00:00,9792.947436559918
2025-07-06 13:00:00+00:00,9792.947436559918
2025-07-06 14:00:00+00:00,9792.947436559918
2025-07-06 15:00:00+00:00,9792.947436559918
2025-07-06 16:00:00+00:00,9792.947436559918
2025-07-06 17:00:00+00:00,9792.947436559918
2025-07-06 18:00:00+00:00,9792.947436559918
2025-07-06 19:00:00+00:00,9792.947436559918
2025-07-06 20:00:00+00:00,9792.947436559918
2025-07-06 21:00:00+00:00,9792.947436559918
2025-07-06 22:00:00+00:00,9792.947436559918
2025-07-06 23:00:00+00:00,9792.947436559918
2025-07-07 00:00:00+00:00,9792.947436559918
2025-07-07 01:00:00+00:00,9792.947436559918
2025-07-07 02:00:00+00:00,9792.947436559918
2025-07-07 03:00:00+00:00,9792.947436559918
2025-07-07 04:00:00+00:00,9792.947436559918
2025-07-07 05:00:00+00:00,9792.947436559918
2025-07-07 06:00:00+00:00,9792.947436559918
2025-07-07 07:00:00+00:00,9792.947436559918
2025-07-07 08:00:00+00:00,9792.947436559918
2025-07-07 09:00:00+00:00,9792.947436559918
2025-07-07 10:00:00+00:00,9792.947436559918
2025-07-07 11:00:00+00:00,9792.947436559918
2025-07-07 12:00:00+00:00,9792.947436559918
2025-07-07 13:00:00+00:00,9792.947436559918
2025-07-07 14:00:00+00:00,9792.947436559918
2025-07-07 15:00:00+00:00,9792.947436559918
2025-07-07 16:00:00+00:00,9792.947436559918
2025-07-07 17:00:00+00:00,9792.947436559918
2025-07-07 18:00:00+00:00,9792.947436559918
2025-07-07 19:00:00+00:00,9792.947436559918
2025-07-07 20:00:00+00:00,9792.947436559918
2025-07-07 21:00:00+00:00,9792.947436559918
2025-07-07 22:00:00+00:00,9792.947436559918
2025-07-07 23:00:00+00:00,9792.947436559918
2025-07-08 00:00:00+00:00,9792.947436559918
2025-07-08 01:00:00+00:00,9792.947436559918
2025-07-08 02:00:00+00:00,9792.947436559918
2025-07-08 03:00:00+00:00,9792.947436559918
2025-07-08 04:00:00+00:00,9792.947436559918
2025-07-08 05:00:00+00:00,9792.947436559918
2025-07-08 06:00:00+00:00,9792.947436559918
2025-07-08 07:00:00+00:00,9792.947436559918
2025-07-08 08:00:00+00:00,9792.947436559918
2025-07-08 09:00:00+00:00,9792.947436559918
2025-07-08 10:00:00+00:00,9792.947436559918
2025-07-08 11:00:00+00:00,9792.947436559918
2025-07-08 12:00:00+00:00,9792.947436559918
2025-07-08 13:00:00+00:00,9792.947436559918
2025-07-08 14:00:00+00:00,9792.947436559918
2025-07-08 15:00:00+00:00,9792.947436559918
2025-07-08 16:00:00+00:00,9792.947436559918
2025-07-08 17:00:00+00:00,9792.947436559918
2025-07-08 18:00:00+00:00,9792.947436559918
2025-07-08 19:00:00+00:00,9792.947436559918
2025-07-08 20:00:00+00:00,9792.947436559918
2025-07-08 21:00:00+00:00,9792.947436559918
2025-07-08 22:00:00+00:00,9792.947436559918
2025-07-08 23:00:00+00:00,9792.947436559918
2025-07-09 00:00:00+00:00,9792.947436559918
2025-07-09 01:00:00+00:00,9792.947436559918
2025-07-09 02:00:00+00:00,9792.947436559918
2025-07-09 03:00:00+00:00,9792.947436559918
2025-07-09 04:00:00+00:00,9792.947436559918
2025-07-09 05:00:00+00:00,9792.947436559918
2025-07-09 06:00:00+00:00,9792.947436559918
2025-07-09 07:00:00+00:00,9792.947436559918
2025-07-09 08:00:00+00:00,9792.947436559918
2025-07-09 09:00:00+00:00,9792.947436559918
2025-07-09 10:00:00+00:00,9792.947436559918
2025-07-09 11:00:00+00:00,9792.947436559918
2025-07-09 12:00:00+00:00,9792.947436559918
2025-07-09 13:00:00+00:00,9792.947436559918
2025-07-09 14:00:00+00:00,9792.947436559918
2025-07-09 15:00:00+00:00,9792.947436559918
2025-07-09 16:00:00+00:00,9792.947436559918
2025-07-09 17:00:00+00:00,9792.947436559918
2025-07-09 18:00:00+00:00,9792.947436559918
2025-07-09 19:00:00+00:00,9792.947436559918
2025-07-09 20:00:00+00:00,9792.947436559918
2025-07-09 21:00:00+00:00,9700.400083204995
2025-07-09 22:00:00+00:00,9710.039083204996
2025-07-09 23:00:00+00:00,9754.038283204996
2025-07-10 00:00:00+00:00,9743.305783204996
2025-07-10 01:00:00+00:00,9715.4625460811
2025-07-10 02:00:00+00:00,9739.009246081101
2025-07-10 03:00:00+00:00,9740.7183460811
2025-07-10 04:00:00+00:00,9728.4063460811
2025-07-10 05:00:00+00:00,9735.7773460811
2025-07-10 06:00:00+00:00,9731.2413460811
2025-07-10 07:00:00+00:00,9741.0261460811
2025-07-10 08:00:00+00:00,9741.1233460811
2025-07-10 09:00:00+00:00,9740.68539210714
2025-07-10 10:00:00+00:00,9726.785792107139
2025-07-10 11:00:00+00:00,9730.49559210714
2025-07-10 12:00:00+00:00,9725.36829210714
2025-07-10 13:00:00+00:00,9712.05189210714
2025-07-10 14:00:00+00:00,9707.92089210714
2025-07-10 15:00:00+00:00,9742.32159210714
2025-07-10 16:00:00+00:00,9754.94949210714
2025-07-10 17:00:00+00:00,9856.842067909962
2025-07-10 18:00:00+00:00,9943.576867909962
2025-07-10 19:00:00+00:00,9918.717967909963
2025-07-10 20:00:00+00:00,9906.746167909963
2025-07-10 21:00:00+00:00,9922.079467909962
2025-07-10 22:00:00+00:00,10051.295522831017
2025-07-10 23:00:00+00:00,10018.980245344495
2025-07-11 00:00:00+00:00,10018.718045344494
2025-07-11 01:00:00+00:00,9993.706485244495
2025-07-11 02:00:00+00:00,10015.486185244494
2025-07-11 03:00:00+00:00,10054.833285244495
2025-07-11 04:00:00+00:00,10067.242185244493
2025-07-11 05:00:00+00:00,10068.045885244494
2025-07-11 06:00:00+00:00,10122.754485244495
2025-07-11 07:00:00+00:00,10112.175285244493
2025-07-11 08:00:00+00:00,10106.555085244494
2025-07-11 09:00:00+00:00,10130.098675324492
2025-07-11 10:00:00+00:00,10158.119875324493
2025-07-11 11:00:00+00:00,10131.335575324494
2025-07-11 12:00:00+00:00,10121.537275324494
2025-07-11 13:00:00+00:00,10124.353075324494
2025-07-11 14:00:00+00:00,10130.583175324493
2025-07-11 15:00:00+00:00,10123.537975324494
2025-07-11 16:00:00+00:00,10059.267769366976
2025-07-11 17:00:00+00:00,10059.267769366976
2025-07-11 18:00:00+00:00,10059.267769366976
2025-07-11 19:00:00+00:00,10059.267769366976
2025-07-11 20:00:00+00:00,10059.267769366976
2025-07-11 21:00:00+00:00,10059.267769366976
2025-07-11 22:00:00+00:00,10059.267769366976
2025-07-11 23:00:00+00:00,10059.267769366976
2025-07-12 00:00:00+00:00,10059.267769366976
2025-07-12 01:00:00+00:00,10059.267769366976
2025-07-12 02:00:00+00:00,10059.267769366976
2025-07-12 03:00:00+00:00,10059.267769366976
2025-07-12 04:00:00+00:00,10059.267769366976
2025-07-12 05:00:00+00:00,10059.267769366976
2025-07-12 06:00:00+00:00,10059.267769366976
2025-07-12 07:00:00+00:00,10059.267769366976
2025-07-12 08:00:00+00:00,10059.267769366976
2025-07-12 09:00:00+00:00,10059.267769366976
2025-07-12 10:00:00+00:00,10059.267769366976
2025-07-12 11:00:00+00:00,10059.267769366976
2025-07-12 12:00:00+00:00,10059.267769366976
2025-07-12 13:00:00+00:00,10059.267769366976
2025-07-12 14:00:00+00:00,10059.267769366976
2025-07-12 15:00:00+00:00,10059.267769366976
2025-07-12 16:00:00+00:00,10059.267769366976
2025-07-12 17:00:00+00:00,10059.267769366976
2025-07-12 18:00:00+00:00,10059.267769366976
2025-07-12 19:00:00+00:00,10059.267769366976
2025-07-12 20:00:00+00:00,10059.267769366976
2025-07-12 21:00:00+00:00,10059.267769366976
2025-07-12 22:00:00+00:00,10059.267769366976
2025-07-12 23:00:00+00:00,10059.267769366976
2025-07-13 00:00:00+00:00,10059.267769366976
2025-07-13 01:00:00+00:00,10059.267769366976
2025-07-13 02:00:00+00:00,10059.267769366976
2025-07-13 03:00:00+00:00,10059.267769366976
2025-07-13 04:00:00+00:00,10059.267769366976
2025-07-13 05:00:00+00:00,10059.267769366976
2025-07-13 06:00:00+00:00,10059.267769366976
2025-07-13 07:00:00+00:00,10059.267769366976
2025-07-13 08:00:00+00:00,10059.267769366976
2025-07-13 09:00:00+00:00,10059.267769366976
2025-07-13 10:00:00+00:00,10059.267769366976
2025-07-13 11:00:00+00:00,10059.267769366976
2025-07-13 12:00:00+00:00,10059.267769366976
2025-07-13 13:00:00+00:00,10059.267769366976
2025-07-13 14:00:00+00:00,10059.267769366976
2025-07-13 15:00:00+00:00,10059.267769366976
2025-07-13 16:00:00+00:00,10059.267769366976
2025-07-13 17:00:00+00:00,10059.267769366976
2025-07-13 18:00:00+00:00,10059.267769366976
2025-07-13 19:00:00+00:00,10059.267769366976
2025-07-13 20:00:00+00:00,10059.267769366976
2025-07-13 21:00:00+00:00,10059.267769366976
2025-07-13 22:00:00+00:00,10059.267769366976
2025-07-13 23:00:00+00:00,10059.267769366976
2025-07-14 00:00:00+00:00,10059.267769366976
2025-07-14 01:00:00+00:00,10059.267769366976
2025-07-14 02:00:00+00:00,10059.267769366976
2025-07-14 03:00:00+00:00,10059.267769366976
2025-07-14 04:00:00+00:00,10145.53706069277
2025-07-14 05:00:00+00:00,10195.088060692771
2025-07-14 06:00:00+00:00,10283.81506069277
2025-07-14 07:00:00+00:00,10257.41276069277
2025-07-14 08:00:00+00:00,10321.004555306354
2025-07-14 09:00:00+00:00,10302.141069497648
2025-07-14 10:00:00+00:00,10266.168069497648
2025-07-14 11:00:00+00:00,10262.255769497648
2025-07-14 12:00:00+00:00,10234.668069497648
2025-07-14 13:00:00+00:00,10261.254069497649
2025-07-14 14:00:00+00:00,10246.770369497648
2025-07-14 15:00:00+00:00,10201.265273257502
2025-07-14 16:00:00+00:00,10201.265273257502
2025-07-14 17:00:00+00:00,10201.265273257502
2025-07-14 18:00:00+00:00,10201.265273257502
2025-07-14 19:00:00+00:00,10201.265273257502
2025-07-14 20:00:00+00:00,10201.265273257502
2025-07-14 21:00:00+00:00,10201.265273257502
2025-07-14 22:00:00+00:00,10201.265273257502
2025-07-14 23:00:00+00:00,10201.265273257502
2025-07-15 00:00:00+00:00,10201.265273257502
2025-07-15 01:00:00+00:00,10201.265273257502
2025-07-15 02:00:00+00:00,10201.265273257502
2025-07-15 03:00:00+00:00,10201.265273257502
2025-07-15 04:00:00+00:00,10201.265273257502
2025-07-15 05:00:00+00:00,10201.265273257502
2025-07-15 06:00:00+00:00,10201.265273257502
2025-07-15 07:00:00+00:00,10201.265273257502
2025-07-15 08:00:00+00:00,10201.265273257502
2025-07-15 09:00:00+00:00,10201.265273257502
2025-07-15 10:00:00+00:00,10201.265273257502
2025-07-15 11:00:00+00:00,10201.265273257502
2025-07-15 12:00:00+00:00,10201.265273257502
2025-07-15 13:00:00+00:00,10201.265273257502
2025-07-15 14:00:00+00:00,10201.265273257502
2025-07-15 15:00:00+00:00,10201.265273257502
2025-07-15 16:00:00+00:00,10201.265273257502
2025-07-15 17:00:00+00:00,10201.265273257502
2025-07-15 18:00:00+00:00,10201.265273257502
2025-07-15 19:00:00+00:00,10201.265273257502
2025-07-15 20:00:00+00:00,10201.265273257502
2025-07-15 21:00:00+00:00,10201.265273257502
2025-07-15 22:00:00+00:00,10201.265273257502
2025-07-15 23:00:00+00:00,10201.265273257502
2025-07-16 00:00:00+00:00,10201.265273257502
2025-07-16 01:00:00+00:00,10201.265273257502
2025-07-16 02:00:00+00:00,10201.265273257502
2025-07-16 03:00:00+00:00,10201.265273257502
2025-07-16 04:00:00+00:00,10201.265273257502
2025-07-16 05:00:00+00:00,10201.265273257502
2025-07-16 06:00:00+00:00,10201.265273257502
2025-07-16 07:00:00+00:00,10201.265273257502
2025-07-16 08:00:00+00:00,10201.265273257502
2025-07-16 09:00:00+00:00,10201.265273257502
2025-07-16 10:00:00+00:00,10201.265273257502
2025-07-16 11:00:00+00:00,10201.265273257502
2025-07-16 12:00:00+00:00,10201.265273257502
2025-07-16 13:00:00+00:00,10201.265273257502
2025-07-16 14:00:00+00:00,10201.265273257502
2025-07-16 15:00:00+00:00,10201.265273257502
2025-07-16 16:00:00+00:00,10201.265273257502
2025-07-16 17:00:00+00:00,10201.265273257502
2025-07-16 18:00:00+00:00,10201.265273257502
2025-07-16 19:00:00+00:00,10201.265273257502
2025-07-16 20:00:00+00:00,10201.265273257502
2025-07-16 21:00:00+00:00,10201.265273257502
2025-07-16 22:00:00+00:00,10201.265273257502
2025-07-16 23:00:00+00:00,10201.265273257502
2025-07-17 00:00:00+00:00,10201.265273257502
2025-07-17 01:00:00+00:00,10201.265273257502
2025-07-17 02:00:00+00:00,10201.265273257502
2025-07-17 03:00:00+00:00,10201.265273257502
2025-07-17 04:00:00+00:00,10201.265273257502
2025-07-17 05:00:00+00:00,10201.265273257502
2025-07-17 06:00:00+00:00,10201.265273257502
2025-07-17 07:00:00+00:00,10201.265273257502
2025-07-17 08:00:00+00:00,10201.265273257502
2025-07-17 09:00:00+00:00,10201.265273257502
2025-07-17 10:00:00+00:00,10201.265273257502
2025-07-17 11:00:00+00:00,10201.265273257502
2025-07-17 12:00:00+00:00,10201.265273257502
2025-07-17 13:00:00+00:00,10201.265273257502
2025-07-17 14:00:00+00:00,10201.265273257502
2025-07-17 15:00:00+00:00,10201.265273257502
2025-07-17 16:00:00+00:00,10201.265273257502
2025-07-17 17:00:00+00:00,10201.265273257502
2025-07-17 18:00:00+00:00,10201.265273257502
2025-07-17 19:00:00+00:00,10201.265273257502
2025-07-17 20:00:00+00:00,10201.265273257502
2025-07-17 21:00:00+00:00,10201.265273257502
2025-07-17 22:00:00+00:00,10201.265273257502
2025-07-17 23:00:00+00:00,10201.265273257502
2025-07-18 00:00:00+00:00,10201.265273257502
2025-07-18 01:00:00+00:00,10201.265273257502
2025-07-18 02:00:00+00:00,10201.265273257502
2025-07-18 03:00:00+00:00,10201.265273257502
2025-07-18 04:00:00+00:00,10201.265273257502
2025-07-18 05:00:00+00:00,10201.265273257502
2025-07-18 06:00:00+00:00,10201.265273257502
2025-07-18 07:00:00+00:00,10201.265273257502
2025-07-18 08:00:00+00:00,10201.265273257502
2025-07-18 09:00:00+00:00,10201.265273257502
2025-07-18 10:00:00+00:00,10201.265273257502
2025-07-18 11:00:00+00:00,10201.265273257502
2025-07-18 12:00:00+00:00,10201.265273257502
2025-07-18 13:00:00+00:00,10201.265273257502
2025-07-18 14:00:00+00:00,10201.265273257502
2025-07-18 15:00:00+00:00,10201.265273257502
2025-07-18 16:00:00+00:00,10201.265273257502
2025-07-18 17:00:00+00:00,10201.265273257502
2025-07-18 18:00:00+00:00,10201.265273257502
2025-07-18 19:00:00+00:00,10201.265273257502
2025-07-18 20:00:00+00:00,10201.265273257502
2025-07-18 21:00:00+00:00,10201.265273257502
2025-07-18 22:00:00+00:00,10201.265273257502
2025-07-18 23:00:00+00:00,10201.265273257502
2025-07-19 00:00:00+00:00,10201.265273257502
2025-07-19 01:00:00+00:00,10201.265273257502
2025-07-19 02:00:00+00:00,10201.265273257502
2025-07-19 03:00:00+00:00,10201.265273257502
2025-07-19 04:00:00+00:00,10201.265273257502
2025-07-19 05:00:00+00:00,10201.265273257502
2025-07-19 06:00:00+00:00,10201.265273257502
2025-07-19 07:00:00+00:00,10201.265273257502
2025-07-19 08:00:00+00:00,10201.265273257502
2025-07-19 09:00:00+00:00,10201.265273257502
2025-07-19 10:00:00+00:00,10201.265273257502
2025-07-19 11:00:00+00:00,10201.265273257502
2025-07-19 12:00:00+00:00,10201.265273257502
2025-07-19 13:00:00+00:00,10201.265273257502
2025-07-19 14:00:00+00:00,10201.265273257502
2025-07-19 15:00:00+00:00,10201.265273257502
2025-07-19 16:00:00+00:00,10201.265273257502
2025-07-19 17:00:00+00:00,10201.265273257502
2025-07-19 18:00:00+00:00,10201.265273257502
2025-07-19 19:00:00+00:00,10201.265273257502
2025-07-19 20:00:00+00:00,10201.265273257502
2025-07-19 21:00:00+00:00,10201.265273257502
2025-07-19 22:00:00+00:00,10201.265273257502
2025-07-19 23:00:00+00:00,10201.265273257502
2025-07-20 00:00:00+00:00,10201.265273257502
2025-07-20 01:00:00+00:00,10201.265273257502
2025-07-20 02:00:00+00:00,10201.265273257502
2025-07-20 03:00:00+00:00,10201.265273257502
2025-07-20 04:00:00+00:00,10201.265273257502
2025-07-20 05:00:00+00:00,10201.265273257502
2025-07-20 06:00:00+00:00,10201.265273257502
2025-07-20 07:00:00+00:00,10201.265273257502
2025-07-20 08:00:00+00:00,10201.265273257502
2025-07-20 09:00:00+00:00,10201.265273257502
2025-07-20 10:00:00+00:00,10201.265273257502
2025-07-20 11:00:00+00:00,10201.265273257502
2025-07-20 12:00:00+00:00,10201.265273257502
2025-07-20 13:00:00+00:00,10201.265273257502
2025-07-20 14:00:00+00:00,10201.265273257502
2025-07-20 15:00:00+00:00,10201.265273257502
2025-07-20 16:00:00+00:00,10201.265273257502
2025-07-20 17:00:00+00:00,10201.265273257502
2025-07-20 18:00:00+00:00,10201.265273257502
2025-07-20 19:00:00+00:00,10201.265273257502
2025-07-20 20:00:00+00:00,10201.265273257502
2025-07-20 21:00:00+00:00,10201.265273257502
2025-07-20 22:00:00+00:00,10201.265273257502
2025-07-20 23:00:00+00:00,10201.265273257502
2025-07-21 00:00:00+00:00,10201.265273257502
2025-07-21 01:00:00+00:00,10201.265273257502
2025-07-21 02:00:00+00:00,10201.265273257502
2025-07-21 03:00:00+00:00,10201.265273257502
2025-07-21 04:00:00+00:00,10201.265273257502
2025-07-21 05:00:00+00:00,10201.265273257502
2025-07-21 06:00:00+00:00,10201.265273257502
2025-07-21 07:00:00+00:00,10201.265273257502
2025-07-21 08:00:00+00:00,10201.265273257502
2025-07-21 09:00:00+00:00,10201.265273257502
2025-07-21 10:00:00+00:00,10201.265273257502
2025-07-21 11:00:00+00:00,10201.265273257502
2025-07-21 12:00:00+00:00,10201.265273257502
2025-07-21 13:00:00+00:00,10201.265273257502
2025-07-21 14:00:00+00:00,10201.265273257502
2025-07-21 15:00:00+00:00,10201.265273257502
2025-07-21 16:00:00+00:00,10201.265273257502
2025-07-21 17:00:00+00:00,10201.265273257502
2025-07-21 18:00:00+00:00,10201.265273257502
2025-07-21 19:00:00+00:00,10201.265273257502
2025-07-21 20:00:00+00:00,10201.265273257502
2025-07-21 21:00:00+00:00,10201.265273257502
2025-07-21 22:00:00+00:00,10201.265273257502
2025-07-21 23:00:00+00:00,10201.265273257502
2025-07-22 00:00:00+00:00,10201.265273257502
2025-07-22 01:00:00+00:00,10201.265273257502
2025-07-22 02:00:00+00:00,10201.265273257502
2025-07-22 03:00:00+00:00,10201.265273257502
2025-07-22 04:00:00+00:00,10201.265273257502
2025-07-22 05:00:00+00:00,10201.265273257502
2025-07-22 06:00:00+00:00,10201.265273257502
2025-07-22 07:00:00+00:00,10201.265273257502
2025-07-22 08:00:00+00:00,10201.265273257502
2025-07-22 09:00:00+00:00,10201.265273257502
2025-07-22 10:00:00+00:00,10201.265273257502
2025-07-22 11:00:00+00:00,10201.265273257502
2025-07-22 12:00:00+00:00,10201.265273257502
2025-07-22 13:00:00+00:00,10201.265273257502
2025-07-22 14:00:00+00:00,10201.265273257502
2025-07-22 15:00:00+00:00,10201.265273257502
2025-07-22 16:00:00+00:00,10201.265273257502
2025-07-22 17:00:00+00:00,10201.265273257502
2025-07-22 18:00:00+00:00,10201.265273257502
2025-07-22 19:00:00+00:00,10201.265273257502
2025-07-22 20:00:00+00:00,10201.265273257502
2025-07-22 21:00:00+00:00,10201.265273257502
2025-07-22 22:00:00+00:00,10201.265273257502
2025-07-22 23:00:00+00:00,10201.265273257502
2025-07-23 00:00:00+00:00,10201.265273257502
2025-07-23 01:00:00+00:00,10201.265273257502
2025-07-23 02:00:00+00:00,10201.265273257502
2025-07-23 03:00:00+00:00,10201.265273257502
2025-07-23 04:00:00+00:00,10201.265273257502
2025-07-23 05:00:00+00:00,10201.265273257502
2025-07-23 06:00:00+00:00,10201.265273257502
2025-07-23 07:00:00+00:00,10201.265273257502
2025-07-23 08:00:00+00:00,10201.265273257502
2025-07-23 09:00:00+00:00,10201.265273257502
2025-07-23 10:00:00+00:00,10201.265273257502
2025-07-23 11:00:00+00:00,10201.265273257502
2025-07-23 12:00:00+00:00,10201.265273257502
2025-07-23 13:00:00+00:00,10201.265273257502
2025-07-23 14:00:00+00:00,10201.265273257502
2025-07-23 15:00:00+00:00,10201.265273257502
2025-07-23 16:00:00+00:00,10201.265273257502
2025-07-23 17:00:00+00:00,10201.265273257502
2025-07-23 18:00:00+00:00,10201.265273257502
2025-07-23 19:00:00+00:00,10201.265273257502
2025-07-23 20:00:00+00:00,10201.265273257502
2025-07-23 21:00:00+00:00,10201.265273257502
2025-07-23 22:00:00+00:00,10201.265273257502
2025-07-23 23:00:00+00:00,10201.265273257502
2025-07-24 00:00:00+00:00,10201.265273257502
2025-07-24 01:00:00+00:00,10201.265273257502
2025-07-24 02:00:00+00:00,10201.265273257502
2025-07-24 03:00:00+00:00,10201.265273257502
2025-07-24 04:00:00+00:00,10201.265273257502
2025-07-24 05:00:00+00:00,10201.265273257502
2025-07-24 06:00:00+00:00,10201.265273257502
2025-07-24 07:00:00+00:00,10201.265273257502
2025-07-24 08:00:00+00:00,10201.265273257502
2025-07-24 09:00:00+00:00,10201.265273257502
2025-07-24 10:00:00+00:00,10201.265273257502
2025-07-24 11:00:00+00:00,10201.265273257502
2025-07-24 12:00:00+00:00,10201.265273257502
2025-07-24 13:00:00+00:00,10201.265273257502
2025-07-24 14:00:00+00:00,10201.265273257502
2025-07-24 15:00:00+00:00,10201.265273257502
2025-07-24 16:00:00+00:00,10201.265273257502
2025-07-24 17:00:00+00:00,10201.265273257502
2025-07-24 18:00:00+00:00,10201.265273257502
2025-07-24 19:00:00+00:00,10201.265273257502
2025-07-24 20:00:00+00:00,10201.265273257502
2025-07-24 21:00:00+00:00,10201.265273257502
2025-07-24 22:00:00+00:00,10201.265273257502
2025-07-24 23:00:00+00:00,10201.265273257502
2025-07-25 00:00:00+00:00,10201.265273257502
2025-07-25 01:00:00+00:00,10201.265273257502
2025-07-25 02:00:00+00:00,10201.265273257502
2025-07-25 03:00:00+00:00,10201.265273257502
2025-07-25 04:00:00+00:00,10201.265273257502
2025-07-25 05:00:00+00:00,10201.265273257502
2025-07-25 06:00:00+00:00,10201.265273257502
2025-07-25 07:00:00+00:00,10201.265273257502
2025-07-25 08:00:00+00:00,10201.265273257502
2025-07-25 09:00:00+00:00,10201.265273257502
2025-07-25 10:00:00+00:00,10201.265273257502
2025-07-25 11:00:00+00:00,10201.265273257502
2025-07-25 12:00:00+00:00,10201.265273257502
2025-07-25 13:00:00+00:00,10201.265273257502
2025-07-25 14:00:00+00:00,10201.265273257502
2025-07-25 15:00:00+00:00,10201.265273257502
2025-07-25 16:00:00+00:00,10201.265273257502
2025-07-25 17:00:00+00:00,10201.265273257502
2025-07-25 18:00:00+00:00,10201.265273257502
2025-07-25 19:00:00+00:00,10201.265273257502
2025-07-25 20:00:00+00:00,10201.265273257502
2025-07-25 21:00:00+00:00,10201.265273257502
2025-07-25 22:00:00+00:00,10201.265273257502
2025-07-25 23:00:00+00:00,10201.265273257502
2025-07-26 00:00:00+00:00,10201.265273257502
2025-07-26 01:00:00+00:00,10201.265273257502
2025-07-26 02:00:00+00:00,10201.265273257502
2025-07-26 03:00:00+00:00,10201.265273257502
2025-07-26 04:00:00+00:00,10201.265273257502
2025-07-26 05:00:00+00:00,10201.265273257502
2025-07-26 06:00:00+00:00,10201.265273257502
2025-07-26 07:00:00+00:00,10201.265273257502
2025-07-26 08:00:00+00:00,10201.265273257502
2025-07-26 09:00:00+00:00,10201.265273257502
2025-07-26 10:00:00+00:00,10201.265273257502
2025-07-26 11:00:00+00:00,10201.265273257502
2025-07-26 12:00:00+00:00,10201.265273257502
2025-07-26 13:00:00+00:00,10201.265273257502
2025-07-26 14:00:00+00:00,10201.265273257502
2025-07-26 15:00:00+00:00,10201.265273257502
2025-07-26 16:00:00+00:00,10201.265273257502
2025-07-26 17:00:00+00:00,10201.265273257502
2025-07-26 18:00:00+00:00,10201.265273257502
2025-07-26 19:00:00+00:00,10201.265273257502
2025-07-26 20:00:00+00:00,10201.265273257502
2025-07-26 21:00:00+00:00,10201.265273257502
2025-07-26 22:00:00+00:00,10201.265273257502
2025-07-26 23:00:00+00:00,10201.265273257502
2025-07-27 00:00:00+00:00,10201.265273257502
2025-07-27 01:00:00+00:00,10201.265273257502
2025-07-27 02:00:00+00:00,10201.265273257502
2025-07-27 03:00:00+00:00,10201.265273257502
2025-07-27 04:00:00+00:00,10201.265273257502
2025-07-27 05:00:00+00:00,10201.265273257502
2025-07-27 06:00:00+00:00,10201.265273257502
2025-07-27 07:00:00+00:00,10201.265273257502
2025-07-27 08:00:00+00:00,10201.265273257502
2025-07-27 09:00:00+00:00,10201.265273257502
2025-07-27 10:00:00+00:00,10201.265273257502
2025-07-27 11:00:00+00:00,10201.265273257502
2025-07-27 12:00:00+00:00,10201.265273257502
2025-07-27 13:00:00+00:00,10201.265273257502
2025-07-27 14:00:00+00:00,10201.265273257502
2025-07-27 15:00:00+00:00,10201.265273257502
2025-07-27 16:00:00+00:00,10201.265273257502
2025-07-27 17:00:00+00:00,10201.265273257502
2025-07-27 18:00:00+00:00,10201.265273257502
2025-07-27 19:00:00+00:00,10201.265273257502
2025-07-27 20:00:00+00:00,10201.265273257502
2025-07-27 21:00:00+00:00,10201.265273257502
2025-07-27 22:00:00+00:00,10201.265273257502
2025-07-27 23:00:00+00:00,10201.265273257502
2025-07-28 00:00:00+00:00,10201.265273257502
2025-07-28 01:00:00+00:00,10201.265273257502
2025-07-28 02:00:00+00:00,10201.265273257502
2025-07-28 03:00:00+00:00,10201.265273257502
2025-07-28 04:00:00+00:00,10201.265273257502
2025-07-28 05:00:00+00:00,10201.265273257502
2025-07-28 06:00:00+00:00,10201.265273257502
2025-07-28 07:00:00+00:00,10201.265273257502
2025-07-28 08:00:00+00:00,10201.265273257502
2025-07-28 09:00:00+00:00,10201.265273257502
2025-07-28 10:00:00+00:00,10201.265273257502
2025-07-28 11:00:00+00:00,10201.265273257502
2025-07-28 12:00:00+00:00,10201.265273257502
2025-07-28 13:00:00+00:00,10201.265273257502
2025-07-28 14:00:00+00:00,10201.265273257502
2025-07-28 15:00:00+00:00,10201.265273257502
2025-07-28 16:00:00+00:00,10201.265273257502
2025-07-28 17:00:00+00:00,10201.265273257502
2025-07-28 18:00:00+00:00,10201.265273257502
2025-07-28 19:00:00+00:00,10201.265273257502
2025-07-28 20:00:00+00:00,10201.265273257502
2025-07-28 21:00:00+00:00,10201.265273257502
2025-07-28 22:00:00+00:00,10201.265273257502
2025-07-28 23:00:00+00:00,10201.265273257502
2025-07-29 00:00:00+00:00,10201.265273257502
2025-07-29 01:00:00+00:00,10201.265273257502
2025-07-29 02:00:00+00:00,10201.265273257502
2025-07-29 03:00:00+00:00,10201.265273257502
2025-07-29 04:00:00+00:00,10201.265273257502
2025-07-29 05:00:00+00:00,10201.265273257502
2025-07-29 06:00:00+00:00,10201.265273257502
2025-07-29 07:00:00+00:00,10201.265273257502
2025-07-29 08:00:00+00:00,10201.265273257502
2025-07-29 09:00:00+00:00,10201.265273257502
2025-07-29 10:00:00+00:00,10201.265273257502
2025-07-29 11:00:00+00:00,10201.265273257502
2025-07-29 12:00:00+00:00,10201.265273257502
2025-07-29 13:00:00+00:00,10201.265273257502
2025-07-29 14:00:00+00:00,10201.265273257502
2025-07-29 15:00:00+00:00,10201.265273257502
2025-07-29 16:00:00+00:00,10201.265273257502
2025-07-29 17:00:00+00:00,10201.265273257502
2025-07-29 18:00:00+00:00,10201.265273257502
2025-07-29 19:00:00+00:00,10201.265273257502
2025-07-29 20:00:00+00:00,10201.265273257502
2025-07-29 21:00:00+00:00,10201.265273257502
2025-07-29 22:00:00+00:00,10201.265273257502
2025-07-29 23:00:00+00:00,10201.265273257502
2025-07-30 00:00:00+00:00,10201.265273257502
2025-07-30 01:00:00+00:00,10201.265273257502
2025-07-30 02:00:00+00:00,10201.265273257502
2025-07-30 03:00:00+00:00,10201.265273257502
2025-07-30 04:00:00+00:00,10201.265273257502
2025-07-30 05:00:00+00:00,10201.265273257502
2025-07-30 06:00:00+00:00,10201.265273257502
2025-07-30 07:00:00+00:00,10201.265273257502
2025-07-30 08:00:00+00:00,10201.265273257502
2025-07-30 09:00:00+00:00,10201.265273257502
2025-07-30 10:00:00+00:00,10201.265273257502
2025-07-30 11:00:00+00:00,10201.265273257502
2025-07-30 12:00:00+00:00,10201.265273257502
2025-07-30 13:00:00+00:00,10201.265273257502
2025-07-30 14:00:00+00:00,10201.265273257502
2025-07-30 15:00:00+00:00,10201.265273257502
2025-07-30 16:00:00+00:00,10201.265273257502
2025-07-30 17:00:00+00:00,10201.265273257502
2025-07-30 18:00:00+00:00,10201.265273257502
2025-07-30 19:00:00+00:00,10201.265273257502
2025-07-30 20:00:00+00:00,10201.265273257502
2025-07-30 21:00:00+00:00,10201.265273257502
2025-07-30 22:00:00+00:00,10201.265273257502
2025-07-30 23:00:00+00:00,10201.265273257502
2025-07-31 00:00:00+00:00,10201.265273257502
2025-07-31 01:00:00+00:00,10201.265273257502
2025-07-31 02:00:00+00:00,10201.265273257502
2025-07-31 03:00:00+00:00,10201.265273257502
2025-07-31 04:00:00+00:00,10201.265273257502
2025-07-31 05:00:00+00:00,10201.265273257502
2025-07-31 06:00:00+00:00,10201.265273257502
2025-07-31 07:00:00+00:00,10201.265273257502
2025-07-31 08:00:00+00:00,10201.265273257502
2025-07-31 09:00:00+00:00,10201.265273257502
2025-07-31 10:00:00+00:00,10201.265273257502
2025-07-31 11:00:00+00:00,10201.265273257502
2025-07-31 12:00:00+00:00,10201.265273257502
2025-07-31 13:00:00+00:00,10201.265273257502
2025-07-31 14:00:00+00:00,10201.265273257502
2025-07-31 15:00:00+00:00,10201.265273257502
2025-07-31 16:00:00+00:00,10201.265273257502
2025-07-31 17:00:00+00:00,10201.265273257502
2025-07-31 18:00:00+00:00,10201.265273257502
2025-07-31 19:00:00+00:00,10201.265273257502
2025-07-31 20:00:00+00:00,10201.265273257502
2025-07-31 21:00:00+00:00,10201.265273257502
2025-07-31 22:00:00+00:00,10201.265273257502
2025-07-31 23:00:00+00:00,10201.265273257502
2025-08-01 00:00:00+00:00,10201.265273257502
2025-08-01 01:00:00+00:00,10201.265273257502
2025-08-01 02:00:00+00:00,10201.265273257502
2025-08-01 03:00:00+00:00,10201.265273257502
2025-08-01 04:00:00+00:00,10201.265273257502
2025-08-01 05:00:00+00:00,10201.265273257502
2025-08-01 06:00:00+00:00,10201.265273257502
2025-08-01 07:00:00+00:00,10201.265273257502
2025-08-01 08:00:00+00:00,10201.265273257502
2025-08-01 09:00:00+00:00,10201.265273257502
2025-08-01 10:00:00+00:00,10201.265273257502
2025-08-01 11:00:00+00:00,10201.265273257502
2025-08-01 12:00:00+00:00,10201.265273257502
2025-08-01 13:00:00+00:00,10201.265273257502
2025-08-01 14:00:00+00:00,10201.265273257502
2025-08-01 15:00:00+00:00,10201.265273257502
2025-08-01 16:00:00+00:00,10201.265273257502
2025-08-01 17:00:00+00:00,10201.265273257502
2025-08-01 18:00:00+00:00,10201.265273257502
2025-08-01 19:00:00+00:00,10201.265273257502
2025-08-01 20:00:00+00:00,10225.160500361502
2025-08-01 21:00:00+00:00,10190.485300361503
2025-08-01 22:00:00+00:00,10193.688500361503
2025-08-01 23:00:00+00:00,10234.971700361502
2025-08-02 00:00:00+00:00,10226.330900361503
2025-08-02 01:00:00+00:00,10197.783500361504
2025-08-02 02:00:00+00:00,10206.883500361502
2025-08-02 03:00:00+00:00,10203.859500361503
2025-08-02 04:00:00+00:00,10193.129900361504
2025-08-02 05:00:00+00:00,10186.342700361503
2025-08-02 06:00:00+00:00,10188.627500361503
2025-08-02 07:00:00+00:00,10204.285100361503
2025-08-02 08:00:00+00:00,10189.506700361504
2025-08-02 09:00:00+00:00,10206.028914041204
2025-08-02 10:00:00+00:00,10205.334514041204
2025-08-02 11:00:00+00:00,10213.012114041205
2025-08-02 12:00:00+00:00,10200.204914041205
2025-08-02 13:00:00+00:00,10207.759314041205
2025-08-02 14:00:00+00:00,10217.508914041206
2025-08-02 15:00:00+00:00,10237.836914041205
2025-08-02 16:00:00+00:00,10252.357714041205
2025-08-02 17:00:00+00:00,10232.935804121204
2025-08-02 18:00:00+00:00,10259.586204121204
2025-08-02 19:00:00+00:00,10281.325404121204
2025-08-02 20:00:00+00:00,10287.586204121204
2025-08-02 21:00:00+00:00,10255.453404121205
2025-08-02 22:00:00+00:00,10252.664604121204
2025-08-02 23:00:00+00:00,10252.535804121204
2025-08-03 00:00:00+00:00,10269.778204121203
2025-08-03 01:00:00+00:00,10248.937815321206
2025-08-03 02:00:00+00:00,10240.235415321205
2025-08-03 03:00:00+00:00,10214.345504882465
2025-08-03 04:00:00+00:00,10214.345504882465
2025-08-03 05:00:00+00:00,10214.345504882465
2025-08-03 06:00:00+00:00,10214.345504882465
2025-08-03 07:00:00+00:00,10214.345504882465
2025-08-03 08:00:00+00:00,10214.345504882465
2025-08-03 09:00:00+00:00,10214.345504882465
2025-08-03 10:00:00+00:00,10214.345504882465
2025-08-03 11:00:00+00:00,10214.345504882465
2025-08-03 12:00:00+00:00,10214.345504882465
2025-08-03 13:00:00+00:00,10214.345504882465
2025-08-03 14:00:00+00:00,10214.345504882465
2025-08-03 15:00:00+00:00,10214.345504882465
2025-08-03 16:00:00+00:00,10214.345504882465
2025-08-03 17:00:00+00:00,10214.345504882465
2025-08-03 18:00:00+00:00,10214.345504882465
2025-08-03 19:00:00+00:00,10214.345504882465
2025-08-03 20:00:00+00:00,10214.345504882465
2025-08-03 21:00:00+00:00,10214.345504882465
2025-08-03 22:00:00+00:00,10214.345504882465
2025-08-03 23:00:00+00:00,10214.345504882465
2025-08-04 00:00:00+00:00,10214.345504882465
2025-08-04 01:00:00+00:00,10214.345504882465
2025-08-04 02:00:00+00:00,10214.345504882465
2025-08-04 03:00:00+00:00,10214.345504882465
2025-08-04 04:00:00+00:00,10214.345504882465
2025-08-04 05:00:00+00:00,10214.345504882465
2025-08-04 06:00:00+00:00,10214.345504882465
2025-08-04 07:00:00+00:00,10214.345504882465
2025-08-04 08:00:00+00:00,10214.345504882465
2025-08-04 09:00:00+00:00,10214.345504882465
2025-08-04 10:00:00+00:00,10214.345504882465
2025-08-04 11:00:00+00:00,10214.345504882465
2025-08-04 12:00:00+00:00,10214.345504882465
2025-08-04 13:00:00+00:00,10214.345504882465
2025-08-04 14:00:00+00:00,10214.345504882465
2025-08-04 15:00:00+00:00,10214.345504882465
2025-08-04 16:00:00+00:00,10214.345504882465
2025-08-04 17:00:00+00:00,10214.345504882465
2025-08-04 18:00:00+00:00,10214.345504882465
2025-08-04 19:00:00+00:00,10214.345504882465
2025-08-04 20:00:00+00:00,10214.345504882465
2025-08-04 21:00:00+00:00,10214.345504882465
2025-08-04 22:00:00+00:00,10214.345504882465
2025-08-04 23:00:00+00:00,10214.345504882465
2025-08-05 00:00:00+00:00,10214.345504882465
2025-08-05 01:00:00+00:00,10214.345504882465
2025-08-05 02:00:00+00:00,10214.345504882465
2025-08-05 03:00:00+00:00,10214.345504882465
2025-08-05 04:00:00+00:00,10214.345504882465
2025-08-05 05:00:00+00:00,10214.345504882465
2025-08-05 06:00:00+00:00,10214.345504882465
2025-08-05 07:00:00+00:00,10214.345504882465
2025-08-05 08:00:00+00:00,10214.345504882465
2025-08-05 09:00:00+00:00,10214.345504882465
2025-08-05 10:00:00+00:00,10214.345504882465
2025-08-05 11:00:00+00:00,10214.345504882465
2025-08-05 12:00:00+00:00,10214.345504882465
2025-08-05 13:00:00+00:00,10214.345504882465
2025-08-05 14:00:00+00:00,10214.345504882465
2025-08-05 15:00:00+00:00,10214.345504882465
2025-08-05 16:00:00+00:00,10214.345504882465
2025-08-05 17:00:00+00:00,10214.345504882465
2025-08-05 18:00:00+00:00,10214.345504882465
2025-08-05 19:00:00+00:00,10214.345504882465
2025-08-05 20:00:00+00:00,10214.345504882465
2025-08-05 21:00:00+00:00,10214.345504882465
2025-08-05 22:00:00+00:00,10214.345504882465
2025-08-05 23:00:00+00:00,10214.345504882465
2025-08-06 00:00:00+00:00,10214.345504882465
2025-08-06 01:00:00+00:00,10214.345504882465
2025-08-06 02:00:00+00:00,10214.345504882465
2025-08-06 03:00:00+00:00,10214.345504882465
2025-08-06 04:00:00+00:00,10214.345504882465
2025-08-06 05:00:00+00:00,10214.345504882465
2025-08-06 06:00:00+00:00,10214.345504882465
2025-08-06 07:00:00+00:00,10214.345504882465
2025-08-06 08:00:00+00:00,10214.345504882465
2025-08-06 09:00:00+00:00,10214.345504882465
2025-08-06 10:00:00+00:00,10214.345504882465
2025-08-06 11:00:00+00:00,10214.345504882465
2025-08-06 12:00:00+00:00,10214.345504882465
2025-08-06 13:00:00+00:00,10214.345504882465
2025-08-06 14:00:00+00:00,10214.345504882465
2025-08-06 15:00:00+00:00,10214.345504882465
2025-08-06 16:00:00+00:00,10214.345504882465
2025-08-06 17:00:00+00:00,10214.345504882465
2025-08-06 18:00:00+00:00,10214.345504882465
2025-08-06 19:00:00+00:00,10214.345504882465
2025-08-06 20:00:00+00:00,10214.345504882465
2025-08-06 21:00:00+00:00,10214.345504882465
2025-08-06 22:00:00+00:00,10214.345504882465
2025-08-06 23:00:00+00:00,10214.345504882465
2025-08-07 00:00:00+00:00,10214.345504882465
2025-08-07 01:00:00+00:00,10214.345504882465
2025-08-07 02:00:00+00:00,10214.345504882465
2025-08-07 03:00:00+00:00,10214.345504882465
2025-08-07 04:00:00+00:00,10214.345504882465
2025-08-07 05:00:00+00:00,10214.345504882465
2025-08-07 06:00:00+00:00,10214.345504882465
2025-08-07 07:00:00+00:00,10214.345504882465
2025-08-07 08:00:00+00:00,10214.345504882465
2025-08-07 09:00:00+00:00,10214.345504882465
2025-08-07 10:00:00+00:00,10214.345504882465
2025-08-07 11:00:00+00:00,10214.345504882465
2025-08-07 12:00:00+00:00,10214.345504882465
2025-08-07 13:00:00+00:00,10214.345504882465
2025-08-07 14:00:00+00:00,10214.345504882465
2025-08-07 15:00:00+00:00,10214.345504882465
2025-08-07 16:00:00+00:00,10214.345504882465
2025-08-07 17:00:00+00:00,10214.345504882465
2025-08-07 18:00:00+00:00,10214.345504882465
2025-08-07 19:00:00+00:00,10214.345504882465
2025-08-07 20:00:00+00:00,10214.345504882465
2025-08-07 21:00:00+00:00,10214.345504882465
2025-08-07 22:00:00+00:00,10214.345504882465
2025-08-07 23:00:00+00:00,10214.345504882465
2025-08-08 00:00:00+00:00,10198.170526670638
2025-08-08 01:00:00+00:00,10179.900438990639
2025-08-08 02:00:00+00:00,10147.968638990638
2025-08-08 03:00:00+00:00,10131.654438990638
2025-08-08 04:00:00+00:00,10134.870838990637
2025-08-08 05:00:00+00:00,10134.948238990637
2025-08-08 06:00:00+00:00,10115.245638990638
2025-08-08 07:00:00+00:00,10098.51139185986
2025-08-08 08:00:00+00:00,10098.51139185986
2025-08-08 09:00:00+00:00,10098.51139185986
2025-08-08 10:00:00+00:00,10098.51139185986
2025-08-08 11:00:00+00:00,10098.51139185986
2025-08-08 12:00:00+00:00,10098.51139185986
2025-08-08 13:00:00+00:00,10098.51139185986
2025-08-08 14:00:00+00:00,10098.51139185986
2025-08-08 15:00:00+00:00,10098.51139185986
2025-08-08 16:00:00+00:00,10098.51139185986
2025-08-08 17:00:00+00:00,10098.51139185986
2025-08-08 18:00:00+00:00,10098.51139185986
2025-08-08 19:00:00+00:00,10098.51139185986
2025-08-08 20:00:00+00:00,10098.51139185986
2025-08-08 21:00:00+00:00,10098.51139185986
2025-08-08 22:00:00+00:00,10098.51139185986
2025-08-08 23:00:00+00:00,10098.51139185986
2025-08-09 00:00:00+00:00,10098.51139185986
2025-08-09 01:00:00+00:00,10098.51139185986
2025-08-09 02:00:00+00:00,10098.51139185986
2025-08-09 03:00:00+00:00,10098.51139185986
2025-08-09 04:00:00+00:00,10098.51139185986
2025-08-09 05:00:00+00:00,10098.51139185986
2025-08-09 06:00:00+00:00,10098.51139185986
2025-08-09 07:00:00+00:00,10098.51139185986
2025-08-09 08:00:00+00:00,10098.51139185986
2025-08-09 09:00:00+00:00,10098.51139185986
2025-08-09 10:00:00+00:00,10098.51139185986
2025-08-09 11:00:00+00:00,10098.51139185986
2025-08-09 12:00:00+00:00,10098.51139185986
2025-08-09 13:00:00+00:00,10098.51139185986
2025-08-09 14:00:00+00:00,10098.51139185986
2025-08-09 15:00:00+00:00,10098.51139185986
2025-08-09 16:00:00+00:00,10098.51139185986
2025-08-09 17:00:00+00:00,10098.51139185986
2025-08-09 18:00:00+00:00,10098.51139185986
2025-08-09 19:00:00+00:00,10098.51139185986
2025-08-09 20:00:00+00:00,10098.51139185986
2025-08-09 21:00:00+00:00,10098.51139185986
2025-08-09 22:00:00+00:00,10098.51139185986
2025-08-09 23:00:00+00:00,10098.51139185986
2025-08-10 00:00:00+00:00,10098.51139185986
2025-08-10 01:00:00+00:00,10098.51139185986
2025-08-10 02:00:00+00:00,10098.51139185986
2025-08-10 03:00:00+00:00,10098.51139185986
2025-08-10 04:00:00+00:00,10098.51139185986
2025-08-10 05:00:00+00:00,10087.57290562528
2025-08-10 06:00:00+00:00,10050.878405625279
2025-08-10 07:00:00+00:00,10053.09690562528
2025-08-10 08:00:00+00:00,10008.239688742415
2025-08-10 09:00:00+00:00,10008.239688742415
2025-08-10 10:00:00+00:00,10008.239688742415
2025-08-10 11:00:00+00:00,10008.239688742415
2025-08-10 12:00:00+00:00,10008.239688742415
2025-08-10 13:00:00+00:00,10008.239688742415
2025-08-10 14:00:00+00:00,10008.239688742415
2025-08-10 15:00:00+00:00,10008.239688742415
2025-08-10 16:00:00+00:00,9999.846238211496
2025-08-10 17:00:00+00:00,9987.080040011495
2025-08-10 18:00:00+00:00,9975.756840011496
2025-08-10 19:00:00+00:00,9976.697640011496
2025-08-10 20:00:00+00:00,9986.046840011495
2025-08-10 21:00:00+00:00,9957.260040011495
2025-08-10 22:00:00+00:00,9991.548840011495
2025-08-10 23:00:00+00:00,10021.856040011495
2025-08-11 00:00:00+00:00,10042.570440011496
2025-08-11 01:00:00+00:00,10025.776269611497
2025-08-11 02:00:00+00:00,10100.704269611497
2025-08-11 03:00:00+00:00,10227.74360932528
2025-08-11 04:00:00+00:00,10208.69769558466
2025-08-11 05:00:00+00:00,10238.493695584659
2025-08-11 06:00:00+00:00,10236.535895584659
2025-08-11 07:00:00+00:00,10255.801895584658
2025-08-11 08:00:00+00:00,10196.20209558466
2025-08-11 09:00:00+00:00,10206.89163756466
2025-08-11 10:00:00+00:00,10155.408655585705
2025-08-11 11:00:00+00:00,10155.408655585705
2025-08-11 12:00:00+00:00,10155.408655585705
2025-08-11 13:00:00+00:00,10155.408655585705
2025-08-11 14:00:00+00:00,10155.408655585705
2025-08-11 15:00:00+00:00,10155.408655585705
2025-08-11 16:00:00+00:00,10155.408655585705
2025-08-11 17:00:00+00:00,10155.408655585705
2025-08-11 18:00:00+00:00,10155.408655585705
2025-08-11 19:00:00+00:00,10155.408655585705
2025-08-11 20:00:00+00:00,10155.408655585705
2025-08-11 21:00:00+00:00,10155.408655585705
2025-08-11 22:00:00+00:00,10155.408655585705
2025-08-11 23:00:00+00:00,10155.408655585705
2025-08-12 00:00:00+00:00,10155.408655585705
2025-08-12 01:00:00+00:00,10155.408655585705
2025-08-12 02:00:00+00:00,10155.408655585705
2025-08-12 03:00:00+00:00,10155.408655585705
2025-08-12 04:00:00+00:00,10155.408655585705
2025-08-12 05:00:00+00:00,10155.408655585705
2025-08-12 06:00:00+00:00,10155.408655585705
2025-08-12 07:00:00+00:00,10155.408655585705
2025-08-12 08:00:00+00:00,10155.408655585705
2025-08-12 09:00:00+00:00,10155.408655585705
2025-08-12 10:00:00+00:00,10155.408655585705
2025-08-12 11:00:00+00:00,10155.408655585705
2025-08-12 12:00:00+00:00,10155.408655585705
2025-08-12 13:00:00+00:00,10155.408655585705
2025-08-12 14:00:00+00:00,10155.408655585705
2025-08-12 15:00:00+00:00,10155.408655585705
2025-08-12 16:00:00+00:00,10155.408655585705
2025-08-12 17:00:00+00:00,10155.408655585705
2025-08-12 18:00:00+00:00,10155.408655585705
2025-08-12 19:00:00+00:00,10155.408655585705
2025-08-12 20:00:00+00:00,10155.408655585705
2025-08-12 21:00:00+00:00,10155.408655585705
2025-08-12 22:00:00+00:00,10155.408655585705
2025-08-12 23:00:00+00:00,10155.408655585705
2025-08-13 00:00:00+00:00,10155.408655585705
2025-08-13 01:00:00+00:00,10155.408655585705
2025-08-13 02:00:00+00:00,10155.408655585705
2025-08-13 03:00:00+00:00,10155.408655585705
2025-08-13 04:00:00+00:00,10155.408655585705
2025-08-13 05:00:00+00:00,10155.408655585705
2025-08-13 06:00:00+00:00,10155.408655585705
2025-08-13 07:00:00+00:00,10155.408655585705
2025-08-13 08:00:00+00:00,10155.408655585705
2025-08-13 09:00:00+00:00,10155.408655585705
2025-08-13 10:00:00+00:00,10155.408655585705
2025-08-13 11:00:00+00:00,10155.408655585705
2025-08-13 12:00:00+00:00,10155.408655585705
2025-08-13 13:00:00+00:00,10155.408655585705
2025-08-13 14:00:00+00:00,10155.408655585705
2025-08-13 15:00:00+00:00,10155.408655585705
2025-08-13 16:00:00+00:00,10155.408655585705
2025-08-13 17:00:00+00:00,10155.408655585705
2025-08-13 18:00:00+00:00,10155.408655585705
2025-08-13 19:00:00+00:00,10155.408655585705
2025-08-13 20:00:00+00:00,10155.408655585705
2025-08-13 21:00:00+00:00,10159.45236252996
2025-08-13 22:00:00+00:00,10138.204362529961
2025-08-13 23:00:00+00:00,10163.01076252996
2025-08-14 00:00:00+00:00,10186.06356252996
2025-08-14 01:00:00+00:00,10220.582847649961
2025-08-14 02:00:00+00:00,10188.03244764996
2025-08-14 03:00:00+00:00,10210.342847649961
2025-08-14 04:00:00+00:00,10189.72844764996
2025-08-14 05:00:00+00:00,10165.843647649961
2025-08-14 06:00:00+00:00,10111.308649740533
2025-08-14 07:00:00+00:00,10111.308649740533
2025-08-14 08:00:00+00:00,10111.308649740533
2025-08-14 09:00:00+00:00,10111.308649740533
2025-08-14 10:00:00+00:00,10111.308649740533
2025-08-14 11:00:00+00:00,10111.308649740533
2025-08-14 12:00:00+00:00,10111.308649740533
2025-08-14 13:00:00+00:00,10111.308649740533
2025-08-14 14:00:00+00:00,10111.308649740533
2025-08-14 15:00:00+00:00,10111.308649740533
2025-08-14 16:00:00+00:00,10111.308649740533
2025-08-14 17:00:00+00:00,10111.308649740533
2025-08-14 18:00:00+00:00,10111.308649740533
2025-08-14 19:00:00+00:00,10111.308649740533
2025-08-14 20:00:00+00:00,10111.308649740533
2025-08-14 21:00:00+00:00,10111.308649740533
2025-08-14 22:00:00+00:00,10111.308649740533
2025-08-14 23:00:00+00:00,10111.308649740533
2025-08-15 00:00:00+00:00,10111.308649740533
2025-08-15 01:00:00+00:00,10111.308649740533
2025-08-15 02:00:00+00:00,10111.308649740533
2025-08-15 03:00:00+00:00,10111.308649740533
2025-08-15 04:00:00+00:00,10111.308649740533
2025-08-15 05:00:00+00:00,10111.308649740533
2025-08-15 06:00:00+00:00,10111.308649740533
2025-08-15 07:00:00+00:00,10111.308649740533
2025-08-15 08:00:00+00:00,10111.308649740533
2025-08-15 09:00:00+00:00,10111.308649740533
2025-08-15 10:00:00+00:00,10111.308649740533
2025-08-15 11:00:00+00:00,10111.308649740533
2025-08-15 12:00:00+00:00,10111.308649740533
2025-08-15 13:00:00+00:00,10111.308649740533
2025-08-15 14:00:00+00:00,10111.308649740533
2025-08-15 15:00:00+00:00,10111.308649740533
2025-08-15 16:00:00+00:00,10111.308649740533
2025-08-15 17:00:00+00:00,10111.308649740533
2025-08-15 18:00:00+00:00,10111.308649740533
2025-08-15 19:00:00+00:00,10111.308649740533
2025-08-15 20:00:00+00:00,10111.308649740533
2025-08-15 21:00:00+00:00,10111.308649740533
2025-08-15 22:00:00+00:00,10111.308649740533
2025-08-15 23:00:00+00:00,10111.308649740533
2025-08-16 00:00:00+00:00,10111.308649740533
2025-08-16 01:00:00+00:00,10111.308649740533
2025-08-16 02:00:00+00:00,10111.308649740533
2025-08-16 03:00:00+00:00,10111.308649740533
2025-08-16 04:00:00+00:00,10111.308649740533
2025-08-16 05:00:00+00:00,10111.308649740533
2025-08-16 06:00:00+00:00,10111.308649740533
2025-08-16 07:00:00+00:00,10111.308649740533
2025-08-16 08:00:00+00:00,10111.308649740533
2025-08-16 09:00:00+00:00,10111.308649740533
2025-08-16 10:00:00+00:00,10111.308649740533
2025-08-16 11:00:00+00:00,10111.308649740533
2025-08-16 12:00:00+00:00,10111.308649740533
2025-08-16 13:00:00+00:00,10111.308649740533
2025-08-16 14:00:00+00:00,10111.308649740533
2025-08-16 15:00:00+00:00,10111.308649740533
2025-08-16 16:00:00+00:00,10111.308649740533
2025-08-16 17:00:00+00:00,10111.308649740533
2025-08-16 18:00:00+00:00,10111.308649740533
2025-08-16 19:00:00+00:00,10111.308649740533
2025-08-16 20:00:00+00:00,10111.308649740533
2025-08-16 21:00:00+00:00,10111.308649740533
2025-08-16 22:00:00+00:00,10111.308649740533
2025-08-16 23:00:00+00:00,10111.308649740533
2025-08-17 00:00:00+00:00,10111.308649740533
2025-08-17 01:00:00+00:00,10111.308649740533
2025-08-17 02:00:00+00:00,10111.308649740533
2025-08-17 03:00:00+00:00,10111.308649740533
2025-08-17 04:00:00+00:00,10111.308649740533
2025-08-17 05:00:00+00:00,10111.308649740533
2025-08-17 06:00:00+00:00,10111.308649740533
2025-08-17 07:00:00+00:00,10111.308649740533
2025-08-17 08:00:00+00:00,10111.308649740533
2025-08-17 09:00:00+00:00,10111.308649740533
2025-08-17 10:00:00+00:00,10111.308649740533
2025-08-17 11:00:00+00:00,10111.308649740533
2025-08-17 12:00:00+00:00,10111.308649740533
2025-08-17 13:00:00+00:00,10111.308649740533
2025-08-17 14:00:00+00:00,10111.308649740533
2025-08-17 15:00:00+00:00,10111.308649740533
2025-08-17 16:00:00+00:00,10111.308649740533
2025-08-17 17:00:00+00:00,10111.308649740533
2025-08-17 18:00:00+00:00,10111.308649740533
2025-08-17 19:00:00+00:00,10111.308649740533
2025-08-17 20:00:00+00:00,10111.308649740533
2025-08-17 21:00:00+00:00,10111.308649740533
2025-08-17 22:00:00+00:00,10111.308649740533
2025-08-17 23:00:00+00:00,10111.308649740533
2025-08-18 00:00:00+00:00,10111.308649740533
2025-08-18 01:00:00+00:00,10111.308649740533
2025-08-18 02:00:00+00:00,10111.308649740533
2025-08-18 03:00:00+00:00,10173.898905623339
2025-08-18 04:00:00+00:00,10185.443805623341
2025-08-18 05:00:00+00:00,10172.15020562334
2025-08-18 06:00:00+00:00,10151.28760562334
2025-08-18 07:00:00+00:00,10190.05480562334
2025-08-18 08:00:00+00:00,10193.065005623339
2025-08-18 09:00:00+00:00,10199.741531721073
2025-08-18 10:00:00+00:00,10207.910831721072
2025-08-18 11:00:00+00:00,10206.301331721073
2025-08-18 12:00:00+00:00,10215.375431721073
2025-08-18 13:00:00+00:00,10165.837631721073
2025-08-18 14:00:00+00:00,10225.415231721072
2025-08-18 15:00:00+00:00,10156.041431721073
2025-08-18 16:00:00+00:00,10127.733764446037
2025-08-18 17:00:00+00:00,10127.733764446037
2025-08-18 18:00:00+00:00,10127.733764446037
2025-08-18 19:00:00+00:00,10127.733764446037
2025-08-18 20:00:00+00:00,10127.733764446037
2025-08-18 21:00:00+00:00,10127.733764446037
2025-08-18 22:00:00+00:00,10127.733764446037
2025-08-18 23:00:00+00:00,10127.733764446037
2025-08-19 00:00:00+00:00,10127.733764446037
2025-08-19 01:00:00+00:00,10127.733764446037
2025-08-19 02:00:00+00:00,10127.733764446037
2025-08-19 03:00:00+00:00,10127.733764446037
2025-08-19 04:00:00+00:00,10127.733764446037
2025-08-19 05:00:00+00:00,10127.733764446037
2025-08-19 06:00:00+00:00,10127.733764446037
2025-08-19 07:00:00+00:00,10127.733764446037
2025-08-19 08:00:00+00:00,10127.733764446037
2025-08-19 09:00:00+00:00,10127.733764446037
2025-08-19 10:00:00+00:00,10127.733764446037
2025-08-19 11:00:00+00:00,10127.733764446037
2025-08-19 12:00:00+00:00,10127.733764446037
2025-08-19 13:00:00+00:00,10127.733764446037
2025-08-19 14:00:00+00:00,10127.733764446037
2025-08-19 15:00:00+00:00,10127.733764446037
2025-08-19 16:00:00+00:00,10127.531762949591
2025-08-19 17:00:00+00:00,10158.600900253161
2025-08-19 18:00:00+00:00,10149.254700253161
2025-08-19 19:00:00+00:00,10182.932100253161
2025-08-19 20:00:00+00:00,10177.47830025316
2025-08-19 21:00:00+00:00,10144.33370025316
2025-08-19 22:00:00+00:00,10155.58910025316
2025-08-19 23:00:00+00:00,10173.71910025316
2025-08-20 00:00:00+00:00,10195.32710025316
2025-08-20 01:00:00+00:00,10170.699567930416
2025-08-20 02:00:00+00:00,10184.315567930416
2025-08-20 03:00:00+00:00,10152.206967930417
2025-08-20 04:00:00+00:00,10146.079767930416
2025-08-20 05:00:00+00:00,10137.414367930416
2025-08-20 06:00:00+00:00,10131.094767930417
2025-08-20 07:00:00+00:00,10135.986167930416
2025-08-20 08:00:00+00:00,10148.943567930417
2025-08-20 09:00:00+00:00,10102.224838408183
2025-08-20 10:00:00+00:00,10102.224838408183
2025-08-20 11:00:00+00:00,10102.224838408183
2025-08-20 12:00:00+00:00,10102.224838408183
2025-08-20 13:00:00+00:00,10102.224838408183
2025-08-20 14:00:00+00:00,10102.224838408183
2025-08-20 15:00:00+00:00,10102.224838408183
2025-08-20 16:00:00+00:00,10102.224838408183
2025-08-20 17:00:00+00:00,10102.224838408183
2025-08-20 18:00:00+00:00,10102.224838408183
2025-08-20 19:00:00+00:00,10102.224838408183
2025-08-20 20:00:00+00:00,10102.224838408183
2025-08-20 21:00:00+00:00,10102.224838408183
2025-08-20 22:00:00+00:00,10102.224838408183
2025-08-20 23:00:00+00:00,10102.224838408183
2025-08-21 00:00:00+00:00,10102.224838408183
2025-08-21 01:00:00+00:00,10102.224838408183
2025-08-21 02:00:00+00:00,10102.224838408183
2025-08-21 03:00:00+00:00,10102.224838408183
2025-08-21 04:00:00+00:00,10102.224838408183
2025-08-21 05:00:00+00:00,10102.224838408183
2025-08-21 06:00:00+00:00,10102.224838408183
2025-08-21 07:00:00+00:00,10102.224838408183
2025-08-21 08:00:00+00:00,10102.224838408183
2025-08-21 09:00:00+00:00,10102.224838408183
2025-08-21 10:00:00+00:00,10102.224838408183
2025-08-21 11:00:00+00:00,10102.224838408183
2025-08-21 12:00:00+00:00,10102.224838408183
2025-08-21 13:00:00+00:00,10102.224838408183
2025-08-21 14:00:00+00:00,10102.224838408183
2025-08-21 15:00:00+00:00,10102.224838408183
2025-08-21 16:00:00+00:00,10102.224838408183
2025-08-21 17:00:00+00:00,10102.224838408183
2025-08-21 18:00:00+00:00,10102.224838408183
2025-08-21 19:00:00+00:00,10102.224838408183
2025-08-21 20:00:00+00:00,10102.224838408183
2025-08-21 21:00:00+00:00,10102.224838408183
2025-08-21 22:00:00+00:00,10102.224838408183
2025-08-21 23:00:00+00:00,10102.224838408183
2025-08-22 00:00:00+00:00,10102.224838408183
2025-08-22 01:00:00+00:00,10102.224838408183
2025-08-22 02:00:00+00:00,10102.224838408183
2025-08-22 03:00:00+00:00,10102.224838408183
2025-08-22 04:00:00+00:00,10102.224838408183
2025-08-22 05:00:00+00:00,10102.224838408183
2025-08-22 06:00:00+00:00,10102.224838408183
2025-08-22 07:00:00+00:00,10102.224838408183
2025-08-22 08:00:00+00:00,10102.224838408183
2025-08-22 09:00:00+00:00,10102.224838408183
2025-08-22 10:00:00+00:00,10102.224838408183
2025-08-22 11:00:00+00:00,10102.224838408183
2025-08-22 12:00:00+00:00,10102.224838408183
2025-08-22 13:00:00+00:00,10102.224838408183
2025-08-22 14:00:00+00:00,10102.224838408183
2025-08-22 15:00:00+00:00,10102.224838408183
2025-08-22 16:00:00+00:00,10102.224838408183
2025-08-22 17:00:00+00:00,10102.224838408183
2025-08-22 18:00:00+00:00,10102.224838408183
2025-08-22 19:00:00+00:00,10102.224838408183
2025-08-22 20:00:00+00:00,10102.224838408183
2025-08-22 21:00:00+00:00,10102.224838408183
2025-08-22 22:00:00+00:00,10102.224838408183
2025-08-22 23:00:00+00:00,10102.224838408183
2025-08-23 00:00:00+00:00,10102.224838408183
2025-08-23 01:00:00+00:00,10102.224838408183
2025-08-23 02:00:00+00:00,10102.224838408183
2025-08-23 03:00:00+00:00,10102.224838408183
2025-08-23 04:00:00+00:00,10102.224838408183
2025-08-23 05:00:00+00:00,10102.224838408183
2025-08-23 06:00:00+00:00,10102.224838408183
2025-08-23 07:00:00+00:00,10102.224838408183
2025-08-23 08:00:00+00:00,10102.224838408183
2025-08-23 09:00:00+00:00,10102.224838408183
2025-08-23 10:00:00+00:00,10102.224838408183
2025-08-23 11:00:00+00:00,10102.224838408183
2025-08-23 12:00:00+00:00,10102.224838408183
2025-08-23 13:00:00+00:00,10102.224838408183
2025-08-23 14:00:00+00:00,10102.224838408183
2025-08-23 15:00:00+00:00,10102.224838408183
2025-08-23 16:00:00+00:00,10102.224838408183
2025-08-23 17:00:00+00:00,10102.224838408183
2025-08-23 18:00:00+00:00,10102.224838408183
2025-08-23 19:00:00+00:00,10102.224838408183
2025-08-23 20:00:00+00:00,10102.224838408183
2025-08-23 21:00:00+00:00,10102.224838408183
2025-08-23 22:00:00+00:00,10102.224838408183
2025-08-23 23:00:00+00:00,10102.224838408183
2025-08-24 00:00:00+00:00,10102.224838408183
2025-08-24 01:00:00+00:00,10102.224838408183
2025-08-24 02:00:00+00:00,10102.224838408183
2025-08-24 03:00:00+00:00,10102.224838408183
2025-08-24 04:00:00+00:00,10102.224838408183
2025-08-24 05:00:00+00:00,10102.224838408183
2025-08-24 06:00:00+00:00,10102.224838408183
2025-08-24 07:00:00+00:00,10102.224838408183
2025-08-24 08:00:00+00:00,10102.224838408183
2025-08-24 09:00:00+00:00,10102.224838408183
2025-08-24 10:00:00+00:00,10102.224838408183
2025-08-24 11:00:00+00:00,10102.224838408183
2025-08-24 12:00:00+00:00,10102.224838408183
2025-08-24 13:00:00+00:00,10102.224838408183
2025-08-24 14:00:00+00:00,10102.224838408183
2025-08-24 15:00:00+00:00,10102.224838408183
2025-08-24 16:00:00+00:00,10102.224838408183
2025-08-24 17:00:00+00:00,10102.224838408183
2025-08-24 18:00:00+00:00,10102.224838408183
2025-08-24 19:00:00+00:00,10102.224838408183
2025-08-24 20:00:00+00:00,10102.224838408183
2025-08-24 21:00:00+00:00,10102.224838408183
2025-08-24 22:00:00+00:00,10102.224838408183
2025-08-24 23:00:00+00:00,10102.224838408183
2025-08-25 00:00:00+00:00,10102.224838408183
2025-08-25 01:00:00+00:00,10102.224838408183
2025-08-25 02:00:00+00:00,10102.224838408183
2025-08-25 03:00:00+00:00,10102.224838408183
2025-08-25 04:00:00+00:00,10102.224838408183
2025-08-25 05:00:00+00:00,10102.224838408183
2025-08-25 06:00:00+00:00,10102.224838408183
2025-08-25 07:00:00+00:00,10102.224838408183
2025-08-25 08:00:00+00:00,10102.224838408183
2025-08-25 09:00:00+00:00,10102.224838408183
2025-08-25 10:00:00+00:00,10102.224838408183
2025-08-25 11:00:00+00:00,10102.224838408183
2025-08-25 12:00:00+00:00,10102.224838408183
2025-08-25 13:00:00+00:00,10102.224838408183
2025-08-25 14:00:00+00:00,10102.224838408183
2025-08-25 15:00:00+00:00,10102.224838408183
2025-08-25 16:00:00+00:00,10102.224838408183
2025-08-25 17:00:00+00:00,10102.224838408183
2025-08-25 18:00:00+00:00,10102.224838408183
2025-08-25 19:00:00+00:00,10102.224838408183
2025-08-25 20:00:00+00:00,10102.224838408183
2025-08-25 21:00:00+00:00,10102.224838408183
2025-08-25 22:00:00+00:00,10078.066123268063
2025-08-25 23:00:00+00:00,10065.168623268064
2025-08-26 00:00:00+00:00,10066.400623268064
2025-08-26 01:00:00+00:00,10123.436030268062
2025-08-26 02:00:00+00:00,10079.353530268063
2025-08-26 03:00:00+00:00,10088.912530268062
2025-08-26 04:00:00+00:00,10080.129030268063
2025-08-26 05:00:00+00:00,10068.447030268062
2025-08-26 06:00:00+00:00,10062.804030268062
2025-08-26 07:00:00+00:00,10074.216530268062
2025-08-26 08:00:00+00:00,10057.936530268064
2025-08-26 09:00:00+00:00,10068.726930198798
2025-08-26 10:00:00+00:00,10064.904430198798
2025-08-26 11:00:00+00:00,10062.121430198797
2025-08-26 12:00:00+00:00,10080.056930198798
2025-08-26 13:00:00+00:00,10022.85189866213
2025-08-26 14:00:00+00:00,10022.85189866213
2025-08-26 15:00:00+00:00,10022.85189866213
2025-08-26 16:00:00+00:00,10022.85189866213
2025-08-26 17:00:00+00:00,10022.85189866213
2025-08-26 18:00:00+00:00,10022.85189866213
2025-08-26 19:00:00+00:00,10022.85189866213
2025-08-26 20:00:00+00:00,10022.85189866213
2025-08-26 21:00:00+00:00,10022.85189866213
2025-08-26 22:00:00+00:00,10022.85189866213
2025-08-26 23:00:00+00:00,10022.85189866213
2025-08-27 00:00:00+00:00,10022.85189866213
2025-08-27 01:00:00+00:00,10022.85189866213
2025-08-27 02:00:00+00:00,10022.85189866213
2025-08-27 03:00:00+00:00,10022.85189866213
2025-08-27 04:00:00+00:00,10022.85189866213
2025-08-27 05:00:00+00:00,10022.85189866213
2025-08-27 06:00:00+00:00,10022.85189866213
2025-08-27 07:00:00+00:00,10022.85189866213
2025-08-27 08:00:00+00:00,10022.85189866213
2025-08-27 09:00:00+00:00,10022.85189866213
2025-08-27 10:00:00+00:00,10022.85189866213
2025-08-27 11:00:00+00:00,10022.85189866213
2025-08-27 12:00:00+00:00,10022.85189866213
2025-08-27 13:00:00+00:00,10022.85189866213
2025-08-27 14:00:00+00:00,10022.85189866213
2025-08-27 15:00:00+00:00,10022.85189866213
2025-08-27 16:00:00+00:00,10022.85189866213
2025-08-27 17:00:00+00:00,10022.85189866213
2025-08-27 18:00:00+00:00,10022.85189866213
2025-08-27 19:00:00+00:00,10022.85189866213
2025-08-27 20:00:00+00:00,10022.85189866213
2025-08-27 21:00:00+00:00,10022.85189866213
2025-08-27 22:00:00+00:00,10022.85189866213
2025-08-27 23:00:00+00:00,10022.85189866213
2025-08-28 00:00:00+00:00,10022.85189866213
2025-08-28 01:00:00+00:00,10022.85189866213
2025-08-28 02:00:00+00:00,10022.85189866213
2025-08-28 03:00:00+00:00,10022.85189866213
2025-08-28 04:00:00+00:00,10022.85189866213
2025-08-28 05:00:00+00:00,10022.85189866213
2025-08-28 06:00:00+00:00,10022.85189866213
2025-08-28 07:00:00+00:00,10022.85189866213
2025-08-28 08:00:00+00:00,10022.85189866213
2025-08-28 09:00:00+00:00,10022.85189866213
2025-08-28 10:00:00+00:00,10022.85189866213
2025-08-28 11:00:00+00:00,10022.85189866213
2025-08-28 12:00:00+00:00,10022.85189866213
2025-08-28 13:00:00+00:00,10022.85189866213
2025-08-28 14:00:00+00:00,10022.85189866213
2025-08-28 15:00:00+00:00,10022.85189866213
2025-08-28 16:00:00+00:00,10022.85189866213
2025-08-28 17:00:00+00:00,10022.85189866213
2025-08-28 18:00:00+00:00,10022.85189866213
2025-08-28 19:00:00+00:00,10022.85189866213
2025-08-28 20:00:00+00:00,10022.85189866213
2025-08-28 21:00:00+00:00,10022.85189866213
2025-08-28 22:00:00+00:00,10022.85189866213
2025-08-28 23:00:00+00:00,10022.85189866213
2025-08-29 00:00:00+00:00,10022.85189866213
2025-08-29 01:00:00+00:00,10022.85189866213
2025-08-29 02:00:00+00:00,10022.85189866213
2025-08-29 03:00:00+00:00,10022.85189866213
2025-08-29 04:00:00+00:00,10022.85189866213
2025-08-29 05:00:00+00:00,10022.85189866213
2025-08-29 06:00:00+00:00,10022.85189866213
2025-08-29 07:00:00+00:00,10022.85189866213
2025-08-29 08:00:00+00:00,10022.85189866213
2025-08-29 09:00:00+00:00,10022.85189866213
2025-08-29 10:00:00+00:00,10022.85189866213
2025-08-29 11:00:00+00:00,10022.85189866213
2025-08-29 12:00:00+00:00,10022.85189866213
2025-08-29 13:00:00+00:00,10022.85189866213
2025-08-29 14:00:00+00:00,10022.85189866213
2025-08-29 15:00:00+00:00,10022.85189866213
2025-08-29 16:00:00+00:00,10006.351904362415
2025-08-29 17:00:00+00:00,9986.459605257454
2025-08-29 18:00:00+00:00,10001.569005257456
2025-08-29 19:00:00+00:00,10021.303605257453
2025-08-29 20:00:00+00:00,10017.093805257455
2025-08-29 21:00:00+00:00,10043.326005257455
2025-08-29 22:00:00+00:00,10002.461805257455
2025-08-29 23:00:00+00:00,10005.952405257454
2025-08-30 00:00:00+00:00,10006.448405257455
2025-08-30 01:00:00+00:00,10011.609411460544
2025-08-30 02:00:00+00:00,10064.520211460544
2025-08-30 03:00:00+00:00,10043.204611460544
2025-08-30 04:00:00+00:00,10003.834611460543
2025-08-30 05:00:00+00:00,10004.113611460543
2025-08-30 06:00:00+00:00,10008.435011460542
2025-08-30 07:00:00+00:00,10009.929211460543
2025-08-30 08:00:00+00:00,9998.887011460543
2025-08-30 09:00:00+00:00,9995.709301280542
2025-08-30 10:00:00+00:00,9998.883701280542
2025-08-30 11:00:00+00:00,10004.786101280542
2025-08-30 12:00:00+00:00,9988.814901280542
2025-08-30 13:00:00+00:00,9993.173501280542
2025-08-30 14:00:00+00:00,9998.108701280542
2025-08-30 15:00:00+00:00,9990.302901280542
2025-08-30 16:00:00+00:00,9975.201726919551
2025-08-30 17:00:00+00:00,9975.201726919551
2025-08-30 18:00:00+00:00,9975.201726919551
2025-08-30 19:00:00+00:00,9975.201726919551
2025-08-30 20:00:00+00:00,9975.201726919551
2025-08-30 21:00:00+00:00,9975.201726919551
2025-08-30 22:00:00+00:00,9975.201726919551
2025-08-30 23:00:00+00:00,9975.201726919551
2025-08-31 00:00:00+00:00,9975.201726919551
2025-08-31 01:00:00+00:00,9975.201726919551
2025-08-31 02:00:00+00:00,9975.201726919551
2025-08-31 03:00:00+00:00,9975.201726919551
2025-08-31 04:00:00+00:00,9975.201726919551
2025-08-31 05:00:00+00:00,9975.201726919551
2025-08-31 06:00:00+00:00,9975.201726919551
2025-08-31 07:00:00+00:00,9975.201726919551
2025-08-31 08:00:00+00:00,9975.201726919551
2025-08-31 09:00:00+00:00,9975.201726919551
2025-08-31 10:00:00+00:00,9975.201726919551
2025-08-31 11:00:00+00:00,9975.201726919551
2025-08-31 12:00:00+00:00,9975.201726919551
2025-08-31 13:00:00+00:00,9975.201726919551
2025-08-31 14:00:00+00:00,9975.201726919551
2025-08-31 15:00:00+00:00,9975.201726919551
2025-08-31 16:00:00+00:00,9975.201726919551
2025-08-31 17:00:00+00:00,9975.201726919551
2025-08-31 18:00:00+00:00,9975.201726919551
2025-08-31 19:00:00+00:00,9975.201726919551
2025-08-31 20:00:00+00:00,9975.201726919551
2025-08-31 21:00:00+00:00,9975.201726919551
2025-08-31 22:00:00+00:00,9975.201726919551
2025-08-31 23:00:00+00:00,9975.201726919551
2025-09-01 00:00:00+00:00,9975.201726919551
2025-09-01 01:00:00+00:00,9975.201726919551
2025-09-01 02:00:00+00:00,9975.201726919551
2025-09-01 03:00:00+00:00,9975.201726919551
2025-09-01 04:00:00+00:00,9975.201726919551
2025-09-01 05:00:00+00:00,9975.201726919551
2025-09-01 06:00:00+00:00,9975.201726919551
2025-09-01 07:00:00+00:00,9975.201726919551
2025-09-01 08:00:00+00:00,9975.201726919551
2025-09-01 09:00:00+00:00,9975.201726919551
2025-09-01 10:00:00+00:00,9975.201726919551
2025-09-01 11:00:00+00:00,9975.201726919551
2025-09-01 12:00:00+00:00,9975.201726919551
2025-09-01 13:00:00+00:00,9975.201726919551
2025-09-01 14:00:00+00:00,9975.201726919551
2025-09-01 15:00:00+00:00,9975.201726919551
2025-09-01 16:00:00+00:00,9975.201726919551
2025-09-01 17:00:00+00:00,9975.201726919551
2025-09-01 18:00:00+00:00,9975.201726919551
2025-09-01 19:00:00+00:00,9975.201726919551
2025-09-01 20:00:00+00:00,9975.201726919551
2025-09-01 21:00:00+00:00,9975.201726919551
2025-09-01 22:00:00+00:00,9975.201726919551
2025-09-01 23:00:00+00:00,9975.201726919551
2025-09-02 00:00:00+00:00,9975.201726919551
2025-09-02 01:00:00+00:00,9975.201726919551
2025-09-02 02:00:00+00:00,9975.201726919551
2025-09-02 03:00:00+00:00,9975.201726919551
2025-09-02 04:00:00+00:00,9975.201726919551
2025-09-02 05:00:00+00:00,9975.201726919551
2025-09-02 06:00:00+00:00,9975.201726919551
2025-09-02 07:00:00+00:00,9975.201726919551
2025-09-02 08:00:00+00:00,9975.201726919551
2025-09-02 09:00:00+00:00,9975.201726919551
2025-09-02 10:00:00+00:00,9975.201726919551
2025-09-02 11:00:00+00:00,9975.201726919551
2025-09-02 12:00:00+00:00,9975.201726919551
2025-09-02 13:00:00+00:00,9975.201726919551
2025-09-02 14:00:00+00:00,9975.201726919551
2025-09-02 15:00:00+00:00,9975.201726919551
2025-09-02 16:00:00+00:00,9975.201726919551
2025-09-02 17:00:00+00:00,9975.201726919551
2025-09-02 18:00:00+00:00,9975.201726919551
2025-09-02 19:00:00+00:00,9975.201726919551
2025-09-02 20:00:00+00:00,9975.201726919551
2025-09-02 21:00:00+00:00,9975.201726919551
2025-09-02 22:00:00+00:00,9975.201726919551
2025-09-02 23:00:00+00:00,9975.201726919551
2025-09-03 00:00:00+00:00,9975.201726919551
2025-09-03 01:00:00+00:00,9975.201726919551
2025-09-03 02:00:00+00:00,9975.201726919551
2025-09-03 03:00:00+00:00,9975.201726919551
2025-09-03 04:00:00+00:00,9975.201726919551
2025-09-03 05:00:00+00:00,9975.201726919551
2025-09-03 06:00:00+00:00,9975.201726919551
2025-09-03 07:00:00+00:00,9975.201726919551
2025-09-03 08:00:00+00:00,9975.201726919551
2025-09-03 09:00:00+00:00,9975.201726919551
2025-09-03 10:00:00+00:00,9975.201726919551
2025-09-03 11:00:00+00:00,9975.201726919551
2025-09-03 12:00:00+00:00,9975.201726919551
2025-09-03 13:00:00+00:00,9975.201726919551
2025-09-03 14:00:00+00:00,9975.201726919551
2025-09-03 15:00:00+00:00,9975.201726919551
2025-09-03 16:00:00+00:00,9975.201726919551
2025-09-03 17:00:00+00:00,9975.201726919551
2025-09-03 18:00:00+00:00,9975.201726919551
2025-09-03 19:00:00+00:00,9975.201726919551
2025-09-03 20:00:00+00:00,9975.201726919551
2025-09-03 21:00:00+00:00,9975.201726919551
2025-09-03 22:00:00+00:00,9975.201726919551
2025-09-03 23:00:00+00:00,9975.201726919551
2025-09-04 00:00:00+00:00,9975.201726919551
2025-09-04 01:00:00+00:00,9975.201726919551
2025-09-04 02:00:00+00:00,9975.201726919551
2025-09-04 03:00:00+00:00,9975.201726919551
2025-09-04 04:00:00+00:00,9975.201726919551
2025-09-04 05:00:00+00:00,9975.201726919551
2025-09-04 06:00:00+00:00,9975.201726919551
2025-09-04 07:00:00+00:00,9975.201726919551
2025-09-04 08:00:00+00:00,9975.201726919551
2025-09-04 09:00:00+00:00,9975.201726919551
2025-09-04 10:00:00+00:00,9975.201726919551
2025-09-04 11:00:00+00:00,9975.201726919551
2025-09-04 12:00:00+00:00,9975.201726919551
2025-09-04 13:00:00+00:00,9975.201726919551
2025-09-04 14:00:00+00:00,9975.201726919551
2025-09-04 15:00:00+00:00,9975.201726919551
2025-09-04 16:00:00+00:00,9975.201726919551
2025-09-04 17:00:00+00:00,9975.201726919551
2025-09-04 18:00:00+00:00,9975.201726919551
2025-09-04 19:00:00+00:00,9975.201726919551
2025-09-04 20:00:00+00:00,9975.201726919551
2025-09-04 21:00:00+00:00,9975.201726919551
2025-09-04 22:00:00+00:00,9975.201726919551
2025-09-04 23:00:00+00:00,9975.201726919551
2025-09-05 00:00:00+00:00,9975.201726919551
2025-09-05 01:00:00+00:00,9975.201726919551
2025-09-05 02:00:00+00:00,9975.201726919551
2025-09-05 03:00:00+00:00,9975.201726919551
2025-09-05 04:00:00+00:00,9975.201726919551
2025-09-05 05:00:00+00:00,9975.201726919551
2025-09-05 06:00:00+00:00,9975.201726919551
2025-09-05 07:00:00+00:00,9975.201726919551
2025-09-05 08:00:00+00:00,9975.201726919551
2025-09-05 09:00:00+00:00,9941.194967726951
2025-09-05 10:00:00+00:00,9915.49366772695
2025-09-05 11:00:00+00:00,9911.168267726951
2025-09-05 12:00:00+00:00,9919.122467726951
2025-09-05 13:00:00+00:00,9989.06596772695
2025-09-05 14:00:00+00:00,9977.85556772695
2025-09-05 15:00:00+00:00,9886.211008750217
2025-09-05 16:00:00+00:00,9886.211008750217
2025-09-05 17:00:00+00:00,9886.211008750217
2025-09-05 18:00:00+00:00,9886.211008750217
2025-09-05 19:00:00+00:00,9886.211008750217
2025-09-05 20:00:00+00:00,9886.211008750217
2025-09-05 21:00:00+00:00,9886.211008750217
2025-09-05 22:00:00+00:00,9886.211008750217
2025-09-05 23:00:00+00:00,9886.211008750217
2025-09-06 00:00:00+00:00,9886.211008750217
2025-09-06 01:00:00+00:00,9886.211008750217
2025-09-06 02:00:00+00:00,9886.211008750217
2025-09-06 03:00:00+00:00,9886.211008750217
2025-09-06 04:00:00+00:00,9886.211008750217
2025-09-06 05:00:00+00:00,9886.211008750217
2025-09-06 06:00:00+00:00,9886.211008750217
2025-09-06 07:00:00+00:00,9886.211008750217
2025-09-06 08:00:00+00:00,9886.211008750217
2025-09-06 09:00:00+00:00,9886.211008750217
2025-09-06 10:00:00+00:00,9886.211008750217
2025-09-06 11:00:00+00:00,9886.211008750217
2025-09-06 12:00:00+00:00,9886.211008750217
2025-09-06 13:00:00+00:00,9886.211008750217
2025-09-06 14:00:00+00:00,9886.211008750217
2025-09-06 15:00:00+00:00,9886.211008750217
2025-09-06 16:00:00+00:00,9886.211008750217
2025-09-06 17:00:00+00:00,9886.211008750217
2025-09-06 18:00:00+00:00,9886.211008750217
2025-09-06 19:00:00+00:00,9886.211008750217
2025-09-06 20:00:00+00:00,9886.211008750217
2025-09-06 21:00:00+00:00,9886.211008750217
2025-09-06 22:00:00+00:00,9886.211008750217
2025-09-06 23:00:00+00:00,9886.211008750217
2025-09-07 00:00:00+00:00,9886.211008750217
2025-09-07 01:00:00+00:00,9886.211008750217
2025-09-07 02:00:00+00:00,9886.211008750217
2025-09-07 03:00:00+00:00,9886.211008750217
2025-09-07 04:00:00+00:00,9886.211008750217
2025-09-07 05:00:00+00:00,9886.211008750217
2025-09-07 06:00:00+00:00,9886.211008750217
2025-09-07 07:00:00+00:00,9886.211008750217
2025-09-07 08:00:00+00:00,9886.211008750217
2025-09-07 09:00:00+00:00,9886.211008750217
2025-09-07 10:00:00+00:00,9886.211008750217
2025-09-07 11:00:00+00:00,9886.211008750217
2025-09-07 12:00:00+00:00,9886.211008750217
2025-09-07 13:00:00+00:00,9886.211008750217
2025-09-07 14:00:00+00:00,9886.211008750217
2025-09-07 15:00:00+00:00,9886.211008750217
2025-09-07 16:00:00+00:00,9886.211008750217
2025-09-07 17:00:00+00:00,9886.211008750217
2025-09-07 18:00:00+00:00,9886.211008750217
2025-09-07 19:00:00+00:00,9886.211008750217
2025-09-07 20:00:00+00:00,9886.211008750217
2025-09-07 21:00:00+00:00,9886.211008750217
2025-09-07 22:00:00+00:00,9886.211008750217
2025-09-07 23:00:00+00:00,9886.211008750217
2025-09-08 00:00:00+00:00,9886.211008750217
2025-09-08 01:00:00+00:00,9886.211008750217
2025-09-08 02:00:00+00:00,9886.211008750217
2025-09-08 03:00:00+00:00,9886.211008750217
2025-09-08 04:00:00+00:00,9886.211008750217
2025-09-08 05:00:00+00:00,9886.211008750217
2025-09-08 06:00:00+00:00,9886.211008750217
2025-09-08 07:00:00+00:00,9886.211008750217
2025-09-08 08:00:00+00:00,9886.211008750217
2025-09-08 09:00:00+00:00,9886.211008750217
2025-09-08 10:00:00+00:00,9886.211008750217
2025-09-08 11:00:00+00:00,9886.211008750217
2025-09-08 12:00:00+00:00,9886.211008750217
2025-09-08 13:00:00+00:00,9886.211008750217
2025-09-08 14:00:00+00:00,9886.211008750217
2025-09-08 15:00:00+00:00,9886.211008750217
2025-09-08 16:00:00+00:00,9886.211008750217
2025-09-08 17:00:00+00:00,9886.211008750217
2025-09-08 18:00:00+00:00,9886.211008750217
2025-09-08 19:00:00+00:00,9886.211008750217
2025-09-08 20:00:00+00:00,9886.211008750217
2025-09-08 21:00:00+00:00,9886.211008750217
2025-09-08 22:00:00+00:00,9886.211008750217
2025-09-08 23:00:00+00:00,9886.211008750217
2025-09-09 00:00:00+00:00,9886.211008750217
2025-09-09 01:00:00+00:00,9886.211008750217
2025-09-09 02:00:00+00:00,9886.211008750217
2025-09-09 03:00:00+00:00,9886.211008750217
2025-09-09 04:00:00+00:00,9886.211008750217
2025-09-09 05:00:00+00:00,9886.211008750217
2025-09-09 06:00:00+00:00,9886.211008750217
2025-09-09 07:00:00+00:00,9886.211008750217
2025-09-09 08:00:00+00:00,9886.211008750217
2025-09-09 09:00:00+00:00,9886.211008750217
2025-09-09 10:00:00+00:00,9886.211008750217
2025-09-09 11:00:00+00:00,9886.211008750217
2025-09-09 12:00:00+00:00,9886.211008750217
2025-09-09 13:00:00+00:00,9886.211008750217
2025-09-09 14:00:00+00:00,9886.211008750217
2025-09-09 15:00:00+00:00,9886.211008750217
2025-09-09 16:00:00+00:00,9886.211008750217
2025-09-09 17:00:00+00:00,9886.211008750217
2025-09-09 18:00:00+00:00,9886.211008750217
2025-09-09 19:00:00+00:00,9886.211008750217
2025-09-09 20:00:00+00:00,9886.211008750217
2025-09-09 21:00:00+00:00,9886.211008750217
2025-09-09 22:00:00+00:00,9886.211008750217
2025-09-09 23:00:00+00:00,9886.211008750217
2025-09-10 00:00:00+00:00,9886.211008750217
2025-09-10 01:00:00+00:00,9886.211008750217
2025-09-10 02:00:00+00:00,9886.211008750217
2025-09-10 03:00:00+00:00,9886.211008750217
2025-09-10 04:00:00+00:00,9886.211008750217
2025-09-10 05:00:00+00:00,9886.211008750217
2025-09-10 06:00:00+00:00,9886.211008750217
2025-09-10 07:00:00+00:00,9886.211008750217
2025-09-10 08:00:00+00:00,9886.211008750217
2025-09-10 09:00:00+00:00,9886.211008750217
2025-09-10 10:00:00+00:00,9886.211008750217
2025-09-10 11:00:00+00:00,9886.211008750217
2025-09-10 12:00:00+00:00,9886.211008750217
2025-09-10 13:00:00+00:00,9886.211008750217
2025-09-10 14:00:00+00:00,9923.415479219417
2025-09-10 15:00:00+00:00,9920.544479219418
2025-09-10 16:00:00+00:00,9915.350579219417
2025-09-10 17:00:00+00:00,9907.313371319417
2025-09-10 18:00:00+00:00,9904.172671319417
2025-09-10 19:00:00+00:00,9890.191771319416
2025-09-10 20:00:00+00:00,9887.564371319417
2025-09-10 21:00:00+00:00,9887.094571319418
2025-09-10 22:00:00+00:00,9910.680271319417
2025-09-10 23:00:00+00:00,9915.543571319418
2025-09-11 00:00:00+00:00,9921.572671319416
2025-09-11 01:00:00+00:00,9916.881192600269
2025-09-11 02:00:00+00:00,9917.39449260027
2025-09-11 03:00:00+00:00,9910.26049260027
2025-09-11 04:00:00+00:00,9960.45079260027
2025-09-11 05:00:00+00:00,9940.275492600269
2025-09-11 06:00:00+00:00,9948.83629260027
2025-09-11 07:00:00+00:00,9952.96009260027
2025-09-11 08:00:00+00:00,9933.733092600269
2025-09-11 09:00:00+00:00,9929.546049095297
2025-09-11 10:00:00+00:00,9917.296449095298
2025-09-11 11:00:00+00:00,9929.180649095297
2025-09-11 12:00:00+00:00,9925.457049095297
2025-09-11 13:00:00+00:00,9873.406385304352
2025-09-11 14:00:00+00:00,9873.406385304352
2025-09-11 15:00:00+00:00,9849.829531248304
2025-09-11 16:00:00+00:00,9824.683131248303
2025-09-11 17:00:00+00:00,9850.445142794662
2025-09-11 18:00:00+00:00,9859.595542794663
2025-09-11 19:00:00+00:00,9835.739142794662
2025-09-11 20:00:00+00:00,9845.396942794661
2025-09-11 21:00:00+00:00,9842.29234279466
2025-09-11 22:00:00+00:00,9850.126942794663
2025-09-11 23:00:00+00:00,9901.563542794662
2025-09-12 00:00:00+00:00,9937.15034279466
2025-09-12 01:00:00+00:00,9967.43135220178
2025-09-12 02:00:00+00:00,9929.04095220178
2025-09-12 03:00:00+00:00,9929.45375220178
2025-09-12 04:00:00+00:00,9911.53995220178
2025-09-12 05:00:00+00:00,9927.50155220178
2025-09-12 06:00:00+00:00,9948.53715220178
2025-09-12 07:00:00+00:00,9923.863752201782
2025-09-12 08:00:00+00:00,9904.40195220178
2025-09-12 09:00:00+00:00,9899.23283620178
2025-09-12 10:00:00+00:00,9899.61983620178
2025-09-12 11:00:00+00:00,9892.929036201782
2025-09-12 12:00:00+00:00,9889.033236201782
2025-09-12 13:00:00+00:00,9869.984787206538
2025-09-12 14:00:00+00:00,9869.984787206538
2025-09-12 15:00:00+00:00,9869.984787206538
2025-09-12 16:00:00+00:00,9869.984787206538
2025-09-12 17:00:00+00:00,9869.984787206538
2025-09-12 18:00:00+00:00,9869.984787206538
2025-09-12 19:00:00+00:00,9869.984787206538
2025-09-12 20:00:00+00:00,9871.687814044051
2025-09-12 21:00:00+00:00,9831.10741404405
2025-09-12 22:00:00+00:00,9805.857014044052
2025-09-12 23:00:00+00:00,9820.330214044052
2025-09-13 00:00:00+00:00,9820.99381404405
2025-09-13 01:00:00+00:00,9836.53936694648
2025-09-13 02:00:00+00:00,9785.910629880076
2025-09-13 03:00:00+00:00,9785.910629880076
2025-09-13 04:00:00+00:00,9785.910629880076
2025-09-13 05:00:00+00:00,9785.910629880076
2025-09-13 06:00:00+00:00,9785.910629880076
2025-09-13 07:00:00+00:00,9785.910629880076
2025-09-13 08:00:00+00:00,9785.910629880076
2025-09-13 09:00:00+00:00,9785.910629880076
2025-09-13 10:00:00+00:00,9785.910629880076
2025-09-13 11:00:00+00:00,9785.910629880076
2025-09-13 12:00:00+00:00,9785.910629880076
2025-09-13 13:00:00+00:00,9785.910629880076
2025-09-13 14:00:00+00:00,9785.910629880076
2025-09-13 15:00:00+00:00,9785.910629880076
2025-09-13 16:00:00+00:00,9785.910629880076
2025-09-13 17:00:00+00:00,9785.910629880076
2025-09-13 18:00:00+00:00,9785.910629880076
2025-09-13 19:00:00+00:00,9785.910629880076
2025-09-13 20:00:00+00:00,9785.910629880076
2025-09-13 21:00:00+00:00,9785.910629880076
2025-09-13 22:00:00+00:00,9785.910629880076
2025-09-13 23:00:00+00:00,9785.910629880076
2025-09-14 00:00:00+00:00,9785.910629880076
2025-09-14 01:00:00+00:00,9785.910629880076
2025-09-14 02:00:00+00:00,9785.910629880076
2025-09-14 03:00:00+00:00,9785.910629880076
2025-09-14 04:00:00+00:00,9785.910629880076
2025-09-14 05:00:00+00:00,9785.910629880076
2025-09-14 06:00:00+00:00,9785.910629880076
2025-09-14 07:00:00+00:00,9785.910629880076
2025-09-14 08:00:00+00:00,9785.910629880076
2025-09-14 09:00:00+00:00,9785.910629880076
2025-09-14 10:00:00+00:00,9785.910629880076
2025-09-14 11:00:00+00:00,9785.910629880076
2025-09-14 12:00:00+00:00,9785.910629880076
2025-09-14 13:00:00+00:00,9785.910629880076
2025-09-14 14:00:00+00:00,9785.910629880076
2025-09-14 15:00:00+00:00,9785.910629880076
2025-09-14 16:00:00+00:00,9785.910629880076
2025-09-14 17:00:00+00:00,9785.910629880076
2025-09-14 18:00:00+00:00,9785.910629880076
2025-09-14 19:00:00+00:00,9785.910629880076
2025-09-14 20:00:00+00:00,9785.910629880076
2025-09-14 21:00:00+00:00,9785.910629880076
2025-09-14 22:00:00+00:00,9785.910629880076
2025-09-14 23:00:00+00:00,9785.910629880076
2025-09-15 00:00:00+00:00,9785.910629880076
2025-09-15 01:00:00+00:00,9785.910629880076
2025-09-15 02:00:00+00:00,9785.910629880076
2025-09-15 03:00:00+00:00,9785.910629880076
2025-09-15 04:00:00+00:00,9785.910629880076
2025-09-15 05:00:00+00:00,9785.910629880076
2025-09-15 06:00:00+00:00,9785.910629880076
2025-09-15 07:00:00+00:00,9785.910629880076
2025-09-15 08:00:00+00:00,9785.910629880076
2025-09-15 09:00:00+00:00,9785.910629880076
2025-09-15 10:00:00+00:00,9785.910629880076
2025-09-15 11:00:00+00:00,9785.910629880076
2025-09-15 12:00:00+00:00,9785.910629880076
2025-09-15 13:00:00+00:00,9785.910629880076
2025-09-15 14:00:00+00:00,9785.910629880076
2025-09-15 15:00:00+00:00,9785.910629880076
2025-09-15 16:00:00+00:00,9785.910629880076
2025-09-15 17:00:00+00:00,9785.910629880076
2025-09-15 18:00:00+00:00,9785.910629880076
2025-09-15 19:00:00+00:00,9785.910629880076
2025-09-15 20:00:00+00:00,9785.910629880076
2025-09-15 21:00:00+00:00,9785.910629880076
2025-09-15 22:00:00+00:00,9785.910629880076
2025-09-15 23:00:00+00:00,9785.910629880076
2025-09-16 00:00:00+00:00,9785.910629880076
2025-09-16 01:00:00+00:00,9785.910629880076
2025-09-16 02:00:00+00:00,9785.910629880076
2025-09-16 03:00:00+00:00,9785.910629880076
2025-09-16 04:00:00+00:00,9785.910629880076
2025-09-16 05:00:00+00:00,9785.910629880076
2025-09-16 06:00:00+00:00,9785.910629880076
2025-09-16 07:00:00+00:00,9785.910629880076
2025-09-16 08:00:00+00:00,9785.910629880076
2025-09-16 09:00:00+00:00,9785.910629880076
2025-09-16 10:00:00+00:00,9785.910629880076
2025-09-16 11:00:00+00:00,9785.910629880076
2025-09-16 12:00:00+00:00,9785.910629880076
2025-09-16 13:00:00+00:00,9785.910629880076
2025-09-16 14:00:00+00:00,9785.910629880076
2025-09-16 15:00:00+00:00,9785.910629880076
2025-09-16 16:00:00+00:00,9785.910629880076
2025-09-16 17:00:00+00:00,9785.910629880076
2025-09-16 18:00:00+00:00,9785.910629880076
2025-09-16 19:00:00+00:00,9785.910629880076
2025-09-16 20:00:00+00:00,9785.910629880076
2025-09-16 21:00:00+00:00,9785.910629880076
2025-09-16 22:00:00+00:00,9785.910629880076
2025-09-16 23:00:00+00:00,9785.910629880076
2025-09-17 00:00:00+00:00,9785.910629880076
2025-09-17 01:00:00+00:00,9785.910629880076
2025-09-17 02:00:00+00:00,9785.910629880076
2025-09-17 03:00:00+00:00,9785.910629880076
2025-09-17 04:00:00+00:00,9785.910629880076
2025-09-17 05:00:00+00:00,9785.910629880076
2025-09-17 06:00:00+00:00,9785.910629880076
2025-09-17 07:00:00+00:00,9787.017256495148
2025-09-17 08:00:00+00:00,9782.070456495148
2025-09-17 09:00:00+00:00,9756.70356846908
2025-09-17 10:00:00+00:00,9732.90746846908
2025-09-17 11:00:00+00:00,9704.776829116643
2025-09-17 12:00:00+00:00,9704.776829116643
2025-09-17 13:00:00+00:00,9704.776829116643
2025-09-17 14:00:00+00:00,9704.776829116643
2025-09-17 15:00:00+00:00,9704.776829116643
2025-09-17 16:00:00+00:00,9704.776829116643
2025-09-17 17:00:00+00:00,9704.776829116643
2025-09-17 18:00:00+00:00,9704.776829116643
2025-09-17 19:00:00+00:00,9704.776829116643
2025-09-17 20:00:00+00:00,9704.776829116643
2025-09-17 21:00:00+00:00,9704.776829116643
2025-09-17 22:00:00+00:00,9704.776829116643
2025-09-17 23:00:00+00:00,9704.776829116643
2025-09-18 00:00:00+00:00,9704.776829116643
2025-09-18 01:00:00+00:00,9704.776829116643
2025-09-18 02:00:00+00:00,9704.776829116643
2025-09-18 03:00:00+00:00,9704.776829116643
2025-09-18 04:00:00+00:00,9704.776829116643
2025-09-18 05:00:00+00:00,9699.205953220378
2025-09-18 06:00:00+00:00,9674.831253220378
2025-09-18 07:00:00+00:00,9661.070753220378
2025-09-18 08:00:00+00:00,9660.32615322038
2025-09-18 09:00:00+00:00,9671.77223275038
2025-09-18 10:00:00+00:00,9675.845632750379
2025-09-18 11:00:00+00:00,9667.45063275038
2025-09-18 12:00:00+00:00,9658.457032750379
2025-09-18 13:00:00+00:00,9661.27483275038
2025-09-18 14:00:00+00:00,9683.45223275038
2025-09-18 15:00:00+00:00,9698.738432750379
2025-09-18 16:00:00+00:00,9695.84763275038
2025-09-18 17:00:00+00:00,9693.390875420379
2025-09-18 18:00:00+00:00,9694.974975420379
2025-09-18 19:00:00+00:00,9712.12997542038
2025-09-18 20:00:00+00:00,9685.07617542038
2025-09-18 21:00:00+00:00,9688.215175420379
2025-09-18 22:00:00+00:00,9671.84857542038
2025-09-18 23:00:00+00:00,9656.92007542038
2025-09-19 00:00:00+00:00,9637.3294763677
2025-09-19 01:00:00+00:00,9637.3294763677
2025-09-19 02:00:00+00:00,9637.3294763677
2025-09-19 03:00:00+00:00,9637.3294763677
2025-09-19 04:00:00+00:00,9637.3294763677
2025-09-19 05:00:00+00:00,9637.3294763677
2025-09-19 06:00:00+00:00,9637.3294763677
2025-09-19 07:00:00+00:00,9637.3294763677
2025-09-19 08:00:00+00:00,9637.3294763677
2025-09-19 09:00:00+00:00,9637.3294763677
2025-09-19 10:00:00+00:00,9637.3294763677
2025-09-19 11:00:00+00:00,9637.3294763677
2025-09-19 12:00:00+00:00,9637.3294763677
2025-09-19 13:00:00+00:00,9637.3294763677
2025-09-19 14:00:00+00:00,9637.3294763677
2025-09-19 15:00:00+00:00,9637.3294763677
2025-09-19 16:00:00+00:00,9637.3294763677
2025-09-19 17:00:00+00:00,9637.3294763677
2025-09-19 18:00:00+00:00,9637.3294763677
2025-09-19 19:00:00+00:00,9637.3294763677
2025-09-19 20:00:00+00:00,9637.3294763677
2025-09-19 21:00:00+00:00,9637.3294763677
2025-09-19 22:00:00+00:00,9637.3294763677
2025-09-19 23:00:00+00:00,9637.3294763677
2025-09-20 00:00:00+00:00,9637.3294763677
2025-09-20 01:00:00+00:00,9637.3294763677
2025-09-20 02:00:00+00:00,9637.3294763677
2025-09-20 03:00:00+00:00,9637.3294763677
2025-09-20 04:00:00+00:00,9637.3294763677
2025-09-20 05:00:00+00:00,9637.3294763677
2025-09-20 06:00:00+00:00,9637.3294763677
2025-09-20 07:00:00+00:00,9637.3294763677
2025-09-20 08:00:00+00:00,9637.3294763677
2025-09-20 09:00:00+00:00,9637.3294763677
2025-09-20 10:00:00+00:00,9637.3294763677
2025-09-20 11:00:00+00:00,9637.3294763677
2025-09-20 12:00:00+00:00,9637.3294763677
2025-09-20 13:00:00+00:00,9637.3294763677
2025-09-20 14:00:00+00:00,9637.3294763677
2025-09-20 15:00:00+00:00,9637.3294763677
2025-09-20 16:00:00+00:00,9637.3294763677
2025-09-20 17:00:00+00:00,9637.3294763677
2025-09-20 18:00:00+00:00,9637.3294763677
2025-09-20 19:00:00+00:00,9637.3294763677
2025-09-20 20:00:00+00:00,9637.3294763677
2025-09-20 21:00:00+00:00,9637.3294763677
2025-09-20 22:00:00+00:00,9637.3294763677
2025-09-20 23:00:00+00:00,9637.3294763677
2025-09-21 00:00:00+00:00,9637.3294763677
2025-09-21 01:00:00+00:00,9637.3294763677
2025-09-21 02:00:00+00:00,9637.3294763677
2025-09-21 03:00:00+00:00,9637.3294763677
2025-09-21 04:00:00+00:00,9637.3294763677
2025-09-21 05:00:00+00:00,9637.3294763677
2025-09-21 06:00:00+00:00,9637.3294763677
2025-09-21 07:00:00+00:00,9637.3294763677
2025-09-21 08:00:00+00:00,9637.3294763677
2025-09-21 09:00:00+00:00,9637.3294763677
2025-09-21 10:00:00+00:00,9637.3294763677
2025-09-21 11:00:00+00:00,9637.3294763677
2025-09-21 12:00:00+00:00,9637.3294763677
2025-09-21 13:00:00+00:00,9637.3294763677
2025-09-21 14:00:00+00:00,9637.3294763677
2025-09-21 15:00:00+00:00,9637.3294763677
2025-09-21 16:00:00+00:00,9637.3294763677
2025-09-21 17:00:00+00:00,9637.3294763677
2025-09-21 18:00:00+00:00,9637.3294763677
2025-09-21 19:00:00+00:00,9637.3294763677
2025-09-21 20:00:00+00:00,9637.3294763677
2025-09-21 21:00:00+00:00,9637.3294763677
2025-09-21 22:00:00+00:00,9637.3294763677
2025-09-21 23:00:00+00:00,9637.3294763677
2025-09-22 00:00:00+00:00,9637.3294763677
2025-09-22 01:00:00+00:00,9637.3294763677
2025-09-22 02:00:00+00:00,9637.3294763677
2025-09-22 03:00:00+00:00,9637.3294763677
2025-09-22 04:00:00+00:00,9637.3294763677
2025-09-22 05:00:00+00:00,9637.3294763677
2025-09-22 06:00:00+00:00,9637.3294763677
2025-09-22 07:00:00+00:00,9700.471064833517
2025-09-22 08:00:00+00:00,9724.083464833517
2025-09-22 09:00:00+00:00,9715.006919830477
2025-09-22 10:00:00+00:00,9737.518919830476
2025-09-22 11:00:00+00:00,9700.752119830477
2025-09-22 12:00:00+00:00,9694.393319830477
2025-09-22 13:00:00+00:00,9705.472919830476
2025-09-22 14:00:00+00:00,9671.948519830476
2025-09-22 15:00:00+00:00,9644.973639875709
2025-09-22 16:00:00+00:00,9644.973639875709
2025-09-22 17:00:00+00:00,9644.973639875709
2025-09-22 18:00:00+00:00,9644.973639875709
2025-09-22 19:00:00+00:00,9644.973639875709
2025-09-22 20:00:00+00:00,9644.973639875709
2025-09-22 21:00:00+00:00,9644.973639875709
2025-09-22 22:00:00+00:00,9644.973639875709
2025-09-22 23:00:00+00:00,9644.973639875709
2025-09-23 00:00:00+00:00,9644.973639875709
2025-09-23 01:00:00+00:00,9644.973639875709
2025-09-23 02:00:00+00:00,9644.973639875709
2025-09-23 03:00:00+00:00,9644.973639875709
2025-09-23 04:00:00+00:00,9644.973639875709
2025-09-23 05:00:00+00:00,9644.973639875709
2025-09-23 06:00:00+00:00,9644.973639875709
2025-09-23 07:00:00+00:00,9644.973639875709
2025-09-23 08:00:00+00:00,9644.973639875709
2025-09-23 09:00:00+00:00,9644.973639875709
2025-09-23 10:00:00+00:00,9644.973639875709
2025-09-23 11:00:00+00:00,9644.973639875709
2025-09-23 12:00:00+00:00,9644.973639875709
2025-09-23 13:00:00+00:00,9644.973639875709
2025-09-23 14:00:00+00:00,9644.973639875709
2025-09-23 15:00:00+00:00,9644.973639875709
2025-09-23 16:00:00+00:00,9644.973639875709
2025-09-23 17:00:00+00:00,9644.973639875709
2025-09-23 18:00:00+00:00,9644.973639875709
2025-09-23 19:00:00+00:00,9644.973639875709
2025-09-23 20:00:00+00:00,9644.973639875709
2025-09-23 21:00:00+00:00,9644.973639875709
2025-09-23 22:00:00+00:00,9644.973639875709
2025-09-23 23:00:00+00:00,9644.973639875709
2025-09-24 00:00:00+00:00,9644.973639875709
2025-09-24 01:00:00+00:00,9644.973639875709
2025-09-24 02:00:00+00:00,9644.973639875709
2025-09-24 03:00:00+00:00,9644.973639875709
2025-09-24 04:00:00+00:00,9644.973639875709
2025-09-24 05:00:00+00:00,9644.973639875709
2025-09-24 06:00:00+00:00,9644.973639875709
2025-09-24 07:00:00+00:00,9644.973639875709
2025-09-24 08:00:00+00:00,9644.973639875709
2025-09-24 09:00:00+00:00,9644.973639875709
2025-09-24 10:00:00+00:00,9644.973639875709
2025-09-24 11:00:00+00:00,9644.973639875709
2025-09-24 12:00:00+00:00,9644.973639875709
2025-09-24 13:00:00+00:00,9644.973639875709
2025-09-24 14:00:00+00:00,9644.973639875709
2025-09-24 15:00:00+00:00,9644.973639875709
2025-09-24 16:00:00+00:00,9644.973639875709
2025-09-24 17:00:00+00:00,9644.973639875709
2025-09-24 18:00:00+00:00,9644.973639875709
2025-09-24 19:00:00+00:00,9644.973639875709
2025-09-24 20:00:00+00:00,9644.973639875709
2025-09-24 21:00:00+00:00,9644.973639875709
2025-09-24 22:00:00+00:00,9644.973639875709
2025-09-24 23:00:00+00:00,9644.973639875709
2025-09-25 00:00:00+00:00,9644.973639875709
2025-09-25 01:00:00+00:00,9644.973639875709
2025-09-25 02:00:00+00:00,9644.973639875709
2025-09-25 03:00:00+00:00,9644.973639875709
2025-09-25 04:00:00+00:00,9644.973639875709
2025-09-25 05:00:00+00:00,9644.973639875709
2025-09-25 06:00:00+00:00,9644.973639875709
2025-09-25 07:00:00+00:00,9644.973639875709
2025-09-25 08:00:00+00:00,9644.973639875709
2025-09-25 09:00:00+00:00,9644.973639875709
2025-09-25 10:00:00+00:00,9644.973639875709
2025-09-25 11:00:00+00:00,9644.973639875709
2025-09-25 12:00:00+00:00,9644.973639875709
2025-09-25 13:00:00+00:00,9644.973639875709
2025-09-25 14:00:00+00:00,9644.973639875709
2025-09-25 15:00:00+00:00,9644.973639875709
2025-09-25 16:00:00+00:00,9644.973639875709
2025-09-25 17:00:00+00:00,9644.973639875709
2025-09-25 18:00:00+00:00,9644.973639875709
2025-09-25 19:00:00+00:00,9580.512546541115
2025-09-25 20:00:00+00:00,9605.025846541113
2025-09-25 21:00:00+00:00,9618.073146541114
2025-09-25 22:00:00+00:00,9603.753246541113
2025-09-25 23:00:00+00:00,9602.430246541115
2025-09-26 00:00:00+00:00,9629.419446541113
2025-09-26 01:00:00+00:00,9599.333662015459
2025-09-26 02:00:00+00:00,9585.763462015459
2025-09-26 03:00:00+00:00,9589.726162015459
2025-09-26 04:00:00+00:00,9592.561162015458
2025-09-26 05:00:00+00:00,9607.057462015458
2025-09-26 06:00:00+00:00,9614.28986201546
2025-09-26 07:00:00+00:00,9607.49846201546
2025-09-26 08:00:00+00:00,9610.780762015458
2025-09-26 09:00:00+00:00,9593.31323748705
2025-09-26 10:00:00+00:00,9593.136837487049
2025-09-26 11:00:00+00:00,9634.515237487049
2025-09-26 12:00:00+00:00,9620.037837487049
2025-09-26 13:00:00+00:00,9605.554137487048
2025-09-26 14:00:00+00:00,9586.654137487049
2025-09-26 15:00:00+00:00,9638.566137487049
2025-09-26 16:00:00+00:00,9627.00563748705
2025-09-26 17:00:00+00:00,9601.07337661039
2025-09-26 18:00:00+00:00,9573.66207661039
2025-09-26 19:00:00+00:00,9552.841601436481
2025-09-26 20:00:00+00:00,9552.841601436481
2025-09-26 21:00:00+00:00,9552.841601436481
2025-09-26 22:00:00+00:00,9552.841601436481
2025-09-26 23:00:00+00:00,9552.841601436481
2025-09-27 00:00:00+00:00,9552.841601436481
2025-09-27 01:00:00+00:00,9552.841601436481
2025-09-27 02:00:00+00:00,9552.841601436481
2025-09-27 03:00:00+00:00,9552.841601436481
2025-09-27 04:00:00+00:00,9552.841601436481
2025-09-27 05:00:00+00:00,9552.841601436481
2025-09-27 06:00:00+00:00,9552.841601436481
2025-09-27 07:00:00+00:00,9552.841601436481
2025-09-27 08:00:00+00:00,9552.841601436481
2025-09-27 09:00:00+00:00,9552.841601436481
2025-09-27 10:00:00+00:00,9552.841601436481
2025-09-27 11:00:00+00:00,9552.841601436481
2025-09-27 12:00:00+00:00,9552.841601436481
2025-09-27 13:00:00+00:00,9552.841601436481
2025-09-27 14:00:00+00:00,9552.841601436481
2025-09-27 15:00:00+00:00,9552.841601436481
2025-09-27 16:00:00+00:00,9552.841601436481
2025-09-27 17:00:00+00:00,9552.841601436481
2025-09-27 18:00:00+00:00,9552.841601436481
2025-09-27 19:00:00+00:00,9552.841601436481
2025-09-27 20:00:00+00:00,9552.841601436481
2025-09-27 21:00:00+00:00,9552.841601436481
2025-09-27 22:00:00+00:00,9552.841601436481
2025-09-27 23:00:00+00:00,9552.841601436481
2025-09-28 00:00:00+00:00,9552.841601436481
2025-09-28 01:00:00+00:00,9552.841601436481
2025-09-28 02:00:00+00:00,9552.841601436481
2025-09-28 03:00:00+00:00,9552.841601436481
2025-09-28 04:00:00+00:00,9552.841601436481
2025-09-28 05:00:00+00:00,9552.841601436481
2025-09-28 06:00:00+00:00,9552.841601436481
2025-09-28 07:00:00+00:00,9552.841601436481
2025-09-28 08:00:00+00:00,9552.841601436481
2025-09-28 09:00:00+00:00,9552.841601436481
2025-09-28 10:00:00+00:00,9552.841601436481
2025-09-28 11:00:00+00:00,9552.841601436481
2025-09-28 12:00:00+00:00,9552.841601436481
2025-09-28 13:00:00+00:00,9552.841601436481
2025-09-28 14:00:00+00:00,9552.841601436481
2025-09-28 15:00:00+00:00,9552.841601436481
2025-09-28 16:00:00+00:00,9552.841601436481
2025-09-28 17:00:00+00:00,9552.841601436481
2025-09-28 18:00:00+00:00,9552.841601436481
2025-09-28 19:00:00+00:00,9552.841601436481
2025-09-28 20:00:00+00:00,9552.841601436481
2025-09-28 21:00:00+00:00,9552.841601436481
2025-09-28 22:00:00+00:00,9552.841601436481
2025-09-28 23:00:00+00:00,9552.841601436481
2025-09-29 00:00:00+00:00,9552.841601436481
2025-09-29 01:00:00+00:00,9552.841601436481
2025-09-29 02:00:00+00:00,9552.841601436481
2025-09-29 03:00:00+00:00,9552.841601436481
2025-09-29 04:00:00+00:00,9552.841601436481
2025-09-29 05:00:00+00:00,9552.841601436481
2025-09-29 06:00:00+00:00,9552.841601436481
2025-09-29 07:00:00+00:00,9552.841601436481
2025-09-29 08:00:00+00:00,9552.841601436481
2025-09-29 09:00:00+00:00,9552.841601436481
2025-09-29 10:00:00+00:00,9552.841601436481
2025-09-29 11:00:00+00:00,9552.841601436481
2025-09-29 12:00:00+00:00,9552.841601436481
2025-09-29 13:00:00+00:00,9552.841601436481
2025-09-29 14:00:00+00:00,9552.841601436481
2025-09-29 15:00:00+00:00,9552.841601436481
2025-09-29 16:00:00+00:00,9552.841601436481
2025-09-29 17:00:00+00:00,9552.841601436481
2025-09-29 18:00:00+00:00,9552.841601436481
2025-09-29 19:00:00+00:00,9552.841601436481
2025-09-29 20:00:00+00:00,9552.841601436481
2025-09-29 21:00:00+00:00,9542.632077112867
2025-09-29 22:00:00+00:00,9537.328377112866
2025-09-29 23:00:00+00:00,9537.801477112867
2025-09-30 00:00:00+00:00,9547.595477112867
2025-09-30 01:00:00+00:00,9565.943532657186
2025-09-30 02:00:00+00:00,9565.080332657184
2025-09-30 03:00:00+00:00,9561.851632657186
2025-09-30 04:00:00+00:00,9554.049632657185
2025-09-30 05:00:00+00:00,9531.075232657186
2025-09-30 06:00:00+00:00,9515.902832657184
2025-09-30 07:00:00+00:00,9514.608032657186
2025-09-30 08:00:00+00:00,9482.893136694027
2025-09-30 09:00:00+00:00,9482.893136694027
2025-09-30 10:00:00+00:00,9482.893136694027
2025-09-30 11:00:00+00:00,9482.893136694027
2025-09-30 12:00:00+00:00,9482.893136694027
2025-09-30 13:00:00+00:00,9482.893136694027
2025-09-30 14:00:00+00:00,9482.893136694027
2025-09-30 15:00:00+00:00,9482.893136694027
2025-09-30 16:00:00+00:00,9482.893136694027
2025-09-30 17:00:00+00:00,9482.893136694027
2025-09-30 18:00:00+00:00,9482.893136694027
2025-09-30 19:00:00+00:00,9482.893136694027
2025-09-30 20:00:00+00:00,9482.893136694027
2025-09-30 21:00:00+00:00,9482.893136694027
2025-09-30 22:00:00+00:00,9482.893136694027
2025-09-30 23:00:00+00:00,9482.893136694027
2025-10-01 00:00:00+00:00,9482.893136694027
2025-10-01 01:00:00+00:00,9482.893136694027
2025-10-01 02:00:00+00:00,9482.893136694027
2025-10-01 03:00:00+00:00,9482.893136694027
2025-10-01 04:00:00+00:00,9482.893136694027
2025-10-01 05:00:00+00:00,9482.893136694027
2025-10-01 06:00:00+00:00,9482.893136694027
2025-10-01 07:00:00+00:00,9482.893136694027
2025-10-01 08:00:00+00:00,9482.893136694027
2025-10-01 09:00:00+00:00,9482.893136694027
2025-10-01 10:00:00+00:00,9496.852054040877
2025-10-01 11:00:00+00:00,9486.884554040877
2025-10-01 12:00:00+00:00,9524.684554040878
2025-10-01 13:00:00+00:00,9497.489554040876
2025-10-01 14:00:00+00:00,9527.347054040876
2025-10-01 15:00:00+00:00,9563.482054040876
2025-10-01 16:00:00+00:00,9572.324554040877
2025-10-01 17:00:00+00:00,9581.82037843319
2025-10-01 18:00:00+00:00,9525.72037843319
2025-10-01 19:00:00+00:00,9559.63537843319
2025-10-01 20:00:00+00:00,9573.22537843319
2025-10-01 21:00:00+00:00,9582.11287843319
2025-10-01 22:00:00+00:00,9584.205378433191
2025-10-01 23:00:00+00:00,9596.96287843319
2025-10-02 00:00:00+00:00,9661.58287843319
2025-10-02 01:00:00+00:00,9650.03617543319
2025-10-02 02:00:00+00:00,9663.88117543319
2025-10-02 03:00:00+00:00,9672.43117543319
2025-10-02 04:00:00+00:00,9670.48117543319
2025-10-02 05:00:00+00:00,9666.13867543319
2025-10-02 06:00:00+00:00,9645.43867543319
2025-10-02 07:00:00+00:00,9665.19367543319
2025-10-02 08:00:00+00:00,9651.95617543319
2025-10-02 09:00:00+00:00,9666.51784543319
2025-10-02 10:00:00+00:00,9680.01784543319
2025-10-02 11:00:00+00:00,9662.32534543319
2025-10-02 12:00:00+00:00,9672.79534543319
2025-10-02 13:00:00+00:00,9719.94034543319
2025-10-02 14:00:00+00:00,9732.00590736417
2025-10-02 15:00:00+00:00,9658.72978188777
2025-10-02 16:00:00+00:00,9747.64348188777
2025-10-02 17:00:00+00:00,9732.43264821777
2025-10-02 18:00:00+00:00,9746.194548217769
2025-10-02 19:00:00+00:00,9794.243748217768
2025-10-02 20:00:00+00:00,9819.23224821777
2025-10-02 21:00:00+00:00,9803.558748217769
2025-10-02 22:00:00+00:00,9763.14784821777
2025-10-02 23:00:00+00:00,9772.21984821777
2025-10-03 00:00:00+00:00,9795.045648217769
2025-10-03 01:00:00+00:00,9763.985124669463
2025-10-03 02:00:00+00:00,9741.985524669462
2025-10-03 03:00:00+00:00,9766.528524669462
2025-10-03 04:00:00+00:00,9771.882624669463
2025-10-03 05:00:00+00:00,9757.383624669463
2025-10-03 06:00:00+00:00,9748.392624669463
2025-10-03 07:00:00+00:00,9747.493524669462
2025-10-03 08:00:00+00:00,9726.044724669464
2025-10-03 09:00:00+00:00,9705.773069292958
2025-10-03 10:00:00+00:00,9705.773069292958
2025-10-03 11:00:00+00:00,9705.773069292958
2025-10-03 12:00:00+00:00,9705.773069292958
2025-10-03 13:00:00+00:00,9705.773069292958
2025-10-03 14:00:00+00:00,9705.773069292958
2025-10-03 15:00:00+00:00,9705.773069292958
2025-10-03 16:00:00+00:00,9705.773069292958
2025-10-03 17:00:00+00:00,9719.751431316545
2025-10-03 18:00:00+00:00,9684.455931316545
2025-10-03 19:00:00+00:00,9718.430131316545
2025-10-03 20:00:00+00:00,9725.620631316544
2025-10-03 21:00:00+00:00,9710.502331316544
2025-10-03 22:00:00+00:00,9700.238531316545
2025-10-03 23:00:00+00:00,9713.342031316544
2025-10-04 00:00:00+00:00,9695.836631316544
2025-10-04 01:00:00+00:00,9687.123790952352
2025-10-04 02:00:00+00:00,9669.019790952352
2025-10-04 03:00:00+00:00,9668.698590952352
2025-10-04 04:00:00+00:00,9696.920390952351
2025-10-04 05:00:00+00:00,9714.316290952353
2025-10-04 06:00:00+00:00,9716.907790952351
2025-10-04 07:00:00+00:00,9709.56399095235
2025-10-04 08:00:00+00:00,9701.344190952352
2025-10-04 09:00:00+00:00,9696.086200242351
2025-10-04 10:00:00+00:00,9693.07130024235
2025-10-04 11:00:00+00:00,9685.654500242352
2025-10-04 12:00:00+00:00,9675.084100242351
2025-10-04 13:00:00+00:00,9677.39820024235
2025-10-04 14:00:00+00:00,9704.430100242353
2025-10-04 15:00:00+00:00,9675.792200242351
2025-10-04 16:00:00+00:00,9662.564600242353
2025-10-04 17:00:00+00:00,9657.03964512883
2025-10-04 18:00:00+00:00,9659.75524512883
2025-10-04 19:00:00+00:00,9647.761345128829
2025-10-04 20:00:00+00:00,9675.53054512883
2025-10-04 21:00:00+00:00,9668.97514512883
2025-10-04 22:00:00+00:00,9691.97744512883
2025-10-04 23:00:00+00:00,9698.291945128829
2025-10-05 00:00:00+00:00,9705.92774512883
2025-10-05 01:00:00+00:00,9687.448871148832
2025-10-05 02:00:00+00:00,9703.472371148831
2025-10-05 03:00:00+00:00,9826.032071148831
2025-10-05 04:00:00+00:00,9806.161471148831
2025-10-05 05:00:00+00:00,9909.21557114883
2025-10-05 06:00:00+00:00,9906.478071148831
2025-10-05 07:00:00+00:00,9895.827371148831
2025-10-05 08:00:00+00:00,9876.62837114883
2025-10-05 09:00:00+00:00,9868.18443851883
2025-10-05 10:00:00+00:00,9808.108366797147
2025-10-05 11:00:00+00:00,9808.108366797147
2025-10-05 12:00:00+00:00,9808.108366797147
2025-10-05 13:00:00+00:00,9808.108366797147
2025-10-05 14:00:00+00:00,9808.108366797147
2025-10-05 15:00:00+00:00,9808.108366797147
2025-10-05 16:00:00+00:00,9808.108366797147
2025-10-05 17:00:00+00:00,9808.108366797147
2025-10-05 18:00:00+00:00,9808.108366797147
2025-10-05 19:00:00+00:00,9808.108366797147
2025-10-05 20:00:00+00:00,9808.108366797147
2025-10-05 21:00:00+00:00,9808.108366797147
2025-10-05 22:00:00+00:00,9808.108366797147
2025-10-05 23:00:00+00:00,9808.108366797147
2025-10-06 00:00:00+00:00,9808.108366797147
2025-10-06 01:00:00+00:00,9808.108366797147
2025-10-06 02:00:00+00:00,9808.108366797147
2025-10-06 03:00:00+00:00,9808.108366797147
2025-10-06 04:00:00+00:00,9808.108366797147
2025-10-06 05:00:00+00:00,9808.108366797147
2025-10-06 06:00:00+00:00,9808.108366797147
2025-10-06 07:00:00+00:00,9808.108366797147
2025-10-06 08:00:00+00:00,9808.108366797147
2025-10-06 09:00:00+00:00,9808.108366797147
2025-10-06 10:00:00+00:00,9808.108366797147
2025-10-06 11:00:00+00:00,9808.108366797147
2025-10-06 12:00:00+00:00,9808.108366797147
2025-10-06 13:00:00+00:00,9808.108366797147
2025-10-06 14:00:00+00:00,9808.108366797147
2025-10-06 15:00:00+00:00,9808.108366797147
2025-10-06 16:00:00+00:00,9808.108366797147
2025-10-06 17:00:00+00:00,9808.108366797147
2025-10-06 18:00:00+00:00,9808.108366797147
2025-10-06 19:00:00+00:00,9808.108366797147
2025-10-06 20:00:00+00:00,9758.581658154746
2025-10-06 21:00:00+00:00,9746.800658154747
2025-10-06 22:00:00+00:00,9741.203858154746
2025-10-06 23:00:00+00:00,9735.277058154747
2025-10-07 00:00:00+00:00,9711.035258154747
2025-10-07 01:00:00+00:00,9724.838348994746
2025-10-07 02:00:00+00:00,9712.014548994746
2025-10-07 03:00:00+00:00,9681.403748994748
2025-10-07 04:00:00+00:00,9686.835548994746
2025-10-07 05:00:00+00:00,9697.151348994747
2025-10-07 06:00:00+00:00,9691.983548994747
2025-10-07 07:00:00+00:00,9656.735760971847
2025-10-07 08:00:00+00:00,9656.735760971847
2025-10-07 09:00:00+00:00,9656.735760971847
2025-10-07 10:00:00+00:00,9656.735760971847
2025-10-07 11:00:00+00:00,9656.735760971847
2025-10-07 12:00:00+00:00,9656.735760971847
2025-10-07 13:00:00+00:00,9656.735760971847
2025-10-07 14:00:00+00:00,9656.735760971847
2025-10-07 15:00:00+00:00,9656.735760971847
2025-10-07 16:00:00+00:00,9656.735760971847
2025-10-07 17:00:00+00:00,9656.735760971847
2025-10-07 18:00:00+00:00,9656.735760971847
2025-10-07 19:00:00+00:00,9656.735760971847
2025-10-07 20:00:00+00:00,9656.735760971847
2025-10-07 21:00:00+00:00,9656.735760971847
2025-10-07 22:00:00+00:00,9656.735760971847
2025-10-07 23:00:00+00:00,9656.735760971847
2025-10-08 00:00:00+00:00,9656.735760971847
2025-10-08 01:00:00+00:00,9656.735760971847
2025-10-08 02:00:00+00:00,9656.735760971847
2025-10-08 03:00:00+00:00,9656.735760971847
2025-10-08 04:00:00+00:00,9656.735760971847
2025-10-08 05:00:00+00:00,9656.735760971847
2025-10-08 06:00:00+00:00,9656.735760971847
2025-10-08 07:00:00+00:00,9656.735760971847
2025-10-08 08:00:00+00:00,9656.735760971847
2025-10-08 09:00:00+00:00,9656.735760971847
2025-10-08 10:00:00+00:00,9656.735760971847
2025-10-08 11:00:00+00:00,9656.735760971847
2025-10-08 12:00:00+00:00,9656.735760971847
2025-10-08 13:00:00+00:00,9656.735760971847
2025-10-08 14:00:00+00:00,9656.735760971847
2025-10-08 15:00:00+00:00,9656.735760971847
2025-10-08 16:00:00+00:00,9656.735760971847
2025-10-08 17:00:00+00:00,9656.735760971847
2025-10-08 18:00:00+00:00,9656.735760971847
2025-10-08 19:00:00+00:00,9656.735760971847
2025-10-08 20:00:00+00:00,9656.735760971847
2025-10-08 21:00:00+00:00,9656.735760971847
2025-10-08 22:00:00+00:00,9656.735760971847
2025-10-08 23:00:00+00:00,9656.735760971847
2025-10-09 00:00:00+00:00,9656.735760971847
2025-10-09 01:00:00+00:00,9656.735760971847
2025-10-09 02:00:00+00:00,9656.735760971847
2025-10-09 03:00:00+00:00,9656.735760971847
2025-10-09 04:00:00+00:00,9656.735760971847
2025-10-09 05:00:00+00:00,9656.735760971847
2025-10-09 06:00:00+00:00,9656.735760971847
2025-10-09 07:00:00+00:00,9656.735760971847
2025-10-09 08:00:00+00:00,9656.735760971847
2025-10-09 09:00:00+00:00,9656.735760971847
2025-10-09 10:00:00+00:00,9656.735760971847
2025-10-09 11:00:00+00:00,9656.735760971847
2025-10-09 12:00:00+00:00,9656.735760971847
2025-10-09 13:00:00+00:00,9656.735760971847
2025-10-09 14:00:00+00:00,9656.735760971847
2025-10-09 15:00:00+00:00,9656.735760971847
2025-10-09 16:00:00+00:00,9656.735760971847
2025-10-09 17:00:00+00:00,9656.735760971847
2025-10-09 18:00:00+00:00,9656.735760971847
2025-10-09 19:00:00+00:00,9656.735760971847
2025-10-09 20:00:00+00:00,9656.735760971847
2025-10-09 21:00:00+00:00,9656.735760971847
2025-10-09 22:00:00+00:00,9656.735760971847
2025-10-09 23:00:00+00:00,9656.735760971847
2025-10-10 00:00:00+00:00,9656.735760971847
2025-10-10 01:00:00+00:00,9656.735760971847
2025-10-10 02:00:00+00:00,9656.735760971847
2025-10-10 03:00:00+00:00,9656.735760971847
2025-10-10 04:00:00+00:00,9656.735760971847
2025-10-10 05:00:00+00:00,9656.735760971847
2025-10-10 06:00:00+00:00,9656.735760971847
2025-10-10 07:00:00+00:00,9656.735760971847
2025-10-10 08:00:00+00:00,9656.735760971847
2025-10-10 09:00:00+00:00,9656.735760971847
2025-10-10 10:00:00+00:00,9656.735760971847
2025-10-10 11:00:00+00:00,9656.735760971847
2025-10-10 12:00:00+00:00,9656.735760971847
2025-10-10 13:00:00+00:00,9656.735760971847
2025-10-10 14:00:00+00:00,9656.735760971847
2025-10-10 15:00:00+00:00,9656.735760971847
2025-10-10 16:00:00+00:00,9656.735760971847
2025-10-10 17:00:00+00:00,9656.735760971847
2025-10-10 18:00:00+00:00,9656.735760971847
2025-10-10 19:00:00+00:00,9656.735760971847
2025-10-10 20:00:00+00:00,9656.735760971847
2025-10-10 21:00:00+00:00,9777.37355363578
2025-10-10 22:00:00+00:00,9921.140729981635
2025-10-10 23:00:00+00:00,9921.140729981635
2025-10-11 00:00:00+00:00,9921.140729981635
2025-10-11 01:00:00+00:00,9921.140729981635
2025-10-11 02:00:00+00:00,9921.140729981635
2025-10-11 03:00:00+00:00,9921.140729981635
2025-10-11 04:00:00+00:00,9921.140729981635
2025-10-11 05:00:00+00:00,9921.140729981635
2025-10-11 06:00:00+00:00,9921.140729981635
2025-10-11 07:00:00+00:00,9921.140729981635
2025-10-11 08:00:00+00:00,9921.140729981635
2025-10-11 09:00:00+00:00,9921.140729981635
2025-10-11 10:00:00+00:00,9921.140729981635
2025-10-11 11:00:00+00:00,9921.140729981635
2025-10-11 12:00:00+00:00,9921.140729981635
2025-10-11 13:00:00+00:00,9921.140729981635
2025-10-11 14:00:00+00:00,9921.140729981635
2025-10-11 15:00:00+00:00,9921.140729981635
2025-10-11 16:00:00+00:00,9921.140729981635
2025-10-11 17:00:00+00:00,9921.140729981635
2025-10-11 18:00:00+00:00,9921.140729981635
2025-10-11 19:00:00+00:00,9921.140729981635
2025-10-11 20:00:00+00:00,9921.140729981635
2025-10-11 21:00:00+00:00,9921.140729981635
2025-10-11 22:00:00+00:00,9921.140729981635
2025-10-11 23:00:00+00:00,9921.140729981635
2025-10-12 00:00:00+00:00,9921.140729981635
2025-10-12 01:00:00+00:00,9921.140729981635
2025-10-12 02:00:00+00:00,9921.140729981635
2025-10-12 03:00:00+00:00,9921.140729981635
2025-10-12 04:00:00+00:00,9921.140729981635
2025-10-12 05:00:00+00:00,9921.140729981635
2025-10-12 06:00:00+00:00,9921.140729981635
2025-10-12 07:00:00+00:00,9921.140729981635
2025-10-12 08:00:00+00:00,9921.140729981635
2025-10-12 09:00:00+00:00,9921.140729981635
2025-10-12 10:00:00+00:00,9921.140729981635
2025-10-12 11:00:00+00:00,9921.140729981635
2025-10-12 12:00:00+00:00,9921.140729981635
2025-10-12 13:00:00+00:00,9921.140729981635
2025-10-12 14:00:00+00:00,9921.140729981635
2025-10-12 15:00:00+00:00,9921.140729981635
2025-10-12 16:00:00+00:00,9921.140729981635
2025-10-12 17:00:00+00:00,9921.140729981635
2025-10-12 18:00:00+00:00,9921.140729981635
2025-10-12 19:00:00+00:00,9921.140729981635
2025-10-12 20:00:00+00:00,9921.140729981635
2025-10-12 21:00:00+00:00,9921.140729981635
2025-10-12 22:00:00+00:00,9921.140729981635
2025-10-12 23:00:00+00:00,9921.140729981635
2025-10-13 00:00:00+00:00,9921.140729981635
2025-10-13 01:00:00+00:00,9921.140729981635
2025-10-13 02:00:00+00:00,9921.140729981635
2025-10-13 03:00:00+00:00,9921.140729981635
2025-10-13 04:00:00+00:00,9921.140729981635
2025-10-13 05:00:00+00:00,9921.140729981635
2025-10-13 06:00:00+00:00,9921.140729981635
2025-10-13 07:00:00+00:00,9921.140729981635
2025-10-13 08:00:00+00:00,9921.140729981635
2025-10-13 09:00:00+00:00,9921.140729981635
2025-10-13 10:00:00+00:00,9921.140729981635
2025-10-13 11:00:00+00:00,9921.140729981635
2025-10-13 12:00:00+00:00,9921.140729981635
2025-10-13 13:00:00+00:00,9921.140729981635
2025-10-13 14:00:00+00:00,9921.140729981635
2025-10-13 15:00:00+00:00,9921.140729981635
2025-10-13 16:00:00+00:00,9921.140729981635
2025-10-13 17:00:00+00:00,9921.140729981635
2025-10-13 18:00:00+00:00,9921.140729981635
2025-10-13 19:00:00+00:00,9921.140729981635
2025-10-13 20:00:00+00:00,9921.140729981635
2025-10-13 21:00:00+00:00,9921.140729981635
2025-10-13 22:00:00+00:00,9921.140729981635
2025-10-13 23:00:00+00:00,9921.140729981635
2025-10-14 00:00:00+00:00,9921.140729981635
2025-10-14 01:00:00+00:00,9921.140729981635
2025-10-14 02:00:00+00:00,9921.140729981635
2025-10-14 03:00:00+00:00,9921.140729981635
2025-10-14 04:00:00+00:00,9921.140729981635
2025-10-14 05:00:00+00:00,9921.140729981635
2025-10-14 06:00:00+00:00,9921.140729981635
2025-10-14 07:00:00+00:00,9921.140729981635
2025-10-14 08:00:00+00:00,9921.140729981635
2025-10-14 09:00:00+00:00,9921.140729981635
2025-10-14 10:00:00+00:00,9921.140729981635
2025-10-14 11:00:00+00:00,9921.140729981635
2025-10-14 12:00:00+00:00,9921.140729981635
2025-10-14 13:00:00+00:00,9921.140729981635
2025-10-14 14:00:00+00:00,9921.140729981635
2025-10-14 15:00:00+00:00,9921.140729981635
2025-10-14 16:00:00+00:00,9921.140729981635
2025-10-14 17:00:00+00:00,9921.140729981635
2025-10-14 18:00:00+00:00,9921.140729981635
2025-10-14 19:00:00+00:00,9921.140729981635
2025-10-14 20:00:00+00:00,9921.140729981635
2025-10-14 21:00:00+00:00,9921.140729981635
2025-10-14 22:00:00+00:00,9921.140729981635
2025-10-14 23:00:00+00:00,9921.140729981635
2025-10-15 00:00:00+00:00,9921.140729981635
2025-10-15 01:00:00+00:00,9921.140729981635
2025-10-15 02:00:00+00:00,9921.140729981635
2025-10-15 03:00:00+00:00,9921.140729981635
2025-10-15 04:00:00+00:00,9921.140729981635
2025-10-15 05:00:00+00:00,9921.140729981635
2025-10-15 06:00:00+00:00,9921.140729981635
2025-10-15 07:00:00+00:00,9921.140729981635
2025-10-15 08:00:00+00:00,9921.140729981635
2025-10-15 09:00:00+00:00,9921.140729981635
2025-10-15 10:00:00+00:00,9921.140729981635
2025-10-15 11:00:00+00:00,9921.140729981635
2025-10-15 12:00:00+00:00,9921.140729981635
2025-10-15 13:00:00+00:00,9921.140729981635
2025-10-15 14:00:00+00:00,9921.140729981635
2025-10-15 15:00:00+00:00,9921.140729981635
2025-10-15 16:00:00+00:00,9921.140729981635
2025-10-15 17:00:00+00:00,9921.140729981635
2025-10-15 18:00:00+00:00,9921.140729981635
2025-10-15 19:00:00+00:00,9921.140729981635
2025-10-15 20:00:00+00:00,9921.140729981635
2025-10-15 21:00:00+00:00,9921.140729981635
2025-10-15 22:00:00+00:00,9921.140729981635
2025-10-15 23:00:00+00:00,9921.140729981635
2025-10-16 00:00:00+00:00,9921.140729981635
2025-10-16 01:00:00+00:00,9921.140729981635
2025-10-16 02:00:00+00:00,9921.140729981635
2025-10-16 03:00:00+00:00,9921.140729981635
2025-10-16 04:00:00+00:00,9921.140729981635
2025-10-16 05:00:00+00:00,9921.140729981635
2025-10-16 06:00:00+00:00,9921.140729981635
2025-10-16 07:00:00+00:00,9921.140729981635
2025-10-16 08:00:00+00:00,9921.140729981635
2025-10-16 09:00:00+00:00,9921.140729981635
2025-10-16 10:00:00+00:00,9921.140729981635
2025-10-16 11:00:00+00:00,9921.140729981635
2025-10-16 12:00:00+00:00,9921.140729981635
2025-10-16 13:00:00+00:00,9921.140729981635
2025-10-16 14:00:00+00:00,9921.140729981635
2025-10-16 15:00:00+00:00,9921.140729981635
2025-10-16 16:00:00+00:00,9921.140729981635
2025-10-16 17:00:00+00:00,9921.140729981635
2025-10-16 18:00:00+00:00,9921.140729981635
2025-10-16 19:00:00+00:00,9921.140729981635
2025-10-16 20:00:00+00:00,9921.140729981635
2025-10-16 21:00:00+00:00,9921.140729981635
2025-10-16 22:00:00+00:00,9921.140729981635
2025-10-16 23:00:00+00:00,9921.140729981635
2025-10-17 00:00:00+00:00,9921.140729981635
2025-10-17 01:00:00+00:00,9921.140729981635
2025-10-17 02:00:00+00:00,9921.140729981635
2025-10-17 03:00:00+00:00,9921.140729981635
2025-10-17 04:00:00+00:00,9921.140729981635
2025-10-17 05:00:00+00:00,9921.140729981635
2025-10-17 06:00:00+00:00,9921.140729981635
2025-10-17 07:00:00+00:00,9921.140729981635
2025-10-17 08:00:00+00:00,9921.140729981635
2025-10-17 09:00:00+00:00,9921.140729981635
2025-10-17 10:00:00+00:00,9921.140729981635
2025-10-17 11:00:00+00:00,9921.140729981635
2025-10-17 12:00:00+00:00,9921.140729981635
2025-10-17 13:00:00+00:00,9921.140729981635
2025-10-17 14:00:00+00:00,9921.140729981635
2025-10-17 15:00:00+00:00,9921.140729981635
2025-10-17 16:00:00+00:00,9921.140729981635
2025-10-17 17:00:00+00:00,9921.140729981635
2025-10-17 18:00:00+00:00,9921.140729981635
2025-10-17 19:00:00+00:00,9921.140729981635
2025-10-17 20:00:00+00:00,9921.140729981635
2025-10-17 21:00:00+00:00,9921.140729981635
2025-10-17 22:00:00+00:00,9921.140729981635
2025-10-17 23:00:00+00:00,9921.140729981635
2025-10-18 00:00:00+00:00,9921.140729981635
2025-10-18 01:00:00+00:00,9921.140729981635
2025-10-18 02:00:00+00:00,9921.140729981635
2025-10-18 03:00:00+00:00,9921.140729981635
2025-10-18 04:00:00+00:00,9921.140729981635
2025-10-18 05:00:00+00:00,9921.140729981635
2025-10-18 06:00:00+00:00,9921.140729981635
2025-10-18 07:00:00+00:00,9921.140729981635
2025-10-18 08:00:00+00:00,9921.140729981635
2025-10-18 09:00:00+00:00,9921.140729981635
2025-10-18 10:00:00+00:00,9921.140729981635
2025-10-18 11:00:00+00:00,9921.140729981635
2025-10-18 12:00:00+00:00,9921.140729981635
2025-10-18 13:00:00+00:00,9921.140729981635
2025-10-18 14:00:00+00:00,9921.140729981635
2025-10-18 15:00:00+00:00,9921.140729981635
2025-10-18 16:00:00+00:00,9921.140729981635
2025-10-18 17:00:00+00:00,9921.140729981635
2025-10-18 18:00:00+00:00,9921.140729981635
2025-10-18 19:00:00+00:00,9921.140729981635
2025-10-18 20:00:00+00:00,9921.140729981635
2025-10-18 21:00:00+00:00,9921.140729981635
2025-10-18 22:00:00+00:00,9921.140729981635
2025-10-18 23:00:00+00:00,9921.140729981635
2025-10-19 00:00:00+00:00,9921.140729981635
2025-10-19 01:00:00+00:00,9921.140729981635
2025-10-19 02:00:00+00:00,9921.140729981635
2025-10-19 03:00:00+00:00,9921.140729981635
2025-10-19 04:00:00+00:00,9921.140729981635
2025-10-19 05:00:00+00:00,9921.140729981635
2025-10-19 06:00:00+00:00,9921.140729981635
2025-10-19 07:00:00+00:00,9921.140729981635
2025-10-19 08:00:00+00:00,9921.140729981635
2025-10-19 09:00:00+00:00,9921.140729981635
2025-10-19 10:00:00+00:00,9921.140729981635
2025-10-19 11:00:00+00:00,9921.140729981635
2025-10-19 12:00:00+00:00,9921.140729981635
2025-10-19 13:00:00+00:00,9921.140729981635
2025-10-19 14:00:00+00:00,9921.140729981635
2025-10-19 15:00:00+00:00,9921.140729981635
2025-10-19 16:00:00+00:00,9921.140729981635
2025-10-19 17:00:00+00:00,9921.140729981635
2025-10-19 18:00:00+00:00,9921.140729981635
2025-10-19 19:00:00+00:00,9921.140729981635
2025-10-19 20:00:00+00:00,9921.140729981635
2025-10-19 21:00:00+00:00,9921.140729981635
2025-10-19 22:00:00+00:00,9921.140729981635
2025-10-19 23:00:00+00:00,9921.140729981635
2025-10-20 00:00:00+00:00,9921.140729981635
2025-10-20 01:00:00+00:00,9921.140729981635
2025-10-20 02:00:00+00:00,9921.140729981635
2025-10-20 03:00:00+00:00,9921.140729981635
2025-10-20 04:00:00+00:00,9921.140729981635
2025-10-20 05:00:00+00:00,9921.140729981635
2025-10-20 06:00:00+00:00,9921.140729981635
2025-10-20 07:00:00+00:00,9921.140729981635
2025-10-20 08:00:00+00:00,9921.140729981635
2025-10-20 09:00:00+00:00,9921.140729981635
2025-10-20 10:00:00+00:00,9921.140729981635
2025-10-20 11:00:00+00:00,9921.140729981635
2025-10-20 12:00:00+00:00,9921.140729981635
2025-10-20 13:00:00+00:00,9921.140729981635
2025-10-20 14:00:00+00:00,9921.140729981635
2025-10-20 15:00:00+00:00,9921.140729981635
2025-10-20 16:00:00+00:00,9921.140729981635
2025-10-20 17:00:00+00:00,9921.140729981635
2025-10-20 18:00:00+00:00,9921.140729981635
2025-10-20 19:00:00+00:00,9921.140729981635
2025-10-20 20:00:00+00:00,9921.140729981635
2025-10-20 21:00:00+00:00,9921.140729981635
2025-10-20 22:00:00+00:00,9921.140729981635
2025-10-20 23:00:00+00:00,9921.140729981635
2025-10-21 00:00:00+00:00,9921.140729981635
2025-10-21 01:00:00+00:00,9921.140729981635
2025-10-21 02:00:00+00:00,9921.140729981635
2025-10-21 03:00:00+00:00,9921.140729981635
2025-10-21 04:00:00+00:00,9921.140729981635
2025-10-21 05:00:00+00:00,9921.140729981635
2025-10-21 06:00:00+00:00,9921.140729981635
2025-10-21 07:00:00+00:00,9921.140729981635
2025-10-21 08:00:00+00:00,9921.140729981635
2025-10-21 09:00:00+00:00,9921.140729981635
2025-10-21 10:00:00+00:00,9921.140729981635
2025-10-21 11:00:00+00:00,9921.140729981635
2025-10-21 12:00:00+00:00,9921.140729981635
2025-10-21 13:00:00+00:00,9921.140729981635
2025-10-21 14:00:00+00:00,9921.140729981635
2025-10-21 15:00:00+00:00,9921.140729981635
2025-10-21 16:00:00+00:00,9921.140729981635
2025-10-21 17:00:00+00:00,9921.140729981635
2025-10-21 18:00:00+00:00,9921.140729981635
2025-10-21 19:00:00+00:00,9921.140729981635
2025-10-21 20:00:00+00:00,9921.140729981635
2025-10-21 21:00:00+00:00,9921.140729981635
2025-10-21 22:00:00+00:00,9921.140729981635
2025-10-21 23:00:00+00:00,9921.140729981635
2025-10-22 00:00:00+00:00,9921.140729981635
2025-10-22 01:00:00+00:00,9921.140729981635
2025-10-22 02:00:00+00:00,9921.140729981635
2025-10-22 03:00:00+00:00,9921.140729981635
2025-10-22 04:00:00+00:00,9921.140729981635
2025-10-22 05:00:00+00:00,9921.140729981635
2025-10-22 06:00:00+00:00,9921.140729981635
2025-10-22 07:00:00+00:00,9921.140729981635
2025-10-22 08:00:00+00:00,9921.140729981635
2025-10-22 09:00:00+00:00,9921.140729981635
2025-10-22 10:00:00+00:00,9921.140729981635
2025-10-22 11:00:00+00:00,9921.140729981635
2025-10-22 12:00:00+00:00,9921.140729981635
2025-10-22 13:00:00+00:00,9921.140729981635
2025-10-22 14:00:00+00:00,9921.140729981635
2025-10-22 15:00:00+00:00,9921.140729981635
2025-10-22 16:00:00+00:00,9921.140729981635
2025-10-22 17:00:00+00:00,9921.140729981635
2025-10-22 18:00:00+00:00,9921.140729981635
2025-10-22 19:00:00+00:00,9921.140729981635
2025-10-22 20:00:00+00:00,9921.140729981635
2025-10-22 21:00:00+00:00,9921.140729981635
2025-10-22 22:00:00+00:00,9921.140729981635
2025-10-22 23:00:00+00:00,9921.140729981635
2025-10-23 00:00:00+00:00,9921.140729981635
2025-10-23 01:00:00+00:00,9921.140729981635
2025-10-23 02:00:00+00:00,9921.140729981635
2025-10-23 03:00:00+00:00,9921.140729981635
2025-10-23 04:00:00+00:00,9921.140729981635
2025-10-23 05:00:00+00:00,9921.140729981635
2025-10-23 06:00:00+00:00,9921.140729981635
2025-10-23 07:00:00+00:00,9921.140729981635
2025-10-23 08:00:00+00:00,9921.140729981635
2025-10-23 09:00:00+00:00,9921.140729981635
2025-10-23 10:00:00+00:00,9921.140729981635
2025-10-23 11:00:00+00:00,9921.140729981635
2025-10-23 12:00:00+00:00,9921.140729981635
2025-10-23 13:00:00+00:00,9921.140729981635
2025-10-23 14:00:00+00:00,9921.140729981635
2025-10-23 15:00:00+00:00,9921.140729981635
2025-10-23 16:00:00+00:00,9921.140729981635
2025-10-23 17:00:00+00:00,9921.140729981635
2025-10-23 18:00:00+00:00,9921.140729981635
2025-10-23 19:00:00+00:00,9921.140729981635
2025-10-23 20:00:00+00:00,9921.140729981635
2025-10-23 21:00:00+00:00,9921.140729981635
2025-10-23 22:00:00+00:00,9921.140729981635
2025-10-23 23:00:00+00:00,9921.140729981635
2025-10-24 00:00:00+00:00,9921.140729981635
2025-10-24 01:00:00+00:00,9921.140729981635
2025-10-24 02:00:00+00:00,9921.140729981635
2025-10-24 03:00:00+00:00,9921.140729981635
2025-10-24 04:00:00+00:00,9921.140729981635
2025-10-24 05:00:00+00:00,9921.140729981635
2025-10-24 06:00:00+00:00,9921.140729981635
2025-10-24 07:00:00+00:00,9921.140729981635
2025-10-24 08:00:00+00:00,9921.140729981635
2025-10-24 09:00:00+00:00,9921.140729981635
2025-10-24 10:00:00+00:00,9921.140729981635
2025-10-24 11:00:00+00:00,9921.140729981635
2025-10-24 12:00:00+00:00,9921.140729981635
2025-10-24 13:00:00+00:00,9921.140729981635
2025-10-24 14:00:00+00:00,9921.140729981635
2025-10-24 15:00:00+00:00,9921.140729981635
2025-10-24 16:00:00+00:00,9921.140729981635
2025-10-24 17:00:00+00:00,9921.140729981635
2025-10-24 18:00:00+00:00,9921.140729981635
2025-10-24 19:00:00+00:00,9921.140729981635
2025-10-24 20:00:00+00:00,9921.140729981635
2025-10-24 21:00:00+00:00,9921.140729981635
2025-10-24 22:00:00+00:00,9921.140729981635
2025-10-24 23:00:00+00:00,9921.140729981635
2025-10-25 00:00:00+00:00,9921.140729981635
2025-10-25 01:00:00+00:00,9921.140729981635
2025-10-25 02:00:00+00:00,9921.140729981635
2025-10-25 03:00:00+00:00,9921.140729981635
2025-10-25 04:00:00+00:00,9921.140729981635
2025-10-25 05:00:00+00:00,9921.140729981635
2025-10-25 06:00:00+00:00,9921.140729981635
2025-10-25 07:00:00+00:00,9921.140729981635
2025-10-25 08:00:00+00:00,9921.140729981635
2025-10-25 09:00:00+00:00,9921.140729981635
2025-10-25 10:00:00+00:00,9921.140729981635
2025-10-25 11:00:00+00:00,9921.140729981635
2025-10-25 12:00:00+00:00,9921.140729981635
2025-10-25 13:00:00+00:00,9921.140729981635
2025-10-25 14:00:00+00:00,9921.140729981635
2025-10-25 15:00:00+00:00,9921.140729981635
2025-10-25 16:00:00+00:00,9921.140729981635
2025-10-25 17:00:00+00:00,9921.140729981635
2025-10-25 18:00:00+00:00,9921.140729981635
2025-10-25 19:00:00+00:00,9921.140729981635
2025-10-25 20:00:00+00:00,9921.140729981635
2025-10-25 21:00:00+00:00,9921.140729981635
2025-10-25 22:00:00+00:00,9921.140729981635
2025-10-25 23:00:00+00:00,9921.140729981635
2025-10-26 00:00:00+00:00,9921.140729981635
2025-10-26 01:00:00+00:00,9921.140729981635
2025-10-26 02:00:00+00:00,9921.140729981635
2025-10-26 03:00:00+00:00,9921.140729981635
2025-10-26 04:00:00+00:00,9921.140729981635
2025-10-26 05:00:00+00:00,9921.140729981635
2025-10-26 06:00:00+00:00,9921.140729981635
2025-10-26 07:00:00+00:00,9921.140729981635
2025-10-26 08:00:00+00:00,9921.140729981635
2025-10-26 09:00:00+00:00,9921.140729981635
2025-10-26 10:00:00+00:00,9921.140729981635
2025-10-26 11:00:00+00:00,9921.140729981635
2025-10-26 12:00:00+00:00,9921.140729981635
2025-10-26 13:00:00+00:00,9921.140729981635
2025-10-26 14:00:00+00:00,9921.140729981635
2025-10-26 15:00:00+00:00,9921.140729981635
2025-10-26 16:00:00+00:00,9921.140729981635
2025-10-26 17:00:00+00:00,9921.140729981635
2025-10-26 18:00:00+00:00,9921.140729981635
2025-10-26 19:00:00+00:00,9921.140729981635
2025-10-26 20:00:00+00:00,9921.140729981635
2025-10-26 21:00:00+00:00,9921.140729981635
2025-10-26 22:00:00+00:00,9921.140729981635
2025-10-26 23:00:00+00:00,9921.140729981635
2025-10-27 00:00:00+00:00,9900.910727499591
2025-10-27 01:00:00+00:00,9917.825659796736
2025-10-27 02:00:00+00:00,9958.891259796736
2025-10-27 03:00:00+00:00,9927.370459796735
2025-10-27 04:00:00+00:00,9935.406459796735
2025-10-27 05:00:00+00:00,9956.685459796734
2025-10-27 06:00:00+00:00,9980.145659796735
2025-10-27 07:00:00+00:00,10022.187059796735
2025-10-27 08:00:00+00:00,9982.556459796735
2025-10-27 09:00:00+00:00,9938.931411682268
2025-10-27 10:00:00+00:00,9919.302535513445
2025-10-27 11:00:00+00:00,9919.302535513445
2025-10-27 12:00:00+00:00,9919.302535513445
2025-10-27 13:00:00+00:00,9919.302535513445
2025-10-27 14:00:00+00:00,9919.302535513445
2025-10-27 15:00:00+00:00,9919.302535513445
2025-10-27 16:00:00+00:00,9919.302535513445
2025-10-27 17:00:00+00:00,9919.302535513445
2025-10-27 18:00:00+00:00,9919.302535513445
2025-10-27 19:00:00+00:00,9919.302535513445
2025-10-27 20:00:00+00:00,9919.302535513445
2025-10-27 21:00:00+00:00,9919.302535513445
2025-10-27 22:00:00+00:00,9919.302535513445
2025-10-27 23:00:00+00:00,9919.302535513445
2025-10-28 00:00:00+00:00,9919.302535513445
2025-10-28 01:00:00+00:00,9919.302535513445
2025-10-28 02:00:00+00:00,9919.302535513445
2025-10-28 03:00:00+00:00,9919.302535513445
2025-10-28 04:00:00+00:00,9919.302535513445
2025-10-28 05:00:00+00:00,9919.302535513445
2025-10-28 06:00:00+00:00,9919.302535513445
2025-10-28 07:00:00+00:00,9919.302535513445
2025-10-28 08:00:00+00:00,9919.302535513445
2025-10-28 09:00:00+00:00,9919.302535513445
2025-10-28 10:00:00+00:00,9919.302535513445
2025-10-28 11:00:00+00:00,9919.302535513445
2025-10-28 12:00:00+00:00,9919.302535513445
2025-10-28 13:00:00+00:00,9919.302535513445
2025-10-28 14:00:00+00:00,9919.302535513445
2025-10-28 15:00:00+00:00,9919.302535513445
2025-10-28 16:00:00+00:00,9919.302535513445
2025-10-28 17:00:00+00:00,9919.302535513445
2025-10-28 18:00:00+00:00,9919.302535513445
2025-10-28 19:00:00+00:00,9919.302535513445
2025-10-28 20:00:00+00:00,9919.302535513445
2025-10-28 21:00:00+00:00,9919.302535513445
2025-10-28 22:00:00+00:00,9919.302535513445
2025-10-28 23:00:00+00:00,9919.302535513445
2025-10-29 00:00:00+00:00,9919.302535513445
2025-10-29 01:00:00+00:00,9919.302535513445
2025-10-29 02:00:00+00:00,9919.302535513445
2025-10-29 03:00:00+00:00,9919.302535513445
2025-10-29 04:00:00+00:00,9919.302535513445
2025-10-29 05:00:00+00:00,9919.302535513445
2025-10-29 06:00:00+00:00,9919.302535513445
2025-10-29 07:00:00+00:00,9919.302535513445
2025-10-29 08:00:00+00:00,9919.302535513445
2025-10-29 09:00:00+00:00,9919.302535513445
2025-10-29 10:00:00+00:00,9919.302535513445
2025-10-29 11:00:00+00:00,9919.302535513445
2025-10-29 12:00:00+00:00,9919.302535513445
2025-10-29 13:00:00+00:00,9919.302535513445
2025-10-29 14:00:00+00:00,9919.302535513445
2025-10-29 15:00:00+00:00,9919.302535513445
2025-10-29 16:00:00+00:00,9919.302535513445
2025-10-29 17:00:00+00:00,9919.302535513445
2025-10-29 18:00:00+00:00,9919.302535513445
2025-10-29 19:00:00+00:00,9919.302535513445
2025-10-29 20:00:00+00:00,9919.302535513445
2025-10-29 21:00:00+00:00,9919.302535513445
2025-10-29 22:00:00+00:00,9919.302535513445
2025-10-29 23:00:00+00:00,9919.302535513445
2025-10-30 00:00:00+00:00,9919.302535513445
2025-10-30 01:00:00+00:00,9919.302535513445
2025-10-30 02:00:00+00:00,9919.302535513445
2025-10-30 03:00:00+00:00,9919.302535513445
2025-10-30 04:00:00+00:00,9919.302535513445
2025-10-30 05:00:00+00:00,9919.302535513445
2025-10-30 06:00:00+00:00,9919.302535513445
2025-10-30 07:00:00+00:00,9919.302535513445
2025-10-30 08:00:00+00:00,9919.302535513445
2025-10-30 09:00:00+00:00,9919.302535513445
2025-10-30 10:00:00+00:00,9919.302535513445
2025-10-30 11:00:00+00:00,9919.302535513445
2025-10-30 12:00:00+00:00,9919.302535513445
2025-10-30 13:00:00+00:00,9919.302535513445
2025-10-30 14:00:00+00:00,9919.302535513445
2025-10-30 15:00:00+00:00,9884.339498386757
2025-10-30 16:00:00+00:00,9910.657898386757
2025-10-30 17:00:00+00:00,9890.158426506703
2025-10-30 18:00:00+00:00,9921.622426506703
2025-10-30 19:00:00+00:00,9952.385626506704
2025-10-30 20:00:00+00:00,9967.054426506704
2025-10-30 21:00:00+00:00,9920.542426506703
2025-10-30 22:00:00+00:00,9901.083226506704
2025-10-30 23:00:00+00:00,9900.876826506705
2025-10-31 00:00:00+00:00,9881.811226506705
2025-10-31 01:00:00+00:00,9869.834831883629
2025-10-31 02:00:00+00:00,9869.834831883629
2025-10-31 03:00:00+00:00,9869.834831883629
2025-10-31 04:00:00+00:00,9869.834831883629
2025-10-31 05:00:00+00:00,9869.834831883629
2025-10-31 06:00:00+00:00,9869.834831883629
2025-10-31 07:00:00+00:00,9869.834831883629
2025-10-31 08:00:00+00:00,9869.834831883629
2025-10-31 09:00:00+00:00,9869.834831883629
2025-10-31 10:00:00+00:00,9869.834831883629
2025-10-31 11:00:00+00:00,9869.834831883629
2025-10-31 12:00:00+00:00,9869.834831883629
2025-10-31 13:00:00+00:00,9869.834831883629
2025-10-31 14:00:00+00:00,9869.834831883629
2025-10-31 15:00:00+00:00,9869.834831883629
2025-10-31 16:00:00+00:00,9869.834831883629
2025-10-31 17:00:00+00:00,9869.834831883629
2025-10-31 18:00:00+00:00,9869.834831883629
2025-10-31 19:00:00+00:00,9869.834831883629
2025-10-31 20:00:00+00:00,9869.834831883629
2025-10-31 21:00:00+00:00,9869.834831883629
2025-10-31 22:00:00+00:00,9869.834831883629
2025-10-31 23:00:00+00:00,9869.834831883629
2025-11-01 00:00:00+00:00,9869.834831883629
2025-11-01 01:00:00+00:00,9869.834831883629
2025-11-01 02:00:00+00:00,9869.834831883629
2025-11-01 03:00:00+00:00,9869.834831883629
2025-11-01 04:00:00+00:00,9869.834831883629
2025-11-01 05:00:00+00:00,9869.834831883629
2025-11-01 06:00:00+00:00,9869.834831883629
2025-11-01 07:00:00+00:00,9869.834831883629
2025-11-01 08:00:00+00:00,9869.834831883629
2025-11-01 09:00:00+00:00,9869.834831883629
2025-11-01 10:00:00+00:00,9869.834831883629
2025-11-01 11:00:00+00:00,9869.834831883629
2025-11-01 12:00:00+00:00,9869.834831883629
2025-11-01 13:00:00+00:00,9869.834831883629
2025-11-01 14:00:00+00:00,9869.834831883629
2025-11-01 15:00:00+00:00,9869.834831883629
2025-11-01 16:00:00+00:00,9869.834831883629
2025-11-01 17:00:00+00:00,9869.834831883629
2025-11-01 18:00:00+00:00,9869.834831883629
2025-11-01 19:00:00+00:00,9869.834831883629
2025-11-01 20:00:00+00:00,9869.834831883629
2025-11-01 21:00:00+00:00,9869.834831883629
2025-11-01 22:00:00+00:00,9869.834831883629
2025-11-01 23:00:00+00:00,9869.834831883629
2025-11-02 00:00:00+00:00,9869.834831883629
2025-11-02 01:00:00+00:00,9869.834831883629
2025-11-02 02:00:00+00:00,9869.834831883629
2025-11-02 03:00:00+00:00,9869.834831883629
2025-11-02 04:00:00+00:00,9869.834831883629
2025-11-02 05:00:00+00:00,9869.834831883629
2025-11-02 06:00:00+00:00,9869.834831883629
2025-11-02 07:00:00+00:00,9869.834831883629
2025-11-02 08:00:00+00:00,9869.834831883629
2025-11-02 09:00:00+00:00,9869.834831883629
2025-11-02 10:00:00+00:00,9869.834831883629
2025-11-02 11:00:00+00:00,9869.834831883629
2025-11-02 12:00:00+00:00,9869.834831883629
2025-11-02 13:00:00+00:00,9869.834831883629
2025-11-02 14:00:00+00:00,9869.834831883629
2025-11-02 15:00:00+00:00,9869.834831883629
2025-11-02 16:00:00+00:00,9869.834831883629
2025-11-02 17:00:00+00:00,9869.834831883629
2025-11-02 18:00:00+00:00,9869.834831883629
2025-11-02 19:00:00+00:00,9869.834831883629
2025-11-02 20:00:00+00:00,9869.834831883629
2025-11-02 21:00:00+00:00,9869.834831883629
2025-11-02 22:00:00+00:00,9869.834831883629
2025-11-02 23:00:00+00:00,9869.834831883629
2025-11-03 00:00:00+00:00,9869.834831883629
2025-11-03 01:00:00+00:00,9869.834831883629
2025-11-03 02:00:00+00:00,9869.834831883629
2025-11-03 03:00:00+00:00,9869.834831883629
2025-11-03 04:00:00+00:00,9869.834831883629
2025-11-03 05:00:00+00:00,9869.834831883629
2025-11-03 06:00:00+00:00,9869.834831883629
2025-11-03 07:00:00+00:00,9869.834831883629
2025-11-03 08:00:00+00:00,9869.834831883629
2025-11-03 09:00:00+00:00,9869.834831883629
2025-11-03 10:00:00+00:00,9869.834831883629
2025-11-03 11:00:00+00:00,9869.834831883629
2025-11-03 12:00:00+00:00,9869.834831883629
2025-11-03 13:00:00+00:00,9869.834831883629
2025-11-03 14:00:00+00:00,9869.834831883629
2025-11-03 15:00:00+00:00,9869.834831883629
2025-11-03 16:00:00+00:00,9869.834831883629
2025-11-03 17:00:00+00:00,9811.973424302045
2025-11-03 18:00:00+00:00,9766.635624302045
2025-11-03 19:00:00+00:00,9795.933624302046
2025-11-03 20:00:00+00:00,9789.184824302047
2025-11-03 21:00:00+00:00,9813.204624302045
2025-11-03 22:00:00+00:00,9799.627224302045
2025-11-03 23:00:00+00:00,9822.016824302045
2025-11-04 00:00:00+00:00,9816.989424302044
2025-11-04 01:00:00+00:00,9823.077696723747
2025-11-04 02:00:00+00:00,9791.425596723748
2025-11-04 03:00:00+00:00,9822.843996723748
2025-11-04 04:00:00+00:00,9784.944696723747
2025-11-04 05:00:00+00:00,9808.531296723748
2025-11-04 06:00:00+00:00,9951.852096723747
2025-11-04 07:00:00+00:00,9921.744696723747
2025-11-04 08:00:00+00:00,9936.325296723748
2025-11-04 09:00:00+00:00,9960.385366867631
2025-11-04 10:00:00+00:00,9972.093166867631
2025-11-04 11:00:00+00:00,9973.957066867632
2025-11-04 12:00:00+00:00,9931.39516686763
2025-11-04 13:00:00+00:00,9967.926466867631
2025-11-04 14:00:00+00:00,9969.699166867631
2025-11-04 15:00:00+00:00,9936.354166867632
2025-11-04 16:00:00+00:00,10010.12926686763
2025-11-04 17:00:00+00:00,10063.93321290927
2025-11-04 18:00:00+00:00,10139.923162497185
2025-11-04 19:00:00+00:00,10124.566959901445
2025-11-04 20:00:00+00:00,10161.822459901447
2025-11-04 21:00:00+00:00,10151.440959901445
2025-11-04 22:00:00+00:00,10171.929459901447
2025-11-04 23:00:00+00:00,10127.680959901447
2025-11-05 00:00:00+00:00,10119.549459901446
2025-11-05 01:00:00+00:00,10161.124623455153
2025-11-05 02:00:00+00:00,10152.444123455152
2025-11-05 03:00:00+00:00,10111.102623455154
2025-11-05 04:00:00+00:00,10090.627623455153
2025-11-05 05:00:00+00:00,10096.581123455153
2025-11-05 06:00:00+00:00,10104.636123455153
2025-11-05 07:00:00+00:00,10091.419623455153
2025-11-05 08:00:00+00:00,10096.239123455152
2025-11-05 09:00:00+00:00,10110.350521208744
2025-11-05 10:00:00+00:00,10097.183521208744
2025-11-05 11:00:00+00:00,10124.120521208744
2025-11-05 12:00:00+00:00,10093.570021208745
2025-11-05 13:00:00+00:00,10060.1636823573
2025-11-05 14:00:00+00:00,10060.1636823573
2025-11-05 15:00:00+00:00,10060.1636823573
2025-11-05 16:00:00+00:00,10060.1636823573
2025-11-05 17:00:00+00:00,10060.1636823573
2025-11-05 18:00:00+00:00,10060.1636823573
2025-11-05 19:00:00+00:00,10060.1636823573
2025-11-05 20:00:00+00:00,10060.1636823573
2025-11-05 21:00:00+00:00,10060.1636823573
2025-11-05 22:00:00+00:00,10060.1636823573
2025-11-05 23:00:00+00:00,10060.1636823573
2025-11-06 00:00:00+00:00,10060.1636823573
2025-11-06 01:00:00+00:00,10060.1636823573
2025-11-06 02:00:00+00:00,10060.1636823573
2025-11-06 03:00:00+00:00,10060.1636823573
2025-11-06 04:00:00+00:00,10060.1636823573
2025-11-06 05:00:00+00:00,10060.1636823573
2025-11-06 06:00:00+00:00,10060.1636823573
2025-11-06 07:00:00+00:00,10060.1636823573
2025-11-06 08:00:00+00:00,10060.1636823573
2025-11-06 09:00:00+00:00,10060.1636823573
2025-11-06 10:00:00+00:00,10060.1636823573
2025-11-06 11:00:00+00:00,10060.1636823573
2025-11-06 12:00:00+00:00,10060.1636823573
2025-11-06 13:00:00+00:00,10060.1636823573
2025-11-06 14:00:00+00:00,10060.1636823573
2025-11-06 15:00:00+00:00,10060.1636823573
2025-11-06 16:00:00+00:00,10060.1636823573
2025-11-06 17:00:00+00:00,10060.1636823573
2025-11-06 18:00:00+00:00,10060.1636823573
2025-11-06 19:00:00+00:00,10060.1636823573
2025-11-06 20:00:00+00:00,10060.1636823573
2025-11-06 21:00:00+00:00,10060.1636823573
2025-11-06 22:00:00+00:00,10060.1636823573
2025-11-06 23:00:00+00:00,10060.1636823573
2025-11-07 00:00:00+00:00,10060.1636823573
2025-11-07 01:00:00+00:00,10060.1636823573
2025-11-07 02:00:00+00:00,10060.1636823573
2025-11-07 03:00:00+00:00,10060.1636823573
2025-11-07 04:00:00+00:00,10060.1636823573
2025-11-07 05:00:00+00:00,10060.1636823573
2025-11-07 06:00:00+00:00,10060.1636823573
2025-11-07 07:00:00+00:00,10060.1636823573
2025-11-07 08:00:00+00:00,10060.1636823573
2025-11-07 09:00:00+00:00,10060.1636823573
2025-11-07 10:00:00+00:00,10060.1636823573
2025-11-07 11:00:00+00:00,10060.1636823573
2025-11-07 12:00:00+00:00,10060.1636823573
2025-11-07 13:00:00+00:00,10060.1636823573
2025-11-07 14:00:00+00:00,10060.1636823573
2025-11-07 15:00:00+00:00,10060.1636823573
2025-11-07 16:00:00+00:00,10060.1636823573
2025-11-07 17:00:00+00:00,10060.1636823573
2025-11-07 18:00:00+00:00,10060.1636823573
2025-11-07 19:00:00+00:00,10060.1636823573
2025-11-07 20:00:00+00:00,10060.1636823573
2025-11-07 21:00:00+00:00,10060.1636823573
2025-11-07 22:00:00+00:00,10060.1636823573
2025-11-07 23:00:00+00:00,10060.1636823573
2025-11-08 00:00:00+00:00,10060.1636823573
2025-11-08 01:00:00+00:00,10060.1636823573
2025-11-08 02:00:00+00:00,10060.1636823573
2025-11-08 03:00:00+00:00,10060.1636823573
2025-11-08 04:00:00+00:00,10060.1636823573
2025-11-08 05:00:00+00:00,10060.1636823573
2025-11-08 06:00:00+00:00,10060.1636823573
2025-11-08 07:00:00+00:00,10060.1636823573
2025-11-08 08:00:00+00:00,10060.1636823573
2025-11-08 09:00:00+00:00,10060.1636823573
2025-11-08 10:00:00+00:00,10060.1636823573
2025-11-08 11:00:00+00:00,10060.1636823573
2025-11-08 12:00:00+00:00,10060.1636823573
2025-11-08 13:00:00+00:00,10060.1636823573
2025-11-08 14:00:00+00:00,10060.1636823573
2025-11-08 15:00:00+00:00,10060.1636823573
2025-11-08 16:00:00+00:00,10060.1636823573
2025-11-08 17:00:00+00:00,10060.1636823573
2025-11-08 18:00:00+00:00,10060.1636823573
2025-11-08 19:00:00+00:00,10060.1636823573
2025-11-08 20:00:00+00:00,10060.1636823573
2025-11-08 21:00:00+00:00,10060.1636823573
2025-11-08 22:00:00+00:00,10060.1636823573
2025-11-08 23:00:00+00:00,10060.1636823573
2025-11-09 00:00:00+00:00,10060.1636823573
2025-11-09 01:00:00+00:00,10060.1636823573
2025-11-09 02:00:00+00:00,10060.1636823573
2025-11-09 03:00:00+00:00,10060.1636823573
2025-11-09 04:00:00+00:00,10060.1636823573
2025-11-09 05:00:00+00:00,10060.1636823573
2025-11-09 06:00:00+00:00,10060.1636823573
2025-11-09 07:00:00+00:00,10060.1636823573
2025-11-09 08:00:00+00:00,10060.1636823573
2025-11-09 09:00:00+00:00,10060.1636823573
2025-11-09 10:00:00+00:00,10060.1636823573
2025-11-09 11:00:00+00:00,10060.1636823573
2025-11-09 12:00:00+00:00,10060.1636823573
2025-11-09 13:00:00+00:00,10060.1636823573
2025-11-09 14:00:00+00:00,10060.1636823573
2025-11-09 15:00:00+00:00,10060.1636823573
2025-11-09 16:00:00+00:00,10060.1636823573
2025-11-09 17:00:00+00:00,10060.1636823573
2025-11-09 18:00:00+00:00,10060.1636823573
2025-11-09 19:00:00+00:00,10060.1636823573
2025-11-09 20:00:00+00:00,10060.1636823573
2025-11-09 21:00:00+00:00,10060.1636823573
2025-11-09 22:00:00+00:00,10060.1636823573
2025-11-09 23:00:00+00:00,10060.1636823573
2025-11-10 00:00:00+00:00,10060.1636823573
2025-11-10 01:00:00+00:00,10060.1636823573
2025-11-10 02:00:00+00:00,10060.1636823573
2025-11-10 03:00:00+00:00,10060.1636823573
2025-11-10 04:00:00+00:00,10060.1636823573
2025-11-10 05:00:00+00:00,10060.1636823573
2025-11-10 06:00:00+00:00,10060.1636823573
2025-11-10 07:00:00+00:00,10060.1636823573
2025-11-10 08:00:00+00:00,10060.1636823573
2025-11-10 09:00:00+00:00,10060.1636823573
2025-11-10 10:00:00+00:00,10060.1636823573
2025-11-10 11:00:00+00:00,10060.1636823573
2025-11-10 12:00:00+00:00,10060.1636823573
2025-11-10 13:00:00+00:00,10060.1636823573
2025-11-10 14:00:00+00:00,10060.1636823573
2025-11-10 15:00:00+00:00,10060.1636823573
2025-11-10 16:00:00+00:00,10060.1636823573
2025-11-10 17:00:00+00:00,10060.1636823573
2025-11-10 18:00:00+00:00,10060.1636823573
2025-11-10 19:00:00+00:00,10060.1636823573
2025-11-10 20:00:00+00:00,10060.1636823573
2025-11-10 21:00:00+00:00,10060.1636823573
2025-11-10 22:00:00+00:00,10060.1636823573
2025-11-10 23:00:00+00:00,10060.1636823573
2025-11-11 00:00:00+00:00,10060.1636823573
2025-11-11 01:00:00+00:00,10060.1636823573
2025-11-11 02:00:00+00:00,10060.1636823573
2025-11-11 03:00:00+00:00,10060.1636823573
2025-11-11 04:00:00+00:00,10060.1636823573
2025-11-11 05:00:00+00:00,10060.1636823573
2025-11-11 06:00:00+00:00,10060.1636823573
2025-11-11 07:00:00+00:00,10060.1636823573
2025-11-11 08:00:00+00:00,10060.1636823573
2025-11-11 09:00:00+00:00,10060.1636823573
2025-11-11 10:00:00+00:00,10060.1636823573
2025-11-11 11:00:00+00:00,10060.1636823573
2025-11-11 12:00:00+00:00,10060.1636823573
2025-11-11 13:00:00+00:00,10060.1636823573
2025-11-11 14:00:00+00:00,10060.1636823573
2025-11-11 15:00:00+00:00,10060.1636823573
2025-11-11 16:00:00+00:00,10060.1636823573
2025-11-11 17:00:00+00:00,10060.1636823573
2025-11-11 18:00:00+00:00,10060.1636823573
2025-11-11 19:00:00+00:00,10060.1636823573
2025-11-11 20:00:00+00:00,10060.1636823573
2025-11-11 21:00:00+00:00,10060.1636823573
2025-11-11 22:00:00+00:00,10060.1636823573
2025-11-11 23:00:00+00:00,10060.1636823573
2025-11-12 00:00:00+00:00,10060.1636823573
2025-11-12 01:00:00+00:00,10060.1636823573
2025-11-12 02:00:00+00:00,10060.1636823573
2025-11-12 03:00:00+00:00,10060.1636823573
2025-11-12 04:00:00+00:00,10060.1636823573
2025-11-12 05:00:00+00:00,10060.1636823573
2025-11-12 06:00:00+00:00,10060.1636823573
2025-11-12 07:00:00+00:00,10060.1636823573
2025-11-12 08:00:00+00:00,10060.1636823573
2025-11-12 09:00:00+00:00,10060.1636823573
2025-11-12 10:00:00+00:00,10060.1636823573
2025-11-12 11:00:00+00:00,10060.1636823573
2025-11-12 12:00:00+00:00,10060.1636823573
2025-11-12 13:00:00+00:00,10060.1636823573
2025-11-12 14:00:00+00:00,10060.1636823573
2025-11-12 15:00:00+00:00,10060.1636823573
2025-11-12 16:00:00+00:00,10060.1636823573
2025-11-12 17:00:00+00:00,10060.1636823573
2025-11-12 18:00:00+00:00,10060.1636823573
2025-11-12 19:00:00+00:00,10060.1636823573
2025-11-12 20:00:00+00:00,10060.1636823573
2025-11-12 21:00:00+00:00,10060.1636823573
2025-11-12 22:00:00+00:00,10060.1636823573
2025-11-12 23:00:00+00:00,10060.1636823573
2025-11-13 00:00:00+00:00,10060.1636823573
2025-11-13 01:00:00+00:00,10060.1636823573
2025-11-13 02:00:00+00:00,10060.1636823573
2025-11-13 03:00:00+00:00,10060.1636823573
2025-11-13 04:00:00+00:00,10060.1636823573
2025-11-13 05:00:00+00:00,10060.1636823573
2025-11-13 06:00:00+00:00,10060.1636823573
2025-11-13 07:00:00+00:00,10060.1636823573
2025-11-13 08:00:00+00:00,10060.1636823573
2025-11-13 09:00:00+00:00,10060.1636823573
2025-11-13 10:00:00+00:00,10060.1636823573
2025-11-13 11:00:00+00:00,10060.1636823573
2025-11-13 12:00:00+00:00,10060.1636823573
2025-11-13 13:00:00+00:00,10060.1636823573
2025-11-13 14:00:00+00:00,10060.1636823573
2025-11-13 15:00:00+00:00,10060.1636823573
2025-11-13 16:00:00+00:00,10060.1636823573
2025-11-13 17:00:00+00:00,10060.1636823573
2025-11-13 18:00:00+00:00,10060.1636823573
2025-11-13 19:00:00+00:00,10060.1636823573
2025-11-13 20:00:00+00:00,10051.616401423766
2025-11-13 21:00:00+00:00,10076.077201423766
2025-11-13 22:00:00+00:00,10045.242001423765
2025-11-13 23:00:00+00:00,9995.264401423765
2025-11-14 00:00:00+00:00,9975.015030875204
2025-11-14 01:00:00+00:00,9975.015030875204
2025-11-14 02:00:00+00:00,9975.015030875204
2025-11-14 03:00:00+00:00,9975.015030875204
2025-11-14 04:00:00+00:00,9975.015030875204
2025-11-14 05:00:00+00:00,9975.015030875204
2025-11-14 06:00:00+00:00,9984.018525091227
2025-11-14 07:00:00+00:00,9983.006525091228
2025-11-14 08:00:00+00:00,10001.209325091228
2025-11-14 09:00:00+00:00,9990.615320116181
2025-11-14 10:00:00+00:00,10013.636120116182
2025-11-14 11:00:00+00:00,10017.736920116182
2025-11-14 12:00:00+00:00,10042.83892011618
2025-11-14 13:00:00+00:00,10078.443720116182
2025-11-14 14:00:00+00:00,10083.84692011618
2025-11-14 15:00:00+00:00,10028.028520116182
2025-11-14 16:00:00+00:00,10016.007720116182
2025-11-14 17:00:00+00:00,10006.828173962773
2025-11-14 18:00:00+00:00,10057.925373962773
2025-11-14 19:00:00+00:00,10091.730573962774
2025-11-14 20:00:00+00:00,10060.860173962774
2025-11-14 21:00:00+00:00,10122.416173962773
2025-11-14 22:00:00+00:00,10092.601773962773
2025-11-14 23:00:00+00:00,10087.308573962773
2025-11-15 00:00:00+00:00,10113.924173962772
2025-11-15 01:00:00+00:00,10088.696295206615
2025-11-15 02:00:00+00:00,10066.515895206614
2025-11-15 03:00:00+00:00,10030.695495206615
2025-11-15 04:00:00+00:00,10033.511495206614
2025-11-15 05:00:00+00:00,10047.015095206614
2025-11-15 06:00:00+00:00,10036.446295206615
2025-11-15 07:00:00+00:00,10045.866695206614
2025-11-15 08:00:00+00:00,10036.771895206615
2025-11-15 09:00:00+00:00,10055.159020810594
2025-11-15 10:00:00+00:00,10059.110220810595
2025-11-15 11:00:00+00:00,10053.425420810594
2025-11-15 12:00:00+00:00,10065.098620810593
2025-11-15 13:00:00+00:00,10059.972620810593
2025-11-15 14:00:00+00:00,10035.517420810595
2025-11-15 15:00:00+00:00,10040.837020810593
2025-11-15 16:00:00+00:00,10040.291420810594
2025-11-15 17:00:00+00:00,10044.42750920825
2025-11-15 18:00:00+00:00,10041.400309208251
2025-11-15 19:00:00+00:00,10049.69870920825
2025-11-15 20:00:00+00:00,10051.39710920825
2025-11-15 21:00:00+00:00,10083.02870920825
2025-11-15 22:00:00+00:00,10083.26190920825
2025-11-15 23:00:00+00:00,10068.63190920825
2025-11-16 00:00:00+00:00,10069.19070920825
2025-11-16 01:00:00+00:00,10079.757953607526
2025-11-16 02:00:00+00:00,10083.603553607525
2025-11-16 03:00:00+00:00,10053.401953607527
2025-11-16 04:00:00+00:00,10059.918353607527
2025-11-16 05:00:00+00:00,10059.733553607526
2025-11-16 06:00:00+00:00,10056.759153607527
2025-11-16 07:00:00+00:00,10060.930353607526
2025-11-16 08:00:00+00:00,10047.514753607526
2025-11-16 09:00:00+00:00,10046.953362812625
2025-11-16 10:00:00+00:00,10025.403928423773
2025-11-16 11:00:00+00:00,10025.403928423773
2025-11-16 12:00:00+00:00,10025.403928423773
2025-11-16 13:00:00+00:00,10025.403928423773
2025-11-16 14:00:00+00:00,10025.403928423773
2025-11-16 15:00:00+00:00,10025.403928423773
2025-11-16 16:00:00+00:00,10025.403928423773
2025-11-16 17:00:00+00:00,10025.403928423773
2025-11-16 18:00:00+00:00,10025.403928423773
2025-11-16 19:00:00+00:00,10025.403928423773
2025-11-16 20:00:00+00:00,10025.403928423773
2025-11-16 21:00:00+00:00,10025.403928423773
2025-11-16 22:00:00+00:00,10025.403928423773
2025-11-16 23:00:00+00:00,9974.294635301094
2025-11-17 00:00:00+00:00,9970.225635301094
2025-11-17 01:00:00+00:00,9903.175042956645
2025-11-17 02:00:00+00:00,9937.605542956646
2025-11-17 03:00:00+00:00,9924.118042956645
2025-11-17 04:00:00+00:00,9890.461042956646
2025-11-17 05:00:00+00:00,9916.207542956645
2025-11-17 06:00:00+00:00,9914.114542956644
2025-11-17 07:00:00+00:00,9904.143542956645
2025-11-17 08:00:00+00:00,9866.776818382607
2025-11-17 09:00:00+00:00,9866.776818382607
2025-11-17 10:00:00+00:00,9866.776818382607
2025-11-17 11:00:00+00:00,9866.776818382607
2025-11-17 12:00:00+00:00,9866.776818382607
2025-11-17 13:00:00+00:00,9866.776818382607
2025-11-17 14:00:00+00:00,9866.776818382607
2025-11-17 15:00:00+00:00,9866.776818382607
2025-11-17 16:00:00+00:00,9866.776818382607
2025-11-17 17:00:00+00:00,9866.776818382607
2025-11-17 18:00:00+00:00,9866.776818382607
2025-11-17 19:00:00+00:00,9873.946381590189
2025-11-17 20:00:00+00:00,9914.21838159019
2025-11-17 21:00:00+00:00,9903.24558159019
2025-11-17 22:00:00+00:00,9901.099981590189
2025-11-17 23:00:00+00:00,9887.48718159019
2025-11-18 00:00:00+00:00,9889.315981590189
2025-11-18 01:00:00+00:00,9891.852148353311
2025-11-18 02:00:00+00:00,9913.428148353312
2025-11-18 03:00:00+00:00,9953.868148353311
2025-11-18 04:00:00+00:00,9955.039348353312
2025-11-18 05:00:00+00:00,9991.020148353311
2025-11-18 06:00:00+00:00,9984.487348353312
2025-11-18 07:00:00+00:00,10011.972148353312
2025-11-18 08:00:00+00:00,9971.954548353311
2025-11-18 09:00:00+00:00,9937.641532833311
2025-11-18 10:00:00+00:00,9929.385532833312
2025-11-18 11:00:00+00:00,9916.929270634571
2025-11-18 12:00:00+00:00,9916.929270634571
2025-11-18 13:00:00+00:00,9916.929270634571
2025-11-18 14:00:00+00:00,9916.929270634571
2025-11-18 15:00:00+00:00,9916.929270634571
2025-11-18 16:00:00+00:00,9916.929270634571
2025-11-18 17:00:00+00:00,9916.929270634571
2025-11-18 18:00:00+00:00,9916.929270634571
2025-11-18 19:00:00+00:00,9916.929270634571
2025-11-18 20:00:00+00:00,9916.929270634571
2025-11-18 21:00:00+00:00,9916.929270634571
2025-11-18 22:00:00+00:00,9916.929270634571
2025-11-18 23:00:00+00:00,9916.929270634571
2025-11-19 00:00:00+00:00,9916.929270634571
2025-11-19 01:00:00+00:00,9916.929270634571
2025-11-19 02:00:00+00:00,9916.929270634571
2025-11-19 03:00:00+00:00,9916.929270634571
2025-11-19 04:00:00+00:00,9916.929270634571
2025-11-19 05:00:00+00:00,9916.929270634571
2025-11-19 06:00:00+00:00,9916.929270634571
2025-11-19 07:00:00+00:00,9916.929270634571
2025-11-19 08:00:00+00:00,9916.929270634571
2025-11-19 09:00:00+00:00,9916.929270634571
2025-11-19 10:00:00+00:00,9916.929270634571
2025-11-19 11:00:00+00:00,9916.929270634571
2025-11-19 12:00:00+00:00,9916.929270634571
2025-11-19 13:00:00+00:00,9916.929270634571
2025-11-19 14:00:00+00:00,9916.929270634571
2025-11-19 15:00:00+00:00,9916.929270634571
2025-11-19 16:00:00+00:00,9916.929270634571
2025-11-19 17:00:00+00:00,9916.929270634571
2025-11-19 18:00:00+00:00,9916.929270634571
2025-11-19 19:00:00+00:00,9916.929270634571
2025-11-19 20:00:00+00:00,9916.929270634571
2025-11-19 21:00:00+00:00,9916.929270634571
2025-11-19 22:00:00+00:00,9916.929270634571
2025-11-19 23:00:00+00:00,9916.929270634571
2025-11-20 00:00:00+00:00,9916.929270634571
2025-11-20 01:00:00+00:00,9916.929270634571
2025-11-20 02:00:00+00:00,9916.929270634571
2025-11-20 03:00:00+00:00,9916.929270634571
2025-11-20 04:00:00+00:00,9916.929270634571
2025-11-20 05:00:00+00:00,9916.929270634571
2025-11-20 06:00:00+00:00,9916.929270634571
2025-11-20 07:00:00+00:00,9916.929270634571
2025-11-20 08:00:00+00:00,9916.929270634571
2025-11-20 09:00:00+00:00,9916.929270634571
2025-11-20 10:00:00+00:00,9916.929270634571
2025-11-20 11:00:00+00:00,9916.929270634571
2025-11-20 12:00:00+00:00,9916.929270634571
2025-11-20 13:00:00+00:00,9916.929270634571
2025-11-20 14:00:00+00:00,9916.929270634571
2025-11-20 15:00:00+00:00,9916.929270634571
2025-11-20 16:00:00+00:00,9916.929270634571
2025-11-20 17:00:00+00:00,9916.929270634571
2025-11-20 18:00:00+00:00,9944.892081977234
2025-11-20 19:00:00+00:00,9981.122681977233
2025-11-20 20:00:00+00:00,9959.616581977234
2025-11-20 21:00:00+00:00,9981.499981977233
2025-11-20 22:00:00+00:00,9942.040281977233
2025-11-20 23:00:00+00:00,9903.389081977233
2025-11-21 00:00:00+00:00,9973.522781977234
2025-11-21 01:00:00+00:00,9941.197319500881
2025-11-21 02:00:00+00:00,9952.722119500882
2025-11-21 03:00:00+00:00,10032.107019500882
2025-11-21 04:00:00+00:00,10013.001919500883
2025-11-21 05:00:00+00:00,10001.501619500883
2025-11-21 06:00:00+00:00,9994.891519500883
2025-11-21 07:00:00+00:00,10025.575319500882
2025-11-21 08:00:00+00:00,10192.728123201032
2025-11-21 09:00:00+00:00,10205.384728001032
2025-11-21 10:00:00+00:00,10262.480728001032
2025-11-21 11:00:00+00:00,10242.840728001032
2025-11-21 12:00:00+00:00,10258.304728001032
2025-11-21 13:00:00+00:00,10220.772728001031
2025-11-21 14:00:00+00:00,10187.284728001032
2025-11-21 15:00:00+00:00,10157.235149445572
2025-11-21 16:00:00+00:00,10157.235149445572
2025-11-21 17:00:00+00:00,10157.235149445572
2025-11-21 18:00:00+00:00,10157.235149445572
2025-11-21 19:00:00+00:00,10157.235149445572
2025-11-21 20:00:00+00:00,10157.235149445572
2025-11-21 21:00:00+00:00,10157.235149445572
2025-11-21 22:00:00+00:00,10157.235149445572
2025-11-21 23:00:00+00:00,10157.235149445572
2025-11-22 00:00:00+00:00,10157.235149445572
2025-11-22 01:00:00+00:00,10157.235149445572
2025-11-22 02:00:00+00:00,10157.235149445572
2025-11-22 03:00:00+00:00,10157.235149445572
2025-11-22 04:00:00+00:00,10157.235149445572
2025-11-22 05:00:00+00:00,10157.235149445572
2025-11-22 06:00:00+00:00,10157.235149445572
2025-11-22 07:00:00+00:00,10157.235149445572
2025-11-22 08:00:00+00:00,10157.235149445572
2025-11-22 09:00:00+00:00,10157.235149445572
2025-11-22 10:00:00+00:00,10157.235149445572
2025-11-22 11:00:00+00:00,10157.235149445572
2025-11-22 12:00:00+00:00,10157.235149445572
2025-11-22 13:00:00+00:00,10157.235149445572
2025-11-22 14:00:00+00:00,10157.235149445572
2025-11-22 15:00:00+00:00,10157.235149445572
2025-11-22 16:00:00+00:00,10157.235149445572
2025-11-22 17:00:00+00:00,10157.235149445572
2025-11-22 18:00:00+00:00,10157.235149445572
2025-11-22 19:00:00+00:00,10157.235149445572
2025-11-22 20:00:00+00:00,10157.235149445572
2025-11-22 21:00:00+00:00,10157.235149445572
2025-11-22 22:00:00+00:00,10157.235149445572
2025-11-22 23:00:00+00:00,10157.235149445572
2025-11-23 00:00:00+00:00,10157.235149445572
2025-11-23 01:00:00+00:00,10157.235149445572
2025-11-23 02:00:00+00:00,10157.235149445572
2025-11-23 03:00:00+00:00,10157.235149445572
2025-11-23 04:00:00+00:00,10157.235149445572
2025-11-23 05:00:00+00:00,10157.235149445572
2025-11-23 06:00:00+00:00,10157.235149445572
2025-11-23 07:00:00+00:00,10157.235149445572
2025-11-23 08:00:00+00:00,10157.235149445572
2025-11-23 09:00:00+00:00,10157.235149445572
2025-11-23 10:00:00+00:00,10157.235149445572
2025-11-23 11:00:00+00:00,10157.235149445572
2025-11-23 12:00:00+00:00,10157.235149445572
2025-11-23 13:00:00+00:00,10157.235149445572
2025-11-23 14:00:00+00:00,10157.235149445572
2025-11-23 15:00:00+00:00,10157.235149445572
2025-11-23 16:00:00+00:00,10157.235149445572
2025-11-23 17:00:00+00:00,10157.235149445572
2025-11-23 18:00:00+00:00,10157.235149445572
2025-11-23 19:00:00+00:00,10157.235149445572
2025-11-23 20:00:00+00:00,10157.235149445572
2025-11-23 21:00:00+00:00,10157.235149445572
2025-11-23 22:00:00+00:00,10157.235149445572
2025-11-23 23:00:00+00:00,10157.235149445572
2025-11-24 00:00:00+00:00,10157.235149445572
2025-11-24 01:00:00+00:00,10157.235149445572
2025-11-24 02:00:00+00:00,10157.235149445572
2025-11-24 03:00:00+00:00,10157.235149445572
2025-11-24 04:00:00+00:00,10157.235149445572
2025-11-24 05:00:00+00:00,10157.235149445572
2025-11-24 06:00:00+00:00,10157.235149445572
2025-11-24 07:00:00+00:00,10157.235149445572
2025-11-24 08:00:00+00:00,10157.235149445572
2025-11-24 09:00:00+00:00,10157.235149445572
2025-11-24 10:00:00+00:00,10157.235149445572
2025-11-24 11:00:00+00:00,10157.235149445572
2025-11-24 12:00:00+00:00,10157.235149445572
2025-11-24 13:00:00+00:00,10157.235149445572
2025-11-24 14:00:00+00:00,10157.235149445572
2025-11-24 15:00:00+00:00,10157.235149445572
2025-11-24 16:00:00+00:00,10157.235149445572
2025-11-24 17:00:00+00:00,10157.235149445572
2025-11-24 18:00:00+00:00,10157.235149445572
2025-11-24 19:00:00+00:00,10157.235149445572
2025-11-24 20:00:00+00:00,10157.235149445572
2025-11-24 21:00:00+00:00,10157.235149445572
2025-11-24 22:00:00+00:00,10157.235149445572
2025-11-24 23:00:00+00:00,10157.235149445572
2025-11-25 00:00:00+00:00,10157.235149445572
2025-11-25 01:00:00+00:00,10157.235149445572
2025-11-25 02:00:00+00:00,10157.235149445572
2025-11-25 03:00:00+00:00,10157.235149445572
2025-11-25 04:00:00+00:00,10157.235149445572
2025-11-25 05:00:00+00:00,10157.235149445572
2025-11-25 06:00:00+00:00,10157.235149445572
2025-11-25 07:00:00+00:00,10157.235149445572
2025-11-25 08:00:00+00:00,10157.235149445572
2025-11-25 09:00:00+00:00,10157.235149445572
2025-11-25 10:00:00+00:00,10157.235149445572
2025-11-25 11:00:00+00:00,10157.235149445572
2025-11-25 12:00:00+00:00,10157.235149445572
2025-11-25 13:00:00+00:00,10157.235149445572
2025-11-25 14:00:00+00:00,10157.235149445572
2025-11-25 15:00:00+00:00,10157.235149445572
2025-11-25 16:00:00+00:00,10157.235149445572
2025-11-25 17:00:00+00:00,10157.235149445572
2025-11-25 18:00:00+00:00,10157.235149445572
2025-11-25 19:00:00+00:00,10157.235149445572
2025-11-25 20:00:00+00:00,10157.235149445572
2025-11-25 21:00:00+00:00,10157.235149445572
2025-11-25 22:00:00+00:00,10157.235149445572
2025-11-25 23:00:00+00:00,10157.235149445572
2025-11-26 00:00:00+00:00,10157.235149445572
2025-11-26 01:00:00+00:00,10157.235149445572
2025-11-26 02:00:00+00:00,10157.235149445572
2025-11-26 03:00:00+00:00,10157.235149445572
2025-11-26 04:00:00+00:00,10157.235149445572
2025-11-26 05:00:00+00:00,10157.235149445572
2025-11-26 06:00:00+00:00,10157.235149445572
2025-11-26 07:00:00+00:00,10157.235149445572
2025-11-26 08:00:00+00:00,10157.235149445572
2025-11-26 09:00:00+00:00,10157.235149445572
2025-11-26 10:00:00+00:00,10157.235149445572
2025-11-26 11:00:00+00:00,10157.235149445572
2025-11-26 12:00:00+00:00,10157.235149445572
2025-11-26 13:00:00+00:00,10157.235149445572
2025-11-26 14:00:00+00:00,10157.235149445572
2025-11-26 15:00:00+00:00,10157.235149445572
2025-11-26 16:00:00+00:00,10157.235149445572
2025-11-26 17:00:00+00:00,10157.235149445572
2025-11-26 18:00:00+00:00,10157.235149445572
2025-11-26 19:00:00+00:00,10157.235149445572
2025-11-26 20:00:00+00:00,10157.235149445572
2025-11-26 21:00:00+00:00,10157.235149445572
2025-11-26 22:00:00+00:00,10157.235149445572
2025-11-26 23:00:00+00:00,10157.235149445572
2025-11-27 00:00:00+00:00,10157.235149445572
2025-11-27 01:00:00+00:00,10157.235149445572
2025-11-27 02:00:00+00:00,10157.235149445572
2025-11-27 03:00:00+00:00,10157.235149445572
2025-11-27 04:00:00+00:00,10157.235149445572
2025-11-27 05:00:00+00:00,10157.235149445572
2025-11-27 06:00:00+00:00,10157.235149445572
2025-11-27 07:00:00+00:00,10157.235149445572
2025-11-27 08:00:00+00:00,10157.235149445572
2025-11-27 09:00:00+00:00,10157.235149445572
2025-11-27 10:00:00+00:00,10157.235149445572
2025-11-27 11:00:00+00:00,10157.235149445572
2025-11-27 12:00:00+00:00,10157.235149445572
2025-11-27 13:00:00+00:00,10157.235149445572
2025-11-27 14:00:00+00:00,10157.235149445572
2025-11-27 15:00:00+00:00,10157.235149445572
2025-11-27 16:00:00+00:00,10157.235149445572
2025-11-27 17:00:00+00:00,10157.235149445572
2025-11-27 18:00:00+00:00,10157.235149445572
2025-11-27 19:00:00+00:00,10157.235149445572
2025-11-27 20:00:00+00:00,10157.235149445572
2025-11-27 21:00:00+00:00,10157.235149445572
2025-11-27 22:00:00+00:00,10157.235149445572
2025-11-27 23:00:00+00:00,10157.235149445572
2025-11-28 00:00:00+00:00,10157.235149445572
2025-11-28 01:00:00+00:00,10157.235149445572
2025-11-28 02:00:00+00:00,10157.235149445572
2025-11-28 03:00:00+00:00,10157.235149445572
2025-11-28 04:00:00+00:00,10157.235149445572
2025-11-28 05:00:00+00:00,10157.235149445572
2025-11-28 06:00:00+00:00,10157.235149445572
2025-11-28 07:00:00+00:00,10157.235149445572
2025-11-28 08:00:00+00:00,10157.235149445572
2025-11-28 09:00:00+00:00,10157.235149445572
2025-11-28 10:00:00+00:00,10157.235149445572
2025-11-28 11:00:00+00:00,10157.235149445572
2025-11-28 12:00:00+00:00,10157.235149445572
2025-11-28 13:00:00+00:00,10157.235149445572
2025-11-28 14:00:00+00:00,10157.235149445572
2025-11-28 15:00:00+00:00,10140.946927160301
2025-11-28 16:00:00+00:00,10149.2293271603
2025-11-28 17:00:00+00:00,10035.70266271333
2025-11-28 18:00:00+00:00,10035.70266271333
2025-11-28 19:00:00+00:00,10035.70266271333
2025-11-28 20:00:00+00:00,10035.70266271333
2025-11-28 21:00:00+00:00,10035.70266271333
2025-11-28 22:00:00+00:00,10035.70266271333
2025-11-28 23:00:00+00:00,10035.70266271333
2025-11-29 00:00:00+00:00,10035.70266271333
2025-11-29 01:00:00+00:00,10035.70266271333
2025-11-29 02:00:00+00:00,10035.70266271333
2025-11-29 03:00:00+00:00,10035.70266271333
2025-11-29 04:00:00+00:00,10035.70266271333
2025-11-29 05:00:00+00:00,10035.70266271333
2025-11-29 06:00:00+00:00,10035.70266271333
2025-11-29 07:00:00+00:00,10035.70266271333
2025-11-29 08:00:00+00:00,10035.70266271333
2025-11-29 09:00:00+00:00,10035.70266271333
2025-11-29 10:00:00+00:00,10035.70266271333
2025-11-29 11:00:00+00:00,10035.70266271333
2025-11-29 12:00:00+00:00,10035.70266271333
2025-11-29 13:00:00+00:00,10035.70266271333
2025-11-29 14:00:00+00:00,10035.70266271333
2025-11-29 15:00:00+00:00,10035.70266271333
2025-11-29 16:00:00+00:00,10035.70266271333
2025-11-29 17:00:00+00:00,10035.70266271333
2025-11-29 18:00:00+00:00,10035.70266271333
2025-11-29 19:00:00+00:00,10035.70266271333
2025-11-29 20:00:00+00:00,10035.70266271333
2025-11-29 21:00:00+00:00,10035.70266271333
2025-11-29 22:00:00+00:00,10035.70266271333
2025-11-29 23:00:00+00:00,10035.70266271333
2025-11-30 00:00:00+00:00,10035.70266271333
2025-11-30 01:00:00+00:00,10035.70266271333
2025-11-30 02:00:00+00:00,10035.70266271333
2025-11-30 03:00:00+00:00,10035.70266271333
2025-11-30 04:00:00+00:00,10035.70266271333
2025-11-30 05:00:00+00:00,10035.70266271333
2025-11-30 06:00:00+00:00,10035.70266271333
2025-11-30 07:00:00+00:00,10035.70266271333
2025-11-30 08:00:00+00:00,10035.70266271333
2025-11-30 09:00:00+00:00,10035.70266271333
2025-11-30 10:00:00+00:00,10035.70266271333
2025-11-30 11:00:00+00:00,10035.70266271333
2025-11-30 12:00:00+00:00,10035.70266271333
2025-11-30 13:00:00+00:00,10035.70266271333
2025-11-30 14:00:00+00:00,10035.70266271333
2025-11-30 15:00:00+00:00,10035.70266271333
2025-11-30 16:00:00+00:00,10035.70266271333
2025-11-30 17:00:00+00:00,10035.70266271333
2025-11-30 18:00:00+00:00,10035.70266271333
2025-11-30 19:00:00+00:00,10035.70266271333
2025-11-30 20:00:00+00:00,10035.70266271333
2025-11-30 21:00:00+00:00,10035.70266271333
2025-11-30 22:00:00+00:00,10035.70266271333
2025-11-30 23:00:00+00:00,10035.70266271333
2025-12-01 00:00:00+00:00,10035.70266271333
2025-12-01 01:00:00+00:00,10035.70266271333
2025-12-01 02:00:00+00:00,10035.70266271333
2025-12-01 03:00:00+00:00,10035.70266271333
2025-12-01 04:00:00+00:00,10035.70266271333
2025-12-01 05:00:00+00:00,10035.70266271333
2025-12-01 06:00:00+00:00,10035.70266271333
2025-12-01 07:00:00+00:00,10035.70266271333
2025-12-01 08:00:00+00:00,10035.70266271333
2025-12-01 09:00:00+00:00,10035.70266271333
2025-12-01 10:00:00+00:00,10035.70266271333
2025-12-01 11:00:00+00:00,10035.70266271333
2025-12-01 12:00:00+00:00,10035.70266271333
2025-12-01 13:00:00+00:00,10035.70266271333
2025-12-01 14:00:00+00:00,10035.70266271333
2025-12-01 15:00:00+00:00,10035.70266271333
2025-12-01 16:00:00+00:00,10035.70266271333
2025-12-01 17:00:00+00:00,10037.004526216491
2025-12-01 18:00:00+00:00,10015.855826216492
2025-12-01 19:00:00+00:00,9999.520026216493
2025-12-01 20:00:00+00:00,10010.445126216491
2025-12-01 21:00:00+00:00,9980.69542621649
2025-12-01 22:00:00+00:00,9930.722954909445
2025-12-01 23:00:00+00:00,9930.722954909445
2025-12-02 00:00:00+00:00,9930.722954909445
2025-12-02 01:00:00+00:00,9930.722954909445
2025-12-02 02:00:00+00:00,9930.722954909445
2025-12-02 03:00:00+00:00,9930.722954909445
2025-12-02 04:00:00+00:00,9930.722954909445
2025-12-02 05:00:00+00:00,9930.722954909445
2025-12-02 06:00:00+00:00,9930.722954909445
2025-12-02 07:00:00+00:00,9930.722954909445
2025-12-02 08:00:00+00:00,9930.722954909445
2025-12-02 09:00:00+00:00,9930.722954909445
2025-12-02 10:00:00+00:00,9930.722954909445
2025-12-02 11:00:00+00:00,9930.722954909445
2025-12-02 12:00:00+00:00,9930.722954909445
2025-12-02 13:00:00+00:00,9930.722954909445
2025-12-02 14:00:00+00:00,9930.722954909445
2025-12-02 15:00:00+00:00,9930.722954909445
2025-12-02 16:00:00+00:00,9930.722954909445
2025-12-02 17:00:00+00:00,9930.722954909445
2025-12-02 18:00:00+00:00,9930.722954909445
2025-12-02 19:00:00+00:00,9930.722954909445
2025-12-02 20:00:00+00:00,9930.722954909445
2025-12-02 21:00:00+00:00,9930.722954909445
2025-12-02 22:00:00+00:00,9930.722954909445
2025-12-02 23:00:00+00:00,9930.722954909445
2025-12-03 00:00:00+00:00,9930.722954909445
2025-12-03 01:00:00+00:00,9930.722954909445
2025-12-03 02:00:00+00:00,9930.722954909445
2025-12-03 03:00:00+00:00,9930.722954909445
2025-12-03 04:00:00+00:00,9930.722954909445
2025-12-03 05:00:00+00:00,9930.722954909445
2025-12-03 06:00:00+00:00,9942.77882795552
2025-12-03 07:00:00+00:00,9931.26482795552
2025-12-03 08:00:00+00:00,9906.81752795552
2025-12-03 09:00:00+00:00,9892.431837621583
2025-12-03 10:00:00+00:00,9915.642237621581
2025-12-03 11:00:00+00:00,9902.384037621581
2025-12-03 12:00:00+00:00,9905.769837621583
2025-12-03 13:00:00+00:00,9901.734237621582
2025-12-03 14:00:00+00:00,9912.695337621582
2025-12-03 15:00:00+00:00,9845.642487496321
2025-12-03 16:00:00+00:00,9845.642487496321
2025-12-03 17:00:00+00:00,9845.642487496321
2025-12-03 18:00:00+00:00,9845.642487496321
2025-12-03 19:00:00+00:00,9845.642487496321
2025-12-03 20:00:00+00:00,9845.642487496321
2025-12-03 21:00:00+00:00,9845.642487496321
2025-12-03 22:00:00+00:00,9845.642487496321
2025-12-03 23:00:00+00:00,9845.642487496321
2025-12-04 00:00:00+00:00,9845.642487496321
2025-12-04 01:00:00+00:00,9845.642487496321
2025-12-04 02:00:00+00:00,9845.642487496321
2025-12-04 03:00:00+00:00,9845.642487496321
2025-12-04 04:00:00+00:00,9845.642487496321
2025-12-04 05:00:00+00:00,9845.642487496321
2025-12-04 06:00:00+00:00,9845.642487496321
2025-12-04 07:00:00+00:00,9845.642487496321
2025-12-04 08:00:00+00:00,9845.642487496321
2025-12-04 09:00:00+00:00,9845.642487496321
2025-12-04 10:00:00+00:00,9845.642487496321
2025-12-04 11:00:00+00:00,9845.642487496321
2025-12-04 12:00:00+00:00,9845.642487496321
2025-12-04 13:00:00+00:00,9845.642487496321
2025-12-04 14:00:00+00:00,9845.642487496321
2025-12-04 15:00:00+00:00,9845.642487496321
2025-12-04 16:00:00+00:00,9845.642487496321
2025-12-04 17:00:00+00:00,9845.642487496321
2025-12-04 18:00:00+00:00,9845.642487496321
2025-12-04 19:00:00+00:00,9845.642487496321
2025-12-04 20:00:00+00:00,9845.642487496321
2025-12-04 21:00:00+00:00,9845.642487496321
2025-12-04 22:00:00+00:00,9845.642487496321
2025-12-04 23:00:00+00:00,9845.642487496321
2025-12-05 00:00:00+00:00,9845.642487496321
2025-12-05 01:00:00+00:00,9845.642487496321
2025-12-05 02:00:00+00:00,9845.642487496321
2025-12-05 03:00:00+00:00,9845.642487496321
2025-12-05 04:00:00+00:00,9845.642487496321
2025-12-05 05:00:00+00:00,9845.642487496321
2025-12-05 06:00:00+00:00,9845.642487496321
2025-12-05 07:00:00+00:00,9845.642487496321
2025-12-05 08:00:00+00:00,9845.642487496321
2025-12-05 09:00:00+00:00,9845.642487496321
2025-12-05 10:00:00+00:00,9845.642487496321
2025-12-05 11:00:00+00:00,9845.642487496321
2025-12-05 12:00:00+00:00,9845.642487496321
2025-12-05 13:00:00+00:00,9845.642487496321
2025-12-05 14:00:00+00:00,9845.642487496321
2025-12-05 15:00:00+00:00,9845.642487496321
2025-12-05 16:00:00+00:00,9845.642487496321
2025-12-05 17:00:00+00:00,9845.642487496321
2025-12-05 18:00:00+00:00,9845.642487496321
2025-12-05 19:00:00+00:00,9845.642487496321
2025-12-05 20:00:00+00:00,9845.642487496321
2025-12-05 21:00:00+00:00,9845.642487496321
2025-12-05 22:00:00+00:00,9845.642487496321
2025-12-05 23:00:00+00:00,9845.642487496321
2025-12-06 00:00:00+00:00,9845.642487496321
2025-12-06 01:00:00+00:00,9845.642487496321
2025-12-06 02:00:00+00:00,9845.642487496321
2025-12-06 03:00:00+00:00,9845.642487496321
2025-12-06 04:00:00+00:00,9845.642487496321
2025-12-06 05:00:00+00:00,9845.642487496321
2025-12-06 06:00:00+00:00,9845.642487496321
2025-12-06 07:00:00+00:00,9845.642487496321
2025-12-06 08:00:00+00:00,9845.642487496321
2025-12-06 09:00:00+00:00,9845.642487496321
2025-12-06 10:00:00+00:00,9845.642487496321
2025-12-06 11:00:00+00:00,9845.642487496321
2025-12-06 12:00:00+00:00,9845.642487496321
2025-12-06 13:00:00+00:00,9845.642487496321
2025-12-06 14:00:00+00:00,9845.642487496321
2025-12-06 15:00:00+00:00,9845.642487496321
2025-12-06 16:00:00+00:00,9845.642487496321
2025-12-06 17:00:00+00:00,9845.642487496321
2025-12-06 18:00:00+00:00,9845.642487496321
2025-12-06 19:00:00+00:00,9845.642487496321
2025-12-06 20:00:00+00:00,9845.642487496321
2025-12-06 21:00:00+00:00,9845.642487496321
2025-12-06 22:00:00+00:00,9845.642487496321
2025-12-06 23:00:00+00:00,9845.642487496321
2025-12-07 00:00:00+00:00,9845.642487496321
2025-12-07 01:00:00+00:00,9845.642487496321
2025-12-07 02:00:00+00:00,9845.642487496321
2025-12-07 03:00:00+00:00,9845.642487496321
2025-12-07 04:00:00+00:00,9845.642487496321
2025-12-07 05:00:00+00:00,9845.642487496321
2025-12-07 06:00:00+00:00,9845.642487496321
2025-12-07 07:00:00+00:00,9845.642487496321
2025-12-07 08:00:00+00:00,9845.642487496321
2025-12-07 09:00:00+00:00,9845.642487496321
2025-12-07 10:00:00+00:00,9845.642487496321
2025-12-07 11:00:00+00:00,9845.642487496321
2025-12-07 12:00:00+00:00,9845.642487496321
2025-12-07 13:00:00+00:00,9845.642487496321
2025-12-07 14:00:00+00:00,9845.642487496321
2025-12-07 15:00:00+00:00,9845.642487496321
2025-12-07 16:00:00+00:00,9845.642487496321
2025-12-07 17:00:00+00:00,9845.642487496321
2025-12-07 18:00:00+00:00,9845.642487496321
2025-12-07 19:00:00+00:00,9845.642487496321
2025-12-07 20:00:00+00:00,9845.642487496321
2025-12-07 21:00:00+00:00,9845.642487496321
2025-12-07 22:00:00+00:00,9845.642487496321
2025-12-07 23:00:00+00:00,9845.642487496321
2025-12-08 00:00:00+00:00,9845.642487496321
2025-12-08 01:00:00+00:00,9845.642487496321
2025-12-08 02:00:00+00:00,9845.642487496321
2025-12-08 03:00:00+00:00,9845.642487496321
2025-12-08 04:00:00+00:00,9845.642487496321
2025-12-08 05:00:00+00:00,9845.642487496321
2025-12-08 06:00:00+00:00,9845.642487496321
2025-12-08 07:00:00+00:00,9845.642487496321
2025-12-08 08:00:00+00:00,9845.642487496321
2025-12-08 09:00:00+00:00,9845.642487496321
2025-12-08 10:00:00+00:00,9845.642487496321
2025-12-08 11:00:00+00:00,9845.642487496321
2025-12-08 12:00:00+00:00,9845.642487496321
2025-12-08 13:00:00+00:00,9845.642487496321
2025-12-08 14:00:00+00:00,9845.642487496321
2025-12-08 15:00:00+00:00,9845.642487496321
2025-12-08 16:00:00+00:00,9845.642487496321
2025-12-08 17:00:00+00:00,9845.642487496321
2025-12-08 18:00:00+00:00,9845.642487496321
2025-12-08 19:00:00+00:00,9845.642487496321
2025-12-08 20:00:00+00:00,9845.642487496321
2025-12-08 21:00:00+00:00,9845.642487496321
2025-12-08 22:00:00+00:00,9845.642487496321
2025-12-08 23:00:00+00:00,9845.642487496321
2025-12-09 00:00:00+00:00,9845.642487496321
2025-12-09 01:00:00+00:00,9845.642487496321
2025-12-09 02:00:00+00:00,9845.642487496321
2025-12-09 03:00:00+00:00,9845.642487496321
2025-12-09 04:00:00+00:00,9845.642487496321
2025-12-09 05:00:00+00:00,9845.642487496321
2025-12-09 06:00:00+00:00,9845.642487496321
2025-12-09 07:00:00+00:00,9845.642487496321
2025-12-09 08:00:00+00:00,9845.642487496321
2025-12-09 09:00:00+00:00,9845.642487496321
2025-12-09 10:00:00+00:00,9845.642487496321
2025-12-09 11:00:00+00:00,9845.642487496321
2025-12-09 12:00:00+00:00,9845.642487496321
2025-12-09 13:00:00+00:00,9845.642487496321
2025-12-09 14:00:00+00:00,9845.642487496321
2025-12-09 15:00:00+00:00,9845.642487496321
2025-12-09 16:00:00+00:00,9845.642487496321
2025-12-09 17:00:00+00:00,9845.642487496321
2025-12-09 18:00:00+00:00,9845.642487496321
2025-12-09 19:00:00+00:00,9845.642487496321
2025-12-09 20:00:00+00:00,9845.642487496321
2025-12-09 21:00:00+00:00,9845.642487496321
2025-12-09 22:00:00+00:00,9845.642487496321
2025-12-09 23:00:00+00:00,9845.642487496321
2025-12-10 00:00:00+00:00,9845.642487496321
2025-12-10 01:00:00+00:00,9845.642487496321
2025-12-10 02:00:00+00:00,9845.642487496321
2025-12-10 03:00:00+00:00,9845.642487496321
2025-12-10 04:00:00+00:00,9845.642487496321
2025-12-10 05:00:00+00:00,9845.642487496321
2025-12-10 06:00:00+00:00,9845.642487496321
2025-12-10 07:00:00+00:00,9845.642487496321
2025-12-10 08:00:00+00:00,9845.642487496321
2025-12-10 09:00:00+00:00,9845.642487496321
2025-12-10 10:00:00+00:00,9845.642487496321
2025-12-10 11:00:00+00:00,9845.642487496321
2025-12-10 12:00:00+00:00,9845.642487496321
2025-12-10 13:00:00+00:00,9845.642487496321
2025-12-10 14:00:00+00:00,9845.642487496321
2025-12-10 15:00:00+00:00,9845.642487496321
2025-12-10 16:00:00+00:00,9845.642487496321
2025-12-10 17:00:00+00:00,9845.642487496321
2025-12-10 18:00:00+00:00,9845.642487496321
2025-12-10 19:00:00+00:00,9845.642487496321
2025-12-10 20:00:00+00:00,9845.642487496321
2025-12-10 21:00:00+00:00,9845.642487496321
2025-12-10 22:00:00+00:00,9845.642487496321
2025-12-10 23:00:00+00:00,9845.642487496321
2025-12-11 00:00:00+00:00,9845.642487496321
2025-12-11 01:00:00+00:00,9845.642487496321
2025-12-11 02:00:00+00:00,9845.642487496321
2025-12-11 03:00:00+00:00,9845.642487496321
2025-12-11 04:00:00+00:00,9845.642487496321
2025-12-11 05:00:00+00:00,9845.642487496321
2025-12-11 06:00:00+00:00,9845.642487496321
2025-12-11 07:00:00+00:00,9845.642487496321
2025-12-11 08:00:00+00:00,9845.642487496321
2025-12-11 09:00:00+00:00,9845.642487496321
2025-12-11 10:00:00+00:00,9845.642487496321
2025-12-11 11:00:00+00:00,9845.642487496321
2025-12-11 12:00:00+00:00,9845.642487496321
2025-12-11 13:00:00+00:00,9845.642487496321
2025-12-11 14:00:00+00:00,9845.642487496321
2025-12-11 15:00:00+00:00,9845.642487496321
2025-12-11 16:00:00+00:00,9845.642487496321
2025-12-11 17:00:00+00:00,9845.642487496321
2025-12-11 18:00:00+00:00,9845.642487496321
2025-12-11 19:00:00+00:00,9845.642487496321
2025-12-11 20:00:00+00:00,9845.642487496321
2025-12-11 21:00:00+00:00,9845.642487496321
2025-12-11 22:00:00+00:00,9845.642487496321
2025-12-11 23:00:00+00:00,9845.642487496321
2025-12-12 00:00:00+00:00,9845.642487496321
2025-12-12 01:00:00+00:00,9845.642487496321
2025-12-12 02:00:00+00:00,9845.642487496321
2025-12-12 03:00:00+00:00,9845.642487496321
2025-12-12 04:00:00+00:00,9845.642487496321
2025-12-12 05:00:00+00:00,9845.642487496321
2025-12-12 06:00:00+00:00,9845.642487496321
2025-12-12 07:00:00+00:00,9845.642487496321
2025-12-12 08:00:00+00:00,9845.642487496321
2025-12-12 09:00:00+00:00,9845.642487496321
2025-12-12 10:00:00+00:00,9845.642487496321
2025-12-12 11:00:00+00:00,9845.642487496321
2025-12-12 12:00:00+00:00,9845.642487496321
2025-12-12 13:00:00+00:00,9845.642487496321
2025-12-12 14:00:00+00:00,9845.642487496321
2025-12-12 15:00:00+00:00,9845.642487496321
2025-12-12 16:00:00+00:00,9845.642487496321
2025-12-12 17:00:00+00:00,9845.642487496321
2025-12-12 18:00:00+00:00,9845.642487496321
2025-12-12 19:00:00+00:00,9845.642487496321
2025-12-12 20:00:00+00:00,9845.642487496321
2025-12-12 21:00:00+00:00,9845.642487496321
2025-12-12 22:00:00+00:00,9845.642487496321
2025-12-12 23:00:00+00:00,9845.642487496321
2025-12-13 00:00:00+00:00,9845.642487496321
2025-12-13 01:00:00+00:00,9845.642487496321
2025-12-13 02:00:00+00:00,9845.642487496321
2025-12-13 03:00:00+00:00,9845.642487496321
2025-12-13 04:00:00+00:00,9845.642487496321
2025-12-13 05:00:00+00:00,9845.642487496321
2025-12-13 06:00:00+00:00,9845.642487496321
2025-12-13 07:00:00+00:00,9845.642487496321
2025-12-13 08:00:00+00:00,9845.642487496321
2025-12-13 09:00:00+00:00,9845.642487496321
2025-12-13 10:00:00+00:00,9845.642487496321
2025-12-13 11:00:00+00:00,9845.642487496321
2025-12-13 12:00:00+00:00,9845.642487496321
2025-12-13 13:00:00+00:00,9845.642487496321
2025-12-13 14:00:00+00:00,9845.642487496321
2025-12-13 15:00:00+00:00,9845.642487496321
2025-12-13 16:00:00+00:00,9845.642487496321
2025-12-13 17:00:00+00:00,9845.642487496321
2025-12-13 18:00:00+00:00,9845.642487496321
2025-12-13 19:00:00+00:00,9845.642487496321
2025-12-13 20:00:00+00:00,9845.642487496321
2025-12-13 21:00:00+00:00,9845.642487496321
2025-12-13 22:00:00+00:00,9845.642487496321
2025-12-13 23:00:00+00:00,9845.642487496321
2025-12-14 00:00:00+00:00,9845.642487496321
2025-12-14 01:00:00+00:00,9845.642487496321
2025-12-14 02:00:00+00:00,9845.642487496321
2025-12-14 03:00:00+00:00,9845.642487496321
2025-12-14 04:00:00+00:00,9845.642487496321
2025-12-14 05:00:00+00:00,9845.642487496321
2025-12-14 06:00:00+00:00,9845.642487496321
2025-12-14 07:00:00+00:00,9845.642487496321
2025-12-14 08:00:00+00:00,9845.642487496321
2025-12-14 09:00:00+00:00,9845.642487496321
2025-12-14 10:00:00+00:00,9845.642487496321
2025-12-14 11:00:00+00:00,9845.642487496321
2025-12-14 12:00:00+00:00,9845.642487496321
2025-12-14 13:00:00+00:00,9845.642487496321
2025-12-14 14:00:00+00:00,9845.642487496321
2025-12-14 15:00:00+00:00,9845.642487496321
2025-12-14 16:00:00+00:00,9845.642487496321
2025-12-14 17:00:00+00:00,9845.642487496321
2025-12-14 18:00:00+00:00,9845.642487496321
2025-12-14 19:00:00+00:00,9845.642487496321
2025-12-14 20:00:00+00:00,9845.642487496321
2025-12-14 21:00:00+00:00,9845.642487496321
2025-12-14 22:00:00+00:00,9845.642487496321
2025-12-14 23:00:00+00:00,9845.642487496321
2025-12-15 00:00:00+00:00,9845.642487496321
2025-12-15 01:00:00+00:00,9845.642487496321
2025-12-15 02:00:00+00:00,9845.642487496321
2025-12-15 03:00:00+00:00,9845.642487496321
2025-12-15 04:00:00+00:00,9845.642487496321
2025-12-15 05:00:00+00:00,9845.642487496321
2025-12-15 06:00:00+00:00,9845.642487496321
2025-12-15 07:00:00+00:00,9845.642487496321
2025-12-15 08:00:00+00:00,9845.642487496321
2025-12-15 09:00:00+00:00,9845.642487496321
2025-12-15 10:00:00+00:00,9845.642487496321
2025-12-15 11:00:00+00:00,9845.642487496321
2025-12-15 12:00:00+00:00,9845.642487496321
2025-12-15 13:00:00+00:00,9845.642487496321
2025-12-15 14:00:00+00:00,9845.642487496321
2025-12-15 15:00:00+00:00,9845.642487496321
2025-12-15 16:00:00+00:00,9845.642487496321
2025-12-15 17:00:00+00:00,9887.322214785723
2025-12-15 18:00:00+00:00,9934.407214785722
2025-12-15 19:00:00+00:00,9903.439714785722
2025-12-15 20:00:00+00:00,9906.372214785722
2025-12-15 21:00:00+00:00,9932.487214785722
2025-12-15 22:00:00+00:00,9898.849714785722
2025-12-15 23:00:00+00:00,9896.374714785723
2025-12-16 00:00:00+00:00,9884.284714785723
2025-12-16 01:00:00+00:00,9927.1539608219
2025-12-16 02:00:00+00:00,9925.2789608219
2025-12-16 03:00:00+00:00,9921.5139608219
2025-12-16 04:00:00+00:00,9926.463960821899
2025-12-16 05:00:00+00:00,9929.0664608219
2025-12-16 06:00:00+00:00,9914.7639608219
2025-12-16 07:00:00+00:00,9879.438960821899
2025-12-16 08:00:00+00:00,9916.143960821899
2025-12-16 09:00:00+00:00,9896.055286893921
2025-12-16 10:00:00+00:00,9890.76778689392
2025-12-16 11:00:00+00:00,9827.206986315272
2025-12-16 12:00:00+00:00,9827.206986315272
2025-12-16 13:00:00+00:00,9827.206986315272
2025-12-16 14:00:00+00:00,9827.206986315272
2025-12-16 15:00:00+00:00,9827.206986315272
2025-12-16 16:00:00+00:00,9827.206986315272
2025-12-16 17:00:00+00:00,9827.206986315272
2025-12-16 18:00:00+00:00,9827.206986315272
2025-12-16 19:00:00+00:00,9827.206986315272
2025-12-16 20:00:00+00:00,9827.206986315272
2025-12-16 21:00:00+00:00,9827.206986315272
2025-12-16 22:00:00+00:00,9827.206986315272
2025-12-16 23:00:00+00:00,9827.206986315272
2025-12-17 00:00:00+00:00,9827.206986315272
2025-12-17 01:00:00+00:00,9827.206986315272
2025-12-17 02:00:00+00:00,9827.206986315272
2025-12-17 03:00:00+00:00,9827.206986315272
2025-12-17 04:00:00+00:00,9827.206986315272
2025-12-17 05:00:00+00:00,9827.206986315272
2025-12-17 06:00:00+00:00,9827.206986315272
2025-12-17 07:00:00+00:00,9827.206986315272
2025-12-17 08:00:00+00:00,9827.206986315272
2025-12-17 09:00:00+00:00,9827.206986315272
2025-12-17 10:00:00+00:00,9827.206986315272
2025-12-17 11:00:00+00:00,9827.206986315272
2025-12-17 12:00:00+00:00,9827.206986315272
2025-12-17 13:00:00+00:00,9827.206986315272
2025-12-17 14:00:00+00:00,9827.206986315272
2025-12-17 15:00:00+00:00,9827.206986315272
2025-12-17 16:00:00+00:00,9827.206986315272
2025-12-17 17:00:00+00:00,9827.206986315272
2025-12-17 18:00:00+00:00,9827.206986315272
2025-12-17 19:00:00+00:00,9827.206986315272
2025-12-17 20:00:00+00:00,9827.206986315272
2025-12-17 21:00:00+00:00,9827.206986315272
2025-12-17 22:00:00+00:00,9827.206986315272
2025-12-17 23:00:00+00:00,9827.206986315272
2025-12-18 00:00:00+00:00,9827.206986315272
2025-12-18 01:00:00+00:00,9827.206986315272
2025-12-18 02:00:00+00:00,9827.206986315272
2025-12-18 03:00:00+00:00,9827.206986315272
2025-12-18 04:00:00+00:00,9827.206986315272
2025-12-18 05:00:00+00:00,9827.206986315272
2025-12-18 06:00:00+00:00,9827.206986315272
2025-12-18 07:00:00+00:00,9827.206986315272
2025-12-18 08:00:00+00:00,9827.206986315272
2025-12-18 09:00:00+00:00,9827.206986315272
2025-12-18 10:00:00+00:00,9827.206986315272
2025-12-18 11:00:00+00:00,9827.206986315272
2025-12-18 12:00:00+00:00,9827.206986315272
2025-12-18 13:00:00+00:00,9827.206986315272
2025-12-18 14:00:00+00:00,9827.206986315272
2025-12-18 15:00:00+00:00,9827.206986315272
2025-12-18 16:00:00+00:00,9827.206986315272
2025-12-18 17:00:00+00:00,9827.206986315272
2025-12-18 18:00:00+00:00,9827.206986315272
2025-12-18 19:00:00+00:00,9827.206986315272
2025-12-18 20:00:00+00:00,9827.206986315272
2025-12-18 21:00:00+00:00,9818.736210216393
2025-12-18 22:00:00+00:00,9768.624210216392
2025-12-18 23:00:00+00:00,9770.736210216393
2025-12-19 00:00:00+00:00,9774.350610216394
2025-12-19 01:00:00+00:00,9768.91279640666
2025-12-19 02:00:00+00:00,9782.63599640666
2025-12-19 03:00:00+00:00,9767.36719640666
2025-12-19 04:00:00+00:00,9721.919016924894
2025-12-19 05:00:00+00:00,9721.919016924894
2025-12-19 06:00:00+00:00,9721.919016924894
2025-12-19 07:00:00+00:00,9721.919016924894
2025-12-19 08:00:00+00:00,9721.919016924894
2025-12-19 09:00:00+00:00,9721.919016924894
2025-12-19 10:00:00+00:00,9721.919016924894
2025-12-19 11:00:00+00:00,9721.919016924894
2025-12-19 12:00:00+00:00,9721.919016924894
2025-12-19 13:00:00+00:00,9721.919016924894
2025-12-19 14:00:00+00:00,9721.919016924894
2025-12-19 15:00:00+00:00,9721.919016924894
2025-12-19 16:00:00+00:00,9721.919016924894
2025-12-19 17:00:00+00:00,9721.919016924894
2025-12-19 18:00:00+00:00,9721.919016924894
2025-12-19 19:00:00+00:00,9721.919016924894
2025-12-19 20:00:00+00:00,9721.919016924894
2025-12-19 21:00:00+00:00,9721.919016924894
2025-12-19 22:00:00+00:00,9721.919016924894
2025-12-19 23:00:00+00:00,9721.919016924894
2025-12-20 00:00:00+00:00,9721.919016924894
2025-12-20 01:00:00+00:00,9721.919016924894
2025-12-20 02:00:00+00:00,9721.919016924894
2025-12-20 03:00:00+00:00,9721.919016924894
2025-12-20 04:00:00+00:00,9721.919016924894
2025-12-20 05:00:00+00:00,9721.919016924894
2025-12-20 06:00:00+00:00,9721.919016924894
2025-12-20 07:00:00+00:00,9721.919016924894
2025-12-20 08:00:00+00:00,9721.919016924894
2025-12-20 09:00:00+00:00,9721.919016924894
2025-12-20 10:00:00+00:00,9721.919016924894
2025-12-20 11:00:00+00:00,9721.919016924894
2025-12-20 12:00:00+00:00,9721.919016924894
2025-12-20 13:00:00+00:00,9721.919016924894
2025-12-20 14:00:00+00:00,9721.919016924894
2025-12-20 15:00:00+00:00,9721.919016924894
2025-12-20 16:00:00+00:00,9721.919016924894
2025-12-20 17:00:00+00:00,9721.919016924894
2025-12-20 18:00:00+00:00,9721.919016924894
2025-12-20 19:00:00+00:00,9721.919016924894
2025-12-20 20:00:00+00:00,9721.919016924894
2025-12-20 21:00:00+00:00,9721.919016924894
2025-12-20 22:00:00+00:00,9721.919016924894
2025-12-20 23:00:00+00:00,9721.919016924894
2025-12-21 00:00:00+00:00,9721.919016924894
2025-12-21 01:00:00+00:00,9721.919016924894
2025-12-21 02:00:00+00:00,9721.919016924894
2025-12-21 03:00:00+00:00,9721.919016924894
2025-12-21 04:00:00+00:00,9721.919016924894
2025-12-21 05:00:00+00:00,9721.919016924894
2025-12-21 06:00:00+00:00,9721.919016924894
2025-12-21 07:00:00+00:00,9721.919016924894
2025-12-21 08:00:00+00:00,9721.919016924894
2025-12-21 09:00:00+00:00,9721.919016924894
2025-12-21 10:00:00+00:00,9721.919016924894
2025-12-21 11:00:00+00:00,9721.919016924894
2025-12-21 12:00:00+00:00,9721.919016924894
2025-12-21 13:00:00+00:00,9721.919016924894
2025-12-21 14:00:00+00:00,9721.919016924894
2025-12-21 15:00:00+00:00,9721.919016924894
2025-12-21 16:00:00+00:00,9721.919016924894
2025-12-21 17:00:00+00:00,9721.919016924894
2025-12-21 18:00:00+00:00,9721.919016924894
2025-12-21 19:00:00+00:00,9721.919016924894
2025-12-21 20:00:00+00:00,9721.919016924894
2025-12-21 21:00:00+00:00,9721.919016924894
2025-12-21 22:00:00+00:00,9721.919016924894
2025-12-21 23:00:00+00:00,9721.919016924894
2025-12-22 00:00:00+00:00,9721.919016924894
2025-12-22 01:00:00+00:00,9721.919016924894
2025-12-22 02:00:00+00:00,9721.919016924894
2025-12-22 03:00:00+00:00,9721.919016924894
2025-12-22 04:00:00+00:00,9721.919016924894
2025-12-22 05:00:00+00:00,9721.919016924894
2025-12-22 06:00:00+00:00,9721.919016924894
2025-12-22 07:00:00+00:00,9721.919016924894
2025-12-22 08:00:00+00:00,9721.919016924894
2025-12-22 09:00:00+00:00,9721.919016924894
2025-12-22 10:00:00+00:00,9721.919016924894
2025-12-22 11:00:00+00:00,9721.919016924894
2025-12-22 12:00:00+00:00,9721.919016924894
2025-12-22 13:00:00+00:00,9721.919016924894
2025-12-22 14:00:00+00:00,9721.919016924894
2025-12-22 15:00:00+00:00,9721.919016924894
2025-12-22 16:00:00+00:00,9721.919016924894
2025-12-22 17:00:00+00:00,9721.919016924894
2025-12-22 18:00:00+00:00,9721.919016924894
2025-12-22 19:00:00+00:00,9721.919016924894
2025-12-22 20:00:00+00:00,9721.919016924894
2025-12-22 21:00:00+00:00,9721.919016924894
2025-12-22 22:00:00+00:00,9721.919016924894
2025-12-22 23:00:00+00:00,9721.919016924894
2025-12-23 00:00:00+00:00,9721.919016924894
2025-12-23 01:00:00+00:00,9721.919016924894
2025-12-23 02:00:00+00:00,9721.919016924894
2025-12-23 03:00:00+00:00,9721.919016924894
2025-12-23 04:00:00+00:00,9721.919016924894
2025-12-23 05:00:00+00:00,9721.919016924894
2025-12-23 06:00:00+00:00,9721.919016924894
2025-12-23 07:00:00+00:00,9721.919016924894
2025-12-23 08:00:00+00:00,9721.919016924894
2025-12-23 09:00:00+00:00,9721.919016924894
2025-12-23 10:00:00+00:00,9721.919016924894
2025-12-23 11:00:00+00:00,9721.919016924894
2025-12-23 12:00:00+00:00,9721.919016924894
2025-12-23 13:00:00+00:00,9721.919016924894
2025-12-23 14:00:00+00:00,9721.919016924894
2025-12-23 15:00:00+00:00,9721.919016924894
2025-12-23 16:00:00+00:00,9721.919016924894
2025-12-23 17:00:00+00:00,9721.919016924894
2025-12-23 18:00:00+00:00,9721.919016924894
2025-12-23 19:00:00+00:00,9721.919016924894
2025-12-23 20:00:00+00:00,9721.919016924894
2025-12-23 21:00:00+00:00,9721.919016924894
2025-12-23 22:00:00+00:00,9721.919016924894
2025-12-23 23:00:00+00:00,9721.919016924894
2025-12-24 00:00:00+00:00,9721.919016924894
2025-12-24 01:00:00+00:00,9721.919016924894
2025-12-24 02:00:00+00:00,9721.919016924894
2025-12-24 03:00:00+00:00,9721.919016924894
2025-12-24 04:00:00+00:00,9721.919016924894
2025-12-24 05:00:00+00:00,9721.919016924894
2025-12-24 06:00:00+00:00,9721.919016924894
2025-12-24 07:00:00+00:00,9721.919016924894
2025-12-24 08:00:00+00:00,9721.919016924894
2025-12-24 09:00:00+00:00,9721.919016924894
2025-12-24 10:00:00+00:00,9721.919016924894
2025-12-24 11:00:00+00:00,9721.919016924894
2025-12-24 12:00:00+00:00,9721.919016924894
2025-12-24 13:00:00+00:00,9721.919016924894
2025-12-24 14:00:00+00:00,9721.919016924894
2025-12-24 15:00:00+00:00,9721.919016924894
2025-12-24 16:00:00+00:00,9721.919016924894
2025-12-24 17:00:00+00:00,9721.919016924894
2025-12-24 18:00:00+00:00,9721.919016924894
2025-12-24 19:00:00+00:00,9721.919016924894
2025-12-24 20:00:00+00:00,9721.919016924894
2025-12-24 21:00:00+00:00,9721.919016924894
2025-12-24 22:00:00+00:00,9721.919016924894
2025-12-24 23:00:00+00:00,9721.919016924894
2025-12-25 00:00:00+00:00,9721.919016924894
2025-12-25 01:00:00+00:00,9721.919016924894
2025-12-25 02:00:00+00:00,9721.919016924894
2025-12-25 03:00:00+00:00,9721.919016924894
2025-12-25 04:00:00+00:00,9721.919016924894
2025-12-25 05:00:00+00:00,9721.919016924894
2025-12-25 06:00:00+00:00,9721.919016924894
2025-12-25 07:00:00+00:00,9721.919016924894
2025-12-25 08:00:00+00:00,9721.919016924894
2025-12-25 09:00:00+00:00,9721.919016924894
2025-12-25 10:00:00+00:00,9721.919016924894
2025-12-25 11:00:00+00:00,9721.919016924894
2025-12-25 12:00:00+00:00,9721.919016924894
2025-12-25 13:00:00+00:00,9721.919016924894
2025-12-25 14:00:00+00:00,9721.919016924894
2025-12-25 15:00:00+00:00,9721.919016924894
2025-12-25 16:00:00+00:00,9721.919016924894
2025-12-25 17:00:00+00:00,9721.919016924894
2025-12-25 18:00:00+00:00,9721.919016924894
2025-12-25 19:00:00+00:00,9721.919016924894
2025-12-25 20:00:00+00:00,9721.919016924894
2025-12-25 21:00:00+00:00,9721.919016924894
2025-12-25 22:00:00+00:00,9721.919016924894
2025-12-25 23:00:00+00:00,9721.919016924894
2025-12-26 00:00:00+00:00,9721.919016924894
2025-12-26 01:00:00+00:00,9721.919016924894
2025-12-26 02:00:00+00:00,9721.919016924894
2025-12-26 03:00:00+00:00,9721.919016924894
2025-12-26 04:00:00+00:00,9721.919016924894
2025-12-26 05:00:00+00:00,9721.919016924894
2025-12-26 06:00:00+00:00,9721.919016924894
2025-12-26 07:00:00+00:00,9721.919016924894
2025-12-26 08:00:00+00:00,9721.919016924894
2025-12-26 09:00:00+00:00,9721.919016924894
2025-12-26 10:00:00+00:00,9721.919016924894
2025-12-26 11:00:00+00:00,9721.919016924894
2025-12-26 12:00:00+00:00,9721.919016924894
2025-12-26 13:00:00+00:00,9721.919016924894
2025-12-26 14:00:00+00:00,9721.919016924894
2025-12-26 15:00:00+00:00,9721.919016924894
2025-12-26 16:00:00+00:00,9721.919016924894
2025-12-26 17:00:00+00:00,9721.919016924894
2025-12-26 18:00:00+00:00,9721.919016924894
2025-12-26 19:00:00+00:00,9721.919016924894
2025-12-26 20:00:00+00:00,9721.919016924894
2025-12-26 21:00:00+00:00,9721.919016924894
2025-12-26 22:00:00+00:00,9721.919016924894
2025-12-26 23:00:00+00:00,9721.919016924894
2025-12-27 00:00:00+00:00,9721.919016924894
2025-12-27 01:00:00+00:00,9721.919016924894
2025-12-27 02:00:00+00:00,9721.919016924894
2025-12-27 03:00:00+00:00,9721.919016924894
2025-12-27 04:00:00+00:00,9721.919016924894
2025-12-27 05:00:00+00:00,9721.919016924894
2025-12-27 06:00:00+00:00,9721.919016924894
2025-12-27 07:00:00+00:00,9721.919016924894
2025-12-27 08:00:00+00:00,9721.919016924894
2025-12-27 09:00:00+00:00,9721.919016924894
2025-12-27 10:00:00+00:00,9721.919016924894
2025-12-27 11:00:00+00:00,9721.919016924894
2025-12-27 12:00:00+00:00,9721.919016924894
2025-12-27 13:00:00+00:00,9721.919016924894
2025-12-27 14:00:00+00:00,9721.919016924894
2025-12-27 15:00:00+00:00,9721.919016924894
2025-12-27 16:00:00+00:00,9721.919016924894
2025-12-27 17:00:00+00:00,9721.919016924894
2025-12-27 18:00:00+00:00,9721.919016924894
2025-12-27 19:00:00+00:00,9721.919016924894
2025-12-27 20:00:00+00:00,9721.919016924894
2025-12-27 21:00:00+00:00,9721.919016924894
2025-12-27 22:00:00+00:00,9721.919016924894
2025-12-27 23:00:00+00:00,9721.919016924894
2025-12-28 00:00:00+00:00,9721.919016924894
2025-12-28 01:00:00+00:00,9721.919016924894
2025-12-28 02:00:00+00:00,9721.919016924894
2025-12-28 03:00:00+00:00,9721.919016924894
2025-12-28 04:00:00+00:00,9721.919016924894
2025-12-28 05:00:00+00:00,9721.919016924894
2025-12-28 06:00:00+00:00,9721.919016924894
2025-12-28 07:00:00+00:00,9721.919016924894
2025-12-28 08:00:00+00:00,9721.919016924894
2025-12-28 09:00:00+00:00,9721.919016924894
2025-12-28 10:00:00+00:00,9721.919016924894
2025-12-28 11:00:00+00:00,9721.919016924894
2025-12-28 12:00:00+00:00,9721.919016924894
2025-12-28 13:00:00+00:00,9721.919016924894
2025-12-28 14:00:00+00:00,9721.919016924894
2025-12-28 15:00:00+00:00,9721.919016924894
2025-12-28 16:00:00+00:00,9721.919016924894
2025-12-28 17:00:00+00:00,9721.919016924894
2025-12-28 18:00:00+00:00,9721.919016924894
2025-12-28 19:00:00+00:00,9721.919016924894
2025-12-28 20:00:00+00:00,9721.919016924894
2025-12-28 21:00:00+00:00,9721.919016924894
2025-12-28 22:00:00+00:00,9721.919016924894
2025-12-28 23:00:00+00:00,9721.919016924894
2025-12-29 00:00:00+00:00,9721.919016924894
2025-12-29 01:00:00+00:00,9721.919016924894
2025-12-29 02:00:00+00:00,9721.919016924894
2025-12-29 03:00:00+00:00,9721.919016924894
2025-12-29 04:00:00+00:00,9721.919016924894
2025-12-29 05:00:00+00:00,9721.919016924894
2025-12-29 06:00:00+00:00,9721.919016924894
2025-12-29 07:00:00+00:00,9721.919016924894
2025-12-29 08:00:00+00:00,9721.919016924894
2025-12-29 09:00:00+00:00,9721.919016924894
2025-12-29 10:00:00+00:00,9721.919016924894
2025-12-29 11:00:00+00:00,9721.919016924894
2025-12-29 12:00:00+00:00,9721.919016924894
2025-12-29 13:00:00+00:00,9721.919016924894
2025-12-29 14:00:00+00:00,9721.919016924894
2025-12-29 15:00:00+00:00,9721.919016924894
2025-12-29 16:00:00+00:00,9721.919016924894
2025-12-29 17:00:00+00:00,9721.919016924894
2025-12-29 18:00:00+00:00,9721.919016924894
2025-12-29 19:00:00+00:00,9721.919016924894
2025-12-29 20:00:00+00:00,9721.919016924894
2025-12-29 21:00:00+00:00,9721.919016924894
2025-12-29 22:00:00+00:00,9721.919016924894
2025-12-29 23:00:00+00:00,9721.919016924894
2025-12-30 00:00:00+00:00,9721.919016924894
2025-12-30 01:00:00+00:00,9721.919016924894
2025-12-30 02:00:00+00:00,9721.919016924894
2025-12-30 03:00:00+00:00,9721.919016924894
2025-12-30 04:00:00+00:00,9721.919016924894
2025-12-30 05:00:00+00:00,9721.919016924894
2025-12-30 06:00:00+00:00,9721.919016924894
2025-12-30 07:00:00+00:00,9721.919016924894
2025-12-30 08:00:00+00:00,9721.919016924894
2025-12-30 09:00:00+00:00,9721.919016924894
2025-12-30 10:00:00+00:00,9721.919016924894
2025-12-30 11:00:00+00:00,9721.919016924894
2025-12-30 12:00:00+00:00,9721.919016924894
2025-12-30 13:00:00+00:00,9721.919016924894
2025-12-30 14:00:00+00:00,9721.919016924894
2025-12-30 15:00:00+00:00,9721.919016924894
2025-12-30 16:00:00+00:00,9721.919016924894
2025-12-30 17:00:00+00:00,9721.919016924894
2025-12-30 18:00:00+00:00,9721.919016924894
2025-12-30 19:00:00+00:00,9721.919016924894
2025-12-30 20:00:00+00:00,9721.919016924894
2025-12-30 21:00:00+00:00,9721.919016924894
2025-12-30 22:00:00+00:00,9721.919016924894
2025-12-30 23:00:00+00:00,9721.919016924894
2025-12-31 00:00:00+00:00,9721.919016924894
2025-12-31 01:00:00+00:00,9721.919016924894
2025-12-31 02:00:00+00:00,9721.919016924894
2025-12-31 03:00:00+00:00,9721.919016924894
2025-12-31 04:00:00+00:00,9721.919016924894
2025-12-31 05:00:00+00:00,9721.919016924894
2025-12-31 06:00:00+00:00,9721.919016924894
2025-12-31 07:00:00+00:00,9721.919016924894
2025-12-31 08:00:00+00:00,9721.919016924894
2025-12-31 09:00:00+00:00,9721.919016924894
2025-12-31 10:00:00+00:00,9721.919016924894
2025-12-31 11:00:00+00:00,9721.919016924894
2025-12-31 12:00:00+00:00,9721.919016924894
2025-12-31 13:00:00+00:00,9721.919016924894
2025-12-31 14:00:00+00:00,9721.919016924894
2025-12-31 15:00:00+00:00,9721.919016924894
2025-12-31 16:00:00+00:00,9721.919016924894
2025-12-31 17:00:00+00:00,9721.919016924894
2025-12-31 18:00:00+00:00,9721.919016924894
2025-12-31 19:00:00+00:00,9721.919016924894
2025-12-31 20:00:00+00:00,9721.919016924894
2025-12-31 21:00:00+00:00,9721.919016924894
2025-12-31 22:00:00+00:00,9721.919016924894
2025-12-31 23:00:00+00:00,9721.919016924894
2026-01-01 00:00:00+00:00,9721.919016924894
2026-01-01 01:00:00+00:00,9721.919016924894
2026-01-01 02:00:00+00:00,9721.919016924894
2026-01-01 03:00:00+00:00,9721.919016924894
2026-01-01 04:00:00+00:00,9721.919016924894
2026-01-01 05:00:00+00:00,9721.919016924894
2026-01-01 06:00:00+00:00,9721.919016924894
2026-01-01 07:00:00+00:00,9721.919016924894
2026-01-01 08:00:00+00:00,9721.919016924894
2026-01-01 09:00:00+00:00,9721.919016924894
2026-01-01 10:00:00+00:00,9721.919016924894
2026-01-01 11:00:00+00:00,9721.919016924894
2026-01-01 12:00:00+00:00,9721.919016924894
2026-01-01 13:00:00+00:00,9721.919016924894
2026-01-01 14:00:00+00:00,9721.919016924894
2026-01-01 15:00:00+00:00,9721.919016924894
2026-01-01 16:00:00+00:00,9721.919016924894
2026-01-01 17:00:00+00:00,9721.919016924894
2026-01-01 18:00:00+00:00,9721.919016924894
2026-01-01 19:00:00+00:00,9721.919016924894
2026-01-01 20:00:00+00:00,9721.919016924894
2026-01-01 21:00:00+00:00,9721.919016924894
2026-01-01 22:00:00+00:00,9721.919016924894
2026-01-01 23:00:00+00:00,9721.919016924894
2026-01-02 00:00:00+00:00,9721.919016924894
2026-01-02 01:00:00+00:00,9721.919016924894
2026-01-02 02:00:00+00:00,9721.919016924894
2026-01-02 03:00:00+00:00,9721.919016924894
2026-01-02 04:00:00+00:00,9721.919016924894
2026-01-02 05:00:00+00:00,9721.919016924894
2026-01-02 06:00:00+00:00,9721.919016924894
2026-01-02 07:00:00+00:00,9721.919016924894
2026-01-02 08:00:00+00:00,9721.919016924894
2026-01-02 09:00:00+00:00,9721.919016924894
2026-01-02 10:00:00+00:00,9721.919016924894
2026-01-02 11:00:00+00:00,9721.919016924894
2026-01-02 12:00:00+00:00,9721.919016924894
2026-01-02 13:00:00+00:00,9721.919016924894
2026-01-02 14:00:00+00:00,9721.919016924894
2026-01-02 15:00:00+00:00,9721.919016924894
2026-01-02 16:00:00+00:00,9721.919016924894
2026-01-02 17:00:00+00:00,9721.919016924894
2026-01-02 18:00:00+00:00,9721.919016924894
2026-01-02 19:00:00+00:00,9721.919016924894
2026-01-02 20:00:00+00:00,9721.919016924894
2026-01-02 21:00:00+00:00,9721.919016924894
2026-01-02 22:00:00+00:00,9721.919016924894
2026-01-02 23:00:00+00:00,9721.919016924894
2026-01-03 00:00:00+00:00,9721.919016924894
2026-01-03 01:00:00+00:00,9721.919016924894
2026-01-03 02:00:00+00:00,9721.919016924894
2026-01-03 03:00:00+00:00,9721.919016924894
2026-01-03 04:00:00+00:00,9721.919016924894
2026-01-03 05:00:00+00:00,9721.919016924894
2026-01-03 06:00:00+00:00,9721.919016924894
2026-01-03 07:00:00+00:00,9721.919016924894
2026-01-03 08:00:00+00:00,9721.919016924894
2026-01-03 09:00:00+00:00,9721.919016924894
2026-01-03 10:00:00+00:00,9721.919016924894
2026-01-03 11:00:00+00:00,9721.919016924894
2026-01-03 12:00:00+00:00,9721.919016924894
2026-01-03 13:00:00+00:00,9721.919016924894
2026-01-03 14:00:00+00:00,9721.919016924894
2026-01-03 15:00:00+00:00,9721.919016924894
2026-01-03 16:00:00+00:00,9721.919016924894
2026-01-03 17:00:00+00:00,9721.919016924894
2026-01-03 18:00:00+00:00,9721.919016924894
2026-01-03 19:00:00+00:00,9721.919016924894
2026-01-03 20:00:00+00:00,9721.919016924894
2026-01-03 21:00:00+00:00,9721.919016924894
2026-01-03 22:00:00+00:00,9721.919016924894
2026-01-03 23:00:00+00:00,9721.919016924894
2026-01-04 00:00:00+00:00,9721.919016924894
2026-01-04 01:00:00+00:00,9721.919016924894
2026-01-04 02:00:00+00:00,9703.12720835156
2026-01-04 03:00:00+00:00,9692.16680835156
2026-01-04 04:00:00+00:00,9702.65020835156
2026-01-04 05:00:00+00:00,9720.71260835156
2026-01-04 06:00:00+00:00,9729.34100835156
2026-01-04 07:00:00+00:00,9702.19440835156
2026-01-04 08:00:00+00:00,9732.881408351559
2026-01-04 09:00:00+00:00,9715.554516336331
2026-01-04 10:00:00+00:00,9724.64931633633
2026-01-04 11:00:00+00:00,9738.874516336331
2026-01-04 12:00:00+00:00,9708.738716336331
2026-01-04 13:00:00+00:00,9691.92711633633
2026-01-04 14:00:00+00:00,9705.78131633633
2026-01-04 15:00:00+00:00,9712.98931633633
2026-01-04 16:00:00+00:00,9712.363916336331
2026-01-04 17:00:00+00:00,9710.723156205915
2026-01-04 18:00:00+00:00,9712.906756205915
2026-01-04 19:00:00+00:00,9698.755756205916
2026-01-04 20:00:00+00:00,9656.64590442482
2026-01-04 21:00:00+00:00,9656.64590442482
2026-01-04 22:00:00+00:00,9656.64590442482
2026-01-04 23:00:00+00:00,9656.64590442482
2026-01-05 00:00:00+00:00,9656.64590442482
2026-01-05 01:00:00+00:00,9656.64590442482
2026-01-05 02:00:00+00:00,9705.791030915956
2026-01-05 03:00:00+00:00,9713.903030915955
2026-01-05 04:00:00+00:00,9697.179830915957
2026-01-05 05:00:00+00:00,9668.683830915958
2026-01-05 06:00:00+00:00,9644.431030915955
2026-01-05 07:00:00+00:00,9619.690836230759
2026-01-05 08:00:00+00:00,9619.690836230759
2026-01-05 09:00:00+00:00,9619.690836230759
2026-01-05 10:00:00+00:00,9619.690836230759
2026-01-05 11:00:00+00:00,9619.690836230759
2026-01-05 12:00:00+00:00,9619.690836230759
2026-01-05 13:00:00+00:00,9619.690836230759
2026-01-05 14:00:00+00:00,9619.690836230759
2026-01-05 15:00:00+00:00,9619.690836230759
2026-01-05 16:00:00+00:00,9619.690836230759
2026-01-05 17:00:00+00:00,9588.63562090858
2026-01-05 18:00:00+00:00,9644.21612090858
2026-01-05 19:00:00+00:00,9656.13322090858
2026-01-05 20:00:00+00:00,9642.07122090858
2026-01-05 21:00:00+00:00,9631.782820908578
2026-01-05 22:00:00+00:00,9624.12882090858
2026-01-05 23:00:00+00:00,9630.77712090858
2026-01-06 00:00:00+00:00,9604.05042090858
2026-01-06 01:00:00+00:00,9600.164711840442
2026-01-06 02:00:00+00:00,9597.227711840442
2026-01-06 03:00:00+00:00,9583.539511840441
2026-01-06 04:00:00+00:00,9596.04401184044
2026-01-06 05:00:00+00:00,9599.33701184044
2026-01-06 06:00:00+00:00,9581.545911840441
2026-01-06 07:00:00+00:00,9596.08851184044
2026-01-06 08:00:00+00:00,9548.967066001185
2026-01-06 09:00:00+00:00,9548.967066001185
2026-01-06 10:00:00+00:00,9548.967066001185
2026-01-06 11:00:00+00:00,9548.967066001185
2026-01-06 12:00:00+00:00,9548.967066001185
2026-01-06 13:00:00+00:00,9548.967066001185
2026-01-06 14:00:00+00:00,9548.967066001185
2026-01-06 15:00:00+00:00,9548.967066001185
2026-01-06 16:00:00+00:00,9548.967066001185
2026-01-06 17:00:00+00:00,9548.967066001185
2026-01-06 18:00:00+00:00,9548.967066001185
2026-01-06 19:00:00+00:00,9548.967066001185
2026-01-06 20:00:00+00:00,9548.967066001185
2026-01-06 21:00:00+00:00,9548.967066001185
2026-01-06 22:00:00+00:00,9548.967066001185
2026-01-06 23:00:00+00:00,9548.967066001185
2026-01-07 00:00:00+00:00,9548.967066001185
2026-01-07 01:00:00+00:00,9548.967066001185
2026-01-07 02:00:00+00:00,9548.967066001185
2026-01-07 03:00:00+00:00,9548.967066001185
2026-01-07 04:00:00+00:00,9548.967066001185
2026-01-07 05:00:00+00:00,9548.967066001185
2026-01-07 06:00:00+00:00,9548.967066001185
2026-01-07 07:00:00+00:00,9548.967066001185
2026-01-07 08:00:00+00:00,9548.967066001185
2026-01-07 09:00:00+00:00,9548.967066001185
2026-01-07 10:00:00+00:00,9548.967066001185
2026-01-07 11:00:00+00:00,9548.967066001185
2026-01-07 12:00:00+00:00,9548.967066001185
2026-01-07 13:00:00+00:00,9548.967066001185
2026-01-07 14:00:00+00:00,9548.967066001185
2026-01-07 15:00:00+00:00,9548.967066001185
2026-01-07 16:00:00+00:00,9548.967066001185
2026-01-07 17:00:00+00:00,9548.967066001185
2026-01-07 18:00:00+00:00,9548.967066001185
2026-01-07 19:00:00+00:00,9548.967066001185
2026-01-07 20:00:00+00:00,9548.967066001185
2026-01-07 21:00:00+00:00,9548.967066001185
2026-01-07 22:00:00+00:00,9548.967066001185
2026-01-07 23:00:00+00:00,9548.967066001185
2026-01-08 00:00:00+00:00,9548.967066001185
2026-01-08 01:00:00+00:00,9548.967066001185
2026-01-08 02:00:00+00:00,9548.967066001185
2026-01-08 03:00:00+00:00,9548.967066001185
2026-01-08 04:00:00+00:00,9548.967066001185
2026-01-08 05:00:00+00:00,9548.967066001185
2026-01-08 06:00:00+00:00,9548.967066001185
2026-01-08 07:00:00+00:00,9548.967066001185
2026-01-08 08:00:00+00:00,9548.967066001185
2026-01-08 09:00:00+00:00,9548.967066001185
2026-01-08 10:00:00+00:00,9548.967066001185
2026-01-08 11:00:00+00:00,9548.967066001185
2026-01-08 12:00:00+00:00,9548.967066001185
2026-01-08 13:00:00+00:00,9548.967066001185
2026-01-08 14:00:00+00:00,9548.967066001185
2026-01-08 15:00:00+00:00,9548.967066001185
2026-01-08 16:00:00+00:00,9548.967066001185
2026-01-08 17:00:00+00:00,9548.967066001185
2026-01-08 18:00:00+00:00,9548.967066001185
2026-01-08 19:00:00+00:00,9548.967066001185
2026-01-08 20:00:00+00:00,9548.967066001185
2026-01-08 21:00:00+00:00,9548.967066001185
2026-01-08 22:00:00+00:00,9548.967066001185
2026-01-08 23:00:00+00:00,9548.967066001185
2026-01-09 00:00:00+00:00,9548.967066001185
2026-01-09 01:00:00+00:00,9548.967066001185
2026-01-09 02:00:00+00:00,9548.967066001185
2026-01-09 03:00:00+00:00,9548.967066001185
2026-01-09 04:00:00+00:00,9548.967066001185
2026-01-09 05:00:00+00:00,9548.967066001185
2026-01-09 06:00:00+00:00,9548.967066001185
2026-01-09 07:00:00+00:00,9548.967066001185
2026-01-09 08:00:00+00:00,9548.967066001185
2026-01-09 09:00:00+00:00,9548.967066001185
2026-01-09 10:00:00+00:00,9548.967066001185
2026-01-09 11:00:00+00:00,9548.967066001185
2026-01-09 12:00:00+00:00,9548.967066001185
2026-01-09 13:00:00+00:00,9548.967066001185
2026-01-09 14:00:00+00:00,9548.967066001185
2026-01-09 15:00:00+00:00,9548.967066001185
2026-01-09 16:00:00+00:00,9548.967066001185
2026-01-09 17:00:00+00:00,9548.967066001185
2026-01-09 18:00:00+00:00,9548.967066001185
2026-01-09 19:00:00+00:00,9548.967066001185
2026-01-09 20:00:00+00:00,9548.967066001185
2026-01-09 21:00:00+00:00,9548.967066001185
2026-01-09 22:00:00+00:00,9548.967066001185
2026-01-09 23:00:00+00:00,9548.967066001185
2026-01-10 00:00:00+00:00,9548.967066001185
2026-01-10 01:00:00+00:00,9548.967066001185
2026-01-10 02:00:00+00:00,9548.967066001185
2026-01-10 03:00:00+00:00,9548.967066001185
2026-01-10 04:00:00+00:00,9548.967066001185
2026-01-10 05:00:00+00:00,9548.967066001185
2026-01-10 06:00:00+00:00,9548.967066001185
2026-01-10 07:00:00+00:00,9548.967066001185
2026-01-10 08:00:00+00:00,9548.967066001185
2026-01-10 09:00:00+00:00,9548.967066001185
2026-01-10 10:00:00+00:00,9548.967066001185
2026-01-10 11:00:00+00:00,9548.967066001185
2026-01-10 12:00:00+00:00,9548.967066001185
2026-01-10 13:00:00+00:00,9548.967066001185
2026-01-10 14:00:00+00:00,9548.967066001185
2026-01-10 15:00:00+00:00,9548.967066001185
2026-01-10 16:00:00+00:00,9548.967066001185
2026-01-10 17:00:00+00:00,9548.967066001185
2026-01-10 18:00:00+00:00,9548.967066001185
2026-01-10 19:00:00+00:00,9548.967066001185
2026-01-10 20:00:00+00:00,9548.967066001185
2026-01-10 21:00:00+00:00,9548.967066001185
2026-01-10 22:00:00+00:00,9548.967066001185
2026-01-10 23:00:00+00:00,9548.967066001185
2026-01-11 00:00:00+00:00,9548.967066001185
2026-01-11 01:00:00+00:00,9548.967066001185
2026-01-11 02:00:00+00:00,9548.967066001185
2026-01-11 03:00:00+00:00,9548.967066001185
2026-01-11 04:00:00+00:00,9548.967066001185
2026-01-11 05:00:00+00:00,9548.967066001185
2026-01-11 06:00:00+00:00,9548.967066001185
2026-01-11 07:00:00+00:00,9548.967066001185
2026-01-11 08:00:00+00:00,9548.967066001185
2026-01-11 09:00:00+00:00,9548.967066001185
2026-01-11 10:00:00+00:00,9548.967066001185
2026-01-11 11:00:00+00:00,9548.967066001185
2026-01-11 12:00:00+00:00,9548.967066001185
2026-01-11 13:00:00+00:00,9548.967066001185
2026-01-11 14:00:00+00:00,9548.967066001185
2026-01-11 15:00:00+00:00,9548.967066001185
2026-01-11 16:00:00+00:00,9548.967066001185
2026-01-11 17:00:00+00:00,9548.967066001185
2026-01-11 18:00:00+00:00,9548.967066001185
2026-01-11 19:00:00+00:00,9548.967066001185
2026-01-11 20:00:00+00:00,9548.967066001185
2026-01-11 21:00:00+00:00,9548.967066001185
2026-01-11 22:00:00+00:00,9548.967066001185
2026-01-11 23:00:00+00:00,9548.967066001185
2026-01-12 00:00:00+00:00,9548.967066001185
2026-01-12 01:00:00+00:00,9548.967066001185
2026-01-12 02:00:00+00:00,9548.967066001185
2026-01-12 03:00:00+00:00,9548.967066001185
2026-01-12 04:00:00+00:00,9548.967066001185
2026-01-12 05:00:00+00:00,9548.967066001185
2026-01-12 06:00:00+00:00,9548.967066001185
2026-01-12 07:00:00+00:00,9548.967066001185
2026-01-12 08:00:00+00:00,9548.967066001185
2026-01-12 09:00:00+00:00,9548.967066001185
2026-01-12 10:00:00+00:00,9548.967066001185
2026-01-12 11:00:00+00:00,9548.967066001185
2026-01-12 12:00:00+00:00,9548.967066001185
2026-01-12 13:00:00+00:00,9548.967066001185
2026-01-12 14:00:00+00:00,9548.967066001185
2026-01-12 15:00:00+00:00,9548.967066001185
2026-01-12 16:00:00+00:00,9548.967066001185
2026-01-12 17:00:00+00:00,9548.967066001185
2026-01-12 18:00:00+00:00,9548.967066001185
2026-01-12 19:00:00+00:00,9548.967066001185
2026-01-12 20:00:00+00:00,9548.967066001185
2026-01-12 21:00:00+00:00,9548.967066001185
2026-01-12 22:00:00+00:00,9548.967066001185
2026-01-12 23:00:00+00:00,9548.967066001185
2026-01-13 00:00:00+00:00,9548.967066001185
2026-01-13 01:00:00+00:00,9548.967066001185
2026-01-13 02:00:00+00:00,9548.967066001185
2026-01-13 03:00:00+00:00,9548.967066001185
2026-01-13 04:00:00+00:00,9548.967066001185
2026-01-13 05:00:00+00:00,9548.967066001185
2026-01-13 06:00:00+00:00,9548.967066001185
2026-01-13 07:00:00+00:00,9548.967066001185
2026-01-13 08:00:00+00:00,9548.967066001185
2026-01-13 09:00:00+00:00,9548.967066001185
2026-01-13 10:00:00+00:00,9548.967066001185
2026-01-13 11:00:00+00:00,9548.967066001185
2026-01-13 12:00:00+00:00,9548.967066001185
2026-01-13 13:00:00+00:00,9548.967066001185
2026-01-13 14:00:00+00:00,9548.967066001185
2026-01-13 15:00:00+00:00,9548.967066001185
2026-01-13 16:00:00+00:00,9548.967066001185
2026-01-13 17:00:00+00:00,9548.967066001185
2026-01-13 18:00:00+00:00,9548.967066001185
2026-01-13 19:00:00+00:00,9548.967066001185
2026-01-13 20:00:00+00:00,9548.967066001185
2026-01-13 21:00:00+00:00,9556.056077057685
2026-01-13 22:00:00+00:00,9532.236077057683
2026-01-13 23:00:00+00:00,9658.851077057683
2026-01-14 00:00:00+00:00,9633.598577057684
2026-01-14 01:00:00+00:00,9619.273877155452
2026-01-14 02:00:00+00:00,9618.936377155453
2026-01-14 03:00:00+00:00,9627.156377155452
2026-01-14 04:00:00+00:00,9653.706377155453
2026-01-14 05:00:00+00:00,9618.403877155453
2026-01-14 06:00:00+00:00,9602.008877155453
2026-01-14 07:00:00+00:00,9603.456377155453
2026-01-14 08:00:00+00:00,9616.843877155452
2026-01-14 09:00:00+00:00,9593.285030905452
2026-01-14 10:00:00+00:00,9607.175030905453
2026-01-14 11:00:00+00:00,9607.175030905453
2026-01-14 12:00:00+00:00,9586.017530905452
2026-01-14 13:00:00+00:00,9605.960030905451
2026-01-14 14:00:00+00:00,9600.035030905452
2026-01-14 15:00:00+00:00,9710.892530905452
2026-01-14 16:00:00+00:00,9729.815030905453
2026-01-14 17:00:00+00:00,9769.919917438485
2026-01-14 18:00:00+00:00,9744.434917438484
2026-01-14 19:00:00+00:00,9734.549917438484
2026-01-14 20:00:00+00:00,9768.269917438485
2026-01-14 21:00:00+00:00,9805.707520549406
2026-01-14 22:00:00+00:00,9805.707520549406
2026-01-14 23:00:00+00:00,9805.707520549406
2026-01-15 00:00:00+00:00,9805.707520549406
2026-01-15 01:00:00+00:00,9805.707520549406
2026-01-15 02:00:00+00:00,9805.707520549406
2026-01-15 03:00:00+00:00,9805.707520549406
2026-01-15 04:00:00+00:00,9805.707520549406
2026-01-15 05:00:00+00:00,9805.707520549406
2026-01-15 06:00:00+00:00,9805.707520549406
2026-01-15 07:00:00+00:00,9805.707520549406
2026-01-15 08:00:00+00:00,9805.707520549406
2026-01-15 09:00:00+00:00,9805.707520549406
2026-01-15 10:00:00+00:00,9805.707520549406
2026-01-15 11:00:00+00:00,9805.707520549406
2026-01-15 12:00:00+00:00,9805.707520549406
2026-01-15 13:00:00+00:00,9805.707520549406
2026-01-15 14:00:00+00:00,9805.707520549406
2026-01-15 15:00:00+00:00,9805.707520549406
2026-01-15 16:00:00+00:00,9805.707520549406
2026-01-15 17:00:00+00:00,9805.707520549406
2026-01-15 18:00:00+00:00,9805.707520549406
2026-01-15 19:00:00+00:00,9805.707520549406
2026-01-15 20:00:00+00:00,9805.707520549406
2026-01-15 21:00:00+00:00,9805.707520549406
2026-01-15 22:00:00+00:00,9805.707520549406
2026-01-15 23:00:00+00:00,9805.707520549406
2026-01-16 00:00:00+00:00,9805.707520549406
2026-01-16 01:00:00+00:00,9805.707520549406
2026-01-16 02:00:00+00:00,9805.707520549406
2026-01-16 03:00:00+00:00,9805.707520549406
2026-01-16 04:00:00+00:00,9805.707520549406
2026-01-16 05:00:00+00:00,9805.707520549406
2026-01-16 06:00:00+00:00,9805.707520549406
2026-01-16 07:00:00+00:00,9805.707520549406
2026-01-16 08:00:00+00:00,9805.707520549406
2026-01-16 09:00:00+00:00,9805.707520549406
2026-01-16 10:00:00+00:00,9805.707520549406
2026-01-16 11:00:00+00:00,9805.707520549406
2026-01-16 12:00:00+00:00,9805.707520549406
2026-01-16 13:00:00+00:00,9805.707520549406
2026-01-16 14:00:00+00:00,9805.707520549406
2026-01-16 15:00:00+00:00,9805.707520549406
2026-01-16 16:00:00+00:00,9805.707520549406
2026-01-16 17:00:00+00:00,9805.707520549406
2026-01-16 18:00:00+00:00,9805.707520549406
2026-01-16 19:00:00+00:00,9805.707520549406
2026-01-16 20:00:00+00:00,9805.707520549406
2026-01-16 21:00:00+00:00,9805.707520549406
2026-01-16 22:00:00+00:00,9805.707520549406
2026-01-16 23:00:00+00:00,9805.707520549406
2026-01-17 00:00:00+00:00,9805.707520549406
2026-01-17 01:00:00+00:00,9805.707520549406
2026-01-17 02:00:00+00:00,9805.707520549406
2026-01-17 03:00:00+00:00,9805.707520549406
2026-01-17 04:00:00+00:00,9805.707520549406
2026-01-17 05:00:00+00:00,9805.707520549406
2026-01-17 06:00:00+00:00,9805.707520549406
2026-01-17 07:00:00+00:00,9805.707520549406
2026-01-17 08:00:00+00:00,9805.707520549406
2026-01-17 09:00:00+00:00,9805.707520549406
2026-01-17 10:00:00+00:00,9805.707520549406
2026-01-17 11:00:00+00:00,9805.707520549406
2026-01-17 12:00:00+00:00,9805.707520549406
2026-01-17 13:00:00+00:00,9805.707520549406
2026-01-17 14:00:00+00:00,9805.707520549406
2026-01-17 15:00:00+00:00,9805.707520549406
2026-01-17 16:00:00+00:00,9805.707520549406
2026-01-17 17:00:00+00:00,9805.707520549406
2026-01-17 18:00:00+00:00,9805.707520549406
2026-01-17 19:00:00+00:00,9805.707520549406
2026-01-17 20:00:00+00:00,9805.707520549406
2026-01-17 21:00:00+00:00,9805.707520549406
2026-01-17 22:00:00+00:00,9805.707520549406
2026-01-17 23:00:00+00:00,9805.707520549406
2026-01-18 00:00:00+00:00,9805.707520549406
2026-01-18 01:00:00+00:00,9805.707520549406
2026-01-18 02:00:00+00:00,9805.707520549406
2026-01-18 03:00:00+00:00,9805.707520549406
2026-01-18 04:00:00+00:00,9805.707520549406
2026-01-18 05:00:00+00:00,9805.707520549406
2026-01-18 06:00:00+00:00,9805.707520549406
2026-01-18 07:00:00+00:00,9805.707520549406
2026-01-18 08:00:00+00:00,9805.707520549406
2026-01-18 09:00:00+00:00,9805.707520549406
2026-01-18 10:00:00+00:00,9805.707520549406
2026-01-18 11:00:00+00:00,9805.707520549406
2026-01-18 12:00:00+00:00,9805.707520549406
2026-01-18 13:00:00+00:00,9805.707520549406
2026-01-18 14:00:00+00:00,9805.707520549406
2026-01-18 15:00:00+00:00,9805.707520549406
2026-01-18 16:00:00+00:00,9805.707520549406
2026-01-18 17:00:00+00:00,9805.707520549406
2026-01-18 18:00:00+00:00,9805.707520549406
2026-01-18 19:00:00+00:00,9805.707520549406
2026-01-18 20:00:00+00:00,9805.707520549406
2026-01-18 21:00:00+00:00,9805.707520549406
2026-01-18 22:00:00+00:00,9805.707520549406
2026-01-18 23:00:00+00:00,9805.707520549406
2026-01-19 00:00:00+00:00,9805.707520549406
2026-01-19 01:00:00+00:00,9805.707520549406
2026-01-19 02:00:00+00:00,9805.707520549406
2026-01-19 03:00:00+00:00,9805.707520549406
2026-01-19 04:00:00+00:00,9805.707520549406
2026-01-19 05:00:00+00:00,9805.707520549406
2026-01-19 06:00:00+00:00,9805.707520549406
2026-01-19 07:00:00+00:00,9805.707520549406
2026-01-19 08:00:00+00:00,9805.707520549406
2026-01-19 09:00:00+00:00,9805.707520549406
2026-01-19 10:00:00+00:00,9805.707520549406
2026-01-19 11:00:00+00:00,9805.707520549406
2026-01-19 12:00:00+00:00,9805.707520549406
2026-01-19 13:00:00+00:00,9805.707520549406
2026-01-19 14:00:00+00:00,9805.707520549406
2026-01-19 15:00:00+00:00,9805.707520549406
2026-01-19 16:00:00+00:00,9805.707520549406
2026-01-19 17:00:00+00:00,9805.707520549406
2026-01-19 18:00:00+00:00,9805.707520549406
2026-01-19 19:00:00+00:00,9805.707520549406
2026-01-19 20:00:00+00:00,9805.707520549406
2026-01-19 21:00:00+00:00,9805.707520549406
2026-01-19 22:00:00+00:00,9805.707520549406
2026-01-19 23:00:00+00:00,9805.707520549406
2026-01-20 00:00:00+00:00,9805.707520549406
2026-01-20 01:00:00+00:00,9805.707520549406
2026-01-20 02:00:00+00:00,9805.707520549406
2026-01-20 03:00:00+00:00,9805.707520549406
2026-01-20 04:00:00+00:00,9805.707520549406
2026-01-20 05:00:00+00:00,9805.707520549406
2026-01-20 06:00:00+00:00,9805.707520549406
2026-01-20 07:00:00+00:00,9805.707520549406
2026-01-20 08:00:00+00:00,9774.034563111405
2026-01-20 09:00:00+00:00,9781.079097130867
2026-01-20 10:00:00+00:00,9788.704597130867
2026-01-20 11:00:00+00:00,9766.504797130867
2026-01-20 12:00:00+00:00,9769.837797130867
2026-01-20 13:00:00+00:00,9763.989897130867
2026-01-20 14:00:00+00:00,9796.047297130866
2026-01-20 15:00:00+00:00,9839.103597130867
2026-01-20 16:00:00+00:00,9824.700997130867
2026-01-20 17:00:00+00:00,9877.082809802547
2026-01-20 18:00:00+00:00,9916.351609802547
2026-01-20 19:00:00+00:00,9944.156909802547
2026-01-20 20:00:00+00:00,9921.936909802547
2026-01-20 21:00:00+00:00,9920.724909802548
2026-01-20 22:00:00+00:00,9946.399109802547
2026-01-20 23:00:00+00:00,10065.178723185674
2026-01-21 00:00:00+00:00,10063.98807807033
2026-01-21 01:00:00+00:00,10027.52570199478
2026-01-21 02:00:00+00:00,10021.36150199478
2026-01-21 03:00:00+00:00,10018.69010199478
2026-01-21 04:00:00+00:00,9991.02150199478
2026-01-21 05:00:00+00:00,9990.14090199478
2026-01-21 06:00:00+00:00,9962.501417963542
2026-01-21 07:00:00+00:00,9962.501417963542
2026-01-21 08:00:00+00:00,9962.501417963542
2026-01-21 09:00:00+00:00,9962.501417963542
2026-01-21 10:00:00+00:00,9962.501417963542
2026-01-21 11:00:00+00:00,9962.501417963542
2026-01-21 12:00:00+00:00,9962.501417963542
2026-01-21 13:00:00+00:00,9962.501417963542
2026-01-21 14:00:00+00:00,9962.501417963542
2026-01-21 15:00:00+00:00,9962.501417963542
2026-01-21 16:00:00+00:00,9962.501417963542
2026-01-21 17:00:00+00:00,9962.501417963542
2026-01-21 18:00:00+00:00,9938.154490738101
2026-01-21 19:00:00+00:00,9905.112490738102
2026-01-21 20:00:00+00:00,9837.240490183523
2026-01-21 21:00:00+00:00,9837.240490183523
2026-01-21 22:00:00+00:00,9837.240490183523
2026-01-21 23:00:00+00:00,9837.240490183523
2026-01-22 00:00:00+00:00,9837.240490183523
2026-01-22 01:00:00+00:00,9837.240490183523
2026-01-22 02:00:00+00:00,9837.240490183523
2026-01-22 03:00:00+00:00,9837.240490183523
2026-01-22 04:00:00+00:00,9837.240490183523
2026-01-22 05:00:00+00:00,9837.240490183523
2026-01-22 06:00:00+00:00,9837.240490183523
2026-01-22 07:00:00+00:00,9837.240490183523
2026-01-22 08:00:00+00:00,9837.240490183523
2026-01-22 09:00:00+00:00,9837.240490183523
2026-01-22 10:00:00+00:00,9837.240490183523
2026-01-22 11:00:00+00:00,9837.240490183523
2026-01-22 12:00:00+00:00,9837.240490183523
2026-01-22 13:00:00+00:00,9837.240490183523
2026-01-22 14:00:00+00:00,9837.240490183523
2026-01-22 15:00:00+00:00,9837.240490183523
2026-01-22 16:00:00+00:00,9837.240490183523
2026-01-22 17:00:00+00:00,9837.240490183523
2026-01-22 18:00:00+00:00,9837.240490183523
2026-01-22 19:00:00+00:00,9837.240490183523
2026-01-22 20:00:00+00:00,9837.240490183523
2026-01-22 21:00:00+00:00,9837.240490183523
2026-01-22 22:00:00+00:00,9837.240490183523
2026-01-22 23:00:00+00:00,9837.240490183523
2026-01-23 00:00:00+00:00,9837.240490183523
2026-01-23 01:00:00+00:00,9837.240490183523
2026-01-23 02:00:00+00:00,9837.240490183523
2026-01-23 03:00:00+00:00,9837.240490183523
2026-01-23 04:00:00+00:00,9837.240490183523
2026-01-23 05:00:00+00:00,9837.240490183523
2026-01-23 06:00:00+00:00,9837.240490183523
2026-01-23 07:00:00+00:00,9837.240490183523
2026-01-23 08:00:00+00:00,9837.240490183523
2026-01-23 09:00:00+00:00,9837.240490183523
2026-01-23 10:00:00+00:00,9837.240490183523
2026-01-23 11:00:00+00:00,9837.240490183523
2026-01-23 12:00:00+00:00,9837.240490183523
2026-01-23 13:00:00+00:00,9837.240490183523
2026-01-23 14:00:00+00:00,9837.240490183523
2026-01-23 15:00:00+00:00,9837.240490183523
2026-01-23 16:00:00+00:00,9837.240490183523
2026-01-23 17:00:00+00:00,9837.240490183523
2026-01-23 18:00:00+00:00,9837.240490183523
2026-01-23 19:00:00+00:00,9837.240490183523
2026-01-23 20:00:00+00:00,9837.240490183523
2026-01-23 21:00:00+00:00,9837.240490183523
2026-01-23 22:00:00+00:00,9837.240490183523
2026-01-23 23:00:00+00:00,9837.240490183523
2026-01-24 00:00:00+00:00,9837.240490183523
2026-01-24 01:00:00+00:00,9837.240490183523
2026-01-24 02:00:00+00:00,9837.240490183523
2026-01-24 03:00:00+00:00,9837.240490183523
2026-01-24 04:00:00+00:00,9837.240490183523
2026-01-24 05:00:00+00:00,9837.240490183523
2026-01-24 06:00:00+00:00,9837.240490183523
2026-01-24 07:00:00+00:00,9837.240490183523
2026-01-24 08:00:00+00:00,9837.240490183523
2026-01-24 09:00:00+00:00,9837.240490183523
2026-01-24 10:00:00+00:00,9837.240490183523
2026-01-24 11:00:00+00:00,9837.240490183523
2026-01-24 12:00:00+00:00,9837.240490183523
2026-01-24 13:00:00+00:00,9837.240490183523
2026-01-24 14:00:00+00:00,9837.240490183523
2026-01-24 15:00:00+00:00,9837.240490183523
2026-01-24 16:00:00+00:00,9837.240490183523
2026-01-24 17:00:00+00:00,9837.240490183523
2026-01-24 18:00:00+00:00,9837.240490183523
2026-01-24 19:00:00+00:00,9837.240490183523
2026-01-24 20:00:00+00:00,9837.240490183523
2026-01-24 21:00:00+00:00,9837.240490183523
2026-01-24 22:00:00+00:00,9837.240490183523
2026-01-24 23:00:00+00:00,9837.240490183523
2026-01-25 00:00:00+00:00,9837.240490183523
2026-01-25 01:00:00+00:00,9837.240490183523
2026-01-25 02:00:00+00:00,9837.240490183523
2026-01-25 03:00:00+00:00,9837.240490183523
2026-01-25 04:00:00+00:00,9837.240490183523
2026-01-25 05:00:00+00:00,9837.240490183523
2026-01-25 06:00:00+00:00,9837.240490183523
2026-01-25 07:00:00+00:00,9837.240490183523
2026-01-25 08:00:00+00:00,9837.240490183523
2026-01-25 09:00:00+00:00,9837.240490183523
2026-01-25 10:00:00+00:00,9837.240490183523
2026-01-25 11:00:00+00:00,9837.240490183523
2026-01-25 12:00:00+00:00,9837.240490183523
2026-01-25 13:00:00+00:00,9837.240490183523
2026-01-25 14:00:00+00:00,9837.240490183523
2026-01-25 15:00:00+00:00,9837.240490183523
2026-01-25 16:00:00+00:00,9837.240490183523
2026-01-25 17:00:00+00:00,9837.240490183523
2026-01-25 18:00:00+00:00,9837.240490183523
2026-01-25 19:00:00+00:00,9837.240490183523
2026-01-25 20:00:00+00:00,9837.240490183523
2026-01-25 21:00:00+00:00,9813.450205551724
2026-01-25 22:00:00+00:00,9822.010205551724
2026-01-25 23:00:00+00:00,9826.040205551722
2026-01-26 00:00:00+00:00,9813.060205551725
2026-01-26 01:00:00+00:00,9795.672521015022
2026-01-26 02:00:00+00:00,9724.307916386304
2026-01-26 03:00:00+00:00,9724.307916386304
2026-01-26 04:00:00+00:00,9724.307916386304
2026-01-26 05:00:00+00:00,9724.307916386304
2026-01-26 06:00:00+00:00,9724.307916386304
2026-01-26 07:00:00+00:00,9724.307916386304
2026-01-26 08:00:00+00:00,9724.307916386304
2026-01-26 09:00:00+00:00,9724.307916386304
2026-01-26 10:00:00+00:00,9724.307916386304
2026-01-26 11:00:00+00:00,9724.307916386304
2026-01-26 12:00:00+00:00,9724.307916386304
2026-01-26 13:00:00+00:00,9724.307916386304
2026-01-26 14:00:00+00:00,9724.307916386304
2026-01-26 15:00:00+00:00,9724.307916386304
2026-01-26 16:00:00+00:00,9724.307916386304
2026-01-26 17:00:00+00:00,9724.307916386304
2026-01-26 18:00:00+00:00,9724.307916386304
2026-01-26 19:00:00+00:00,9724.307916386304
2026-01-26 20:00:00+00:00,9724.307916386304
2026-01-26 21:00:00+00:00,9724.307916386304
2026-01-26 22:00:00+00:00,9724.307916386304
2026-01-26 23:00:00+00:00,9724.307916386304
2026-01-27 00:00:00+00:00,9724.307916386304
2026-01-27 01:00:00+00:00,9724.307916386304
2026-01-27 02:00:00+00:00,9724.307916386304
2026-01-27 03:00:00+00:00,9724.307916386304
2026-01-27 04:00:00+00:00,9724.307916386304
2026-01-27 05:00:00+00:00,9724.307916386304
2026-01-27 06:00:00+00:00,9724.307916386304
2026-01-27 07:00:00+00:00,9724.307916386304
2026-01-27 08:00:00+00:00,9724.307916386304
2026-01-27 09:00:00+00:00,9724.307916386304
2026-01-27 10:00:00+00:00,9724.307916386304
2026-01-27 11:00:00+00:00,9724.307916386304
2026-01-27 12:00:00+00:00,9724.307916386304
2026-01-27 13:00:00+00:00,9724.307916386304
2026-01-27 14:00:00+00:00,9724.307916386304
2026-01-27 15:00:00+00:00,9724.307916386304
2026-01-27 16:00:00+00:00,9724.307916386304
2026-01-27 17:00:00+00:00,9724.307916386304
2026-01-27 18:00:00+00:00,9724.307916386304
2026-01-27 19:00:00+00:00,9724.307916386304
2026-01-27 20:00:00+00:00,9724.307916386304
2026-01-27 21:00:00+00:00,9724.307916386304
2026-01-27 22:00:00+00:00,9724.307916386304
2026-01-27 23:00:00+00:00,9724.307916386304
2026-01-28 00:00:00+00:00,9724.307916386304
2026-01-28 01:00:00+00:00,9724.307916386304
2026-01-28 02:00:00+00:00,9724.307916386304
2026-01-28 03:00:00+00:00,9724.307916386304
2026-01-28 04:00:00+00:00,9724.307916386304
2026-01-28 05:00:00+00:00,9724.307916386304
2026-01-28 06:00:00+00:00,9724.307916386304
2026-01-28 07:00:00+00:00,9724.307916386304
2026-01-28 08:00:00+00:00,9724.307916386304
2026-01-28 09:00:00+00:00,9724.307916386304
2026-01-28 10:00:00+00:00,9724.307916386304
2026-01-28 11:00:00+00:00,9724.307916386304
2026-01-28 12:00:00+00:00,9724.307916386304
2026-01-28 13:00:00+00:00,9724.307916386304
2026-01-28 14:00:00+00:00,9724.307916386304
2026-01-28 15:00:00+00:00,9724.307916386304
2026-01-28 16:00:00+00:00,9724.307916386304
2026-01-28 17:00:00+00:00,9724.307916386304
2026-01-28 18:00:00+00:00,9724.307916386304
2026-01-28 19:00:00+00:00,9724.307916386304
2026-01-28 20:00:00+00:00,9724.307916386304
2026-01-28 21:00:00+00:00,9724.307916386304
2026-01-28 22:00:00+00:00,9724.307916386304
2026-01-28 23:00:00+00:00,9724.307916386304
2026-01-29 00:00:00+00:00,9724.307916386304
2026-01-29 01:00:00+00:00,9724.307916386304
2026-01-29 02:00:00+00:00,9724.307916386304
2026-01-29 03:00:00+00:00,9724.307916386304
2026-01-29 04:00:00+00:00,9724.307916386304
2026-01-29 05:00:00+00:00,9724.307916386304
2026-01-29 06:00:00+00:00,9724.307916386304
2026-01-29 07:00:00+00:00,9724.307916386304
2026-01-29 08:00:00+00:00,9724.307916386304
2026-01-29 09:00:00+00:00,9724.307916386304
2026-01-29 10:00:00+00:00,9724.307916386304
2026-01-29 11:00:00+00:00,9724.307916386304
2026-01-29 12:00:00+00:00,9724.307916386304
2026-01-29 13:00:00+00:00,9724.307916386304
2026-01-29 14:00:00+00:00,9724.307916386304
2026-01-29 15:00:00+00:00,9724.307916386304
2026-01-29 16:00:00+00:00,9724.307916386304
2026-01-29 17:00:00+00:00,9695.041191645205
2026-01-29 18:00:00+00:00,9766.315191645204
2026-01-29 19:00:00+00:00,9821.692191645205
2026-01-29 20:00:00+00:00,9784.298191645204
2026-01-29 21:00:00+00:00,9769.822191645206
2026-01-29 22:00:00+00:00,9748.143191645204
2026-01-29 23:00:00+00:00,9745.420191645206
2026-01-30 00:00:00+00:00,9739.799191645205
2026-01-30 01:00:00+00:00,9771.883425347236
2026-01-30 02:00:00+00:00,9990.06827399882
2026-01-30 03:00:00+00:00,10002.479118130232
2026-01-30 04:00:00+00:00,9975.009318130233
2026-01-30 05:00:00+00:00,9961.007118130232
2026-01-30 06:00:00+00:00,9962.573118130233
2026-01-30 07:00:00+00:00,9979.091718130232
2026-01-30 08:00:00+00:00,9968.334918130233
2026-01-30 09:00:00+00:00,9975.263658415071
2026-01-30 10:00:00+00:00,9992.090058415071
2026-01-30 11:00:00+00:00,9966.834258415072
2026-01-30 12:00:00+00:00,9949.613658415072
2026-01-30 13:00:00+00:00,9968.934858415072
2026-01-30 14:00:00+00:00,9971.219058415072
2026-01-30 15:00:00+00:00,9951.482058415073
2026-01-30 16:00:00+00:00,9962.589858415073
2026-01-30 17:00:00+00:00,9948.645713577094
2026-01-30 18:00:00+00:00,9960.023513577094
2026-01-30 19:00:00+00:00,9900.558066434603
2026-01-30 20:00:00+00:00,9900.558066434603
2026-01-30 21:00:00+00:00,9900.558066434603
2026-01-30 22:00:00+00:00,9900.558066434603
2026-01-30 23:00:00+00:00,9900.558066434603
2026-01-31 00:00:00+00:00,9900.558066434603
2026-01-31 01:00:00+00:00,9900.558066434603
2026-01-31 02:00:00+00:00,9900.558066434603
2026-01-31 03:00:00+00:00,9900.558066434603
2026-01-31 04:00:00+00:00,9900.558066434603
2026-01-31 05:00:00+00:00,9900.558066434603
2026-01-31 06:00:00+00:00,9900.558066434603
2026-01-31 07:00:00+00:00,9900.558066434603
2026-01-31 08:00:00+00:00,9900.558066434603
2026-01-31 09:00:00+00:00,9900.558066434603
2026-01-31 10:00:00+00:00,9900.558066434603
2026-01-31 11:00:00+00:00,9900.558066434603
2026-01-31 12:00:00+00:00,9900.558066434603
2026-01-31 13:00:00+00:00,9900.558066434603
2026-01-31 14:00:00+00:00,9900.558066434603
2026-01-31 15:00:00+00:00,9900.558066434603
2026-01-31 16:00:00+00:00,9900.558066434603
2026-01-31 17:00:00+00:00,9900.558066434603
2026-01-31 18:00:00+00:00,9985.41105359354
2026-01-31 19:00:00+00:00,10036.38265359354
2026-01-31 20:00:00+00:00,10054.80465359354
2026-01-31 21:00:00+00:00,10039.99995359354
2026-01-31 22:00:00+00:00,10021.51085359354
2026-01-31 23:00:00+00:00,10030.30095359354
2026-02-01 00:00:00+00:00,9994.579353593539
2026-02-01 01:00:00+00:00,9985.598515338745
2026-02-01 02:00:00+00:00,10006.930215338743
2026-02-01 03:00:00+00:00,9985.336215338744
2026-02-01 04:00:00+00:00,9987.080815338744
2026-02-01 05:00:00+00:00,9980.541615338745
2026-02-01 06:00:00+00:00,10002.227115338745
2026-02-01 07:00:00+00:00,10021.314015338745
2026-02-01 08:00:00+00:00,10017.971215338745
2026-02-01 09:00:00+00:00,10002.592230507631
2026-02-01 10:00:00+00:00,9976.30733050763
2026-02-01 11:00:00+00:00,10022.16103050763
2026-02-01 12:00:00+00:00,9993.57643050763
2026-02-01 13:00:00+00:00,10011.48603050763
2026-02-01 14:00:00+00:00,10019.61733050763
2026-02-01 15:00:00+00:00,10026.16263050763
2026-02-01 16:00:00+00:00,10063.98873050763
2026-02-01 17:00:00+00:00,10070.163409593912
2026-02-01 18:00:00+00:00,10054.437609593911
2026-02-01 19:00:00+00:00,10037.92490959391
2026-02-01 20:00:00+00:00,10089.77490959391
2026-02-01 21:00:00+00:00,10093.874109593911
2026-02-01 22:00:00+00:00,10129.16260959391
2026-02-01 23:00:00+00:00,10084.937609593911
2026-02-02 00:00:00+00:00,10101.724809593912
2026-02-02 01:00:00+00:00,10059.76026322353
2026-02-02 02:00:00+00:00,10069.19696322353
2026-02-02 03:00:00+00:00,10131.87446322353
2026-02-02 04:00:00+00:00,10178.181121554038
2026-02-02 05:00:00+00:00,10178.181121554038
2026-02-02 06:00:00+00:00,10178.181121554038
2026-02-02 07:00:00+00:00,10178.181121554038
2026-02-02 08:00:00+00:00,10178.181121554038
2026-02-02 09:00:00+00:00,10178.181121554038
2026-02-02 10:00:00+00:00,10178.181121554038
2026-02-02 11:00:00+00:00,10178.181121554038
2026-02-02 12:00:00+00:00,10178.181121554038
2026-02-02 13:00:00+00:00,10178.181121554038
2026-02-02 14:00:00+00:00,10178.181121554038
2026-02-02 15:00:00+00:00,10178.181121554038
2026-02-02 16:00:00+00:00,10178.181121554038
2026-02-02 17:00:00+00:00,10178.181121554038
2026-02-02 18:00:00+00:00,10178.181121554038
2026-02-02 19:00:00+00:00,10178.181121554038
2026-02-02 20:00:00+00:00,10178.181121554038
2026-02-02 21:00:00+00:00,10178.181121554038
2026-02-02 22:00:00+00:00,10178.181121554038
2026-02-02 23:00:00+00:00,10178.181121554038
2026-02-03 00:00:00+00:00,10178.181121554038
2026-02-03 01:00:00+00:00,10178.181121554038
2026-02-03 02:00:00+00:00,10178.181121554038
2026-02-03 03:00:00+00:00,10178.181121554038
2026-02-03 04:00:00+00:00,10178.181121554038
2026-02-03 05:00:00+00:00,10178.181121554038
2026-02-03 06:00:00+00:00,10178.181121554038
2026-02-03 07:00:00+00:00,10178.181121554038
2026-02-03 08:00:00+00:00,10178.181121554038
2026-02-03 09:00:00+00:00,10178.181121554038
2026-02-03 10:00:00+00:00,10178.181121554038
2026-02-03 11:00:00+00:00,10178.181121554038
2026-02-03 12:00:00+00:00,10178.181121554038
2026-02-03 13:00:00+00:00,10178.181121554038
2026-02-03 14:00:00+00:00,10178.181121554038
2026-02-03 15:00:00+00:00,10178.181121554038
2026-02-03 16:00:00+00:00,10178.181121554038
2026-02-03 17:00:00+00:00,10178.181121554038
2026-02-03 18:00:00+00:00,10178.181121554038
2026-02-03 19:00:00+00:00,10178.181121554038
2026-02-03 20:00:00+00:00,10085.901366136737
2026-02-03 21:00:00+00:00,10009.241366136737
2026-02-03 22:00:00+00:00,10020.956366136737
2026-02-03 23:00:00+00:00,10047.001366136737
2026-02-04 00:00:00+00:00,10043.681366136738
2026-02-04 01:00:00+00:00,10036.83555282521
2026-02-04 02:00:00+00:00,10011.425552825209
2026-02-04 03:00:00+00:00,10034.69555282521
2026-02-04 04:00:00+00:00,9997.73555282521
2026-02-04 05:00:00+00:00,10008.425552825209
2026-02-04 06:00:00+00:00,10018.03055282521
2026-02-04 07:00:00+00:00,10000.19055282521
2026-02-04 08:00:00+00:00,10006.85055282521
2026-02-04 09:00:00+00:00,10003.882464225097
2026-02-04 10:00:00+00:00,10026.907464225098
2026-02-04 11:00:00+00:00,10017.902464225097
2026-02-04 12:00:00+00:00,10031.682464225098
2026-02-04 13:00:00+00:00,10023.967464225098
2026-02-04 14:00:00+00:00,10089.717464225098
2026-02-04 15:00:00+00:00,10114.972464225097
2026-02-04 16:00:00+00:00,10126.087464225098
2026-02-04 17:00:00+00:00,10150.787453712557
2026-02-04 18:00:00+00:00,10203.962453712556
2026-02-04 19:00:00+00:00,10161.467453712557
2026-02-04 20:00:00+00:00,10136.907453712556
2026-02-04 21:00:00+00:00,10157.252453712557
2026-02-04 22:00:00+00:00,10193.057453712558
2026-02-04 23:00:00+00:00,10206.002453712557
2026-02-05 00:00:00+00:00,10174.877453712557
2026-02-05 01:00:00+00:00,10189.766871285741
2026-02-05 02:00:00+00:00,10212.61687128574
2026-02-05 03:00:00+00:00,10260.44687128574
2026-02-05 04:00:00+00:00,10271.95687128574
2026-02-05 05:00:00+00:00,10289.52187128574
2026-02-05 06:00:00+00:00,10296.81687128574
2026-02-05 07:00:00+00:00,10286.20187128574
2026-02-05 08:00:00+00:00,10295.84687128574
2026-02-05 09:00:00+00:00,10280.378512360785
2026-02-05 10:00:00+00:00,10255.103512360785
2026-02-05 11:00:00+00:00,10290.508512360784
2026-02-05 12:00:00+00:00,10317.223512360784
2026-02-05 13:00:00+00:00,10354.908512360786
2026-02-05 14:00:00+00:00,10349.203512360784
2026-02-05 15:00:00+00:00,10363.453512360784
2026-02-05 16:00:00+00:00,10466.451812606008
2026-02-05 17:00:00+00:00,10429.89086687715
2026-02-05 18:00:00+00:00,10518.523466877148
2026-02-05 19:00:00+00:00,10512.261266877149
2026-02-05 20:00:00+00:00,10556.97026687715
2026-02-05 21:00:00+00:00,10619.60066687715
2026-02-05 22:00:00+00:00,10642.671266877149
2026-02-05 23:00:00+00:00,10614.090266877149
2026-02-06 00:00:00+00:00,10656.384266877149
2026-02-06 01:00:00+00:00,10764.267791314465
2026-02-06 02:00:00+00:00,10764.267791314465
2026-02-06 03:00:00+00:00,10764.267791314465
2026-02-06 04:00:00+00:00,10764.267791314465
2026-02-06 05:00:00+00:00,10764.267791314465
2026-02-06 06:00:00+00:00,10764.267791314465
2026-02-06 07:00:00+00:00,10764.267791314465
2026-02-06 08:00:00+00:00,10764.267791314465
2026-02-06 09:00:00+00:00,10764.267791314465
2026-02-06 10:00:00+00:00,10764.267791314465
2026-02-06 11:00:00+00:00,10764.267791314465
2026-02-06 12:00:00+00:00,10764.267791314465
2026-02-06 13:00:00+00:00,10764.267791314465
2026-02-06 14:00:00+00:00,10764.267791314465
2026-02-06 15:00:00+00:00,10764.267791314465
2026-02-06 16:00:00+00:00,10764.267791314465
2026-02-06 17:00:00+00:00,10764.267791314465
2026-02-06 18:00:00+00:00,10764.267791314465
2026-02-06 19:00:00+00:00,10764.267791314465
2026-02-06 20:00:00+00:00,10764.267791314465
2026-02-06 21:00:00+00:00,10764.267791314465
2026-02-06 22:00:00+00:00,10764.267791314465
2026-02-06 23:00:00+00:00,10764.267791314465
2026-02-07 00:00:00+00:00,10764.267791314465
2026-02-07 01:00:00+00:00,10764.267791314465
2026-02-07 02:00:00+00:00,10764.267791314465
2026-02-07 03:00:00+00:00,10764.267791314465
2026-02-07 04:00:00+00:00,10764.267791314465
2026-02-07 05:00:00+00:00,10764.267791314465
2026-02-07 06:00:00+00:00,10764.267791314465
2026-02-07 07:00:00+00:00,10764.267791314465
2026-02-07 08:00:00+00:00,10764.267791314465
2026-02-07 09:00:00+00:00,10764.267791314465
2026-02-07 10:00:00+00:00,10764.267791314465
2026-02-07 11:00:00+00:00,10764.267791314465
2026-02-07 12:00:00+00:00,10764.267791314465
2026-02-07 13:00:00+00:00,10764.267791314465
2026-02-07 14:00:00+00:00,10764.267791314465
2026-02-07 15:00:00+00:00,10764.267791314465
2026-02-07 16:00:00+00:00,10764.267791314465
2026-02-07 17:00:00+00:00,10764.267791314465
2026-02-07 18:00:00+00:00,10764.267791314465
2026-02-07 19:00:00+00:00,10764.267791314465
2026-02-07 20:00:00+00:00,10764.267791314465
2026-02-07 21:00:00+00:00,10764.267791314465
2026-02-07 22:00:00+00:00,10764.267791314465
2026-02-07 23:00:00+00:00,10764.267791314465
2026-02-08 00:00:00+00:00,10764.267791314465
2026-02-08 01:00:00+00:00,10764.267791314465
2026-02-08 02:00:00+00:00,10764.267791314465
2026-02-08 03:00:00+00:00,10764.267791314465
2026-02-08 04:00:00+00:00,10764.267791314465
2026-02-08 05:00:00+00:00,10764.267791314465
2026-02-08 06:00:00+00:00,10764.267791314465
2026-02-08 07:00:00+00:00,10764.267791314465
2026-02-08 08:00:00+00:00,10764.267791314465
2026-02-08 09:00:00+00:00,10764.267791314465
2026-02-08 10:00:00+00:00,10764.267791314465
2026-02-08 11:00:00+00:00,10764.267791314465
2026-02-08 12:00:00+00:00,10764.267791314465
2026-02-08 13:00:00+00:00,10764.267791314465
2026-02-08 14:00:00+00:00,10764.267791314465
2026-02-08 15:00:00+00:00,10764.267791314465
2026-02-08 16:00:00+00:00,10764.267791314465
2026-02-08 17:00:00+00:00,10764.267791314465
2026-02-08 18:00:00+00:00,10764.267791314465
2026-02-08 19:00:00+00:00,10764.267791314465
2026-02-08 20:00:00+00:00,10764.267791314465
2026-02-08 21:00:00+00:00,10764.267791314465
2026-02-08 22:00:00+00:00,10764.267791314465
2026-02-08 23:00:00+00:00,10764.267791314465
2026-02-09 00:00:00+00:00,10764.267791314465
2026-02-09 01:00:00+00:00,10764.267791314465
2026-02-09 02:00:00+00:00,10764.267791314465
2026-02-09 03:00:00+00:00,10764.267791314465
2026-02-09 04:00:00+00:00,10764.267791314465
2026-02-09 05:00:00+00:00,10764.267791314465
2026-02-09 06:00:00+00:00,10764.267791314465
2026-02-09 07:00:00+00:00,10764.267791314465
2026-02-09 08:00:00+00:00,10764.267791314465
2026-02-09 09:00:00+00:00,10764.267791314465
2026-02-09 10:00:00+00:00,10764.267791314465
2026-02-09 11:00:00+00:00,10764.267791314465
2026-02-09 12:00:00+00:00,10764.267791314465
2026-02-09 13:00:00+00:00,10764.267791314465
2026-02-09 14:00:00+00:00,10764.267791314465
2026-02-09 15:00:00+00:00,10764.267791314465
2026-02-09 16:00:00+00:00,10764.267791314465
2026-02-09 17:00:00+00:00,10764.267791314465
2026-02-09 18:00:00+00:00,10764.267791314465
2026-02-09 19:00:00+00:00,10764.267791314465
2026-02-09 20:00:00+00:00,10764.267791314465
2026-02-09 21:00:00+00:00,10764.267791314465
2026-02-09 22:00:00+00:00,10764.267791314465
2026-02-09 23:00:00+00:00,10764.267791314465
2026-02-10 00:00:00+00:00,10764.267791314465
2026-02-10 01:00:00+00:00,10764.267791314465
2026-02-10 02:00:00+00:00,10764.267791314465
2026-02-10 03:00:00+00:00,10764.267791314465
2026-02-10 04:00:00+00:00,10764.267791314465
2026-02-10 05:00:00+00:00,10764.267791314465
2026-02-10 06:00:00+00:00,10764.267791314465
2026-02-10 07:00:00+00:00,10764.267791314465
2026-02-10 08:00:00+00:00,10764.267791314465
2026-02-10 09:00:00+00:00,10764.267791314465
2026-02-10 10:00:00+00:00,10764.267791314465
2026-02-10 11:00:00+00:00,10764.267791314465
2026-02-10 12:00:00+00:00,10764.267791314465
2026-02-10 13:00:00+00:00,10764.267791314465
2026-02-10 14:00:00+00:00,10764.267791314465
2026-02-10 15:00:00+00:00,10764.267791314465
2026-02-10 16:00:00+00:00,10764.267791314465
2026-02-10 17:00:00+00:00,10764.267791314465
2026-02-10 18:00:00+00:00,10764.267791314465
2026-02-10 19:00:00+00:00,10764.267791314465
2026-02-10 20:00:00+00:00,10764.267791314465
2026-02-10 21:00:00+00:00,10764.267791314465
2026-02-10 22:00:00+00:00,10764.267791314465
2026-02-10 23:00:00+00:00,10764.267791314465
2026-02-11 00:00:00+00:00,10764.267791314465
2026-02-11 01:00:00+00:00,10764.267791314465
2026-02-11 02:00:00+00:00,10764.267791314465
2026-02-11 03:00:00+00:00,10764.267791314465
2026-02-11 04:00:00+00:00,10764.267791314465
2026-02-11 05:00:00+00:00,10764.267791314465
2026-02-11 06:00:00+00:00,10764.267791314465
2026-02-11 07:00:00+00:00,10764.267791314465
2026-02-11 08:00:00+00:00,10764.267791314465
2026-02-11 09:00:00+00:00,10764.267791314465
2026-02-11 10:00:00+00:00,10764.267791314465
2026-02-11 11:00:00+00:00,10764.267791314465
2026-02-11 12:00:00+00:00,10764.267791314465
2026-02-11 13:00:00+00:00,10764.267791314465
2026-02-11 14:00:00+00:00,10764.267791314465
2026-02-11 15:00:00+00:00,10764.267791314465
2026-02-11 16:00:00+00:00,10764.267791314465
2026-02-11 17:00:00+00:00,10764.267791314465
2026-02-11 18:00:00+00:00,10764.267791314465
2026-02-11 19:00:00+00:00,10764.267791314465
2026-02-11 20:00:00+00:00,10764.267791314465
2026-02-11 21:00:00+00:00,10764.267791314465
2026-02-11 22:00:00+00:00,10764.267791314465
2026-02-11 23:00:00+00:00,10764.267791314465
2026-02-12 00:00:00+00:00,10764.267791314465
2026-02-12 01:00:00+00:00,10764.267791314465
2026-02-12 02:00:00+00:00,10764.267791314465
2026-02-12 03:00:00+00:00,10764.267791314465
2026-02-12 04:00:00+00:00,10764.267791314465
2026-02-12 05:00:00+00:00,10764.267791314465
2026-02-12 06:00:00+00:00,10764.267791314465
2026-02-12 07:00:00+00:00,10764.267791314465
2026-02-12 08:00:00+00:00,10764.267791314465
2026-02-12 09:00:00+00:00,10764.267791314465
2026-02-12 10:00:00+00:00,10764.267791314465
2026-02-12 11:00:00+00:00,10764.267791314465
2026-02-12 12:00:00+00:00,10764.267791314465
2026-02-12 13:00:00+00:00,10764.267791314465
2026-02-12 14:00:00+00:00,10764.267791314465
2026-02-12 15:00:00+00:00,10764.267791314465
2026-02-12 16:00:00+00:00,10764.267791314465
2026-02-12 17:00:00+00:00,10764.267791314465
2026-02-12 18:00:00+00:00,10764.267791314465
2026-02-12 19:00:00+00:00,10764.267791314465
2026-02-12 20:00:00+00:00,10764.267791314465
2026-02-12 21:00:00+00:00,10764.267791314465
2026-02-12 22:00:00+00:00,10764.267791314465
2026-02-12 23:00:00+00:00,10764.267791314465
2026-02-13 00:00:00+00:00,10764.267791314465
2026-02-13 01:00:00+00:00,10764.267791314465
2026-02-13 02:00:00+00:00,10764.267791314465
2026-02-13 03:00:00+00:00,10764.267791314465
2026-02-13 04:00:00+00:00,10764.267791314465
2026-02-13 05:00:00+00:00,10764.267791314465
2026-02-13 06:00:00+00:00,10764.267791314465
2026-02-13 07:00:00+00:00,10764.267791314465
2026-02-13 08:00:00+00:00,10764.267791314465
2026-02-13 09:00:00+00:00,10764.267791314465
2026-02-13 10:00:00+00:00,10764.267791314465
2026-02-13 11:00:00+00:00,10764.267791314465
2026-02-13 12:00:00+00:00,10764.267791314465
2026-02-13 13:00:00+00:00,10764.267791314465
2026-02-13 14:00:00+00:00,10764.267791314465
2026-02-13 15:00:00+00:00,10764.267791314465
2026-02-13 16:00:00+00:00,10764.267791314465
2026-02-13 17:00:00+00:00,10764.267791314465
2026-02-13 18:00:00+00:00,10764.267791314465
2026-02-13 19:00:00+00:00,10764.267791314465
2026-02-13 20:00:00+00:00,10764.267791314465
2026-02-13 21:00:00+00:00,10764.267791314465
2026-02-13 22:00:00+00:00,10764.267791314465
2026-02-13 23:00:00+00:00,10764.267791314465
2026-02-14 00:00:00+00:00,10764.267791314465
2026-02-14 01:00:00+00:00,10764.267791314465
2026-02-14 02:00:00+00:00,10764.267791314465
2026-02-14 03:00:00+00:00,10764.267791314465
2026-02-14 04:00:00+00:00,10764.267791314465
2026-02-14 05:00:00+00:00,10764.267791314465
2026-02-14 06:00:00+00:00,10764.267791314465
2026-02-14 07:00:00+00:00,10764.267791314465
2026-02-14 08:00:00+00:00,10764.267791314465
2026-02-14 09:00:00+00:00,10764.267791314465
2026-02-14 10:00:00+00:00,10764.267791314465
2026-02-14 11:00:00+00:00,10764.267791314465
2026-02-14 12:00:00+00:00,10764.267791314465
2026-02-14 13:00:00+00:00,10764.267791314465
2026-02-14 14:00:00+00:00,10764.267791314465
2026-02-14 15:00:00+00:00,10764.267791314465
2026-02-14 16:00:00+00:00,10764.267791314465
2026-02-14 17:00:00+00:00,10764.267791314465
2026-02-14 18:00:00+00:00,10764.267791314465
2026-02-14 19:00:00+00:00,10764.267791314465
2026-02-14 20:00:00+00:00,10764.267791314465
2026-02-14 21:00:00+00:00,10764.267791314465
2026-02-14 22:00:00+00:00,10764.267791314465
2026-02-14 23:00:00+00:00,10764.267791314465
2026-02-15 00:00:00+00:00,10764.267791314465
2026-02-15 01:00:00+00:00,10764.267791314465
2026-02-15 02:00:00+00:00,10764.267791314465
2026-02-15 03:00:00+00:00,10764.267791314465
2026-02-15 04:00:00+00:00,10764.267791314465
2026-02-15 05:00:00+00:00,10764.267791314465
2026-02-15 06:00:00+00:00,10764.267791314465
2026-02-15 07:00:00+00:00,10764.267791314465
2026-02-15 08:00:00+00:00,10764.267791314465
2026-02-15 09:00:00+00:00,10764.267791314465
2026-02-15 10:00:00+00:00,10764.267791314465
2026-02-15 11:00:00+00:00,10764.267791314465
2026-02-15 12:00:00+00:00,10764.267791314465
2026-02-15 13:00:00+00:00,10764.267791314465
2026-02-15 14:00:00+00:00,10764.267791314465
2026-02-15 15:00:00+00:00,10764.267791314465
2026-02-15 16:00:00+00:00,10764.267791314465
2026-02-15 17:00:00+00:00,10764.267791314465
2026-02-15 18:00:00+00:00,10764.267791314465
2026-02-15 19:00:00+00:00,10764.267791314465
2026-02-15 20:00:00+00:00,10764.267791314465
2026-02-15 21:00:00+00:00,10764.267791314465
2026-02-15 22:00:00+00:00,10764.267791314465
2026-02-15 23:00:00+00:00,10764.267791314465
2026-02-16 00:00:00+00:00,10764.267791314465
2026-02-16 01:00:00+00:00,10764.267791314465
2026-02-16 02:00:00+00:00,10764.267791314465
2026-02-16 03:00:00+00:00,10764.267791314465
2026-02-16 04:00:00+00:00,10764.267791314465
2026-02-16 05:00:00+00:00,10764.267791314465
2026-02-16 06:00:00+00:00,10764.267791314465
2026-02-16 07:00:00+00:00,10764.267791314465
2026-02-16 08:00:00+00:00,10764.267791314465
2026-02-16 09:00:00+00:00,10764.267791314465
2026-02-16 10:00:00+00:00,10764.267791314465
2026-02-16 11:00:00+00:00,10764.267791314465
2026-02-16 12:00:00+00:00,10764.267791314465
2026-02-16 13:00:00+00:00,10764.267791314465
2026-02-16 14:00:00+00:00,10764.267791314465
2026-02-16 15:00:00+00:00,10764.267791314465
2026-02-16 16:00:00+00:00,10764.267791314465
2026-02-16 17:00:00+00:00,10764.267791314465
2026-02-16 18:00:00+00:00,10764.267791314465
2026-02-16 19:00:00+00:00,10764.267791314465
2026-02-16 20:00:00+00:00,10764.267791314465
2026-02-16 21:00:00+00:00,10764.267791314465
2026-02-16 22:00:00+00:00,10764.267791314465
2026-02-16 23:00:00+00:00,10764.267791314465
2026-02-17 00:00:00+00:00,10764.267791314465
2026-02-17 01:00:00+00:00,10764.267791314465
2026-02-17 02:00:00+00:00,10764.267791314465
2026-02-17 03:00:00+00:00,10764.267791314465
2026-02-17 04:00:00+00:00,10764.267791314465
2026-02-17 05:00:00+00:00,10764.267791314465
2026-02-17 06:00:00+00:00,10764.267791314465
2026-02-17 07:00:00+00:00,10764.267791314465
2026-02-17 08:00:00+00:00,10764.267791314465
2026-02-17 09:00:00+00:00,10764.267791314465
2026-02-17 10:00:00+00:00,10764.267791314465
2026-02-17 11:00:00+00:00,10764.267791314465
2026-02-17 12:00:00+00:00,10764.267791314465
2026-02-17 13:00:00+00:00,10764.267791314465
2026-02-17 14:00:00+00:00,10764.267791314465
2026-02-17 15:00:00+00:00,10764.267791314465
2026-02-17 16:00:00+00:00,10764.267791314465
2026-02-17 17:00:00+00:00,10764.267791314465
2026-02-17 18:00:00+00:00,10764.267791314465
2026-02-17 19:00:00+00:00,10764.267791314465
2026-02-17 20:00:00+00:00,10764.267791314465
2026-02-17 21:00:00+00:00,10764.267791314465
2026-02-17 22:00:00+00:00,10764.267791314465
2026-02-17 23:00:00+00:00,10764.267791314465
2026-02-18 00:00:00+00:00,10764.267791314465
2026-02-18 01:00:00+00:00,10764.267791314465
2026-02-18 02:00:00+00:00,10764.267791314465
2026-02-18 03:00:00+00:00,10764.267791314465
2026-02-18 04:00:00+00:00,10764.267791314465
2026-02-18 05:00:00+00:00,10764.267791314465
2026-02-18 06:00:00+00:00,10764.267791314465
2026-02-18 07:00:00+00:00,10764.267791314465
2026-02-18 08:00:00+00:00,10764.267791314465
2026-02-18 09:00:00+00:00,10764.267791314465
2026-02-18 10:00:00+00:00,10764.267791314465
2026-02-18 11:00:00+00:00,10764.267791314465
2026-02-18 12:00:00+00:00,10764.267791314465
2026-02-18 13:00:00+00:00,10764.267791314465
2026-02-18 14:00:00+00:00,10764.267791314465
2026-02-18 15:00:00+00:00,10764.267791314465
2026-02-18 16:00:00+00:00,10764.267791314465
2026-02-18 17:00:00+00:00,10764.267791314465
2026-02-18 18:00:00+00:00,10764.267791314465
2026-02-18 19:00:00+00:00,10764.267791314465
2026-02-18 20:00:00+00:00,10764.267791314465
2026-02-18 21:00:00+00:00,10764.267791314465
2026-02-18 22:00:00+00:00,10764.267791314465
2026-02-18 23:00:00+00:00,10764.267791314465
2026-02-19 00:00:00+00:00,10764.267791314465
2026-02-19 01:00:00+00:00,10764.267791314465
2026-02-19 02:00:00+00:00,10764.267791314465
2026-02-19 03:00:00+00:00,10764.267791314465
2026-02-19 04:00:00+00:00,10764.267791314465
2026-02-19 05:00:00+00:00,10764.267791314465
2026-02-19 06:00:00+00:00,10764.267791314465
2026-02-19 07:00:00+00:00,10764.267791314465
2026-02-19 08:00:00+00:00,10764.267791314465
2026-02-19 09:00:00+00:00,10764.267791314465
2026-02-19 10:00:00+00:00,10764.267791314465
2026-02-19 11:00:00+00:00,10764.267791314465
2026-02-19 12:00:00+00:00,10764.267791314465
2026-02-19 13:00:00+00:00,10764.267791314465
2026-02-19 14:00:00+00:00,10764.267791314465
2026-02-19 15:00:00+00:00,10764.267791314465
2026-02-19 16:00:00+00:00,10764.267791314465
2026-02-19 17:00:00+00:00,10764.267791314465
2026-02-19 18:00:00+00:00,10764.267791314465
2026-02-19 19:00:00+00:00,10764.267791314465
2026-02-19 20:00:00+00:00,10764.267791314465
2026-02-19 21:00:00+00:00,10764.267791314465
2026-02-19 22:00:00+00:00,10764.267791314465
2026-02-19 23:00:00+00:00,10764.267791314465
2026-02-20 00:00:00+00:00,10764.267791314465
2026-02-20 01:00:00+00:00,10764.267791314465
2026-02-20 02:00:00+00:00,10764.267791314465
2026-02-20 03:00:00+00:00,10764.267791314465
2026-02-20 04:00:00+00:00,10764.267791314465
2026-02-20 05:00:00+00:00,10764.267791314465
2026-02-20 06:00:00+00:00,10764.267791314465
2026-02-20 07:00:00+00:00,10764.267791314465
2026-02-20 08:00:00+00:00,10764.267791314465
2026-02-20 09:00:00+00:00,10764.267791314465
2026-02-20 10:00:00+00:00,10764.267791314465
2026-02-20 11:00:00+00:00,10764.267791314465
2026-02-20 12:00:00+00:00,10764.267791314465
2026-02-20 13:00:00+00:00,10764.267791314465
2026-02-20 14:00:00+00:00,10764.267791314465
2026-02-20 15:00:00+00:00,10764.267791314465
2026-02-20 16:00:00+00:00,10764.267791314465
2026-02-20 17:00:00+00:00,10764.267791314465
2026-02-20 18:00:00+00:00,10764.267791314465
2026-02-20 19:00:00+00:00,10764.267791314465
2026-02-20 20:00:00+00:00,10764.267791314465
2026-02-20 21:00:00+00:00,10764.267791314465
2026-02-20 22:00:00+00:00,10764.267791314465
2026-02-20 23:00:00+00:00,10764.267791314465
2026-02-21 00:00:00+00:00,10764.267791314465
2026-02-21 01:00:00+00:00,10764.267791314465
2026-02-21 02:00:00+00:00,10764.267791314465
2026-02-21 03:00:00+00:00,10764.267791314465
2026-02-21 04:00:00+00:00,10764.267791314465
2026-02-21 05:00:00+00:00,10764.267791314465
2026-02-21 06:00:00+00:00,10764.267791314465
2026-02-21 07:00:00+00:00,10764.267791314465
2026-02-21 08:00:00+00:00,10764.267791314465
2026-02-21 09:00:00+00:00,10764.267791314465
2026-02-21 10:00:00+00:00,10764.267791314465
2026-02-21 11:00:00+00:00,10764.267791314465
2026-02-21 12:00:00+00:00,10764.267791314465
2026-02-21 13:00:00+00:00,10764.267791314465
2026-02-21 14:00:00+00:00,10764.267791314465
2026-02-21 15:00:00+00:00,10764.267791314465
2026-02-21 16:00:00+00:00,10764.267791314465
2026-02-21 17:00:00+00:00,10764.267791314465
2026-02-21 18:00:00+00:00,10764.267791314465
2026-02-21 19:00:00+00:00,10764.267791314465
2026-02-21 20:00:00+00:00,10764.267791314465
2026-02-21 21:00:00+00:00,10764.267791314465
2026-02-21 22:00:00+00:00,10764.267791314465
2026-02-21 23:00:00+00:00,10764.267791314465
2026-02-22 00:00:00+00:00,10764.267791314465
2026-02-22 01:00:00+00:00,10764.267791314465
2026-02-22 02:00:00+00:00,10764.267791314465
2026-02-22 03:00:00+00:00,10764.267791314465
2026-02-22 04:00:00+00:00,10764.267791314465
2026-02-22 05:00:00+00:00,10764.267791314465
2026-02-22 06:00:00+00:00,10764.267791314465
2026-02-22 07:00:00+00:00,10764.267791314465
2026-02-22 08:00:00+00:00,10764.267791314465
2026-02-22 09:00:00+00:00,10764.267791314465
2026-02-22 10:00:00+00:00,10764.267791314465
2026-02-22 11:00:00+00:00,10764.267791314465
2026-02-22 12:00:00+00:00,10764.267791314465
2026-02-22 13:00:00+00:00,10764.267791314465
2026-02-22 14:00:00+00:00,10764.267791314465
2026-02-22 15:00:00+00:00,10764.267791314465
2026-02-22 16:00:00+00:00,10764.267791314465
2026-02-22 17:00:00+00:00,10764.267791314465
2026-02-22 18:00:00+00:00,10764.267791314465
2026-02-22 19:00:00+00:00,10764.267791314465
2026-02-22 20:00:00+00:00,10764.267791314465
2026-02-22 21:00:00+00:00,10764.267791314465
2026-02-22 22:00:00+00:00,10764.267791314465
2026-02-22 23:00:00+00:00,10764.267791314465
2026-02-23 00:00:00+00:00,10764.267791314465
2026-02-23 01:00:00+00:00,10764.267791314465
2026-02-23 02:00:00+00:00,10764.267791314465
2026-02-23 03:00:00+00:00,10720.134394924105
2026-02-23 04:00:00+00:00,10703.394394924106
2026-02-23 05:00:00+00:00,10716.321994924107
2026-02-23 06:00:00+00:00,10689.203194924106
2026-02-23 07:00:00+00:00,10609.794692947571
2026-02-23 08:00:00+00:00,10609.794692947571
2026-02-23 09:00:00+00:00,10609.794692947571
2026-02-23 10:00:00+00:00,10609.794692947571
2026-02-23 11:00:00+00:00,10609.794692947571
2026-02-23 12:00:00+00:00,10609.794692947571
2026-02-23 13:00:00+00:00,10609.794692947571
2026-02-23 14:00:00+00:00,10609.794692947571
2026-02-23 15:00:00+00:00,10609.794692947571
2026-02-23 16:00:00+00:00,10609.794692947571
2026-02-23 17:00:00+00:00,10609.794692947571
2026-02-23 18:00:00+00:00,10609.794692947571
2026-02-23 19:00:00+00:00,10609.794692947571
2026-02-23 20:00:00+00:00,10609.794692947571
2026-02-23 21:00:00+00:00,10609.794692947571
2026-02-23 22:00:00+00:00,10609.794692947571
2026-02-23 23:00:00+00:00,10609.794692947571
2026-02-24 00:00:00+00:00,10609.794692947571
2026-02-24 01:00:00+00:00,10609.794692947571
2026-02-24 02:00:00+00:00,10609.794692947571
2026-02-24 03:00:00+00:00,10609.794692947571
2026-02-24 04:00:00+00:00,10609.794692947571
2026-02-24 05:00:00+00:00,10609.794692947571
2026-02-24 06:00:00+00:00,10609.794692947571
2026-02-24 07:00:00+00:00,10609.794692947571
2026-02-24 08:00:00+00:00,10609.794692947571
2026-02-24 09:00:00+00:00,10609.794692947571
2026-02-24 10:00:00+00:00,10609.794692947571
2026-02-24 11:00:00+00:00,10609.794692947571
2026-02-24 12:00:00+00:00,10609.794692947571
2026-02-24 13:00:00+00:00,10609.794692947571
2026-02-24 14:00:00+00:00,10609.794692947571
2026-02-24 15:00:00+00:00,10609.794692947571
2026-02-24 16:00:00+00:00,10609.794692947571
2026-02-24 17:00:00+00:00,10609.794692947571
2026-02-24 18:00:00+00:00,10609.794692947571
2026-02-24 19:00:00+00:00,10609.794692947571
2026-02-24 20:00:00+00:00,10609.794692947571
2026-02-24 21:00:00+00:00,10609.794692947571
2026-02-24 22:00:00+00:00,10609.794692947571
2026-02-24 23:00:00+00:00,10609.794692947571
2026-02-25 00:00:00+00:00,10609.794692947571
2026-02-25 01:00:00+00:00,10609.794692947571
2026-02-25 02:00:00+00:00,10609.794692947571
2026-02-25 03:00:00+00:00,10609.794692947571
2026-02-25 04:00:00+00:00,10609.794692947571
2026-02-25 05:00:00+00:00,10609.794692947571
2026-02-25 06:00:00+00:00,10609.794692947571
2026-02-25 07:00:00+00:00,10609.794692947571
2026-02-25 08:00:00+00:00,10609.794692947571
2026-02-25 09:00:00+00:00,10609.794692947571
2026-02-25 10:00:00+00:00,10609.794692947571
2026-02-25 11:00:00+00:00,10609.794692947571
2026-02-25 12:00:00+00:00,10609.794692947571
2026-02-25 13:00:00+00:00,10609.794692947571
2026-02-25 14:00:00+00:00,10609.794692947571
2026-02-25 15:00:00+00:00,10609.794692947571
2026-02-25 16:00:00+00:00,10609.794692947571
2026-02-25 17:00:00+00:00,10609.794692947571
2026-02-25 18:00:00+00:00,10609.794692947571
2026-02-25 19:00:00+00:00,10609.794692947571
2026-02-25 20:00:00+00:00,10609.794692947571
2026-02-25 21:00:00+00:00,10609.794692947571
2026-02-25 22:00:00+00:00,10609.794692947571
2026-02-25 23:00:00+00:00,10609.794692947571
2026-02-26 00:00:00+00:00,10609.794692947571
2026-02-26 01:00:00+00:00,10609.794692947571
2026-02-26 02:00:00+00:00,10609.794692947571
2026-02-26 03:00:00+00:00,10609.794692947571
2026-02-26 04:00:00+00:00,10609.794692947571
2026-02-26 05:00:00+00:00,10609.794692947571
2026-02-26 06:00:00+00:00,10609.794692947571
2026-02-26 07:00:00+00:00,10609.794692947571
2026-02-26 08:00:00+00:00,10609.794692947571
2026-02-26 09:00:00+00:00,10609.794692947571
2026-02-26 10:00:00+00:00,10609.794692947571
2026-02-26 11:00:00+00:00,10609.794692947571
2026-02-26 12:00:00+00:00,10609.794692947571
2026-02-26 13:00:00+00:00,10609.794692947571
2026-02-26 14:00:00+00:00,10609.794692947571
2026-02-26 15:00:00+00:00,10609.794692947571
2026-02-26 16:00:00+00:00,10609.794692947571
2026-02-26 17:00:00+00:00,10609.794692947571
2026-02-26 18:00:00+00:00,10609.794692947571
2026-02-26 19:00:00+00:00,10609.794692947571
2026-02-26 20:00:00+00:00,10609.794692947571
2026-02-26 21:00:00+00:00,10609.794692947571
2026-02-26 22:00:00+00:00,10609.794692947571
2026-02-26 23:00:00+00:00,10609.794692947571
2026-02-27 00:00:00+00:00,10609.794692947571
2026-02-27 01:00:00+00:00,10609.794692947571
2026-02-27 02:00:00+00:00,10609.794692947571
2026-02-27 03:00:00+00:00,10609.794692947571
2026-02-27 04:00:00+00:00,10609.794692947571
2026-02-27 05:00:00+00:00,10609.794692947571
2026-02-27 06:00:00+00:00,10609.794692947571
2026-02-27 07:00:00+00:00,10609.794692947571
2026-02-27 08:00:00+00:00,10609.794692947571
2026-02-27 09:00:00+00:00,10609.794692947571
2026-02-27 10:00:00+00:00,10609.794692947571
2026-02-27 11:00:00+00:00,10609.794692947571
2026-02-27 12:00:00+00:00,10609.794692947571
2026-02-27 13:00:00+00:00,10609.794692947571
2026-02-27 14:00:00+00:00,10609.794692947571
2026-02-27 15:00:00+00:00,10609.794692947571
2026-02-27 16:00:00+00:00,10609.794692947571
2026-02-27 17:00:00+00:00,10609.794692947571
2026-02-27 18:00:00+00:00,10609.794692947571
2026-02-27 19:00:00+00:00,10609.794692947571
2026-02-27 20:00:00+00:00,10609.794692947571
2026-02-27 21:00:00+00:00,10609.794692947571
2026-02-27 22:00:00+00:00,10609.794692947571
2026-02-27 23:00:00+00:00,10609.794692947571
2026-02-28 00:00:00+00:00,10609.794692947571
2026-02-28 01:00:00+00:00,10609.794692947571
2026-02-28 02:00:00+00:00,10609.794692947571
2026-02-28 03:00:00+00:00,10609.794692947571
2026-02-28 04:00:00+00:00,10609.794692947571
2026-02-28 05:00:00+00:00,10609.794692947571
2026-02-28 06:00:00+00:00,10609.794692947571
2026-02-28 07:00:00+00:00,10609.794692947571
2026-02-28 08:00:00+00:00,10609.794692947571
2026-02-28 09:00:00+00:00,10609.794692947571
2026-02-28 10:00:00+00:00,10609.794692947571
2026-02-28 11:00:00+00:00,10609.794692947571
2026-02-28 12:00:00+00:00,10609.794692947571
2026-02-28 13:00:00+00:00,10609.794692947571
2026-02-28 14:00:00+00:00,10609.794692947571
2026-02-28 15:00:00+00:00,10609.794692947571
2026-02-28 16:00:00+00:00,10609.794692947571
2026-02-28 17:00:00+00:00,10609.794692947571
2026-02-28 18:00:00+00:00,10609.794692947571
2026-02-28 19:00:00+00:00,10609.794692947571
2026-02-28 20:00:00+00:00,10609.794692947571
2026-02-28 21:00:00+00:00,10609.794692947571
2026-02-28 22:00:00+00:00,10609.794692947571
2026-02-28 23:00:00+00:00,10609.794692947571
2026-03-01 00:00:00+00:00,10609.794692947571
2026-03-01 01:00:00+00:00,10609.794692947571
2026-03-01 02:00:00+00:00,10609.794692947571
2026-03-01 03:00:00+00:00,10609.794692947571
2026-03-01 04:00:00+00:00,10609.794692947571
2026-03-01 05:00:00+00:00,10609.794692947571
2026-03-01 06:00:00+00:00,10609.794692947571
2026-03-01 07:00:00+00:00,10609.794692947571
2026-03-01 08:00:00+00:00,10609.794692947571
2026-03-01 09:00:00+00:00,10609.794692947571
2026-03-01 10:00:00+00:00,10609.794692947571
2026-03-01 11:00:00+00:00,10609.794692947571
2026-03-01 12:00:00+00:00,10609.794692947571
2026-03-01 13:00:00+00:00,10609.794692947571
2026-03-01 14:00:00+00:00,10609.794692947571
2026-03-01 15:00:00+00:00,10609.794692947571
2026-03-01 16:00:00+00:00,10609.794692947571
2026-03-01 17:00:00+00:00,10609.794692947571
2026-03-01 18:00:00+00:00,10609.794692947571
2026-03-01 19:00:00+00:00,10609.794692947571
2026-03-01 20:00:00+00:00,10609.794692947571
2026-03-01 21:00:00+00:00,10609.794692947571
2026-03-01 22:00:00+00:00,10609.794692947571
2026-03-01 23:00:00+00:00,10609.794692947571
2026-03-02 00:00:00+00:00,10609.794692947571
2026-03-02 01:00:00+00:00,10609.794692947571
2026-03-02 02:00:00+00:00,10609.794692947571
2026-03-02 03:00:00+00:00,10609.794692947571
2026-03-02 04:00:00+00:00,10609.794692947571
2026-03-02 05:00:00+00:00,10609.794692947571
2026-03-02 06:00:00+00:00,10609.794692947571
2026-03-02 07:00:00+00:00,10609.794692947571
2026-03-02 08:00:00+00:00,10609.794692947571
2026-03-02 09:00:00+00:00,10609.794692947571
2026-03-02 10:00:00+00:00,10609.794692947571
2026-03-02 11:00:00+00:00,10609.794692947571
2026-03-02 12:00:00+00:00,10609.794692947571
2026-03-02 13:00:00+00:00,10609.794692947571
2026-03-02 14:00:00+00:00,10609.794692947571
2026-03-02 15:00:00+00:00,10609.794692947571
2026-03-02 16:00:00+00:00,10609.794692947571
2026-03-02 17:00:00+00:00,10609.794692947571
2026-03-02 18:00:00+00:00,10609.794692947571
2026-03-02 19:00:00+00:00,10609.794692947571
2026-03-02 20:00:00+00:00,10609.794692947571
2026-03-02 21:00:00+00:00,10609.794692947571
2026-03-02 22:00:00+00:00,10609.794692947571
2026-03-02 23:00:00+00:00,10609.794692947571
2026-03-03 00:00:00+00:00,10609.794692947571
2026-03-03 01:00:00+00:00,10609.794692947571
2026-03-03 02:00:00+00:00,10609.794692947571
2026-03-03 03:00:00+00:00,10609.794692947571
2026-03-03 04:00:00+00:00,10609.794692947571
2026-03-03 05:00:00+00:00,10609.794692947571
2026-03-03 06:00:00+00:00,10609.794692947571
2026-03-03 07:00:00+00:00,10609.794692947571
2026-03-03 08:00:00+00:00,10609.794692947571
2026-03-03 09:00:00+00:00,10609.794692947571
2026-03-03 10:00:00+00:00,10609.794692947571
2026-03-03 11:00:00+00:00,10609.794692947571
2026-03-03 12:00:00+00:00,10609.794692947571
2026-03-03 13:00:00+00:00,10609.794692947571
2026-03-03 14:00:00+00:00,10609.794692947571
2026-03-03 15:00:00+00:00,10609.794692947571
2026-03-03 16:00:00+00:00,10609.794692947571
2026-03-03 17:00:00+00:00,10609.794692947571
2026-03-03 18:00:00+00:00,10609.794692947571
2026-03-03 19:00:00+00:00,10609.794692947571
2026-03-03 20:00:00+00:00,10609.794692947571
2026-03-03 21:00:00+00:00,10609.794692947571
2026-03-03 22:00:00+00:00,10609.794692947571
2026-03-03 23:00:00+00:00,10609.794692947571
2026-03-04 00:00:00+00:00,10609.794692947571
2026-03-04 01:00:00+00:00,10609.794692947571
2026-03-04 02:00:00+00:00,10609.794692947571
2026-03-04 03:00:00+00:00,10609.794692947571
2026-03-04 04:00:00+00:00,10609.794692947571
2026-03-04 05:00:00+00:00,10609.794692947571
2026-03-04 06:00:00+00:00,10609.794692947571
2026-03-04 07:00:00+00:00,10609.794692947571
2026-03-04 08:00:00+00:00,10609.794692947571
2026-03-04 09:00:00+00:00,10609.794692947571
2026-03-04 10:00:00+00:00,10635.671875344833
2026-03-04 11:00:00+00:00,10625.293775344835
2026-03-04 12:00:00+00:00,10611.835875344834
2026-03-04 13:00:00+00:00,10625.122675344835
2026-03-04 14:00:00+00:00,10632.922475344834
2026-03-04 15:00:00+00:00,10640.975975344834
2026-03-04 16:00:00+00:00,10745.400075344834
2026-03-04 17:00:00+00:00,10739.089455714804
2026-03-04 18:00:00+00:00,10734.935855714804
2026-03-04 19:00:00+00:00,10762.960855714806
2026-03-04 20:00:00+00:00,10759.043255714805
2026-03-04 21:00:00+00:00,10723.578355714804
2026-03-04 22:00:00+00:00,10740.617555714805
2026-03-04 23:00:00+00:00,10705.742655714805
2026-03-05 00:00:00+00:00,10703.406255714805
2026-03-05 01:00:00+00:00,10708.431591210636
2026-03-05 02:00:00+00:00,10695.144791210636
2026-03-05 03:00:00+00:00,10693.398391210636
2026-03-05 04:00:00+00:00,10692.743491210636
2026-03-05 05:00:00+00:00,10711.824091210636
2026-03-05 06:00:00+00:00,10687.575091210636
2026-03-05 07:00:00+00:00,10696.259891210637
2026-03-05 08:00:00+00:00,10650.22206937594
2026-03-05 09:00:00+00:00,10650.22206937594
2026-03-05 10:00:00+00:00,10650.22206937594
2026-03-05 11:00:00+00:00,10650.22206937594
2026-03-05 12:00:00+00:00,10650.22206937594
2026-03-05 13:00:00+00:00,10650.22206937594
2026-03-05 14:00:00+00:00,10650.22206937594
2026-03-05 15:00:00+00:00,10650.22206937594
2026-03-05 16:00:00+00:00,10650.22206937594
2026-03-05 17:00:00+00:00,10650.22206937594
2026-03-05 18:00:00+00:00,10650.22206937594
2026-03-05 19:00:00+00:00,10650.22206937594
2026-03-05 20:00:00+00:00,10650.22206937594
2026-03-05 21:00:00+00:00,10650.22206937594
2026-03-05 22:00:00+00:00,10650.22206937594
2026-03-05 23:00:00+00:00,10650.22206937594
2026-03-06 00:00:00+00:00,10650.22206937594
2026-03-06 01:00:00+00:00,10650.22206937594
2026-03-06 02:00:00+00:00,10650.22206937594
2026-03-06 03:00:00+00:00,10650.22206937594
2026-03-06 04:00:00+00:00,10650.22206937594
2026-03-06 05:00:00+00:00,10650.22206937594
2026-03-06 06:00:00+00:00,10650.22206937594
2026-03-06 07:00:00+00:00,10650.22206937594
2026-03-06 08:00:00+00:00,10650.22206937594
2026-03-06 09:00:00+00:00,10650.22206937594
2026-03-06 10:00:00+00:00,10650.22206937594
2026-03-06 11:00:00+00:00,10650.22206937594
2026-03-06 12:00:00+00:00,10650.22206937594
2026-03-06 13:00:00+00:00,10650.22206937594
2026-03-06 14:00:00+00:00,10650.22206937594
2026-03-06 15:00:00+00:00,10650.22206937594
2026-03-06 16:00:00+00:00,10650.22206937594
2026-03-06 17:00:00+00:00,10650.22206937594
2026-03-06 18:00:00+00:00,10650.22206937594
2026-03-06 19:00:00+00:00,10650.22206937594
2026-03-06 20:00:00+00:00,10650.22206937594
2026-03-06 21:00:00+00:00,10650.22206937594
2026-03-06 22:00:00+00:00,10650.22206937594
2026-03-06 23:00:00+00:00,10650.22206937594
2026-03-07 00:00:00+00:00,10650.22206937594
2026-03-07 01:00:00+00:00,10650.22206937594
2026-03-07 02:00:00+00:00,10650.22206937594
2026-03-07 03:00:00+00:00,10650.22206937594
2026-03-07 04:00:00+00:00,10650.22206937594
2026-03-07 05:00:00+00:00,10650.22206937594
2026-03-07 06:00:00+00:00,10650.22206937594
2026-03-07 07:00:00+00:00,10650.22206937594
2026-03-07 08:00:00+00:00,10650.22206937594
2026-03-07 09:00:00+00:00,10650.22206937594
2026-03-07 10:00:00+00:00,10650.22206937594
2026-03-07 11:00:00+00:00,10650.22206937594
2026-03-07 12:00:00+00:00,10650.22206937594
2026-03-07 13:00:00+00:00,10650.22206937594
2026-03-07 14:00:00+00:00,10650.22206937594
2026-03-07 15:00:00+00:00,10650.22206937594
2026-03-07 16:00:00+00:00,10650.22206937594
2026-03-07 17:00:00+00:00,10650.22206937594
2026-03-07 18:00:00+00:00,10650.22206937594
2026-03-07 19:00:00+00:00,10650.22206937594
2026-03-07 20:00:00+00:00,10650.22206937594
2026-03-07 21:00:00+00:00,10650.22206937594
2026-03-07 22:00:00+00:00,10650.22206937594
2026-03-07 23:00:00+00:00,10650.22206937594
2026-03-08 00:00:00+00:00,10650.22206937594
2026-03-08 01:00:00+00:00,10650.22206937594
2026-03-08 02:00:00+00:00,10650.22206937594
2026-03-08 03:00:00+00:00,10650.22206937594
2026-03-08 04:00:00+00:00,10650.22206937594
2026-03-08 05:00:00+00:00,10650.22206937594
2026-03-08 06:00:00+00:00,10650.22206937594
2026-03-08 07:00:00+00:00,10650.22206937594
2026-03-08 08:00:00+00:00,10650.22206937594
2026-03-08 09:00:00+00:00,10650.22206937594
2026-03-08 10:00:00+00:00,10650.22206937594
2026-03-08 11:00:00+00:00,10650.22206937594
2026-03-08 12:00:00+00:00,10650.22206937594
2026-03-08 13:00:00+00:00,10650.22206937594
2026-03-08 14:00:00+00:00,10650.22206937594
2026-03-08 15:00:00+00:00,10650.22206937594
2026-03-08 16:00:00+00:00,10650.22206937594
2026-03-08 17:00:00+00:00,10650.22206937594
2026-03-08 18:00:00+00:00,10650.22206937594
2026-03-08 19:00:00+00:00,10650.22206937594
2026-03-08 20:00:00+00:00,10650.22206937594
2026-03-08 21:00:00+00:00,10650.22206937594
2026-03-08 22:00:00+00:00,10650.22206937594
2026-03-08 23:00:00+00:00,10650.22206937594
2026-03-09 00:00:00+00:00,10650.22206937594
2026-03-09 01:00:00+00:00,10650.22206937594
2026-03-09 02:00:00+00:00,10650.22206937594
2026-03-09 03:00:00+00:00,10650.22206937594
2026-03-09 04:00:00+00:00,10650.22206937594
2026-03-09 05:00:00+00:00,10650.22206937594
2026-03-09 06:00:00+00:00,10650.22206937594
2026-03-09 07:00:00+00:00,10650.22206937594
2026-03-09 08:00:00+00:00,10650.22206937594
2026-03-09 09:00:00+00:00,10650.22206937594
2026-03-09 10:00:00+00:00,10650.22206937594
2026-03-09 11:00:00+00:00,10650.22206937594
2026-03-09 12:00:00+00:00,10650.22206937594
2026-03-09 13:00:00+00:00,10650.22206937594
2026-03-09 14:00:00+00:00,10650.22206937594
2026-03-09 15:00:00+00:00,10650.22206937594
2026-03-09 16:00:00+00:00,10650.22206937594
2026-03-09 17:00:00+00:00,10650.22206937594
2026-03-09 18:00:00+00:00,10650.22206937594
2026-03-09 19:00:00+00:00,10650.22206937594
2026-03-09 20:00:00+00:00,10650.22206937594
2026-03-09 21:00:00+00:00,10650.22206937594
2026-03-09 22:00:00+00:00,10650.22206937594
2026-03-09 23:00:00+00:00,10650.22206937594
2026-03-10 00:00:00+00:00,10650.22206937594
2026-03-10 01:00:00+00:00,10650.22206937594
2026-03-10 02:00:00+00:00,10650.22206937594
2026-03-10 03:00:00+00:00,10650.22206937594
2026-03-10 04:00:00+00:00,10650.22206937594
2026-03-10 05:00:00+00:00,10650.22206937594
2026-03-10 06:00:00+00:00,10650.22206937594
2026-03-10 07:00:00+00:00,10650.22206937594
2026-03-10 08:00:00+00:00,10650.22206937594
2026-03-10 09:00:00+00:00,10650.22206937594
2026-03-10 10:00:00+00:00,10650.22206937594
2026-03-10 11:00:00+00:00,10650.22206937594
2026-03-10 12:00:00+00:00,10650.22206937594
2026-03-10 13:00:00+00:00,10650.22206937594
2026-03-10 14:00:00+00:00,10650.22206937594
2026-03-10 15:00:00+00:00,10650.22206937594
2026-03-10 16:00:00+00:00,10650.22206937594
2026-03-10 17:00:00+00:00,10650.22206937594
2026-03-10 18:00:00+00:00,10650.22206937594
2026-03-10 19:00:00+00:00,10650.22206937594
2026-03-10 20:00:00+00:00,10650.22206937594
2026-03-10 21:00:00+00:00,10650.22206937594
2026-03-10 22:00:00+00:00,10650.22206937594
2026-03-10 23:00:00+00:00,10650.22206937594
2026-03-11 00:00:00+00:00,10650.22206937594
2026-03-11 01:00:00+00:00,10650.22206937594
2026-03-11 02:00:00+00:00,10650.22206937594
2026-03-11 03:00:00+00:00,10650.22206937594
2026-03-11 04:00:00+00:00,10650.22206937594
2026-03-11 05:00:00+00:00,10650.22206937594
2026-03-11 06:00:00+00:00,10650.22206937594
2026-03-11 07:00:00+00:00,10650.22206937594
2026-03-11 08:00:00+00:00,10650.22206937594
2026-03-11 09:00:00+00:00,10650.22206937594
2026-03-11 10:00:00+00:00,10650.22206937594
2026-03-11 11:00:00+00:00,10650.22206937594
2026-03-11 12:00:00+00:00,10650.22206937594
2026-03-11 13:00:00+00:00,10650.22206937594
2026-03-11 14:00:00+00:00,10650.22206937594
2026-03-11 15:00:00+00:00,10650.22206937594
2026-03-11 16:00:00+00:00,10650.22206937594
2026-03-11 17:00:00+00:00,10650.22206937594
2026-03-11 18:00:00+00:00,10650.22206937594
2026-03-11 19:00:00+00:00,10650.22206937594
2026-03-11 20:00:00+00:00,10650.22206937594
2026-03-11 21:00:00+00:00,10650.22206937594
2026-03-11 22:00:00+00:00,10650.22206937594
2026-03-11 23:00:00+00:00,10650.22206937594
2026-03-12 00:00:00+00:00,10650.22206937594
2026-03-12 01:00:00+00:00,10650.22206937594
2026-03-12 02:00:00+00:00,10650.22206937594
2026-03-12 03:00:00+00:00,10650.22206937594
2026-03-12 04:00:00+00:00,10650.22206937594
2026-03-12 05:00:00+00:00,10650.22206937594
2026-03-12 06:00:00+00:00,10650.22206937594
2026-03-12 07:00:00+00:00,10650.22206937594
2026-03-12 08:00:00+00:00,10650.22206937594
2026-03-12 09:00:00+00:00,10650.22206937594
2026-03-12 10:00:00+00:00,10650.22206937594
2026-03-12 11:00:00+00:00,10650.22206937594
2026-03-12 12:00:00+00:00,10650.22206937594
2026-03-12 13:00:00+00:00,10650.22206937594
2026-03-12 14:00:00+00:00,10650.22206937594
2026-03-12 15:00:00+00:00,10650.22206937594
2026-03-12 16:00:00+00:00,10650.22206937594
2026-03-12 17:00:00+00:00,10650.22206937594
2026-03-12 18:00:00+00:00,10650.22206937594
2026-03-12 19:00:00+00:00,10650.22206937594
2026-03-12 20:00:00+00:00,10650.22206937594
2026-03-12 21:00:00+00:00,10650.22206937594
2026-03-12 22:00:00+00:00,10650.22206937594
2026-03-12 23:00:00+00:00,10650.22206937594
2026-03-13 00:00:00+00:00,10650.22206937594
2026-03-13 01:00:00+00:00,10650.22206937594
2026-03-13 02:00:00+00:00,10650.22206937594
2026-03-13 03:00:00+00:00,10650.22206937594
2026-03-13 04:00:00+00:00,10650.22206937594
2026-03-13 05:00:00+00:00,10650.22206937594
2026-03-13 06:00:00+00:00,10650.22206937594
2026-03-13 07:00:00+00:00,10650.22206937594
2026-03-13 08:00:00+00:00,10650.22206937594
2026-03-13 09:00:00+00:00,10650.22206937594
2026-03-13 10:00:00+00:00,10650.22206937594
2026-03-13 11:00:00+00:00,10650.22206937594
2026-03-13 12:00:00+00:00,10625.61816289886
2026-03-13 13:00:00+00:00,10672.212962898859
2026-03-13 14:00:00+00:00,10723.83016289886
2026-03-13 15:00:00+00:00,10639.369562898859
2026-03-13 16:00:00+00:00,10614.1312521897
2026-03-13 17:00:00+00:00,10614.1312521897
2026-03-13 18:00:00+00:00,10614.1312521897
2026-03-13 19:00:00+00:00,10614.1312521897
2026-03-13 20:00:00+00:00,10614.1312521897
2026-03-13 21:00:00+00:00,10614.1312521897
2026-03-13 22:00:00+00:00,10614.1312521897
2026-03-13 23:00:00+00:00,10614.1312521897
2026-03-14 00:00:00+00:00,10614.1312521897
2026-03-14 01:00:00+00:00,10614.1312521897
2026-03-14 02:00:00+00:00,10614.1312521897
2026-03-14 03:00:00+00:00,10614.1312521897
2026-03-14 04:00:00+00:00,10614.1312521897
2026-03-14 05:00:00+00:00,10614.1312521897
2026-03-14 06:00:00+00:00,10614.1312521897
2026-03-14 07:00:00+00:00,10614.1312521897
2026-03-14 08:00:00+00:00,10614.1312521897
2026-03-14 09:00:00+00:00,10614.1312521897
2026-03-14 10:00:00+00:00,10614.1312521897
2026-03-14 11:00:00+00:00,10614.1312521897
2026-03-14 12:00:00+00:00,10614.1312521897
2026-03-14 13:00:00+00:00,10614.1312521897
2026-03-14 14:00:00+00:00,10614.1312521897
2026-03-14 15:00:00+00:00,10614.1312521897
2026-03-14 16:00:00+00:00,10614.1312521897
2026-03-14 17:00:00+00:00,10614.1312521897
2026-03-14 18:00:00+00:00,10614.1312521897
2026-03-14 19:00:00+00:00,10614.1312521897
2026-03-14 20:00:00+00:00,10614.1312521897
2026-03-14 21:00:00+00:00,10614.1312521897
2026-03-14 22:00:00+00:00,10614.1312521897
2026-03-14 23:00:00+00:00,10614.1312521897
2026-03-15 00:00:00+00:00,10614.1312521897
2026-03-15 01:00:00+00:00,10614.1312521897
2026-03-15 02:00:00+00:00,10614.1312521897
2026-03-15 03:00:00+00:00,10614.1312521897
2026-03-15 04:00:00+00:00,10614.1312521897
2026-03-15 05:00:00+00:00,10614.1312521897
2026-03-15 06:00:00+00:00,10614.1312521897
2026-03-15 07:00:00+00:00,10614.1312521897
2026-03-15 08:00:00+00:00,10614.1312521897
2026-03-15 09:00:00+00:00,10614.1312521897
2026-03-15 10:00:00+00:00,10614.1312521897
2026-03-15 11:00:00+00:00,10614.1312521897
2026-03-15 12:00:00+00:00,10614.1312521897
2026-03-15 13:00:00+00:00,10614.1312521897
2026-03-15 14:00:00+00:00,10614.1312521897
2026-03-15 15:00:00+00:00,10614.1312521897
2026-03-15 16:00:00+00:00,10614.1312521897
2026-03-15 17:00:00+00:00,10614.1312521897
2026-03-15 18:00:00+00:00,10614.1312521897
2026-03-15 19:00:00+00:00,10614.1312521897
2026-03-15 20:00:00+00:00,10614.1312521897
2026-03-15 21:00:00+00:00,10614.1312521897
2026-03-15 22:00:00+00:00,10614.1312521897
2026-03-15 23:00:00+00:00,10614.1312521897
2026-03-16 00:00:00+00:00,10614.1312521897
2026-03-16 01:00:00+00:00,10614.1312521897
2026-03-16 02:00:00+00:00,10614.1312521897
2026-03-16 03:00:00+00:00,10614.1312521897
2026-03-16 04:00:00+00:00,10614.1312521897
2026-03-16 05:00:00+00:00,10614.1312521897
2026-03-16 06:00:00+00:00,10614.1312521897
2026-03-16 07:00:00+00:00,10614.1312521897
2026-03-16 08:00:00+00:00,10614.1312521897
2026-03-16 09:00:00+00:00,10614.1312521897
2026-03-16 10:00:00+00:00,10614.1312521897
2026-03-16 11:00:00+00:00,10614.1312521897
2026-03-16 12:00:00+00:00,10614.1312521897
2026-03-16 13:00:00+00:00,10614.1312521897
2026-03-16 14:00:00+00:00,10614.1312521897
2026-03-16 15:00:00+00:00,10614.1312521897
2026-03-16 16:00:00+00:00,10614.1312521897
2026-03-16 17:00:00+00:00,10614.1312521897
2026-03-16 18:00:00+00:00,10614.1312521897
2026-03-16 19:00:00+00:00,10614.1312521897
2026-03-16 20:00:00+00:00,10614.1312521897
2026-03-16 21:00:00+00:00,10614.1312521897
2026-03-16 22:00:00+00:00,10614.1312521897
2026-03-16 23:00:00+00:00,10614.1312521897
2026-03-17 00:00:00+00:00,10614.1312521897
2026-03-17 01:00:00+00:00,10614.1312521897
2026-03-17 02:00:00+00:00,10631.750984954951
2026-03-17 03:00:00+00:00,10599.86528495495
2026-03-17 04:00:00+00:00,10543.56288495495
2026-03-17 05:00:00+00:00,10521.994918654585
2026-03-17 06:00:00+00:00,10521.994918654585
2026-03-17 07:00:00+00:00,10521.994918654585
2026-03-17 08:00:00+00:00,10521.994918654585
2026-03-17 09:00:00+00:00,10521.994918654585
2026-03-17 10:00:00+00:00,10521.994918654585
2026-03-17 11:00:00+00:00,10521.994918654585
2026-03-17 12:00:00+00:00,10521.994918654585
2026-03-17 13:00:00+00:00,10521.994918654585
2026-03-17 14:00:00+00:00,10521.994918654585
2026-03-17 15:00:00+00:00,10521.994918654585
2026-03-17 16:00:00+00:00,10521.994918654585
2026-03-17 17:00:00+00:00,10521.994918654585
2026-03-17 18:00:00+00:00,10521.994918654585
2026-03-17 19:00:00+00:00,10521.994918654585
2026-03-17 20:00:00+00:00,10521.994918654585
2026-03-17 21:00:00+00:00,10521.994918654585
2026-03-17 22:00:00+00:00,10521.994918654585
2026-03-17 23:00:00+00:00,10521.994918654585
2026-03-18 00:00:00+00:00,10521.994918654585
2026-03-18 01:00:00+00:00,10521.994918654585
2026-03-18 02:00:00+00:00,10521.994918654585
2026-03-18 03:00:00+00:00,10521.994918654585
2026-03-18 04:00:00+00:00,10521.994918654585
2026-03-18 05:00:00+00:00,10521.994918654585
2026-03-18 06:00:00+00:00,10521.994918654585
2026-03-18 07:00:00+00:00,10521.994918654585
2026-03-18 08:00:00+00:00,10521.994918654585
2026-03-18 09:00:00+00:00,10521.994918654585
2026-03-18 10:00:00+00:00,10521.994918654585
2026-03-18 11:00:00+00:00,10521.994918654585
2026-03-18 12:00:00+00:00,10521.994918654585
2026-03-18 13:00:00+00:00,10521.994918654585
2026-03-18 14:00:00+00:00,10521.994918654585
2026-03-18 15:00:00+00:00,10521.994918654585
2026-03-18 16:00:00+00:00,10521.994918654585
2026-03-18 17:00:00+00:00,10521.994918654585
2026-03-18 18:00:00+00:00,10521.994918654585
2026-03-18 19:00:00+00:00,10521.994918654585
2026-03-18 20:00:00+00:00,10521.994918654585
2026-03-18 21:00:00+00:00,10521.994918654585
2026-03-18 22:00:00+00:00,10521.994918654585
2026-03-18 23:00:00+00:00,10521.994918654585
2026-03-19 00:00:00+00:00,10521.994918654585
2026-03-19 01:00:00+00:00,10521.994918654585
2026-03-19 02:00:00+00:00,10521.994918654585
2026-03-19 03:00:00+00:00,10521.994918654585
2026-03-19 04:00:00+00:00,10521.994918654585
2026-03-19 05:00:00+00:00,10521.994918654585
2026-03-19 06:00:00+00:00,10521.994918654585
2026-03-19 07:00:00+00:00,10521.994918654585
2026-03-19 08:00:00+00:00,10521.994918654585
2026-03-19 09:00:00+00:00,10521.994918654585
2026-03-19 10:00:00+00:00,10521.994918654585
2026-03-19 11:00:00+00:00,10521.994918654585
2026-03-19 12:00:00+00:00,10521.994918654585
2026-03-19 13:00:00+00:00,10521.994918654585
2026-03-19 14:00:00+00:00,10460.958694136409
2026-03-19 15:00:00+00:00,10499.35159413641
2026-03-19 16:00:00+00:00,10506.485994136408
2026-03-19 17:00:00+00:00,10502.100974389172
2026-03-19 18:00:00+00:00,10466.529074389173
2026-03-19 19:00:00+00:00,10469.704974389171
2026-03-19 20:00:00+00:00,10429.027974389172
2026-03-19 21:00:00+00:00,10409.553974389171
2026-03-19 22:00:00+00:00,10416.297074389173
2026-03-19 23:00:00+00:00,10436.335274389172
2026-03-20 00:00:00+00:00,10460.44117438917
2026-03-20 01:00:00+00:00,10434.717372103862
2026-03-20 02:00:00+00:00,10416.053272103862
2026-03-20 03:00:00+00:00,10415.234272103862
2026-03-20 04:00:00+00:00,10381.781875923261
2026-03-20 05:00:00+00:00,10381.781875923261
2026-03-20 06:00:00+00:00,10381.781875923261
2026-03-20 07:00:00+00:00,10381.781875923261
2026-03-20 08:00:00+00:00,10381.781875923261
2026-03-20 09:00:00+00:00,10381.781875923261
2026-03-20 10:00:00+00:00,10381.781875923261
2026-03-20 11:00:00+00:00,10381.781875923261
2026-03-20 12:00:00+00:00,10381.781875923261
2026-03-20 13:00:00+00:00,10381.781875923261
2026-03-20 14:00:00+00:00,10381.781875923261
2026-03-20 15:00:00+00:00,10381.781875923261
2026-03-20 16:00:00+00:00,10381.781875923261
2026-03-20 17:00:00+00:00,10381.781875923261
2026-03-20 18:00:00+00:00,10381.781875923261
2026-03-20 19:00:00+00:00,10381.781875923261
2026-03-20 20:00:00+00:00,10381.781875923261
2026-03-20 21:00:00+00:00,10381.781875923261
2026-03-20 22:00:00+00:00,10381.781875923261
2026-03-20 23:00:00+00:00,10381.781875923261
2026-03-21 00:00:00+00:00,10381.781875923261
2026-03-21 01:00:00+00:00,10381.781875923261
2026-03-21 02:00:00+00:00,10381.781875923261
2026-03-21 03:00:00+00:00,10381.781875923261
2026-03-21 04:00:00+00:00,10381.781875923261
2026-03-21 05:00:00+00:00,10381.781875923261
2026-03-21 06:00:00+00:00,10381.781875923261
2026-03-21 07:00:00+00:00,10381.781875923261
2026-03-21 08:00:00+00:00,10381.781875923261
2026-03-21 09:00:00+00:00,10381.781875923261
2026-03-21 10:00:00+00:00,10381.781875923261
2026-03-21 11:00:00+00:00,10381.781875923261
2026-03-21 12:00:00+00:00,10381.781875923261
2026-03-21 13:00:00+00:00,10381.781875923261
2026-03-21 14:00:00+00:00,10381.781875923261
2026-03-21 15:00:00+00:00,10381.781875923261
2026-03-21 16:00:00+00:00,10381.781875923261
2026-03-21 17:00:00+00:00,10381.781875923261
2026-03-21 18:00:00+00:00,10381.781875923261
2026-03-21 19:00:00+00:00,10381.781875923261
2026-03-21 20:00:00+00:00,10381.781875923261
2026-03-21 21:00:00+00:00,10381.781875923261
2026-03-21 22:00:00+00:00,10381.781875923261
2026-03-21 23:00:00+00:00,10381.781875923261
2026-03-22 00:00:00+00:00,10381.781875923261
2026-03-22 01:00:00+00:00,10381.781875923261
2026-03-22 02:00:00+00:00,10381.781875923261
2026-03-22 03:00:00+00:00,10381.781875923261
2026-03-22 04:00:00+00:00,10381.781875923261
2026-03-22 05:00:00+00:00,10381.781875923261
2026-03-22 06:00:00+00:00,10381.781875923261
2026-03-22 07:00:00+00:00,10381.781875923261
2026-03-22 08:00:00+00:00,10381.781875923261
2026-03-22 09:00:00+00:00,10381.781875923261
2026-03-22 10:00:00+00:00,10381.781875923261
2026-03-22 11:00:00+00:00,10381.781875923261
2026-03-22 12:00:00+00:00,10381.781875923261
2026-03-22 13:00:00+00:00,10321.8927302394
2026-03-22 14:00:00+00:00,10316.8833302394
2026-03-22 15:00:00+00:00,10314.6448302394
2026-03-22 16:00:00+00:00,10298.370330239399
2026-03-22 17:00:00+00:00,10303.559245219221
2026-03-22 18:00:00+00:00,10319.240845219221
2026-03-22 19:00:00+00:00,10325.762745219221
2026-03-22 20:00:00+00:00,10375.626845219222
2026-03-22 21:00:00+00:00,10379.946545219222
2026-03-22 22:00:00+00:00,10412.471345219223
2026-03-22 23:00:00+00:00,10359.58224521922
2026-03-23 00:00:00+00:00,10416.258645219223
2026-03-23 01:00:00+00:00,10438.952510743984
2026-03-23 02:00:00+00:00,10409.827810743986
2026-03-23 03:00:00+00:00,10362.081210743985
2026-03-23 04:00:00+00:00,10389.536110743986
2026-03-23 05:00:00+00:00,10334.372210743986
2026-03-23 06:00:00+00:00,10313.43680679477
2026-03-23 07:00:00+00:00,10313.43680679477
2026-03-23 08:00:00+00:00,10313.43680679477
2026-03-23 09:00:00+00:00,10313.43680679477
2026-03-23 10:00:00+00:00,10313.43680679477
2026-03-23 11:00:00+00:00,10313.43680679477
2026-03-23 12:00:00+00:00,10313.43680679477
2026-03-23 13:00:00+00:00,10313.43680679477
2026-03-23 14:00:00+00:00,10313.43680679477
2026-03-23 15:00:00+00:00,10313.43680679477
2026-03-23 16:00:00+00:00,10313.43680679477
2026-03-23 17:00:00+00:00,10313.43680679477
2026-03-23 18:00:00+00:00,10313.43680679477
2026-03-23 19:00:00+00:00,10313.43680679477
2026-03-23 20:00:00+00:00,10313.43680679477
2026-03-23 21:00:00+00:00,10313.43680679477
2026-03-23 22:00:00+00:00,10313.43680679477
2026-03-23 23:00:00+00:00,10313.43680679477
2026-03-24 00:00:00+00:00,10313.43680679477
2026-03-24 01:00:00+00:00,10313.43680679477
2026-03-24 02:00:00+00:00,10313.43680679477
2026-03-24 03:00:00+00:00,10313.43680679477
2026-03-24 04:00:00+00:00,10313.43680679477
2026-03-24 05:00:00+00:00,10313.43680679477
2026-03-24 06:00:00+00:00,10313.43680679477
2026-03-24 07:00:00+00:00,10313.43680679477
2026-03-24 08:00:00+00:00,10313.43680679477
2026-03-24 09:00:00+00:00,10313.43680679477
2026-03-24 10:00:00+00:00,10313.43680679477
2026-03-24 11:00:00+00:00,10313.43680679477
2026-03-24 12:00:00+00:00,10313.43680679477
2026-03-24 13:00:00+00:00,10313.43680679477
2026-03-24 14:00:00+00:00,10313.43680679477
2026-03-24 15:00:00+00:00,10313.43680679477
2026-03-24 16:00:00+00:00,10313.43680679477
2026-03-24 17:00:00+00:00,10313.43680679477
2026-03-24 18:00:00+00:00,10313.43680679477
2026-03-24 19:00:00+00:00,10313.43680679477
2026-03-24 20:00:00+00:00,10313.43680679477
2026-03-24 21:00:00+00:00,10313.43680679477
2026-03-24 22:00:00+00:00,10313.43680679477
2026-03-24 23:00:00+00:00,10313.43680679477
2026-03-25 00:00:00+00:00,10313.43680679477
2026-03-25 01:00:00+00:00,10313.43680679477
2026-03-25 02:00:00+00:00,10313.43680679477
2026-03-25 03:00:00+00:00,10313.43680679477
2026-03-25 04:00:00+00:00,10313.43680679477
2026-03-25 05:00:00+00:00,10313.43680679477
2026-03-25 06:00:00+00:00,10313.43680679477
2026-03-25 07:00:00+00:00,10313.43680679477
2026-03-25 08:00:00+00:00,10313.43680679477
2026-03-25 09:00:00+00:00,10313.43680679477
2026-03-25 10:00:00+00:00,10313.43680679477
2026-03-25 11:00:00+00:00,10313.43680679477
2026-03-25 12:00:00+00:00,10313.43680679477
2026-03-25 13:00:00+00:00,10313.43680679477
2026-03-25 14:00:00+00:00,10313.43680679477
2026-03-25 15:00:00+00:00,10313.43680679477
2026-03-25 16:00:00+00:00,10313.43680679477
2026-03-25 17:00:00+00:00,10313.43680679477
2026-03-25 18:00:00+00:00,10313.43680679477
2026-03-25 19:00:00+00:00,10313.43680679477
2026-03-25 20:00:00+00:00,10313.43680679477
2026-03-25 21:00:00+00:00,10313.43680679477
2026-03-25 22:00:00+00:00,10313.43680679477
2026-03-25 23:00:00+00:00,10313.43680679477
2026-03-26 00:00:00+00:00,10313.43680679477
2026-03-26 01:00:00+00:00,10313.43680679477
2026-03-26 02:00:00+00:00,10313.43680679477
2026-03-26 03:00:00+00:00,10313.43680679477
2026-03-26 04:00:00+00:00,10313.43680679477
2026-03-26 05:00:00+00:00,10313.43680679477
2026-03-26 06:00:00+00:00,10313.43680679477
2026-03-26 07:00:00+00:00,10313.43680679477
2026-03-26 08:00:00+00:00,10313.43680679477
2026-03-26 09:00:00+00:00,10313.43680679477
2026-03-26 10:00:00+00:00,10313.43680679477
2026-03-26 11:00:00+00:00,10313.43680679477
2026-03-26 12:00:00+00:00,10313.43680679477
2026-03-26 13:00:00+00:00,10313.43680679477
2026-03-26 14:00:00+00:00,10313.43680679477
2026-03-26 15:00:00+00:00,10313.43680679477
2026-03-26 16:00:00+00:00,10313.43680679477
2026-03-26 17:00:00+00:00,10313.43680679477
2026-03-26 18:00:00+00:00,10313.43680679477
2026-03-26 19:00:00+00:00,10313.43680679477
2026-03-26 20:00:00+00:00,10313.43680679477
2026-03-26 21:00:00+00:00,10313.43680679477
2026-03-26 22:00:00+00:00,10313.43680679477
2026-03-26 23:00:00+00:00,10313.43680679477
2026-03-27 00:00:00+00:00,10313.43680679477
2026-03-27 01:00:00+00:00,10313.43680679477
2026-03-27 02:00:00+00:00,10313.43680679477
2026-03-27 03:00:00+00:00,10313.43680679477
2026-03-27 04:00:00+00:00,10313.43680679477
2026-03-27 05:00:00+00:00,10313.43680679477
2026-03-27 06:00:00+00:00,10313.43680679477
2026-03-27 07:00:00+00:00,10313.43680679477
2026-03-27 08:00:00+00:00,10313.43680679477
2026-03-27 09:00:00+00:00,10313.43680679477
2026-03-27 10:00:00+00:00,10313.43680679477
2026-03-27 11:00:00+00:00,10313.43680679477
2026-03-27 12:00:00+00:00,10290.164740176224
2026-03-27 13:00:00+00:00,10297.698940176222
2026-03-27 14:00:00+00:00,10334.969740176224
2026-03-27 15:00:00+00:00,10333.856140176224
2026-03-27 16:00:00+00:00,10339.624240176223
2026-03-27 17:00:00+00:00,10351.943062587123
2026-03-27 18:00:00+00:00,10381.662262587122
2026-03-27 19:00:00+00:00,10364.192662587122
2026-03-27 20:00:00+00:00,10347.253762587123
2026-03-27 21:00:00+00:00,10348.410862587123
2026-03-27 22:00:00+00:00,10342.982062587123
2026-03-27 23:00:00+00:00,10348.193362587122
2026-03-28 00:00:00+00:00,10315.733662587123
2026-03-28 01:00:00+00:00,10312.758221379296
2026-03-28 02:00:00+00:00,10334.525621379295
2026-03-28 03:00:00+00:00,10345.209221379295
2026-03-28 04:00:00+00:00,10329.905921379295
2026-03-28 05:00:00+00:00,10325.408021379297
2026-03-28 06:00:00+00:00,10319.787821379296
2026-03-28 07:00:00+00:00,10316.438321379295
2026-03-28 08:00:00+00:00,10300.621721379295
2026-03-28 09:00:00+00:00,10314.422069808785
2026-03-28 10:00:00+00:00,10323.313469808785
2026-03-28 11:00:00+00:00,10330.682369808785
2026-03-28 12:00:00+00:00,10321.973669808784
2026-03-28 13:00:00+00:00,10311.116069808786
2026-03-28 14:00:00+00:00,10275.160110846007
2026-03-28 15:00:00+00:00,10275.160110846007
2026-03-28 16:00:00+00:00,10275.160110846007
2026-03-28 17:00:00+00:00,10275.160110846007
2026-03-28 18:00:00+00:00,10275.160110846007
2026-03-28 19:00:00+00:00,10275.160110846007
2026-03-28 20:00:00+00:00,10275.160110846007
2026-03-28 21:00:00+00:00,10275.160110846007
2026-03-28 22:00:00+00:00,10275.160110846007
2026-03-28 23:00:00+00:00,10275.160110846007
2026-03-29 00:00:00+00:00,10275.160110846007
2026-03-29 01:00:00+00:00,10275.160110846007
2026-03-29 02:00:00+00:00,10275.160110846007
2026-03-29 03:00:00+00:00,10275.160110846007
2026-03-29 04:00:00+00:00,10275.160110846007
2026-03-29 05:00:00+00:00,10275.160110846007
2026-03-29 06:00:00+00:00,10275.160110846007
2026-03-29 07:00:00+00:00,10275.160110846007
2026-03-29 08:00:00+00:00,10275.160110846007
2026-03-29 09:00:00+00:00,10275.160110846007
2026-03-29 10:00:00+00:00,10275.160110846007
2026-03-29 11:00:00+00:00,10275.160110846007
2026-03-29 12:00:00+00:00,10275.160110846007
2026-03-29 13:00:00+00:00,10275.160110846007
2026-03-29 14:00:00+00:00,10275.160110846007
2026-03-29 15:00:00+00:00,10275.160110846007
2026-03-29 16:00:00+00:00,10275.160110846007
2026-03-29 17:00:00+00:00,10275.160110846007
2026-03-29 18:00:00+00:00,10275.160110846007
2026-03-29 19:00:00+00:00,10275.160110846007
2026-03-29 20:00:00+00:00,10275.160110846007
2026-03-29 21:00:00+00:00,10275.160110846007
2026-03-29 22:00:00+00:00,10275.160110846007
2026-03-29 23:00:00+00:00,10275.160110846007
2026-03-30 00:00:00+00:00,10275.160110846007
2026-03-30 01:00:00+00:00,10275.160110846007
2026-03-30 02:00:00+00:00,10275.160110846007
2026-03-30 03:00:00+00:00,10275.160110846007
2026-03-30 04:00:00+00:00,10275.160110846007
2026-03-30 05:00:00+00:00,10275.160110846007
2026-03-30 06:00:00+00:00,10275.160110846007
2026-03-30 07:00:00+00:00,10275.160110846007
2026-03-30 08:00:00+00:00,10275.160110846007
2026-03-30 09:00:00+00:00,10275.160110846007
2026-03-30 10:00:00+00:00,10275.160110846007
2026-03-30 11:00:00+00:00,10275.160110846007
2026-03-30 12:00:00+00:00,10275.160110846007
2026-03-30 13:00:00+00:00,10275.160110846007
2026-03-30 14:00:00+00:00,10275.160110846007
2026-03-30 15:00:00+00:00,10275.160110846007
2026-03-30 16:00:00+00:00,10275.160110846007
2026-03-30 17:00:00+00:00,10275.160110846007
2026-03-30 18:00:00+00:00,10275.160110846007
2026-03-30 19:00:00+00:00,10275.160110846007
2026-03-30 20:00:00+00:00,10275.160110846007
2026-03-30 21:00:00+00:00,10275.160110846007
2026-03-30 22:00:00+00:00,10275.160110846007
2026-03-30 23:00:00+00:00,10275.160110846007
2026-03-31 00:00:00+00:00,10275.160110846007
2026-03-31 01:00:00+00:00,10275.160110846007
2026-03-31 02:00:00+00:00,10275.160110846007
2026-03-31 03:00:00+00:00,10275.160110846007
2026-03-31 04:00:00+00:00,10275.160110846007
2026-03-31 05:00:00+00:00,10275.160110846007
2026-03-31 06:00:00+00:00,10275.160110846007
2026-03-31 07:00:00+00:00,10275.160110846007
2026-03-31 08:00:00+00:00,10275.160110846007
2026-03-31 09:00:00+00:00,10275.160110846007
2026-03-31 10:00:00+00:00,10275.160110846007
2026-03-31 11:00:00+00:00,10275.160110846007
2026-03-31 12:00:00+00:00,10275.160110846007
2026-03-31 13:00:00+00:00,10275.160110846007
2026-03-31 14:00:00+00:00,10275.160110846007
2026-03-31 15:00:00+00:00,10275.160110846007
2026-03-31 16:00:00+00:00,10275.160110846007
2026-03-31 17:00:00+00:00,10275.160110846007
2026-03-31 18:00:00+00:00,10275.160110846007
2026-03-31 19:00:00+00:00,10275.160110846007
2026-03-31 20:00:00+00:00,10275.160110846007
2026-03-31 21:00:00+00:00,10275.160110846007
2026-03-31 22:00:00+00:00,10275.160110846007
2026-03-31 23:00:00+00:00,10275.160110846007
2026-04-01 00:00:00+00:00,10275.160110846007
2026-04-01 01:00:00+00:00,10275.160110846007
2026-04-01 02:00:00+00:00,10275.160110846007
2026-04-01 03:00:00+00:00,10275.160110846007
2026-04-01 04:00:00+00:00,10275.160110846007
2026-04-01 05:00:00+00:00,10275.160110846007
2026-04-01 06:00:00+00:00,10275.160110846007
2026-04-01 07:00:00+00:00,10275.160110846007
2026-04-01 08:00:00+00:00,10275.160110846007
2026-04-01 09:00:00+00:00,10275.160110846007
2026-04-01 10:00:00+00:00,10275.160110846007
2026-04-01 11:00:00+00:00,10275.160110846007
2026-04-01 12:00:00+00:00,10275.160110846007
2026-04-01 13:00:00+00:00,10275.160110846007
2026-04-01 14:00:00+00:00,10275.160110846007
2026-04-01 15:00:00+00:00,10275.160110846007
2026-04-01 16:00:00+00:00,10275.160110846007
2026-04-01 17:00:00+00:00,10275.160110846007
2026-04-01 18:00:00+00:00,10275.160110846007
2026-04-01 19:00:00+00:00,10275.160110846007
2026-04-01 20:00:00+00:00,10275.160110846007
2026-04-01 21:00:00+00:00,10275.160110846007
2026-04-01 22:00:00+00:00,10275.160110846007
2026-04-01 23:00:00+00:00,10275.160110846007
2026-04-02 00:00:00+00:00,10275.160110846007
2026-04-02 01:00:00+00:00,10275.160110846007
2026-04-02 02:00:00+00:00,10275.160110846007
2026-04-02 03:00:00+00:00,10275.160110846007
2026-04-02 04:00:00+00:00,10275.160110846007
2026-04-02 05:00:00+00:00,10275.160110846007
2026-04-02 06:00:00+00:00,10275.160110846007
2026-04-02 07:00:00+00:00,10275.160110846007
2026-04-02 08:00:00+00:00,10275.160110846007
2026-04-02 09:00:00+00:00,10275.160110846007
2026-04-02 10:00:00+00:00,10275.160110846007
2026-04-02 11:00:00+00:00,10275.160110846007
2026-04-02 12:00:00+00:00,10275.160110846007
2026-04-02 13:00:00+00:00,10275.160110846007
2026-04-02 14:00:00+00:00,10275.160110846007
2026-04-02 15:00:00+00:00,10275.160110846007
2026-04-02 16:00:00+00:00,10275.160110846007
2026-04-02 17:00:00+00:00,10275.160110846007
2026-04-02 18:00:00+00:00,10275.160110846007
2026-04-02 19:00:00+00:00,10275.160110846007
2026-04-02 20:00:00+00:00,10275.160110846007
2026-04-02 21:00:00+00:00,10275.160110846007
2026-04-02 22:00:00+00:00,10275.160110846007
2026-04-02 23:00:00+00:00,10275.160110846007
2026-04-03 00:00:00+00:00,10275.160110846007
2026-04-03 01:00:00+00:00,10275.160110846007
2026-04-03 02:00:00+00:00,10275.160110846007
2026-04-03 03:00:00+00:00,10275.160110846007
2026-04-03 04:00:00+00:00,10275.160110846007
2026-04-03 05:00:00+00:00,10275.160110846007
2026-04-03 06:00:00+00:00,10275.160110846007
2026-04-03 07:00:00+00:00,10275.160110846007
2026-04-03 08:00:00+00:00,10275.160110846007
2026-04-03 09:00:00+00:00,10275.160110846007
2026-04-03 10:00:00+00:00,10275.160110846007
2026-04-03 11:00:00+00:00,10275.160110846007
2026-04-03 12:00:00+00:00,10275.160110846007
2026-04-03 13:00:00+00:00,10275.160110846007
2026-04-03 14:00:00+00:00,10275.160110846007
2026-04-03 15:00:00+00:00,10275.160110846007
2026-04-03 16:00:00+00:00,10275.160110846007
2026-04-03 17:00:00+00:00,10275.160110846007
2026-04-03 18:00:00+00:00,10275.160110846007
2026-04-03 19:00:00+00:00,10275.160110846007
2026-04-03 20:00:00+00:00,10275.160110846007
2026-04-03 21:00:00+00:00,10275.160110846007
2026-04-03 22:00:00+00:00,10275.160110846007
2026-04-03 23:00:00+00:00,10275.160110846007
2026-04-04 00:00:00+00:00,10275.160110846007
2026-04-04 01:00:00+00:00,10275.160110846007
2026-04-04 02:00:00+00:00,10275.160110846007
2026-04-04 03:00:00+00:00,10275.160110846007
2026-04-04 04:00:00+00:00,10275.160110846007
2026-04-04 05:00:00+00:00,10275.160110846007
2026-04-04 06:00:00+00:00,10275.160110846007
2026-04-04 07:00:00+00:00,10275.160110846007
2026-04-04 08:00:00+00:00,10275.160110846007
2026-04-04 09:00:00+00:00,10275.160110846007
2026-04-04 10:00:00+00:00,10275.160110846007
2026-04-04 11:00:00+00:00,10275.160110846007
2026-04-04 12:00:00+00:00,10275.160110846007
2026-04-04 13:00:00+00:00,10275.160110846007
2026-04-04 14:00:00+00:00,10275.160110846007
2026-04-04 15:00:00+00:00,10275.160110846007
2026-04-04 16:00:00+00:00,10275.160110846007
2026-04-04 17:00:00+00:00,10275.160110846007
2026-04-04 18:00:00+00:00,10275.160110846007
2026-04-04 19:00:00+00:00,10275.160110846007
2026-04-04 20:00:00+00:00,10275.160110846007
2026-04-04 21:00:00+00:00,10275.160110846007
2026-04-04 22:00:00+00:00,10275.160110846007
2026-04-04 23:00:00+00:00,10275.160110846007
2026-04-05 00:00:00+00:00,10275.160110846007
2026-04-05 01:00:00+00:00,10275.160110846007
2026-04-05 02:00:00+00:00,10275.160110846007
2026-04-05 03:00:00+00:00,10275.160110846007
2026-04-05 04:00:00+00:00,10275.160110846007
2026-04-05 05:00:00+00:00,10275.160110846007
2026-04-05 06:00:00+00:00,10275.160110846007
2026-04-05 07:00:00+00:00,10275.160110846007
2026-04-05 08:00:00+00:00,10275.160110846007
2026-04-05 09:00:00+00:00,10275.160110846007
2026-04-05 10:00:00+00:00,10275.160110846007
2026-04-05 11:00:00+00:00,10275.160110846007
2026-04-05 12:00:00+00:00,10275.160110846007
2026-04-05 13:00:00+00:00,10275.160110846007
2026-04-05 14:00:00+00:00,10275.160110846007
2026-04-05 15:00:00+00:00,10275.160110846007
2026-04-05 16:00:00+00:00,10275.160110846007
2026-04-05 17:00:00+00:00,10275.160110846007
2026-04-05 18:00:00+00:00,10275.160110846007
2026-04-05 19:00:00+00:00,10275.160110846007
2026-04-05 20:00:00+00:00,10275.160110846007
2026-04-05 21:00:00+00:00,10275.160110846007
2026-04-05 22:00:00+00:00,10275.160110846007
2026-04-05 23:00:00+00:00,10275.160110846007
2026-04-06 00:00:00+00:00,10275.160110846007
2026-04-06 01:00:00+00:00,10275.160110846007
2026-04-06 02:00:00+00:00,10275.160110846007
2026-04-06 03:00:00+00:00,10275.160110846007
2026-04-06 04:00:00+00:00,10275.160110846007
2026-04-06 05:00:00+00:00,10275.160110846007
2026-04-06 06:00:00+00:00,10275.160110846007
2026-04-06 07:00:00+00:00,10275.160110846007
2026-04-06 08:00:00+00:00,10275.160110846007
2026-04-06 09:00:00+00:00,10275.160110846007
2026-04-06 10:00:00+00:00,10275.160110846007
2026-04-06 11:00:00+00:00,10273.671707703937
2026-04-06 12:00:00+00:00,10255.570707703937
2026-04-06 13:00:00+00:00,10227.625707703937
2026-04-06 14:00:00+00:00,10234.019707703937
2026-04-06 15:00:00+00:00,10258.583707703938
2026-04-06 16:00:00+00:00,10293.578207703937
2026-04-06 17:00:00+00:00,10273.141577721079
2026-04-06 18:00:00+00:00,10247.933577721076
2026-04-06 19:00:00+00:00,10284.618577721078
2026-04-06 20:00:00+00:00,10267.357077721077
2026-04-06 21:00:00+00:00,10276.833077721078
2026-04-06 22:00:00+00:00,10241.275077721077
2026-04-06 23:00:00+00:00,10192.155711446121
2026-04-07 00:00:00+00:00,10192.155711446121
2026-04-07 01:00:00+00:00,10192.155711446121
2026-04-07 02:00:00+00:00,10192.155711446121
2026-04-07 03:00:00+00:00,10192.155711446121
2026-04-07 04:00:00+00:00,10192.155711446121
2026-04-07 05:00:00+00:00,10192.155711446121
2026-04-07 06:00:00+00:00,10192.155711446121
2026-04-07 07:00:00+00:00,10192.155711446121
2026-04-07 08:00:00+00:00,10192.155711446121
2026-04-07 09:00:00+00:00,10192.155711446121
2026-04-07 10:00:00+00:00,10192.155711446121
2026-04-07 11:00:00+00:00,10192.155711446121
2026-04-07 12:00:00+00:00,10192.155711446121
2026-04-07 13:00:00+00:00,10192.155711446121
2026-04-07 14:00:00+00:00,10192.155711446121
2026-04-07 15:00:00+00:00,10192.155711446121
2026-04-07 16:00:00+00:00,10192.155711446121
2026-04-07 17:00:00+00:00,10192.155711446121
2026-04-07 18:00:00+00:00,10192.155711446121
2026-04-07 19:00:00+00:00,10192.155711446121
2026-04-07 20:00:00+00:00,10192.155711446121
2026-04-07 21:00:00+00:00,10192.155711446121
2026-04-07 22:00:00+00:00,10192.155711446121
2026-04-07 23:00:00+00:00,10192.155711446121
2026-04-08 00:00:00+00:00,10221.056194148521
2026-04-08 01:00:00+00:00,10203.914484498426
2026-04-08 02:00:00+00:00,10185.642484498427
2026-04-08 03:00:00+00:00,10176.234484498425
2026-04-08 04:00:00+00:00,10170.642484498427
2026-04-08 05:00:00+00:00,10192.354484498426
2026-04-08 06:00:00+00:00,10205.434484498426
2026-04-08 07:00:00+00:00,10205.826484498426
2026-04-08 08:00:00+00:00,10198.170484498425
2026-04-08 09:00:00+00:00,10210.861490898425
2026-04-08 10:00:00+00:00,10201.421490898425
2026-04-08 11:00:00+00:00,10184.653490898425
2026-04-08 12:00:00+00:00,10200.565490898425
2026-04-08 13:00:00+00:00,10230.557490898425
2026-04-08 14:00:00+00:00,10193.053490898425
2026-04-08 15:00:00+00:00,10146.994486014913
2026-04-08 16:00:00+00:00,10146.994486014913
2026-04-08 17:00:00+00:00,10146.994486014913
2026-04-08 18:00:00+00:00,10146.994486014913
2026-04-08 19:00:00+00:00,10146.994486014913
2026-04-08 20:00:00+00:00,10146.994486014913
2026-04-08 21:00:00+00:00,10146.994486014913
2026-04-08 22:00:00+00:00,10146.994486014913
2026-04-08 23:00:00+00:00,10146.994486014913
2026-04-09 00:00:00+00:00,10146.994486014913
2026-04-09 01:00:00+00:00,10146.994486014913
2026-04-09 02:00:00+00:00,10146.994486014913
2026-04-09 03:00:00+00:00,10146.994486014913
2026-04-09 04:00:00+00:00,10146.994486014913
2026-04-09 05:00:00+00:00,10146.994486014913
2026-04-09 06:00:00+00:00,10146.994486014913
2026-04-09 07:00:00+00:00,10146.994486014913
2026-04-09 08:00:00+00:00,10146.994486014913
2026-04-09 09:00:00+00:00,10146.994486014913
2026-04-09 10:00:00+00:00,10146.994486014913
2026-04-09 11:00:00+00:00,10146.994486014913
2026-04-09 12:00:00+00:00,10146.994486014913
2026-04-09 13:00:00+00:00,10146.994486014913
2026-04-09 14:00:00+00:00,10146.994486014913
2026-04-09 15:00:00+00:00,10146.994486014913
2026-04-09 16:00:00+00:00,10146.994486014913
2026-04-09 17:00:00+00:00,10146.994486014913
2026-04-09 18:00:00+00:00,10146.994486014913
2026-04-09 19:00:00+00:00,10146.994486014913
2026-04-09 20:00:00+00:00,10146.994486014913
2026-04-09 21:00:00+00:00,10146.994486014913
2026-04-09 22:00:00+00:00,10146.994486014913
2026-04-09 23:00:00+00:00,10146.994486014913
2026-04-10 00:00:00+00:00,10146.994486014913
2026-04-10 01:00:00+00:00,10146.994486014913
2026-04-10 02:00:00+00:00,10146.994486014913
2026-04-10 03:00:00+00:00,10146.994486014913
2026-04-10 04:00:00+00:00,10146.994486014913
2026-04-10 05:00:00+00:00,10146.994486014913
2026-04-10 06:00:00+00:00,10146.994486014913
2026-04-10 07:00:00+00:00,10146.994486014913
2026-04-10 08:00:00+00:00,10146.994486014913
2026-04-10 09:00:00+00:00,10146.994486014913
2026-04-10 10:00:00+00:00,10146.994486014913
2026-04-10 11:00:00+00:00,10146.994486014913
2026-04-10 12:00:00+00:00,10146.994486014913
2026-04-10 13:00:00+00:00,10146.994486014913
2026-04-10 14:00:00+00:00,10146.994486014913
2026-04-10 15:00:00+00:00,10146.994486014913
2026-04-10 16:00:00+00:00,10146.994486014913
2026-04-10 17:00:00+00:00,10146.994486014913
2026-04-10 18:00:00+00:00,10146.994486014913
2026-04-10 19:00:00+00:00,10146.994486014913
2026-04-10 20:00:00+00:00,10146.994486014913
2026-04-10 21:00:00+00:00,10146.994486014913
2026-04-10 22:00:00+00:00,10125.461458702848
2026-04-10 23:00:00+00:00,10094.53025870285
2026-04-11 00:00:00+00:00,10102.690258702849
2026-04-11 01:00:00+00:00,10090.543308878101
2026-04-11 02:00:00+00:00,10102.860108878102
2026-04-11 03:00:00+00:00,10102.984908878103
2026-04-11 04:00:00+00:00,10094.162508878102
2026-04-11 05:00:00+00:00,10088.805708878102
2026-04-11 06:00:00+00:00,10080.6745088781
2026-04-11 07:00:00+00:00,10084.7545088781
2026-04-11 08:00:00+00:00,10082.911308878101
2026-04-11 09:00:00+00:00,10074.578683552412
2026-04-11 10:00:00+00:00,10097.51308355241
2026-04-11 11:00:00+00:00,10091.36908355241
2026-04-11 12:00:00+00:00,10098.33868355241
2026-04-11 13:00:00+00:00,10099.893883552411
2026-04-11 14:00:00+00:00,10073.791483552412
2026-04-11 15:00:00+00:00,10077.746683552412
2026-04-11 16:00:00+00:00,10092.847483552412
2026-04-11 17:00:00+00:00,10109.145516333741
2026-04-11 18:00:00+00:00,10114.895916333742
2026-04-11 19:00:00+00:00,10159.72791633374
2026-04-11 20:00:00+00:00,10172.428716333741
2026-04-11 21:00:00+00:00,10135.487916333741
2026-04-11 22:00:00+00:00,10148.11191633374
2026-04-11 23:00:00+00:00,10141.852716333742
2026-04-12 00:00:00+00:00,10101.871681623177
2026-04-12 01:00:00+00:00,10101.871681623177
2026-04-12 02:00:00+00:00,10101.871681623177
2026-04-12 03:00:00+00:00,10101.871681623177
2026-04-12 04:00:00+00:00,10101.871681623177
2026-04-12 05:00:00+00:00,10101.871681623177
2026-04-12 06:00:00+00:00,10101.871681623177
2026-04-12 07:00:00+00:00,10101.871681623177
2026-04-12 08:00:00+00:00,10101.871681623177
2026-04-12 09:00:00+00:00,10101.871681623177
2026-04-12 10:00:00+00:00,10101.871681623177
2026-04-12 11:00:00+00:00,10101.871681623177
2026-04-12 12:00:00+00:00,10101.871681623177
2026-04-12 13:00:00+00:00,10101.871681623177
2026-04-12 14:00:00+00:00,10101.871681623177
2026-04-12 15:00:00+00:00,10101.871681623177
2026-04-12 16:00:00+00:00,10101.871681623177
2026-04-12 17:00:00+00:00,10101.871681623177
2026-04-12 18:00:00+00:00,10101.871681623177
2026-04-12 19:00:00+00:00,10101.871681623177
2026-04-12 20:00:00+00:00,10101.871681623177
2026-04-12 21:00:00+00:00,10101.871681623177
2026-04-12 22:00:00+00:00,10101.871681623177
2026-04-12 23:00:00+00:00,10101.871681623177
2026-04-13 00:00:00+00:00,10101.871681623177
2026-04-13 01:00:00+00:00,10101.871681623177
2026-04-13 02:00:00+00:00,10101.871681623177
2026-04-13 03:00:00+00:00,10101.871681623177
2026-04-13 04:00:00+00:00,10101.871681623177
2026-04-13 05:00:00+00:00,10101.871681623177
2026-04-13 06:00:00+00:00,10101.871681623177
2026-04-13 07:00:00+00:00,10101.871681623177
2026-04-13 08:00:00+00:00,10101.871681623177
2026-04-13 09:00:00+00:00,10101.871681623177
2026-04-13 10:00:00+00:00,10101.871681623177
2026-04-13 11:00:00+00:00,10101.871681623177
2026-04-13 12:00:00+00:00,10101.871681623177
2026-04-13 13:00:00+00:00,10101.871681623177
2026-04-13 14:00:00+00:00,10101.871681623177
2026-04-13 15:00:00+00:00,10101.871681623177
2026-04-13 16:00:00+00:00,10101.871681623177
2026-04-13 17:00:00+00:00,10101.871681623177
2026-04-13 18:00:00+00:00,10101.871681623177
2026-04-13 19:00:00+00:00,10101.871681623177
2026-04-13 20:00:00+00:00,10101.871681623177
2026-04-13 21:00:00+00:00,10101.871681623177
2026-04-13 22:00:00+00:00,10101.871681623177
2026-04-13 23:00:00+00:00,10101.871681623177
2026-04-14 00:00:00+00:00,10078.693826415032
2026-04-14 01:00:00+00:00,10057.75607073814
2026-04-14 02:00:00+00:00,10075.90817073814
2026-04-14 03:00:00+00:00,10071.849470738138
2026-04-14 04:00:00+00:00,10081.020970738138
2026-04-14 05:00:00+00:00,10076.372970738139
2026-04-14 06:00:00+00:00,10061.947570738139
2026-04-14 07:00:00+00:00,10087.038470738138
2026-04-14 08:00:00+00:00,10089.28777073814
2026-04-14 09:00:00+00:00,10105.39112179131
2026-04-14 10:00:00+00:00,10084.64112179131
2026-04-14 11:00:00+00:00,10072.18282179131
2026-04-14 12:00:00+00:00,10074.830521791311
2026-04-14 13:00:00+00:00,10080.94762179131
2026-04-14 14:00:00+00:00,10167.65772179131
2026-04-14 15:00:00+00:00,10126.28222179131
2026-04-14 16:00:00+00:00,10084.631373783754
2026-04-14 17:00:00+00:00,10084.631373783754
2026-04-14 18:00:00+00:00,10084.631373783754
2026-04-14 19:00:00+00:00,10084.631373783754
2026-04-14 20:00:00+00:00,10084.631373783754
2026-04-14 21:00:00+00:00,10084.631373783754
2026-04-14 22:00:00+00:00,10084.631373783754
2026-04-14 23:00:00+00:00,10084.631373783754
2026-04-15 00:00:00+00:00,10084.631373783754
2026-04-15 01:00:00+00:00,10084.631373783754
2026-04-15 02:00:00+00:00,10084.631373783754
2026-04-15 03:00:00+00:00,10084.631373783754
2026-04-15 04:00:00+00:00,10084.631373783754
2026-04-15 05:00:00+00:00,10084.631373783754
2026-04-15 06:00:00+00:00,10084.631373783754
2026-04-15 07:00:00+00:00,10084.631373783754
2026-04-15 08:00:00+00:00,10084.631373783754
2026-04-15 09:00:00+00:00,10084.631373783754
2026-04-15 10:00:00+00:00,10084.631373783754
2026-04-15 11:00:00+00:00,10084.631373783754
2026-04-15 12:00:00+00:00,10084.631373783754
2026-04-15 13:00:00+00:00,10084.631373783754
2026-04-15 14:00:00+00:00,10084.631373783754
2026-04-15 15:00:00+00:00,10084.631373783754
2026-04-15 16:00:00+00:00,10084.631373783754
2026-04-15 17:00:00+00:00,10084.631373783754
2026-04-15 18:00:00+00:00,10084.631373783754
2026-04-15 19:00:00+00:00,10084.631373783754
2026-04-15 20:00:00+00:00,10084.631373783754
2026-04-15 21:00:00+00:00,10084.631373783754
2026-04-15 22:00:00+00:00,10084.631373783754
2026-04-15 23:00:00+00:00,10084.631373783754
2026-04-16 00:00:00+00:00,10084.631373783754
2026-04-16 01:00:00+00:00,10084.631373783754
2026-04-16 02:00:00+00:00,10084.631373783754
2026-04-16 03:00:00+00:00,10084.631373783754
2026-04-16 04:00:00+00:00,10084.631373783754
2026-04-16 05:00:00+00:00,10084.631373783754
2026-04-16 06:00:00+00:00,10084.631373783754
2026-04-16 07:00:00+00:00,10084.631373783754
2026-04-16 08:00:00+00:00,10084.631373783754
2026-04-16 09:00:00+00:00,10084.631373783754
2026-04-16 10:00:00+00:00,10084.631373783754
2026-04-16 11:00:00+00:00,10084.631373783754
2026-04-16 12:00:00+00:00,10084.631373783754
2026-04-16 13:00:00+00:00,10084.631373783754
2026-04-16 14:00:00+00:00,10084.631373783754
2026-04-16 15:00:00+00:00,10084.631373783754
2026-04-16 16:00:00+00:00,10084.631373783754
2026-04-16 17:00:00+00:00,10084.631373783754
2026-04-16 18:00:00+00:00,10084.631373783754
2026-04-16 19:00:00+00:00,10084.631373783754
2026-04-16 20:00:00+00:00,10084.631373783754
2026-04-16 21:00:00+00:00,10084.631373783754
2026-04-16 22:00:00+00:00,10084.631373783754
2026-04-16 23:00:00+00:00,10084.631373783754
2026-04-17 00:00:00+00:00,10084.631373783754
2026-04-17 01:00:00+00:00,10084.631373783754
2026-04-17 02:00:00+00:00,10084.631373783754
2026-04-17 03:00:00+00:00,10084.631373783754
2026-04-17 04:00:00+00:00,10084.631373783754
2026-04-17 05:00:00+00:00,10084.631373783754
2026-04-17 06:00:00+00:00,10084.631373783754
2026-04-17 07:00:00+00:00,10084.631373783754
2026-04-17 08:00:00+00:00,10084.631373783754
2026-04-17 09:00:00+00:00,10084.631373783754
2026-04-17 10:00:00+00:00,10084.631373783754
2026-04-17 11:00:00+00:00,10084.631373783754
2026-04-17 12:00:00+00:00,10084.631373783754
2026-04-17 13:00:00+00:00,10084.631373783754
2026-04-17 14:00:00+00:00,10084.631373783754
2026-04-17 15:00:00+00:00,10123.075284041213
2026-04-17 16:00:00+00:00,10114.651284041214
2026-04-17 17:00:00+00:00,10122.15697750829
2026-04-17 18:00:00+00:00,10094.770877508288
2026-04-17 19:00:00+00:00,10065.740477508289
2026-04-17 20:00:00+00:00,10083.97357750829
2026-04-17 21:00:00+00:00,10078.96777750829
2026-04-17 22:00:00+00:00,10087.99117750829
2026-04-17 23:00:00+00:00,10076.31097750829
2026-04-18 00:00:00+00:00,10057.93207750829
2026-04-18 01:00:00+00:00,10066.075270417394
2026-04-18 02:00:00+00:00,10069.663570417395
2026-04-18 03:00:00+00:00,10074.928570417394
2026-04-18 04:00:00+00:00,10053.196270417395
2026-04-18 05:00:00+00:00,10061.053270417395
2026-04-18 06:00:00+00:00,10062.235870417395
2026-04-18 07:00:00+00:00,10062.851470417394
2026-04-18 08:00:00+00:00,10052.718370417395
2026-04-18 09:00:00+00:00,10017.547600448714
2026-04-18 10:00:00+00:00,10017.547600448714
2026-04-18 11:00:00+00:00,10017.547600448714
2026-04-18 12:00:00+00:00,10017.547600448714
2026-04-18 13:00:00+00:00,10017.547600448714
2026-04-18 14:00:00+00:00,10017.547600448714
2026-04-18 15:00:00+00:00,10017.547600448714
2026-04-18 16:00:00+00:00,10017.547600448714
2026-04-18 17:00:00+00:00,10017.547600448714
2026-04-18 18:00:00+00:00,10017.547600448714
2026-04-18 19:00:00+00:00,10017.547600448714
2026-04-18 20:00:00+00:00,10017.547600448714
2026-04-18 21:00:00+00:00,10017.547600448714
2026-04-18 22:00:00+00:00,10017.547600448714
2026-04-18 23:00:00+00:00,10017.547600448714
2026-04-19 00:00:00+00:00,10017.547600448714
2026-04-19 01:00:00+00:00,10017.547600448714
2026-04-19 02:00:00+00:00,10017.547600448714
2026-04-19 03:00:00+00:00,10017.547600448714
2026-04-19 04:00:00+00:00,10017.547600448714
2026-04-19 05:00:00+00:00,10017.547600448714
2026-04-19 06:00:00+00:00,10017.547600448714
2026-04-19 07:00:00+00:00,10017.547600448714
2026-04-19 08:00:00+00:00,10017.547600448714
2026-04-19 09:00:00+00:00,10017.547600448714
2026-04-19 10:00:00+00:00,10017.547600448714
2026-04-19 11:00:00+00:00,10017.547600448714
2026-04-19 12:00:00+00:00,10017.547600448714
2026-04-19 13:00:00+00:00,10017.547600448714
2026-04-19 14:00:00+00:00,10017.547600448714
2026-04-19 15:00:00+00:00,10017.547600448714
2026-04-19 16:00:00+00:00,10017.547600448714
2026-04-19 17:00:00+00:00,10017.547600448714
2026-04-19 18:00:00+00:00,10017.547600448714
2026-04-19 19:00:00+00:00,10017.547600448714
2026-04-19 20:00:00+00:00,10017.547600448714
2026-04-19 21:00:00+00:00,10017.547600448714
2026-04-19 22:00:00+00:00,10017.547600448714
2026-04-19 23:00:00+00:00,10017.547600448714
2026-04-20 00:00:00+00:00,10017.547600448714
2026-04-20 01:00:00+00:00,10017.547600448714
2026-04-20 02:00:00+00:00,10017.547600448714
2026-04-20 03:00:00+00:00,10017.547600448714
2026-04-20 04:00:00+00:00,10017.547600448714
2026-04-20 05:00:00+00:00,10017.547600448714
2026-04-20 06:00:00+00:00,10017.547600448714
2026-04-20 07:00:00+00:00,10017.547600448714
2026-04-20 08:00:00+00:00,10017.547600448714
2026-04-20 09:00:00+00:00,10017.547600448714
2026-04-20 10:00:00+00:00,10017.547600448714
2026-04-20 11:00:00+00:00,10017.547600448714
2026-04-20 12:00:00+00:00,10017.547600448714
2026-04-20 13:00:00+00:00,10017.547600448714
2026-04-20 14:00:00+00:00,10017.547600448714
2026-04-20 15:00:00+00:00,10017.547600448714
2026-04-20 16:00:00+00:00,10017.547600448714
2026-04-20 17:00:00+00:00,10017.547600448714
2026-04-20 18:00:00+00:00,10017.547600448714
2026-04-20 19:00:00+00:00,10017.547600448714
2026-04-20 20:00:00+00:00,10017.547600448714
2026-04-20 21:00:00+00:00,10017.547600448714
2026-04-20 22:00:00+00:00,10017.547600448714
2026-04-20 23:00:00+00:00,10017.547600448714
2026-04-21 00:00:00+00:00,10017.547600448714
2026-04-21 01:00:00+00:00,10017.547600448714
2026-04-21 02:00:00+00:00,10017.547600448714
2026-04-21 03:00:00+00:00,10017.547600448714
2026-04-21 04:00:00+00:00,10017.547600448714
2026-04-21 05:00:00+00:00,10017.547600448714
2026-04-21 06:00:00+00:00,10017.547600448714
2026-04-21 07:00:00+00:00,10017.547600448714
2026-04-21 08:00:00+00:00,10017.547600448714
2026-04-21 09:00:00+00:00,10017.547600448714
2026-04-21 10:00:00+00:00,10017.547600448714
2026-04-21 11:00:00+00:00,10017.547600448714
2026-04-21 12:00:00+00:00,10017.547600448714
2026-04-21 13:00:00+00:00,10017.547600448714
2026-04-21 14:00:00+00:00,10017.547600448714
2026-04-21 15:00:00+00:00,10017.547600448714
2026-04-21 16:00:00+00:00,10017.547600448714
2026-04-21 17:00:00+00:00,10017.547600448714
2026-04-21 18:00:00+00:00,10017.547600448714
2026-04-21 19:00:00+00:00,10017.547600448714
2026-04-21 20:00:00+00:00,10017.547600448714
2026-04-21 21:00:00+00:00,10017.547600448714
2026-04-21 22:00:00+00:00,10017.547600448714
2026-04-21 23:00:00+00:00,10017.547600448714
2026-04-22 00:00:00+00:00,10017.547600448714
2026-04-22 01:00:00+00:00,10017.547600448714
2026-04-22 02:00:00+00:00,10017.547600448714
2026-04-22 03:00:00+00:00,10017.547600448714
2026-04-22 04:00:00+00:00,10017.547600448714
2026-04-22 05:00:00+00:00,10017.547600448714
2026-04-22 06:00:00+00:00,10017.547600448714
2026-04-22 07:00:00+00:00,10017.547600448714
2026-04-22 08:00:00+00:00,10017.547600448714
2026-04-22 09:00:00+00:00,10017.547600448714
2026-04-22 10:00:00+00:00,10017.547600448714
2026-04-22 11:00:00+00:00,10017.547600448714
2026-04-22 12:00:00+00:00,10017.547600448714
2026-04-22 13:00:00+00:00,10017.547600448714
2026-04-22 14:00:00+00:00,10017.547600448714
2026-04-22 15:00:00+00:00,10031.33110270145
2026-04-22 16:00:00+00:00,10053.63190270145
2026-04-22 17:00:00+00:00,10003.03480749625
2026-04-22 18:00:00+00:00,10017.90520749625
2026-04-22 19:00:00+00:00,10029.972407496249
2026-04-22 20:00:00+00:00,10012.154807496248
2026-04-22 21:00:00+00:00,9974.29240749625
2026-04-22 22:00:00+00:00,10004.17720749625
2026-04-22 23:00:00+00:00,9988.79800749625
2026-04-23 00:00:00+00:00,9949.71988730492
2026-04-23 01:00:00+00:00,9949.71988730492
2026-04-23 02:00:00+00:00,9949.71988730492
2026-04-23 03:00:00+00:00,9949.71988730492
2026-04-23 04:00:00+00:00,9949.71988730492
2026-04-23 05:00:00+00:00,9949.71988730492
2026-04-23 06:00:00+00:00,9949.71988730492
2026-04-23 07:00:00+00:00,9949.71988730492
2026-04-23 08:00:00+00:00,9949.71988730492
2026-04-23 09:00:00+00:00,9949.71988730492
2026-04-23 10:00:00+00:00,9949.71988730492
2026-04-23 11:00:00+00:00,9949.71988730492
2026-04-23 12:00:00+00:00,9949.71988730492
2026-04-23 13:00:00+00:00,9949.71988730492
2026-04-23 14:00:00+00:00,9949.71988730492
2026-04-23 15:00:00+00:00,9949.71988730492
2026-04-23 16:00:00+00:00,9949.71988730492
2026-04-23 17:00:00+00:00,9949.71988730492
2026-04-23 18:00:00+00:00,9949.71988730492
2026-04-23 19:00:00+00:00,9949.71988730492
2026-04-23 20:00:00+00:00,9949.71988730492
2026-04-23 21:00:00+00:00,9949.71988730492
2026-04-23 22:00:00+00:00,9949.71988730492
2026-04-23 23:00:00+00:00,9949.71988730492
2026-04-24 00:00:00+00:00,9949.71988730492
2026-04-24 01:00:00+00:00,9949.71988730492
2026-04-24 02:00:00+00:00,9949.71988730492
2026-04-24 03:00:00+00:00,9949.71988730492
2026-04-24 04:00:00+00:00,9949.71988730492
2026-04-24 05:00:00+00:00,9949.71988730492
2026-04-24 06:00:00+00:00,9949.71988730492
2026-04-24 07:00:00+00:00,9949.71988730492
2026-04-24 08:00:00+00:00,9949.71988730492
2026-04-24 09:00:00+00:00,9949.71988730492
2026-04-24 10:00:00+00:00,9949.71988730492
2026-04-24 11:00:00+00:00,9949.71988730492
2026-04-24 12:00:00+00:00,9949.71988730492
2026-04-24 13:00:00+00:00,9949.71988730492
2026-04-24 14:00:00+00:00,9949.71988730492
2026-04-24 15:00:00+00:00,9949.71988730492
2026-04-24 16:00:00+00:00,9949.71988730492
2026-04-24 17:00:00+00:00,9949.71988730492
2026-04-24 18:00:00+00:00,9949.71988730492
2026-04-24 19:00:00+00:00,9949.71988730492
2026-04-24 20:00:00+00:00,9949.71988730492
2026-04-24 21:00:00+00:00,9949.71988730492
2026-04-24 22:00:00+00:00,9949.71988730492
2026-04-24 23:00:00+00:00,9949.71988730492
2026-04-25 00:00:00+00:00,9949.71988730492
2026-04-25 01:00:00+00:00,9949.71988730492
2026-04-25 02:00:00+00:00,9949.71988730492
2026-04-25 03:00:00+00:00,9949.71988730492
2026-04-25 04:00:00+00:00,9949.71988730492
2026-04-25 05:00:00+00:00,9949.71988730492
2026-04-25 06:00:00+00:00,9949.71988730492
2026-04-25 07:00:00+00:00,9949.71988730492
2026-04-25 08:00:00+00:00,9949.71988730492
2026-04-25 09:00:00+00:00,9949.71988730492
2026-04-25 10:00:00+00:00,9949.71988730492
2026-04-25 11:00:00+00:00,9949.71988730492
2026-04-25 12:00:00+00:00,9949.71988730492
2026-04-25 13:00:00+00:00,9949.71988730492
2026-04-25 14:00:00+00:00,9949.71988730492
2026-04-25 15:00:00+00:00,9949.71988730492
2026-04-25 16:00:00+00:00,9949.71988730492
2026-04-25 17:00:00+00:00,9949.71988730492
2026-04-25 18:00:00+00:00,9949.71988730492
2026-04-25 19:00:00+00:00,9949.71988730492
2026-04-25 20:00:00+00:00,9949.71988730492
2026-04-25 21:00:00+00:00,9949.71988730492
2026-04-25 22:00:00+00:00,9949.71988730492
2026-04-25 23:00:00+00:00,9949.71988730492
2026-04-26 00:00:00+00:00,9949.71988730492
2026-04-26 01:00:00+00:00,9949.71988730492
2026-04-26 02:00:00+00:00,9949.71988730492
2026-04-26 03:00:00+00:00,9949.71988730492
2026-04-26 04:00:00+00:00,9949.71988730492
2026-04-26 05:00:00+00:00,9949.71988730492
2026-04-26 06:00:00+00:00,9949.71988730492
2026-04-26 07:00:00+00:00,9949.71988730492
2026-04-26 08:00:00+00:00,9949.71988730492
2026-04-26 09:00:00+00:00,9949.71988730492
2026-04-26 10:00:00+00:00,9949.71988730492
2026-04-26 11:00:00+00:00,9949.71988730492
2026-04-26 12:00:00+00:00,9949.71988730492
2026-04-26 13:00:00+00:00,9949.71988730492
2026-04-26 14:00:00+00:00,9949.71988730492
2026-04-26 15:00:00+00:00,9949.71988730492
2026-04-26 16:00:00+00:00,9949.71988730492
2026-04-26 17:00:00+00:00,9949.71988730492
2026-04-26 18:00:00+00:00,9949.71988730492
2026-04-26 19:00:00+00:00,9949.71988730492
2026-04-26 20:00:00+00:00,9949.71988730492
2026-04-26 21:00:00+00:00,9949.71988730492
2026-04-26 22:00:00+00:00,9949.71988730492
2026-04-26 23:00:00+00:00,9949.71988730492
2026-04-27 00:00:00+00:00,9949.71988730492
2026-04-27 01:00:00+00:00,9949.71988730492
2026-04-27 02:00:00+00:00,9949.71988730492
2026-04-27 03:00:00+00:00,9949.71988730492
2026-04-27 04:00:00+00:00,9949.71988730492
2026-04-27 05:00:00+00:00,9949.71988730492
2026-04-27 06:00:00+00:00,9949.71988730492
2026-04-27 07:00:00+00:00,9949.71988730492
2026-04-27 08:00:00+00:00,9949.71988730492
2026-04-27 09:00:00+00:00,9949.71988730492
2026-04-27 10:00:00+00:00,9949.71988730492
2026-04-27 11:00:00+00:00,9949.71988730492
2026-04-27 12:00:00+00:00,9949.71988730492
2026-04-27 13:00:00+00:00,9949.71988730492
2026-04-27 14:00:00+00:00,9949.71988730492
2026-04-27 15:00:00+00:00,9949.71988730492
2026-04-27 16:00:00+00:00,9949.71988730492
2026-04-27 17:00:00+00:00,9949.71988730492
2026-04-27 18:00:00+00:00,9949.71988730492
2026-04-27 19:00:00+00:00,9949.71988730492
2026-04-27 20:00:00+00:00,9949.71988730492
2026-04-27 21:00:00+00:00,9949.71988730492
2026-04-27 22:00:00+00:00,9949.71988730492
2026-04-27 23:00:00+00:00,9949.71988730492
2026-04-28 00:00:00+00:00,9949.71988730492
2026-04-28 01:00:00+00:00,9949.71988730492
2026-04-28 02:00:00+00:00,9949.71988730492
2026-04-28 03:00:00+00:00,9949.71988730492
2026-04-28 04:00:00+00:00,9949.71988730492
2026-04-28 05:00:00+00:00,9949.71988730492
2026-04-28 06:00:00+00:00,9949.71988730492
2026-04-28 07:00:00+00:00,9949.71988730492
2026-04-28 08:00:00+00:00,9949.71988730492
2026-04-28 09:00:00+00:00,9949.71988730492
2026-04-28 10:00:00+00:00,9949.71988730492
2026-04-28 11:00:00+00:00,9949.71988730492
2026-04-28 12:00:00+00:00,9949.71988730492
2026-04-28 13:00:00+00:00,9949.71988730492
2026-04-28 14:00:00+00:00,9949.71988730492
2026-04-28 15:00:00+00:00,9949.71988730492
2026-04-28 16:00:00+00:00,9949.71988730492
2026-04-28 17:00:00+00:00,9949.71988730492
2026-04-28 18:00:00+00:00,9949.71988730492
2026-04-28 19:00:00+00:00,9949.71988730492
2026-04-28 20:00:00+00:00,9949.71988730492
2026-04-28 21:00:00+00:00,9949.71988730492
2026-04-28 22:00:00+00:00,9949.71988730492
2026-04-28 23:00:00+00:00,9949.71988730492
2026-04-29 00:00:00+00:00,9949.71988730492
2026-04-29 01:00:00+00:00,9949.71988730492
2026-04-29 02:00:00+00:00,9949.71988730492
2026-04-29 03:00:00+00:00,9949.71988730492
2026-04-29 04:00:00+00:00,9949.71988730492
2026-04-29 05:00:00+00:00,9949.71988730492
2026-04-29 06:00:00+00:00,9949.71988730492
2026-04-29 07:00:00+00:00,9949.71988730492
2026-04-29 08:00:00+00:00,9949.71988730492
2026-04-29 09:00:00+00:00,9949.71988730492
2026-04-29 10:00:00+00:00,9949.71988730492
2026-04-29 11:00:00+00:00,9949.71988730492
2026-04-29 12:00:00+00:00,9949.71988730492
2026-04-29 13:00:00+00:00,9949.71988730492
2026-04-29 14:00:00+00:00,9949.71988730492
2026-04-29 15:00:00+00:00,9949.71988730492
2026-04-29 16:00:00+00:00,9949.71988730492
2026-04-29 17:00:00+00:00,9949.71988730492
2026-04-29 18:00:00+00:00,9949.71988730492
2026-04-29 19:00:00+00:00,9949.71988730492
2026-04-29 20:00:00+00:00,9939.712136357784
2026-04-29 21:00:00+00:00,9928.198736357786
2026-04-29 22:00:00+00:00,9903.497936357786
2026-04-29 23:00:00+00:00,9904.874336357785
2026-04-30 00:00:00+00:00,9916.982936357785
2026-04-30 01:00:00+00:00,9874.57173352962
2026-04-30 02:00:00+00:00,9876.13413352962
2026-04-30 03:00:00+00:00,9924.84753352962
2026-04-30 04:00:00+00:00,9904.71303352962
2026-04-30 05:00:00+00:00,9944.22873352962
2026-04-30 06:00:00+00:00,9934.807833529621
2026-04-30 07:00:00+00:00,9920.61603352962
2026-04-30 08:00:00+00:00,9882.66273352962
2026-04-30 09:00:00+00:00,9892.240443155622
2026-04-30 10:00:00+00:00,9887.925243155622
2026-04-30 11:00:00+00:00,9894.119043155622
2026-04-30 12:00:00+00:00,9891.617343155624
2026-04-30 13:00:00+00:00,9870.199443155623
2026-04-30 14:00:00+00:00,9848.698476643722
2026-04-30 15:00:00+00:00,9848.698476643722
2026-04-30 16:00:00+00:00,9848.698476643722
2026-04-30 17:00:00+00:00,9848.698476643722
2026-04-30 18:00:00+00:00,9848.698476643722
2026-04-30 19:00:00+00:00,9848.698476643722
2026-04-30 20:00:00+00:00,9848.698476643722
2026-04-30 21:00:00+00:00,9848.698476643722
2026-04-30 22:00:00+00:00,9848.698476643722
2026-04-30 23:00:00+00:00,9848.698476643722
2026-05-01 00:00:00+00:00,9848.698476643722
2026-05-01 01:00:00+00:00,9848.698476643722
2026-05-01 02:00:00+00:00,9848.698476643722
2026-05-01 03:00:00+00:00,9848.698476643722
2026-05-01 04:00:00+00:00,9848.698476643722
2026-05-01 05:00:00+00:00,9848.698476643722
2026-05-01 06:00:00+00:00,9848.698476643722
2026-05-01 07:00:00+00:00,9848.698476643722
2026-05-01 08:00:00+00:00,9848.698476643722
2026-05-01 09:00:00+00:00,9848.698476643722
2026-05-01 10:00:00+00:00,9848.698476643722
2026-05-01 11:00:00+00:00,9848.698476643722
2026-05-01 12:00:00+00:00,9848.698476643722
2026-05-01 13:00:00+00:00,9848.698476643722
2026-05-01 14:00:00+00:00,9848.698476643722
2026-05-01 15:00:00+00:00,9848.698476643722
2026-05-01 16:00:00+00:00,9848.698476643722
2026-05-01 17:00:00+00:00,9848.698476643722
2026-05-01 18:00:00+00:00,9848.698476643722
2026-05-01 19:00:00+00:00,9848.698476643722
2026-05-01 20:00:00+00:00,9848.698476643722
2026-05-01 21:00:00+00:00,9848.698476643722
2026-05-01 22:00:00+00:00,9848.698476643722
2026-05-01 23:00:00+00:00,9848.698476643722
2026-05-02 00:00:00+00:00,9848.698476643722
2026-05-02 01:00:00+00:00,9848.698476643722
2026-05-02 02:00:00+00:00,9848.698476643722
2026-05-02 03:00:00+00:00,9848.698476643722
2026-05-02 04:00:00+00:00,9848.698476643722
2026-05-02 05:00:00+00:00,9848.698476643722
2026-05-02 06:00:00+00:00,9848.698476643722
2026-05-02 07:00:00+00:00,9848.698476643722
2026-05-02 08:00:00+00:00,9848.698476643722
2026-05-02 09:00:00+00:00,9848.698476643722
2026-05-02 10:00:00+00:00,9848.698476643722
2026-05-02 11:00:00+00:00,9848.698476643722
2026-05-02 12:00:00+00:00,9848.698476643722
2026-05-02 13:00:00+00:00,9848.698476643722
2026-05-02 14:00:00+00:00,9848.698476643722
2026-05-02 15:00:00+00:00,9848.698476643722
2026-05-02 16:00:00+00:00,9848.698476643722
2026-05-02 17:00:00+00:00,9848.698476643722
2026-05-02 18:00:00+00:00,9848.698476643722
2026-05-02 19:00:00+00:00,9848.698476643722
2026-05-02 20:00:00+00:00,9848.698476643722
2026-05-02 21:00:00+00:00,9848.698476643722
2026-05-02 22:00:00+00:00,9848.698476643722
2026-05-02 23:00:00+00:00,9848.698476643722
2026-05-03 00:00:00+00:00,9848.698476643722
2026-05-03 01:00:00+00:00,9848.698476643722
2026-05-03 02:00:00+00:00,9848.698476643722
2026-05-03 03:00:00+00:00,9848.698476643722
2026-05-03 04:00:00+00:00,9848.698476643722
2026-05-03 05:00:00+00:00,9848.698476643722
2026-05-03 06:00:00+00:00,9848.698476643722
2026-05-03 07:00:00+00:00,9848.698476643722
2026-05-03 08:00:00+00:00,9848.698476643722
2026-05-03 09:00:00+00:00,9848.698476643722
2026-05-03 10:00:00+00:00,9848.698476643722
2026-05-03 11:00:00+00:00,9848.698476643722
2026-05-03 12:00:00+00:00,9848.698476643722
2026-05-03 13:00:00+00:00,9848.698476643722
2026-05-03 14:00:00+00:00,9848.698476643722
2026-05-03 15:00:00+00:00,9848.698476643722
2026-05-03 16:00:00+00:00,9848.698476643722
2026-05-03 17:00:00+00:00,9848.698476643722
2026-05-03 18:00:00+00:00,9848.698476643722
2026-05-03 19:00:00+00:00,9848.698476643722
2026-05-03 20:00:00+00:00,9848.698476643722
2026-05-03 21:00:00+00:00,9848.698476643722
2026-05-03 22:00:00+00:00,9848.698476643722
2026-05-03 23:00:00+00:00,9848.698476643722
2026-05-04 00:00:00+00:00,9848.698476643722
2026-05-04 01:00:00+00:00,9848.698476643722
2026-05-04 02:00:00+00:00,9848.698476643722
2026-05-04 03:00:00+00:00,9883.575974864942
2026-05-04 04:00:00+00:00,9899.983974864941
2026-05-04 05:00:00+00:00,9902.75037486494
2026-05-04 06:00:00+00:00,9867.42557486494
2026-05-04 07:00:00+00:00,9849.46077486494
2026-05-04 08:00:00+00:00,9830.62237486494
2026-05-04 09:00:00+00:00,9831.270989963323
2026-05-04 10:00:00+00:00,9845.136589963324
2026-05-04 11:00:00+00:00,9793.244480867876
2026-05-04 12:00:00+00:00,9793.244480867876
2026-05-04 13:00:00+00:00,9793.244480867876
2026-05-04 14:00:00+00:00,9793.244480867876
2026-05-04 15:00:00+00:00,9793.244480867876
2026-05-04 16:00:00+00:00,9793.244480867876
2026-05-04 17:00:00+00:00,9793.244480867876
2026-05-04 18:00:00+00:00,9793.244480867876
2026-05-04 19:00:00+00:00,9793.244480867876
2026-05-04 20:00:00+00:00,9793.244480867876
2026-05-04 21:00:00+00:00,9793.244480867876
2026-05-04 22:00:00+00:00,9793.244480867876
2026-05-04 23:00:00+00:00,9793.244480867876
2026-05-05 00:00:00+00:00,9793.244480867876
2026-05-05 01:00:00+00:00,9793.244480867876
2026-05-05 02:00:00+00:00,9793.244480867876
2026-05-05 03:00:00+00:00,9793.244480867876
2026-05-05 04:00:00+00:00,9793.244480867876
2026-05-05 05:00:00+00:00,9793.244480867876
2026-05-05 06:00:00+00:00,9793.244480867876
2026-05-05 07:00:00+00:00,9793.244480867876
2026-05-05 08:00:00+00:00,9793.244480867876
2026-05-05 09:00:00+00:00,9793.244480867876
2026-05-05 10:00:00+00:00,9793.244480867876
2026-05-05 11:00:00+00:00,9793.244480867876
2026-05-05 12:00:00+00:00,9793.244480867876
2026-05-05 13:00:00+00:00,9793.244480867876
2026-05-05 14:00:00+00:00,9793.244480867876
2026-05-05 15:00:00+00:00,9793.244480867876
2026-05-05 16:00:00+00:00,9793.244480867876
2026-05-05 17:00:00+00:00,9793.244480867876
2026-05-05 18:00:00+00:00,9793.244480867876
2026-05-05 19:00:00+00:00,9793.244480867876
2026-05-05 20:00:00+00:00,9793.244480867876
2026-05-05 21:00:00+00:00,9793.244480867876
2026-05-05 22:00:00+00:00,9793.244480867876
2026-05-05 23:00:00+00:00,9793.244480867876
2026-05-06 00:00:00+00:00,9793.244480867876
2026-05-06 01:00:00+00:00,9793.244480867876
2026-05-06 02:00:00+00:00,9793.244480867876
2026-05-06 03:00:00+00:00,9793.244480867876
2026-05-06 04:00:00+00:00,9793.244480867876
2026-05-06 05:00:00+00:00,9793.244480867876
2026-05-06 06:00:00+00:00,9793.244480867876
2026-05-06 07:00:00+00:00,9793.244480867876
2026-05-06 08:00:00+00:00,9793.244480867876
2026-05-06 09:00:00+00:00,9793.244480867876
2026-05-06 10:00:00+00:00,9790.731747181917
2026-05-06 11:00:00+00:00,9819.291747181916
2026-05-06 12:00:00+00:00,9844.771347181915
2026-05-06 13:00:00+00:00,9814.099947181916
2026-05-06 14:00:00+00:00,9744.184874424638
2026-05-06 15:00:00+00:00,9744.184874424638
2026-05-06 16:00:00+00:00,9744.184874424638
2026-05-06 17:00:00+00:00,9744.184874424638
2026-05-06 18:00:00+00:00,9744.184874424638
2026-05-06 19:00:00+00:00,9744.184874424638
2026-05-06 20:00:00+00:00,9744.184874424638
2026-05-06 21:00:00+00:00,9744.184874424638
2026-05-06 22:00:00+00:00,9744.184874424638
2026-05-06 23:00:00+00:00,9744.184874424638
2026-05-07 00:00:00+00:00,9744.184874424638
2026-05-07 01:00:00+00:00,9744.184874424638
2026-05-07 02:00:00+00:00,9744.184874424638
2026-05-07 03:00:00+00:00,9744.184874424638
2026-05-07 04:00:00+00:00,9744.184874424638
2026-05-07 05:00:00+00:00,9744.184874424638
2026-05-07 06:00:00+00:00,9744.184874424638
2026-05-07 07:00:00+00:00,9744.184874424638
2026-05-07 08:00:00+00:00,9744.184874424638
2026-05-07 09:00:00+00:00,9744.184874424638
2026-05-07 10:00:00+00:00,9744.184874424638
2026-05-07 11:00:00+00:00,9744.184874424638
2026-05-07 12:00:00+00:00,9744.184874424638
2026-05-07 13:00:00+00:00,9744.184874424638
2026-05-07 14:00:00+00:00,9744.184874424638
2026-05-07 15:00:00+00:00,9744.184874424638
2026-05-07 16:00:00+00:00,9744.184874424638
2026-05-07 17:00:00+00:00,9744.184874424638
2026-05-07 18:00:00+00:00,9744.184874424638
2026-05-07 19:00:00+00:00,9744.184874424638
2026-05-07 20:00:00+00:00,9744.184874424638
2026-05-07 21:00:00+00:00,9744.184874424638
2026-05-07 22:00:00+00:00,9744.184874424638
2026-05-07 23:00:00+00:00,9744.184874424638
2026-05-08 00:00:00+00:00,9744.184874424638
2026-05-08 01:00:00+00:00,9744.184874424638
2026-05-08 02:00:00+00:00,9744.184874424638
2026-05-08 03:00:00+00:00,9744.184874424638
2026-05-08 04:00:00+00:00,9744.184874424638
2026-05-08 05:00:00+00:00,9744.184874424638
2026-05-08 06:00:00+00:00,9744.184874424638
2026-05-08 07:00:00+00:00,9744.184874424638
2026-05-08 08:00:00+00:00,9744.184874424638
2026-05-08 09:00:00+00:00,9744.184874424638
2026-05-08 10:00:00+00:00,9744.184874424638
2026-05-08 11:00:00+00:00,9744.184874424638
2026-05-08 12:00:00+00:00,9744.184874424638
2026-05-08 13:00:00+00:00,9744.184874424638
2026-05-08 14:00:00+00:00,9744.184874424638
2026-05-08 15:00:00+00:00,9744.184874424638
2026-05-08 16:00:00+00:00,9744.184874424638
2026-05-08 17:00:00+00:00,9744.184874424638
2026-05-08 18:00:00+00:00,9744.184874424638
2026-05-08 19:00:00+00:00,9744.184874424638
2026-05-08 20:00:00+00:00,9744.184874424638
2026-05-08 21:00:00+00:00,9744.184874424638
2026-05-08 22:00:00+00:00,9744.184874424638
2026-05-08 23:00:00+00:00,9744.184874424638
2026-05-09 00:00:00+00:00,9744.184874424638
2026-05-09 01:00:00+00:00,9744.184874424638
2026-05-09 02:00:00+00:00,9744.184874424638
2026-05-09 03:00:00+00:00,9744.184874424638
2026-05-09 04:00:00+00:00,9744.184874424638
2026-05-09 05:00:00+00:00,9744.184874424638
2026-05-09 06:00:00+00:00,9744.184874424638
2026-05-09 07:00:00+00:00,9744.184874424638
2026-05-09 08:00:00+00:00,9744.184874424638
2026-05-09 09:00:00+00:00,9744.184874424638
2026-05-09 10:00:00+00:00,9744.184874424638
2026-05-09 11:00:00+00:00,9744.184874424638
2026-05-09 12:00:00+00:00,9744.184874424638
2026-05-09 13:00:00+00:00,9744.184874424638
2026-05-09 14:00:00+00:00,9744.184874424638
2026-05-09 15:00:00+00:00,9744.184874424638
2026-05-09 16:00:00+00:00,9744.184874424638
2026-05-09 17:00:00+00:00,9744.184874424638
2026-05-09 18:00:00+00:00,9744.184874424638
2026-05-09 19:00:00+00:00,9744.184874424638
2026-05-09 20:00:00+00:00,9744.184874424638
2026-05-09 21:00:00+00:00,9744.184874424638
2026-05-09 22:00:00+00:00,9744.184874424638
2026-05-09 23:00:00+00:00,9744.184874424638
2026-05-10 00:00:00+00:00,9744.184874424638
2026-05-10 01:00:00+00:00,9744.184874424638
2026-05-10 02:00:00+00:00,9744.184874424638
2026-05-10 03:00:00+00:00,9744.184874424638
2026-05-10 04:00:00+00:00,9744.184874424638
2026-05-10 05:00:00+00:00,9744.184874424638
2026-05-10 06:00:00+00:00,9744.184874424638
2026-05-10 07:00:00+00:00,9744.184874424638
2026-05-10 08:00:00+00:00,9744.184874424638
2026-05-10 09:00:00+00:00,9744.184874424638
2026-05-10 10:00:00+00:00,9744.184874424638
2026-05-10 11:00:00+00:00,9744.184874424638
2026-05-10 12:00:00+00:00,9744.184874424638
2026-05-10 13:00:00+00:00,9744.184874424638
2026-05-10 14:00:00+00:00,9744.184874424638
2026-05-10 15:00:00+00:00,9744.184874424638
2026-05-10 16:00:00+00:00,9744.184874424638
2026-05-10 17:00:00+00:00,9744.184874424638
2026-05-10 18:00:00+00:00,9744.184874424638
2026-05-10 19:00:00+00:00,9744.184874424638
2026-05-10 20:00:00+00:00,9744.184874424638
2026-05-10 21:00:00+00:00,9744.184874424638
2026-05-10 22:00:00+00:00,9744.184874424638
2026-05-10 23:00:00+00:00,9744.184874424638
2026-05-11 00:00:00+00:00,9744.184874424638
2026-05-11 01:00:00+00:00,9744.184874424638
2026-05-11 02:00:00+00:00,9744.184874424638
2026-05-11 03:00:00+00:00,9744.184874424638
2026-05-11 04:00:00+00:00,9744.184874424638
2026-05-11 05:00:00+00:00,9744.184874424638
2026-05-11 06:00:00+00:00,9744.184874424638
2026-05-11 07:00:00+00:00,9744.184874424638
2026-05-11 08:00:00+00:00,9744.184874424638
2026-05-11 09:00:00+00:00,9744.184874424638
2026-05-11 10:00:00+00:00,9744.184874424638
2026-05-11 11:00:00+00:00,9744.184874424638
2026-05-11 12:00:00+00:00,9744.184874424638
2026-05-11 13:00:00+00:00,9744.184874424638
2026-05-11 14:00:00+00:00,9744.184874424638
2026-05-11 15:00:00+00:00,9744.184874424638
2026-05-11 16:00:00+00:00,9744.184874424638
2026-05-11 17:00:00+00:00,9744.184874424638
2026-05-11 18:00:00+00:00,9744.184874424638
2026-05-11 19:00:00+00:00,9744.184874424638
2026-05-11 20:00:00+00:00,9744.184874424638
2026-05-11 21:00:00+00:00,9744.184874424638
2026-05-11 22:00:00+00:00,9744.184874424638
2026-05-11 23:00:00+00:00,9744.184874424638
2026-05-12 00:00:00+00:00,9744.184874424638
2026-05-12 01:00:00+00:00,9744.184874424638
2026-05-12 02:00:00+00:00,9744.184874424638
2026-05-12 03:00:00+00:00,9744.184874424638
2026-05-12 04:00:00+00:00,9744.184874424638
2026-05-12 05:00:00+00:00,9744.184874424638
2026-05-12 06:00:00+00:00,9744.184874424638
2026-05-12 07:00:00+00:00,9744.184874424638
2026-05-12 08:00:00+00:00,9744.184874424638
2026-05-12 09:00:00+00:00,9744.184874424638
2026-05-12 10:00:00+00:00,9744.184874424638
2026-05-12 11:00:00+00:00,9744.184874424638
2026-05-12 12:00:00+00:00,9744.184874424638
2026-05-12 13:00:00+00:00,9744.184874424638
2026-05-12 14:00:00+00:00,9744.184874424638
2026-05-12 15:00:00+00:00,9744.184874424638
2026-05-12 16:00:00+00:00,9744.184874424638
2026-05-12 17:00:00+00:00,9744.184874424638
2026-05-12 18:00:00+00:00,9744.184874424638
2026-05-12 19:00:00+00:00,9744.184874424638
2026-05-12 20:00:00+00:00,9744.184874424638
2026-05-12 21:00:00+00:00,9744.184874424638
2026-05-12 22:00:00+00:00,9744.184874424638
2026-05-12 23:00:00+00:00,9744.184874424638
2026-05-13 00:00:00+00:00,9744.184874424638
2026-05-13 01:00:00+00:00,9744.184874424638
2026-05-13 02:00:00+00:00,9744.184874424638
2026-05-13 03:00:00+00:00,9744.184874424638
2026-05-13 04:00:00+00:00,9744.184874424638
2026-05-13 05:00:00+00:00,9744.184874424638
2026-05-13 06:00:00+00:00,9744.184874424638
2026-05-13 07:00:00+00:00,9744.184874424638
2026-05-13 08:00:00+00:00,9744.184874424638
2026-05-13 09:00:00+00:00,9744.184874424638
2026-05-13 10:00:00+00:00,9744.184874424638
2026-05-13 11:00:00+00:00,9744.184874424638
2026-05-13 12:00:00+00:00,9744.184874424638
2026-05-13 13:00:00+00:00,9744.184874424638
2026-05-13 14:00:00+00:00,9744.184874424638
2026-05-13 15:00:00+00:00,9744.184874424638
2026-05-13 16:00:00+00:00,9744.184874424638
2026-05-13 17:00:00+00:00,9744.184874424638
2026-05-13 18:00:00+00:00,9744.184874424638
2026-05-13 19:00:00+00:00,9744.184874424638
2026-05-13 20:00:00+00:00,9744.184874424638
2026-05-13 21:00:00+00:00,9744.184874424638
2026-05-13 22:00:00+00:00,9744.184874424638
2026-05-13 23:00:00+00:00,9744.184874424638
2026-05-14 00:00:00+00:00,9744.184874424638
2026-05-14 01:00:00+00:00,9744.184874424638
2026-05-14 02:00:00+00:00,9744.184874424638
2026-05-14 03:00:00+00:00,9744.184874424638
2026-05-14 04:00:00+00:00,9744.184874424638
2026-05-14 05:00:00+00:00,9744.184874424638
2026-05-14 06:00:00+00:00,9744.184874424638
2026-05-14 07:00:00+00:00,9744.184874424638
2026-05-14 08:00:00+00:00,9744.184874424638
2026-05-14 09:00:00+00:00,9744.184874424638
2026-05-14 10:00:00+00:00,9744.184874424638
2026-05-14 11:00:00+00:00,9744.184874424638
2026-05-14 12:00:00+00:00,9744.184874424638
2026-05-14 13:00:00+00:00,9744.184874424638
2026-05-14 14:00:00+00:00,9744.184874424638
2026-05-14 15:00:00+00:00,9744.184874424638
2026-05-14 16:00:00+00:00,9744.184874424638
2026-05-14 17:00:00+00:00,9744.184874424638
2026-05-14 18:00:00+00:00,9744.184874424638
2026-05-14 19:00:00+00:00,9744.184874424638
2026-05-14 20:00:00+00:00,9744.184874424638
2026-05-14 21:00:00+00:00,9744.184874424638
2026-05-14 22:00:00+00:00,9744.184874424638
2026-05-14 23:00:00+00:00,9744.184874424638
2026-05-15 00:00:00+00:00,9744.184874424638
2026-05-15 01:00:00+00:00,9744.184874424638
2026-05-15 02:00:00+00:00,9744.184874424638
2026-05-15 03:00:00+00:00,9744.184874424638
2026-05-15 04:00:00+00:00,9744.184874424638
2026-05-15 05:00:00+00:00,9744.184874424638
2026-05-15 06:00:00+00:00,9744.184874424638
2026-05-15 07:00:00+00:00,9744.184874424638
2026-05-15 08:00:00+00:00,9744.184874424638
2026-05-15 09:00:00+00:00,9744.184874424638
2026-05-15 10:00:00+00:00,9744.184874424638
2026-05-15 11:00:00+00:00,9744.184874424638
2026-05-15 12:00:00+00:00,9744.184874424638
2026-05-15 13:00:00+00:00,9744.184874424638
2026-05-15 14:00:00+00:00,9744.184874424638
2026-05-15 15:00:00+00:00,9744.184874424638
2026-05-15 16:00:00+00:00,9744.184874424638
2026-05-15 17:00:00+00:00,9744.184874424638
2026-05-15 18:00:00+00:00,9744.184874424638
2026-05-15 19:00:00+00:00,9744.184874424638
2026-05-15 20:00:00+00:00,9744.184874424638
2026-05-15 21:00:00+00:00,9744.184874424638
2026-05-15 22:00:00+00:00,9744.184874424638
2026-05-15 23:00:00+00:00,9744.184874424638
2026-05-16 00:00:00+00:00,9744.184874424638
2026-05-16 01:00:00+00:00,9744.184874424638
2026-05-16 02:00:00+00:00,9744.184874424638
2026-05-16 03:00:00+00:00,9744.184874424638
2026-05-16 04:00:00+00:00,9744.184874424638
2026-05-16 05:00:00+00:00,9744.184874424638
2026-05-16 06:00:00+00:00,9744.184874424638
2026-05-16 07:00:00+00:00,9744.184874424638
2026-05-16 08:00:00+00:00,9744.184874424638
2026-05-16 09:00:00+00:00,9730.050615386128
2026-05-16 10:00:00+00:00,9770.561415386126
2026-05-16 11:00:00+00:00,9783.742615386127
2026-05-16 12:00:00+00:00,9769.941415386127
2026-05-16 13:00:00+00:00,9779.427415386126
2026-05-16 14:00:00+00:00,9776.922615386127
2026-05-16 15:00:00+00:00,9765.576615386128
2026-05-16 16:00:00+00:00,9751.986215386127
2026-05-16 17:00:00+00:00,9757.109896626127
2026-05-16 18:00:00+00:00,9756.812296626127
2026-05-16 19:00:00+00:00,9752.373096626126
2026-05-16 20:00:00+00:00,9749.645096626127
2026-05-16 21:00:00+00:00,9750.699096626127
2026-05-16 22:00:00+00:00,9749.173896626125
2026-05-16 23:00:00+00:00,9759.565096626127
2026-05-17 00:00:00+00:00,9764.500296626127
2026-05-17 01:00:00+00:00,9789.178938460009
2026-05-17 02:00:00+00:00,9818.368538460008
2026-05-17 03:00:00+00:00,9795.416138460008
2026-05-17 04:00:00+00:00,9779.196938460009
2026-05-17 05:00:00+00:00,9763.72173846001
2026-05-17 06:00:00+00:00,9741.430792728392
2026-05-17 07:00:00+00:00,9741.430792728392
2026-05-17 08:00:00+00:00,9741.430792728392
2026-05-17 09:00:00+00:00,9741.430792728392
2026-05-17 10:00:00+00:00,9741.430792728392
2026-05-17 11:00:00+00:00,9741.430792728392
2026-05-17 12:00:00+00:00,9741.430792728392
2026-05-17 13:00:00+00:00,9741.430792728392
2026-05-17 14:00:00+00:00,9741.430792728392
2026-05-17 15:00:00+00:00,9741.430792728392
2026-05-17 16:00:00+00:00,9741.430792728392
2026-05-17 17:00:00+00:00,9741.430792728392
2026-05-17 18:00:00+00:00,9741.430792728392
2026-05-17 19:00:00+00:00,9741.430792728392
2026-05-17 20:00:00+00:00,9741.430792728392
2026-05-17 21:00:00+00:00,9741.430792728392
2026-05-17 22:00:00+00:00,9741.430792728392
2026-05-17 23:00:00+00:00,9741.430792728392
2026-05-18 00:00:00+00:00,9741.430792728392
2026-05-18 01:00:00+00:00,9762.735847065893
2026-05-18 02:00:00+00:00,9773.548347065893
2026-05-18 03:00:00+00:00,9809.135847065892
2026-05-18 04:00:00+00:00,9797.485847065893
2026-05-18 05:00:00+00:00,9783.160847065892
2026-05-18 06:00:00+00:00,9798.910847065892
2026-05-18 07:00:00+00:00,9799.348347065892
2026-05-18 08:00:00+00:00,9779.985847065893
2026-05-18 09:00:00+00:00,9785.22140301068
2026-05-18 10:00:00+00:00,9797.746403010682
2026-05-18 11:00:00+00:00,9818.071403010681
2026-05-18 12:00:00+00:00,9753.53390301068
2026-05-18 13:00:00+00:00,9725.217075584505
2026-05-18 14:00:00+00:00,9725.217075584505
2026-05-18 15:00:00+00:00,9725.217075584505
2026-05-18 16:00:00+00:00,9716.645538825036
2026-05-18 17:00:00+00:00,9716.854764443897
2026-05-18 18:00:00+00:00,9687.098064443897
2026-05-18 19:00:00+00:00,9733.993964443895
2026-05-18 20:00:00+00:00,9663.449264443896
2026-05-18 21:00:00+00:00,9634.600419442584
2026-05-18 22:00:00+00:00,9634.600419442584
2026-05-18 23:00:00+00:00,9634.600419442584
2026-05-19 00:00:00+00:00,9634.600419442584
2026-05-19 01:00:00+00:00,9634.600419442584
2026-05-19 02:00:00+00:00,9634.600419442584
2026-05-19 03:00:00+00:00,9634.600419442584
2026-05-19 04:00:00+00:00,9634.600419442584
2026-05-19 05:00:00+00:00,9634.600419442584
2026-05-19 06:00:00+00:00,9634.600419442584
2026-05-19 07:00:00+00:00,9634.600419442584
2026-05-19 08:00:00+00:00,9634.600419442584
2026-05-19 09:00:00+00:00,9634.600419442584
2026-05-19 10:00:00+00:00,9634.600419442584
2026-05-19 11:00:00+00:00,9634.600419442584
2026-05-19 12:00:00+00:00,9634.600419442584
2026-05-19 13:00:00+00:00,9634.600419442584
2026-05-19 14:00:00+00:00,9634.600419442584
2026-05-19 15:00:00+00:00,9634.600419442584
2026-05-19 16:00:00+00:00,9634.600419442584
2026-05-19 17:00:00+00:00,9634.600419442584
2026-05-19 18:00:00+00:00,9634.600419442584
2026-05-19 19:00:00+00:00,9634.600419442584
2026-05-19 20:00:00+00:00,9634.600419442584
2026-05-19 21:00:00+00:00,9634.600419442584
2026-05-19 22:00:00+00:00,9634.600419442584
2026-05-19 23:00:00+00:00,9634.600419442584
2026-05-20 00:00:00+00:00,9634.600419442584
2026-05-20 01:00:00+00:00,9634.600419442584
2026-05-20 02:00:00+00:00,9634.600419442584
2026-05-20 03:00:00+00:00,9634.600419442584
2026-05-20 04:00:00+00:00,9634.600419442584
2026-05-20 05:00:00+00:00,9634.600419442584
2026-05-20 06:00:00+00:00,9634.600419442584
2026-05-20 07:00:00+00:00,9634.600419442584
2026-05-20 08:00:00+00:00,9634.600419442584
2026-05-20 09:00:00+00:00,9634.600419442584
2026-05-20 10:00:00+00:00,9634.600419442584
2026-05-20 11:00:00+00:00,9634.600419442584
2026-05-20 12:00:00+00:00,9634.600419442584
2026-05-20 13:00:00+00:00,9634.600419442584
2026-05-20 14:00:00+00:00,9634.600419442584
2026-05-20 15:00:00+00:00,9634.600419442584
2026-05-20 16:00:00+00:00,9634.600419442584
2026-05-20 17:00:00+00:00,9634.600419442584
2026-05-20 18:00:00+00:00,9634.600419442584
2026-05-20 19:00:00+00:00,9634.600419442584
2026-05-20 20:00:00+00:00,9634.600419442584
2026-05-20 21:00:00+00:00,9634.600419442584
2026-05-20 22:00:00+00:00,9634.600419442584
2026-05-20 23:00:00+00:00,9634.600419442584
2026-05-21 00:00:00+00:00,9634.600419442584
2026-05-21 01:00:00+00:00,9634.600419442584
2026-05-21 02:00:00+00:00,9634.600419442584
2026-05-21 03:00:00+00:00,9634.600419442584
2026-05-21 04:00:00+00:00,9634.600419442584
2026-05-21 05:00:00+00:00,9634.600419442584
2026-05-21 06:00:00+00:00,9634.600419442584
2026-05-21 07:00:00+00:00,9634.600419442584
2026-05-21 08:00:00+00:00,9634.600419442584
2026-05-21 09:00:00+00:00,9634.600419442584
2026-05-21 10:00:00+00:00,9634.600419442584
2026-05-21 11:00:00+00:00,9634.600419442584
2026-05-21 12:00:00+00:00,9634.600419442584
2026-05-21 13:00:00+00:00,9634.600419442584
2026-05-21 14:00:00+00:00,9634.600419442584
2026-05-21 15:00:00+00:00,9634.600419442584
2026-05-21 16:00:00+00:00,9634.600419442584
2026-05-21 17:00:00+00:00,9634.600419442584
2026-05-21 18:00:00+00:00,9634.600419442584
2026-05-21 19:00:00+00:00,9634.600419442584
2026-05-21 20:00:00+00:00,9634.600419442584
2026-05-21 21:00:00+00:00,9634.600419442584
2026-05-21 22:00:00+00:00,9634.600419442584
2026-05-21 23:00:00+00:00,9634.600419442584
2026-05-22 00:00:00+00:00,9634.600419442584
2026-05-22 01:00:00+00:00,9634.600419442584
2026-05-22 02:00:00+00:00,9634.600419442584
2026-05-22 03:00:00+00:00,9634.600419442584
2026-05-22 04:00:00+00:00,9634.600419442584
2026-05-22 05:00:00+00:00,9634.600419442584
2026-05-22 06:00:00+00:00,9634.600419442584
2026-05-22 07:00:00+00:00,9634.600419442584
2026-05-22 08:00:00+00:00,9634.600419442584
2026-05-22 09:00:00+00:00,9634.600419442584
2026-05-22 10:00:00+00:00,9634.600419442584
2026-05-22 11:00:00+00:00,9634.600419442584
2026-05-22 12:00:00+00:00,9634.600419442584
2026-05-22 13:00:00+00:00,9634.600419442584
2026-05-22 14:00:00+00:00,9634.600419442584
2026-05-22 15:00:00+00:00,9634.600419442584
2026-05-22 16:00:00+00:00,9634.600419442584
2026-05-22 17:00:00+00:00,9634.600419442584
2026-05-22 18:00:00+00:00,9634.600419442584
2026-05-22 19:00:00+00:00,9634.600419442584
2026-05-22 20:00:00+00:00,9634.600419442584
2026-05-22 21:00:00+00:00,9613.719843863448
2026-05-22 22:00:00+00:00,9615.142243863449
2026-05-22 23:00:00+00:00,9642.302243863449
2026-05-23 00:00:00+00:00,9662.98864386345
2026-05-23 01:00:00+00:00,9683.453857346107
2026-05-23 02:00:00+00:00,9668.513057346107
2026-05-23 03:00:00+00:00,9659.833057346106
2026-05-23 04:00:00+00:00,9652.396257346107
2026-05-23 05:00:00+00:00,9663.641057346107
2026-05-23 06:00:00+00:00,9669.778657346107
2026-05-23 07:00:00+00:00,9679.063457346108
2026-05-23 08:00:00+00:00,9767.610657346107
2026-05-23 09:00:00+00:00,9760.095279765641
2026-05-23 10:00:00+00:00,9762.83927976564
2026-05-23 11:00:00+00:00,9756.51127976564
2026-05-23 12:00:00+00:00,9748.044079765641
2026-05-23 13:00:00+00:00,9751.29207976564
2026-05-23 14:00:00+00:00,9700.332079765642
2026-05-23 15:00:00+00:00,9677.455258700102
2026-05-23 16:00:00+00:00,9677.455258700102
2026-05-23 17:00:00+00:00,9677.455258700102
2026-05-23 18:00:00+00:00,9677.455258700102
2026-05-23 19:00:00+00:00,9677.455258700102
2026-05-23 20:00:00+00:00,9677.455258700102
2026-05-23 21:00:00+00:00,9677.455258700102
2026-05-23 22:00:00+00:00,9677.455258700102
2026-05-23 23:00:00+00:00,9677.455258700102
2026-05-24 00:00:00+00:00,9677.455258700102
2026-05-24 01:00:00+00:00,9677.455258700102
2026-05-24 02:00:00+00:00,9677.455258700102
2026-05-24 03:00:00+00:00,9677.455258700102
2026-05-24 04:00:00+00:00,9677.455258700102
2026-05-24 05:00:00+00:00,9677.455258700102
2026-05-24 06:00:00+00:00,9677.455258700102
2026-05-24 07:00:00+00:00,9677.455258700102
2026-05-24 08:00:00+00:00,9677.455258700102
2026-05-24 09:00:00+00:00,9677.455258700102
2026-05-24 10:00:00+00:00,9677.455258700102
2026-05-24 11:00:00+00:00,9677.455258700102
2026-05-24 12:00:00+00:00,9677.455258700102
2026-05-24 13:00:00+00:00,9677.455258700102
2026-05-24 14:00:00+00:00,9677.455258700102
2026-05-24 15:00:00+00:00,9677.455258700102
2026-05-24 16:00:00+00:00,9677.455258700102
2026-05-24 17:00:00+00:00,9677.455258700102
2026-05-24 18:00:00+00:00,9677.455258700102
2026-05-24 19:00:00+00:00,9677.455258700102
2026-05-24 20:00:00+00:00,9677.455258700102
2026-05-24 21:00:00+00:00,9677.455258700102
2026-05-24 22:00:00+00:00,9677.455258700102
2026-05-24 23:00:00+00:00,9677.455258700102
2026-05-25 00:00:00+00:00,9677.455258700102
2026-05-25 01:00:00+00:00,9677.455258700102
2026-05-25 02:00:00+00:00,9677.455258700102
2026-05-25 03:00:00+00:00,9677.455258700102
2026-05-25 04:00:00+00:00,9677.455258700102
2026-05-25 05:00:00+00:00,9677.455258700102
2026-05-25 06:00:00+00:00,9677.455258700102
2026-05-25 07:00:00+00:00,9677.455258700102
2026-05-25 08:00:00+00:00,9677.455258700102
2026-05-25 09:00:00+00:00,9677.455258700102
2026-05-25 10:00:00+00:00,9677.455258700102
2026-05-25 11:00:00+00:00,9677.455258700102
2026-05-25 12:00:00+00:00,9677.455258700102
2026-05-25 13:00:00+00:00,9677.455258700102
2026-05-25 14:00:00+00:00,9677.455258700102
2026-05-25 15:00:00+00:00,9677.455258700102
2026-05-25 16:00:00+00:00,9677.455258700102
2026-05-25 17:00:00+00:00,9677.455258700102
2026-05-25 18:00:00+00:00,9677.455258700102
2026-05-25 19:00:00+00:00,9677.455258700102
2026-05-25 20:00:00+00:00,9677.455258700102
2026-05-25 21:00:00+00:00,9677.455258700102
2026-05-25 22:00:00+00:00,9677.455258700102
2026-05-25 23:00:00+00:00,9677.455258700102
2026-05-26 00:00:00+00:00,9677.455258700102
2026-05-26 01:00:00+00:00,9677.455258700102
2026-05-26 02:00:00+00:00,9677.455258700102
2026-05-26 03:00:00+00:00,9677.455258700102
2026-05-26 04:00:00+00:00,9677.455258700102
2026-05-26 05:00:00+00:00,9677.455258700102
2026-05-26 06:00:00+00:00,9677.455258700102
2026-05-26 07:00:00+00:00,9677.455258700102
2026-05-26 08:00:00+00:00,9677.455258700102
2026-05-26 09:00:00+00:00,9677.455258700102
2026-05-26 10:00:00+00:00,9677.455258700102
2026-05-26 11:00:00+00:00,9677.455258700102
2026-05-26 12:00:00+00:00,9677.455258700102
2026-05-26 13:00:00+00:00,9677.455258700102
2026-05-26 14:00:00+00:00,9677.455258700102
2026-05-26 15:00:00+00:00,9677.455258700102
2026-05-26 16:00:00+00:00,9677.455258700102
2026-05-26 17:00:00+00:00,9677.455258700102
2026-05-26 18:00:00+00:00,9677.455258700102
2026-05-26 19:00:00+00:00,9677.455258700102
2026-05-26 20:00:00+00:00,9677.455258700102
2026-05-26 21:00:00+00:00,9677.455258700102
2026-05-26 22:00:00+00:00,9677.455258700102
2026-05-26 23:00:00+00:00,9677.455258700102
2026-05-27 00:00:00+00:00,9677.455258700102
2026-05-27 01:00:00+00:00,9677.455258700102
2026-05-27 02:00:00+00:00,9677.455258700102
2026-05-27 03:00:00+00:00,9677.455258700102
2026-05-27 04:00:00+00:00,9677.455258700102
2026-05-27 05:00:00+00:00,9677.455258700102
2026-05-27 06:00:00+00:00,9677.455258700102
2026-05-27 07:00:00+00:00,9677.455258700102
2026-05-27 08:00:00+00:00,9677.455258700102
2026-05-27 09:00:00+00:00,9677.455258700102
2026-05-27 10:00:00+00:00,9677.455258700102
2026-05-27 11:00:00+00:00,9677.455258700102
2026-05-27 12:00:00+00:00,9677.455258700102
2026-05-27 13:00:00+00:00,9677.455258700102
2026-05-27 14:00:00+00:00,9677.455258700102
2026-05-27 15:00:00+00:00,9677.455258700102
2026-05-27 16:00:00+00:00,9677.455258700102
2026-05-27 17:00:00+00:00,9677.455258700102
2026-05-27 18:00:00+00:00,9677.455258700102
2026-05-27 19:00:00+00:00,9677.455258700102
2026-05-27 20:00:00+00:00,9677.455258700102
2026-05-27 21:00:00+00:00,9677.455258700102
2026-05-27 22:00:00+00:00,9677.455258700102
2026-05-27 23:00:00+00:00,9677.455258700102
2026-05-28 00:00:00+00:00,9677.455258700102
2026-05-28 01:00:00+00:00,9677.455258700102
2026-05-28 02:00:00+00:00,9677.455258700102
2026-05-28 03:00:00+00:00,9677.455258700102
2026-05-28 04:00:00+00:00,9677.455258700102
2026-05-28 05:00:00+00:00,9678.130516898902
2026-05-28 06:00:00+00:00,9696.636516898901
2026-05-28 07:00:00+00:00,9676.287516898901
2026-05-28 08:00:00+00:00,9649.402516898903
2026-05-28 09:00:00+00:00,9666.52357692758
2026-05-28 10:00:00+00:00,9645.937076927581
2026-05-28 11:00:00+00:00,9659.79757692758
2026-05-28 12:00:00+00:00,9648.44507692758
2026-05-28 13:00:00+00:00,9646.50707692758
2026-05-28 14:00:00+00:00,9694.054576927581
2026-05-28 15:00:00+00:00,9693.40857692758
2026-05-28 16:00:00+00:00,9703.155576927582
2026-05-28 17:00:00+00:00,9654.400610777582
2026-05-28 18:00:00+00:00,9645.394610777581
2026-05-28 19:00:00+00:00,9634.574110777581
2026-05-28 20:00:00+00:00,9657.25061077758
2026-05-28 21:00:00+00:00,9642.183610777582
2026-05-28 22:00:00+00:00,9606.698884927526
2026-05-28 23:00:00+00:00,9606.698884927526
2026-05-29 00:00:00+00:00,9606.698884927526
2026-05-29 01:00:00+00:00,9606.698884927526
2026-05-29 02:00:00+00:00,9606.698884927526
2026-05-29 03:00:00+00:00,9606.698884927526
2026-05-29 04:00:00+00:00,9606.698884927526
2026-05-29 05:00:00+00:00,9606.698884927526
2026-05-29 06:00:00+00:00,9606.698884927526
2026-05-29 07:00:00+00:00,9606.698884927526
2026-05-29 08:00:00+00:00,9606.698884927526
2026-05-29 09:00:00+00:00,9606.698884927526
2026-05-29 10:00:00+00:00,9606.698884927526
2026-05-29 11:00:00+00:00,9606.698884927526
2026-05-29 12:00:00+00:00,9606.698884927526
2026-05-29 13:00:00+00:00,9606.698884927526
2026-05-29 14:00:00+00:00,9606.698884927526
2026-05-29 15:00:00+00:00,9606.698884927526
2026-05-29 16:00:00+00:00,9606.698884927526
2026-05-29 17:00:00+00:00,9606.698884927526
2026-05-29 18:00:00+00:00,9606.698884927526
2026-05-29 19:00:00+00:00,9606.698884927526
2026-05-29 20:00:00+00:00,9606.698884927526
2026-05-29 21:00:00+00:00,9606.698884927526
2026-05-29 22:00:00+00:00,9606.698884927526
2026-05-29 23:00:00+00:00,9606.698884927526
2026-05-30 00:00:00+00:00,9606.698884927526
2026-05-30 01:00:00+00:00,9606.698884927526
2026-05-30 02:00:00+00:00,9606.698884927526
2026-05-30 03:00:00+00:00,9606.698884927526
2026-05-30 04:00:00+00:00,9606.698884927526
2026-05-30 05:00:00+00:00,9606.698884927526
2026-05-30 06:00:00+00:00,9606.698884927526
2026-05-30 07:00:00+00:00,9606.698884927526
2026-05-30 08:00:00+00:00,9606.698884927526
2026-05-30 09:00:00+00:00,9606.698884927526
2026-05-30 10:00:00+00:00,9606.698884927526
2026-05-30 11:00:00+00:00,9606.698884927526
2026-05-30 12:00:00+00:00,9606.698884927526
2026-05-30 13:00:00+00:00,9606.698884927526
2026-05-30 14:00:00+00:00,9606.698884927526
2026-05-30 15:00:00+00:00,9606.698884927526
2026-05-30 16:00:00+00:00,9606.698884927526
2026-05-30 17:00:00+00:00,9606.698884927526
2026-05-30 18:00:00+00:00,9606.698884927526
2026-05-30 19:00:00+00:00,9606.698884927526
2026-05-30 20:00:00+00:00,9606.698884927526
2026-05-30 21:00:00+00:00,9606.698884927526
2026-05-30 22:00:00+00:00,9606.698884927526
2026-05-30 23:00:00+00:00,9606.698884927526
2026-05-31 00:00:00+00:00,9606.698884927526
2026-05-31 01:00:00+00:00,9606.698884927526
2026-05-31 02:00:00+00:00,9606.698884927526
2026-05-31 03:00:00+00:00,9606.698884927526
2026-05-31 04:00:00+00:00,9606.698884927526
2026-05-31 05:00:00+00:00,9606.698884927526
2026-05-31 06:00:00+00:00,9606.698884927526
2026-05-31 07:00:00+00:00,9606.698884927526
2026-05-31 08:00:00+00:00,9606.698884927526
2026-05-31 09:00:00+00:00,9606.698884927526
2026-05-31 10:00:00+00:00,9606.698884927526
2026-05-31 11:00:00+00:00,9606.698884927526
2026-05-31 12:00:00+00:00,9606.698884927526
2026-05-31 13:00:00+00:00,9606.698884927526
2026-05-31 14:00:00+00:00,9606.698884927526
2026-05-31 15:00:00+00:00,9606.698884927526
2026-05-31 16:00:00+00:00,9606.698884927526
2026-05-31 17:00:00+00:00,9606.698884927526
2026-05-31 18:00:00+00:00,9606.698884927526
2026-05-31 19:00:00+00:00,9606.698884927526
2026-05-31 20:00:00+00:00,9606.698884927526
2026-05-31 21:00:00+00:00,9606.698884927526
2026-05-31 22:00:00+00:00,9606.698884927526
2026-05-31 23:00:00+00:00,9606.698884927526
2026-06-01 00:00:00+00:00,9606.698884927526
2026-06-01 01:00:00+00:00,9606.698884927526
2026-06-01 02:00:00+00:00,9606.698884927526
2026-06-01 03:00:00+00:00,9606.698884927526
2026-06-01 04:00:00+00:00,9606.698884927526
2026-06-01 05:00:00+00:00,9606.698884927526
2026-06-01 06:00:00+00:00,9606.698884927526
2026-06-01 07:00:00+00:00,9606.698884927526
2026-06-01 08:00:00+00:00,9606.698884927526
2026-06-01 09:00:00+00:00,9606.698884927526
2026-06-01 10:00:00+00:00,9606.698884927526
2026-06-01 11:00:00+00:00,9606.698884927526
2026-06-01 12:00:00+00:00,9606.698884927526
2026-06-01 13:00:00+00:00,9606.698884927526
2026-06-01 14:00:00+00:00,9658.222990633034
2026-06-01 15:00:00+00:00,9674.034990633034
2026-06-01 16:00:00+00:00,9726.320790633035
2026-06-01 17:00:00+00:00,9676.714863853036
2026-06-01 18:00:00+00:00,9667.982863853036
2026-06-01 19:00:00+00:00,9685.069263853036
2026-06-01 20:00:00+00:00,9672.112863853035
2026-06-01 21:00:00+00:00,9689.777463853035
2026-06-01 22:00:00+00:00,9738.464263853037
2026-06-01 23:00:00+00:00,9694.709863853035
2026-06-02 00:00:00+00:00,9693.919263853037
2026-06-02 01:00:00+00:00,9709.429062313036
2026-06-02 02:00:00+00:00,9784.382662313035
2026-06-02 03:00:00+00:00,9760.924262313036
2026-06-02 04:00:00+00:00,9748.994462313034
2026-06-02 05:00:00+00:00,9765.632462313035
2026-06-02 06:00:00+00:00,9829.564862313035
2026-06-02 07:00:00+00:00,9863.881920112404
2026-06-02 08:00:00+00:00,9863.881920112404
2026-06-02 09:00:00+00:00,9863.881920112404
2026-06-02 10:00:00+00:00,9863.881920112404
2026-06-02 11:00:00+00:00,9836.478786578966
2026-06-02 12:00:00+00:00,9854.709186578966
2026-06-02 13:00:00+00:00,9897.371586578965
2026-06-02 14:00:00+00:00,9916.129986578966
2026-06-02 15:00:00+00:00,9991.777986578965
2026-06-02 16:00:00+00:00,10061.502786578965
2026-06-02 17:00:00+00:00,10051.463885138966
2026-06-02 18:00:00+00:00,10044.811085138965
2026-06-02 19:00:00+00:00,10059.355085138966
2026-06-02 20:00:00+00:00,10133.798901931455
2026-06-02 21:00:00+00:00,10133.798901931455
2026-06-02 22:00:00+00:00,10133.798901931455
2026-06-02 23:00:00+00:00,10133.798901931455
2026-06-03 00:00:00+00:00,10133.798901931455
2026-06-03 01:00:00+00:00,10133.798901931455
2026-06-03 02:00:00+00:00,10133.798901931455
2026-06-03 03:00:00+00:00,10133.798901931455
2026-06-03 04:00:00+00:00,10133.798901931455
2026-06-03 05:00:00+00:00,10086.056415117064
2026-06-03 06:00:00+00:00,10025.699315117065
2026-06-03 07:00:00+00:00,10049.974215117065
2026-06-03 08:00:00+00:00,10032.756715117064
2026-06-03 09:00:00+00:00,10046.663640020823
2026-06-03 10:00:00+00:00,10043.120740020822
2026-06-03 11:00:00+00:00,10027.742140020822
2026-06-03 12:00:00+00:00,10043.37634002082
2026-06-03 13:00:00+00:00,10042.439140020822
2026-06-03 14:00:00+00:00,10054.281940020823
2026-06-03 15:00:00+00:00,10057.555040020821
2026-06-03 16:00:00+00:00,10113.112540020822
2026-06-03 17:00:00+00:00,10114.824048980821
2026-06-03 18:00:00+00:00,10121.696848980822
2026-06-03 19:00:00+00:00,10116.861748980822
2026-06-03 20:00:00+00:00,10157.672548980823
2026-06-03 21:00:00+00:00,10190.772748980822
2026-06-03 22:00:00+00:00,10135.918148980823
2026-06-03 23:00:00+00:00,10196.630248980822
2026-06-04 00:00:00+00:00,10251.342848980823
2026-06-04 01:00:00+00:00,10308.68451489805
2026-06-04 02:00:00+00:00,10391.32851489805
2026-06-04 03:00:00+00:00,10418.801593100152
2026-06-04 04:00:00+00:00,10418.801593100152
2026-06-04 05:00:00+00:00,10418.801593100152
2026-06-04 06:00:00+00:00,10418.801593100152
2026-06-04 07:00:00+00:00,10418.801593100152
2026-06-04 08:00:00+00:00,10418.801593100152
2026-06-04 09:00:00+00:00,10418.801593100152
2026-06-04 10:00:00+00:00,10418.801593100152
2026-06-04 11:00:00+00:00,10418.801593100152
2026-06-04 12:00:00+00:00,10418.801593100152
2026-06-04 13:00:00+00:00,10418.801593100152
2026-06-04 14:00:00+00:00,10418.801593100152
2026-06-04 15:00:00+00:00,10418.801593100152
2026-06-04 16:00:00+00:00,10418.801593100152
2026-06-04 17:00:00+00:00,10418.801593100152
2026-06-04 18:00:00+00:00,10418.801593100152
2026-06-04 19:00:00+00:00,10418.801593100152
2026-06-04 20:00:00+00:00,10418.801593100152
2026-06-04 21:00:00+00:00,10418.801593100152
2026-06-04 22:00:00+00:00,10418.801593100152
2026-06-04 23:00:00+00:00,10418.801593100152
2026-06-05 00:00:00+00:00,10418.801593100152
2026-06-05 01:00:00+00:00,10418.801593100152
2026-06-05 02:00:00+00:00,10418.801593100152
2026-06-05 03:00:00+00:00,10418.801593100152
2026-06-05 04:00:00+00:00,10418.801593100152
2026-06-05 05:00:00+00:00,10418.801593100152
2026-06-05 06:00:00+00:00,10418.801593100152
2026-06-05 07:00:00+00:00,10418.801593100152
2026-06-05 08:00:00+00:00,10418.801593100152
2026-06-05 09:00:00+00:00,10418.801593100152
2026-06-05 10:00:00+00:00,10418.801593100152
2026-06-05 11:00:00+00:00,10418.801593100152
2026-06-05 12:00:00+00:00,10418.801593100152
2026-06-05 13:00:00+00:00,10418.801593100152
2026-06-05 14:00:00+00:00,10418.801593100152
2026-06-05 15:00:00+00:00,10408.443946187512
2026-06-05 16:00:00+00:00,10431.712546187513
2026-06-05 17:00:00+00:00,10379.678424754615
2026-06-05 18:00:00+00:00,10410.577224754614
2026-06-05 19:00:00+00:00,10487.273424754614
2026-06-05 20:00:00+00:00,10438.414224754615
2026-06-05 21:00:00+00:00,10370.369723712056
2026-06-05 22:00:00+00:00,10370.369723712056
2026-06-05 23:00:00+00:00,10370.369723712056
2026-06-06 00:00:00+00:00,10370.369723712056
2026-06-06 01:00:00+00:00,10370.369723712056
2026-06-06 02:00:00+00:00,10370.369723712056
2026-06-06 03:00:00+00:00,10370.369723712056
2026-06-06 04:00:00+00:00,10370.369723712056
2026-06-06 05:00:00+00:00,10370.369723712056
2026-06-06 06:00:00+00:00,10370.369723712056
2026-06-06 07:00:00+00:00,10370.369723712056
2026-06-06 08:00:00+00:00,10370.369723712056
2026-06-06 09:00:00+00:00,10370.369723712056
2026-06-06 10:00:00+00:00,10370.369723712056
2026-06-06 11:00:00+00:00,10370.369723712056
2026-06-06 12:00:00+00:00,10370.369723712056
2026-06-06 13:00:00+00:00,10370.369723712056
2026-06-06 14:00:00+00:00,10370.369723712056
2026-06-06 15:00:00+00:00,10370.369723712056
2026-06-06 16:00:00+00:00,10370.369723712056
2026-06-06 17:00:00+00:00,10370.369723712056
2026-06-06 18:00:00+00:00,10370.369723712056
2026-06-06 19:00:00+00:00,10370.369723712056
2026-06-06 20:00:00+00:00,10370.369723712056
2026-06-06 21:00:00+00:00,10370.369723712056
2026-06-06 22:00:00+00:00,10370.369723712056
2026-06-06 23:00:00+00:00,10370.369723712056
2026-06-07 00:00:00+00:00,10370.369723712056
2026-06-07 01:00:00+00:00,10370.369723712056
2026-06-07 02:00:00+00:00,10370.369723712056
2026-06-07 03:00:00+00:00,10370.369723712056
2026-06-07 04:00:00+00:00,10370.369723712056
2026-06-07 05:00:00+00:00,10370.369723712056
2026-06-07 06:00:00+00:00,10370.369723712056
2026-06-07 07:00:00+00:00,10370.369723712056
2026-06-07 08:00:00+00:00,10370.369723712056
2026-06-07 09:00:00+00:00,10370.369723712056
2026-06-07 10:00:00+00:00,10370.369723712056
2026-06-07 11:00:00+00:00,10370.369723712056
2026-06-07 12:00:00+00:00,10370.369723712056
2026-06-07 13:00:00+00:00,10370.369723712056
2026-06-07 14:00:00+00:00,10370.369723712056
2026-06-07 15:00:00+00:00,10370.369723712056
2026-06-07 16:00:00+00:00,10370.369723712056
2026-06-07 17:00:00+00:00,10370.369723712056
2026-06-07 18:00:00+00:00,10370.369723712056
2026-06-07 19:00:00+00:00,10370.369723712056
2026-06-07 20:00:00+00:00,10370.369723712056
2026-06-07 21:00:00+00:00,10370.369723712056
2026-06-07 22:00:00+00:00,10370.369723712056
2026-06-07 23:00:00+00:00,10370.369723712056
2026-06-08 00:00:00+00:00,10370.369723712056
2026-06-08 01:00:00+00:00,10370.369723712056
2026-06-08 02:00:00+00:00,10370.369723712056
2026-06-08 03:00:00+00:00,10370.369723712056
2026-06-08 04:00:00+00:00,10370.369723712056
2026-06-08 05:00:00+00:00,10370.369723712056
2026-06-08 06:00:00+00:00,10370.369723712056
2026-06-08 07:00:00+00:00,10370.369723712056
2026-06-08 08:00:00+00:00,10370.369723712056
2026-06-08 09:00:00+00:00,10370.369723712056
2026-06-08 10:00:00+00:00,10370.369723712056
2026-06-08 11:00:00+00:00,10370.369723712056
2026-06-08 12:00:00+00:00,10370.369723712056
2026-06-08 13:00:00+00:00,10370.369723712056
2026-06-08 14:00:00+00:00,10370.369723712056
2026-06-08 15:00:00+00:00,10370.369723712056
2026-06-08 16:00:00+00:00,10370.369723712056
2026-06-08 17:00:00+00:00,10370.369723712056
2026-06-08 18:00:00+00:00,10370.369723712056
2026-06-08 19:00:00+00:00,10370.369723712056
2026-06-08 20:00:00+00:00,10370.369723712056
2026-06-08 21:00:00+00:00,10370.369723712056
2026-06-08 22:00:00+00:00,10370.369723712056
2026-06-08 23:00:00+00:00,10370.369723712056
2026-06-09 00:00:00+00:00,10370.369723712056
2026-06-09 01:00:00+00:00,10370.369723712056
2026-06-09 02:00:00+00:00,10370.369723712056
2026-06-09 03:00:00+00:00,10370.369723712056
2026-06-09 04:00:00+00:00,10370.369723712056
2026-06-09 05:00:00+00:00,10370.369723712056
2026-06-09 06:00:00+00:00,10370.369723712056
2026-06-09 07:00:00+00:00,10370.369723712056
2026-06-09 08:00:00+00:00,10370.369723712056
2026-06-09 09:00:00+00:00,10370.369723712056
2026-06-09 10:00:00+00:00,10370.369723712056
2026-06-09 11:00:00+00:00,10370.369723712056
2026-06-09 12:00:00+00:00,10370.369723712056
2026-06-09 13:00:00+00:00,10370.369723712056
2026-06-09 14:00:00+00:00,10370.369723712056
2026-06-09 15:00:00+00:00,10370.369723712056
2026-06-09 16:00:00+00:00,10370.369723712056
2026-06-09 17:00:00+00:00,10370.369723712056
2026-06-09 18:00:00+00:00,10370.369723712056
2026-06-09 19:00:00+00:00,10370.369723712056
2026-06-09 20:00:00+00:00,10370.369723712056
2026-06-09 21:00:00+00:00,10370.369723712056
2026-06-09 22:00:00+00:00,10370.369723712056
2026-06-09 23:00:00+00:00,10370.369723712056
2026-06-10 00:00:00+00:00,10370.369723712056
2026-06-10 01:00:00+00:00,10370.369723712056
2026-06-10 02:00:00+00:00,10370.369723712056
2026-06-10 03:00:00+00:00,10370.369723712056
2026-06-10 04:00:00+00:00,10370.369723712056
2026-06-10 05:00:00+00:00,10370.369723712056
2026-06-10 06:00:00+00:00,10370.369723712056
2026-06-10 07:00:00+00:00,10370.369723712056
2026-06-10 08:00:00+00:00,10370.369723712056
2026-06-10 09:00:00+00:00,10370.369723712056
2026-06-10 10:00:00+00:00,10370.369723712056
2026-06-10 11:00:00+00:00,10370.369723712056
2026-06-10 12:00:00+00:00,10370.369723712056
2026-06-10 13:00:00+00:00,10370.369723712056
2026-06-10 14:00:00+00:00,10370.369723712056
2026-06-10 15:00:00+00:00,10370.369723712056
2026-06-10 16:00:00+00:00,10370.369723712056
2026-06-10 17:00:00+00:00,10370.369723712056
2026-06-10 18:00:00+00:00,10370.369723712056
2026-06-10 19:00:00+00:00,10370.369723712056
2026-06-10 20:00:00+00:00,10370.369723712056
2026-06-10 21:00:00+00:00,10370.369723712056
2026-06-10 22:00:00+00:00,10370.369723712056
2026-06-10 23:00:00+00:00,10370.369723712056
2026-06-11 00:00:00+00:00,10370.369723712056
2026-06-11 01:00:00+00:00,10370.369723712056
2026-06-11 02:00:00+00:00,10370.369723712056
2026-06-11 03:00:00+00:00,10370.369723712056
2026-06-11 04:00:00+00:00,10370.369723712056
2026-06-11 05:00:00+00:00,10370.369723712056
2026-06-11 06:00:00+00:00,10370.369723712056
2026-06-11 07:00:00+00:00,10370.369723712056
2026-06-11 08:00:00+00:00,10370.369723712056
2026-06-11 09:00:00+00:00,10370.369723712056
2026-06-11 10:00:00+00:00,10370.369723712056
2026-06-11 11:00:00+00:00,10370.369723712056
2026-06-11 12:00:00+00:00,10370.369723712056
2026-06-11 13:00:00+00:00,10370.369723712056
2026-06-11 14:00:00+00:00,10370.369723712056
2026-06-11 15:00:00+00:00,10370.369723712056
2026-06-11 16:00:00+00:00,10370.369723712056
2026-06-11 17:00:00+00:00,10370.369723712056
2026-06-11 18:00:00+00:00,10370.369723712056
2026-06-11 19:00:00+00:00,10370.369723712056
2026-06-11 20:00:00+00:00,10370.369723712056
2026-06-11 21:00:00+00:00,10370.369723712056
2026-06-11 22:00:00+00:00,10370.369723712056
2026-06-11 23:00:00+00:00,10370.369723712056
2026-06-12 00:00:00+00:00,10370.369723712056
2026-06-12 01:00:00+00:00,10370.369723712056
2026-06-12 02:00:00+00:00,10370.369723712056
2026-06-12 03:00:00+00:00,10370.369723712056
2026-06-12 04:00:00+00:00,10370.369723712056
2026-06-12 05:00:00+00:00,10370.369723712056
2026-06-12 06:00:00+00:00,10370.369723712056
2026-06-12 07:00:00+00:00,10370.369723712056
2026-06-12 08:00:00+00:00,10370.369723712056
2026-06-12 09:00:00+00:00,10370.369723712056
2026-06-12 10:00:00+00:00,10370.369723712056
2026-06-12 11:00:00+00:00,10370.369723712056
2026-06-12 12:00:00+00:00,10370.369723712056
2026-06-12 13:00:00+00:00,10370.369723712056
2026-06-12 14:00:00+00:00,10370.369723712056
2026-06-12 15:00:00+00:00,10370.369723712056
2026-06-12 16:00:00+00:00,10370.369723712056
2026-06-12 17:00:00+00:00,10370.369723712056
2026-06-12 18:00:00+00:00,10370.369723712056
2026-06-12 19:00:00+00:00,10370.369723712056
2026-06-12 20:00:00+00:00,10370.369723712056
2026-06-12 21:00:00+00:00,10370.369723712056
2026-06-12 22:00:00+00:00,10370.369723712056
2026-06-12 23:00:00+00:00,10370.369723712056
2026-06-13 00:00:00+00:00,10370.369723712056
2026-06-13 01:00:00+00:00,10370.369723712056
2026-06-13 02:00:00+00:00,10370.369723712056
2026-06-13 03:00:00+00:00,10370.369723712056
2026-06-13 04:00:00+00:00,10370.369723712056
2026-06-13 05:00:00+00:00,10370.369723712056
2026-06-13 06:00:00+00:00,10370.369723712056
2026-06-13 07:00:00+00:00,10370.369723712056
2026-06-13 08:00:00+00:00,10370.369723712056
2026-06-13 09:00:00+00:00,10370.369723712056
2026-06-13 10:00:00+00:00,10370.369723712056
2026-06-13 11:00:00+00:00,10370.369723712056
2026-06-13 12:00:00+00:00,10370.369723712056
2026-06-13 13:00:00+00:00,10370.369723712056
2026-06-13 14:00:00+00:00,10370.369723712056
2026-06-13 15:00:00+00:00,10370.369723712056
2026-06-13 16:00:00+00:00,10370.369723712056
2026-06-13 17:00:00+00:00,10370.369723712056
2026-06-13 18:00:00+00:00,10370.369723712056
2026-06-13 19:00:00+00:00,10370.369723712056
2026-06-13 20:00:00+00:00,10370.369723712056
2026-06-13 21:00:00+00:00,10370.369723712056
2026-06-13 22:00:00+00:00,10370.369723712056
2026-06-13 23:00:00+00:00,10370.369723712056
2026-06-14 00:00:00+00:00,10370.369723712056
2026-06-14 01:00:00+00:00,10370.369723712056
2026-06-14 02:00:00+00:00,10370.369723712056
2026-06-14 03:00:00+00:00,10370.369723712056
2026-06-14 04:00:00+00:00,10370.369723712056
2026-06-14 05:00:00+00:00,10370.369723712056
2026-06-14 06:00:00+00:00,10370.369723712056
2026-06-14 07:00:00+00:00,10370.369723712056
2026-06-14 08:00:00+00:00,10370.369723712056
2026-06-14 09:00:00+00:00,10370.369723712056
2026-06-14 10:00:00+00:00,10370.369723712056
2026-06-14 11:00:00+00:00,10370.369723712056
2026-06-14 12:00:00+00:00,10370.369723712056
2026-06-14 13:00:00+00:00,10370.369723712056
2026-06-14 14:00:00+00:00,10370.369723712056
2026-06-14 15:00:00+00:00,10370.369723712056
2026-06-14 16:00:00+00:00,10370.369723712056
2026-06-14 17:00:00+00:00,10370.369723712056
2026-06-14 18:00:00+00:00,10370.369723712056
2026-06-14 19:00:00+00:00,10370.369723712056
2026-06-14 20:00:00+00:00,10370.369723712056
2026-06-14 21:00:00+00:00,10370.369723712056
2026-06-14 22:00:00+00:00,10370.369723712056
2026-06-14 23:00:00+00:00,10370.369723712056
2026-06-15 00:00:00+00:00,10370.369723712056
2026-06-15 01:00:00+00:00,10348.31848362914
2026-06-15 02:00:00+00:00,10333.56088362914
2026-06-15 03:00:00+00:00,10328.20738362914
2026-06-15 04:00:00+00:00,10386.72178362914
2026-06-15 05:00:00+00:00,10350.13738362914
2026-06-15 06:00:00+00:00,10378.06588362914
2026-06-15 07:00:00+00:00,10372.06738362914
2026-06-15 08:00:00+00:00,10356.38098362914
2026-06-15 09:00:00+00:00,10354.591083873038
2026-06-15 10:00:00+00:00,10346.012583873036
2026-06-15 11:00:00+00:00,10387.847283873036
2026-06-15 12:00:00+00:00,10427.837283873036
2026-06-15 13:00:00+00:00,10471.065183873035
2026-06-15 14:00:00+00:00,10455.378783873035
2026-06-15 15:00:00+00:00,10472.342283873035
2026-06-15 16:00:00+00:00,10563.919383873037
2026-06-15 17:00:00+00:00,10547.429341654806
2026-06-15 18:00:00+00:00,10509.103441654806
2026-06-15 19:00:00+00:00,10497.532141654807
2026-06-15 20:00:00+00:00,10449.178012878116
2026-06-15 21:00:00+00:00,10449.178012878116
2026-06-15 22:00:00+00:00,10449.178012878116
2026-06-15 23:00:00+00:00,10449.178012878116
2026-06-16 00:00:00+00:00,10449.178012878116
2026-06-16 01:00:00+00:00,10449.178012878116
2026-06-16 02:00:00+00:00,10449.178012878116
2026-06-16 03:00:00+00:00,10449.178012878116
2026-06-16 04:00:00+00:00,10449.178012878116
2026-06-16 05:00:00+00:00,10449.178012878116
2026-06-16 06:00:00+00:00,10449.178012878116
2026-06-16 07:00:00+00:00,10449.178012878116
2026-06-16 08:00:00+00:00,10449.178012878116
2026-06-16 09:00:00+00:00,10449.178012878116
2026-06-16 10:00:00+00:00,10449.178012878116
2026-06-16 11:00:00+00:00,10449.178012878116
2026-06-16 12:00:00+00:00,10449.178012878116
2026-06-16 13:00:00+00:00,10449.178012878116
2026-06-16 14:00:00+00:00,10449.178012878116
2026-06-16 15:00:00+00:00,10449.178012878116
2026-06-16 16:00:00+00:00,10449.178012878116
2026-06-16 17:00:00+00:00,10449.178012878116
2026-06-16 18:00:00+00:00,10449.178012878116
2026-06-16 19:00:00+00:00,10449.178012878116
2026-06-16 20:00:00+00:00,10449.178012878116
2026-06-16 21:00:00+00:00,10449.178012878116
2026-06-16 22:00:00+00:00,10449.178012878116
2026-06-16 23:00:00+00:00,10449.178012878116
2026-06-17 00:00:00+00:00,10449.178012878116
2026-06-17 01:00:00+00:00,10449.178012878116
2026-06-17 02:00:00+00:00,10449.178012878116
2026-06-17 03:00:00+00:00,10449.178012878116
2026-06-17 04:00:00+00:00,10449.178012878116
2026-06-17 05:00:00+00:00,10449.178012878116
2026-06-17 06:00:00+00:00,10449.178012878116
2026-06-17 07:00:00+00:00,10449.178012878116
2026-06-17 08:00:00+00:00,10449.178012878116
2026-06-17 09:00:00+00:00,10449.178012878116
2026-06-17 10:00:00+00:00,10449.178012878116
2026-06-17 11:00:00+00:00,10449.178012878116
2026-06-17 12:00:00+00:00,10449.178012878116
2026-06-17 13:00:00+00:00,10449.178012878116
2026-06-17 14:00:00+00:00,10449.178012878116
2026-06-17 15:00:00+00:00,10449.178012878116
2026-06-17 16:00:00+00:00,10449.178012878116
2026-06-17 17:00:00+00:00,10449.178012878116
2026-06-17 18:00:00+00:00,10449.178012878116
2026-06-17 19:00:00+00:00,10449.178012878116
2026-06-17 20:00:00+00:00,10449.178012878116
2026-06-17 21:00:00+00:00,10449.178012878116
2026-06-17 22:00:00+00:00,10449.178012878116
2026-06-17 23:00:00+00:00,10449.178012878116
2026-06-18 00:00:00+00:00,10449.178012878116
2026-06-18 01:00:00+00:00,10449.178012878116
2026-06-18 02:00:00+00:00,10449.178012878116
2026-06-18 03:00:00+00:00,10449.178012878116
2026-06-18 04:00:00+00:00,10449.178012878116
2026-06-18 05:00:00+00:00,10449.178012878116
2026-06-18 06:00:00+00:00,10449.178012878116
2026-06-18 07:00:00+00:00,10449.178012878116
2026-06-18 08:00:00+00:00,10449.178012878116
2026-06-18 09:00:00+00:00,10449.178012878116
2026-06-18 10:00:00+00:00,10449.178012878116
2026-06-18 11:00:00+00:00,10449.178012878116
2026-06-18 12:00:00+00:00,10449.178012878116
2026-06-18 13:00:00+00:00,10449.178012878116
2026-06-18 14:00:00+00:00,10449.178012878116
2026-06-18 15:00:00+00:00,10449.178012878116
2026-06-18 16:00:00+00:00,10449.178012878116
2026-06-18 17:00:00+00:00,10449.178012878116
2026-06-18 18:00:00+00:00,10449.178012878116
2026-06-18 19:00:00+00:00,10449.178012878116
2026-06-18 20:00:00+00:00,10449.178012878116
2026-06-18 21:00:00+00:00,10449.178012878116
2026-06-18 22:00:00+00:00,10449.178012878116
2026-06-18 23:00:00+00:00,10449.178012878116
2026-06-19 00:00:00+00:00,10449.178012878116
2026-06-19 01:00:00+00:00,10449.178012878116
2026-06-19 02:00:00+00:00,10449.178012878116
2026-06-19 03:00:00+00:00,10449.178012878116
2026-06-19 04:00:00+00:00,10449.178012878116
2026-06-19 05:00:00+00:00,10449.178012878116
2026-06-19 06:00:00+00:00,10449.178012878116
2026-06-19 07:00:00+00:00,10449.178012878116
2026-06-19 08:00:00+00:00,10449.178012878116
2026-06-19 09:00:00+00:00,10449.178012878116
2026-06-19 10:00:00+00:00,10449.178012878116
2026-06-19 11:00:00+00:00,10449.178012878116
2026-06-19 12:00:00+00:00,10449.178012878116
2026-06-19 13:00:00+00:00,10449.178012878116
2026-06-19 14:00:00+00:00,10449.178012878116
2026-06-19 15:00:00+00:00,10449.178012878116
2026-06-19 16:00:00+00:00,10449.178012878116
2026-06-19 17:00:00+00:00,10449.178012878116
2026-06-19 18:00:00+00:00,10449.178012878116
2026-06-19 19:00:00+00:00,10449.178012878116
2026-06-19 20:00:00+00:00,10449.178012878116
2026-06-19 21:00:00+00:00,10449.178012878116
2026-06-19 22:00:00+00:00,10449.178012878116
2026-06-19 23:00:00+00:00,10449.178012878116
2026-06-20 00:00:00+00:00,10449.178012878116
2026-06-20 01:00:00+00:00,10449.178012878116
2026-06-20 02:00:00+00:00,10449.178012878116
2026-06-20 03:00:00+00:00,10449.178012878116
2026-06-20 04:00:00+00:00,10449.178012878116
2026-06-20 05:00:00+00:00,10449.178012878116
2026-06-20 06:00:00+00:00,10449.178012878116
2026-06-20 07:00:00+00:00,10449.178012878116
2026-06-20 08:00:00+00:00,10449.178012878116
2026-06-20 09:00:00+00:00,10449.178012878116
2026-06-20 10:00:00+00:00,10449.178012878116
2026-06-20 11:00:00+00:00,10449.178012878116
2026-06-20 12:00:00+00:00,10449.178012878116
2026-06-20 13:00:00+00:00,10449.178012878116
2026-06-20 14:00:00+00:00,10449.178012878116
2026-06-20 15:00:00+00:00,10449.178012878116
2026-06-20 16:00:00+00:00,10449.178012878116
2026-06-20 17:00:00+00:00,10449.178012878116
2026-06-20 18:00:00+00:00,10449.178012878116
2026-06-20 19:00:00+00:00,10449.178012878116
2026-06-20 20:00:00+00:00,10449.178012878116
2026-06-20 21:00:00+00:00,10449.178012878116
2026-06-20 22:00:00+00:00,10449.178012878116
2026-06-20 23:00:00+00:00,10449.178012878116
2026-06-21 00:00:00+00:00,10449.178012878116
2026-06-21 01:00:00+00:00,10449.178012878116
2026-06-21 02:00:00+00:00,10449.178012878116
2026-06-21 03:00:00+00:00,10449.178012878116
2026-06-21 04:00:00+00:00,10449.178012878116
2026-06-21 05:00:00+00:00,10449.178012878116
2026-06-21 06:00:00+00:00,10449.178012878116
2026-06-21 07:00:00+00:00,10449.178012878116
2026-06-21 08:00:00+00:00,10449.178012878116
2026-06-21 09:00:00+00:00,10449.178012878116
2026-06-21 10:00:00+00:00,10449.178012878116
2026-06-21 11:00:00+00:00,10449.178012878116
2026-06-21 12:00:00+00:00,10449.178012878116
2026-06-21 13:00:00+00:00,10449.178012878116
2026-06-21 14:00:00+00:00,10449.178012878116
2026-06-21 15:00:00+00:00,10449.178012878116
2026-06-21 16:00:00+00:00,10449.178012878116
2026-06-21 17:00:00+00:00,10449.178012878116
2026-06-21 18:00:00+00:00,10449.178012878116
2026-06-21 19:00:00+00:00,10449.178012878116
2026-06-21 20:00:00+00:00,10449.178012878116
2026-06-21 21:00:00+00:00,10449.178012878116
2026-06-21 22:00:00+00:00,10449.178012878116
2026-06-21 23:00:00+00:00,10449.178012878116
2026-06-22 00:00:00+00:00,10449.178012878116
2026-06-22 01:00:00+00:00,10449.178012878116
2026-06-22 02:00:00+00:00,10449.178012878116
2026-06-22 03:00:00+00:00,10449.178012878116
2026-06-22 04:00:00+00:00,10449.178012878116
2026-06-22 05:00:00+00:00,10449.178012878116
2026-06-22 06:00:00+00:00,10449.178012878116
2026-06-22 07:00:00+00:00,10449.178012878116
2026-06-22 08:00:00+00:00,10449.178012878116
2026-06-22 09:00:00+00:00,10449.178012878116
2026-06-22 10:00:00+00:00,10449.178012878116
2026-06-22 11:00:00+00:00,10449.178012878116
2026-06-22 12:00:00+00:00,10449.178012878116
2026-06-22 13:00:00+00:00,10449.178012878116
2026-06-22 14:00:00+00:00,10449.178012878116
2026-06-22 15:00:00+00:00,10449.178012878116
2026-06-22 16:00:00+00:00,10449.178012878116
2026-06-22 17:00:00+00:00,10449.178012878116
2026-06-22 18:00:00+00:00,10449.178012878116
2026-06-22 19:00:00+00:00,10449.178012878116
2026-06-22 20:00:00+00:00,10449.178012878116
2026-06-22 21:00:00+00:00,10449.178012878116
2026-06-22 22:00:00+00:00,10449.178012878116
2026-06-22 23:00:00+00:00,10449.178012878116
2026-06-23 00:00:00+00:00,10449.178012878116
2026-06-23 01:00:00+00:00,10449.178012878116
2026-06-23 02:00:00+00:00,10449.178012878116
2026-06-23 03:00:00+00:00,10449.178012878116
2026-06-23 04:00:00+00:00,10449.178012878116
2026-06-23 05:00:00+00:00,10449.178012878116
2026-06-23 06:00:00+00:00,10449.178012878116
2026-06-23 07:00:00+00:00,10449.178012878116
2026-06-23 08:00:00+00:00,10449.178012878116
2026-06-23 09:00:00+00:00,10449.178012878116
2026-06-23 10:00:00+00:00,10449.178012878116
2026-06-23 11:00:00+00:00,10449.178012878116
2026-06-23 12:00:00+00:00,10449.178012878116
2026-06-23 13:00:00+00:00,10449.178012878116
2026-06-23 14:00:00+00:00,10449.178012878116
2026-06-23 15:00:00+00:00,10449.178012878116
2026-06-23 16:00:00+00:00,10449.178012878116
2026-06-23 17:00:00+00:00,10449.178012878116
2026-06-23 18:00:00+00:00,10449.178012878116
2026-06-23 19:00:00+00:00,10449.178012878116
2026-06-23 20:00:00+00:00,10449.178012878116
2026-06-23 21:00:00+00:00,10449.178012878116
2026-06-23 22:00:00+00:00,10449.178012878116
2026-06-23 23:00:00+00:00,10449.178012878116
2026-06-24 00:00:00+00:00,10449.178012878116
2026-06-24 01:00:00+00:00,10449.178012878116
2026-06-24 02:00:00+00:00,10449.178012878116
2026-06-24 03:00:00+00:00,10449.178012878116
2026-06-24 04:00:00+00:00,10449.178012878116
2026-06-24 05:00:00+00:00,10449.178012878116
2026-06-24 06:00:00+00:00,10449.178012878116
2026-06-24 07:00:00+00:00,10449.178012878116
2026-06-24 08:00:00+00:00,10449.178012878116
2026-06-24 09:00:00+00:00,10449.178012878116
2026-06-24 10:00:00+00:00,10449.178012878116
2026-06-24 11:00:00+00:00,10449.178012878116
2026-06-24 12:00:00+00:00,10449.178012878116
2026-06-24 13:00:00+00:00,10449.178012878116
2026-06-24 14:00:00+00:00,10449.178012878116
2026-06-24 15:00:00+00:00,10466.852690754116
2026-06-24 16:00:00+00:00,10562.282090754115
2026-06-24 17:00:00+00:00,10612.602384921262
2026-06-24 18:00:00+00:00,10664.415384921262
2026-06-24 19:00:00+00:00,10640.053584921263
2026-06-24 20:00:00+00:00,10600.370184921263
2026-06-24 21:00:00+00:00,10531.31690155066
2026-06-24 22:00:00+00:00,10531.31690155066
2026-06-24 23:00:00+00:00,10531.31690155066
2026-06-25 00:00:00+00:00,10531.31690155066
2026-06-25 01:00:00+00:00,10531.31690155066
2026-06-25 02:00:00+00:00,10531.31690155066
2026-06-25 03:00:00+00:00,10531.31690155066
2026-06-25 04:00:00+00:00,10531.31690155066
2026-06-25 05:00:00+00:00,10531.31690155066
2026-06-25 06:00:00+00:00,10531.31690155066
2026-06-25 07:00:00+00:00,10531.31690155066
2026-06-25 08:00:00+00:00,10531.31690155066
2026-06-25 09:00:00+00:00,10531.31690155066
2026-06-25 10:00:00+00:00,10531.31690155066
2026-06-25 11:00:00+00:00,10531.31690155066
2026-06-25 12:00:00+00:00,10531.31690155066
2026-06-25 13:00:00+00:00,10531.31690155066
2026-06-25 14:00:00+00:00,10531.31690155066
2026-06-25 15:00:00+00:00,10437.69081712694
2026-06-25 16:00:00+00:00,10430.82041712694
2026-06-25 17:00:00+00:00,10449.451858649543
2026-06-25 18:00:00+00:00,10421.833458649544
2026-06-25 19:00:00+00:00,10434.046658649544
2026-06-25 20:00:00+00:00,10448.365058649544
2026-06-25 21:00:00+00:00,10438.219058649544
2026-06-25 22:00:00+00:00,10381.158258649544
2026-06-25 23:00:00+00:00,10409.217458649544
2026-06-26 00:00:00+00:00,10412.515858649544
2026-06-26 01:00:00+00:00,10423.313964360505
2026-06-26 02:00:00+00:00,10439.965564360506
2026-06-26 03:00:00+00:00,10505.789164360505
2026-06-26 04:00:00+00:00,10398.783485008478
2026-06-26 05:00:00+00:00,10398.783485008478
2026-06-26 06:00:00+00:00,10398.783485008478
2026-06-26 07:00:00+00:00,10398.783485008478
2026-06-26 08:00:00+00:00,10398.783485008478
2026-06-26 09:00:00+00:00,10398.783485008478
2026-06-26 10:00:00+00:00,10398.783485008478
2026-06-26 11:00:00+00:00,10398.783485008478
2026-06-26 12:00:00+00:00,10398.783485008478
2026-06-26 13:00:00+00:00,10398.783485008478
2026-06-26 14:00:00+00:00,10398.783485008478
2026-06-26 15:00:00+00:00,10398.783485008478
2026-06-26 16:00:00+00:00,10398.783485008478
2026-06-26 17:00:00+00:00,10398.783485008478
2026-06-26 18:00:00+00:00,10398.783485008478
2026-06-26 19:00:00+00:00,10398.783485008478
2026-06-26 20:00:00+00:00,10398.783485008478
2026-06-26 21:00:00+00:00,10398.783485008478
2026-06-26 22:00:00+00:00,10398.783485008478
2026-06-26 23:00:00+00:00,10398.783485008478
2026-06-27 00:00:00+00:00,10398.783485008478
2026-06-27 01:00:00+00:00,10398.783485008478
2026-06-27 02:00:00+00:00,10398.783485008478
2026-06-27 03:00:00+00:00,10398.783485008478
2026-06-27 04:00:00+00:00,10398.783485008478
2026-06-27 05:00:00+00:00,10398.783485008478
2026-06-27 06:00:00+00:00,10398.783485008478
2026-06-27 07:00:00+00:00,10398.783485008478
2026-06-27 08:00:00+00:00,10398.783485008478
2026-06-27 09:00:00+00:00,10398.783485008478
2026-06-27 10:00:00+00:00,10398.783485008478
2026-06-27 11:00:00+00:00,10398.783485008478
2026-06-27 12:00:00+00:00,10398.783485008478
2026-06-27 13:00:00+00:00,10398.783485008478
2026-06-27 14:00:00+00:00,10398.783485008478
2026-06-27 15:00:00+00:00,10398.783485008478
2026-06-27 16:00:00+00:00,10398.783485008478
2026-06-27 17:00:00+00:00,10398.783485008478
2026-06-27 18:00:00+00:00,10398.783485008478
2026-06-27 19:00:00+00:00,10398.783485008478
2026-06-27 20:00:00+00:00,10398.783485008478
2026-06-27 21:00:00+00:00,10398.783485008478
2026-06-27 22:00:00+00:00,10398.783485008478
2026-06-27 23:00:00+00:00,10398.783485008478
2026-06-28 00:00:00+00:00,10398.783485008478
2026-06-28 01:00:00+00:00,10398.783485008478
2026-06-28 02:00:00+00:00,10398.783485008478
2026-06-28 03:00:00+00:00,10398.783485008478
2026-06-28 04:00:00+00:00,10398.783485008478
2026-06-28 05:00:00+00:00,10398.783485008478
2026-06-28 06:00:00+00:00,10398.783485008478
2026-06-28 07:00:00+00:00,10398.783485008478
2026-06-28 08:00:00+00:00,10398.783485008478
2026-06-28 09:00:00+00:00,10398.783485008478
2026-06-28 10:00:00+00:00,10398.783485008478
2026-06-28 11:00:00+00:00,10398.783485008478
2026-06-28 12:00:00+00:00,10398.783485008478
2026-06-28 13:00:00+00:00,10398.783485008478
2026-06-28 14:00:00+00:00,10398.783485008478
2026-06-28 15:00:00+00:00,10398.783485008478
2026-06-28 16:00:00+00:00,10398.783485008478
2026-06-28 17:00:00+00:00,10398.783485008478
2026-06-28 18:00:00+00:00,10398.783485008478
2026-06-28 19:00:00+00:00,10398.783485008478
2026-06-28 20:00:00+00:00,10398.783485008478
2026-06-28 21:00:00+00:00,10398.783485008478
2026-06-28 22:00:00+00:00,10398.783485008478
2026-06-28 23:00:00+00:00,10398.783485008478
2026-06-29 00:00:00+00:00,10398.783485008478
2026-06-29 01:00:00+00:00,10398.783485008478
2026-06-29 02:00:00+00:00,10398.783485008478
2026-06-29 03:00:00+00:00,10398.783485008478
2026-06-29 04:00:00+00:00,10398.783485008478
2026-06-29 05:00:00+00:00,10398.783485008478
2026-06-29 06:00:00+00:00,10398.783485008478
2026-06-29 07:00:00+00:00,10398.783485008478
2026-06-29 08:00:00+00:00,10398.783485008478
2026-06-29 09:00:00+00:00,10398.783485008478
2026-06-29 10:00:00+00:00,10398.783485008478
2026-06-29 11:00:00+00:00,10398.783485008478
2026-06-29 12:00:00+00:00,10398.783485008478
2026-06-29 13:00:00+00:00,10398.783485008478
2026-06-29 14:00:00+00:00,10398.783485008478
2026-06-29 15:00:00+00:00,10398.783485008478
2026-06-29 16:00:00+00:00,10398.783485008478
2026-06-29 17:00:00+00:00,10398.783485008478
2026-06-29 18:00:00+00:00,10398.783485008478
2026-06-29 19:00:00+00:00,10398.783485008478
2026-06-29 20:00:00+00:00,10398.783485008478
2026-06-29 21:00:00+00:00,10398.783485008478
2026-06-29 22:00:00+00:00,10398.783485008478
2026-06-29 23:00:00+00:00,10398.783485008478
2026-06-30 00:00:00+00:00,10398.783485008478
2026-06-30 01:00:00+00:00,10398.783485008478
2026-06-30 02:00:00+00:00,10398.783485008478
2026-06-30 03:00:00+00:00,10398.783485008478
2026-06-30 04:00:00+00:00,10398.783485008478
2026-06-30 05:00:00+00:00,10398.783485008478
2026-06-30 06:00:00+00:00,10398.783485008478
2026-06-30 07:00:00+00:00,10398.783485008478
2026-06-30 08:00:00+00:00,10398.783485008478
2026-06-30 09:00:00+00:00,10398.783485008478
2026-06-30 10:00:00+00:00,10398.783485008478
2026-06-30 11:00:00+00:00,10398.783485008478
2026-06-30 12:00:00+00:00,10398.783485008478
2026-06-30 13:00:00+00:00,10398.783485008478
2026-06-30 14:00:00+00:00,10398.783485008478
2026-06-30 15:00:00+00:00,10398.783485008478
2026-06-30 16:00:00+00:00,10398.783485008478
2026-06-30 17:00:00+00:00,10398.783485008478
2026-06-30 18:00:00+00:00,10398.783485008478
2026-06-30 19:00:00+00:00,10398.783485008478
2026-06-30 20:00:00+00:00,10398.783485008478
2026-06-30 21:00:00+00:00,10398.783485008478
2026-06-30 22:00:00+00:00,10398.783485008478
2026-06-30 23:00:00+00:00,10398.783485008478
2026-07-01 00:00:00+00:00,10398.783485008478
2026-07-01 01:00:00+00:00,10398.783485008478
2026-07-01 02:00:00+00:00,10398.783485008478
2026-07-01 03:00:00+00:00,10398.783485008478
2026-07-01 04:00:00+00:00,10398.783485008478
2026-07-01 05:00:00+00:00,10398.783485008478
2026-07-01 06:00:00+00:00,10398.783485008478
2026-07-01 07:00:00+00:00,10398.783485008478
2026-07-01 08:00:00+00:00,10398.783485008478
2026-07-01 09:00:00+00:00,10398.783485008478
2026-07-01 10:00:00+00:00,10398.783485008478
2026-07-01 11:00:00+00:00,10398.783485008478
2026-07-01 12:00:00+00:00,10398.783485008478
2026-07-01 13:00:00+00:00,10398.783485008478
2026-07-01 14:00:00+00:00,10398.783485008478
2026-07-01 15:00:00+00:00,10398.783485008478
2026-07-01 16:00:00+00:00,10398.783485008478
2026-07-01 17:00:00+00:00,10398.783485008478
2026-07-01 18:00:00+00:00,10398.783485008478
2026-07-01 19:00:00+00:00,10398.783485008478
2026-07-01 20:00:00+00:00,10398.783485008478
2026-07-01 21:00:00+00:00,10398.783485008478
2026-07-01 22:00:00+00:00,10398.783485008478
2026-07-01 23:00:00+00:00,10398.783485008478
2026-07-02 00:00:00+00:00,10398.783485008478
2026-07-02 01:00:00+00:00,10398.783485008478
2026-07-02 02:00:00+00:00,10398.783485008478
2026-07-02 03:00:00+00:00,10398.783485008478
2026-07-02 04:00:00+00:00,10398.783485008478
2026-07-02 05:00:00+00:00,10398.783485008478
2026-07-02 06:00:00+00:00,10398.783485008478
2026-07-02 07:00:00+00:00,10398.783485008478
2026-07-02 08:00:00+00:00,10398.783485008478
2026-07-02 09:00:00+00:00,10398.783485008478
2026-07-02 10:00:00+00:00,10398.783485008478
2026-07-02 11:00:00+00:00,10398.783485008478
2026-07-02 12:00:00+00:00,10398.783485008478
2026-07-02 13:00:00+00:00,10398.783485008478
2026-07-02 14:00:00+00:00,10398.783485008478
2026-07-02 15:00:00+00:00,10398.783485008478
2026-07-02 16:00:00+00:00,10398.783485008478
2026-07-02 17:00:00+00:00,10398.783485008478
2026-07-02 18:00:00+00:00,10398.783485008478
2026-07-02 19:00:00+00:00,10398.783485008478
2026-07-02 20:00:00+00:00,10398.783485008478
2026-07-02 21:00:00+00:00,10398.783485008478
2026-07-02 22:00:00+00:00,10398.783485008478
2026-07-02 23:00:00+00:00,10398.783485008478
2026-07-03 00:00:00+00:00,10398.783485008478
2026-07-03 01:00:00+00:00,10398.783485008478
2026-07-03 02:00:00+00:00,10398.783485008478
2026-07-03 03:00:00+00:00,10398.783485008478
2026-07-03 04:00:00+00:00,10398.783485008478
2026-07-03 05:00:00+00:00,10398.783485008478
2026-07-03 06:00:00+00:00,10398.783485008478
2026-07-03 07:00:00+00:00,10398.783485008478
2026-07-03 08:00:00+00:00,10398.783485008478
2026-07-03 09:00:00+00:00,10398.783485008478
2026-07-03 10:00:00+00:00,10398.783485008478
2026-07-03 11:00:00+00:00,10398.783485008478
2026-07-03 12:00:00+00:00,10398.783485008478
2026-07-03 13:00:00+00:00,10398.783485008478
2026-07-03 14:00:00+00:00,10398.783485008478
2026-07-03 15:00:00+00:00,10398.783485008478
2026-07-03 16:00:00+00:00,10398.783485008478
2026-07-03 17:00:00+00:00,10398.783485008478
2026-07-03 18:00:00+00:00,10398.783485008478
2026-07-03 19:00:00+00:00,10398.783485008478
2026-07-03 20:00:00+00:00,10398.783485008478
2026-07-03 21:00:00+00:00,10398.783485008478
2026-07-03 22:00:00+00:00,10385.104174789132
2026-07-03 23:00:00+00:00,10363.851774789131
2026-07-04 00:00:00+00:00,10365.084574789133
2026-07-04 01:00:00+00:00,10388.018587971534
2026-07-04 02:00:00+00:00,10349.855387971533
2026-07-04 03:00:00+00:00,10358.525187971532
2026-07-04 04:00:00+00:00,10370.652187971533
2026-07-04 05:00:00+00:00,10378.946787971534
2026-07-04 06:00:00+00:00,10350.605787971534
2026-07-04 07:00:00+00:00,10354.036187971533
2026-07-04 08:00:00+00:00,10362.933787971533
2026-07-04 09:00:00+00:00,10361.23086634375
2026-07-04 10:00:00+00:00,10353.083666343751
2026-07-04 11:00:00+00:00,10355.522466343751
2026-07-04 12:00:00+00:00,10352.34666634375
2026-07-04 13:00:00+00:00,10375.28746634375
2026-07-04 14:00:00+00:00,10366.09506634375
2026-07-04 15:00:00+00:00,10379.99086634375
2026-07-04 16:00:00+00:00,10411.62826634375
2026-07-04 17:00:00+00:00,10408.713270231372
2026-07-04 18:00:00+00:00,10457.341870231372
2026-07-04 19:00:00+00:00,10442.601870231372
2026-07-04 20:00:00+00:00,10459.365270231372
2026-07-04 21:00:00+00:00,10451.432470231372
2026-07-04 22:00:00+00:00,10460.584670231372
2026-07-04 23:00:00+00:00,10446.085870231373
2026-07-05 00:00:00+00:00,10439.586870231373
2026-07-05 01:00:00+00:00,10417.770071611372
2026-07-05 02:00:00+00:00,10404.410271611372
2026-07-05 03:00:00+00:00,10377.525745771385
2026-07-05 04:00:00+00:00,10377.525745771385
2026-07-05 05:00:00+00:00,10377.525745771385
2026-07-05 06:00:00+00:00,10377.525745771385
2026-07-05 07:00:00+00:00,10377.525745771385
2026-07-05 08:00:00+00:00,10377.525745771385
2026-07-05 09:00:00+00:00,10377.525745771385
2026-07-05 10:00:00+00:00,10377.525745771385
2026-07-05 11:00:00+00:00,10377.525745771385
2026-07-05 12:00:00+00:00,10377.525745771385
2026-07-05 13:00:00+00:00,10377.525745771385
2026-07-05 14:00:00+00:00,10377.525745771385
2026-07-05 15:00:00+00:00,10377.525745771385
2026-07-05 16:00:00+00:00,10377.525745771385
2026-07-05 17:00:00+00:00,10377.525745771385
2026-07-05 18:00:00+00:00,10377.525745771385
2026-07-05 19:00:00+00:00,10377.525745771385
2026-07-05 20:00:00+00:00,10377.525745771385
2026-07-05 21:00:00+00:00,10377.525745771385
2026-07-05 22:00:00+00:00,10377.525745771385
2026-07-05 23:00:00+00:00,10377.525745771385
2026-07-06 00:00:00+00:00,10354.439106949098
2026-07-06 01:00:00+00:00,10371.84108186023
2026-07-06 02:00:00+00:00,10344.08058186023
2026-07-06 03:00:00+00:00,10325.992081860231
2026-07-06 04:00:00+00:00,10302.26158186023
2026-07-06 05:00:00+00:00,10297.28608186023
2026-07-06 06:00:00+00:00,10261.403978860539
2026-07-06 07:00:00+00:00,10261.403978860539
2026-07-06 08:00:00+00:00,10261.403978860539
2026-07-06 09:00:00+00:00,10261.403978860539
2026-07-06 10:00:00+00:00,10261.403978860539
2026-07-06 11:00:00+00:00,10261.403978860539
2026-07-06 12:00:00+00:00,10261.403978860539
2026-07-06 13:00:00+00:00,10261.403978860539
2026-07-06 14:00:00+00:00,10261.403978860539
2026-07-06 15:00:00+00:00,10261.403978860539
2026-07-06 16:00:00+00:00,10261.403978860539
2026-07-06 17:00:00+00:00,10261.403978860539
2026-07-06 18:00:00+00:00,10261.403978860539
2026-07-06 19:00:00+00:00,10261.403978860539
2026-07-06 20:00:00+00:00,10261.403978860539
2026-07-06 21:00:00+00:00,10261.403978860539
2026-07-06 22:00:00+00:00,10261.403978860539
2026-07-06 23:00:00+00:00,10231.700608418538
2026-07-07 00:00:00+00:00,10211.250608418539
2026-07-07 01:00:00+00:00,10225.560353418537
2026-07-07 02:00:00+00:00,10189.850353418538
2026-07-07 03:00:00+00:00,10130.502646078145
2026-07-07 04:00:00+00:00,10130.502646078145
2026-07-07 05:00:00+00:00,10130.502646078145
2026-07-07 06:00:00+00:00,10130.502646078145
2026-07-07 07:00:00+00:00,10130.502646078145
2026-07-07 08:00:00+00:00,10130.502646078145
2026-07-07 09:00:00+00:00,10130.502646078145
2026-07-07 10:00:00+00:00,10130.502646078145
2026-07-07 11:00:00+00:00,10130.502646078145
2026-07-07 12:00:00+00:00,10130.502646078145
2026-07-07 13:00:00+00:00,10130.502646078145
2026-07-07 14:00:00+00:00,10130.502646078145
2026-07-07 15:00:00+00:00,10130.502646078145
2026-07-07 16:00:00+00:00,10130.502646078145
2026-07-07 17:00:00+00:00,10130.502646078145
2026-07-07 18:00:00+00:00,10130.502646078145
2026-07-07 19:00:00+00:00,10130.502646078145
2026-07-07 20:00:00+00:00,10130.502646078145
2026-07-07 21:00:00+00:00,10130.502646078145
2026-07-07 22:00:00+00:00,10130.502646078145
2026-07-07 23:00:00+00:00,10130.502646078145
2026-07-08 00:00:00+00:00,10130.502646078145
2026-07-08 01:00:00+00:00,10130.502646078145
2026-07-08 02:00:00+00:00,10130.502646078145
2026-07-08 03:00:00+00:00,10130.502646078145
2026-07-08 04:00:00+00:00,10130.502646078145
2026-07-08 05:00:00+00:00,10130.502646078145
2026-07-08 06:00:00+00:00,10130.502646078145
2026-07-08 07:00:00+00:00,10130.502646078145
2026-07-08 08:00:00+00:00,10130.502646078145
2026-07-08 09:00:00+00:00,10130.502646078145
2026-07-08 10:00:00+00:00,10130.502646078145
2026-07-08 11:00:00+00:00,10130.502646078145
2026-07-08 12:00:00+00:00,10130.502646078145
2026-07-08 13:00:00+00:00,10130.502646078145
2026-07-08 14:00:00+00:00,10130.502646078145
2026-07-08 15:00:00+00:00,10130.502646078145
2026-07-08 16:00:00+00:00,10130.502646078145
2026-07-08 17:00:00+00:00,10130.502646078145
2026-07-08 18:00:00+00:00,10130.502646078145
2026-07-08 19:00:00+00:00,10130.502646078145
2026-07-08 20:00:00+00:00,10130.502646078145
2026-07-08 21:00:00+00:00,10130.502646078145
2026-07-08 22:00:00+00:00,10130.502646078145
2026-07-08 23:00:00+00:00,10130.502646078145
2026-07-09 00:00:00+00:00,10130.502646078145
2026-07-09 01:00:00+00:00,10130.502646078145
2026-07-09 02:00:00+00:00,10130.502646078145
2026-07-09 03:00:00+00:00,10130.502646078145
2026-07-09 04:00:00+00:00,10130.502646078145
2026-07-09 05:00:00+00:00,10130.502646078145
2026-07-09 06:00:00+00:00,10130.502646078145
2026-07-09 07:00:00+00:00,10130.502646078145
2026-07-09 08:00:00+00:00,10130.502646078145
2026-07-09 09:00:00+00:00,10130.502646078145
2026-07-09 10:00:00+00:00,10130.502646078145
2026-07-09 11:00:00+00:00,10130.502646078145
2026-07-09 12:00:00+00:00,10130.502646078145
2026-07-09 13:00:00+00:00,10130.502646078145
2026-07-09 14:00:00+00:00,10130.502646078145
2026-07-09 15:00:00+00:00,10130.502646078145
2026-07-09 16:00:00+00:00,10130.502646078145
2026-07-09 17:00:00+00:00,10130.502646078145
2026-07-09 18:00:00+00:00,10130.502646078145
2026-07-09 19:00:00+00:00,10130.502646078145
2026-07-09 20:00:00+00:00,10130.502646078145
2026-07-09 21:00:00+00:00,10130.502646078145
2026-07-09 22:00:00+00:00,10130.502646078145
2026-07-09 23:00:00+00:00,10130.502646078145
2026-07-10 00:00:00+00:00,10130.502646078145
2026-07-10 01:00:00+00:00,10130.502646078145
2026-07-10 02:00:00+00:00,10130.502646078145
2026-07-10 03:00:00+00:00,10130.502646078145
2026-07-10 04:00:00+00:00,10130.502646078145
2026-07-10 05:00:00+00:00,10130.502646078145
2026-07-10 06:00:00+00:00,10130.502646078145
2026-07-10 07:00:00+00:00,10130.502646078145
2026-07-10 08:00:00+00:00,10130.502646078145
2026-07-10 09:00:00+00:00,10130.502646078145
2026-07-10 10:00:00+00:00,10130.502646078145
2026-07-10 11:00:00+00:00,10130.502646078145
2026-07-10 12:00:00+00:00,10130.502646078145
2026-07-10 13:00:00+00:00,10130.502646078145
2026-07-10 14:00:00+00:00,10130.502646078145
2026-07-10 15:00:00+00:00,10130.502646078145
2026-07-10 16:00:00+00:00,10130.502646078145
2026-07-10 17:00:00+00:00,10130.502646078145
2026-07-10 18:00:00+00:00,10130.502646078145
2026-07-10 19:00:00+00:00,10130.502646078145
2026-07-10 20:00:00+00:00,10130.502646078145
2026-07-10 21:00:00+00:00,10130.502646078145
2026-07-10 22:00:00+00:00,10130.502646078145
2026-07-10 23:00:00+00:00,10130.502646078145
2026-07-11 00:00:00+00:00,10130.502646078145
2026-07-11 01:00:00+00:00,10130.502646078145
2026-07-11 02:00:00+00:00,10130.502646078145
2026-07-11 03:00:00+00:00,10130.502646078145
2026-07-11 04:00:00+00:00,10130.502646078145
2026-07-11 05:00:00+00:00,10130.502646078145
2026-07-11 06:00:00+00:00,10130.502646078145
2026-07-11 07:00:00+00:00,10130.502646078145
2026-07-11 08:00:00+00:00,10130.502646078145
2026-07-11 09:00:00+00:00,10130.502646078145
2026-07-11 10:00:00+00:00,10130.502646078145
2026-07-11 11:00:00+00:00,10130.502646078145
2026-07-11 12:00:00+00:00,10130.502646078145
2026-07-11 13:00:00+00:00,10130.502646078145
2026-07-11 14:00:00+00:00,10130.502646078145
2026-07-11 15:00:00+00:00,10130.502646078145
2026-07-11 16:00:00+00:00,10130.502646078145
2026-07-11 17:00:00+00:00,10130.502646078145
2026-07-11 18:00:00+00:00,10130.502646078145
2026-07-11 19:00:00+00:00,10130.502646078145
2026-07-11 20:00:00+00:00,10130.502646078145
2026-07-11 21:00:00+00:00,10130.502646078145
2026-07-11 22:00:00+00:00,10130.502646078145
2026-07-11 23:00:00+00:00,10130.502646078145
2026-07-12 00:00:00+00:00,10130.502646078145
2026-07-12 01:00:00+00:00,10130.502646078145
2026-07-12 02:00:00+00:00,10130.502646078145
2026-07-12 03:00:00+00:00,10130.502646078145
2026-07-12 04:00:00+00:00,10130.502646078145
2026-07-12 05:00:00+00:00,10130.502646078145
2026-07-12 06:00:00+00:00,10130.502646078145
2026-07-12 07:00:00+00:00,10130.502646078145
2026-07-12 08:00:00+00:00,10130.502646078145
2026-07-12 09:00:00+00:00,10130.502646078145
2026-07-12 10:00:00+00:00,10130.502646078145
2026-07-12 11:00:00+00:00,10130.502646078145
2026-07-12 12:00:00+00:00,10130.502646078145
2026-07-12 13:00:00+00:00,10130.502646078145
2026-07-12 14:00:00+00:00,10130.502646078145
2026-07-12 15:00:00+00:00,10130.502646078145
2026-07-12 16:00:00+00:00,10130.502646078145
2026-07-12 17:00:00+00:00,10130.502646078145
2026-07-12 18:00:00+00:00,10130.502646078145
2026-07-12 19:00:00+00:00,10130.502646078145
2026-07-12 20:00:00+00:00,10130.502646078145
2026-07-12 21:00:00+00:00,10130.502646078145
2026-07-12 22:00:00+00:00,10130.502646078145
2026-07-12 23:00:00+00:00,10130.502646078145
2026-07-13 00:00:00+00:00,10130.502646078145
2026-07-13 01:00:00+00:00,10130.502646078145
2026-07-13 02:00:00+00:00,10130.502646078145
2026-07-13 03:00:00+00:00,10130.502646078145
2026-07-13 04:00:00+00:00,10130.502646078145
2026-07-13 05:00:00+00:00,10130.502646078145
2026-07-13 06:00:00+00:00,10130.502646078145
2026-07-13 07:00:00+00:00,10130.502646078145
2026-07-13 08:00:00+00:00,10130.502646078145
2026-07-13 09:00:00+00:00,10130.502646078145
2026-07-13 10:00:00+00:00,10130.502646078145
2026-07-13 11:00:00+00:00,10130.502646078145
2026-07-13 12:00:00+00:00,10130.502646078145
2026-07-13 13:00:00+00:00,10130.502646078145
2026-07-13 14:00:00+00:00,10130.502646078145
2026-07-13 15:00:00+00:00,10130.502646078145
2026-07-13 16:00:00+00:00,10130.502646078145
2026-07-13 17:00:00+00:00,10130.502646078145
2026-07-13 18:00:00+00:00,10130.502646078145
2026-07-13 19:00:00+00:00,10130.502646078145
2026-07-13 20:00:00+00:00,10130.502646078145
2026-07-13 21:00:00+00:00,10130.502646078145
2026-07-13 22:00:00+00:00,10130.502646078145
2026-07-13 23:00:00+00:00,10130.502646078145
2026-07-14 00:00:00+00:00,10130.502646078145
2026-07-14 01:00:00+00:00,10130.502646078145
2026-07-14 02:00:00+00:00,10130.502646078145
2026-07-14 03:00:00+00:00,10130.502646078145
2026-07-14 04:00:00+00:00,10130.502646078145
2026-07-14 05:00:00+00:00,10130.502646078145
2026-07-14 06:00:00+00:00,10130.502646078145
2026-07-14 07:00:00+00:00,10130.502646078145
2026-07-14 08:00:00+00:00,10130.502646078145
2026-07-14 09:00:00+00:00,10130.502646078145
2026-07-14 10:00:00+00:00,10130.502646078145
2026-07-14 11:00:00+00:00,10130.502646078145
2026-07-14 12:00:00+00:00,10130.502646078145
2026-07-14 13:00:00+00:00,10130.502646078145
2026-07-14 14:00:00+00:00,10130.502646078145
2026-07-14 15:00:00+00:00,10130.502646078145
2026-07-14 16:00:00+00:00,10130.502646078145
2026-07-14 17:00:00+00:00,10121.487876175841
2026-07-14 18:00:00+00:00,10110.81747617584
2026-07-14 19:00:00+00:00,10104.985476175842
2026-07-14 20:00:00+00:00,10104.21867617584
2026-07-14 21:00:00+00:00,10103.873076175842
2026-07-14 22:00:00+00:00,10115.69907617584
2026-07-14 23:00:00+00:00,10135.91667617584
2026-07-15 00:00:00+00:00,10154.276676175841
2026-07-15 01:00:00+00:00,10129.933368175842
2026-07-15 02:00:00+00:00,10114.197768175842
2026-07-15 03:00:00+00:00,10095.254568175842
2026-07-15 04:00:00+00:00,10127.298168175841
2026-07-15 05:00:00+00:00,10122.924168175841
2026-07-15 06:00:00+00:00,10144.372968175841
2026-07-15 07:00:00+00:00,10128.766968175842
2026-07-15 08:00:00+00:00,10101.172968175842
2026-07-15 09:00:00+00:00,10124.34409925584
2026-07-15 10:00:00+00:00,10112.604499255842
2026-07-15 11:00:00+00:00,10111.470499255842
2026-07-15 12:00:00+00:00,10120.240099255841
2026-07-15 13:00:00+00:00,10165.84849925584
2026-07-15 14:00:00+00:00,10162.057699255842
2026-07-15 15:00:00+00:00,10190.990899255841
2026-07-15 16:00:00+00:00,10193.809699255842
2026-07-15 17:00:00+00:00,10161.190081740991
2026-07-15 18:00:00+00:00,10154.882881740992
2026-07-15 19:00:00+00:00,10134.97848174099
2026-07-15 20:00:00+00:00,10146.534481740991
2026-07-15 21:00:00+00:00,10145.206081740993
2026-07-15 22:00:00+00:00,10130.885281740992
2026-07-15 23:00:00+00:00,10133.898481740991
2026-07-16 00:00:00+00:00,10121.888881740992
2026-07-16 01:00:00+00:00,10103.631540864266
2026-07-16 02:00:00+00:00,10103.631540864266
2026-07-16 03:00:00+00:00,10103.631540864266
2026-07-16 04:00:00+00:00,10103.631540864266
2026-07-16 05:00:00+00:00,10103.631540864266
2026-07-16 06:00:00+00:00,10103.631540864266
2026-07-16 07:00:00+00:00,10103.631540864266
2026-07-16 08:00:00+00:00,10103.631540864266
2026-07-16 09:00:00+00:00,10103.631540864266
2026-07-16 10:00:00+00:00,10103.631540864266
2026-07-16 11:00:00+00:00,10103.631540864266
2026-07-16 12:00:00+00:00,10103.631540864266
2026-07-16 13:00:00+00:00,10103.631540864266
2026-07-16 14:00:00+00:00,10103.631540864266
2026-07-16 15:00:00+00:00,10103.631540864266
2026-07-16 16:00:00+00:00,10103.631540864266
2026-07-16 17:00:00+00:00,10103.631540864266
2026-07-16 18:00:00+00:00,10103.631540864266
2026-07-16 19:00:00+00:00,10103.631540864266
2026-07-16 20:00:00+00:00,10103.631540864266
2026-07-16 21:00:00+00:00,10103.631540864266
2026-07-16 22:00:00+00:00,10103.631540864266
2026-07-16 23:00:00+00:00,10103.631540864266
2026-07-17 00:00:00+00:00,10103.631540864266
2026-07-17 01:00:00+00:00,10103.631540864266
2026-07-17 02:00:00+00:00,10103.631540864266
2026-07-17 03:00:00+00:00,10103.631540864266
2026-07-17 04:00:00+00:00,10103.631540864266
2026-07-17 05:00:00+00:00,10103.631540864266
2026-07-17 06:00:00+00:00,10103.631540864266
2026-07-17 07:00:00+00:00,10103.631540864266
2026-07-17 08:00:00+00:00,10103.631540864266
2026-07-17 09:00:00+00:00,10103.631540864266
2026-07-17 10:00:00+00:00,10103.631540864266
2026-07-17 11:00:00+00:00,10103.631540864266
2026-07-17 12:00:00+00:00,10103.631540864266
2026-07-17 13:00:00+00:00,10103.631540864266
2026-07-17 14:00:00+00:00,10103.631540864266
2026-07-17 15:00:00+00:00,10103.631540864266
2026-07-17 16:00:00+00:00,10103.631540864266
2026-07-17 17:00:00+00:00,10103.631540864266
2026-07-17 18:00:00+00:00,10103.631540864266
2026-07-17 19:00:00+00:00,10103.631540864266
2026-07-17 20:00:00+00:00,10103.631540864266
2026-07-17 21:00:00+00:00,10103.631540864266
2026-07-17 22:00:00+00:00,10103.631540864266
2026-07-17 23:00:00+00:00,10103.631540864266
2026-07-18 00:00:00+00:00,10103.631540864266
2026-07-18 01:00:00+00:00,10103.631540864266
2026-07-18 02:00:00+00:00,10103.631540864266
2026-07-18 03:00:00+00:00,10103.631540864266
2026-07-18 04:00:00+00:00,10103.631540864266
2026-07-18 05:00:00+00:00,10103.631540864266
2026-07-18 06:00:00+00:00,10103.631540864266
2026-07-18 07:00:00+00:00,10103.631540864266
2026-07-18 08:00:00+00:00,10103.631540864266
2026-07-18 09:00:00+00:00,10103.631540864266
2026-07-18 10:00:00+00:00,10103.631540864266
2026-07-18 11:00:00+00:00,10103.631540864266
2026-07-18 12:00:00+00:00,10103.631540864266
2026-07-18 13:00:00+00:00,10103.631540864266
2026-07-18 14:00:00+00:00,10103.631540864266
2026-07-18 15:00:00+00:00,10103.631540864266
2026-07-18 16:00:00+00:00,10103.631540864266
2026-07-18 17:00:00+00:00,10103.631540864266
2026-07-18 18:00:00+00:00,10103.631540864266
2026-07-18 19:00:00+00:00,10103.631540864266
2026-07-18 20:00:00+00:00,10103.631540864266
2026-07-18 21:00:00+00:00,10103.631540864266
2026-07-18 22:00:00+00:00,10103.631540864266
2026-07-18 23:00:00+00:00,10103.631540864266
2026-07-19 00:00:00+00:00,10103.631540864266
2026-07-19 01:00:00+00:00,10103.631540864266
2026-07-19 02:00:00+00:00,10103.631540864266
2026-07-19 03:00:00+00:00,10103.631540864266
2026-07-19 04:00:00+00:00,10103.631540864266
2026-07-19 05:00:00+00:00,10103.631540864266
2026-07-19 06:00:00+00:00,10103.631540864266
2026-07-19 07:00:00+00:00,10103.631540864266
2026-07-19 08:00:00+00:00,10103.631540864266
2026-07-19 09:00:00+00:00,10103.631540864266
2026-07-19 10:00:00+00:00,10103.631540864266
2026-07-19 11:00:00+00:00,10103.631540864266
2026-07-19 12:00:00+00:00,10103.631540864266
2026-07-19 13:00:00+00:00,10103.631540864266
2026-07-19 14:00:00+00:00,10103.631540864266
2026-07-19 15:00:00+00:00,10103.631540864266
2026-07-19 16:00:00+00:00,10103.631540864266
2026-07-19 17:00:00+00:00,10103.631540864266
2026-07-19 18:00:00+00:00,10103.631540864266
2026-07-19 19:00:00+00:00,10103.631540864266
2026-07-19 20:00:00+00:00,10103.631540864266
2026-07-19 21:00:00+00:00,10103.631540864266
2026-07-19 22:00:00+00:00,10103.631540864266
2026-07-19 23:00:00+00:00,10103.631540864266
2026-07-20 00:00:00+00:00,10103.631540864266
2026-07-20 01:00:00+00:00,10103.631540864266
2026-07-20 02:00:00+00:00,10103.631540864266
2026-07-20 03:00:00+00:00,10103.631540864266
2026-07-20 04:00:00+00:00,10103.631540864266
2026-07-20 05:00:00+00:00,10103.631540864266
2026-07-20 06:00:00+00:00,10103.631540864266
2026-07-20 07:00:00+00:00,10103.631540864266
2026-07-20 08:00:00+00:00,10103.631540864266
2026-07-20 09:00:00+00:00,10103.631540864266
2026-07-20 10:00:00+00:00,10103.631540864266
2026-07-20 11:00:00+00:00,10103.631540864266
2026-07-20 12:00:00+00:00,10103.631540864266
2026-07-20 13:00:00+00:00,10103.631540864266
2026-07-20 14:00:00+00:00,10103.631540864266
2026-07-20 15:00:00+00:00,10103.631540864266
2026-07-20 16:00:00+00:00,10103.631540864266
2026-07-20 17:00:00+00:00,10103.631540864266
2026-07-20 18:00:00+00:00,10103.631540864266
2026-07-20 19:00:00+00:00,10103.631540864266
2026-07-20 20:00:00+00:00,10103.631540864266
2026-07-20 21:00:00+00:00,10103.631540864266
2026-07-20 22:00:00+00:00,10103.631540864266
2026-07-20 23:00:00+00:00,10103.631540864266
2026-07-21 00:00:00+00:00,10103.631540864266
2026-07-21 01:00:00+00:00,10103.631540864266
2026-07-21 02:00:00+00:00,10103.631540864266
2026-07-21 03:00:00+00:00,10103.631540864266
2026-07-21 04:00:00+00:00,10103.631540864266
2026-07-21 05:00:00+00:00,10103.631540864266
2026-07-21 06:00:00+00:00,10103.631540864266
2026-07-21 07:00:00+00:00,10103.631540864266
2026-07-21 08:00:00+00:00,10103.631540864266
2026-07-21 09:00:00+00:00,10100.131940446667
2026-07-21 10:00:00+00:00,10107.485240446666
2026-07-21 11:00:00+00:00,10095.432940446666
2026-07-21 12:00:00+00:00,10115.740240446665
2026-07-21 13:00:00+00:00,10142.105440446667
2026-07-21 14:00:00+00:00,10169.918440446667
2026-07-21 15:00:00+00:00,10177.767040446666
2026-07-21 16:00:00+00:00,10158.297940446666
2026-07-21 17:00:00+00:00,10140.895923005835
2026-07-21 18:00:00+00:00,10082.608683903894
2026-07-21 19:00:00+00:00,10082.608683903894
2026-07-21 20:00:00+00:00,10082.608683903894
2026-07-21 21:00:00+00:00,10082.608683903894
2026-07-21 22:00:00+00:00,10082.608683903894
2026-07-21 23:00:00+00:00,10082.608683903894
2026-07-22 00:00:00+00:00,10082.608683903894
2026-07-22 01:00:00+00:00,10082.608683903894
2026-07-22 02:00:00+00:00,10082.608683903894
2026-07-22 03:00:00+00:00,10082.608683903894
2026-07-22 04:00:00+00:00,10082.608683903894
2026-07-22 05:00:00+00:00,10082.608683903894
2026-07-22 06:00:00+00:00,10082.608683903894
2026-07-22 07:00:00+00:00,10082.608683903894
2026-07-22 08:00:00+00:00,10082.608683903894
2026-07-22 09:00:00+00:00,10082.608683903894
2026-07-22 10:00:00+00:00,10082.608683903894
2026-07-22 11:00:00+00:00,10082.608683903894
2026-07-22 12:00:00+00:00,10082.608683903894
2026-07-22 13:00:00+00:00,10082.608683903894
2026-07-22 14:00:00+00:00,10082.608683903894
2026-07-22 15:00:00+00:00,10082.608683903894
2026-07-22 16:00:00+00:00,10082.608683903894
2026-07-22 17:00:00+00:00,10082.608683903894
2026-07-22 18:00:00+00:00,10082.608683903894
2026-07-22 19:00:00+00:00,10082.608683903894
2026-07-22 20:00:00+00:00,10082.608683903894
2026-07-22 21:00:00+00:00,10082.608683903894
2026-07-22 22:00:00+00:00,10082.608683903894
2026-07-22 23:00:00+00:00,10082.608683903894
2026-07-23 00:00:00+00:00,10082.608683903894
2026-07-23 01:00:00+00:00,10082.608683903894
2026-07-23 02:00:00+00:00,10082.608683903894
2026-07-23 03:00:00+00:00,10082.608683903894
2026-07-23 04:00:00+00:00,10082.608683903894
2026-07-23 05:00:00+00:00,10082.608683903894
2026-07-23 06:00:00+00:00,10082.608683903894
2026-07-23 07:00:00+00:00,10082.608683903894
2026-07-23 08:00:00+00:00,10082.608683903894
2026-07-23 09:00:00+00:00,10082.608683903894
2026-07-23 10:00:00+00:00,10082.608683903894
2026-07-23 11:00:00+00:00,10082.608683903894
2026-07-23 12:00:00+00:00,10082.608683903894
2026-07-23 13:00:00+00:00,10082.608683903894
2026-07-23 14:00:00+00:00,10082.608683903894
2026-07-23 15:00:00+00:00,10082.608683903894
2026-07-23 16:00:00+00:00,10082.608683903894
2026-07-23 17:00:00+00:00,10082.608683903894
2026-07-23 18:00:00+00:00,10082.608683903894
2026-07-23 19:00:00+00:00,10082.608683903894
2026-07-23 20:00:00+00:00,10082.608683903894
2026-07-23 21:00:00+00:00,10082.608683903894
2026-07-23 22:00:00+00:00,10082.608683903894
2026-07-23 23:00:00+00:00,10082.608683903894
2026-07-24 00:00:00+00:00,10082.608683903894
2026-07-24 01:00:00+00:00,10082.608683903894
2026-07-24 02:00:00+00:00,10082.608683903894
2026-07-24 03:00:00+00:00,10082.608683903894
2026-07-24 04:00:00+00:00,10082.608683903894
2026-07-24 05:00:00+00:00,10082.608683903894
2026-07-24 06:00:00+00:00,10082.608683903894
2026-07-24 07:00:00+00:00,10082.608683903894
2026-07-24 08:00:00+00:00,10082.608683903894
2026-07-24 09:00:00+00:00,10082.608683903894
2026-07-24 10:00:00+00:00,10082.608683903894
2026-07-24 11:00:00+00:00,10082.608683903894
2026-07-24 12:00:00+00:00,10082.608683903894
2026-07-24 13:00:00+00:00,10082.608683903894
2026-07-24 14:00:00+00:00,10082.608683903894
2026-07-24 15:00:00+00:00,10082.608683903894
2026-07-24 16:00:00+00:00,10082.608683903894
2026-07-24 17:00:00+00:00,10082.608683903894
2026-07-24 18:00:00+00:00,10082.608683903894
2026-07-24 19:00:00+00:00,10082.608683903894
2026-07-24 20:00:00+00:00,10082.608683903894
2026-07-24 21:00:00+00:00,10082.608683903894
2026-07-24 22:00:00+00:00,10082.608683903894
2026-07-24 23:00:00+00:00,10082.608683903894
2026-07-25 00:00:00+00:00,10082.608683903894
2026-07-25 01:00:00+00:00,10082.608683903894
2026-07-25 02:00:00+00:00,10082.608683903894
2026-07-25 03:00:00+00:00,10082.608683903894
2026-07-25 04:00:00+00:00,10082.608683903894
2026-07-25 05:00:00+00:00,10082.608683903894
2026-07-25 06:00:00+00:00,10082.608683903894
2026-07-25 07:00:00+00:00,10082.608683903894
2026-07-25 08:00:00+00:00,10082.608683903894
2026-07-25 09:00:00+00:00,10082.608683903894
2026-07-25 10:00:00+00:00,10082.608683903894
2026-07-25 11:00:00+00:00,10082.608683903894
2026-07-25 12:00:00+00:00,10082.608683903894
2026-07-25 13:00:00+00:00,10082.608683903894
2026-07-25 14:00:00+00:00,10082.608683903894
2026-07-25 15:00:00+00:00,10082.608683903894
2026-07-25 16:00:00+00:00,10082.608683903894
2026-07-25 17:00:00+00:00,10082.608683903894
2026-07-25 18:00:00+00:00,10082.608683903894
2026-07-25 19:00:00+00:00,10082.608683903894
2026-07-25 20:00:00+00:00,10082.608683903894
2026-07-25 21:00:00+00:00,10082.608683903894
2026-07-25 22:00:00+00:00,10082.608683903894
2026-07-25 23:00:00+00:00,10082.608683903894
2026-07-26 00:00:00+00:00,10082.608683903894
2026-07-26 01:00:00+00:00,10082.608683903894
2026-07-26 02:00:00+00:00,10082.608683903894
2026-07-26 03:00:00+00:00,10082.608683903894
2026-07-26 04:00:00+00:00,10082.608683903894
2026-07-26 05:00:00+00:00,10082.608683903894
2026-07-26 06:00:00+00:00,10082.608683903894
2026-07-26 07:00:00+00:00,10082.608683903894
2026-07-26 08:00:00+00:00,10082.608683903894
2026-07-26 09:00:00+00:00,10082.608683903894
2026-07-26 10:00:00+00:00,10082.608683903894
2026-07-26 11:00:00+00:00,10082.608683903894
2026-07-26 12:00:00+00:00,10082.608683903894
2026-07-26 13:00:00+00:00,10082.608683903894
2026-07-26 14:00:00+00:00,10082.608683903894
2026-07-26 15:00:00+00:00,10082.608683903894
2026-07-26 16:00:00+00:00,10082.608683903894
2026-07-26 17:00:00+00:00,10082.608683903894
2026-07-26 18:00:00+00:00,10082.608683903894
2026-07-26 19:00:00+00:00,10082.608683903894
2026-07-26 20:00:00+00:00,10082.608683903894
2026-07-26 21:00:00+00:00,10082.608683903894
2026-07-26 22:00:00+00:00,10082.608683903894
2026-07-26 23:00:00+00:00,10082.608683903894
2026-07-27 00:00:00+00:00,10082.608683903894
2026-07-27 01:00:00+00:00,10082.608683903894
2026-07-27 02:00:00+00:00,10082.608683903894
2026-07-27 03:00:00+00:00,10082.608683903894
2026-07-27 04:00:00+00:00,10082.608683903894
2026-07-27 05:00:00+00:00,10082.608683903894
2026-07-27 06:00:00+00:00,10082.608683903894
2026-07-27 07:00:00+00:00,10082.608683903894
2026-07-27 08:00:00+00:00,10082.608683903894
2026-07-27 09:00:00+00:00,10082.608683903894
2026-07-27 10:00:00+00:00,10082.608683903894
2026-07-27 11:00:00+00:00,10082.608683903894
2026-07-27 12:00:00+00:00,10082.608683903894
2026-07-27 13:00:00+00:00,10082.608683903894
2026-07-27 14:00:00+00:00,10082.608683903894
2026-07-27 15:00:00+00:00,10082.608683903894
2026-07-27 16:00:00+00:00,10082.608683903894
2026-07-27 17:00:00+00:00,10082.608683903894
2026-07-27 18:00:00+00:00,10082.608683903894
2026-07-27 19:00:00+00:00,10082.608683903894
2026-07-27 20:00:00+00:00,10082.608683903894
2026-07-27 21:00:00+00:00,10082.608683903894
2026-07-27 22:00:00+00:00,10082.608683903894
2026-07-27 23:00:00+00:00,10082.608683903894
2026-07-28 00:00:00+00:00,10082.608683903894
2026-07-28 01:00:00+00:00,10082.608683903894
2026-07-28 02:00:00+00:00,10109.025635610496
2026-07-28 03:00:00+00:00,10114.667635610494
2026-07-28 04:00:00+00:00,10092.918635610496
2026-07-28 05:00:00+00:00,10091.501635610495
2026-07-28 06:00:00+00:00,10079.177635610495
2026-07-28 07:00:00+00:00,10054.854635610496
2026-07-28 08:00:00+00:00,10072.651635610495
2026-07-28 09:00:00+00:00,10082.048529884274
2026-07-28 10:00:00+00:00,10086.234529884274
2026-07-28 11:00:00+00:00,10076.744529884274
2026-07-28 12:00:00+00:00,10078.408529884275
2026-07-28 13:00:00+00:00,10066.695529884275
2026-07-28 14:00:00+00:00,10123.024529884275
2026-07-28 15:00:00+00:00,10083.309529884275
2026-07-28 16:00:00+00:00,10029.973650942695
2026-07-28 17:00:00+00:00,10029.973650942695
2026-07-28 18:00:00+00:00,10029.973650942695
2026-07-28 19:00:00+00:00,10029.973650942695
2026-07-28 20:00:00+00:00,10029.973650942695
2026-07-28 21:00:00+00:00,10029.973650942695
2026-07-28 22:00:00+00:00,10029.973650942695
2026-07-28 23:00:00+00:00,10029.973650942695
2026-07-29 00:00:00+00:00,10029.973650942695
2026-07-29 01:00:00+00:00,10029.973650942695
2026-07-29 02:00:00+00:00,10029.973650942695
2026-07-29 03:00:00+00:00,10029.973650942695
2026-07-29 04:00:00+00:00,10029.973650942695
2026-07-29 05:00:00+00:00,10029.973650942695
2026-07-29 06:00:00+00:00,10029.973650942695
2026-07-29 07:00:00+00:00,10029.973650942695
2026-07-29 08:00:00+00:00,10029.973650942695
2026-07-29 09:00:00+00:00,10029.973650942695
2026-07-29 10:00:00+00:00,10029.973650942695
2026-07-29 11:00:00+00:00,10029.973650942695
2026-07-29 12:00:00+00:00,10029.973650942695
2026-07-29 13:00:00+00:00,10029.973650942695
2026-07-29 14:00:00+00:00,10029.973650942695
2026-07-29 15:00:00+00:00,10029.973650942695
2026-07-29 16:00:00+00:00,10029.973650942695
2026-07-29 17:00:00+00:00,10029.973650942695
2026-07-29 18:00:00+00:00,10029.973650942695
2026-07-29 19:00:00+00:00,10029.973650942695
2026-07-29 20:00:00+00:00,10029.973650942695
2026-07-29 21:00:00+00:00,10029.973650942695
2026-07-29 22:00:00+00:00,10029.973650942695
2026-07-29 23:00:00+00:00,10029.973650942695
2026-07-30 00:00:00+00:00,10029.973650942695
2026-07-30 01:00:00+00:00,10029.973650942695
2026-07-30 02:00:00+00:00,10029.973650942695
2026-07-30 03:00:00+00:00,10029.973650942695
2026-07-30 04:00:00+00:00,10029.973650942695
2026-07-30 05:00:00+00:00,10029.973650942695
2026-07-30 06:00:00+00:00,10029.973650942695
2026-07-30 07:00:00+00:00,10029.973650942695
2026-07-30 08:00:00+00:00,10029.973650942695
2026-07-30 09:00:00+00:00,10029.973650942695
2026-07-30 10:00:00+00:00,10029.973650942695
2026-07-30 11:00:00+00:00,10029.973650942695
2026-07-30 12:00:00+00:00,10029.973650942695
2026-07-30 13:00:00+00:00,10029.973650942695
2026-07-30 14:00:00+00:00,10029.973650942695
2026-07-30 15:00:00+00:00,10029.973650942695
2026-07-30 16:00:00+00:00,10029.973650942695
2026-07-30 17:00:00+00:00,10029.973650942695
2026-07-30 18:00:00+00:00,10029.973650942695
2026-07-30 19:00:00+00:00,10029.973650942695
2026-07-30 20:00:00+00:00,10029.973650942695
2026-07-30 21:00:00+00:00,10029.973650942695
2026-07-30 22:00:00+00:00,10029.973650942695
2026-07-30 23:00:00+00:00,10029.973650942695
2026-07-31 00:00:00+00:00,10029.973650942695
2026-07-31 01:00:00+00:00,10029.973650942695
2026-07-31 02:00:00+00:00,10029.973650942695
2026-07-31 03:00:00+00:00,10029.973650942695
2026-07-31 04:00:00+00:00,10029.973650942695
2026-07-31 05:00:00+00:00,10029.973650942695
2026-07-31 06:00:00+00:00,10029.973650942695
2026-07-31 07:00:00+00:00,10029.973650942695
2026-07-31 08:00:00+00:00,10029.973650942695
2026-07-31 09:00:00+00:00,10029.973650942695
2026-07-31 10:00:00+00:00,10029.973650942695
2026-07-31 11:00:00+00:00,10029.973650942695
2026-07-31 12:00:00+00:00,10029.973650942695
2026-07-31 13:00:00+00:00,10029.973650942695
2026-07-31 14:00:00+00:00,10029.973650942695
2026-07-31 15:00:00+00:00,10029.973650942695
2026-07-31 16:00:00+00:00,10019.159359094336
2026-07-31 17:00:00+00:00,9999.860528554982
2026-07-31 18:00:00+00:00,9952.189528554982
2026-07-31 19:00:00+00:00,9971.260528554982
2026-07-31 20:00:00+00:00,9986.587528554981
2026-07-31 21:00:00+00:00,9988.433528554982
2026-07-31 22:00:00+00:00,9989.499528554981
2026-07-31 23:00:00+00:00,9990.539528554982
2026-08-01 00:00:00+00:00,9998.196528554981
2026-08-01 01:00:00+00:00,9991.799646433228
2026-08-01 02:00:00+00:00,9987.145646433228
2026-08-01 03:00:00+00:00,9974.57464643323
2026-08-01 04:00:00+00:00,9983.284646433229
2026-08-01 05:00:00+00:00,9970.817646433228
2026-08-01 06:00:00+00:00,9980.047646433228
2026-08-01 07:00:00+00:00,9974.080646433229
2026-08-01 08:00:00+00:00,9977.44764643323
2026-08-01 09:00:00+00:00,9967.844796308254
2026-08-01 10:00:00+00:00,9977.841796308254
2026-08-01 11:00:00+00:00,9976.502796308254
2026-08-01 12:00:00+00:00,9974.812796308253
2026-08-01 13:00:00+00:00,9972.290796308254
2026-08-01 14:00:00+00:00,9976.242796308254
2026-08-01 15:00:00+00:00,9967.415796308254
2026-08-01 16:00:00+00:00,9983.691796308254
2026-08-01 17:00:00+00:00,9992.44658027502
2026-08-01 18:00:00+00:00,10020.825580275021
2026-08-01 19:00:00+00:00,10039.63658027502
2026-08-01 20:00:00+00:00,10045.70758027502
2026-08-01 21:00:00+00:00,10028.36558027502
2026-08-01 22:00:00+00:00,10008.111580275021
2026-08-01 23:00:00+00:00,10006.23958027502
2026-08-02 00:00:00+00:00,10007.69558027502
2026-08-02 01:00:00+00:00,9988.01924059821
2026-08-02 02:00:00+00:00,9988.01924059821
2026-08-02 03:00:00+00:00,9988.01924059821
2026-08-02 04:00:00+00:00,9988.01924059821
2026-08-02 05:00:00+00:00,9988.01924059821
2026-08-02 06:00:00+00:00,9988.01924059821
2026-08-02 07:00:00+00:00,9988.01924059821
2026-08-02 08:00:00+00:00,9988.01924059821
2026-08-02 09:00:00+00:00,9988.01924059821
2026-08-02 10:00:00+00:00,9988.01924059821
2026-08-02 11:00:00+00:00,9988.01924059821
2026-08-02 12:00:00+00:00,9988.01924059821
2026-08-02 13:00:00+00:00,9988.01924059821
2026-08-02 14:00:00+00:00,9988.01924059821
2026-08-02 15:00:00+00:00,9988.01924059821
2026-08-02 16:00:00+00:00,9988.01924059821
2026-08-02 17:00:00+00:00,9988.01924059821
2026-08-02 18:00:00+00:00,9988.01924059821
2026-08-02 19:00:00+00:00,9988.01924059821
2026-08-02 20:00:00+00:00,9988.01924059821
2026-08-02 21:00:00+00:00,9988.01924059821
2026-08-02 22:00:00+00:00,9988.01924059821
2026-08-02 23:00:00+00:00,9988.01924059821
2026-08-03 00:00:00+00:00,9988.01924059821
2026-08-03 01:00:00+00:00,9988.01924059821
2026-08-03 02:00:00+00:00,9988.01924059821
2026-08-03 03:00:00+00:00,9988.01924059821
2026-08-03 04:00:00+00:00,9988.01924059821
2026-08-03 05:00:00+00:00,9988.01924059821
2026-08-03 06:00:00+00:00,9988.01924059821
2026-08-03 07:00:00+00:00,9988.01924059821
2026-08-03 08:00:00+00:00,9988.01924059821
2026-08-03 09:00:00+00:00,9988.01924059821
2026-08-03 10:00:00+00:00,9988.01924059821
2026-08-03 11:00:00+00:00,9988.01924059821
2026-08-03 12:00:00+00:00,9988.01924059821
2026-08-03 13:00:00+00:00,9988.01924059821
2026-08-03 14:00:00+00:00,9988.01924059821
2026-08-03 15:00:00+00:00,9988.01924059821
2026-08-03 16:00:00+00:00,9988.01924059821
2026-08-03 17:00:00+00:00,9988.01924059821
2026-08-03 18:00:00+00:00,9988.01924059821
2026-08-03 19:00:00+00:00,9988.01924059821
2026-08-03 20:00:00+00:00,9988.01924059821
2026-08-03 21:00:00+00:00,9988.01924059821
2026-08-03 22:00:00+00:00,9988.01924059821
2026-08-03 23:00:00+00:00,9988.01924059821
2026-08-04 00:00:00+00:00,9988.01924059821
2026-08-04 01:00:00+00:00,9988.01924059821
2026-08-04 02:00:00+00:00,9988.01924059821
2026-08-04 03:00:00+00:00,9988.01924059821
2026-08-04 04:00:00+00:00,9988.01924059821
2026-08-04 05:00:00+00:00,9988.01924059821
2026-08-04 06:00:00+00:00,9988.01924059821
2026-08-04 07:00:00+00:00,9988.01924059821
2026-08-04 08:00:00+00:00,9988.01924059821
2026-08-04 09:00:00+00:00,9988.01924059821
2026-08-04 10:00:00+00:00,9988.01924059821
2026-08-04 11:00:00+00:00,9988.01924059821
2026-08-04 12:00:00+00:00,9988.01924059821
2026-08-04 13:00:00+00:00,9988.01924059821
2026-08-04 14:00:00+00:00,9988.01924059821
2026-08-04 15:00:00+00:00,9988.01924059821
2026-08-04 16:00:00+00:00,9988.01924059821
2026-08-04 17:00:00+00:00,9988.01924059821
2026-08-04 18:00:00+00:00,9988.01924059821
2026-08-04 19:00:00+00:00,9988.01924059821
2026-08-04 20:00:00+00:00,9988.01924059821
2026-08-04 21:00:00+00:00,9988.01924059821
2026-08-04 22:00:00+00:00,9988.01924059821
2026-08-04 23:00:00+00:00,9988.01924059821
2026-08-05 00:00:00+00:00,9988.01924059821
2026-08-05 01:00:00+00:00,9988.01924059821
2026-08-05 02:00:00+00:00,9988.01924059821
2026-08-05 03:00:00+00:00,9988.01924059821
2026-08-05 04:00:00+00:00,9988.01924059821
2026-08-05 05:00:00+00:00,9988.01924059821
2026-08-05 06:00:00+00:00,9988.01924059821
2026-08-05 07:00:00+00:00,9988.01924059821
2026-08-05 08:00:00+00:00,9988.01924059821
2026-08-05 09:00:00+00:00,9988.01924059821
2026-08-05 10:00:00+00:00,9988.01924059821
2026-08-05 11:00:00+00:00,9988.01924059821
2026-08-05 12:00:00+00:00,9988.01924059821
2026-08-05 13:00:00+00:00,9988.01924059821
2026-08-05 14:00:00+00:00,9988.01924059821
2026-08-05 15:00:00+00:00,9988.01924059821
2026-08-05 16:00:00+00:00,9988.01924059821
2026-08-05 17:00:00+00:00,9988.01924059821
2026-08-05 18:00:00+00:00,9988.01924059821
2026-08-05 19:00:00+00:00,9988.01924059821
2026-08-05 20:00:00+00:00,9988.01924059821
2026-08-05 21:00:00+00:00,9988.01924059821
2026-08-05 22:00:00+00:00,9988.01924059821
2026-08-05 23:00:00+00:00,9988.01924059821
2026-08-06 00:00:00+00:00,9988.01924059821
2026-08-06 01:00:00+00:00,9988.01924059821
2026-08-06 02:00:00+00:00,9988.01924059821
2026-08-06 03:00:00+00:00,9988.01924059821
2026-08-06 04:00:00+00:00,9988.01924059821
2026-08-06 05:00:00+00:00,9988.01924059821
2026-08-06 06:00:00+00:00,9988.01924059821
2026-08-06 07:00:00+00:00,9988.01924059821
2026-08-06 08:00:00+00:00,9988.01924059821
2026-08-06 09:00:00+00:00,9988.01924059821
2026-08-06 10:00:00+00:00,9988.01924059821
2026-08-06 11:00:00+00:00,9988.01924059821
2026-08-06 12:00:00+00:00,9988.01924059821
2026-08-06 13:00:00+00:00,9988.01924059821
2026-08-06 14:00:00+00:00,9988.01924059821
2026-08-06 15:00:00+00:00,9988.01924059821
2026-08-06 16:00:00+00:00,9988.01924059821
2026-08-06 17:00:00+00:00,9988.01924059821
2026-08-06 18:00:00+00:00,9988.01924059821
2026-08-06 19:00:00+00:00,9988.01924059821
2026-08-06 20:00:00+00:00,9988.01924059821
2026-08-06 21:00:00+00:00,9988.01924059821
2026-08-06 22:00:00+00:00,9988.01924059821
2026-08-06 23:00:00+00:00,9988.01924059821
2026-08-07 00:00:00+00:00,9988.01924059821
2026-08-07 01:00:00+00:00,9988.01924059821
2026-08-07 02:00:00+00:00,9988.01924059821
2026-08-07 03:00:00+00:00,9988.01924059821
2026-08-07 04:00:00+00:00,9988.01924059821
2026-08-07 05:00:00+00:00,9988.01924059821
2026-08-07 06:00:00+00:00,9988.01924059821
2026-08-07 07:00:00+00:00,9988.01924059821
2026-08-07 08:00:00+00:00,9988.01924059821
2026-08-07 09:00:00+00:00,9988.01924059821
2026-08-07 10:00:00+00:00,9988.01924059821
2026-08-07 11:00:00+00:00,9988.01924059821
2026-08-07 12:00:00+00:00,9988.01924059821
2026-08-07 13:00:00+00:00,9988.01924059821
2026-08-07 14:00:00+00:00,9937.017795838694
2026-08-07 15:00:00+00:00,9928.266195838694
2026-08-07 16:00:00+00:00,9922.130895838694
2026-08-07 17:00:00+00:00,9905.978625279578
2026-08-07 18:00:00+00:00,9900.103425279578
2026-08-07 19:00:00+00:00,9894.564825279578
2026-08-07 20:00:00+00:00,9928.928625279577
2026-08-07 21:00:00+00:00,9931.529625279578
2026-08-07 22:00:00+00:00,9923.680725279577
2026-08-07 23:00:00+00:00,9916.688625279578
2026-08-08 00:00:00+00:00,9922.196625279577
2026-08-08 01:00:00+00:00,9921.79096825947
2026-08-08 02:00:00+00:00,9920.29156825947
2026-08-08 03:00:00+00:00,9921.66856825947
2026-08-08 04:00:00+00:00,9939.248268259471
2026-08-08 05:00:00+00:00,9935.46916825947
2026-08-08 06:00:00+00:00,9934.000368259469
2026-08-08 07:00:00+00:00,9935.943468259471
2026-08-08 08:00:00+00:00,9929.16556825947
2026-08-08 09:00:00+00:00,9932.42273009142
2026-08-08 10:00:00+00:00,9932.19323009142
2026-08-08 11:00:00+00:00,9936.55373009142
2026-08-08 12:00:00+00:00,9928.796630091421
2026-08-08 13:00:00+00:00,9934.50353009142
2026-08-08 14:00:00+00:00,9937.196330091421
2026-08-08 15:00:00+00:00,9953.59793009142
2026-08-08 16:00:00+00:00,9945.99383009142
2026-08-08 17:00:00+00:00,9947.182101342898
2026-08-08 18:00:00+00:00,9951.986301342897
2026-08-08 19:00:00+00:00,9940.847901342899
2026-08-08 20:00:00+00:00,9944.948301342898
2026-08-08 21:00:00+00:00,9945.698001342898
2026-08-08 22:00:00+00:00,9937.191201342897
2026-08-08 23:00:00+00:00,9924.874701342898
2026-08-09 00:00:00+00:00,9927.705201342898
2026-08-09 01:00:00+00:00,9930.104064971296
2026-08-09 02:00:00+00:00,9903.915802356445
2026-08-09 03:00:00+00:00,9903.915802356445
2026-08-09 04:00:00+00:00,9903.915802356445
2026-08-09 05:00:00+00:00,9903.915802356445
2026-08-09 06:00:00+00:00,9903.915802356445
2026-08-09 07:00:00+00:00,9903.915802356445
2026-08-09 08:00:00+00:00,9903.915802356445
2026-08-09 09:00:00+00:00,9903.915802356445
2026-08-09 10:00:00+00:00,9903.915802356445
2026-08-09 11:00:00+00:00,9903.915802356445
2026-08-09 12:00:00+00:00,9903.915802356445
2026-08-09 13:00:00+00:00,9903.915802356445
2026-08-09 14:00:00+00:00,9903.915802356445
2026-08-09 15:00:00+00:00,9903.915802356445
2026-08-09 16:00:00+00:00,9903.915802356445
2026-08-09 17:00:00+00:00,9903.915802356445
2026-08-09 18:00:00+00:00,9903.915802356445
2026-08-09 19:00:00+00:00,9903.915802356445
2026-08-09 20:00:00+00:00,9903.915802356445
2026-08-09 21:00:00+00:00,9903.915802356445
2026-08-09 22:00:00+00:00,9903.915802356445
2026-08-09 23:00:00+00:00,9903.915802356445
2026-08-10 00:00:00+00:00,9903.915802356445
2026-08-10 01:00:00+00:00,9903.915802356445
2026-08-10 02:00:00+00:00,9903.915802356445
2026-08-10 03:00:00+00:00,9903.915802356445
2026-08-10 04:00:00+00:00,9903.915802356445
2026-08-10 05:00:00+00:00,9903.915802356445
2026-08-10 06:00:00+00:00,9903.915802356445
2026-08-10 07:00:00+00:00,9903.915802356445
2026-08-10 08:00:00+00:00,9903.915802356445
2026-08-10 09:00:00+00:00,9903.915802356445
2026-08-10 10:00:00+00:00,9903.915802356445
2026-08-10 11:00:00+00:00,9903.915802356445
2026-08-10 12:00:00+00:00,9903.915802356445
2026-08-10 13:00:00+00:00,9903.915802356445
2026-08-10 14:00:00+00:00,9903.915802356445
2026-08-10 15:00:00+00:00,9903.915802356445
2026-08-10 16:00:00+00:00,9903.915802356445
2026-08-10 17:00:00+00:00,9903.915802356445
2026-08-10 18:00:00+00:00,9903.915802356445
2026-08-10 19:00:00+00:00,9903.915802356445
2026-08-10 20:00:00+00:00,9903.915802356445
2026-08-10 21:00:00+00:00,9903.915802356445
2026-08-10 22:00:00+00:00,9903.915802356445
2026-08-10 23:00:00+00:00,9903.915802356445
2026-08-11 00:00:00+00:00,9903.915802356445
2026-08-11 01:00:00+00:00,9903.915802356445
2026-08-11 02:00:00+00:00,9903.915802356445
2026-08-11 03:00:00+00:00,9903.915802356445
2026-08-11 04:00:00+00:00,9903.915802356445
2026-08-11 05:00:00+00:00,9903.915802356445
2026-08-11 06:00:00+00:00,9903.915802356445
2026-08-11 07:00:00+00:00,9903.915802356445
2026-08-11 08:00:00+00:00,9903.915802356445
2026-08-11 09:00:00+00:00,9903.915802356445
2026-08-11 10:00:00+00:00,9903.915802356445
2026-08-11 11:00:00+00:00,9903.915802356445
2026-08-11 12:00:00+00:00,9903.915802356445
2026-08-11 13:00:00+00:00,9903.915802356445
2026-08-11 14:00:00+00:00,9903.915802356445
2026-08-11 15:00:00+00:00,9903.915802356445
2026-08-11 16:00:00+00:00,9903.915802356445
2026-08-11 17:00:00+00:00,9909.927524666786
2026-08-11 18:00:00+00:00,9894.970024666785
2026-08-11 19:00:00+00:00,9931.426024666785
2026-08-11 20:00:00+00:00,9906.672524666785
2026-08-11 21:00:00+00:00,9875.269524666786
2026-08-11 22:00:00+00:00,9886.708524666785
2026-08-11 23:00:00+00:00,9887.158024666785
2026-08-12 00:00:00+00:00,9897.915024666785
2026-08-12 01:00:00+00:00,9875.447524509405
2026-08-12 02:00:00+00:00,9862.923524509406
2026-08-12 03:00:00+00:00,9846.444349065037
2026-08-12 04:00:00+00:00,9846.444349065037
2026-08-12 05:00:00+00:00,9846.444349065037
2026-08-12 06:00:00+00:00,9846.444349065037
2026-08-12 07:00:00+00:00,9846.444349065037
2026-08-12 08:00:00+00:00,9846.444349065037
2026-08-12 09:00:00+00:00,9846.444349065037
2026-08-12 10:00:00+00:00,9846.444349065037
2026-08-12 11:00:00+00:00,9846.444349065037
2026-08-12 12:00:00+00:00,9846.444349065037
2026-08-12 13:00:00+00:00,9846.444349065037
2026-08-12 14:00:00+00:00,9846.444349065037
2026-08-12 15:00:00+00:00,9846.444349065037
2026-08-12 16:00:00+00:00,9846.444349065037
2026-08-12 17:00:00+00:00,9846.444349065037
2026-08-12 18:00:00+00:00,9846.444349065037
2026-08-12 19:00:00+00:00,9846.444349065037
2026-08-12 20:00:00+00:00,9846.444349065037
2026-08-12 21:00:00+00:00,9846.444349065037
2026-08-12 22:00:00+00:00,9846.444349065037
2026-08-12 23:00:00+00:00,9846.444349065037
2026-08-13 00:00:00+00:00,9846.444349065037
2026-08-13 01:00:00+00:00,9846.444349065037
2026-08-13 02:00:00+00:00,9846.444349065037
2026-08-13 03:00:00+00:00,9846.444349065037
2026-08-13 04:00:00+00:00,9846.444349065037
2026-08-13 05:00:00+00:00,9846.444349065037
2026-08-13 06:00:00+00:00,9846.444349065037
2026-08-13 07:00:00+00:00,9846.444349065037
2026-08-13 08:00:00+00:00,9846.444349065037
2026-08-13 09:00:00+00:00,9846.444349065037
2026-08-13 10:00:00+00:00,9846.444349065037
2026-08-13 11:00:00+00:00,9846.444349065037
2026-08-13 12:00:00+00:00,9846.444349065037
2026-08-13 13:00:00+00:00,9846.444349065037
2026-08-13 14:00:00+00:00,9846.444349065037
2026-08-13 15:00:00+00:00,9846.444349065037
2026-08-13 16:00:00+00:00,9846.444349065037
2026-08-13 17:00:00+00:00,9846.444349065037
2026-08-13 18:00:00+00:00,9840.651972450398
2026-08-13 19:00:00+00:00,9815.411372450399
2026-08-13 20:00:00+00:00,9799.071972450398
2026-08-13 21:00:00+00:00,9799.071972450398
2026-08-13 22:00:00+00:00,9788.723172450398
2026-08-13 23:00:00+00:00,9781.685372450398
2026-08-14 00:00:00+00:00,9788.599972450398
2026-08-14 01:00:00+00:00,9780.614407170397
2026-08-14 02:00:00+00:00,9775.871207170398
2026-08-14 03:00:00+00:00,9793.642807170398
2026-08-14 04:00:00+00:00,9815.526207170396
2026-08-14 05:00:00+00:00,9806.024407170396
2026-08-14 06:00:00+00:00,9804.407407170398
2026-08-14 07:00:00+00:00,9867.609007170398
2026-08-14 08:00:00+00:00,9877.249407170397
2026-08-14 09:00:00+00:00,9873.983787210565
2026-08-14 10:00:00+00:00,9895.713187210566
2026-08-14 11:00:00+00:00,9892.294387210566
2026-08-14 12:00:00+00:00,9884.886987210566
2026-08-14 13:00:00+00:00,9905.168787210565
2026-08-14 14:00:00+00:00,9915.902587210567
2026-08-14 15:00:00+00:00,9923.848987210566
2026-08-14 16:00:00+00:00,9844.72839437875
2026-08-14 17:00:00+00:00,9844.72839437875
2026-08-14 18:00:00+00:00,9844.72839437875
2026-08-14 19:00:00+00:00,9844.72839437875
2026-08-14 20:00:00+00:00,9844.72839437875
2026-08-14 21:00:00+00:00,9844.72839437875
2026-08-14 22:00:00+00:00,9844.72839437875
2026-08-14 23:00:00+00:00,9844.72839437875
2026-08-15 00:00:00+00:00,9844.72839437875
2026-08-15 01:00:00+00:00,9844.72839437875
2026-08-15 02:00:00+00:00,9844.72839437875
2026-08-15 03:00:00+00:00,9844.72839437875
2026-08-15 04:00:00+00:00,9844.72839437875
2026-08-15 05:00:00+00:00,9844.72839437875
2026-08-15 06:00:00+00:00,9844.72839437875
2026-08-15 07:00:00+00:00,9844.72839437875
2026-08-15 08:00:00+00:00,9844.72839437875
2026-08-15 09:00:00+00:00,9844.72839437875
2026-08-15 10:00:00+00:00,9844.72839437875
2026-08-15 11:00:00+00:00,9844.72839437875
2026-08-15 12:00:00+00:00,9844.72839437875
2026-08-15 13:00:00+00:00,9844.72839437875
2026-08-15 14:00:00+00:00,9844.72839437875
2026-08-15 15:00:00+00:00,9844.72839437875
2026-08-15 16:00:00+00:00,9844.72839437875
2026-08-15 17:00:00+00:00,9844.72839437875
2026-08-15 18:00:00+00:00,9844.72839437875
2026-08-15 19:00:00+00:00,9844.72839437875
2026-08-15 20:00:00+00:00,9844.72839437875
2026-08-15 21:00:00+00:00,9844.72839437875
2026-08-15 22:00:00+00:00,9844.72839437875
2026-08-15 23:00:00+00:00,9844.72839437875
2026-08-16 00:00:00+00:00,9844.72839437875
2026-08-16 01:00:00+00:00,9844.72839437875
2026-08-16 02:00:00+00:00,9844.72839437875
2026-08-16 03:00:00+00:00,9844.72839437875
2026-08-16 04:00:00+00:00,9844.72839437875
2026-08-16 05:00:00+00:00,9844.72839437875
2026-08-16 06:00:00+00:00,9844.72839437875
2026-08-16 07:00:00+00:00,9844.72839437875
2026-08-16 08:00:00+00:00,9844.72839437875
2026-08-16 09:00:00+00:00,9844.72839437875
2026-08-16 10:00:00+00:00,9844.72839437875
2026-08-16 11:00:00+00:00,9844.72839437875
2026-08-16 12:00:00+00:00,9844.72839437875
2026-08-16 13:00:00+00:00,9844.72839437875
2026-08-16 14:00:00+00:00,9844.72839437875
2026-08-16 15:00:00+00:00,9844.72839437875
2026-08-16 16:00:00+00:00,9844.72839437875
2026-08-16 17:00:00+00:00,9844.72839437875
2026-08-16 18:00:00+00:00,9844.72839437875
2026-08-16 19:00:00+00:00,9844.72839437875
2026-08-16 20:00:00+00:00,9844.72839437875
2026-08-16 21:00:00+00:00,9844.72839437875
2026-08-16 22:00:00+00:00,9844.72839437875
2026-08-16 23:00:00+00:00,9844.72839437875
2026-08-17 00:00:00+00:00,9844.72839437875
2026-08-17 01:00:00+00:00,9844.72839437875
2026-08-17 02:00:00+00:00,9844.72839437875
2026-08-17 03:00:00+00:00,9844.72839437875
2026-08-17 04:00:00+00:00,9844.72839437875
2026-08-17 05:00:00+00:00,9844.72839437875
2026-08-17 06:00:00+00:00,9844.72839437875
2026-08-17 07:00:00+00:00,9844.72839437875
2026-08-17 08:00:00+00:00,9844.72839437875
2026-08-17 09:00:00+00:00,9844.72839437875
2026-08-17 10:00:00+00:00,9844.72839437875
2026-08-17 11:00:00+00:00,9844.72839437875
2026-08-17 12:00:00+00:00,9844.72839437875
2026-08-17 13:00:00+00:00,9844.72839437875
2026-08-17 14:00:00+00:00,9844.72839437875
2026-08-17 15:00:00+00:00,9844.72839437875
2026-08-17 16:00:00+00:00,9844.72839437875
2026-08-17 17:00:00+00:00,9844.72839437875
2026-08-17 18:00:00+00:00,9844.72839437875
2026-08-17 19:00:00+00:00,9844.72839437875
2026-08-17 20:00:00+00:00,9844.72839437875
2026-08-17 21:00:00+00:00,9844.72839437875
2026-08-17 22:00:00+00:00,9844.72839437875
2026-08-17 23:00:00+00:00,9844.72839437875
2026-08-18 00:00:00+00:00,9844.72839437875
2026-08-18 01:00:00+00:00,9844.72839437875
2026-08-18 02:00:00+00:00,9844.72839437875
2026-08-18 03:00:00+00:00,9844.72839437875
2026-08-18 04:00:00+00:00,9844.72839437875
2026-08-18 05:00:00+00:00,9844.72839437875
2026-08-18 06:00:00+00:00,9844.72839437875
2026-08-18 07:00:00+00:00,9844.72839437875
2026-08-18 08:00:00+00:00,9844.72839437875
2026-08-18 09:00:00+00:00,9844.72839437875
2026-08-18 10:00:00+00:00,9844.72839437875
2026-08-18 11:00:00+00:00,9844.72839437875
2026-08-18 12:00:00+00:00,9844.72839437875
2026-08-18 13:00:00+00:00,9844.72839437875
2026-08-18 14:00:00+00:00,9844.72839437875
2026-08-18 15:00:00+00:00,9844.72839437875
2026-08-18 16:00:00+00:00,9857.111665066861
2026-08-18 17:00:00+00:00,9853.725661057173
2026-08-18 18:00:00+00:00,9828.508861057173
2026-08-18 19:00:00+00:00,9844.529661057173
2026-08-18 20:00:00+00:00,9825.392861057173
2026-08-18 21:00:00+00:00,9815.087261057173
2026-08-18 22:00:00+00:00,9819.753661057173
2026-08-18 23:00:00+00:00,9824.541661057174
2026-08-19 00:00:00+00:00,9837.552861057173
2026-08-19 01:00:00+00:00,9800.840836960519
2026-08-19 02:00:00+00:00,9788.179236960517
2026-08-19 03:00:00+00:00,9771.818721429252
2026-08-19 04:00:00+00:00,9771.818721429252
2026-08-19 05:00:00+00:00,9771.818721429252
2026-08-19 06:00:00+00:00,9771.818721429252
2026-08-19 07:00:00+00:00,9771.818721429252
2026-08-19 08:00:00+00:00,9771.818721429252
2026-08-19 09:00:00+00:00,9771.818721429252
2026-08-19 10:00:00+00:00,9771.818721429252
2026-08-19 11:00:00+00:00,9771.818721429252
2026-08-19 12:00:00+00:00,9771.818721429252
2026-08-19 13:00:00+00:00,9771.818721429252
2026-08-19 14:00:00+00:00,9771.818721429252
2026-08-19 15:00:00+00:00,9771.818721429252
2026-08-19 16:00:00+00:00,9994.781448410766
2026-08-19 17:00:00+00:00,9982.088765566366
2026-08-19 18:00:00+00:00,9959.057965566366
2026-08-19 19:00:00+00:00,9975.053965566367
2026-08-19 20:00:00+00:00,9978.726165566366
2026-08-19 21:00:00+00:00,10032.063365566366
2026-08-19 22:00:00+00:00,10090.001565566366
2026-08-19 23:00:00+00:00,10050.209365566367
2026-08-20 00:00:00+00:00,10056.366965566367
2026-08-20 01:00:00+00:00,10063.330317626365
2026-08-20 02:00:00+00:00,10089.052917626366
2026-08-20 03:00:00+00:00,10054.437917626366
2026-08-20 04:00:00+00:00,10044.788717626367
2026-08-20 05:00:00+00:00,10070.580117626367
2026-08-20 06:00:00+00:00,10063.880717626367
2026-08-20 07:00:00+00:00,10100.542517626365
2026-08-20 08:00:00+00:00,10099.811517626365
2026-08-20 09:00:00+00:00,10247.991065626366
2026-08-20 10:00:00+00:00,10269.179591849183
2026-08-20 11:00:00+00:00,10269.179591849183
2026-08-20 12:00:00+00:00,10269.179591849183
2026-08-20 13:00:00+00:00,10269.179591849183
2026-08-20 14:00:00+00:00,10269.179591849183
2026-08-20 15:00:00+00:00,10269.179591849183
2026-08-20 16:00:00+00:00,10269.179591849183
2026-08-20 17:00:00+00:00,10269.179591849183
2026-08-20 18:00:00+00:00,10269.179591849183
2026-08-20 19:00:00+00:00,10269.179591849183
2026-08-20 20:00:00+00:00,10269.179591849183
2026-08-20 21:00:00+00:00,10269.179591849183
2026-08-20 22:00:00+00:00,10269.179591849183
2026-08-20 23:00:00+00:00,10269.179591849183
2026-08-21 00:00:00+00:00,10269.179591849183
2026-08-21 01:00:00+00:00,10269.179591849183
2026-08-21 02:00:00+00:00,10372.750991850751
2026-08-21 03:00:00+00:00,10320.280591850753
2026-08-21 04:00:00+00:00,10326.109791850751
2026-08-21 05:00:00+00:00,10365.02939185075
2026-08-21 06:00:00+00:00,10398.682191850752
2026-08-21 07:00:00+00:00,10411.381791850752
2026-08-21 08:00:00+00:00,10464.087791850752
2026-08-21 09:00:00+00:00,10553.94701255727
2026-08-21 10:00:00+00:00,10476.205233255523
2026-08-21 11:00:00+00:00,10471.188633255522
2026-08-21 12:00:00+00:00,10414.218633255523
2026-08-21 13:00:00+00:00,10439.793033255522
2026-08-21 14:00:00+00:00,10440.700233255522
2026-08-21 15:00:00+00:00,10448.163033255523
2026-08-21 16:00:00+00:00,10439.226033255523
2026-08-21 17:00:00+00:00,10451.785230675523
2026-08-21 18:00:00+00:00,10447.195230675523
2026-08-21 19:00:00+00:00,10433.095830675524
2026-08-21 20:00:00+00:00,10426.723830675523
2026-08-21 21:00:00+00:00,10453.232430675524
2026-08-21 22:00:00+00:00,10507.767030675523
2026-08-21 23:00:00+00:00,10505.072430675522
2026-08-22 00:00:00+00:00,10497.922830675523
2026-08-22 01:00:00+00:00,10476.753116715523
2026-08-22 02:00:00+00:00,10470.256916715523
2026-08-22 03:00:00+00:00,10506.253316715523
2026-08-22 04:00:00+00:00,10502.068316715524
2026-08-22 05:00:00+00:00,10504.951916715523
2026-08-22 06:00:00+00:00,10412.139689224165
2026-08-22 07:00:00+00:00,10412.139689224165
2026-08-22 08:00:00+00:00,10412.139689224165
2026-08-22 09:00:00+00:00,10412.139689224165
2026-08-22 10:00:00+00:00,10412.139689224165
2026-08-22 11:00:00+00:00,10412.139689224165
2026-08-22 12:00:00+00:00,10412.139689224165
2026-08-22 13:00:00+00:00,10412.139689224165
2026-08-22 14:00:00+00:00,10412.139689224165
2026-08-22 15:00:00+00:00,10412.139689224165
2026-08-22 16:00:00+00:00,10412.139689224165
2026-08-22 17:00:00+00:00,10412.139689224165
2026-08-22 18:00:00+00:00,10412.139689224165
2026-08-22 19:00:00+00:00,10412.139689224165
2026-08-22 20:00:00+00:00,10412.139689224165
2026-08-22 21:00:00+00:00,10412.139689224165
2026-08-22 22:00:00+00:00,10412.139689224165
2026-08-22 23:00:00+00:00,10412.139689224165
2026-08-23 00:00:00+00:00,10412.139689224165
2026-08-23 01:00:00+00:00,10412.139689224165
2026-08-23 02:00:00+00:00,10412.139689224165
2026-08-23 03:00:00+00:00,10412.139689224165
2026-08-23 04:00:00+00:00,10412.139689224165
2026-08-23 05:00:00+00:00,10412.139689224165
2026-08-23 06:00:00+00:00,10412.139689224165
2026-08-23 07:00:00+00:00,10412.139689224165
2026-08-23 08:00:00+00:00,10412.139689224165
2026-08-23 09:00:00+00:00,10412.139689224165
2026-08-23 10:00:00+00:00,10412.139689224165
2026-08-23 11:00:00+00:00,10412.139689224165
2026-08-23 12:00:00+00:00,10412.139689224165
2026-08-23 13:00:00+00:00,10412.139689224165
2026-08-23 14:00:00+00:00,10412.139689224165
2026-08-23 15:00:00+00:00,10412.139689224165
2026-08-23 16:00:00+00:00,10412.139689224165
2026-08-23 17:00:00+00:00,10412.139689224165
2026-08-23 18:00:00+00:00,10412.139689224165
2026-08-23 19:00:00+00:00,10412.139689224165
2026-08-23 20:00:00+00:00,10412.139689224165
2026-08-23 21:00:00+00:00,10412.139689224165
2026-08-23 22:00:00+00:00,10412.139689224165
2026-08-23 23:00:00+00:00,10412.139689224165
2026-08-24 00:00:00+00:00,10412.139689224165
2026-08-24 01:00:00+00:00,10412.139689224165
2026-08-24 02:00:00+00:00,10412.139689224165
2026-08-24 03:00:00+00:00,10412.139689224165
2026-08-24 04:00:00+00:00,10412.139689224165
2026-08-24 05:00:00+00:00,10412.139689224165
2026-08-24 06:00:00+00:00,10412.139689224165
2026-08-24 07:00:00+00:00,10412.139689224165
2026-08-24 08:00:00+00:00,10412.139689224165
2026-08-24 09:00:00+00:00,10412.139689224165
2026-08-24 10:00:00+00:00,10412.139689224165
2026-08-24 11:00:00+00:00,10412.139689224165
2026-08-24 12:00:00+00:00,10412.139689224165
2026-08-24 13:00:00+00:00,10412.139689224165
2026-08-24 14:00:00+00:00,10412.139689224165
2026-08-24 15:00:00+00:00,10412.139689224165
2026-08-24 16:00:00+00:00,10412.139689224165
2026-08-24 17:00:00+00:00,10412.139689224165
2026-08-24 18:00:00+00:00,10412.139689224165
2026-08-24 19:00:00+00:00,10412.139689224165
2026-08-24 20:00:00+00:00,10412.139689224165
2026-08-24 21:00:00+00:00,10412.139689224165
2026-08-24 22:00:00+00:00,10412.139689224165
2026-08-24 23:00:00+00:00,10412.139689224165
2026-08-25 00:00:00+00:00,10412.139689224165
2026-08-25 01:00:00+00:00,10412.139689224165
2026-08-25 02:00:00+00:00,10412.139689224165
2026-08-25 03:00:00+00:00,10412.139689224165
2026-08-25 04:00:00+00:00,10395.583668617397
2026-08-25 05:00:00+00:00,10389.443268617397
2026-08-25 06:00:00+00:00,10413.202468617397
2026-08-25 07:00:00+00:00,10402.356468617398
2026-08-25 08:00:00+00:00,10342.414468617397
2026-08-25 09:00:00+00:00,10357.662343897398
2026-08-25 10:00:00+00:00,10313.530627311839
2026-08-25 11:00:00+00:00,10313.530627311839
2026-08-25 12:00:00+00:00,10313.530627311839
2026-08-25 13:00:00+00:00,10313.530627311839
2026-08-25 14:00:00+00:00,10313.530627311839
2026-08-25 15:00:00+00:00,10313.530627311839
2026-08-25 16:00:00+00:00,10313.530627311839
2026-08-25 17:00:00+00:00,10313.530627311839
2026-08-25 18:00:00+00:00,10313.530627311839
2026-08-25 19:00:00+00:00,10313.530627311839
2026-08-25 20:00:00+00:00,10313.530627311839
2026-08-25 21:00:00+00:00,10313.530627311839
2026-08-25 22:00:00+00:00,10313.530627311839
2026-08-25 23:00:00+00:00,10313.530627311839
2026-08-26 00:00:00+00:00,10313.530627311839
2026-08-26 01:00:00+00:00,10313.530627311839
2026-08-26 02:00:00+00:00,10313.530627311839
2026-08-26 03:00:00+00:00,10313.530627311839
2026-08-26 04:00:00+00:00,10313.530627311839
2026-08-26 05:00:00+00:00,10313.530627311839
2026-08-26 06:00:00+00:00,10313.530627311839
2026-08-26 07:00:00+00:00,10313.530627311839
2026-08-26 08:00:00+00:00,10313.530627311839
2026-08-26 09:00:00+00:00,10313.530627311839
2026-08-26 10:00:00+00:00,10313.530627311839
2026-08-26 11:00:00+00:00,10313.530627311839
2026-08-26 12:00:00+00:00,10313.530627311839
2026-08-26 13:00:00+00:00,10313.530627311839
2026-08-26 14:00:00+00:00,10313.530627311839
2026-08-26 15:00:00+00:00,10313.530627311839
2026-08-26 16:00:00+00:00,10313.530627311839
2026-08-26 17:00:00+00:00,10313.530627311839
2026-08-26 18:00:00+00:00,10313.530627311839
2026-08-26 19:00:00+00:00,10313.530627311839
2026-08-26 20:00:00+00:00,10313.530627311839
2026-08-26 21:00:00+00:00,10313.530627311839
2026-08-26 22:00:00+00:00,10313.530627311839
2026-08-26 23:00:00+00:00,10313.530627311839
2026-08-27 00:00:00+00:00,10313.530627311839
2026-08-27 01:00:00+00:00,10313.530627311839
2026-08-27 02:00:00+00:00,10313.530627311839
2026-08-27 03:00:00+00:00,10313.530627311839
2026-08-27 04:00:00+00:00,10313.530627311839
2026-08-27 05:00:00+00:00,10313.530627311839
2026-08-27 06:00:00+00:00,10313.530627311839
2026-08-27 07:00:00+00:00,10313.530627311839
2026-08-27 08:00:00+00:00,10313.530627311839
2026-08-27 09:00:00+00:00,10313.530627311839
2026-08-27 10:00:00+00:00,10313.530627311839
2026-08-27 11:00:00+00:00,10313.530627311839
2026-08-27 12:00:00+00:00,10313.530627311839
2026-08-27 13:00:00+00:00,10313.530627311839
2026-08-27 14:00:00+00:00,10313.530627311839
2026-08-27 15:00:00+00:00,10313.530627311839
2026-08-27 16:00:00+00:00,10313.530627311839
2026-08-27 17:00:00+00:00,10313.530627311839
2026-08-27 18:00:00+00:00,10313.530627311839
2026-08-27 19:00:00+00:00,10313.530627311839
2026-08-27 20:00:00+00:00,10313.530627311839
2026-08-27 21:00:00+00:00,10313.530627311839
2026-08-27 22:00:00+00:00,10313.530627311839
2026-08-27 23:00:00+00:00,10313.530627311839
2026-08-28 00:00:00+00:00,10313.530627311839
2026-08-28 01:00:00+00:00,10313.530627311839
2026-08-28 02:00:00+00:00,10313.530627311839
2026-08-28 03:00:00+00:00,10313.530627311839
2026-08-28 04:00:00+00:00,10313.530627311839
2026-08-28 05:00:00+00:00,10313.530627311839
2026-08-28 06:00:00+00:00,10313.530627311839
2026-08-28 07:00:00+00:00,10313.530627311839
2026-08-28 08:00:00+00:00,10313.530627311839
2026-08-28 09:00:00+00:00,10313.530627311839
2026-08-28 10:00:00+00:00,10313.530627311839
2026-08-28 11:00:00+00:00,10313.530627311839
2026-08-28 12:00:00+00:00,10313.530627311839
2026-08-28 13:00:00+00:00,10313.530627311839
2026-08-28 14:00:00+00:00,10313.530627311839
2026-08-28 15:00:00+00:00,10313.530627311839
2026-08-28 16:00:00+00:00,10313.530627311839
2026-08-28 17:00:00+00:00,10313.530627311839
2026-08-28 18:00:00+00:00,10313.530627311839
2026-08-28 19:00:00+00:00,10313.530627311839
2026-08-28 20:00:00+00:00,10313.530627311839
2026-08-28 21:00:00+00:00,10313.530627311839
2026-08-28 22:00:00+00:00,10313.530627311839
2026-08-28 23:00:00+00:00,10313.530627311839
2026-08-29 00:00:00+00:00,10313.530627311839
2026-08-29 01:00:00+00:00,10313.530627311839
2026-08-29 02:00:00+00:00,10313.530627311839
2026-08-29 03:00:00+00:00,10313.530627311839
2026-08-29 04:00:00+00:00,10313.530627311839
2026-08-29 05:00:00+00:00,10313.530627311839
2026-08-29 06:00:00+00:00,10313.530627311839
2026-08-29 07:00:00+00:00,10313.530627311839
2026-08-29 08:00:00+00:00,10313.530627311839
2026-08-29 09:00:00+00:00,10313.530627311839
2026-08-29 10:00:00+00:00,10313.530627311839
2026-08-29 11:00:00+00:00,10313.530627311839
2026-08-29 12:00:00+00:00,10313.530627311839
2026-08-29 13:00:00+00:00,10313.530627311839
2026-08-29 14:00:00+00:00,10313.530627311839
2026-08-29 15:00:00+00:00,10313.530627311839
2026-08-29 16:00:00+00:00,10313.530627311839
2026-08-29 17:00:00+00:00,10313.530627311839
2026-08-29 18:00:00+00:00,10313.530627311839
2026-08-29 19:00:00+00:00,10313.530627311839
2026-08-29 20:00:00+00:00,10313.530627311839
2026-08-29 21:00:00+00:00,10313.530627311839
2026-08-29 22:00:00+00:00,10313.530627311839
2026-08-29 23:00:00+00:00,10313.530627311839
2026-08-30 00:00:00+00:00,10313.530627311839
2026-08-30 01:00:00+00:00,10313.530627311839
2026-08-30 02:00:00+00:00,10313.530627311839
2026-08-30 03:00:00+00:00,10313.530627311839
2026-08-30 04:00:00+00:00,10313.530627311839
2026-08-30 05:00:00+00:00,10313.530627311839
2026-08-30 06:00:00+00:00,10313.530627311839
2026-08-30 07:00:00+00:00,10313.530627311839
2026-08-30 08:00:00+00:00,10313.530627311839
2026-08-30 09:00:00+00:00,10313.530627311839
2026-08-30 10:00:00+00:00,10313.530627311839
2026-08-30 11:00:00+00:00,10313.530627311839
2026-08-30 12:00:00+00:00,10313.530627311839
2026-08-30 13:00:00+00:00,10313.530627311839
2026-08-30 14:00:00+00:00,10313.530627311839
2026-08-30 15:00:00+00:00,10313.530627311839
2026-08-30 16:00:00+00:00,10313.530627311839
2026-08-30 17:00:00+00:00,10313.530627311839
2026-08-30 18:00:00+00:00,10313.530627311839
2026-08-30 19:00:00+00:00,10313.530627311839
2026-08-30 20:00:00+00:00,10313.530627311839
2026-08-30 21:00:00+00:00,10313.530627311839
2026-08-30 22:00:00+00:00,10313.530627311839
2026-08-30 23:00:00+00:00,10313.530627311839
2026-08-31 00:00:00+00:00,10313.530627311839
2026-08-31 01:00:00+00:00,10313.530627311839
2026-08-31 02:00:00+00:00,10313.530627311839
2026-08-31 03:00:00+00:00,10313.530627311839
2026-08-31 04:00:00+00:00,10313.530627311839
2026-08-31 05:00:00+00:00,10313.530627311839
2026-08-31 06:00:00+00:00,10313.530627311839
2026-08-31 07:00:00+00:00,10313.530627311839
2026-08-31 08:00:00+00:00,10313.530627311839
2026-08-31 09:00:00+00:00,10313.530627311839
2026-08-31 10:00:00+00:00,10313.530627311839
2026-08-31 11:00:00+00:00,10313.530627311839
2026-08-31 12:00:00+00:00,10313.530627311839
2026-08-31 13:00:00+00:00,10313.530627311839
2026-08-31 14:00:00+00:00,10313.530627311839
2026-08-31 15:00:00+00:00,10313.530627311839
2026-08-31 16:00:00+00:00,10313.530627311839
2026-08-31 17:00:00+00:00,10313.530627311839
2026-08-31 18:00:00+00:00,10313.530627311839
2026-08-31 19:00:00+00:00,10313.530627311839
2026-08-31 20:00:00+00:00,10313.530627311839
2026-08-31 21:00:00+00:00,10313.530627311839
2026-08-31 22:00:00+00:00,10313.530627311839
2026-08-31 23:00:00+00:00,10313.530627311839
2026-09-01 00:00:00+00:00,10313.530627311839
