time,equity
2025-03-01 01:00:00+00:00,10000.0
2025-03-01 02:00:00+00:00,10000.0
2025-03-01 03:00:00+00:00,10000.0
2025-03-01 04:00:00+00:00,10000.0
2025-03-01 05:00:00+00:00,10000.0
2025-03-01 06:00:00+00:00,10000.0
2025-03-01 07:00:00+00:00,10000.0
2025-03-01 08:00:00+00:00,10000.0
2025-03-01 09:00:00+00:00,10000.0
2025-03-01 10:00:00+00:00,10000.0
2025-03-01 11:00:00+00:00,10000.0
2025-03-01 12:00:00+00:00,10000.0
2025-03-01 13:00:00+00:00,10000.0
2025-03-01 14:00:00+00:00,10000.0
2025-03-01 15:00:00+00:00,10000.0
2025-03-01 16:00:00+00:00,10000.0
2025-03-01 17:00:00+00:00,10000.0
2025-03-01 18:00:00+00:00,10000.0
2025-03-01 19:00:00+00:00,10000.0
2025-03-01 20:00:00+00:00,10000.0
2025-03-01 21:00:00+00:00,10000.0
2025-03-01 22:00:00+00:00,10000.0
2025-03-01 23:00:00+00:00,10000.0
2025-03-02 00:00:00+00:00,10000.0
2025-03-02 01:00:00+00:00,10000.0
2025-03-02 02:00:00+00:00,10000.0
2025-03-02 03:00:00+00:00,10000.0
2025-03-02 04:00:00+00:00,10000.0
2025-03-02 05:00:00+00:00,10000.0
2025-03-02 06:00:00+00:00,10000.0
2025-03-02 07:00:00+00:00,10000.0
2025-03-02 08:00:00+00:00,10000.0
2025-03-02 09:00:00+00:00,10000.0
2025-03-02 10:00:00+00:00,10000.0
2025-03-02 11:00:00+00:00,10000.0
2025-03-02 12:00:00+00:00,10000.0
2025-03-02 13:00:00+00:00,10000.0
2025-03-02 14:00:00+00:00,10000.0
2025-03-02 15:00:00+00:00,10000.0
2025-03-02 16:00:00+00:00,10000.0
2025-03-02 17:00:00+00:00,10000.0
2025-03-02 18:00:00+00:00,10000.0
2025-03-02 19:00:00+00:00,10000.0
2025-03-02 20:00:00+00:00,10000.0
2025-03-02 21:00:00+00:00,10000.0
2025-03-02 22:00:00+00:00,10000.0
2025-03-02 23:00:00+00:00,10000.0
2025-03-03 00:00:00+00:00,10000.0
2025-03-03 01:00:00+00:00,10000.0
2025-03-03 02:00:00+00:00,10000.0
2025-03-03 03:00:00+00:00,10000.0
2025-03-03 04:00:00+00:00,10000.0
2025-03-03 05:00:00+00:00,10000.0
2025-03-03 06:00:00+00:00,10000.0
2025-03-03 07:00:00+00:00,10000.0
2025-03-03 08:00:00+00:00,10000.0
2025-03-03 09:00:00+00:00,10000.0
2025-03-03 10:00:00+00:00,10000.0
2025-03-03 11:00:00+00:00,10000.0
2025-03-03 12:00:00+00:00,10000.0
2025-03-03 13:00:00+00:00,10000.0
2025-03-03 14:00:00+00:00,10000.0
2025-03-03 15:00:00+00:00,10000.0
2025-03-03 16:00:00+00:00,10000.0
2025-03-03 17:00:00+00:00,10000.0
2025-03-03 18:00:00+00:00,10000.0
2025-03-03 19:00:00+00:00,10000.0
2025-03-03 20:00:00+00:00,10000.0
2025-03-03 21:00:00+00:00,10000.0
2025-03-03 22:00:00+00:00,10000.0
2025-03-03 23:00:00+00:00,10000.0
2025-03-04 00:00:00+00:00,10000.0
2025-03-04 01:00:00+00:00,10000.0
2025-03-04 02:00:00+00:00,10000.0
2025-03-04 03:00:00+00:00,10000.0
2025-03-04 04:00:00+00:00,10000.0
2025-03-04 05:00:00+00:00,10000.0
2025-03-04 06:00:00+00:00,10000.0
2025-03-04 07:00:00+00:00,10000.0
2025-03-04 08:00:00+00:00,10000.0
2025-03-04 09:00:00+00:00,10000.0
2025-03-04 10:00:00+00:00,10000.0
2025-03-04 11:00:00+00:00,10000.0
2025-03-04 12:00:00+00:00,10000.0
2025-03-04 13:00:00+00:00,10000.0
2025-03-04 14:00:00+00:00,10000.0
2025-03-04 15:00:00+00:00,10000.0
2025-03-04 16:00:00+00:00,10000.0
2025-03-04 17:00:00+00:00,10000.0
2025-03-04 18:00:00+00:00,10000.0
2025-03-04 19:00:00+00:00,10000.0
2025-03-04 20:00:00+00:00,10000.0
2025-03-04 21:00:00+00:00,10000.0
2025-03-04 22:00:00+00:00,10000.0
2025-03-04 23:00:00+00:00,10000.0
2025-03-05 00:00:00+00:00,10000.0
2025-03-05 01:00:00+00:00,10000.0
2025-03-05 02:00:00+00:00,10000.0
2025-03-05 03:00:00+00:00,10000.0
2025-03-05 04:00:00+00:00,10000.0
2025-03-05 05:00:00+00:00,10000.0
2025-03-05 06:00:00+00:00,10000.0
2025-03-05 07:00:00+00:00,10000.0
2025-03-05 08:00:00+00:00,10000.0
2025-03-05 09:00:00+00:00,10000.0
2025-03-05 10:00:00+00:00,10000.0
2025-03-05 11:00:00+00:00,10000.0
2025-03-05 12:00:00+00:00,10000.0
2025-03-05 13:00:00+00:00,10000.0
2025-03-05 14:00:00+00:00,10000.0
2025-03-05 15:00:00+00:00,10000.0
2025-03-05 16:00:00+00:00,10000.0
2025-03-05 17:00:00+00:00,10000.0
2025-03-05 18:00:00+00:00,10000.0
2025-03-05 19:00:00+00:00,10000.0
2025-03-05 20:00:00+00:00,10000.0
2025-03-05 21:00:00+00:00,10000.0
2025-03-05 22:00:00+00:00,10000.0
2025-03-05 23:00:00+00:00,10000.0
2025-03-06 00:00:00+00:00,10000.0
2025-03-06 01:00:00+00:00,10000.0
2025-03-06 02:00:00+00:00,10000.0
2025-03-06 03:00:00+00:00,10000.0
2025-03-06 04:00:00+00:00,10000.0
2025-03-06 05:00:00+00:00,10000.0
2025-03-06 06:00:00+00:00,10000.0
2025-03-06 07:00:00+00:00,10000.0
2025-03-06 08:00:00+00:00,10000.0
2025-03-06 09:00:00+00:00,10000.0
2025-03-06 10:00:00+00:00,10000.0
2025-03-06 11:00:00+00:00,10000.0
2025-03-06 12:00:00+00:00,10000.0
2025-03-06 13:00:00+00:00,10000.0
2025-03-06 14:00:00+00:00,10000.0
2025-03-06 15:00:00+00:00,10000.0
2025-03-06 16:00:00+00:00,10000.0
2025-03-06 17:00:00+00:00,10000.0
2025-03-06 18:00:00+00:00,10000.0
2025-03-06 19:00:00+00:00,10000.0
2025-03-06 20:00:00+00:00,10000.0
2025-03-06 21:00:00+00:00,10000.0
2025-03-06 22:00:00+00:00,10000.0
2025-03-06 23:00:00+00:00,10000.0
2025-03-07 00:00:00+00:00,10000.0
2025-03-07 01:00:00+00:00,10000.0
2025-03-07 02:00:00+00:00,10000.0
2025-03-07 03:00:00+00:00,10000.0
2025-03-07 04:00:00+00:00,10000.0
2025-03-07 05:00:00+00:00,10000.0
2025-03-07 06:00:00+00:00,10000.0
2025-03-07 07:00:00+00:00,10000.0
2025-03-07 08:00:00+00:00,10000.0
2025-03-07 09:00:00+00:00,10000.0
2025-03-07 10:00:00+00:00,10000.0
2025-03-07 11:00:00+00:00,10000.0
2025-03-07 12:00:00+00:00,10000.0
2025-03-07 13:00:00+00:00,10000.0
2025-03-07 14:00:00+00:00,10000.0
2025-03-07 15:00:00+00:00,10000.0
2025-03-07 16:00:00+00:00,10000.0
2025-03-07 17:00:00+00:00,10000.0
2025-03-07 18:00:00+00:00,10000.0
2025-03-07 19:00:00+00:00,10000.0
2025-03-07 20:00:00+00:00,10000.0
2025-03-07 21:00:00+00:00,10000.0
2025-03-07 22:00:00+00:00,10000.0
2025-03-07 23:00:00+00:00,10000.0
2025-03-08 00:00:00+00:00,10000.0
2025-03-08 01:00:00+00:00,10000.0
2025-03-08 02:00:00+00:00,10000.0
2025-03-08 03:00:00+00:00,10000.0
2025-03-08 04:00:00+00:00,10000.0
2025-03-08 05:00:00+00:00,10000.0
2025-03-08 06:00:00+00:00,10000.0
2025-03-08 07:00:00+00:00,10000.0
2025-03-08 08:00:00+00:00,10000.0
2025-03-08 09:00:00+00:00,10000.0
2025-03-08 10:00:00+00:00,10000.0
2025-03-08 11:00:00+00:00,10000.0
2025-03-08 12:00:00+00:00,10000.0
2025-03-08 13:00:00+00:00,10000.0
2025-03-08 14:00:00+00:00,10000.0
2025-03-08 15:00:00+00:00,10000.0
2025-03-08 16:00:00+00:00,10000.0
2025-03-08 17:00:00+00:00,10000.0
2025-03-08 18:00:00+00:00,10000.0
2025-03-08 19:00:00+00:00,10000.0
2025-03-08 20:00:00+00:00,10000.0
2025-03-08 21:00:00+00:00,10000.0
2025-03-08 22:00:00+00:00,10000.0
2025-03-08 23:00:00+00:00,10000.0
2025-03-09 00:00:00+00:00,10000.0
2025-03-09 01:00:00+00:00,10000.0
2025-03-09 02:00:00+00:00,10000.0
2025-03-09 03:00:00+00:00,10000.0
2025-03-09 04:00:00+00:00,10000.0
2025-03-09 05:00:00+00:00,10000.0
2025-03-09 06:00:00+00:00,10000.0
2025-03-09 07:00:00+00:00,10000.0
2025-03-09 08:00:00+00:00,10000.0
2025-03-09 09:00:00+00:00,10000.0
2025-03-09 10:00:00+00:00,10000.0
2025-03-09 11:00:00+00:00,10000.0
2025-03-09 12:00:00+00:00,10000.0
2025-03-09 13:00:00+00:00,10000.0
2025-03-09 14:00:00+00:00,10000.0
2025-03-09 15:00:00+00:00,10000.0
2025-03-09 16:00:00+00:00,10000.0
2025-03-09 17:00:00+00:00,10000.0
2025-03-09 18:00:00+00:00,10000.0
2025-03-09 19:00:00+00:00,10000.0
2025-03-09 20:00:00+00:00,10000.0
2025-03-09 21:00:00+00:00,10000.0
2025-03-09 22:00:00+00:00,10000.0
2025-03-09 23:00:00+00:00,10000.0
2025-03-10 00:00:00+00:00,9975.216673524399
2025-03-10 01:00:00+00:00,9945.83117673837
2025-03-10 02:00:00+00:00,9919.112176738368
2025-03-10 03:00:00+00:00,9873.11423548173
2025-03-10 04:00:00+00:00,9873.11423548173
2025-03-10 05:00:00+00:00,9873.11423548173
2025-03-10 06:00:00+00:00,9873.11423548173
2025-03-10 07:00:00+00:00,9873.11423548173
2025-03-10 08:00:00+00:00,9873.11423548173
2025-03-10 09:00:00+00:00,9873.11423548173
2025-03-10 10:00:00+00:00,9873.11423548173
2025-03-10 11:00:00+00:00,9873.11423548173
2025-03-10 12:00:00+00:00,9873.11423548173
2025-03-10 13:00:00+00:00,9873.11423548173
2025-03-10 14:00:00+00:00,9873.11423548173
2025-03-10 15:00:00+00:00,9873.11423548173
2025-03-10 16:00:00+00:00,9862.839787363457
2025-03-10 17:00:00+00:00,9903.216473228302
2025-03-10 18:00:00+00:00,9924.654773228303
2025-03-10 19:00:00+00:00,9955.640273228302
2025-03-10 20:00:00+00:00,9900.650273228302
2025-03-10 21:00:00+00:00,9891.750473228301
2025-03-10 22:00:00+00:00,9881.271173228302
2025-03-10 23:00:00+00:00,9883.950473228302
2025-03-11 00:00:00+00:00,9919.179173228302
2025-03-11 01:00:00+00:00,9955.4930919215
2025-03-11 02:00:00+00:00,9899.2511919215
2025-03-11 03:00:00+00:00,9890.129091921499
2025-03-11 04:00:00+00:00,9883.3391919215
2025-03-11 05:00:00+00:00,9853.064408539693
2025-03-11 06:00:00+00:00,9853.064408539693
2025-03-11 07:00:00+00:00,9853.064408539693
2025-03-11 08:00:00+00:00,9853.064408539693
2025-03-11 09:00:00+00:00,9853.064408539693
2025-03-11 10:00:00+00:00,9853.064408539693
2025-03-11 11:00:00+00:00,9853.064408539693
2025-03-11 12:00:00+00:00,9853.064408539693
2025-03-11 13:00:00+00:00,9853.064408539693
2025-03-11 14:00:00+00:00,9853.064408539693
2025-03-11 15:00:00+00:00,9853.064408539693
2025-03-11 16:00:00+00:00,9853.064408539693
2025-03-11 17:00:00+00:00,9853.064408539693
2025-03-11 18:00:00+00:00,9853.064408539693
2025-03-11 19:00:00+00:00,9853.064408539693
2025-03-11 20:00:00+00:00,9853.064408539693
2025-03-11 21:00:00+00:00,9853.064408539693
2025-03-11 22:00:00+00:00,9853.064408539693
2025-03-11 23:00:00+00:00,9853.064408539693
2025-03-12 00:00:00+00:00,9853.064408539693
2025-03-12 01:00:00+00:00,9853.064408539693
2025-03-12 02:00:00+00:00,9853.064408539693
2025-03-12 03:00:00+00:00,9853.064408539693
2025-03-12 04:00:00+00:00,9853.064408539693
2025-03-12 05:00:00+00:00,9853.064408539693
2025-03-12 06:00:00+00:00,9853.064408539693
2025-03-12 07:00:00+00:00,9853.064408539693
2025-03-12 08:00:00+00:00,9853.064408539693
2025-03-12 09:00:00+00:00,9853.064408539693
2025-03-12 10:00:00+00:00,9853.064408539693
2025-03-12 11:00:00+00:00,9853.064408539693
2025-03-12 12:00:00+00:00,9853.064408539693
2025-03-12 13:00:00+00:00,9853.064408539693
2025-03-12 14:00:00+00:00,9853.064408539693
2025-03-12 15:00:00+00:00,9853.064408539693
2025-03-12 16:00:00+00:00,9853.064408539693
2025-03-12 17:00:00+00:00,9853.064408539693
2025-03-12 18:00:00+00:00,9853.064408539693
2025-03-12 19:00:00+00:00,9853.064408539693
2025-03-12 20:00:00+00:00,9853.064408539693
2025-03-12 21:00:00+00:00,9853.064408539693
2025-03-12 22:00:00+00:00,9853.064408539693
2025-03-12 23:00:00+00:00,9853.064408539693
2025-03-13 00:00:00+00:00,9853.064408539693
2025-03-13 01:00:00+00:00,9853.064408539693
2025-03-13 02:00:00+00:00,9853.064408539693
2025-03-13 03:00:00+00:00,9853.064408539693
2025-03-13 04:00:00+00:00,9853.064408539693
2025-03-13 05:00:00+00:00,9853.064408539693
2025-03-13 06:00:00+00:00,9853.064408539693
2025-03-13 07:00:00+00:00,9853.064408539693
2025-03-13 08:00:00+00:00,9853.064408539693
2025-03-13 09:00:00+00:00,9853.064408539693
2025-03-13 10:00:00+00:00,9853.064408539693
2025-03-13 11:00:00+00:00,9853.064408539693
2025-03-13 12:00:00+00:00,9853.064408539693
2025-03-13 13:00:00+00:00,9853.064408539693
2025-03-13 14:00:00+00:00,9853.064408539693
2025-03-13 15:00:00+00:00,9853.064408539693
2025-03-13 16:00:00+00:00,9853.064408539693
2025-03-13 17:00:00+00:00,9853.064408539693
2025-03-13 18:00:00+00:00,9853.064408539693
2025-03-13 19:00:00+00:00,9853.064408539693
2025-03-13 20:00:00+00:00,9853.064408539693
2025-03-13 21:00:00+00:00,9853.064408539693
2025-03-13 22:00:00+00:00,9853.064408539693
2025-03-13 23:00:00+00:00,9853.064408539693
2025-03-14 00:00:00+00:00,9853.064408539693
2025-03-14 01:00:00+00:00,9853.064408539693
2025-03-14 02:00:00+00:00,9853.064408539693
2025-03-14 03:00:00+00:00,9853.064408539693
2025-03-14 04:00:00+00:00,9853.064408539693
2025-03-14 05:00:00+00:00,9853.064408539693
2025-03-14 06:00:00+00:00,9853.064408539693
2025-03-14 07:00:00+00:00,9853.064408539693
2025-03-14 08:00:00+00:00,9853.064408539693
2025-03-14 09:00:00+00:00,9853.064408539693
2025-03-14 10:00:00+00:00,9853.064408539693
2025-03-14 11:00:00+00:00,9853.064408539693
2025-03-14 12:00:00+00:00,9853.064408539693
2025-03-14 13:00:00+00:00,9853.064408539693
2025-03-14 14:00:00+00:00,9853.064408539693
2025-03-14 15:00:00+00:00,9853.064408539693
2025-03-14 16:00:00+00:00,9853.064408539693
2025-03-14 17:00:00+00:00,9853.064408539693
2025-03-14 18:00:00+00:00,9853.064408539693
2025-03-14 19:00:00+00:00,9853.064408539693
2025-03-14 20:00:00+00:00,9853.064408539693
2025-03-14 21:00:00+00:00,9853.064408539693
2025-03-14 22:00:00+00:00,9853.064408539693
2025-03-14 23:00:00+00:00,9853.064408539693
2025-03-15 00:00:00+00:00,9853.064408539693
2025-03-15 01:00:00+00:00,9853.064408539693
2025-03-15 02:00:00+00:00,9853.064408539693
2025-03-15 03:00:00+00:00,9853.064408539693
2025-03-15 04:00:00+00:00,9853.064408539693
2025-03-15 05:00:00+00:00,9853.064408539693
2025-03-15 06:00:00+00:00,9853.064408539693
2025-03-15 07:00:00+00:00,9853.064408539693
2025-03-15 08:00:00+00:00,9853.064408539693
2025-03-15 09:00:00+00:00,9853.064408539693
2025-03-15 10:00:00+00:00,9853.064408539693
2025-03-15 11:00:00+00:00,9853.064408539693
2025-03-15 12:00:00+00:00,9853.064408539693
2025-03-15 13:00:00+00:00,9853.064408539693
2025-03-15 14:00:00+00:00,9853.064408539693
2025-03-15 15:00:00+00:00,9853.064408539693
2025-03-15 16:00:00+00:00,9853.064408539693
2025-03-15 17:00:00+00:00,9853.064408539693
2025-03-15 18:00:00+00:00,9853.064408539693
2025-03-15 19:00:00+00:00,9853.064408539693
2025-03-15 20:00:00+00:00,9853.064408539693
2025-03-15 21:00:00+00:00,9853.064408539693
2025-03-15 22:00:00+00:00,9853.064408539693
2025-03-15 23:00:00+00:00,9853.064408539693
2025-03-16 00:00:00+00:00,9853.064408539693
2025-03-16 01:00:00+00:00,9853.064408539693
2025-03-16 02:00:00+00:00,9853.064408539693
2025-03-16 03:00:00+00:00,9853.064408539693
2025-03-16 04:00:00+00:00,9853.064408539693
2025-03-16 05:00:00+00:00,9853.064408539693
2025-03-16 06:00:00+00:00,9853.064408539693
2025-03-16 07:00:00+00:00,9853.064408539693
2025-03-16 08:00:00+00:00,9853.064408539693
2025-03-16 09:00:00+00:00,9853.064408539693
2025-03-16 10:00:00+00:00,9853.064408539693
2025-03-16 11:00:00+00:00,9853.064408539693
2025-03-16 12:00:00+00:00,9853.064408539693
2025-03-16 13:00:00+00:00,9853.064408539693
2025-03-16 14:00:00+00:00,9853.064408539693
2025-03-16 15:00:00+00:00,9853.064408539693
2025-03-16 16:00:00+00:00,9853.064408539693
2025-03-16 17:00:00+00:00,9853.064408539693
2025-03-16 18:00:00+00:00,9853.064408539693
2025-03-16 19:00:00+00:00,9853.064408539693
2025-03-16 20:00:00+00:00,9853.064408539693
2025-03-16 21:00:00+00:00,9853.064408539693
2025-03-16 22:00:00+00:00,9853.064408539693
2025-03-16 23:00:00+00:00,9853.064408539693
2025-03-17 00:00:00+00:00,9853.064408539693
2025-03-17 01:00:00+00:00,9853.064408539693
2025-03-17 02:00:00+00:00,9853.064408539693
2025-03-17 03:00:00+00:00,9853.064408539693
2025-03-17 04:00:00+00:00,9853.064408539693
2025-03-17 05:00:00+00:00,9853.064408539693
2025-03-17 06:00:00+00:00,9853.064408539693
2025-03-17 07:00:00+00:00,9853.064408539693
2025-03-17 08:00:00+00:00,9853.064408539693
2025-03-17 09:00:00+00:00,9853.064408539693
2025-03-17 10:00:00+00:00,9853.064408539693
2025-03-17 11:00:00+00:00,9853.064408539693
2025-03-17 12:00:00+00:00,9853.064408539693
2025-03-17 13:00:00+00:00,9853.064408539693
2025-03-17 14:00:00+00:00,9853.064408539693
2025-03-17 15:00:00+00:00,9853.064408539693
2025-03-17 16:00:00+00:00,9853.064408539693
2025-03-17 17:00:00+00:00,9853.064408539693
2025-03-17 18:00:00+00:00,9853.064408539693
2025-03-17 19:00:00+00:00,9853.064408539693
2025-03-17 20:00:00+00:00,9853.064408539693
2025-03-17 21:00:00+00:00,9853.064408539693
2025-03-17 22:00:00+00:00,9853.064408539693
2025-03-17 23:00:00+00:00,9853.064408539693
2025-03-18 00:00:00+00:00,9853.064408539693
2025-03-18 01:00:00+00:00,9853.064408539693
2025-03-18 02:00:00+00:00,9853.064408539693
2025-03-18 03:00:00+00:00,9853.064408539693
2025-03-18 04:00:00+00:00,9853.064408539693
2025-03-18 05:00:00+00:00,9853.064408539693
2025-03-18 06:00:00+00:00,9853.064408539693
2025-03-18 07:00:00+00:00,9853.064408539693
2025-03-18 08:00:00+00:00,9853.064408539693
2025-03-18 09:00:00+00:00,9853.064408539693
2025-03-18 10:00:00+00:00,9853.064408539693
2025-03-18 11:00:00+00:00,9853.064408539693
2025-03-18 12:00:00+00:00,9853.064408539693
2025-03-18 13:00:00+00:00,9853.064408539693
2025-03-18 14:00:00+00:00,9853.064408539693
2025-03-18 15:00:00+00:00,9853.064408539693
2025-03-18 16:00:00+00:00,9853.064408539693
2025-03-18 17:00:00+00:00,9853.064408539693
2025-03-18 18:00:00+00:00,9853.064408539693
2025-03-18 19:00:00+00:00,9853.064408539693
2025-03-18 20:00:00+00:00,9853.064408539693
2025-03-18 21:00:00+00:00,9853.064408539693
2025-03-18 22:00:00+00:00,9853.064408539693
2025-03-18 23:00:00+00:00,9853.064408539693
2025-03-19 00:00:00+00:00,9853.064408539693
2025-03-19 01:00:00+00:00,9853.064408539693
2025-03-19 02:00:00+00:00,9853.064408539693
2025-03-19 03:00:00+00:00,9853.064408539693
2025-03-19 04:00:00+00:00,9853.064408539693
2025-03-19 05:00:00+00:00,9853.064408539693
2025-03-19 06:00:00+00:00,9853.064408539693
2025-03-19 07:00:00+00:00,9853.064408539693
2025-03-19 08:00:00+00:00,9853.064408539693
2025-03-19 09:00:00+00:00,9853.064408539693
2025-03-19 10:00:00+00:00,9853.064408539693
2025-03-19 11:00:00+00:00,9853.064408539693
2025-03-19 12:00:00+00:00,9853.064408539693
2025-03-19 13:00:00+00:00,9853.064408539693
2025-03-19 14:00:00+00:00,9853.064408539693
2025-03-19 15:00:00+00:00,9853.064408539693
2025-03-19 16:00:00+00:00,9853.064408539693
2025-03-19 17:00:00+00:00,9853.064408539693
2025-03-19 18:00:00+00:00,9853.064408539693
2025-03-19 19:00:00+00:00,9853.064408539693
2025-03-19 20:00:00+00:00,9853.064408539693
2025-03-19 21:00:00+00:00,9853.064408539693
2025-03-19 22:00:00+00:00,9853.064408539693
2025-03-19 23:00:00+00:00,9853.064408539693
2025-03-20 00:00:00+00:00,9893.501241484115
2025-03-20 01:00:00+00:00,9838.930716172172
2025-03-20 02:00:00+00:00,9829.16211617217
2025-03-20 03:00:00+00:00,9841.416416172171
2025-03-20 04:00:00+00:00,9829.490416172172
2025-03-20 05:00:00+00:00,9792.383995306249
2025-03-20 06:00:00+00:00,9792.383995306249
2025-03-20 07:00:00+00:00,9792.383995306249
2025-03-20 08:00:00+00:00,9792.383995306249
2025-03-20 09:00:00+00:00,9792.383995306249
2025-03-20 10:00:00+00:00,9792.383995306249
2025-03-20 11:00:00+00:00,9792.383995306249
2025-03-20 12:00:00+00:00,9792.383995306249
2025-03-20 13:00:00+00:00,9792.383995306249
2025-03-20 14:00:00+00:00,9792.383995306249
2025-03-20 15:00:00+00:00,9792.383995306249
2025-03-20 16:00:00+00:00,9792.383995306249
2025-03-20 17:00:00+00:00,9792.383995306249
2025-03-20 18:00:00+00:00,9792.383995306249
2025-03-20 19:00:00+00:00,9792.383995306249
2025-03-20 20:00:00+00:00,9792.383995306249
2025-03-20 21:00:00+00:00,9792.383995306249
2025-03-20 22:00:00+00:00,9792.383995306249
2025-03-20 23:00:00+00:00,9792.383995306249
2025-03-21 00:00:00+00:00,9792.383995306249
2025-03-21 01:00:00+00:00,9792.383995306249
2025-03-21 02:00:00+00:00,9792.383995306249
2025-03-21 03:00:00+00:00,9792.383995306249
2025-03-21 04:00:00+00:00,9792.383995306249
2025-03-21 05:00:00+00:00,9792.383995306249
2025-03-21 06:00:00+00:00,9792.383995306249
2025-03-21 07:00:00+00:00,9792.383995306249
2025-03-21 08:00:00+00:00,9792.383995306249
2025-03-21 09:00:00+00:00,9792.383995306249
2025-03-21 10:00:00+00:00,9792.383995306249
2025-03-21 11:00:00+00:00,9792.383995306249
2025-03-21 12:00:00+00:00,9792.383995306249
2025-03-21 13:00:00+00:00,9792.383995306249
2025-03-21 14:00:00+00:00,9792.383995306249
2025-03-21 15:00:00+00:00,9792.383995306249
2025-03-21 16:00:00+00:00,9792.383995306249
2025-03-21 17:00:00+00:00,9792.383995306249
2025-03-21 18:00:00+00:00,9792.383995306249
2025-03-21 19:00:00+00:00,9792.383995306249
2025-03-21 20:00:00+00:00,9792.383995306249
2025-03-21 21:00:00+00:00,9792.383995306249
2025-03-21 22:00:00+00:00,9792.383995306249
2025-03-21 23:00:00+00:00,9792.383995306249
2025-03-22 00:00:00+00:00,9792.383995306249
2025-03-22 01:00:00+00:00,9792.383995306249
2025-03-22 02:00:00+00:00,9792.383995306249
2025-03-22 03:00:00+00:00,9792.383995306249
2025-03-22 04:00:00+00:00,9792.383995306249
2025-03-22 05:00:00+00:00,9792.383995306249
2025-03-22 06:00:00+00:00,9792.383995306249
2025-03-22 07:00:00+00:00,9792.383995306249
2025-03-22 08:00:00+00:00,9792.383995306249
2025-03-22 09:00:00+00:00,9792.383995306249
2025-03-22 10:00:00+00:00,9792.383995306249
2025-03-22 11:00:00+00:00,9792.383995306249
2025-03-22 12:00:00+00:00,9792.383995306249
2025-03-22 13:00:00+00:00,9792.383995306249
2025-03-22 14:00:00+00:00,9792.383995306249
2025-03-22 15:00:00+00:00,9792.383995306249
2025-03-22 16:00:00+00:00,9792.383995306249
2025-03-22 17:00:00+00:00,9792.383995306249
2025-03-22 18:00:00+00:00,9792.383995306249
2025-03-22 19:00:00+00:00,9792.383995306249
2025-03-22 20:00:00+00:00,9792.383995306249
2025-03-22 21:00:00+00:00,9792.383995306249
2025-03-22 22:00:00+00:00,9792.383995306249
2025-03-22 23:00:00+00:00,9792.383995306249
2025-03-23 00:00:00+00:00,9792.383995306249
2025-03-23 01:00:00+00:00,9792.383995306249
2025-03-23 02:00:00+00:00,9792.383995306249
2025-03-23 03:00:00+00:00,9792.383995306249
2025-03-23 04:00:00+00:00,9792.383995306249
2025-03-23 05:00:00+00:00,9792.383995306249
2025-03-23 06:00:00+00:00,9792.383995306249
2025-03-23 07:00:00+00:00,9792.383995306249
2025-03-23 08:00:00+00:00,9792.383995306249
2025-03-23 09:00:00+00:00,9792.383995306249
2025-03-23 10:00:00+00:00,9792.383995306249
2025-03-23 11:00:00+00:00,9792.383995306249
2025-03-23 12:00:00+00:00,9792.383995306249
2025-03-23 13:00:00+00:00,9792.383995306249
2025-03-23 14:00:00+00:00,9792.383995306249
2025-03-23 15:00:00+00:00,9792.383995306249
2025-03-23 16:00:00+00:00,9792.383995306249
2025-03-23 17:00:00+00:00,9792.383995306249
2025-03-23 18:00:00+00:00,9792.383995306249
2025-03-23 19:00:00+00:00,9792.383995306249
2025-03-23 20:00:00+00:00,9792.383995306249
2025-03-23 21:00:00+00:00,9792.383995306249
2025-03-23 22:00:00+00:00,9792.383995306249
2025-03-23 23:00:00+00:00,9792.383995306249
2025-03-24 00:00:00+00:00,9792.383995306249
2025-03-24 01:00:00+00:00,9792.383995306249
2025-03-24 02:00:00+00:00,9792.383995306249
2025-03-24 03:00:00+00:00,9792.383995306249
2025-03-24 04:00:00+00:00,9792.383995306249
2025-03-24 05:00:00+00:00,9792.383995306249
2025-03-24 06:00:00+00:00,9792.383995306249
2025-03-24 07:00:00+00:00,9792.383995306249
2025-03-24 08:00:00+00:00,9792.383995306249
2025-03-24 09:00:00+00:00,9792.383995306249
2025-03-24 10:00:00+00:00,9792.383995306249
2025-03-24 11:00:00+00:00,9792.383995306249
2025-03-24 12:00:00+00:00,9773.654777665059
2025-03-24 13:00:00+00:00,9738.148577665059
2025-03-24 14:00:00+00:00,9774.368777665059
2025-03-24 15:00:00+00:00,9802.214777665058
2025-03-24 16:00:00+00:00,9839.403977665059
2025-03-24 17:00:00+00:00,9812.596352284765
2025-03-24 18:00:00+00:00,9853.182152284764
2025-03-24 19:00:00+00:00,9853.192352284765
2025-03-24 20:00:00+00:00,9829.222352284765
2025-03-24 21:00:00+00:00,9790.421552284766
2025-03-24 22:00:00+00:00,9819.522152284764
2025-03-24 23:00:00+00:00,9737.672079619033
2025-03-25 00:00:00+00:00,9737.672079619033
2025-03-25 01:00:00+00:00,9737.672079619033
2025-03-25 02:00:00+00:00,9737.672079619033
2025-03-25 03:00:00+00:00,9737.672079619033
2025-03-25 04:00:00+00:00,9737.672079619033
2025-03-25 05:00:00+00:00,9737.672079619033
2025-03-25 06:00:00+00:00,9737.672079619033
2025-03-25 07:00:00+00:00,9737.672079619033
2025-03-25 08:00:00+00:00,9737.672079619033
2025-03-25 09:00:00+00:00,9737.672079619033
2025-03-25 10:00:00+00:00,9737.672079619033
2025-03-25 11:00:00+00:00,9737.672079619033
2025-03-25 12:00:00+00:00,9737.672079619033
2025-03-25 13:00:00+00:00,9737.672079619033
2025-03-25 14:00:00+00:00,9737.672079619033
2025-03-25 15:00:00+00:00,9737.672079619033
2025-03-25 16:00:00+00:00,9737.672079619033
2025-03-25 17:00:00+00:00,9737.672079619033
2025-03-25 18:00:00+00:00,9737.672079619033
2025-03-25 19:00:00+00:00,9737.672079619033
2025-03-25 20:00:00+00:00,9737.672079619033
2025-03-25 21:00:00+00:00,9737.672079619033
2025-03-25 22:00:00+00:00,9737.672079619033
2025-03-25 23:00:00+00:00,9737.672079619033
2025-03-26 00:00:00+00:00,9737.672079619033
2025-03-26 01:00:00+00:00,9737.672079619033
2025-03-26 02:00:00+00:00,9737.672079619033
2025-03-26 03:00:00+00:00,9737.672079619033
2025-03-26 04:00:00+00:00,9737.672079619033
2025-03-26 05:00:00+00:00,9737.672079619033
2025-03-26 06:00:00+00:00,9737.672079619033
2025-03-26 07:00:00+00:00,9737.672079619033
2025-03-26 08:00:00+00:00,9737.672079619033
2025-03-26 09:00:00+00:00,9737.672079619033
2025-03-26 10:00:00+00:00,9737.672079619033
2025-03-26 11:00:00+00:00,9737.672079619033
2025-03-26 12:00:00+00:00,9737.672079619033
2025-03-26 13:00:00+00:00,9737.672079619033
2025-03-26 14:00:00+00:00,9737.672079619033
2025-03-26 15:00:00+00:00,9737.672079619033
2025-03-26 16:00:00+00:00,9737.672079619033
2025-03-26 17:00:00+00:00,9737.672079619033
2025-03-26 18:00:00+00:00,9737.672079619033
2025-03-26 19:00:00+00:00,9737.672079619033
2025-03-26 20:00:00+00:00,9737.672079619033
2025-03-26 21:00:00+00:00,9737.672079619033
2025-03-26 22:00:00+00:00,9737.672079619033
2025-03-26 23:00:00+00:00,9737.672079619033
2025-03-27 00:00:00+00:00,9737.672079619033
2025-03-27 01:00:00+00:00,9737.672079619033
2025-03-27 02:00:00+00:00,9737.672079619033
2025-03-27 03:00:00+00:00,9737.672079619033
2025-03-27 04:00:00+00:00,9737.672079619033
2025-03-27 05:00:00+00:00,9737.672079619033
2025-03-27 06:00:00+00:00,9737.672079619033
2025-03-27 07:00:00+00:00,9737.672079619033
2025-03-27 08:00:00+00:00,9737.672079619033
2025-03-27 09:00:00+00:00,9737.672079619033
2025-03-27 10:00:00+00:00,9737.672079619033
2025-03-27 11:00:00+00:00,9737.672079619033
2025-03-27 12:00:00+00:00,9737.672079619033
2025-03-27 13:00:00+00:00,9737.672079619033
2025-03-27 14:00:00+00:00,9737.672079619033
2025-03-27 15:00:00+00:00,9737.672079619033
2025-03-27 16:00:00+00:00,9737.672079619033
2025-03-27 17:00:00+00:00,9737.672079619033
2025-03-27 18:00:00+00:00,9737.672079619033
2025-03-27 19:00:00+00:00,9737.672079619033
2025-03-27 20:00:00+00:00,9737.672079619033
2025-03-27 21:00:00+00:00,9737.672079619033
2025-03-27 22:00:00+00:00,9737.672079619033
2025-03-27 23:00:00+00:00,9737.672079619033
2025-03-28 00:00:00+00:00,9737.672079619033
2025-03-28 01:00:00+00:00,9737.672079619033
2025-03-28 02:00:00+00:00,9737.672079619033
2025-03-28 03:00:00+00:00,9737.672079619033
2025-03-28 04:00:00+00:00,9737.672079619033
2025-03-28 05:00:00+00:00,9737.672079619033
2025-03-28 06:00:00+00:00,9737.672079619033
2025-03-28 07:00:00+00:00,9737.672079619033
2025-03-28 08:00:00+00:00,9737.672079619033
2025-03-28 09:00:00+00:00,9737.672079619033
2025-03-28 10:00:00+00:00,9737.672079619033
2025-03-28 11:00:00+00:00,9737.672079619033
2025-03-28 12:00:00+00:00,9737.672079619033
2025-03-28 13:00:00+00:00,9737.672079619033
2025-03-28 14:00:00+00:00,9737.672079619033
2025-03-28 15:00:00+00:00,9737.672079619033
2025-03-28 16:00:00+00:00,9737.672079619033
2025-03-28 17:00:00+00:00,9737.672079619033
2025-03-28 18:00:00+00:00,9737.672079619033
2025-03-28 19:00:00+00:00,9737.672079619033
2025-03-28 20:00:00+00:00,9737.672079619033
2025-03-28 21:00:00+00:00,9737.672079619033
2025-03-28 22:00:00+00:00,9737.672079619033
2025-03-28 23:00:00+00:00,9737.672079619033
2025-03-29 00:00:00+00:00,9737.672079619033
2025-03-29 01:00:00+00:00,9737.672079619033
2025-03-29 02:00:00+00:00,9737.672079619033
2025-03-29 03:00:00+00:00,9737.672079619033
2025-03-29 04:00:00+00:00,9737.672079619033
2025-03-29 05:00:00+00:00,9737.672079619033
2025-03-29 06:00:00+00:00,9737.672079619033
2025-03-29 07:00:00+00:00,9737.672079619033
2025-03-29 08:00:00+00:00,9737.672079619033
2025-03-29 09:00:00+00:00,9737.672079619033
2025-03-29 10:00:00+00:00,9737.672079619033
2025-03-29 11:00:00+00:00,9793.86573085559
2025-03-29 12:00:00+00:00,9858.32973085559
2025-03-29 13:00:00+00:00,9841.479330855589
2025-03-29 14:00:00+00:00,9803.65773085559
2025-03-29 15:00:00+00:00,9838.03173085559
2025-03-29 16:00:00+00:00,9845.977530855589
2025-03-29 17:00:00+00:00,9867.792888370666
2025-03-29 18:00:00+00:00,9854.522688370667
2025-03-29 19:00:00+00:00,9853.043688370668
2025-03-29 20:00:00+00:00,9808.867488370666
2025-03-29 21:00:00+00:00,9834.887688370667
2025-03-29 22:00:00+00:00,9834.622488370667
2025-03-29 23:00:00+00:00,9846.342288370666
2025-03-30 00:00:00+00:00,9821.811288370665
2025-03-30 01:00:00+00:00,9805.49066885137
2025-03-30 02:00:00+00:00,9791.96546885137
2025-03-30 03:00:00+00:00,9763.019229480657
2025-03-30 04:00:00+00:00,9763.019229480657
2025-03-30 05:00:00+00:00,9763.019229480657
2025-03-30 06:00:00+00:00,9763.019229480657
2025-03-30 07:00:00+00:00,9763.019229480657
2025-03-30 08:00:00+00:00,9763.019229480657
2025-03-30 09:00:00+00:00,9763.019229480657
2025-03-30 10:00:00+00:00,9763.019229480657
2025-03-30 11:00:00+00:00,9763.019229480657
2025-03-30 12:00:00+00:00,9763.019229480657
2025-03-30 13:00:00+00:00,9763.019229480657
2025-03-30 14:00:00+00:00,9763.019229480657
2025-03-30 15:00:00+00:00,9763.019229480657
2025-03-30 16:00:00+00:00,9763.019229480657
2025-03-30 17:00:00+00:00,9763.019229480657
2025-03-30 18:00:00+00:00,9763.019229480657
2025-03-30 19:00:00+00:00,9763.019229480657
2025-03-30 20:00:00+00:00,9763.019229480657
2025-03-30 21:00:00+00:00,9763.019229480657
2025-03-30 22:00:00+00:00,9763.019229480657
2025-03-30 23:00:00+00:00,9763.019229480657
2025-03-31 00:00:00+00:00,9763.019229480657
2025-03-31 01:00:00+00:00,9763.019229480657
2025-03-31 02:00:00+00:00,9763.019229480657
2025-03-31 03:00:00+00:00,9763.019229480657
2025-03-31 04:00:00+00:00,9763.019229480657
2025-03-31 05:00:00+00:00,9763.019229480657
2025-03-31 06:00:00+00:00,9763.019229480657
2025-03-31 07:00:00+00:00,9763.019229480657
2025-03-31 08:00:00+00:00,9763.019229480657
2025-03-31 09:00:00+00:00,9763.019229480657
2025-03-31 10:00:00+00:00,9763.019229480657
2025-03-31 11:00:00+00:00,9763.019229480657
2025-03-31 12:00:00+00:00,9763.019229480657
2025-03-31 13:00:00+00:00,9763.019229480657
2025-03-31 14:00:00+00:00,9763.019229480657
2025-03-31 15:00:00+00:00,9763.019229480657
2025-03-31 16:00:00+00:00,9763.019229480657
2025-03-31 17:00:00+00:00,9763.019229480657
2025-03-31 18:00:00+00:00,9763.019229480657
2025-03-31 19:00:00+00:00,9763.019229480657
2025-03-31 20:00:00+00:00,9763.019229480657
2025-03-31 21:00:00+00:00,9763.019229480657
2025-03-31 22:00:00+00:00,9763.019229480657
2025-03-31 23:00:00+00:00,9763.019229480657
2025-04-01 00:00:00+00:00,9763.019229480657
2025-04-01 01:00:00+00:00,9763.019229480657
2025-04-01 02:00:00+00:00,9763.019229480657
2025-04-01 03:00:00+00:00,9763.019229480657
2025-04-01 04:00:00+00:00,9763.019229480657
2025-04-01 05:00:00+00:00,9763.019229480657
2025-04-01 06:00:00+00:00,9763.019229480657
2025-04-01 07:00:00+00:00,9763.019229480657
2025-04-01 08:00:00+00:00,9763.019229480657
2025-04-01 09:00:00+00:00,9763.019229480657
2025-04-01 10:00:00+00:00,9763.019229480657
2025-04-01 11:00:00+00:00,9763.019229480657
2025-04-01 12:00:00+00:00,9763.019229480657
2025-04-01 13:00:00+00:00,9763.019229480657
2025-04-01 14:00:00+00:00,9763.019229480657
2025-04-01 15:00:00+00:00,9763.019229480657
2025-04-01 16:00:00+00:00,9763.019229480657
2025-04-01 17:00:00+00:00,9763.019229480657
2025-04-01 18:00:00+00:00,9763.019229480657
2025-04-01 19:00:00+00:00,9763.019229480657
2025-04-01 20:00:00+00:00,9763.019229480657
2025-04-01 21:00:00+00:00,9763.019229480657
2025-04-01 22:00:00+00:00,9763.019229480657
2025-04-01 23:00:00+00:00,9763.019229480657
2025-04-02 00:00:00+00:00,9763.019229480657
2025-04-02 01:00:00+00:00,9763.019229480657
2025-04-02 02:00:00+00:00,9763.019229480657
2025-04-02 03:00:00+00:00,9763.019229480657
2025-04-02 04:00:00+00:00,9763.019229480657
2025-04-02 05:00:00+00:00,9763.019229480657
2025-04-02 06:00:00+00:00,9763.019229480657
2025-04-02 07:00:00+00:00,9763.019229480657
2025-04-02 08:00:00+00:00,9763.019229480657
2025-04-02 09:00:00+00:00,9763.019229480657
2025-04-02 10:00:00+00:00,9763.019229480657
2025-04-02 11:00:00+00:00,9763.019229480657
2025-04-02 12:00:00+00:00,9763.019229480657
2025-04-02 13:00:00+00:00,9763.019229480657
2025-04-02 14:00:00+00:00,9763.019229480657
2025-04-02 15:00:00+00:00,9763.019229480657
2025-04-02 16:00:00+00:00,9763.019229480657
2025-04-02 17:00:00+00:00,9763.019229480657
2025-04-02 18:00:00+00:00,9763.019229480657
2025-04-02 19:00:00+00:00,9763.019229480657
2025-04-02 20:00:00+00:00,9763.019229480657
2025-04-02 21:00:00+00:00,9763.019229480657
2025-04-02 22:00:00+00:00,9763.019229480657
2025-04-02 23:00:00+00:00,9763.019229480657
2025-04-03 00:00:00+00:00,9763.019229480657
2025-04-03 01:00:00+00:00,9763.019229480657
2025-04-03 02:00:00+00:00,9763.019229480657
2025-04-03 03:00:00+00:00,9763.019229480657
2025-04-03 04:00:00+00:00,9763.019229480657
2025-04-03 05:00:00+00:00,9763.019229480657
2025-04-03 06:00:00+00:00,9763.019229480657
2025-04-03 07:00:00+00:00,9763.019229480657
2025-04-03 08:00:00+00:00,9763.019229480657
2025-04-03 09:00:00+00:00,9763.019229480657
2025-04-03 10:00:00+00:00,9763.019229480657
2025-04-03 11:00:00+00:00,9763.019229480657
2025-04-03 12:00:00+00:00,9763.019229480657
2025-04-03 13:00:00+00:00,9763.019229480657
2025-04-03 14:00:00+00:00,9763.019229480657
2025-04-03 15:00:00+00:00,9763.019229480657
2025-04-03 16:00:00+00:00,9763.019229480657
2025-04-03 17:00:00+00:00,9763.019229480657
2025-04-03 18:00:00+00:00,9763.019229480657
2025-04-03 19:00:00+00:00,9763.019229480657
2025-04-03 20:00:00+00:00,9763.019229480657
2025-04-03 21:00:00+00:00,9763.019229480657
2025-04-03 22:00:00+00:00,9763.019229480657
2025-04-03 23:00:00+00:00,9763.019229480657
2025-04-04 00:00:00+00:00,9763.019229480657
2025-04-04 01:00:00+00:00,9763.019229480657
2025-04-04 02:00:00+00:00,9763.019229480657
2025-04-04 03:00:00+00:00,9763.019229480657
2025-04-04 04:00:00+00:00,9763.019229480657
2025-04-04 05:00:00+00:00,9763.019229480657
2025-04-04 06:00:00+00:00,9763.019229480657
2025-04-04 07:00:00+00:00,9763.019229480657
2025-04-04 08:00:00+00:00,9763.019229480657
2025-04-04 09:00:00+00:00,9763.019229480657
2025-04-04 10:00:00+00:00,9763.019229480657
2025-04-04 11:00:00+00:00,9763.019229480657
2025-04-04 12:00:00+00:00,9763.019229480657
2025-04-04 13:00:00+00:00,9763.019229480657
2025-04-04 14:00:00+00:00,9763.019229480657
2025-04-04 15:00:00+00:00,9763.019229480657
2025-04-04 16:00:00+00:00,9763.019229480657
2025-04-04 17:00:00+00:00,9763.019229480657
2025-04-04 18:00:00+00:00,9763.019229480657
2025-04-04 19:00:00+00:00,9763.019229480657
2025-04-04 20:00:00+00:00,9763.019229480657
2025-04-04 21:00:00+00:00,9763.019229480657
2025-04-04 22:00:00+00:00,9763.019229480657
2025-04-04 23:00:00+00:00,9763.019229480657
2025-04-05 00:00:00+00:00,9763.019229480657
2025-04-05 01:00:00+00:00,9763.019229480657
2025-04-05 02:00:00+00:00,9763.019229480657
2025-04-05 03:00:00+00:00,9763.019229480657
2025-04-05 04:00:00+00:00,9763.019229480657
2025-04-05 05:00:00+00:00,9763.019229480657
2025-04-05 06:00:00+00:00,9763.019229480657
2025-04-05 07:00:00+00:00,9763.019229480657
2025-04-05 08:00:00+00:00,9763.019229480657
2025-04-05 09:00:00+00:00,9763.019229480657
2025-04-05 10:00:00+00:00,9763.019229480657
2025-04-05 11:00:00+00:00,9763.019229480657
2025-04-05 12:00:00+00:00,9763.019229480657
2025-04-05 13:00:00+00:00,9763.019229480657
2025-04-05 14:00:00+00:00,9763.019229480657
2025-04-05 15:00:00+00:00,9763.019229480657
2025-04-05 16:00:00+00:00,9763.019229480657
2025-04-05 17:00:00+00:00,9763.019229480657
2025-04-05 18:00:00+00:00,9763.019229480657
2025-04-05 19:00:00+00:00,9763.019229480657
2025-04-05 20:00:00+00:00,9763.019229480657
2025-04-05 21:00:00+00:00,9763.019229480657
2025-04-05 22:00:00+00:00,9763.019229480657
2025-04-05 23:00:00+00:00,9763.019229480657
2025-04-06 00:00:00+00:00,9763.019229480657
2025-04-06 01:00:00+00:00,9763.019229480657
2025-04-06 02:00:00+00:00,9763.019229480657
2025-04-06 03:00:00+00:00,9763.019229480657
2025-04-06 04:00:00+00:00,9763.019229480657
2025-04-06 05:00:00+00:00,9763.019229480657
2025-04-06 06:00:00+00:00,9763.019229480657
2025-04-06 07:00:00+00:00,9763.019229480657
2025-04-06 08:00:00+00:00,9763.019229480657
2025-04-06 09:00:00+00:00,9763.019229480657
2025-04-06 10:00:00+00:00,9763.019229480657
2025-04-06 11:00:00+00:00,9763.019229480657
2025-04-06 12:00:00+00:00,9763.019229480657
2025-04-06 13:00:00+00:00,9763.019229480657
2025-04-06 14:00:00+00:00,9763.019229480657
2025-04-06 15:00:00+00:00,9763.019229480657
2025-04-06 16:00:00+00:00,9763.019229480657
2025-04-06 17:00:00+00:00,9763.019229480657
2025-04-06 18:00:00+00:00,9763.019229480657
2025-04-06 19:00:00+00:00,9917.630689714968
2025-04-06 20:00:00+00:00,9869.617689714967
2025-04-06 21:00:00+00:00,9939.670689714969
2025-04-06 22:00:00+00:00,9933.391189714968
2025-04-06 23:00:00+00:00,10016.050689714968
2025-04-07 00:00:00+00:00,9982.800689714968
2025-04-07 01:00:00+00:00,9992.732587333738
2025-04-07 02:00:00+00:00,9915.573587333738
2025-04-07 03:00:00+00:00,9980.373087333737
2025-04-07 04:00:00+00:00,10051.917587333737
2025-04-07 05:00:00+00:00,10118.483947748324
2025-04-07 06:00:00+00:00,10116.627489769591
2025-04-07 07:00:00+00:00,10231.917489769592
2025-04-07 08:00:00+00:00,10215.852489769592
2025-04-07 09:00:00+00:00,10154.53163497272
2025-04-07 10:00:00+00:00,10153.18163497272
2025-04-07 11:00:00+00:00,10117.495142867827
2025-04-07 12:00:00+00:00,10117.495142867827
2025-04-07 13:00:00+00:00,10117.495142867827
2025-04-07 14:00:00+00:00,10117.495142867827
2025-04-07 15:00:00+00:00,10117.495142867827
2025-04-07 16:00:00+00:00,10117.495142867827
2025-04-07 17:00:00+00:00,10117.495142867827
2025-04-07 18:00:00+00:00,10117.495142867827
2025-04-07 19:00:00+00:00,10117.495142867827
2025-04-07 20:00:00+00:00,10117.495142867827
2025-04-07 21:00:00+00:00,10117.495142867827
2025-04-07 22:00:00+00:00,10117.495142867827
2025-04-07 23:00:00+00:00,10117.495142867827
2025-04-08 00:00:00+00:00,10117.495142867827
2025-04-08 01:00:00+00:00,10117.495142867827
2025-04-08 02:00:00+00:00,10117.495142867827
2025-04-08 03:00:00+00:00,10117.495142867827
2025-04-08 04:00:00+00:00,10117.495142867827
2025-04-08 05:00:00+00:00,10117.495142867827
2025-04-08 06:00:00+00:00,10117.495142867827
2025-04-08 07:00:00+00:00,10117.495142867827
2025-04-08 08:00:00+00:00,10117.495142867827
2025-04-08 09:00:00+00:00,10117.495142867827
2025-04-08 10:00:00+00:00,10117.495142867827
2025-04-08 11:00:00+00:00,10117.495142867827
2025-04-08 12:00:00+00:00,10117.495142867827
2025-04-08 13:00:00+00:00,10117.495142867827
2025-04-08 14:00:00+00:00,10117.495142867827
2025-04-08 15:00:00+00:00,10117.495142867827
2025-04-08 16:00:00+00:00,10117.495142867827
2025-04-08 17:00:00+00:00,10117.495142867827
2025-04-08 18:00:00+00:00,10117.495142867827
2025-04-08 19:00:00+00:00,10117.495142867827
2025-04-08 20:00:00+00:00,10117.495142867827
2025-04-08 21:00:00+00:00,10117.495142867827
2025-04-08 22:00:00+00:00,10117.495142867827
2025-04-08 23:00:00+00:00,10117.495142867827
2025-04-09 00:00:00+00:00,10117.495142867827
2025-04-09 01:00:00+00:00,10117.495142867827
2025-04-09 02:00:00+00:00,10117.495142867827
2025-04-09 03:00:00+00:00,10117.495142867827
2025-04-09 04:00:00+00:00,10117.495142867827
2025-04-09 05:00:00+00:00,10117.495142867827
2025-04-09 06:00:00+00:00,10117.495142867827
2025-04-09 07:00:00+00:00,10117.495142867827
2025-04-09 08:00:00+00:00,10117.495142867827
2025-04-09 09:00:00+00:00,10117.495142867827
2025-04-09 10:00:00+00:00,10117.495142867827
2025-04-09 11:00:00+00:00,10117.495142867827
2025-04-09 12:00:00+00:00,10117.495142867827
2025-04-09 13:00:00+00:00,10117.495142867827
2025-04-09 14:00:00+00:00,10117.495142867827
2025-04-09 15:00:00+00:00,10117.495142867827
2025-04-09 16:00:00+00:00,10117.495142867827
2025-04-09 17:00:00+00:00,10117.495142867827
2025-04-09 18:00:00+00:00,10117.495142867827
2025-04-09 19:00:00+00:00,10117.495142867827
2025-04-09 20:00:00+00:00,10117.495142867827
2025-04-09 21:00:00+00:00,10117.495142867827
2025-04-09 22:00:00+00:00,10117.495142867827
2025-04-09 23:00:00+00:00,10117.495142867827
2025-04-10 00:00:00+00:00,10117.495142867827
2025-04-10 01:00:00+00:00,10117.495142867827
2025-04-10 02:00:00+00:00,10117.495142867827
2025-04-10 03:00:00+00:00,10117.495142867827
2025-04-10 04:00:00+00:00,10117.495142867827
2025-04-10 05:00:00+00:00,10117.495142867827
2025-04-10 06:00:00+00:00,10117.495142867827
2025-04-10 07:00:00+00:00,10117.495142867827
2025-04-10 08:00:00+00:00,10117.495142867827
2025-04-10 09:00:00+00:00,10117.495142867827
2025-04-10 10:00:00+00:00,10117.495142867827
2025-04-10 11:00:00+00:00,10117.495142867827
2025-04-10 12:00:00+00:00,10117.495142867827
2025-04-10 13:00:00+00:00,10117.495142867827
2025-04-10 14:00:00+00:00,10117.495142867827
2025-04-10 15:00:00+00:00,10117.495142867827
2025-04-10 16:00:00+00:00,10117.495142867827
2025-04-10 17:00:00+00:00,10117.495142867827
2025-04-10 18:00:00+00:00,10117.495142867827
2025-04-10 19:00:00+00:00,10117.495142867827
2025-04-10 20:00:00+00:00,10117.495142867827
2025-04-10 21:00:00+00:00,10117.495142867827
2025-04-10 22:00:00+00:00,10117.495142867827
2025-04-10 23:00:00+00:00,10117.495142867827
2025-04-11 00:00:00+00:00,10117.495142867827
2025-04-11 01:00:00+00:00,10117.495142867827
2025-04-11 02:00:00+00:00,10117.495142867827
2025-04-11 03:00:00+00:00,10117.495142867827
2025-04-11 04:00:00+00:00,10117.495142867827
2025-04-11 05:00:00+00:00,10117.495142867827
2025-04-11 06:00:00+00:00,10117.495142867827
2025-04-11 07:00:00+00:00,10117.495142867827
2025-04-11 08:00:00+00:00,10117.495142867827
2025-04-11 09:00:00+00:00,10117.495142867827
2025-04-11 10:00:00+00:00,10117.495142867827
2025-04-11 11:00:00+00:00,10117.495142867827
2025-04-11 12:00:00+00:00,10117.495142867827
2025-04-11 13:00:00+00:00,10117.495142867827
2025-04-11 14:00:00+00:00,10117.495142867827
2025-04-11 15:00:00+00:00,10117.495142867827
2025-04-11 16:00:00+00:00,10117.495142867827
2025-04-11 17:00:00+00:00,10117.495142867827
2025-04-11 18:00:00+00:00,10117.495142867827
2025-04-11 19:00:00+00:00,10117.495142867827
2025-04-11 20:00:00+00:00,10117.495142867827
2025-04-11 21:00:00+00:00,10117.495142867827
2025-04-11 22:00:00+00:00,10117.495142867827
2025-04-11 23:00:00+00:00,10117.495142867827
2025-04-12 00:00:00+00:00,10117.495142867827
2025-04-12 01:00:00+00:00,10117.495142867827
2025-04-12 02:00:00+00:00,10117.495142867827
2025-04-12 03:00:00+00:00,10117.495142867827
2025-04-12 04:00:00+00:00,10117.495142867827
2025-04-12 05:00:00+00:00,10117.495142867827
2025-04-12 06:00:00+00:00,10117.495142867827
2025-04-12 07:00:00+00:00,10117.495142867827
2025-04-12 08:00:00+00:00,10117.495142867827
2025-04-12 09:00:00+00:00,10117.495142867827
2025-04-12 10:00:00+00:00,10117.495142867827
2025-04-12 11:00:00+00:00,10117.495142867827
2025-04-12 12:00:00+00:00,10117.495142867827
2025-04-12 13:00:00+00:00,10117.495142867827
2025-04-12 14:00:00+00:00,10117.495142867827
2025-04-12 15:00:00+00:00,10141.501245931668
2025-04-12 16:00:00+00:00,10155.533245931667
2025-04-12 17:00:00+00:00,10127.80615263625
2025-04-12 18:00:00+00:00,10136.550152636251
2025-04-12 19:00:00+00:00,10170.19815263625
2025-04-12 20:00:00+00:00,10150.87815263625
2025-04-12 21:00:00+00:00,10196.486152636251
2025-04-12 22:00:00+00:00,10184.686152636252
2025-04-12 23:00:00+00:00,10182.214152636252
2025-04-13 00:00:00+00:00,10176.822152636252
2025-04-13 01:00:00+00:00,10194.72197433431
2025-04-13 02:00:00+00:00,10174.86597433431
2025-04-13 03:00:00+00:00,10177.14597433431
2025-04-13 04:00:00+00:00,10187.85797433431
2025-04-13 05:00:00+00:00,10124.79397433431
2025-04-13 06:00:00+00:00,10116.817974334312
2025-04-13 07:00:00+00:00,10122.753974334311
2025-04-13 08:00:00+00:00,10107.36197433431
2025-04-13 09:00:00+00:00,10097.303041422992
2025-04-13 10:00:00+00:00,10097.303041422992
2025-04-13 11:00:00+00:00,10097.303041422992
2025-04-13 12:00:00+00:00,10097.303041422992
2025-04-13 13:00:00+00:00,10097.303041422992
2025-04-13 14:00:00+00:00,10097.303041422992
2025-04-13 15:00:00+00:00,10097.303041422992
2025-04-13 16:00:00+00:00,10097.303041422992
2025-04-13 17:00:00+00:00,10097.303041422992
2025-04-13 18:00:00+00:00,10097.303041422992
2025-04-13 19:00:00+00:00,10097.303041422992
2025-04-13 20:00:00+00:00,10097.303041422992
2025-04-13 21:00:00+00:00,10097.303041422992
2025-04-13 22:00:00+00:00,10097.303041422992
2025-04-13 23:00:00+00:00,10097.303041422992
2025-04-14 00:00:00+00:00,10097.303041422992
2025-04-14 01:00:00+00:00,10097.303041422992
2025-04-14 02:00:00+00:00,10097.303041422992
2025-04-14 03:00:00+00:00,10097.303041422992
2025-04-14 04:00:00+00:00,10097.303041422992
2025-04-14 05:00:00+00:00,10097.303041422992
2025-04-14 06:00:00+00:00,10097.303041422992
2025-04-14 07:00:00+00:00,10097.303041422992
2025-04-14 08:00:00+00:00,10097.303041422992
2025-04-14 09:00:00+00:00,10097.303041422992
2025-04-14 10:00:00+00:00,10097.303041422992
2025-04-14 11:00:00+00:00,10097.303041422992
2025-04-14 12:00:00+00:00,10097.303041422992
2025-04-14 13:00:00+00:00,10097.303041422992
2025-04-14 14:00:00+00:00,10097.303041422992
2025-04-14 15:00:00+00:00,10097.303041422992
2025-04-14 16:00:00+00:00,10097.303041422992
2025-04-14 17:00:00+00:00,10097.303041422992
2025-04-14 18:00:00+00:00,10097.303041422992
2025-04-14 19:00:00+00:00,10097.303041422992
2025-04-14 20:00:00+00:00,10097.303041422992
2025-04-14 21:00:00+00:00,10097.303041422992
2025-04-14 22:00:00+00:00,10097.303041422992
2025-04-14 23:00:00+00:00,10097.303041422992
2025-04-15 00:00:00+00:00,10097.303041422992
2025-04-15 01:00:00+00:00,10097.303041422992
2025-04-15 02:00:00+00:00,10097.303041422992
2025-04-15 03:00:00+00:00,10097.303041422992
2025-04-15 04:00:00+00:00,10097.303041422992
2025-04-15 05:00:00+00:00,10097.303041422992
2025-04-15 06:00:00+00:00,10097.303041422992
2025-04-15 07:00:00+00:00,10097.303041422992
2025-04-15 08:00:00+00:00,10097.303041422992
2025-04-15 09:00:00+00:00,10097.303041422992
2025-04-15 10:00:00+00:00,10097.303041422992
2025-04-15 11:00:00+00:00,10097.303041422992
2025-04-15 12:00:00+00:00,10097.303041422992
2025-04-15 13:00:00+00:00,10097.303041422992
2025-04-15 14:00:00+00:00,10097.303041422992
2025-04-15 15:00:00+00:00,10097.303041422992
2025-04-15 16:00:00+00:00,10097.303041422992
2025-04-15 17:00:00+00:00,10097.303041422992
2025-04-15 18:00:00+00:00,10097.303041422992
2025-04-15 19:00:00+00:00,10097.303041422992
2025-04-15 20:00:00+00:00,10097.303041422992
2025-04-15 21:00:00+00:00,10097.303041422992
2025-04-15 22:00:00+00:00,10097.303041422992
2025-04-15 23:00:00+00:00,10097.303041422992
2025-04-16 00:00:00+00:00,10097.303041422992
2025-04-16 01:00:00+00:00,10097.303041422992
2025-04-16 02:00:00+00:00,10097.303041422992
2025-04-16 03:00:00+00:00,10097.303041422992
2025-04-16 04:00:00+00:00,10097.303041422992
2025-04-16 05:00:00+00:00,10097.303041422992
2025-04-16 06:00:00+00:00,10097.303041422992
2025-04-16 07:00:00+00:00,10097.303041422992
2025-04-16 08:00:00+00:00,10097.303041422992
2025-04-16 09:00:00+00:00,10097.303041422992
2025-04-16 10:00:00+00:00,10097.303041422992
2025-04-16 11:00:00+00:00,10097.303041422992
2025-04-16 12:00:00+00:00,10097.303041422992
2025-04-16 13:00:00+00:00,10097.303041422992
2025-04-16 14:00:00+00:00,10097.303041422992
2025-04-16 15:00:00+00:00,10097.303041422992
2025-04-16 16:00:00+00:00,10097.303041422992
2025-04-16 17:00:00+00:00,10097.303041422992
2025-04-16 18:00:00+00:00,10097.303041422992
2025-04-16 19:00:00+00:00,10097.303041422992
2025-04-16 20:00:00+00:00,10097.303041422992
2025-04-16 21:00:00+00:00,10097.303041422992
2025-04-16 22:00:00+00:00,10097.303041422992
2025-04-16 23:00:00+00:00,10097.303041422992
2025-04-17 00:00:00+00:00,10097.303041422992
2025-04-17 01:00:00+00:00,10097.303041422992
2025-04-17 02:00:00+00:00,10097.303041422992
2025-04-17 03:00:00+00:00,10097.303041422992
2025-04-17 04:00:00+00:00,10097.303041422992
2025-04-17 05:00:00+00:00,10097.303041422992
2025-04-17 06:00:00+00:00,10097.303041422992
2025-04-17 07:00:00+00:00,10097.303041422992
2025-04-17 08:00:00+00:00,10097.303041422992
2025-04-17 09:00:00+00:00,10097.303041422992
2025-04-17 10:00:00+00:00,10097.303041422992
2025-04-17 11:00:00+00:00,10097.303041422992
2025-04-17 12:00:00+00:00,10097.303041422992
2025-04-17 13:00:00+00:00,10097.303041422992
2025-04-17 14:00:00+00:00,10097.303041422992
2025-04-17 15:00:00+00:00,10097.303041422992
2025-04-17 16:00:00+00:00,10097.303041422992
2025-04-17 17:00:00+00:00,10097.303041422992
2025-04-17 18:00:00+00:00,10097.303041422992
2025-04-17 19:00:00+00:00,10097.303041422992
2025-04-17 20:00:00+00:00,10097.303041422992
2025-04-17 21:00:00+00:00,10097.303041422992
2025-04-17 22:00:00+00:00,10097.303041422992
2025-04-17 23:00:00+00:00,10097.303041422992
2025-04-18 00:00:00+00:00,10097.303041422992
2025-04-18 01:00:00+00:00,10097.303041422992
2025-04-18 02:00:00+00:00,10097.303041422992
2025-04-18 03:00:00+00:00,10097.303041422992
2025-04-18 04:00:00+00:00,10097.303041422992
2025-04-18 05:00:00+00:00,10097.303041422992
2025-04-18 06:00:00+00:00,10097.303041422992
2025-04-18 07:00:00+00:00,10097.303041422992
2025-04-18 08:00:00+00:00,10097.303041422992
2025-04-18 09:00:00+00:00,10097.303041422992
2025-04-18 10:00:00+00:00,10097.303041422992
2025-04-18 11:00:00+00:00,10097.303041422992
2025-04-18 12:00:00+00:00,10097.303041422992
2025-04-18 13:00:00+00:00,10097.303041422992
2025-04-18 14:00:00+00:00,10097.303041422992
2025-04-18 15:00:00+00:00,10097.303041422992
2025-04-18 16:00:00+00:00,10097.303041422992
2025-04-18 17:00:00+00:00,10097.303041422992
2025-04-18 18:00:00+00:00,10097.303041422992
2025-04-18 19:00:00+00:00,10097.303041422992
2025-04-18 20:00:00+00:00,10097.303041422992
2025-04-18 21:00:00+00:00,10097.303041422992
2025-04-18 22:00:00+00:00,10097.303041422992
2025-04-18 23:00:00+00:00,10097.303041422992
2025-04-19 00:00:00+00:00,10097.303041422992
2025-04-19 01:00:00+00:00,10097.303041422992
2025-04-19 02:00:00+00:00,10097.303041422992
2025-04-19 03:00:00+00:00,10097.303041422992
2025-04-19 04:00:00+00:00,10097.303041422992
2025-04-19 05:00:00+00:00,10097.303041422992
2025-04-19 06:00:00+00:00,10097.303041422992
2025-04-19 07:00:00+00:00,10097.303041422992
2025-04-19 08:00:00+00:00,10097.303041422992
2025-04-19 09:00:00+00:00,10097.303041422992
2025-04-19 10:00:00+00:00,10097.303041422992
2025-04-19 11:00:00+00:00,10097.303041422992
2025-04-19 12:00:00+00:00,10097.303041422992
2025-04-19 13:00:00+00:00,10097.303041422992
2025-04-19 14:00:00+00:00,10097.303041422992
2025-04-19 15:00:00+00:00,10097.303041422992
2025-04-19 16:00:00+00:00,10097.303041422992
2025-04-19 17:00:00+00:00,10097.303041422992
2025-04-19 18:00:00+00:00,10097.303041422992
2025-04-19 19:00:00+00:00,10097.303041422992
2025-04-19 20:00:00+00:00,10097.303041422992
2025-04-19 21:00:00+00:00,10097.303041422992
2025-04-19 22:00:00+00:00,10097.303041422992
2025-04-19 23:00:00+00:00,10097.303041422992
2025-04-20 00:00:00+00:00,10097.303041422992
2025-04-20 01:00:00+00:00,10097.303041422992
2025-04-20 02:00:00+00:00,10097.303041422992
2025-04-20 03:00:00+00:00,10097.303041422992
2025-04-20 04:00:00+00:00,10097.303041422992
2025-04-20 05:00:00+00:00,10097.303041422992
2025-04-20 06:00:00+00:00,10097.303041422992
2025-04-20 07:00:00+00:00,10097.303041422992
2025-04-20 08:00:00+00:00,10097.303041422992
2025-04-20 09:00:00+00:00,10097.303041422992
2025-04-20 10:00:00+00:00,10097.303041422992
2025-04-20 11:00:00+00:00,10097.303041422992
2025-04-20 12:00:00+00:00,10097.303041422992
2025-04-20 13:00:00+00:00,10097.303041422992
2025-04-20 14:00:00+00:00,10097.303041422992
2025-04-20 15:00:00+00:00,10097.303041422992
2025-04-20 16:00:00+00:00,10097.303041422992
2025-04-20 17:00:00+00:00,10097.303041422992
2025-04-20 18:00:00+00:00,10097.303041422992
2025-04-20 19:00:00+00:00,10097.303041422992
2025-04-20 20:00:00+00:00,10097.303041422992
2025-04-20 21:00:00+00:00,10097.303041422992
2025-04-20 22:00:00+00:00,10097.303041422992
2025-04-20 23:00:00+00:00,10097.303041422992
2025-04-21 00:00:00+00:00,10097.303041422992
2025-04-21 01:00:00+00:00,10097.303041422992
2025-04-21 02:00:00+00:00,10160.257114480693
2025-04-21 03:00:00+00:00,10168.364114480693
2025-04-21 04:00:00+00:00,10152.337114480693
2025-04-21 05:00:00+00:00,10168.419114480694
2025-04-21 06:00:00+00:00,10188.989114480693
2025-04-21 07:00:00+00:00,10185.700114480695
2025-04-21 08:00:00+00:00,10178.242114480694
2025-04-21 09:00:00+00:00,10190.362334628931
2025-04-21 10:00:00+00:00,10183.85033462893
2025-04-21 11:00:00+00:00,10165.67833462893
2025-04-21 12:00:00+00:00,10089.718262353475
2025-04-21 13:00:00+00:00,10089.718262353475
2025-04-21 14:00:00+00:00,10089.718262353475
2025-04-21 15:00:00+00:00,10089.718262353475
2025-04-21 16:00:00+00:00,10069.422942162491
2025-04-21 17:00:00+00:00,9995.901260558438
2025-04-21 18:00:00+00:00,9969.330438869538
2025-04-21 19:00:00+00:00,9969.330438869538
2025-04-21 20:00:00+00:00,9969.330438869538
2025-04-21 21:00:00+00:00,9969.330438869538
2025-04-21 22:00:00+00:00,9969.330438869538
2025-04-21 23:00:00+00:00,9969.330438869538
2025-04-22 00:00:00+00:00,9969.330438869538
2025-04-22 01:00:00+00:00,9969.330438869538
2025-04-22 02:00:00+00:00,9969.330438869538
2025-04-22 03:00:00+00:00,9969.330438869538
2025-04-22 04:00:00+00:00,9969.330438869538
2025-04-22 05:00:00+00:00,9969.330438869538
2025-04-22 06:00:00+00:00,9969.330438869538
2025-04-22 07:00:00+00:00,9969.330438869538
2025-04-22 08:00:00+00:00,9969.330438869538
2025-04-22 09:00:00+00:00,9969.330438869538
2025-04-22 10:00:00+00:00,9969.330438869538
2025-04-22 11:00:00+00:00,9969.330438869538
2025-04-22 12:00:00+00:00,9969.330438869538
2025-04-22 13:00:00+00:00,9969.330438869538
2025-04-22 14:00:00+00:00,10072.826938131298
2025-04-22 15:00:00+00:00,10120.302938131297
2025-04-22 16:00:00+00:00,10133.511738131298
2025-04-22 17:00:00+00:00,10112.95915003609
2025-04-22 18:00:00+00:00,10173.344750036089
2025-04-22 19:00:00+00:00,10184.221550036089
2025-04-22 20:00:00+00:00,10175.403950036089
2025-04-22 21:00:00+00:00,10147.59595003609
2025-04-22 22:00:00+00:00,10329.49333961022
2025-04-22 23:00:00+00:00,10308.98119718274
2025-04-23 00:00:00+00:00,10348.653197182739
2025-04-23 01:00:00+00:00,10316.598429346968
2025-04-23 02:00:00+00:00,10300.440429346969
2025-04-23 03:00:00+00:00,10314.360429346969
2025-04-23 04:00:00+00:00,10331.862429346967
2025-04-23 05:00:00+00:00,10360.644429346969
2025-04-23 06:00:00+00:00,10350.834429346969
2025-04-23 07:00:00+00:00,10358.688429346968
2025-04-23 08:00:00+00:00,10389.528429346969
2025-04-23 09:00:00+00:00,10397.032680608107
2025-04-23 10:00:00+00:00,10374.022680608106
2025-04-23 11:00:00+00:00,10364.818680608107
2025-04-23 12:00:00+00:00,10349.080680608107
2025-04-23 13:00:00+00:00,10364.050680608107
2025-04-23 14:00:00+00:00,10322.242680608108
2025-04-23 15:00:00+00:00,10301.039153942002
2025-04-23 16:00:00+00:00,10301.039153942002
2025-04-23 17:00:00+00:00,10301.039153942002
2025-04-23 18:00:00+00:00,10301.039153942002
2025-04-23 19:00:00+00:00,10301.039153942002
2025-04-23 20:00:00+00:00,10301.039153942002
2025-04-23 21:00:00+00:00,10301.039153942002
2025-04-23 22:00:00+00:00,10301.039153942002
2025-04-23 23:00:00+00:00,10301.039153942002
2025-04-24 00:00:00+00:00,10301.039153942002
2025-04-24 01:00:00+00:00,10301.039153942002
2025-04-24 02:00:00+00:00,10301.039153942002
2025-04-24 03:00:00+00:00,10301.039153942002
2025-04-24 04:00:00+00:00,10301.039153942002
2025-04-24 05:00:00+00:00,10301.039153942002
2025-04-24 06:00:00+00:00,10301.039153942002
2025-04-24 07:00:00+00:00,10301.039153942002
2025-04-24 08:00:00+00:00,10301.039153942002
2025-04-24 09:00:00+00:00,10301.039153942002
2025-04-24 10:00:00+00:00,10301.039153942002
2025-04-24 11:00:00+00:00,10301.039153942002
2025-04-24 12:00:00+00:00,10301.039153942002
2025-04-24 13:00:00+00:00,10301.039153942002
2025-04-24 14:00:00+00:00,10301.039153942002
2025-04-24 15:00:00+00:00,10301.039153942002
2025-04-24 16:00:00+00:00,10301.039153942002
2025-04-24 17:00:00+00:00,10301.039153942002
2025-04-24 18:00:00+00:00,10301.039153942002
2025-04-24 19:00:00+00:00,10301.039153942002
2025-04-24 20:00:00+00:00,10301.039153942002
2025-04-24 21:00:00+00:00,10301.039153942002
2025-04-24 22:00:00+00:00,10301.039153942002
2025-04-24 23:00:00+00:00,10301.039153942002
2025-04-25 00:00:00+00:00,10301.039153942002
2025-04-25 01:00:00+00:00,10301.039153942002
2025-04-25 02:00:00+00:00,10301.039153942002
2025-04-25 03:00:00+00:00,10301.039153942002
2025-04-25 04:00:00+00:00,10301.039153942002
2025-04-25 05:00:00+00:00,10301.039153942002
2025-04-25 06:00:00+00:00,10301.039153942002
2025-04-25 07:00:00+00:00,10301.039153942002
2025-04-25 08:00:00+00:00,10301.039153942002
2025-04-25 09:00:00+00:00,10301.039153942002
2025-04-25 10:00:00+00:00,10301.039153942002
2025-04-25 11:00:00+00:00,10301.039153942002
2025-04-25 12:00:00+00:00,10301.039153942002
2025-04-25 13:00:00+00:00,10301.039153942002
2025-04-25 14:00:00+00:00,10301.039153942002
2025-04-25 15:00:00+00:00,10301.039153942002
2025-04-25 16:00:00+00:00,10270.774672586562
2025-04-25 17:00:00+00:00,10282.384568951657
2025-04-25 18:00:00+00:00,10230.605768951657
2025-04-25 19:00:00+00:00,10263.779768951657
2025-04-25 20:00:00+00:00,10287.301768951656
2025-04-25 21:00:00+00:00,10255.427368951658
2025-04-25 22:00:00+00:00,10235.591368951656
2025-04-25 23:00:00+00:00,10253.892168951656
2025-04-26 00:00:00+00:00,10238.844168951657
2025-04-26 01:00:00+00:00,10258.432120296742
2025-04-26 02:00:00+00:00,10266.913720296743
2025-04-26 03:00:00+00:00,10264.664120296742
2025-04-26 04:00:00+00:00,10246.378520296743
2025-04-26 05:00:00+00:00,10231.292520296742
2025-04-26 06:00:00+00:00,10238.056520296743
2025-04-26 07:00:00+00:00,10238.672120296742
2025-04-26 08:00:00+00:00,10232.318520296742
2025-04-26 09:00:00+00:00,10213.253796416742
2025-04-26 10:00:00+00:00,10210.745796416742
2025-04-26 11:00:00+00:00,10205.433396416742
2025-04-26 12:00:00+00:00,10201.032996416741
2025-04-26 13:00:00+00:00,10208.055396416743
2025-04-26 14:00:00+00:00,10177.51355760072
2025-04-26 15:00:00+00:00,10177.51355760072
2025-04-26 16:00:00+00:00,10177.51355760072
2025-04-26 17:00:00+00:00,10177.51355760072
2025-04-26 18:00:00+00:00,10177.51355760072
2025-04-26 19:00:00+00:00,10177.51355760072
2025-04-26 20:00:00+00:00,10177.51355760072
2025-04-26 21:00:00+00:00,10177.51355760072
2025-04-26 22:00:00+00:00,10177.51355760072
2025-04-26 23:00:00+00:00,10177.51355760072
2025-04-27 00:00:00+00:00,10177.51355760072
2025-04-27 01:00:00+00:00,10177.51355760072
2025-04-27 02:00:00+00:00,10177.51355760072
2025-04-27 03:00:00+00:00,10177.51355760072
2025-04-27 04:00:00+00:00,10177.51355760072
2025-04-27 05:00:00+00:00,10177.51355760072
2025-04-27 06:00:00+00:00,10177.51355760072
2025-04-27 07:00:00+00:00,10177.51355760072
2025-04-27 08:00:00+00:00,10177.51355760072
2025-04-27 09:00:00+00:00,10177.51355760072
2025-04-27 10:00:00+00:00,10177.51355760072
2025-04-27 11:00:00+00:00,10177.51355760072
2025-04-27 12:00:00+00:00,10177.51355760072
2025-04-27 13:00:00+00:00,10177.51355760072
2025-04-27 14:00:00+00:00,10177.51355760072
2025-04-27 15:00:00+00:00,10177.51355760072
2025-04-27 16:00:00+00:00,10177.51355760072
2025-04-27 17:00:00+00:00,10177.51355760072
2025-04-27 18:00:00+00:00,10177.51355760072
2025-04-27 19:00:00+00:00,10177.51355760072
2025-04-27 20:00:00+00:00,10177.51355760072
2025-04-27 21:00:00+00:00,10177.51355760072
2025-04-27 22:00:00+00:00,10177.51355760072
2025-04-27 23:00:00+00:00,10177.51355760072
2025-04-28 00:00:00+00:00,10177.51355760072
2025-04-28 01:00:00+00:00,10177.51355760072
2025-04-28 02:00:00+00:00,10177.51355760072
2025-04-28 03:00:00+00:00,10177.51355760072
2025-04-28 04:00:00+00:00,10177.51355760072
2025-04-28 05:00:00+00:00,10177.51355760072
2025-04-28 06:00:00+00:00,10177.51355760072
2025-04-28 07:00:00+00:00,10177.51355760072
2025-04-28 08:00:00+00:00,10177.51355760072
2025-04-28 09:00:00+00:00,10177.51355760072
2025-04-28 10:00:00+00:00,10177.51355760072
2025-04-28 11:00:00+00:00,10177.51355760072
2025-04-28 12:00:00+00:00,10177.51355760072
2025-04-28 13:00:00+00:00,10177.51355760072
2025-04-28 14:00:00+00:00,10177.51355760072
2025-04-28 15:00:00+00:00,10177.51355760072
2025-04-28 16:00:00+00:00,10177.51355760072
2025-04-28 17:00:00+00:00,10177.51355760072
2025-04-28 18:00:00+00:00,10177.51355760072
2025-04-28 19:00:00+00:00,10177.51355760072
2025-04-28 20:00:00+00:00,10177.51355760072
2025-04-28 21:00:00+00:00,10177.51355760072
2025-04-28 22:00:00+00:00,10177.51355760072
2025-04-28 23:00:00+00:00,10177.51355760072
2025-04-29 00:00:00+00:00,10177.51355760072
2025-04-29 01:00:00+00:00,10177.51355760072
2025-04-29 02:00:00+00:00,10177.51355760072
2025-04-29 03:00:00+00:00,10177.51355760072
2025-04-29 04:00:00+00:00,10177.51355760072
2025-04-29 05:00:00+00:00,10177.51355760072
2025-04-29 06:00:00+00:00,10177.51355760072
2025-04-29 07:00:00+00:00,10177.51355760072
2025-04-29 08:00:00+00:00,10177.51355760072
2025-04-29 09:00:00+00:00,10177.51355760072
2025-04-29 10:00:00+00:00,10177.51355760072
2025-04-29 11:00:00+00:00,10177.51355760072
2025-04-29 12:00:00+00:00,10177.51355760072
2025-04-29 13:00:00+00:00,10177.51355760072
2025-04-29 14:00:00+00:00,10177.51355760072
2025-04-29 15:00:00+00:00,10177.51355760072
2025-04-29 16:00:00+00:00,10177.51355760072
2025-04-29 17:00:00+00:00,10177.51355760072
2025-04-29 18:00:00+00:00,10177.51355760072
2025-04-29 19:00:00+00:00,10177.51355760072
2025-04-29 20:00:00+00:00,10177.51355760072
2025-04-29 21:00:00+00:00,10177.51355760072
2025-04-29 22:00:00+00:00,10177.51355760072
2025-04-29 23:00:00+00:00,10177.51355760072
2025-04-30 00:00:00+00:00,10177.51355760072
2025-04-30 01:00:00+00:00,10177.51355760072
2025-04-30 02:00:00+00:00,10177.51355760072
2025-04-30 03:00:00+00:00,10177.51355760072
2025-04-30 04:00:00+00:00,10177.51355760072
2025-04-30 05:00:00+00:00,10177.51355760072
2025-04-30 06:00:00+00:00,10177.51355760072
2025-04-30 07:00:00+00:00,10177.51355760072
2025-04-30 08:00:00+00:00,10177.51355760072
2025-04-30 09:00:00+00:00,10177.51355760072
2025-04-30 10:00:00+00:00,10177.51355760072
2025-04-30 11:00:00+00:00,10177.51355760072
2025-04-30 12:00:00+00:00,10177.51355760072
2025-04-30 13:00:00+00:00,10177.51355760072
2025-04-30 14:00:00+00:00,10177.51355760072
2025-04-30 15:00:00+00:00,10177.51355760072
2025-04-30 16:00:00+00:00,10177.51355760072
2025-04-30 17:00:00+00:00,10177.51355760072
2025-04-30 18:00:00+00:00,10177.51355760072
2025-04-30 19:00:00+00:00,10177.51355760072
2025-04-30 20:00:00+00:00,10177.51355760072
2025-04-30 21:00:00+00:00,10177.51355760072
2025-04-30 22:00:00+00:00,10177.51355760072
2025-04-30 23:00:00+00:00,10177.51355760072
2025-05-01 00:00:00+00:00,10177.51355760072
2025-05-01 01:00:00+00:00,10177.51355760072
2025-05-01 02:00:00+00:00,10177.51355760072
2025-05-01 03:00:00+00:00,10177.51355760072
2025-05-01 04:00:00+00:00,10177.51355760072
2025-05-01 05:00:00+00:00,10177.51355760072
2025-05-01 06:00:00+00:00,10177.51355760072
2025-05-01 07:00:00+00:00,10177.51355760072
2025-05-01 08:00:00+00:00,10177.51355760072
2025-05-01 09:00:00+00:00,10177.51355760072
2025-05-01 10:00:00+00:00,10177.51355760072
2025-05-01 11:00:00+00:00,10177.51355760072
2025-05-01 12:00:00+00:00,10169.209803075133
2025-05-01 13:00:00+00:00,10187.182603075133
2025-05-01 14:00:00+00:00,10134.655403075132
2025-05-01 15:00:00+00:00,10230.300403075133
2025-05-01 16:00:00+00:00,10232.565803075133
2025-05-01 17:00:00+00:00,10248.111415100293
2025-05-01 18:00:00+00:00,10228.484215100294
2025-05-01 19:00:00+00:00,10234.453215100293
2025-05-01 20:00:00+00:00,10203.245215100293
2025-05-01 21:00:00+00:00,10192.275415100294
2025-05-01 22:00:00+00:00,10197.595815100292
2025-05-01 23:00:00+00:00,10189.389615100294
2025-05-02 00:00:00+00:00,10198.855415100294
2025-05-02 01:00:00+00:00,10249.809179709395
2025-05-02 02:00:00+00:00,10243.783779709394
2025-05-02 03:00:00+00:00,10242.260979709396
2025-05-02 04:00:00+00:00,10255.994379709395
2025-05-02 05:00:00+00:00,10240.897979709394
2025-05-02 06:00:00+00:00,10219.334379709395
2025-05-02 07:00:00+00:00,10220.753779709396
2025-05-02 08:00:00+00:00,10187.101779709395
2025-05-02 09:00:00+00:00,10212.35668709409
2025-05-02 10:00:00+00:00,10209.762287094089
2025-05-02 11:00:00+00:00,10237.58628709409
2025-05-02 12:00:00+00:00,10238.44168709409
2025-05-02 13:00:00+00:00,10263.342287094089
2025-05-02 14:00:00+00:00,10223.49568709409
2025-05-02 15:00:00+00:00,10314.86368709409
2025-05-02 16:00:00+00:00,10275.75028709409
2025-05-02 17:00:00+00:00,10278.930426040764
2025-05-02 18:00:00+00:00,10282.859626040765
2025-05-02 19:00:00+00:00,10262.273626040764
2025-05-02 20:00:00+00:00,10237.523426040763
2025-05-02 21:00:00+00:00,10247.327626040764
2025-05-02 22:00:00+00:00,10211.78110179324
2025-05-02 23:00:00+00:00,10211.78110179324
2025-05-03 00:00:00+00:00,10211.78110179324
2025-05-03 01:00:00+00:00,10211.78110179324
2025-05-03 02:00:00+00:00,10211.78110179324
2025-05-03 03:00:00+00:00,10211.78110179324
2025-05-03 04:00:00+00:00,10211.78110179324
2025-05-03 05:00:00+00:00,10211.78110179324
2025-05-03 06:00:00+00:00,10211.78110179324
2025-05-03 07:00:00+00:00,10211.78110179324
2025-05-03 08:00:00+00:00,10211.78110179324
2025-05-03 09:00:00+00:00,10211.78110179324
2025-05-03 10:00:00+00:00,10211.78110179324
2025-05-03 11:00:00+00:00,10211.78110179324
2025-05-03 12:00:00+00:00,10211.78110179324
2025-05-03 13:00:00+00:00,10211.78110179324
2025-05-03 14:00:00+00:00,10211.78110179324
2025-05-03 15:00:00+00:00,10211.78110179324
2025-05-03 16:00:00+00:00,10211.78110179324
2025-05-03 17:00:00+00:00,10211.78110179324
2025-05-03 18:00:00+00:00,10211.78110179324
2025-05-03 19:00:00+00:00,10211.78110179324
2025-05-03 20:00:00+00:00,10211.78110179324
2025-05-03 21:00:00+00:00,10211.78110179324
2025-05-03 22:00:00+00:00,10211.78110179324
2025-05-03 23:00:00+00:00,10211.78110179324
2025-05-04 00:00:00+00:00,10211.78110179324
2025-05-04 01:00:00+00:00,10211.78110179324
2025-05-04 02:00:00+00:00,10211.78110179324
2025-05-04 03:00:00+00:00,10211.78110179324
2025-05-04 04:00:00+00:00,10211.78110179324
2025-05-04 05:00:00+00:00,10211.78110179324
2025-05-04 06:00:00+00:00,10211.78110179324
2025-05-04 07:00:00+00:00,10211.78110179324
2025-05-04 08:00:00+00:00,10211.78110179324
2025-05-04 09:00:00+00:00,10211.78110179324
2025-05-04 10:00:00+00:00,10211.78110179324
2025-05-04 11:00:00+00:00,10211.78110179324
2025-05-04 12:00:00+00:00,10211.78110179324
2025-05-04 13:00:00+00:00,10211.78110179324
2025-05-04 14:00:00+00:00,10211.78110179324
2025-05-04 15:00:00+00:00,10211.78110179324
2025-05-04 16:00:00+00:00,10211.78110179324
2025-05-04 17:00:00+00:00,10211.78110179324
2025-05-04 18:00:00+00:00,10211.78110179324
2025-05-04 19:00:00+00:00,10211.78110179324
2025-05-04 20:00:00+00:00,10211.78110179324
2025-05-04 21:00:00+00:00,10211.78110179324
2025-05-04 22:00:00+00:00,10211.78110179324
2025-05-04 23:00:00+00:00,10211.78110179324
2025-05-05 00:00:00+00:00,10211.78110179324
2025-05-05 01:00:00+00:00,10211.78110179324
2025-05-05 02:00:00+00:00,10211.78110179324
2025-05-05 03:00:00+00:00,10211.78110179324
2025-05-05 04:00:00+00:00,10211.78110179324
2025-05-05 05:00:00+00:00,10211.78110179324
2025-05-05 06:00:00+00:00,10211.78110179324
2025-05-05 07:00:00+00:00,10211.78110179324
2025-05-05 08:00:00+00:00,10211.78110179324
2025-05-05 09:00:00+00:00,10211.78110179324
2025-05-05 10:00:00+00:00,10211.78110179324
2025-05-05 11:00:00+00:00,10211.78110179324
2025-05-05 12:00:00+00:00,10211.78110179324
2025-05-05 13:00:00+00:00,10211.78110179324
2025-05-05 14:00:00+00:00,10211.78110179324
2025-05-05 15:00:00+00:00,10211.78110179324
2025-05-05 16:00:00+00:00,10211.78110179324
2025-05-05 17:00:00+00:00,10211.78110179324
2025-05-05 18:00:00+00:00,10211.78110179324
2025-05-05 19:00:00+00:00,10211.78110179324
2025-05-05 20:00:00+00:00,10211.78110179324
2025-05-05 21:00:00+00:00,10211.78110179324
2025-05-05 22:00:00+00:00,10211.78110179324
2025-05-05 23:00:00+00:00,10211.78110179324
2025-05-06 00:00:00+00:00,10211.78110179324
2025-05-06 01:00:00+00:00,10211.78110179324
2025-05-06 02:00:00+00:00,10211.78110179324
2025-05-06 03:00:00+00:00,10211.78110179324
2025-05-06 04:00:00+00:00,10211.78110179324
2025-05-06 05:00:00+00:00,10211.78110179324
2025-05-06 06:00:00+00:00,10211.78110179324
2025-05-06 07:00:00+00:00,10211.78110179324
2025-05-06 08:00:00+00:00,10211.78110179324
2025-05-06 09:00:00+00:00,10211.78110179324
2025-05-06 10:00:00+00:00,10211.78110179324
2025-05-06 11:00:00+00:00,10211.78110179324
2025-05-06 12:00:00+00:00,10211.78110179324
2025-05-06 13:00:00+00:00,10211.78110179324
2025-05-06 14:00:00+00:00,10211.78110179324
2025-05-06 15:00:00+00:00,10211.78110179324
2025-05-06 16:00:00+00:00,10211.78110179324
2025-05-06 17:00:00+00:00,10211.78110179324
2025-05-06 18:00:00+00:00,10211.78110179324
2025-05-06 19:00:00+00:00,10211.78110179324
2025-05-06 20:00:00+00:00,10211.78110179324
2025-05-06 21:00:00+00:00,10211.78110179324
2025-05-06 22:00:00+00:00,10211.78110179324
2025-05-06 23:00:00+00:00,10211.78110179324
2025-05-07 00:00:00+00:00,10211.78110179324
2025-05-07 01:00:00+00:00,10211.78110179324
2025-05-07 02:00:00+00:00,10211.78110179324
2025-05-07 03:00:00+00:00,10211.78110179324
2025-05-07 04:00:00+00:00,10211.78110179324
2025-05-07 05:00:00+00:00,10211.78110179324
2025-05-07 06:00:00+00:00,10211.78110179324
2025-05-07 07:00:00+00:00,10211.78110179324
2025-05-07 08:00:00+00:00,10211.78110179324
2025-05-07 09:00:00+00:00,10211.78110179324
2025-05-07 10:00:00+00:00,10211.78110179324
2025-05-07 11:00:00+00:00,10211.78110179324
2025-05-07 12:00:00+00:00,10211.78110179324
2025-05-07 13:00:00+00:00,10211.78110179324
2025-05-07 14:00:00+00:00,10211.78110179324
2025-05-07 15:00:00+00:00,10211.78110179324
2025-05-07 16:00:00+00:00,10211.78110179324
2025-05-07 17:00:00+00:00,10211.78110179324
2025-05-07 18:00:00+00:00,10211.78110179324
2025-05-07 19:00:00+00:00,10211.78110179324
2025-05-07 20:00:00+00:00,10211.78110179324
2025-05-07 21:00:00+00:00,10211.78110179324
2025-05-07 22:00:00+00:00,10211.78110179324
2025-05-07 23:00:00+00:00,10211.78110179324
2025-05-08 00:00:00+00:00,10211.78110179324
2025-05-08 01:00:00+00:00,10211.78110179324
2025-05-08 02:00:00+00:00,10211.78110179324
2025-05-08 03:00:00+00:00,10211.78110179324
2025-05-08 04:00:00+00:00,10241.718691028042
2025-05-08 05:00:00+00:00,10226.875291028042
2025-05-08 06:00:00+00:00,10210.85409102804
2025-05-08 07:00:00+00:00,10233.528691028041
2025-05-08 08:00:00+00:00,10250.24409102804
2025-05-08 09:00:00+00:00,10280.974438988042
2025-05-08 10:00:00+00:00,10291.153438988042
2025-05-08 11:00:00+00:00,10290.83363898804
2025-05-08 12:00:00+00:00,10261.731838988042
2025-05-08 13:00:00+00:00,10252.96463898804
2025-05-08 14:00:00+00:00,10252.76183898804
2025-05-08 15:00:00+00:00,10258.67423898804
2025-05-08 16:00:00+00:00,10367.88203898804
2025-05-08 17:00:00+00:00,10406.794860518288
2025-05-08 18:00:00+00:00,10387.14666051829
2025-05-08 19:00:00+00:00,10413.440460518288
2025-05-08 20:00:00+00:00,10408.916460518289
2025-05-08 21:00:00+00:00,10511.408460518289
2025-05-08 22:00:00+00:00,10582.434107170058
2025-05-08 23:00:00+00:00,10582.434107170058
2025-05-09 00:00:00+00:00,10582.434107170058
2025-05-09 01:00:00+00:00,10582.434107170058
2025-05-09 02:00:00+00:00,10582.434107170058
2025-05-09 03:00:00+00:00,10582.434107170058
2025-05-09 04:00:00+00:00,10582.434107170058
2025-05-09 05:00:00+00:00,10582.434107170058
2025-05-09 06:00:00+00:00,10582.434107170058
2025-05-09 07:00:00+00:00,10582.434107170058
2025-05-09 08:00:00+00:00,10582.434107170058
2025-05-09 09:00:00+00:00,10582.434107170058
2025-05-09 10:00:00+00:00,10582.434107170058
2025-05-09 11:00:00+00:00,10582.434107170058
2025-05-09 12:00:00+00:00,10582.434107170058
2025-05-09 13:00:00+00:00,10582.434107170058
2025-05-09 14:00:00+00:00,10582.434107170058
2025-05-09 15:00:00+00:00,10582.434107170058
2025-05-09 16:00:00+00:00,10582.434107170058
2025-05-09 17:00:00+00:00,10582.434107170058
2025-05-09 18:00:00+00:00,10582.434107170058
2025-05-09 19:00:00+00:00,10582.434107170058
2025-05-09 20:00:00+00:00,10582.434107170058
2025-05-09 21:00:00+00:00,10582.434107170058
2025-05-09 22:00:00+00:00,10582.434107170058
2025-05-09 23:00:00+00:00,10582.434107170058
2025-05-10 00:00:00+00:00,10582.434107170058
2025-05-10 01:00:00+00:00,10582.434107170058
2025-05-10 02:00:00+00:00,10582.434107170058
2025-05-10 03:00:00+00:00,10582.434107170058
2025-05-10 04:00:00+00:00,10582.434107170058
2025-05-10 05:00:00+00:00,10582.434107170058
2025-05-10 06:00:00+00:00,10582.434107170058
2025-05-10 07:00:00+00:00,10582.434107170058
2025-05-10 08:00:00+00:00,10582.434107170058
2025-05-10 09:00:00+00:00,10582.434107170058
2025-05-10 10:00:00+00:00,10582.434107170058
2025-05-10 11:00:00+00:00,10582.434107170058
2025-05-10 12:00:00+00:00,10582.434107170058
2025-05-10 13:00:00+00:00,10582.434107170058
2025-05-10 14:00:00+00:00,10582.434107170058
2025-05-10 15:00:00+00:00,10582.434107170058
2025-05-10 16:00:00+00:00,10582.434107170058
2025-05-10 17:00:00+00:00,10582.434107170058
2025-05-10 18:00:00+00:00,10582.434107170058
2025-05-10 19:00:00+00:00,10582.434107170058
2025-05-10 20:00:00+00:00,10582.434107170058
2025-05-10 21:00:00+00:00,10582.434107170058
2025-05-10 22:00:00+00:00,10582.434107170058
2025-05-10 23:00:00+00:00,10582.434107170058
2025-05-11 00:00:00+00:00,10582.434107170058
2025-05-11 01:00:00+00:00,10535.2506462938
2025-05-11 02:00:00+00:00,10506.4901462938
2025-05-11 03:00:00+00:00,10468.786246293801
2025-05-11 04:00:00+00:00,10491.8722462938
2025-05-11 05:00:00+00:00,10507.566846293801
2025-05-11 06:00:00+00:00,10477.6326462938
2025-05-11 07:00:00+00:00,10478.3795462938
2025-05-11 08:00:00+00:00,10421.462667492626
2025-05-11 09:00:00+00:00,10421.462667492626
2025-05-11 10:00:00+00:00,10421.462667492626
2025-05-11 11:00:00+00:00,10421.462667492626
2025-05-11 12:00:00+00:00,10421.462667492626
2025-05-11 13:00:00+00:00,10421.462667492626
2025-05-11 14:00:00+00:00,10421.462667492626
2025-05-11 15:00:00+00:00,10421.462667492626
2025-05-11 16:00:00+00:00,10421.462667492626
2025-05-11 17:00:00+00:00,10421.462667492626
2025-05-11 18:00:00+00:00,10421.462667492626
2025-05-11 19:00:00+00:00,10421.462667492626
2025-05-11 20:00:00+00:00,10421.462667492626
2025-05-11 21:00:00+00:00,10421.462667492626
2025-05-11 22:00:00+00:00,10421.462667492626
2025-05-11 23:00:00+00:00,10421.462667492626
2025-05-12 00:00:00+00:00,10421.462667492626
2025-05-12 01:00:00+00:00,10421.462667492626
2025-05-12 02:00:00+00:00,10421.462667492626
2025-05-12 03:00:00+00:00,10421.462667492626
2025-05-12 04:00:00+00:00,10421.462667492626
2025-05-12 05:00:00+00:00,10421.462667492626
2025-05-12 06:00:00+00:00,10421.462667492626
2025-05-12 07:00:00+00:00,10421.462667492626
2025-05-12 08:00:00+00:00,10421.462667492626
2025-05-12 09:00:00+00:00,10421.462667492626
2025-05-12 10:00:00+00:00,10421.462667492626
2025-05-12 11:00:00+00:00,10421.462667492626
2025-05-12 12:00:00+00:00,10421.462667492626
2025-05-12 13:00:00+00:00,10421.462667492626
2025-05-12 14:00:00+00:00,10421.462667492626
2025-05-12 15:00:00+00:00,10421.462667492626
2025-05-12 16:00:00+00:00,10421.462667492626
2025-05-12 17:00:00+00:00,10421.462667492626
2025-05-12 18:00:00+00:00,10421.462667492626
2025-05-12 19:00:00+00:00,10421.462667492626
2025-05-12 20:00:00+00:00,10421.462667492626
2025-05-12 21:00:00+00:00,10421.462667492626
2025-05-12 22:00:00+00:00,10421.462667492626
2025-05-12 23:00:00+00:00,10421.462667492626
2025-05-13 00:00:00+00:00,10421.462667492626
2025-05-13 01:00:00+00:00,10421.462667492626
2025-05-13 02:00:00+00:00,10421.462667492626
2025-05-13 03:00:00+00:00,10421.462667492626
2025-05-13 04:00:00+00:00,10421.462667492626
2025-05-13 05:00:00+00:00,10421.462667492626
2025-05-13 06:00:00+00:00,10421.462667492626
2025-05-13 07:00:00+00:00,10421.462667492626
2025-05-13 08:00:00+00:00,10421.462667492626
2025-05-13 09:00:00+00:00,10421.462667492626
2025-05-13 10:00:00+00:00,10421.462667492626
2025-05-13 11:00:00+00:00,10421.462667492626
2025-05-13 12:00:00+00:00,10421.462667492626
2025-05-13 13:00:00+00:00,10421.462667492626
2025-05-13 14:00:00+00:00,10421.462667492626
2025-05-13 15:00:00+00:00,10421.462667492626
2025-05-13 16:00:00+00:00,10421.462667492626
2025-05-13 17:00:00+00:00,10421.462667492626
2025-05-13 18:00:00+00:00,10421.462667492626
2025-05-13 19:00:00+00:00,10421.462667492626
2025-05-13 20:00:00+00:00,10421.462667492626
2025-05-13 21:00:00+00:00,10421.462667492626
2025-05-13 22:00:00+00:00,10421.462667492626
2025-05-13 23:00:00+00:00,10421.462667492626
2025-05-14 00:00:00+00:00,10421.462667492626
2025-05-14 01:00:00+00:00,10421.462667492626
2025-05-14 02:00:00+00:00,10421.462667492626
2025-05-14 03:00:00+00:00,10421.462667492626
2025-05-14 04:00:00+00:00,10421.462667492626
2025-05-14 05:00:00+00:00,10421.462667492626
2025-05-14 06:00:00+00:00,10421.462667492626
2025-05-14 07:00:00+00:00,10421.462667492626
2025-05-14 08:00:00+00:00,10421.462667492626
2025-05-14 09:00:00+00:00,10421.462667492626
2025-05-14 10:00:00+00:00,10421.462667492626
2025-05-14 11:00:00+00:00,10421.462667492626
2025-05-14 12:00:00+00:00,10421.462667492626
2025-05-14 13:00:00+00:00,10421.462667492626
2025-05-14 14:00:00+00:00,10421.462667492626
2025-05-14 15:00:00+00:00,10421.462667492626
2025-05-14 16:00:00+00:00,10421.462667492626
2025-05-14 17:00:00+00:00,10421.462667492626
2025-05-14 18:00:00+00:00,10421.462667492626
2025-05-14 19:00:00+00:00,10421.462667492626
2025-05-14 20:00:00+00:00,10421.462667492626
2025-05-14 21:00:00+00:00,10421.462667492626
2025-05-14 22:00:00+00:00,10421.462667492626
2025-05-14 23:00:00+00:00,10421.462667492626
2025-05-15 00:00:00+00:00,10421.462667492626
2025-05-15 01:00:00+00:00,10421.462667492626
2025-05-15 02:00:00+00:00,10421.462667492626
2025-05-15 03:00:00+00:00,10421.462667492626
2025-05-15 04:00:00+00:00,10421.462667492626
2025-05-15 05:00:00+00:00,10421.462667492626
2025-05-15 06:00:00+00:00,10421.462667492626
2025-05-15 07:00:00+00:00,10421.462667492626
2025-05-15 08:00:00+00:00,10421.462667492626
2025-05-15 09:00:00+00:00,10421.462667492626
2025-05-15 10:00:00+00:00,10421.462667492626
2025-05-15 11:00:00+00:00,10421.462667492626
2025-05-15 12:00:00+00:00,10421.462667492626
2025-05-15 13:00:00+00:00,10421.462667492626
2025-05-15 14:00:00+00:00,10421.462667492626
2025-05-15 15:00:00+00:00,10421.462667492626
2025-05-15 16:00:00+00:00,10421.462667492626
2025-05-15 17:00:00+00:00,10421.462667492626
2025-05-15 18:00:00+00:00,10421.462667492626
2025-05-15 19:00:00+00:00,10421.462667492626
2025-05-15 20:00:00+00:00,10421.462667492626
2025-05-15 21:00:00+00:00,10421.462667492626
2025-05-15 22:00:00+00:00,10421.462667492626
2025-05-15 23:00:00+00:00,10421.462667492626
2025-05-16 00:00:00+00:00,10421.462667492626
2025-05-16 01:00:00+00:00,10421.462667492626
2025-05-16 02:00:00+00:00,10421.462667492626
2025-05-16 03:00:00+00:00,10421.462667492626
2025-05-16 04:00:00+00:00,10421.462667492626
2025-05-16 05:00:00+00:00,10421.462667492626
2025-05-16 06:00:00+00:00,10421.462667492626
2025-05-16 07:00:00+00:00,10421.462667492626
2025-05-16 08:00:00+00:00,10421.462667492626
2025-05-16 09:00:00+00:00,10421.462667492626
2025-05-16 10:00:00+00:00,10421.462667492626
2025-05-16 11:00:00+00:00,10421.462667492626
2025-05-16 12:00:00+00:00,10421.462667492626
2025-05-16 13:00:00+00:00,10421.462667492626
2025-05-16 14:00:00+00:00,10421.462667492626
2025-05-16 15:00:00+00:00,10421.462667492626
2025-05-16 16:00:00+00:00,10421.462667492626
2025-05-16 17:00:00+00:00,10421.462667492626
2025-05-16 18:00:00+00:00,10421.462667492626
2025-05-16 19:00:00+00:00,10421.462667492626
2025-05-16 20:00:00+00:00,10421.462667492626
2025-05-16 21:00:00+00:00,10421.462667492626
2025-05-16 22:00:00+00:00,10421.462667492626
2025-05-16 23:00:00+00:00,10421.462667492626
2025-05-17 00:00:00+00:00,10421.462667492626
2025-05-17 01:00:00+00:00,10421.462667492626
2025-05-17 02:00:00+00:00,10421.462667492626
2025-05-17 03:00:00+00:00,10421.462667492626
2025-05-17 04:00:00+00:00,10421.462667492626
2025-05-17 05:00:00+00:00,10421.462667492626
2025-05-17 06:00:00+00:00,10421.462667492626
2025-05-17 07:00:00+00:00,10421.462667492626
2025-05-17 08:00:00+00:00,10421.462667492626
2025-05-17 09:00:00+00:00,10421.462667492626
2025-05-17 10:00:00+00:00,10421.462667492626
2025-05-17 11:00:00+00:00,10421.462667492626
2025-05-17 12:00:00+00:00,10421.462667492626
2025-05-17 13:00:00+00:00,10421.462667492626
2025-05-17 14:00:00+00:00,10421.462667492626
2025-05-17 15:00:00+00:00,10421.462667492626
2025-05-17 16:00:00+00:00,10421.462667492626
2025-05-17 17:00:00+00:00,10421.462667492626
2025-05-17 18:00:00+00:00,10421.462667492626
2025-05-17 19:00:00+00:00,10421.462667492626
2025-05-17 20:00:00+00:00,10421.462667492626
2025-05-17 21:00:00+00:00,10421.462667492626
2025-05-17 22:00:00+00:00,10421.462667492626
2025-05-17 23:00:00+00:00,10421.462667492626
2025-05-18 00:00:00+00:00,10421.462667492626
2025-05-18 01:00:00+00:00,10421.462667492626
2025-05-18 02:00:00+00:00,10421.462667492626
2025-05-18 03:00:00+00:00,10421.462667492626
2025-05-18 04:00:00+00:00,10421.462667492626
2025-05-18 05:00:00+00:00,10421.462667492626
2025-05-18 06:00:00+00:00,10421.462667492626
2025-05-18 07:00:00+00:00,10421.462667492626
2025-05-18 08:00:00+00:00,10421.462667492626
2025-05-18 09:00:00+00:00,10421.462667492626
2025-05-18 10:00:00+00:00,10421.462667492626
2025-05-18 11:00:00+00:00,10421.462667492626
2025-05-18 12:00:00+00:00,10421.462667492626
2025-05-18 13:00:00+00:00,10421.462667492626
2025-05-18 14:00:00+00:00,10421.462667492626
2025-05-18 15:00:00+00:00,10421.462667492626
2025-05-18 16:00:00+00:00,10421.462667492626
2025-05-18 17:00:00+00:00,10421.462667492626
2025-05-18 18:00:00+00:00,10421.462667492626
2025-05-18 19:00:00+00:00,10421.462667492626
2025-05-18 20:00:00+00:00,10421.462667492626
2025-05-18 21:00:00+00:00,10421.462667492626
2025-05-18 22:00:00+00:00,10421.462667492626
2025-05-18 23:00:00+00:00,10421.462667492626
2025-05-19 00:00:00+00:00,10421.462667492626
2025-05-19 01:00:00+00:00,10334.341853386526
2025-05-19 02:00:00+00:00,10320.265153386526
2025-05-19 03:00:00+00:00,10292.842053386526
2025-05-19 04:00:00+00:00,10218.157727980903
2025-05-19 05:00:00+00:00,10218.157727980903
2025-05-19 06:00:00+00:00,10218.157727980903
2025-05-19 07:00:00+00:00,10218.157727980903
2025-05-19 08:00:00+00:00,10218.157727980903
2025-05-19 09:00:00+00:00,10218.157727980903
2025-05-19 10:00:00+00:00,10218.157727980903
2025-05-19 11:00:00+00:00,10218.157727980903
2025-05-19 12:00:00+00:00,10218.157727980903
2025-05-19 13:00:00+00:00,10218.157727980903
2025-05-19 14:00:00+00:00,10218.157727980903
2025-05-19 15:00:00+00:00,10218.157727980903
2025-05-19 16:00:00+00:00,10218.157727980903
2025-05-19 17:00:00+00:00,10218.157727980903
2025-05-19 18:00:00+00:00,10218.157727980903
2025-05-19 19:00:00+00:00,10218.157727980903
2025-05-19 20:00:00+00:00,10218.157727980903
2025-05-19 21:00:00+00:00,10218.157727980903
2025-05-19 22:00:00+00:00,10218.157727980903
2025-05-19 23:00:00+00:00,10218.157727980903
2025-05-20 00:00:00+00:00,10218.157727980903
2025-05-20 01:00:00+00:00,10218.157727980903
2025-05-20 02:00:00+00:00,10218.157727980903
2025-05-20 03:00:00+00:00,10218.157727980903
2025-05-20 04:00:00+00:00,10218.157727980903
2025-05-20 05:00:00+00:00,10218.157727980903
2025-05-20 06:00:00+00:00,10218.157727980903
2025-05-20 07:00:00+00:00,10218.157727980903
2025-05-20 08:00:00+00:00,10218.157727980903
2025-05-20 09:00:00+00:00,10218.157727980903
2025-05-20 10:00:00+00:00,10218.157727980903
2025-05-20 11:00:00+00:00,10218.157727980903
2025-05-20 12:00:00+00:00,10218.157727980903
2025-05-20 13:00:00+00:00,10218.157727980903
2025-05-20 14:00:00+00:00,10218.157727980903
2025-05-20 15:00:00+00:00,10218.157727980903
2025-05-20 16:00:00+00:00,10218.157727980903
2025-05-20 17:00:00+00:00,10218.157727980903
2025-05-20 18:00:00+00:00,10218.157727980903
2025-05-20 19:00:00+00:00,10218.157727980903
2025-05-20 20:00:00+00:00,10218.157727980903
2025-05-20 21:00:00+00:00,10218.157727980903
2025-05-20 22:00:00+00:00,10218.157727980903
2025-05-20 23:00:00+00:00,10218.157727980903
2025-05-21 00:00:00+00:00,10218.157727980903
2025-05-21 01:00:00+00:00,10218.157727980903
2025-05-21 02:00:00+00:00,10218.157727980903
2025-05-21 03:00:00+00:00,10218.157727980903
2025-05-21 04:00:00+00:00,10218.157727980903
2025-05-21 05:00:00+00:00,10218.157727980903
2025-05-21 06:00:00+00:00,10218.157727980903
2025-05-21 07:00:00+00:00,10218.157727980903
2025-05-21 08:00:00+00:00,10135.018302356188
2025-05-21 09:00:00+00:00,10126.403612536187
2025-05-21 10:00:00+00:00,10115.063812536187
2025-05-21 11:00:00+00:00,10124.060012536187
2025-05-21 12:00:00+00:00,10136.044612536187
2025-05-21 13:00:00+00:00,10137.421012536188
2025-05-21 14:00:00+00:00,10179.853812536187
2025-05-21 15:00:00+00:00,10289.451212536187
2025-05-21 16:00:00+00:00,10287.120012536187
2025-05-21 17:00:00+00:00,10296.39448328402
2025-05-21 18:00:00+00:00,10180.400728298391
2025-05-21 19:00:00+00:00,10180.400728298391
2025-05-21 20:00:00+00:00,10180.400728298391
2025-05-21 21:00:00+00:00,10180.400728298391
2025-05-21 22:00:00+00:00,10180.400728298391
2025-05-21 23:00:00+00:00,10180.400728298391
2025-05-22 00:00:00+00:00,10180.400728298391
2025-05-22 01:00:00+00:00,10180.400728298391
2025-05-22 02:00:00+00:00,10180.400728298391
2025-05-22 03:00:00+00:00,10180.400728298391
2025-05-22 04:00:00+00:00,10180.400728298391
2025-05-22 05:00:00+00:00,10164.109454832651
2025-05-22 06:00:00+00:00,10139.11105483265
2025-05-22 07:00:00+00:00,10127.89705483265
2025-05-22 08:00:00+00:00,10145.860454832651
2025-05-22 09:00:00+00:00,10118.69057209265
2025-05-22 10:00:00+00:00,10135.284772092651
2025-05-22 11:00:00+00:00,10135.15877209265
2025-05-22 12:00:00+00:00,10142.94977209265
2025-05-22 13:00:00+00:00,10168.08257209265
2025-05-22 14:00:00+00:00,10139.14457209265
2025-05-22 15:00:00+00:00,10138.68677209265
2025-05-22 16:00:00+00:00,10155.25577209265
2025-05-22 17:00:00+00:00,10153.104301512649
2025-05-22 18:00:00+00:00,10163.51190151265
2025-05-22 19:00:00+00:00,10172.65950151265
2025-05-22 20:00:00+00:00,10149.88710151265
2025-05-22 21:00:00+00:00,10144.54050151265
2025-05-22 22:00:00+00:00,10135.35930151265
2025-05-22 23:00:00+00:00,10142.55810151265
2025-05-23 00:00:00+00:00,10171.22730151265
2025-05-23 01:00:00+00:00,10167.435039748487
2025-05-23 02:00:00+00:00,10156.397439748485
2025-05-23 03:00:00+00:00,10153.520439748487
2025-05-23 04:00:00+00:00,10146.132639748486
2025-05-23 05:00:00+00:00,10135.796439748487
2025-05-23 06:00:00+00:00,10136.304639748487
2025-05-23 07:00:00+00:00,10121.944839748487
2025-05-23 08:00:00+00:00,10131.386439748487
2025-05-23 09:00:00+00:00,10138.359687568485
2025-05-23 10:00:00+00:00,10154.836287568485
2025-05-23 11:00:00+00:00,10143.895287568486
2025-05-23 12:00:00+00:00,10100.288104431274
2025-05-23 13:00:00+00:00,10100.288104431274
2025-05-23 14:00:00+00:00,10100.288104431274
2025-05-23 15:00:00+00:00,10100.288104431274
2025-05-23 16:00:00+00:00,10100.288104431274
2025-05-23 17:00:00+00:00,10100.288104431274
2025-05-23 18:00:00+00:00,10100.288104431274
2025-05-23 19:00:00+00:00,10100.288104431274
2025-05-23 20:00:00+00:00,10100.288104431274
2025-05-23 21:00:00+00:00,10100.288104431274
2025-05-23 22:00:00+00:00,10100.288104431274
2025-05-23 23:00:00+00:00,10100.288104431274
2025-05-24 00:00:00+00:00,10100.288104431274
2025-05-24 01:00:00+00:00,10100.288104431274
2025-05-24 02:00:00+00:00,10100.288104431274
2025-05-24 03:00:00+00:00,10100.288104431274
2025-05-24 04:00:00+00:00,10100.288104431274
2025-05-24 05:00:00+00:00,10100.288104431274
2025-05-24 06:00:00+00:00,10100.288104431274
2025-05-24 07:00:00+00:00,10100.288104431274
2025-05-24 08:00:00+00:00,10100.288104431274
2025-05-24 09:00:00+00:00,10100.288104431274
2025-05-24 10:00:00+00:00,10100.288104431274
2025-05-24 11:00:00+00:00,10100.288104431274
2025-05-24 12:00:00+00:00,10100.288104431274
2025-05-24 13:00:00+00:00,10100.288104431274
2025-05-24 14:00:00+00:00,10100.288104431274
2025-05-24 15:00:00+00:00,10100.288104431274
2025-05-24 16:00:00+00:00,10100.288104431274
2025-05-24 17:00:00+00:00,10100.288104431274
2025-05-24 18:00:00+00:00,10100.288104431274
2025-05-24 19:00:00+00:00,10100.288104431274
2025-05-24 20:00:00+00:00,10100.288104431274
2025-05-24 21:00:00+00:00,10100.288104431274
2025-05-24 22:00:00+00:00,10100.288104431274
2025-05-24 23:00:00+00:00,10100.288104431274
2025-05-25 00:00:00+00:00,10100.288104431274
2025-05-25 01:00:00+00:00,10100.288104431274
2025-05-25 02:00:00+00:00,10100.288104431274
2025-05-25 03:00:00+00:00,10100.288104431274
2025-05-25 04:00:00+00:00,10100.288104431274
2025-05-25 05:00:00+00:00,10100.288104431274
2025-05-25 06:00:00+00:00,10100.288104431274
2025-05-25 07:00:00+00:00,10100.288104431274
2025-05-25 08:00:00+00:00,10100.288104431274
2025-05-25 09:00:00+00:00,10100.288104431274
2025-05-25 10:00:00+00:00,10100.288104431274
2025-05-25 11:00:00+00:00,10100.288104431274
2025-05-25 12:00:00+00:00,10100.288104431274
2025-05-25 13:00:00+00:00,10100.288104431274
2025-05-25 14:00:00+00:00,10100.288104431274
2025-05-25 15:00:00+00:00,10100.288104431274
2025-05-25 16:00:00+00:00,10100.288104431274
2025-05-25 17:00:00+00:00,10100.288104431274
2025-05-25 18:00:00+00:00,10100.288104431274
2025-05-25 19:00:00+00:00,10100.288104431274
2025-05-25 20:00:00+00:00,10100.288104431274
2025-05-25 21:00:00+00:00,10100.288104431274
2025-05-25 22:00:00+00:00,10100.288104431274
2025-05-25 23:00:00+00:00,10100.288104431274
2025-05-26 00:00:00+00:00,10100.288104431274
2025-05-26 01:00:00+00:00,10100.288104431274
2025-05-26 02:00:00+00:00,10100.288104431274
2025-05-26 03:00:00+00:00,10100.288104431274
2025-05-26 04:00:00+00:00,10100.288104431274
2025-05-26 05:00:00+00:00,10100.288104431274
2025-05-26 06:00:00+00:00,10100.288104431274
2025-05-26 07:00:00+00:00,10100.288104431274
2025-05-26 08:00:00+00:00,10100.288104431274
2025-05-26 09:00:00+00:00,10100.288104431274
2025-05-26 10:00:00+00:00,10100.288104431274
2025-05-26 11:00:00+00:00,10100.288104431274
2025-05-26 12:00:00+00:00,10100.288104431274
2025-05-26 13:00:00+00:00,10100.288104431274
2025-05-26 14:00:00+00:00,10100.288104431274
2025-05-26 15:00:00+00:00,10100.288104431274
2025-05-26 16:00:00+00:00,10100.288104431274
2025-05-26 17:00:00+00:00,10100.288104431274
2025-05-26 18:00:00+00:00,10100.288104431274
2025-05-26 19:00:00+00:00,10100.288104431274
2025-05-26 20:00:00+00:00,10100.288104431274
2025-05-26 21:00:00+00:00,10100.288104431274
2025-05-26 22:00:00+00:00,10100.288104431274
2025-05-26 23:00:00+00:00,10100.288104431274
2025-05-27 00:00:00+00:00,10100.288104431274
2025-05-27 01:00:00+00:00,10100.288104431274
2025-05-27 02:00:00+00:00,10100.288104431274
2025-05-27 03:00:00+00:00,10100.288104431274
2025-05-27 04:00:00+00:00,10100.288104431274
2025-05-27 05:00:00+00:00,10100.288104431274
2025-05-27 06:00:00+00:00,10100.288104431274
2025-05-27 07:00:00+00:00,10100.288104431274
2025-05-27 08:00:00+00:00,10100.288104431274
2025-05-27 09:00:00+00:00,10100.288104431274
2025-05-27 10:00:00+00:00,10100.288104431274
2025-05-27 11:00:00+00:00,10100.288104431274
2025-05-27 12:00:00+00:00,10100.288104431274
2025-05-27 13:00:00+00:00,10100.288104431274
2025-05-27 14:00:00+00:00,10100.288104431274
2025-05-27 15:00:00+00:00,10100.288104431274
2025-05-27 16:00:00+00:00,10100.288104431274
2025-05-27 17:00:00+00:00,10100.288104431274
2025-05-27 18:00:00+00:00,10100.288104431274
2025-05-27 19:00:00+00:00,10100.288104431274
2025-05-27 20:00:00+00:00,10100.288104431274
2025-05-27 21:00:00+00:00,10100.288104431274
2025-05-27 22:00:00+00:00,10100.288104431274
2025-05-27 23:00:00+00:00,10100.288104431274
2025-05-28 00:00:00+00:00,10100.288104431274
2025-05-28 01:00:00+00:00,10100.288104431274
2025-05-28 02:00:00+00:00,10100.288104431274
2025-05-28 03:00:00+00:00,10100.288104431274
2025-05-28 04:00:00+00:00,10100.288104431274
2025-05-28 05:00:00+00:00,10100.288104431274
2025-05-28 06:00:00+00:00,10100.288104431274
2025-05-28 07:00:00+00:00,10100.288104431274
2025-05-28 08:00:00+00:00,10100.288104431274
2025-05-28 09:00:00+00:00,10100.288104431274
2025-05-28 10:00:00+00:00,10100.288104431274
2025-05-28 11:00:00+00:00,10100.288104431274
2025-05-28 12:00:00+00:00,10100.288104431274
2025-05-28 13:00:00+00:00,10100.288104431274
2025-05-28 14:00:00+00:00,10100.288104431274
2025-05-28 15:00:00+00:00,10100.288104431274
2025-05-28 16:00:00+00:00,10100.288104431274
2025-05-28 17:00:00+00:00,10100.288104431274
2025-05-28 18:00:00+00:00,10100.288104431274
2025-05-28 19:00:00+00:00,10100.288104431274
2025-05-28 20:00:00+00:00,10100.288104431274
2025-05-28 21:00:00+00:00,10100.288104431274
2025-05-28 22:00:00+00:00,10100.288104431274
2025-05-28 23:00:00+00:00,10100.288104431274
2025-05-29 00:00:00+00:00,10100.288104431274
2025-05-29 01:00:00+00:00,10100.288104431274
2025-05-29 02:00:00+00:00,10100.288104431274
2025-05-29 03:00:00+00:00,10100.288104431274
2025-05-29 04:00:00+00:00,10100.288104431274
2025-05-29 05:00:00+00:00,10100.288104431274
2025-05-29 06:00:00+00:00,10100.288104431274
2025-05-29 07:00:00+00:00,10100.288104431274
2025-05-29 08:00:00+00:00,10100.288104431274
2025-05-29 09:00:00+00:00,10100.288104431274
2025-05-29 10:00:00+00:00,10100.288104431274
2025-05-29 11:00:00+00:00,10100.288104431274
2025-05-29 12:00:00+00:00,10100.288104431274
2025-05-29 13:00:00+00:00,10100.288104431274
2025-05-29 14:00:00+00:00,10100.288104431274
2025-05-29 15:00:00+00:00,10100.288104431274
2025-05-29 16:00:00+00:00,10100.288104431274
2025-05-29 17:00:00+00:00,10100.288104431274
2025-05-29 18:00:00+00:00,10100.288104431274
2025-05-29 19:00:00+00:00,10100.288104431274
2025-05-29 20:00:00+00:00,10100.288104431274
2025-05-29 21:00:00+00:00,10060.241374291258
2025-05-29 22:00:00+00:00,10042.234174291258
2025-05-29 23:00:00+00:00,10079.393374291258
2025-05-30 00:00:00+00:00,10103.844574291257
2025-05-30 01:00:00+00:00,10150.569322051257
2025-05-30 02:00:00+00:00,10098.902122051257
2025-05-30 03:00:00+00:00,10075.480522051257
2025-05-30 04:00:00+00:00,10073.889322051258
2025-05-30 05:00:00+00:00,10067.070922051258
2025-05-30 06:00:00+00:00,10069.202122051256
2025-05-30 07:00:00+00:00,10096.504522051258
2025-05-30 08:00:00+00:00,10143.729322051257
2025-05-30 09:00:00+00:00,10134.912437202625
2025-05-30 10:00:00+00:00,10102.152437202625
2025-05-30 11:00:00+00:00,10081.632437202625
2025-05-30 12:00:00+00:00,10084.447637202624
2025-05-30 13:00:00+00:00,10098.998837202624
2025-05-30 14:00:00+00:00,10112.052437202625
2025-05-30 15:00:00+00:00,10122.190037202625
2025-05-30 16:00:00+00:00,10108.366037202624
2025-05-30 17:00:00+00:00,10225.34583665848
2025-05-30 18:00:00+00:00,10206.17943665848
2025-05-30 19:00:00+00:00,10155.405036658482
2025-05-30 20:00:00+00:00,10173.462636658482
2025-05-30 21:00:00+00:00,10177.573836658481
2025-05-30 22:00:00+00:00,10174.866636658482
2025-05-30 23:00:00+00:00,10223.22903665848
2025-05-31 00:00:00+00:00,10219.773036658482
2025-05-31 01:00:00+00:00,10222.496977158102
2025-05-31 02:00:00+00:00,10258.252177158101
2025-05-31 03:00:00+00:00,10277.9297771581
2025-05-31 04:00:00+00:00,10243.9097771581
2025-05-31 05:00:00+00:00,10234.060177158102
2025-05-31 06:00:00+00:00,10254.3929771581
2025-05-31 07:00:00+00:00,10229.7113771581
2025-05-31 08:00:00+00:00,10238.8193771581
2025-05-31 09:00:00+00:00,10246.542841638102
2025-05-31 10:00:00+00:00,10254.174841638101
2025-05-31 11:00:00+00:00,10263.297241638102
2025-05-31 12:00:00+00:00,10257.011641638102
2025-05-31 13:00:00+00:00,10218.275641638102
2025-05-31 14:00:00+00:00,10212.126841638103
2025-05-31 15:00:00+00:00,10177.209316691233
2025-05-31 16:00:00+00:00,10177.209316691233
2025-05-31 17:00:00+00:00,10177.209316691233
2025-05-31 18:00:00+00:00,10177.209316691233
2025-05-31 19:00:00+00:00,10177.209316691233
2025-05-31 20:00:00+00:00,10177.209316691233
2025-05-31 21:00:00+00:00,10177.209316691233
2025-05-31 22:00:00+00:00,10177.209316691233
2025-05-31 23:00:00+00:00,10177.209316691233
2025-06-01 00:00:00+00:00,10177.209316691233
2025-06-01 01:00:00+00:00,10177.209316691233
2025-06-01 02:00:00+00:00,10177.209316691233
2025-06-01 03:00:00+00:00,10177.209316691233
2025-06-01 04:00:00+00:00,10177.209316691233
2025-06-01 05:00:00+00:00,10177.209316691233
2025-06-01 06:00:00+00:00,10177.209316691233
2025-06-01 07:00:00+00:00,10177.209316691233
2025-06-01 08:00:00+00:00,10177.209316691233
2025-06-01 09:00:00+00:00,10177.209316691233
2025-06-01 10:00:00+00:00,10177.209316691233
2025-06-01 11:00:00+00:00,10177.209316691233
2025-06-01 12:00:00+00:00,10177.209316691233
2025-06-01 13:00:00+00:00,10177.209316691233
2025-06-01 14:00:00+00:00,10177.209316691233
2025-06-01 15:00:00+00:00,10177.209316691233
2025-06-01 16:00:00+00:00,10177.209316691233
2025-06-01 17:00:00+00:00,10177.209316691233
2025-06-01 18:00:00+00:00,10177.209316691233
2025-06-01 19:00:00+00:00,10177.209316691233
2025-06-01 20:00:00+00:00,10177.209316691233
2025-06-01 21:00:00+00:00,10177.209316691233
2025-06-01 22:00:00+00:00,10177.209316691233
2025-06-01 23:00:00+00:00,10177.209316691233
2025-06-02 00:00:00+00:00,10177.209316691233
2025-06-02 01:00:00+00:00,10177.209316691233
2025-06-02 02:00:00+00:00,10177.209316691233
2025-06-02 03:00:00+00:00,10177.209316691233
2025-06-02 04:00:00+00:00,10177.209316691233
2025-06-02 05:00:00+00:00,10177.209316691233
2025-06-02 06:00:00+00:00,10177.209316691233
2025-06-02 07:00:00+00:00,10177.209316691233
2025-06-02 08:00:00+00:00,10177.209316691233
2025-06-02 09:00:00+00:00,10177.209316691233
2025-06-02 10:00:00+00:00,10177.209316691233
2025-06-02 11:00:00+00:00,10177.209316691233
2025-06-02 12:00:00+00:00,10177.209316691233
2025-06-02 13:00:00+00:00,10177.209316691233
2025-06-02 14:00:00+00:00,10177.209316691233
2025-06-02 15:00:00+00:00,10177.209316691233
2025-06-02 16:00:00+00:00,10177.209316691233
2025-06-02 17:00:00+00:00,10177.209316691233
2025-06-02 18:00:00+00:00,10177.209316691233
2025-06-02 19:00:00+00:00,10177.209316691233
2025-06-02 20:00:00+00:00,10177.209316691233
2025-06-02 21:00:00+00:00,10177.209316691233
2025-06-02 22:00:00+00:00,10177.209316691233
2025-06-02 23:00:00+00:00,10177.209316691233
2025-06-03 00:00:00+00:00,10177.209316691233
2025-06-03 01:00:00+00:00,10177.209316691233
2025-06-03 02:00:00+00:00,10177.209316691233
2025-06-03 03:00:00+00:00,10177.209316691233
2025-06-03 04:00:00+00:00,10177.209316691233
2025-06-03 05:00:00+00:00,10177.209316691233
2025-06-03 06:00:00+00:00,10177.209316691233
2025-06-03 07:00:00+00:00,10177.209316691233
2025-06-03 08:00:00+00:00,10177.209316691233
2025-06-03 09:00:00+00:00,10177.209316691233
2025-06-03 10:00:00+00:00,10177.209316691233
2025-06-03 11:00:00+00:00,10177.209316691233
2025-06-03 12:00:00+00:00,10177.209316691233
2025-06-03 13:00:00+00:00,10177.209316691233
2025-06-03 14:00:00+00:00,10177.209316691233
2025-06-03 15:00:00+00:00,10177.209316691233
2025-06-03 16:00:00+00:00,10177.209316691233
2025-06-03 17:00:00+00:00,10177.209316691233
2025-06-03 18:00:00+00:00,10177.209316691233
2025-06-03 19:00:00+00:00,10177.209316691233
2025-06-03 20:00:00+00:00,10177.209316691233
2025-06-03 21:00:00+00:00,10177.209316691233
2025-06-03 22:00:00+00:00,10177.209316691233
2025-06-03 23:00:00+00:00,10177.209316691233
2025-06-04 00:00:00+00:00,10177.209316691233
2025-06-04 01:00:00+00:00,10177.209316691233
2025-06-04 02:00:00+00:00,10177.209316691233
2025-06-04 03:00:00+00:00,10177.209316691233
2025-06-04 04:00:00+00:00,10177.209316691233
2025-06-04 05:00:00+00:00,10177.209316691233
2025-06-04 06:00:00+00:00,10177.209316691233
2025-06-04 07:00:00+00:00,10177.209316691233
2025-06-04 08:00:00+00:00,10177.209316691233
2025-06-04 09:00:00+00:00,10177.209316691233
2025-06-04 10:00:00+00:00,10177.209316691233
2025-06-04 11:00:00+00:00,10177.209316691233
2025-06-04 12:00:00+00:00,10177.209316691233
2025-06-04 13:00:00+00:00,10177.209316691233
2025-06-04 14:00:00+00:00,10177.209316691233
2025-06-04 15:00:00+00:00,10177.209316691233
2025-06-04 16:00:00+00:00,10177.209316691233
2025-06-04 17:00:00+00:00,10177.209316691233
2025-06-04 18:00:00+00:00,10177.209316691233
2025-06-04 19:00:00+00:00,10177.209316691233
2025-06-04 20:00:00+00:00,10177.209316691233
2025-06-04 21:00:00+00:00,10177.209316691233
2025-06-04 22:00:00+00:00,10177.209316691233
2025-06-04 23:00:00+00:00,10177.209316691233
2025-06-05 00:00:00+00:00,10177.209316691233
2025-06-05 01:00:00+00:00,10177.209316691233
2025-06-05 02:00:00+00:00,10177.209316691233
2025-06-05 03:00:00+00:00,10177.209316691233
2025-06-05 04:00:00+00:00,10177.209316691233
2025-06-05 05:00:00+00:00,10177.209316691233
2025-06-05 06:00:00+00:00,10177.209316691233
2025-06-05 07:00:00+00:00,10177.209316691233
2025-06-05 08:00:00+00:00,10177.209316691233
2025-06-05 09:00:00+00:00,10177.209316691233
2025-06-05 10:00:00+00:00,10177.209316691233
2025-06-05 11:00:00+00:00,10177.209316691233
2025-06-05 12:00:00+00:00,10177.209316691233
2025-06-05 13:00:00+00:00,10177.209316691233
2025-06-05 14:00:00+00:00,10177.209316691233
2025-06-05 15:00:00+00:00,10177.209316691233
2025-06-05 16:00:00+00:00,10177.209316691233
2025-06-05 17:00:00+00:00,10177.209316691233
2025-06-05 18:00:00+00:00,10177.209316691233
2025-06-05 19:00:00+00:00,10177.209316691233
2025-06-05 20:00:00+00:00,10252.960766950238
2025-06-05 21:00:00+00:00,10365.389966950239
2025-06-05 22:00:00+00:00,10282.304366950239
2025-06-05 23:00:00+00:00,10285.595966950239
2025-06-06 00:00:00+00:00,10285.603766950238
2025-06-06 01:00:00+00:00,10255.618037144755
2025-06-06 02:00:00+00:00,10259.814437144756
2025-06-06 03:00:00+00:00,10241.319008266617
2025-06-06 04:00:00+00:00,10241.319008266617
2025-06-06 05:00:00+00:00,10241.319008266617
2025-06-06 06:00:00+00:00,10241.319008266617
2025-06-06 07:00:00+00:00,10241.319008266617
2025-06-06 08:00:00+00:00,10241.319008266617
2025-06-06 09:00:00+00:00,10241.319008266617
2025-06-06 10:00:00+00:00,10241.319008266617
2025-06-06 11:00:00+00:00,10241.319008266617
2025-06-06 12:00:00+00:00,10241.319008266617
2025-06-06 13:00:00+00:00,10241.319008266617
2025-06-06 14:00:00+00:00,10241.319008266617
2025-06-06 15:00:00+00:00,10241.319008266617
2025-06-06 16:00:00+00:00,10241.319008266617
2025-06-06 17:00:00+00:00,10241.319008266617
2025-06-06 18:00:00+00:00,10241.319008266617
2025-06-06 19:00:00+00:00,10241.319008266617
2025-06-06 20:00:00+00:00,10241.319008266617
2025-06-06 21:00:00+00:00,10241.319008266617
2025-06-06 22:00:00+00:00,10241.319008266617
2025-06-06 23:00:00+00:00,10241.319008266617
2025-06-07 00:00:00+00:00,10241.319008266617
2025-06-07 01:00:00+00:00,10241.319008266617
2025-06-07 02:00:00+00:00,10241.319008266617
2025-06-07 03:00:00+00:00,10241.319008266617
2025-06-07 04:00:00+00:00,10241.319008266617
2025-06-07 05:00:00+00:00,10241.319008266617
2025-06-07 06:00:00+00:00,10241.319008266617
2025-06-07 07:00:00+00:00,10241.319008266617
2025-06-07 08:00:00+00:00,10241.319008266617
2025-06-07 09:00:00+00:00,10241.319008266617
2025-06-07 10:00:00+00:00,10241.319008266617
2025-06-07 11:00:00+00:00,10241.319008266617
2025-06-07 12:00:00+00:00,10241.319008266617
2025-06-07 13:00:00+00:00,10241.319008266617
2025-06-07 14:00:00+00:00,10241.319008266617
2025-06-07 15:00:00+00:00,10241.319008266617
2025-06-07 16:00:00+00:00,10241.319008266617
2025-06-07 17:00:00+00:00,10241.319008266617
2025-06-07 18:00:00+00:00,10241.319008266617
2025-06-07 19:00:00+00:00,10241.319008266617
2025-06-07 20:00:00+00:00,10241.319008266617
2025-06-07 21:00:00+00:00,10241.319008266617
2025-06-07 22:00:00+00:00,10241.319008266617
2025-06-07 23:00:00+00:00,10241.319008266617
2025-06-08 00:00:00+00:00,10241.319008266617
2025-06-08 01:00:00+00:00,10241.319008266617
2025-06-08 02:00:00+00:00,10241.319008266617
2025-06-08 03:00:00+00:00,10241.319008266617
2025-06-08 04:00:00+00:00,10241.319008266617
2025-06-08 05:00:00+00:00,10241.319008266617
2025-06-08 06:00:00+00:00,10241.319008266617
2025-06-08 07:00:00+00:00,10241.319008266617
2025-06-08 08:00:00+00:00,10241.319008266617
2025-06-08 09:00:00+00:00,10241.319008266617
2025-06-08 10:00:00+00:00,10241.319008266617
2025-06-08 11:00:00+00:00,10241.319008266617
2025-06-08 12:00:00+00:00,10241.319008266617
2025-06-08 13:00:00+00:00,10241.319008266617
2025-06-08 14:00:00+00:00,10241.319008266617
2025-06-08 15:00:00+00:00,10241.319008266617
2025-06-08 16:00:00+00:00,10241.319008266617
2025-06-08 17:00:00+00:00,10241.319008266617
2025-06-08 18:00:00+00:00,10241.319008266617
2025-06-08 19:00:00+00:00,10241.319008266617
2025-06-08 20:00:00+00:00,10241.319008266617
2025-06-08 21:00:00+00:00,10241.319008266617
2025-06-08 22:00:00+00:00,10241.319008266617
2025-06-08 23:00:00+00:00,10241.319008266617
2025-06-09 00:00:00+00:00,10241.319008266617
2025-06-09 01:00:00+00:00,10241.319008266617
2025-06-09 02:00:00+00:00,10241.319008266617
2025-06-09 03:00:00+00:00,10241.319008266617
2025-06-09 04:00:00+00:00,10241.319008266617
2025-06-09 05:00:00+00:00,10241.319008266617
2025-06-09 06:00:00+00:00,10241.319008266617
2025-06-09 07:00:00+00:00,10241.319008266617
2025-06-09 08:00:00+00:00,10241.319008266617
2025-06-09 09:00:00+00:00,10241.319008266617
2025-06-09 10:00:00+00:00,10241.319008266617
2025-06-09 11:00:00+00:00,10241.319008266617
2025-06-09 12:00:00+00:00,10286.307561343618
2025-06-09 13:00:00+00:00,10284.778061343617
2025-06-09 14:00:00+00:00,10193.254870651885
2025-06-09 15:00:00+00:00,10193.254870651885
2025-06-09 16:00:00+00:00,10193.254870651885
2025-06-09 17:00:00+00:00,10193.254870651885
2025-06-09 18:00:00+00:00,10193.254870651885
2025-06-09 19:00:00+00:00,10193.51734071507
2025-06-09 20:00:00+00:00,10204.296640715072
2025-06-09 21:00:00+00:00,10215.284740715073
2025-06-09 22:00:00+00:00,10327.723540715071
2025-06-09 23:00:00+00:00,10344.993040715071
2025-06-10 00:00:00+00:00,10352.431540715072
2025-06-10 01:00:00+00:00,10321.39345898757
2025-06-10 02:00:00+00:00,10311.049158987571
2025-06-10 03:00:00+00:00,10297.66855898757
2025-06-10 04:00:00+00:00,10291.552458987571
2025-06-10 05:00:00+00:00,10288.516158987572
2025-06-10 06:00:00+00:00,10268.53225898757
2025-06-10 07:00:00+00:00,10285.558158987571
2025-06-10 08:00:00+00:00,10260.91975898757
2025-06-10 09:00:00+00:00,10237.86231139977
2025-06-10 10:00:00+00:00,10237.86231139977
2025-06-10 11:00:00+00:00,10237.86231139977
2025-06-10 12:00:00+00:00,10237.86231139977
2025-06-10 13:00:00+00:00,10237.86231139977
2025-06-10 14:00:00+00:00,10237.86231139977
2025-06-10 15:00:00+00:00,10237.86231139977
2025-06-10 16:00:00+00:00,10237.86231139977
2025-06-10 17:00:00+00:00,10237.86231139977
2025-06-10 18:00:00+00:00,10237.86231139977
2025-06-10 19:00:00+00:00,10237.86231139977
2025-06-10 20:00:00+00:00,10237.86231139977
2025-06-10 21:00:00+00:00,10237.86231139977
2025-06-10 22:00:00+00:00,10237.86231139977
2025-06-10 23:00:00+00:00,10237.86231139977
2025-06-11 00:00:00+00:00,10237.86231139977
2025-06-11 01:00:00+00:00,10237.86231139977
2025-06-11 02:00:00+00:00,10237.86231139977
2025-06-11 03:00:00+00:00,10237.86231139977
2025-06-11 04:00:00+00:00,10237.86231139977
2025-06-11 05:00:00+00:00,10237.86231139977
2025-06-11 06:00:00+00:00,10237.86231139977
2025-06-11 07:00:00+00:00,10237.86231139977
2025-06-11 08:00:00+00:00,10237.86231139977
2025-06-11 09:00:00+00:00,10237.86231139977
2025-06-11 10:00:00+00:00,10237.86231139977
2025-06-11 11:00:00+00:00,10237.86231139977
2025-06-11 12:00:00+00:00,10237.86231139977
2025-06-11 13:00:00+00:00,10237.86231139977
2025-06-11 14:00:00+00:00,10237.86231139977
2025-06-11 15:00:00+00:00,10237.86231139977
2025-06-11 16:00:00+00:00,10237.86231139977
2025-06-11 17:00:00+00:00,10237.86231139977
2025-06-11 18:00:00+00:00,10237.86231139977
2025-06-11 19:00:00+00:00,10237.86231139977
2025-06-11 20:00:00+00:00,10237.86231139977
2025-06-11 21:00:00+00:00,10237.86231139977
2025-06-11 22:00:00+00:00,10237.86231139977
2025-06-11 23:00:00+00:00,10237.86231139977
2025-06-12 00:00:00+00:00,10237.86231139977
2025-06-12 01:00:00+00:00,10237.86231139977
2025-06-12 02:00:00+00:00,10237.86231139977
2025-06-12 03:00:00+00:00,10237.86231139977
2025-06-12 04:00:00+00:00,10237.86231139977
2025-06-12 05:00:00+00:00,10237.86231139977
2025-06-12 06:00:00+00:00,10237.86231139977
2025-06-12 07:00:00+00:00,10237.86231139977
2025-06-12 08:00:00+00:00,10237.86231139977
2025-06-12 09:00:00+00:00,10237.86231139977
2025-06-12 10:00:00+00:00,10237.86231139977
2025-06-12 11:00:00+00:00,10237.86231139977
2025-06-12 12:00:00+00:00,10237.86231139977
2025-06-12 13:00:00+00:00,10237.86231139977
2025-06-12 14:00:00+00:00,10237.86231139977
2025-06-12 15:00:00+00:00,10237.86231139977
2025-06-12 16:00:00+00:00,10237.86231139977
2025-06-12 17:00:00+00:00,10237.86231139977
2025-06-12 18:00:00+00:00,10237.86231139977
2025-06-12 19:00:00+00:00,10237.86231139977
2025-06-12 20:00:00+00:00,10237.86231139977
2025-06-12 21:00:00+00:00,10237.86231139977
2025-06-12 22:00:00+00:00,10237.86231139977
2025-06-12 23:00:00+00:00,10237.86231139977
2025-06-13 00:00:00+00:00,10237.86231139977
2025-06-13 01:00:00+00:00,10237.86231139977
2025-06-13 02:00:00+00:00,10237.86231139977
2025-06-13 03:00:00+00:00,10237.86231139977
2025-06-13 04:00:00+00:00,10237.86231139977
2025-06-13 05:00:00+00:00,10237.86231139977
2025-06-13 06:00:00+00:00,10237.86231139977
2025-06-13 07:00:00+00:00,10237.86231139977
2025-06-13 08:00:00+00:00,10237.86231139977
2025-06-13 09:00:00+00:00,10237.86231139977
2025-06-13 10:00:00+00:00,10237.86231139977
2025-06-13 11:00:00+00:00,10237.86231139977
2025-06-13 12:00:00+00:00,10237.86231139977
2025-06-13 13:00:00+00:00,10237.86231139977
2025-06-13 14:00:00+00:00,10237.86231139977
2025-06-13 15:00:00+00:00,10237.86231139977
2025-06-13 16:00:00+00:00,10237.86231139977
2025-06-13 17:00:00+00:00,10237.86231139977
2025-06-13 18:00:00+00:00,10237.86231139977
2025-06-13 19:00:00+00:00,10237.86231139977
2025-06-13 20:00:00+00:00,10237.86231139977
2025-06-13 21:00:00+00:00,10237.86231139977
2025-06-13 22:00:00+00:00,10237.86231139977
2025-06-13 23:00:00+00:00,10237.86231139977
2025-06-14 00:00:00+00:00,10237.86231139977
2025-06-14 01:00:00+00:00,10237.86231139977
2025-06-14 02:00:00+00:00,10237.86231139977
2025-06-14 03:00:00+00:00,10237.86231139977
2025-06-14 04:00:00+00:00,10237.86231139977
2025-06-14 05:00:00+00:00,10237.86231139977
2025-06-14 06:00:00+00:00,10237.86231139977
2025-06-14 07:00:00+00:00,10237.86231139977
2025-06-14 08:00:00+00:00,10237.86231139977
2025-06-14 09:00:00+00:00,10237.86231139977
2025-06-14 10:00:00+00:00,10237.86231139977
2025-06-14 11:00:00+00:00,10237.86231139977
2025-06-14 12:00:00+00:00,10237.86231139977
2025-06-14 13:00:00+00:00,10237.86231139977
2025-06-14 14:00:00+00:00,10237.86231139977
2025-06-14 15:00:00+00:00,10237.86231139977
2025-06-14 16:00:00+00:00,10237.86231139977
2025-06-14 17:00:00+00:00,10237.86231139977
2025-06-14 18:00:00+00:00,10237.86231139977
2025-06-14 19:00:00+00:00,10237.86231139977
2025-06-14 20:00:00+00:00,10237.86231139977
2025-06-14 21:00:00+00:00,10237.86231139977
2025-06-14 22:00:00+00:00,10237.86231139977
2025-06-14 23:00:00+00:00,10237.86231139977
2025-06-15 00:00:00+00:00,10237.86231139977
2025-06-15 01:00:00+00:00,10237.86231139977
2025-06-15 02:00:00+00:00,10237.86231139977
2025-06-15 03:00:00+00:00,10237.86231139977
2025-06-15 04:00:00+00:00,10237.86231139977
2025-06-15 05:00:00+00:00,10237.86231139977
2025-06-15 06:00:00+00:00,10237.86231139977
2025-06-15 07:00:00+00:00,10237.86231139977
2025-06-15 08:00:00+00:00,10237.86231139977
2025-06-15 09:00:00+00:00,10237.86231139977
2025-06-15 10:00:00+00:00,10237.86231139977
2025-06-15 11:00:00+00:00,10237.86231139977
2025-06-15 12:00:00+00:00,10237.86231139977
2025-06-15 13:00:00+00:00,10237.86231139977
2025-06-15 14:00:00+00:00,10237.86231139977
2025-06-15 15:00:00+00:00,10237.86231139977
2025-06-15 16:00:00+00:00,10237.86231139977
2025-06-15 17:00:00+00:00,10237.86231139977
2025-06-15 18:00:00+00:00,10237.86231139977
2025-06-15 19:00:00+00:00,10237.86231139977
2025-06-15 20:00:00+00:00,10237.86231139977
2025-06-15 21:00:00+00:00,10237.86231139977
2025-06-15 22:00:00+00:00,10237.86231139977
2025-06-15 23:00:00+00:00,10237.86231139977
2025-06-16 00:00:00+00:00,10237.86231139977
2025-06-16 01:00:00+00:00,10237.86231139977
2025-06-16 02:00:00+00:00,10237.86231139977
2025-06-16 03:00:00+00:00,10237.86231139977
2025-06-16 04:00:00+00:00,10237.86231139977
2025-06-16 05:00:00+00:00,10237.86231139977
2025-06-16 06:00:00+00:00,10237.86231139977
2025-06-16 07:00:00+00:00,10237.86231139977
2025-06-16 08:00:00+00:00,10237.86231139977
2025-06-16 09:00:00+00:00,10237.86231139977
2025-06-16 10:00:00+00:00,10237.86231139977
2025-06-16 11:00:00+00:00,10237.86231139977
2025-06-16 12:00:00+00:00,10237.86231139977
2025-06-16 13:00:00+00:00,10237.86231139977
2025-06-16 14:00:00+00:00,10237.86231139977
2025-06-16 15:00:00+00:00,10237.86231139977
2025-06-16 16:00:00+00:00,10237.86231139977
2025-06-16 17:00:00+00:00,10237.86231139977
2025-06-16 18:00:00+00:00,10237.86231139977
2025-06-16 19:00:00+00:00,10237.86231139977
2025-06-16 20:00:00+00:00,10237.86231139977
2025-06-16 21:00:00+00:00,10237.86231139977
2025-06-16 22:00:00+00:00,10237.86231139977
2025-06-16 23:00:00+00:00,10237.86231139977
2025-06-17 00:00:00+00:00,10237.86231139977
2025-06-17 01:00:00+00:00,10237.86231139977
2025-06-17 02:00:00+00:00,10237.86231139977
2025-06-17 03:00:00+00:00,10237.86231139977
2025-06-17 04:00:00+00:00,10237.86231139977
2025-06-17 05:00:00+00:00,10237.86231139977
2025-06-17 06:00:00+00:00,10237.86231139977
2025-06-17 07:00:00+00:00,10237.86231139977
2025-06-17 08:00:00+00:00,10237.86231139977
2025-06-17 09:00:00+00:00,10237.86231139977
2025-06-17 10:00:00+00:00,10237.86231139977
2025-06-17 11:00:00+00:00,10237.86231139977
2025-06-17 12:00:00+00:00,10237.86231139977
2025-06-17 13:00:00+00:00,10237.86231139977
2025-06-17 14:00:00+00:00,10237.86231139977
2025-06-17 15:00:00+00:00,10237.86231139977
2025-06-17 16:00:00+00:00,10237.86231139977
2025-06-17 17:00:00+00:00,10237.86231139977
2025-06-17 18:00:00+00:00,10237.86231139977
2025-06-17 19:00:00+00:00,10237.86231139977
2025-06-17 20:00:00+00:00,10237.86231139977
2025-06-17 21:00:00+00:00,10237.86231139977
2025-06-17 22:00:00+00:00,10237.86231139977
2025-06-17 23:00:00+00:00,10237.86231139977
2025-06-18 00:00:00+00:00,10237.86231139977
2025-06-18 01:00:00+00:00,10237.86231139977
2025-06-18 02:00:00+00:00,10237.86231139977
2025-06-18 03:00:00+00:00,10237.86231139977
2025-06-18 04:00:00+00:00,10237.86231139977
2025-06-18 05:00:00+00:00,10237.86231139977
2025-06-18 06:00:00+00:00,10237.86231139977
2025-06-18 07:00:00+00:00,10237.86231139977
2025-06-18 08:00:00+00:00,10237.86231139977
2025-06-18 09:00:00+00:00,10237.86231139977
2025-06-18 10:00:00+00:00,10237.86231139977
2025-06-18 11:00:00+00:00,10237.86231139977
2025-06-18 12:00:00+00:00,10237.86231139977
2025-06-18 13:00:00+00:00,10237.86231139977
2025-06-18 14:00:00+00:00,10237.86231139977
2025-06-18 15:00:00+00:00,10237.86231139977
2025-06-18 16:00:00+00:00,10237.86231139977
2025-06-18 17:00:00+00:00,10237.86231139977
2025-06-18 18:00:00+00:00,10237.86231139977
2025-06-18 19:00:00+00:00,10237.86231139977
2025-06-18 20:00:00+00:00,10237.86231139977
2025-06-18 21:00:00+00:00,10237.86231139977
2025-06-18 22:00:00+00:00,10237.86231139977
2025-06-18 23:00:00+00:00,10237.86231139977
2025-06-19 00:00:00+00:00,10237.86231139977
2025-06-19 01:00:00+00:00,10237.86231139977
2025-06-19 02:00:00+00:00,10237.86231139977
2025-06-19 03:00:00+00:00,10237.86231139977
2025-06-19 04:00:00+00:00,10237.86231139977
2025-06-19 05:00:00+00:00,10237.86231139977
2025-06-19 06:00:00+00:00,10237.86231139977
2025-06-19 07:00:00+00:00,10237.86231139977
2025-06-19 08:00:00+00:00,10237.86231139977
2025-06-19 09:00:00+00:00,10237.86231139977
2025-06-19 10:00:00+00:00,10237.86231139977
2025-06-19 11:00:00+00:00,10237.86231139977
2025-06-19 12:00:00+00:00,10237.86231139977
2025-06-19 13:00:00+00:00,10237.86231139977
2025-06-19 14:00:00+00:00,10237.86231139977
2025-06-19 15:00:00+00:00,10237.86231139977
2025-06-19 16:00:00+00:00,10237.86231139977
2025-06-19 17:00:00+00:00,10237.86231139977
2025-06-19 18:00:00+00:00,10237.86231139977
2025-06-19 19:00:00+00:00,10237.86231139977
2025-06-19 20:00:00+00:00,10237.86231139977
2025-06-19 21:00:00+00:00,10237.86231139977
2025-06-19 22:00:00+00:00,10237.86231139977
2025-06-19 23:00:00+00:00,10237.86231139977
2025-06-20 00:00:00+00:00,10237.86231139977
2025-06-20 01:00:00+00:00,10237.86231139977
2025-06-20 02:00:00+00:00,10237.86231139977
2025-06-20 03:00:00+00:00,10237.86231139977
2025-06-20 04:00:00+00:00,10237.86231139977
2025-06-20 05:00:00+00:00,10237.86231139977
2025-06-20 06:00:00+00:00,10237.86231139977
2025-06-20 07:00:00+00:00,10237.86231139977
2025-06-20 08:00:00+00:00,10237.86231139977
2025-06-20 09:00:00+00:00,10237.86231139977
2025-06-20 10:00:00+00:00,10237.86231139977
2025-06-20 11:00:00+00:00,10237.86231139977
2025-06-20 12:00:00+00:00,10237.86231139977
2025-06-20 13:00:00+00:00,10237.86231139977
2025-06-20 14:00:00+00:00,10237.86231139977
2025-06-20 15:00:00+00:00,10237.86231139977
2025-06-20 16:00:00+00:00,10237.86231139977
2025-06-20 17:00:00+00:00,10237.86231139977
2025-06-20 18:00:00+00:00,10237.86231139977
2025-06-20 19:00:00+00:00,10238.299165307668
2025-06-20 20:00:00+00:00,10228.211665307668
2025-06-20 21:00:00+00:00,10198.669165307669
2025-06-20 22:00:00+00:00,10209.919165307669
2025-06-20 23:00:00+00:00,10241.996665307668
2025-06-21 00:00:00+00:00,10228.294165307669
2025-06-21 01:00:00+00:00,10231.568862004513
2025-06-21 02:00:00+00:00,10211.881362004513
2025-06-21 03:00:00+00:00,10212.856362004513
2025-06-21 04:00:00+00:00,10214.611362004513
2025-06-21 05:00:00+00:00,10221.871362004513
2025-06-21 06:00:00+00:00,10219.448862004514
2025-06-21 07:00:00+00:00,10208.386362004514
2025-06-21 08:00:00+00:00,10215.713862004513
2025-06-21 09:00:00+00:00,10188.551968423808
2025-06-21 10:00:00+00:00,10186.834468423807
2025-06-21 11:00:00+00:00,10187.614468423808
2025-06-21 12:00:00+00:00,10183.571968423808
2025-06-21 13:00:00+00:00,10189.069468423808
2025-06-21 14:00:00+00:00,10206.559468423808
2025-06-21 15:00:00+00:00,10207.901968423808
2025-06-21 16:00:00+00:00,10207.414468423807
2025-06-21 17:00:00+00:00,10214.237135240395
2025-06-21 18:00:00+00:00,10236.219635240395
2025-06-21 19:00:00+00:00,10276.202135240395
2025-06-21 20:00:00+00:00,10306.149635240396
2025-06-21 21:00:00+00:00,10267.524635240396
2025-06-21 22:00:00+00:00,10368.227135240395
2025-06-21 23:00:00+00:00,10342.127135240396
2025-06-22 00:00:00+00:00,10317.219635240395
2025-06-22 01:00:00+00:00,10282.265881274201
2025-06-22 02:00:00+00:00,10282.265881274201
2025-06-22 03:00:00+00:00,10282.265881274201
2025-06-22 04:00:00+00:00,10282.265881274201
2025-06-22 05:00:00+00:00,10282.265881274201
2025-06-22 06:00:00+00:00,10282.265881274201
2025-06-22 07:00:00+00:00,10282.265881274201
2025-06-22 08:00:00+00:00,10282.265881274201
2025-06-22 09:00:00+00:00,10282.265881274201
2025-06-22 10:00:00+00:00,10282.265881274201
2025-06-22 11:00:00+00:00,10282.265881274201
2025-06-22 12:00:00+00:00,10282.265881274201
2025-06-22 13:00:00+00:00,10282.265881274201
2025-06-22 14:00:00+00:00,10282.265881274201
2025-06-22 15:00:00+00:00,10282.265881274201
2025-06-22 16:00:00+00:00,10321.141294930132
2025-06-22 17:00:00+00:00,10274.746236639498
2025-06-22 18:00:00+00:00,10286.116636639497
2025-06-22 19:00:00+00:00,10288.892136639499
2025-06-22 20:00:00+00:00,10322.521436639498
2025-06-22 21:00:00+00:00,10281.871036639497
2025-06-22 22:00:00+00:00,10304.251936639499
2025-06-22 23:00:00+00:00,10219.10159303727
2025-06-23 00:00:00+00:00,10219.10159303727
2025-06-23 01:00:00+00:00,10219.10159303727
2025-06-23 02:00:00+00:00,10219.10159303727
2025-06-23 03:00:00+00:00,10219.10159303727
2025-06-23 04:00:00+00:00,10219.10159303727
2025-06-23 05:00:00+00:00,10219.10159303727
2025-06-23 06:00:00+00:00,10219.10159303727
2025-06-23 07:00:00+00:00,10219.10159303727
2025-06-23 08:00:00+00:00,10219.10159303727
2025-06-23 09:00:00+00:00,10219.10159303727
2025-06-23 10:00:00+00:00,10219.10159303727
2025-06-23 11:00:00+00:00,10219.10159303727
2025-06-23 12:00:00+00:00,10219.10159303727
2025-06-23 13:00:00+00:00,10219.10159303727
2025-06-23 14:00:00+00:00,10219.10159303727
2025-06-23 15:00:00+00:00,10219.10159303727
2025-06-23 16:00:00+00:00,10219.10159303727
2025-06-23 17:00:00+00:00,10219.10159303727
2025-06-23 18:00:00+00:00,10219.10159303727
2025-06-23 19:00:00+00:00,10219.10159303727
2025-06-23 20:00:00+00:00,10219.10159303727
2025-06-23 21:00:00+00:00,10219.10159303727
2025-06-23 22:00:00+00:00,10219.10159303727
2025-06-23 23:00:00+00:00,10219.10159303727
2025-06-24 00:00:00+00:00,10219.10159303727
2025-06-24 01:00:00+00:00,10219.10159303727
2025-06-24 02:00:00+00:00,10219.10159303727
2025-06-24 03:00:00+00:00,10219.10159303727
2025-06-24 04:00:00+00:00,10219.10159303727
2025-06-24 05:00:00+00:00,10219.10159303727
2025-06-24 06:00:00+00:00,10219.10159303727
2025-06-24 07:00:00+00:00,10219.10159303727
2025-06-24 08:00:00+00:00,10219.10159303727
2025-06-24 09:00:00+00:00,10219.10159303727
2025-06-24 10:00:00+00:00,10219.10159303727
2025-06-24 11:00:00+00:00,10219.10159303727
2025-06-24 12:00:00+00:00,10219.10159303727
2025-06-24 13:00:00+00:00,10219.10159303727
2025-06-24 14:00:00+00:00,10219.10159303727
2025-06-24 15:00:00+00:00,10219.10159303727
2025-06-24 16:00:00+00:00,10219.10159303727
2025-06-24 17:00:00+00:00,10219.10159303727
2025-06-24 18:00:00+00:00,10219.10159303727
2025-06-24 19:00:00+00:00,10219.10159303727
2025-06-24 20:00:00+00:00,10219.10159303727
2025-06-24 21:00:00+00:00,10219.10159303727
2025-06-24 22:00:00+00:00,10219.10159303727
2025-06-24 23:00:00+00:00,10219.10159303727
2025-06-25 00:00:00+00:00,10219.10159303727
2025-06-25 01:00:00+00:00,10219.10159303727
2025-06-25 02:00:00+00:00,10219.10159303727
2025-06-25 03:00:00+00:00,10219.10159303727
2025-06-25 04:00:00+00:00,10219.10159303727
2025-06-25 05:00:00+00:00,10219.10159303727
2025-06-25 06:00:00+00:00,10219.10159303727
2025-06-25 07:00:00+00:00,10219.10159303727
2025-06-25 08:00:00+00:00,10219.10159303727
2025-06-25 09:00:00+00:00,10219.10159303727
2025-06-25 10:00:00+00:00,10219.10159303727
2025-06-25 11:00:00+00:00,10219.10159303727
2025-06-25 12:00:00+00:00,10214.705505232805
2025-06-25 13:00:00+00:00,10218.799505232804
2025-06-25 14:00:00+00:00,10279.550905232803
2025-06-25 15:00:00+00:00,10252.957705232806
2025-06-25 16:00:00+00:00,10173.568714119074
2025-06-25 17:00:00+00:00,10173.568714119074
2025-06-25 18:00:00+00:00,10173.568714119074
2025-06-25 19:00:00+00:00,10173.568714119074
2025-06-25 20:00:00+00:00,10173.568714119074
2025-06-25 21:00:00+00:00,10173.568714119074
2025-06-25 22:00:00+00:00,10173.568714119074
2025-06-25 23:00:00+00:00,10173.568714119074
2025-06-26 00:00:00+00:00,10173.568714119074
2025-06-26 01:00:00+00:00,10173.568714119074
2025-06-26 02:00:00+00:00,10173.568714119074
2025-06-26 03:00:00+00:00,10173.568714119074
2025-06-26 04:00:00+00:00,10173.568714119074
2025-06-26 05:00:00+00:00,10173.568714119074
2025-06-26 06:00:00+00:00,10173.568714119074
2025-06-26 07:00:00+00:00,10173.568714119074
2025-06-26 08:00:00+00:00,10173.568714119074
2025-06-26 09:00:00+00:00,10173.568714119074
2025-06-26 10:00:00+00:00,10173.568714119074
2025-06-26 11:00:00+00:00,10173.568714119074
2025-06-26 12:00:00+00:00,10173.568714119074
2025-06-26 13:00:00+00:00,10173.568714119074
2025-06-26 14:00:00+00:00,10173.568714119074
2025-06-26 15:00:00+00:00,10173.568714119074
2025-06-26 16:00:00+00:00,10173.568714119074
2025-06-26 17:00:00+00:00,10173.568714119074
2025-06-26 18:00:00+00:00,10173.568714119074
2025-06-26 19:00:00+00:00,10173.568714119074
2025-06-26 20:00:00+00:00,10173.568714119074
2025-06-26 21:00:00+00:00,10173.568714119074
2025-06-26 22:00:00+00:00,10173.568714119074
2025-06-26 23:00:00+00:00,10173.568714119074
2025-06-27 00:00:00+00:00,10173.568714119074
2025-06-27 01:00:00+00:00,10173.568714119074
2025-06-27 02:00:00+00:00,10173.568714119074
2025-06-27 03:00:00+00:00,10173.568714119074
2025-06-27 04:00:00+00:00,10173.568714119074
2025-06-27 05:00:00+00:00,10173.568714119074
2025-06-27 06:00:00+00:00,10173.568714119074
2025-06-27 07:00:00+00:00,10173.568714119074
2025-06-27 08:00:00+00:00,10173.568714119074
2025-06-27 09:00:00+00:00,10173.568714119074
2025-06-27 10:00:00+00:00,10173.568714119074
2025-06-27 11:00:00+00:00,10173.568714119074
2025-06-27 12:00:00+00:00,10173.568714119074
2025-06-27 13:00:00+00:00,10173.568714119074
2025-06-27 14:00:00+00:00,10173.568714119074
2025-06-27 15:00:00+00:00,10173.568714119074
2025-06-27 16:00:00+00:00,10173.568714119074
2025-06-27 17:00:00+00:00,10173.568714119074
2025-06-27 18:00:00+00:00,10173.568714119074
2025-06-27 19:00:00+00:00,10173.568714119074
2025-06-27 20:00:00+00:00,10173.568714119074
2025-06-27 21:00:00+00:00,10173.568714119074
2025-06-27 22:00:00+00:00,10173.568714119074
2025-06-27 23:00:00+00:00,10173.568714119074
2025-06-28 00:00:00+00:00,10173.568714119074
2025-06-28 01:00:00+00:00,10173.568714119074
2025-06-28 02:00:00+00:00,10173.568714119074
2025-06-28 03:00:00+00:00,10173.568714119074
2025-06-28 04:00:00+00:00,10173.568714119074
2025-06-28 05:00:00+00:00,10173.568714119074
2025-06-28 06:00:00+00:00,10173.568714119074
2025-06-28 07:00:00+00:00,10173.568714119074
2025-06-28 08:00:00+00:00,10173.568714119074
2025-06-28 09:00:00+00:00,10173.568714119074
2025-06-28 10:00:00+00:00,10173.568714119074
2025-06-28 11:00:00+00:00,10173.568714119074
2025-06-28 12:00:00+00:00,10173.568714119074
2025-06-28 13:00:00+00:00,10173.568714119074
2025-06-28 14:00:00+00:00,10173.568714119074
2025-06-28 15:00:00+00:00,10173.568714119074
2025-06-28 16:00:00+00:00,10173.568714119074
2025-06-28 17:00:00+00:00,10173.568714119074
2025-06-28 18:00:00+00:00,10173.568714119074
2025-06-28 19:00:00+00:00,10173.568714119074
2025-06-28 20:00:00+00:00,10173.568714119074
2025-06-28 21:00:00+00:00,10173.568714119074
2025-06-28 22:00:00+00:00,10173.568714119074
2025-06-28 23:00:00+00:00,10173.568714119074
2025-06-29 00:00:00+00:00,10173.568714119074
2025-06-29 01:00:00+00:00,10173.568714119074
2025-06-29 02:00:00+00:00,10173.568714119074
2025-06-29 03:00:00+00:00,10173.568714119074
2025-06-29 04:00:00+00:00,10173.568714119074
2025-06-29 05:00:00+00:00,10173.568714119074
2025-06-29 06:00:00+00:00,10173.568714119074
2025-06-29 07:00:00+00:00,10173.568714119074
2025-06-29 08:00:00+00:00,10173.568714119074
2025-06-29 09:00:00+00:00,10173.568714119074
2025-06-29 10:00:00+00:00,10173.568714119074
2025-06-29 11:00:00+00:00,10173.568714119074
2025-06-29 12:00:00+00:00,10173.568714119074
2025-06-29 13:00:00+00:00,10138.116658691008
2025-06-29 14:00:00+00:00,10125.533758691006
2025-06-29 15:00:00+00:00,10114.429558691007
2025-06-29 16:00:00+00:00,10080.826615671884
2025-06-29 17:00:00+00:00,10080.826615671884
2025-06-29 18:00:00+00:00,10080.826615671884
2025-06-29 19:00:00+00:00,10080.826615671884
2025-06-29 20:00:00+00:00,10080.826615671884
2025-06-29 21:00:00+00:00,10080.826615671884
2025-06-29 22:00:00+00:00,10080.826615671884
2025-06-29 23:00:00+00:00,10080.826615671884
2025-06-30 00:00:00+00:00,10080.826615671884
2025-06-30 01:00:00+00:00,10080.826615671884
2025-06-30 02:00:00+00:00,10052.405930574772
2025-06-30 03:00:00+00:00,10050.161130574772
2025-06-30 04:00:00+00:00,10052.709530574772
2025-06-30 05:00:00+00:00,10035.165130574773
2025-06-30 06:00:00+00:00,10031.420730574773
2025-06-30 07:00:00+00:00,9982.40235796607
2025-06-30 08:00:00+00:00,9982.40235796607
2025-06-30 09:00:00+00:00,9982.40235796607
2025-06-30 10:00:00+00:00,9982.40235796607
2025-06-30 11:00:00+00:00,9982.40235796607
2025-06-30 12:00:00+00:00,9982.40235796607
2025-06-30 13:00:00+00:00,9982.40235796607
2025-06-30 14:00:00+00:00,9982.40235796607
2025-06-30 15:00:00+00:00,9982.40235796607
2025-06-30 16:00:00+00:00,9982.40235796607
2025-06-30 17:00:00+00:00,9982.40235796607
2025-06-30 18:00:00+00:00,9982.40235796607
2025-06-30 19:00:00+00:00,9982.40235796607
2025-06-30 20:00:00+00:00,9982.40235796607
2025-06-30 21:00:00+00:00,9982.40235796607
2025-06-30 22:00:00+00:00,9982.40235796607
2025-06-30 23:00:00+00:00,9982.40235796607
2025-07-01 00:00:00+00:00,9982.40235796607
2025-07-01 01:00:00+00:00,9982.40235796607
2025-07-01 02:00:00+00:00,9982.40235796607
2025-07-01 03:00:00+00:00,9982.40235796607
2025-07-01 04:00:00+00:00,9982.40235796607
2025-07-01 05:00:00+00:00,9982.40235796607
2025-07-01 06:00:00+00:00,9982.40235796607
2025-07-01 07:00:00+00:00,9982.40235796607
2025-07-01 08:00:00+00:00,9982.40235796607
2025-07-01 09:00:00+00:00,9982.40235796607
2025-07-01 10:00:00+00:00,9982.40235796607
2025-07-01 11:00:00+00:00,9982.40235796607
2025-07-01 12:00:00+00:00,9982.40235796607
2025-07-01 13:00:00+00:00,9982.40235796607
2025-07-01 14:00:00+00:00,9982.40235796607
2025-07-01 15:00:00+00:00,9982.40235796607
2025-07-01 16:00:00+00:00,9982.40235796607
2025-07-01 17:00:00+00:00,9982.40235796607
2025-07-01 18:00:00+00:00,9982.40235796607
2025-07-01 19:00:00+00:00,9982.40235796607
2025-07-01 20:00:00+00:00,9982.40235796607
2025-07-01 21:00:00+00:00,9982.40235796607
2025-07-01 22:00:00+00:00,9982.40235796607
2025-07-01 23:00:00+00:00,9982.40235796607
2025-07-02 00:00:00+00:00,9982.40235796607
2025-07-02 01:00:00+00:00,9982.40235796607
2025-07-02 02:00:00+00:00,9982.40235796607
2025-07-02 03:00:00+00:00,9982.40235796607
2025-07-02 04:00:00+00:00,9982.40235796607
2025-07-02 05:00:00+00:00,9982.40235796607
2025-07-02 06:00:00+00:00,9982.40235796607
2025-07-02 07:00:00+00:00,9982.40235796607
2025-07-02 08:00:00+00:00,9982.40235796607
2025-07-02 09:00:00+00:00,9982.40235796607
2025-07-02 10:00:00+00:00,9982.40235796607
2025-07-02 11:00:00+00:00,9982.40235796607
2025-07-02 12:00:00+00:00,9982.40235796607
2025-07-02 13:00:00+00:00,9982.40235796607
2025-07-02 14:00:00+00:00,9982.40235796607
2025-07-02 15:00:00+00:00,9982.40235796607
2025-07-02 16:00:00+00:00,9982.40235796607
2025-07-02 17:00:00+00:00,9982.40235796607
2025-07-02 18:00:00+00:00,9947.90818667012
2025-07-02 19:00:00+00:00,9982.852186670121
2025-07-02 20:00:00+00:00,9996.68418667012
2025-07-02 21:00:00+00:00,9947.47138667012
2025-07-02 22:00:00+00:00,9975.74508667012
2025-07-02 23:00:00+00:00,9948.63618667012
2025-07-03 00:00:00+00:00,9920.953986670122
2025-07-03 01:00:00+00:00,9928.103354934281
2025-07-03 02:00:00+00:00,9932.835354934281
2025-07-03 03:00:00+00:00,9890.94748535647
2025-07-03 04:00:00+00:00,9890.94748535647
2025-07-03 05:00:00+00:00,9890.94748535647
2025-07-03 06:00:00+00:00,9890.94748535647
2025-07-03 07:00:00+00:00,9890.94748535647
2025-07-03 08:00:00+00:00,9890.94748535647
2025-07-03 09:00:00+00:00,9890.94748535647
2025-07-03 10:00:00+00:00,9890.94748535647
2025-07-03 11:00:00+00:00,9872.388959663427
2025-07-03 12:00:00+00:00,9851.687559663427
2025-07-03 13:00:00+00:00,9778.692264373125
2025-07-03 14:00:00+00:00,9778.692264373125
2025-07-03 15:00:00+00:00,9778.692264373125
2025-07-03 16:00:00+00:00,9778.692264373125
2025-07-03 17:00:00+00:00,9778.692264373125
2025-07-03 18:00:00+00:00,9778.692264373125
2025-07-03 19:00:00+00:00,9778.692264373125
2025-07-03 20:00:00+00:00,9778.692264373125
2025-07-03 21:00:00+00:00,9778.692264373125
2025-07-03 22:00:00+00:00,9778.692264373125
2025-07-03 23:00:00+00:00,9778.692264373125
2025-07-04 00:00:00+00:00,9778.692264373125
2025-07-04 01:00:00+00:00,9778.692264373125
2025-07-04 02:00:00+00:00,9778.692264373125
2025-07-04 03:00:00+00:00,9778.692264373125
2025-07-04 04:00:00+00:00,9778.692264373125
2025-07-04 05:00:00+00:00,9778.692264373125
2025-07-04 06:00:00+00:00,9778.692264373125
2025-07-04 07:00:00+00:00,9778.692264373125
2025-07-04 08:00:00+00:00,9778.692264373125
2025-07-04 09:00:00+00:00,9778.692264373125
2025-07-04 10:00:00+00:00,9778.692264373125
2025-07-04 11:00:00+00:00,9778.692264373125
2025-07-04 12:00:00+00:00,9778.692264373125
2025-07-04 13:00:00+00:00,9778.692264373125
2025-07-04 14:00:00+00:00,9778.692264373125
2025-07-04 15:00:00+00:00,9778.692264373125
2025-07-04 16:00:00+00:00,9778.692264373125
2025-07-04 17:00:00+00:00,9778.692264373125
2025-07-04 18:00:00+00:00,9778.692264373125
2025-07-04 19:00:00+00:00,9778.692264373125
2025-07-04 20:00:00+00:00,9778.692264373125
2025-07-04 21:00:00+00:00,9778.692264373125
2025-07-04 22:00:00+00:00,9778.692264373125
2025-07-04 23:00:00+00:00,9778.692264373125
2025-07-05 00:00:00+00:00,9778.692264373125
2025-07-05 01:00:00+00:00,9778.692264373125
2025-07-05 02:00:00+00:00,9778.692264373125
2025-07-05 03:00:00+00:00,9778.692264373125
2025-07-05 04:00:00+00:00,9778.692264373125
2025-07-05 05:00:00+00:00,9778.692264373125
2025-07-05 06:00:00+00:00,9778.692264373125
2025-07-05 07:00:00+00:00,9778.692264373125
2025-07-05 08:00:00+00:00,9778.692264373125
2025-07-05 09:00:00+00:00,9778.692264373125
2025-07-05 10:00:00+00:00,9778.692264373125
2025-07-05 11:00:00+00:00,9778.692264373125
2025-07-05 12:00:00+00:00,9778.692264373125
2025-07-05 13:00:00+00:00,9778.692264373125
2025-07-05 14:00:00+00:00,9778.692264373125
2025-07-05 15:00:00+00:00,9778.692264373125
2025-07-05 16:00:00+00:00,9778.692264373125
2025-07-05 17:00:00+00:00,9778.692264373125
2025-07-05 18:00:00+00:00,9778.692264373125
2025-07-05 19:00:00+00:00,9778.692264373125
2025-07-05 20:00:00+00:00,9778.692264373125
2025-07-05 21:00:00+00:00,9778.692264373125
2025-07-05 22:00:00+00:00,9778.692264373125
2025-07-05 23:00:00+00:00,9778.692264373125
2025-07-06 00:00:00+00:00,9778.692264373125
2025-07-06 01:00:00+00:00,9778.692264373125
2025-07-06 02:00:00+00:00,9778.692264373125
2025-07-06 03:00:00+00:00,9778.692264373125
2025-07-06 04:00:00+00:00,9778.692264373125
2025-07-06 05:00:00+00:00,9778.692264373125
2025-07-06 06:00:00+00:00,9778.692264373125
2025-07-06 07:00:00+00:00,9778.692264373125
2025-07-06 08:00:00+00:00,9778.692264373125
2025-07-06 09:00:00+00:00,9778.692264373125
2025-07-06 10:00:00+00:00,9778.692264373125
2025-07-06 11:00:00+00:00,9778.692264373125
2025-07-06 12:00:00+00:00,9778.692264373125
2025-07-06 13:00:00+00:00,9778.692264373125
2025-07-06 14:00:00+00:00,9778.692264373125
2025-07-06 15:00:00+00:00,9778.692264373125
2025-07-06 16:00:00+00:00,9778.692264373125
2025-07-06 17:00:00+00:00,9778.692264373125
2025-07-06 18:00:00+00:00,9778.692264373125
2025-07-06 19:00:00+00:00,9778.692264373125
2025-07-06 20:00:00+00:00,9778.692264373125
2025-07-06 21:00:00+00:00,9778.692264373125
2025-07-06 22:00:00+00:00,9778.692264373125
2025-07-06 23:00:00+00:00,9778.692264373125
2025-07-07 00:00:00+00:00,9778.692264373125
2025-07-07 01:00:00+00:00,9778.692264373125
2025-07-07 02:00:00+00:00,9778.692264373125
2025-07-07 03:00:00+00:00,9778.692264373125
2025-07-07 04:00:00+00:00,9778.692264373125
2025-07-07 05:00:00+00:00,9778.692264373125
2025-07-07 06:00:00+00:00,9778.692264373125
2025-07-07 07:00:00+00:00,9778.692264373125
2025-07-07 08:00:00+00:00,9778.692264373125
2025-07-07 09:00:00+00:00,9778.692264373125
2025-07-07 10:00:00+00:00,9778.692264373125
2025-07-07 11:00:00+00:00,9778.692264373125
2025-07-07 12:00:00+00:00,9778.692264373125
2025-07-07 13:00:00+00:00,9778.692264373125
2025-07-07 14:00:00+00:00,9778.692264373125
2025-07-07 15:00:00+00:00,9778.692264373125
2025-07-07 16:00:00+00:00,9778.692264373125
2025-07-07 17:00:00+00:00,9778.692264373125
2025-07-07 18:00:00+00:00,9778.692264373125
2025-07-07 19:00:00+00:00,9778.692264373125
2025-07-07 20:00:00+00:00,9778.692264373125
2025-07-07 21:00:00+00:00,9778.692264373125
2025-07-07 22:00:00+00:00,9778.692264373125
2025-07-07 23:00:00+00:00,9778.692264373125
2025-07-08 00:00:00+00:00,9778.692264373125
2025-07-08 01:00:00+00:00,9778.692264373125
2025-07-08 02:00:00+00:00,9778.692264373125
2025-07-08 03:00:00+00:00,9778.692264373125
2025-07-08 04:00:00+00:00,9778.692264373125
2025-07-08 05:00:00+00:00,9778.692264373125
2025-07-08 06:00:00+00:00,9778.692264373125
2025-07-08 07:00:00+00:00,9778.692264373125
2025-07-08 08:00:00+00:00,9778.692264373125
2025-07-08 09:00:00+00:00,9778.692264373125
2025-07-08 10:00:00+00:00,9778.692264373125
2025-07-08 11:00:00+00:00,9778.692264373125
2025-07-08 12:00:00+00:00,9778.692264373125
2025-07-08 13:00:00+00:00,9778.692264373125
2025-07-08 14:00:00+00:00,9778.692264373125
2025-07-08 15:00:00+00:00,9778.692264373125
2025-07-08 16:00:00+00:00,9778.692264373125
2025-07-08 17:00:00+00:00,9778.692264373125
2025-07-08 18:00:00+00:00,9778.692264373125
2025-07-08 19:00:00+00:00,9778.692264373125
2025-07-08 20:00:00+00:00,9778.692264373125
2025-07-08 21:00:00+00:00,9778.692264373125
2025-07-08 22:00:00+00:00,9778.692264373125
2025-07-08 23:00:00+00:00,9778.692264373125
2025-07-09 00:00:00+00:00,9778.692264373125
2025-07-09 01:00:00+00:00,9778.692264373125
2025-07-09 02:00:00+00:00,9778.692264373125
2025-07-09 03:00:00+00:00,9778.692264373125
2025-07-09 04:00:00+00:00,9778.692264373125
2025-07-09 05:00:00+00:00,9778.692264373125
2025-07-09 06:00:00+00:00,9778.692264373125
2025-07-09 07:00:00+00:00,9778.692264373125
2025-07-09 08:00:00+00:00,9778.692264373125
2025-07-09 09:00:00+00:00,9778.692264373125
2025-07-09 10:00:00+00:00,9778.692264373125
2025-07-09 11:00:00+00:00,9778.692264373125
2025-07-09 12:00:00+00:00,9778.692264373125
2025-07-09 13:00:00+00:00,9778.692264373125
2025-07-09 14:00:00+00:00,9778.692264373125
2025-07-09 15:00:00+00:00,9778.692264373125
2025-07-09 16:00:00+00:00,9778.692264373125
2025-07-09 17:00:00+00:00,9778.692264373125
2025-07-09 18:00:00+00:00,9778.692264373125
2025-07-09 19:00:00+00:00,9778.692264373125
2025-07-09 20:00:00+00:00,9778.692264373125
2025-07-09 21:00:00+00:00,9686.144911018202
2025-07-09 22:00:00+00:00,9695.783911018203
2025-07-09 23:00:00+00:00,9739.783111018203
2025-07-10 00:00:00+00:00,9729.050611018203
2025-07-10 01:00:00+00:00,9701.207373894307
2025-07-10 02:00:00+00:00,9724.754073894308
2025-07-10 03:00:00+00:00,9726.463173894306
2025-07-10 04:00:00+00:00,9714.151173894306
2025-07-10 05:00:00+00:00,9721.522173894307
2025-07-10 06:00:00+00:00,9716.986173894307
2025-07-10 07:00:00+00:00,9726.770973894307
2025-07-10 08:00:00+00:00,9726.868173894307
2025-07-10 09:00:00+00:00,9726.430219920347
2025-07-10 10:00:00+00:00,9712.530619920346
2025-07-10 11:00:00+00:00,9716.240419920347
2025-07-10 12:00:00+00:00,9711.113119920346
2025-07-10 13:00:00+00:00,9697.796719920347
2025-07-10 14:00:00+00:00,9693.665719920347
2025-07-10 15:00:00+00:00,9728.066419920347
2025-07-10 16:00:00+00:00,9740.694319920347
2025-07-10 17:00:00+00:00,9842.586895723169
2025-07-10 18:00:00+00:00,9929.321695723169
2025-07-10 19:00:00+00:00,9904.46279572317
2025-07-10 20:00:00+00:00,9892.49099572317
2025-07-10 21:00:00+00:00,9907.824295723169
2025-07-10 22:00:00+00:00,10127.943856825854
2025-07-10 23:00:00+00:00,10095.628579339333
2025-07-11 00:00:00+00:00,10095.366379339332
2025-07-11 01:00:00+00:00,10070.354819239332
2025-07-11 02:00:00+00:00,10092.134519239331
2025-07-11 03:00:00+00:00,10131.481619239332
2025-07-11 04:00:00+00:00,10143.89051923933
2025-07-11 05:00:00+00:00,10144.69421923933
2025-07-11 06:00:00+00:00,10199.402819239333
2025-07-11 07:00:00+00:00,10188.82361923933
2025-07-11 08:00:00+00:00,10183.203419239331
2025-07-11 09:00:00+00:00,10206.74700931933
2025-07-11 10:00:00+00:00,10234.76820931933
2025-07-11 11:00:00+00:00,10207.983909319331
2025-07-11 12:00:00+00:00,10198.185609319331
2025-07-11 13:00:00+00:00,10201.001409319331
2025-07-11 14:00:00+00:00,10207.23150931933
2025-07-11 15:00:00+00:00,10200.186309319331
2025-07-11 16:00:00+00:00,10135.916103361813
2025-07-11 17:00:00+00:00,10135.916103361813
2025-07-11 18:00:00+00:00,10135.916103361813
2025-07-11 19:00:00+00:00,10135.916103361813
2025-07-11 20:00:00+00:00,10135.916103361813
2025-07-11 21:00:00+00:00,10135.916103361813
2025-07-11 22:00:00+00:00,10135.916103361813
2025-07-11 23:00:00+00:00,10135.916103361813
2025-07-12 00:00:00+00:00,10135.916103361813
2025-07-12 01:00:00+00:00,10135.916103361813
2025-07-12 02:00:00+00:00,10135.916103361813
2025-07-12 03:00:00+00:00,10135.916103361813
2025-07-12 04:00:00+00:00,10135.916103361813
2025-07-12 05:00:00+00:00,10135.916103361813
2025-07-12 06:00:00+00:00,10135.916103361813
2025-07-12 07:00:00+00:00,10135.916103361813
2025-07-12 08:00:00+00:00,10135.916103361813
2025-07-12 09:00:00+00:00,10135.916103361813
2025-07-12 10:00:00+00:00,10135.916103361813
2025-07-12 11:00:00+00:00,10135.916103361813
2025-07-12 12:00:00+00:00,10135.916103361813
2025-07-12 13:00:00+00:00,10135.916103361813
2025-07-12 14:00:00+00:00,10135.916103361813
2025-07-12 15:00:00+00:00,10135.916103361813
2025-07-12 16:00:00+00:00,10135.916103361813
2025-07-12 17:00:00+00:00,10135.916103361813
2025-07-12 18:00:00+00:00,10135.916103361813
2025-07-12 19:00:00+00:00,10135.916103361813
2025-07-12 20:00:00+00:00,10135.916103361813
2025-07-12 21:00:00+00:00,10135.916103361813
2025-07-12 22:00:00+00:00,10135.916103361813
2025-07-12 23:00:00+00:00,10135.916103361813
2025-07-13 00:00:00+00:00,10135.916103361813
2025-07-13 01:00:00+00:00,10135.916103361813
2025-07-13 02:00:00+00:00,10135.916103361813
2025-07-13 03:00:00+00:00,10135.916103361813
2025-07-13 04:00:00+00:00,10135.916103361813
2025-07-13 05:00:00+00:00,10135.916103361813
2025-07-13 06:00:00+00:00,10135.916103361813
2025-07-13 07:00:00+00:00,10135.916103361813
2025-07-13 08:00:00+00:00,10135.916103361813
2025-07-13 09:00:00+00:00,10135.916103361813
2025-07-13 10:00:00+00:00,10135.916103361813
2025-07-13 11:00:00+00:00,10135.916103361813
2025-07-13 12:00:00+00:00,10135.916103361813
2025-07-13 13:00:00+00:00,10135.916103361813
2025-07-13 14:00:00+00:00,10135.916103361813
2025-07-13 15:00:00+00:00,10135.916103361813
2025-07-13 16:00:00+00:00,10135.916103361813
2025-07-13 17:00:00+00:00,10135.916103361813
2025-07-13 18:00:00+00:00,10135.916103361813
2025-07-13 19:00:00+00:00,10135.916103361813
2025-07-13 20:00:00+00:00,10135.916103361813
2025-07-13 21:00:00+00:00,10135.916103361813
2025-07-13 22:00:00+00:00,10135.916103361813
2025-07-13 23:00:00+00:00,10135.916103361813
2025-07-14 00:00:00+00:00,10135.916103361813
2025-07-14 01:00:00+00:00,10135.916103361813
2025-07-14 02:00:00+00:00,10135.916103361813
2025-07-14 03:00:00+00:00,10135.916103361813
2025-07-14 04:00:00+00:00,10223.224783739726
2025-07-14 05:00:00+00:00,10273.372783739725
2025-07-14 06:00:00+00:00,10363.168783739726
2025-07-14 07:00:00+00:00,10336.448383739726
2025-07-14 08:00:00+00:00,10389.032383739725
2025-07-14 09:00:00+00:00,10372.133466179725
2025-07-14 10:00:00+00:00,10324.169466179725
2025-07-14 11:00:00+00:00,10318.953066179725
2025-07-14 12:00:00+00:00,10282.169466179725
2025-07-14 13:00:00+00:00,10317.617466179725
2025-07-14 14:00:00+00:00,10250.22532997602
2025-07-14 15:00:00+00:00,10250.22532997602
2025-07-14 16:00:00+00:00,10250.22532997602
2025-07-14 17:00:00+00:00,10250.22532997602
2025-07-14 18:00:00+00:00,10250.22532997602
2025-07-14 19:00:00+00:00,10250.22532997602
2025-07-14 20:00:00+00:00,10250.22532997602
2025-07-14 21:00:00+00:00,10250.22532997602
2025-07-14 22:00:00+00:00,10250.22532997602
2025-07-14 23:00:00+00:00,10250.22532997602
2025-07-15 00:00:00+00:00,10250.22532997602
2025-07-15 01:00:00+00:00,10250.22532997602
2025-07-15 02:00:00+00:00,10250.22532997602
2025-07-15 03:00:00+00:00,10250.22532997602
2025-07-15 04:00:00+00:00,10250.22532997602
2025-07-15 05:00:00+00:00,10250.22532997602
2025-07-15 06:00:00+00:00,10250.22532997602
2025-07-15 07:00:00+00:00,10250.22532997602
2025-07-15 08:00:00+00:00,10250.22532997602
2025-07-15 09:00:00+00:00,10250.22532997602
2025-07-15 10:00:00+00:00,10250.22532997602
2025-07-15 11:00:00+00:00,10250.22532997602
2025-07-15 12:00:00+00:00,10250.22532997602
2025-07-15 13:00:00+00:00,10250.22532997602
2025-07-15 14:00:00+00:00,10250.22532997602
2025-07-15 15:00:00+00:00,10250.22532997602
2025-07-15 16:00:00+00:00,10250.22532997602
2025-07-15 17:00:00+00:00,10250.22532997602
2025-07-15 18:00:00+00:00,10250.22532997602
2025-07-15 19:00:00+00:00,10250.22532997602
2025-07-15 20:00:00+00:00,10250.22532997602
2025-07-15 21:00:00+00:00,10250.22532997602
2025-07-15 22:00:00+00:00,10250.22532997602
2025-07-15 23:00:00+00:00,10250.22532997602
2025-07-16 00:00:00+00:00,10250.22532997602
2025-07-16 01:00:00+00:00,10250.22532997602
2025-07-16 02:00:00+00:00,10250.22532997602
2025-07-16 03:00:00+00:00,10250.22532997602
2025-07-16 04:00:00+00:00,10250.22532997602
2025-07-16 05:00:00+00:00,10250.22532997602
2025-07-16 06:00:00+00:00,10250.22532997602
2025-07-16 07:00:00+00:00,10250.22532997602
2025-07-16 08:00:00+00:00,10250.22532997602
2025-07-16 09:00:00+00:00,10250.22532997602
2025-07-16 10:00:00+00:00,10250.22532997602
2025-07-16 11:00:00+00:00,10250.22532997602
2025-07-16 12:00:00+00:00,10250.22532997602
2025-07-16 13:00:00+00:00,10250.22532997602
2025-07-16 14:00:00+00:00,10250.22532997602
2025-07-16 15:00:00+00:00,10250.22532997602
2025-07-16 16:00:00+00:00,10250.22532997602
2025-07-16 17:00:00+00:00,10250.22532997602
2025-07-16 18:00:00+00:00,10250.22532997602
2025-07-16 19:00:00+00:00,10250.22532997602
2025-07-16 20:00:00+00:00,10250.22532997602
2025-07-16 21:00:00+00:00,10250.22532997602
2025-07-16 22:00:00+00:00,10250.22532997602
2025-07-16 23:00:00+00:00,10250.22532997602
2025-07-17 00:00:00+00:00,10250.22532997602
2025-07-17 01:00:00+00:00,10250.22532997602
2025-07-17 02:00:00+00:00,10250.22532997602
2025-07-17 03:00:00+00:00,10250.22532997602
2025-07-17 04:00:00+00:00,10250.22532997602
2025-07-17 05:00:00+00:00,10250.22532997602
2025-07-17 06:00:00+00:00,10250.22532997602
2025-07-17 07:00:00+00:00,10250.22532997602
2025-07-17 08:00:00+00:00,10250.22532997602
2025-07-17 09:00:00+00:00,10250.22532997602
2025-07-17 10:00:00+00:00,10250.22532997602
2025-07-17 11:00:00+00:00,10250.22532997602
2025-07-17 12:00:00+00:00,10250.22532997602
2025-07-17 13:00:00+00:00,10250.22532997602
2025-07-17 14:00:00+00:00,10250.22532997602
2025-07-17 15:00:00+00:00,10250.22532997602
2025-07-17 16:00:00+00:00,10250.22532997602
2025-07-17 17:00:00+00:00,10250.22532997602
2025-07-17 18:00:00+00:00,10250.22532997602
2025-07-17 19:00:00+00:00,10250.22532997602
2025-07-17 20:00:00+00:00,10250.22532997602
2025-07-17 21:00:00+00:00,10250.22532997602
2025-07-17 22:00:00+00:00,10250.22532997602
2025-07-17 23:00:00+00:00,10250.22532997602
2025-07-18 00:00:00+00:00,10250.22532997602
2025-07-18 01:00:00+00:00,10250.22532997602
2025-07-18 02:00:00+00:00,10250.22532997602
2025-07-18 03:00:00+00:00,10250.22532997602
2025-07-18 04:00:00+00:00,10250.22532997602
2025-07-18 05:00:00+00:00,10250.22532997602
2025-07-18 06:00:00+00:00,10250.22532997602
2025-07-18 07:00:00+00:00,10250.22532997602
2025-07-18 08:00:00+00:00,10250.22532997602
2025-07-18 09:00:00+00:00,10250.22532997602
2025-07-18 10:00:00+00:00,10250.22532997602
2025-07-18 11:00:00+00:00,10250.22532997602
2025-07-18 12:00:00+00:00,10250.22532997602
2025-07-18 13:00:00+00:00,10250.22532997602
2025-07-18 14:00:00+00:00,10250.22532997602
2025-07-18 15:00:00+00:00,10250.22532997602
2025-07-18 16:00:00+00:00,10250.22532997602
2025-07-18 17:00:00+00:00,10250.22532997602
2025-07-18 18:00:00+00:00,10250.22532997602
2025-07-18 19:00:00+00:00,10250.22532997602
2025-07-18 20:00:00+00:00,10250.22532997602
2025-07-18 21:00:00+00:00,10250.22532997602
2025-07-18 22:00:00+00:00,10250.22532997602
2025-07-18 23:00:00+00:00,10250.22532997602
2025-07-19 00:00:00+00:00,10250.22532997602
2025-07-19 01:00:00+00:00,10250.22532997602
2025-07-19 02:00:00+00:00,10250.22532997602
2025-07-19 03:00:00+00:00,10250.22532997602
2025-07-19 04:00:00+00:00,10250.22532997602
2025-07-19 05:00:00+00:00,10250.22532997602
2025-07-19 06:00:00+00:00,10250.22532997602
2025-07-19 07:00:00+00:00,10250.22532997602
2025-07-19 08:00:00+00:00,10250.22532997602
2025-07-19 09:00:00+00:00,10250.22532997602
2025-07-19 10:00:00+00:00,10250.22532997602
2025-07-19 11:00:00+00:00,10250.22532997602
2025-07-19 12:00:00+00:00,10250.22532997602
2025-07-19 13:00:00+00:00,10250.22532997602
2025-07-19 14:00:00+00:00,10250.22532997602
2025-07-19 15:00:00+00:00,10250.22532997602
2025-07-19 16:00:00+00:00,10250.22532997602
2025-07-19 17:00:00+00:00,10250.22532997602
2025-07-19 18:00:00+00:00,10250.22532997602
2025-07-19 19:00:00+00:00,10250.22532997602
2025-07-19 20:00:00+00:00,10250.22532997602
2025-07-19 21:00:00+00:00,10250.22532997602
2025-07-19 22:00:00+00:00,10250.22532997602
2025-07-19 23:00:00+00:00,10250.22532997602
2025-07-20 00:00:00+00:00,10250.22532997602
2025-07-20 01:00:00+00:00,10250.22532997602
2025-07-20 02:00:00+00:00,10250.22532997602
2025-07-20 03:00:00+00:00,10250.22532997602
2025-07-20 04:00:00+00:00,10250.22532997602
2025-07-20 05:00:00+00:00,10250.22532997602
2025-07-20 06:00:00+00:00,10250.22532997602
2025-07-20 07:00:00+00:00,10250.22532997602
2025-07-20 08:00:00+00:00,10250.22532997602
2025-07-20 09:00:00+00:00,10250.22532997602
2025-07-20 10:00:00+00:00,10250.22532997602
2025-07-20 11:00:00+00:00,10250.22532997602
2025-07-20 12:00:00+00:00,10250.22532997602
2025-07-20 13:00:00+00:00,10250.22532997602
2025-07-20 14:00:00+00:00,10250.22532997602
2025-07-20 15:00:00+00:00,10250.22532997602
2025-07-20 16:00:00+00:00,10250.22532997602
2025-07-20 17:00:00+00:00,10250.22532997602
2025-07-20 18:00:00+00:00,10250.22532997602
2025-07-20 19:00:00+00:00,10250.22532997602
2025-07-20 20:00:00+00:00,10250.22532997602
2025-07-20 21:00:00+00:00,10250.22532997602
2025-07-20 22:00:00+00:00,10250.22532997602
2025-07-20 23:00:00+00:00,10250.22532997602
2025-07-21 00:00:00+00:00,10250.22532997602
2025-07-21 01:00:00+00:00,10250.22532997602
2025-07-21 02:00:00+00:00,10250.22532997602
2025-07-21 03:00:00+00:00,10250.22532997602
2025-07-21 04:00:00+00:00,10250.22532997602
2025-07-21 05:00:00+00:00,10250.22532997602
2025-07-21 06:00:00+00:00,10250.22532997602
2025-07-21 07:00:00+00:00,10250.22532997602
2025-07-21 08:00:00+00:00,10250.22532997602
2025-07-21 09:00:00+00:00,10250.22532997602
2025-07-21 10:00:00+00:00,10250.22532997602
2025-07-21 11:00:00+00:00,10250.22532997602
2025-07-21 12:00:00+00:00,10250.22532997602
2025-07-21 13:00:00+00:00,10250.22532997602
2025-07-21 14:00:00+00:00,10250.22532997602
2025-07-21 15:00:00+00:00,10250.22532997602
2025-07-21 16:00:00+00:00,10250.22532997602
2025-07-21 17:00:00+00:00,10250.22532997602
2025-07-21 18:00:00+00:00,10250.22532997602
2025-07-21 19:00:00+00:00,10250.22532997602
2025-07-21 20:00:00+00:00,10250.22532997602
2025-07-21 21:00:00+00:00,10250.22532997602
2025-07-21 22:00:00+00:00,10250.22532997602
2025-07-21 23:00:00+00:00,10250.22532997602
2025-07-22 00:00:00+00:00,10250.22532997602
2025-07-22 01:00:00+00:00,10250.22532997602
2025-07-22 02:00:00+00:00,10250.22532997602
2025-07-22 03:00:00+00:00,10250.22532997602
2025-07-22 04:00:00+00:00,10250.22532997602
2025-07-22 05:00:00+00:00,10250.22532997602
2025-07-22 06:00:00+00:00,10250.22532997602
2025-07-22 07:00:00+00:00,10250.22532997602
2025-07-22 08:00:00+00:00,10250.22532997602
2025-07-22 09:00:00+00:00,10250.22532997602
2025-07-22 10:00:00+00:00,10250.22532997602
2025-07-22 11:00:00+00:00,10250.22532997602
2025-07-22 12:00:00+00:00,10250.22532997602
2025-07-22 13:00:00+00:00,10250.22532997602
2025-07-22 14:00:00+00:00,10250.22532997602
2025-07-22 15:00:00+00:00,10250.22532997602
2025-07-22 16:00:00+00:00,10250.22532997602
2025-07-22 17:00:00+00:00,10250.22532997602
2025-07-22 18:00:00+00:00,10250.22532997602
2025-07-22 19:00:00+00:00,10250.22532997602
2025-07-22 20:00:00+00:00,10250.22532997602
2025-07-22 21:00:00+00:00,10250.22532997602
2025-07-22 22:00:00+00:00,10250.22532997602
2025-07-22 23:00:00+00:00,10250.22532997602
2025-07-23 00:00:00+00:00,10250.22532997602
2025-07-23 01:00:00+00:00,10250.22532997602
2025-07-23 02:00:00+00:00,10250.22532997602
2025-07-23 03:00:00+00:00,10250.22532997602
2025-07-23 04:00:00+00:00,10250.22532997602
2025-07-23 05:00:00+00:00,10250.22532997602
2025-07-23 06:00:00+00:00,10250.22532997602
2025-07-23 07:00:00+00:00,10250.22532997602
2025-07-23 08:00:00+00:00,10250.22532997602
2025-07-23 09:00:00+00:00,10250.22532997602
2025-07-23 10:00:00+00:00,10250.22532997602
2025-07-23 11:00:00+00:00,10250.22532997602
2025-07-23 12:00:00+00:00,10250.22532997602
2025-07-23 13:00:00+00:00,10250.22532997602
2025-07-23 14:00:00+00:00,10250.22532997602
2025-07-23 15:00:00+00:00,10250.22532997602
2025-07-23 16:00:00+00:00,10250.22532997602
2025-07-23 17:00:00+00:00,10250.22532997602
2025-07-23 18:00:00+00:00,10250.22532997602
2025-07-23 19:00:00+00:00,10250.22532997602
2025-07-23 20:00:00+00:00,10250.22532997602
2025-07-23 21:00:00+00:00,10250.22532997602
2025-07-23 22:00:00+00:00,10250.22532997602
2025-07-23 23:00:00+00:00,10250.22532997602
2025-07-24 00:00:00+00:00,10250.22532997602
2025-07-24 01:00:00+00:00,10250.22532997602
2025-07-24 02:00:00+00:00,10250.22532997602
2025-07-24 03:00:00+00:00,10250.22532997602
2025-07-24 04:00:00+00:00,10250.22532997602
2025-07-24 05:00:00+00:00,10250.22532997602
2025-07-24 06:00:00+00:00,10250.22532997602
2025-07-24 07:00:00+00:00,10250.22532997602
2025-07-24 08:00:00+00:00,10250.22532997602
2025-07-24 09:00:00+00:00,10250.22532997602
2025-07-24 10:00:00+00:00,10250.22532997602
2025-07-24 11:00:00+00:00,10250.22532997602
2025-07-24 12:00:00+00:00,10250.22532997602
2025-07-24 13:00:00+00:00,10250.22532997602
2025-07-24 14:00:00+00:00,10250.22532997602
2025-07-24 15:00:00+00:00,10250.22532997602
2025-07-24 16:00:00+00:00,10250.22532997602
2025-07-24 17:00:00+00:00,10250.22532997602
2025-07-24 18:00:00+00:00,10250.22532997602
2025-07-24 19:00:00+00:00,10250.22532997602
2025-07-24 20:00:00+00:00,10250.22532997602
2025-07-24 21:00:00+00:00,10250.22532997602
2025-07-24 22:00:00+00:00,10250.22532997602
2025-07-24 23:00:00+00:00,10250.22532997602
2025-07-25 00:00:00+00:00,10250.22532997602
2025-07-25 01:00:00+00:00,10250.22532997602
2025-07-25 02:00:00+00:00,10250.22532997602
2025-07-25 03:00:00+00:00,10250.22532997602
2025-07-25 04:00:00+00:00,10250.22532997602
2025-07-25 05:00:00+00:00,10250.22532997602
2025-07-25 06:00:00+00:00,10250.22532997602
2025-07-25 07:00:00+00:00,10250.22532997602
2025-07-25 08:00:00+00:00,10250.22532997602
2025-07-25 09:00:00+00:00,10250.22532997602
2025-07-25 10:00:00+00:00,10250.22532997602
2025-07-25 11:00:00+00:00,10250.22532997602
2025-07-25 12:00:00+00:00,10250.22532997602
2025-07-25 13:00:00+00:00,10250.22532997602
2025-07-25 14:00:00+00:00,10250.22532997602
2025-07-25 15:00:00+00:00,10250.22532997602
2025-07-25 16:00:00+00:00,10250.22532997602
2025-07-25 17:00:00+00:00,10250.22532997602
2025-07-25 18:00:00+00:00,10250.22532997602
2025-07-25 19:00:00+00:00,10250.22532997602
2025-07-25 20:00:00+00:00,10250.22532997602
2025-07-25 21:00:00+00:00,10250.22532997602
2025-07-25 22:00:00+00:00,10250.22532997602
2025-07-25 23:00:00+00:00,10250.22532997602
2025-07-26 00:00:00+00:00,10250.22532997602
2025-07-26 01:00:00+00:00,10250.22532997602
2025-07-26 02:00:00+00:00,10250.22532997602
2025-07-26 03:00:00+00:00,10250.22532997602
2025-07-26 04:00:00+00:00,10250.22532997602
2025-07-26 05:00:00+00:00,10250.22532997602
2025-07-26 06:00:00+00:00,10250.22532997602
2025-07-26 07:00:00+00:00,10250.22532997602
2025-07-26 08:00:00+00:00,10250.22532997602
2025-07-26 09:00:00+00:00,10250.22532997602
2025-07-26 10:00:00+00:00,10250.22532997602
2025-07-26 11:00:00+00:00,10250.22532997602
2025-07-26 12:00:00+00:00,10250.22532997602
2025-07-26 13:00:00+00:00,10250.22532997602
2025-07-26 14:00:00+00:00,10250.22532997602
2025-07-26 15:00:00+00:00,10250.22532997602
2025-07-26 16:00:00+00:00,10250.22532997602
2025-07-26 17:00:00+00:00,10250.22532997602
2025-07-26 18:00:00+00:00,10250.22532997602
2025-07-26 19:00:00+00:00,10250.22532997602
2025-07-26 20:00:00+00:00,10250.22532997602
2025-07-26 21:00:00+00:00,10250.22532997602
2025-07-26 22:00:00+00:00,10250.22532997602
2025-07-26 23:00:00+00:00,10250.22532997602
2025-07-27 00:00:00+00:00,10250.22532997602
2025-07-27 01:00:00+00:00,10250.22532997602
2025-07-27 02:00:00+00:00,10250.22532997602
2025-07-27 03:00:00+00:00,10250.22532997602
2025-07-27 04:00:00+00:00,10250.22532997602
2025-07-27 05:00:00+00:00,10250.22532997602
2025-07-27 06:00:00+00:00,10250.22532997602
2025-07-27 07:00:00+00:00,10250.22532997602
2025-07-27 08:00:00+00:00,10250.22532997602
2025-07-27 09:00:00+00:00,10250.22532997602
2025-07-27 10:00:00+00:00,10250.22532997602
2025-07-27 11:00:00+00:00,10250.22532997602
2025-07-27 12:00:00+00:00,10250.22532997602
2025-07-27 13:00:00+00:00,10250.22532997602
2025-07-27 14:00:00+00:00,10250.22532997602
2025-07-27 15:00:00+00:00,10250.22532997602
2025-07-27 16:00:00+00:00,10250.22532997602
2025-07-27 17:00:00+00:00,10250.22532997602
2025-07-27 18:00:00+00:00,10250.22532997602
2025-07-27 19:00:00+00:00,10250.22532997602
2025-07-27 20:00:00+00:00,10250.22532997602
2025-07-27 21:00:00+00:00,10250.22532997602
2025-07-27 22:00:00+00:00,10250.22532997602
2025-07-27 23:00:00+00:00,10250.22532997602
2025-07-28 00:00:00+00:00,10250.22532997602
2025-07-28 01:00:00+00:00,10250.22532997602
2025-07-28 02:00:00+00:00,10250.22532997602
2025-07-28 03:00:00+00:00,10250.22532997602
2025-07-28 04:00:00+00:00,10250.22532997602
2025-07-28 05:00:00+00:00,10250.22532997602
2025-07-28 06:00:00+00:00,10250.22532997602
2025-07-28 07:00:00+00:00,10250.22532997602
2025-07-28 08:00:00+00:00,10250.22532997602
2025-07-28 09:00:00+00:00,10250.22532997602
2025-07-28 10:00:00+00:00,10250.22532997602
2025-07-28 11:00:00+00:00,10250.22532997602
2025-07-28 12:00:00+00:00,10250.22532997602
2025-07-28 13:00:00+00:00,10250.22532997602
2025-07-28 14:00:00+00:00,10250.22532997602
2025-07-28 15:00:00+00:00,10250.22532997602
2025-07-28 16:00:00+00:00,10250.22532997602
2025-07-28 17:00:00+00:00,10250.22532997602
2025-07-28 18:00:00+00:00,10250.22532997602
2025-07-28 19:00:00+00:00,10250.22532997602
2025-07-28 20:00:00+00:00,10250.22532997602
2025-07-28 21:00:00+00:00,10250.22532997602
2025-07-28 22:00:00+00:00,10250.22532997602
2025-07-28 23:00:00+00:00,10250.22532997602
2025-07-29 00:00:00+00:00,10250.22532997602
2025-07-29 01:00:00+00:00,10250.22532997602
2025-07-29 02:00:00+00:00,10250.22532997602
2025-07-29 03:00:00+00:00,10250.22532997602
2025-07-29 04:00:00+00:00,10250.22532997602
2025-07-29 05:00:00+00:00,10250.22532997602
2025-07-29 06:00:00+00:00,10250.22532997602
2025-07-29 07:00:00+00:00,10250.22532997602
2025-07-29 08:00:00+00:00,10250.22532997602
2025-07-29 09:00:00+00:00,10250.22532997602
2025-07-29 10:00:00+00:00,10250.22532997602
2025-07-29 11:00:00+00:00,10250.22532997602
2025-07-29 12:00:00+00:00,10250.22532997602
2025-07-29 13:00:00+00:00,10250.22532997602
2025-07-29 14:00:00+00:00,10250.22532997602
2025-07-29 15:00:00+00:00,10250.22532997602
2025-07-29 16:00:00+00:00,10250.22532997602
2025-07-29 17:00:00+00:00,10250.22532997602
2025-07-29 18:00:00+00:00,10250.22532997602
2025-07-29 19:00:00+00:00,10250.22532997602
2025-07-29 20:00:00+00:00,10250.22532997602
2025-07-29 21:00:00+00:00,10250.22532997602
2025-07-29 22:00:00+00:00,10250.22532997602
2025-07-29 23:00:00+00:00,10250.22532997602
2025-07-30 00:00:00+00:00,10250.22532997602
2025-07-30 01:00:00+00:00,10250.22532997602
2025-07-30 02:00:00+00:00,10250.22532997602
2025-07-30 03:00:00+00:00,10250.22532997602
2025-07-30 04:00:00+00:00,10250.22532997602
2025-07-30 05:00:00+00:00,10250.22532997602
2025-07-30 06:00:00+00:00,10250.22532997602
2025-07-30 07:00:00+00:00,10250.22532997602
2025-07-30 08:00:00+00:00,10250.22532997602
2025-07-30 09:00:00+00:00,10250.22532997602
2025-07-30 10:00:00+00:00,10250.22532997602
2025-07-30 11:00:00+00:00,10250.22532997602
2025-07-30 12:00:00+00:00,10250.22532997602
2025-07-30 13:00:00+00:00,10250.22532997602
2025-07-30 14:00:00+00:00,10250.22532997602
2025-07-30 15:00:00+00:00,10250.22532997602
2025-07-30 16:00:00+00:00,10250.22532997602
2025-07-30 17:00:00+00:00,10250.22532997602
2025-07-30 18:00:00+00:00,10250.22532997602
2025-07-30 19:00:00+00:00,10250.22532997602
2025-07-30 20:00:00+00:00,10250.22532997602
2025-07-30 21:00:00+00:00,10250.22532997602
2025-07-30 22:00:00+00:00,10250.22532997602
2025-07-30 23:00:00+00:00,10250.22532997602
2025-07-31 00:00:00+00:00,10250.22532997602
2025-07-31 01:00:00+00:00,10250.22532997602
2025-07-31 02:00:00+00:00,10250.22532997602
2025-07-31 03:00:00+00:00,10250.22532997602
2025-07-31 04:00:00+00:00,10250.22532997602
2025-07-31 05:00:00+00:00,10250.22532997602
2025-07-31 06:00:00+00:00,10250.22532997602
2025-07-31 07:00:00+00:00,10250.22532997602
2025-07-31 08:00:00+00:00,10250.22532997602
2025-07-31 09:00:00+00:00,10250.22532997602
2025-07-31 10:00:00+00:00,10250.22532997602
2025-07-31 11:00:00+00:00,10250.22532997602
2025-07-31 12:00:00+00:00,10250.22532997602
2025-07-31 13:00:00+00:00,10250.22532997602
2025-07-31 14:00:00+00:00,10250.22532997602
2025-07-31 15:00:00+00:00,10250.22532997602
2025-07-31 16:00:00+00:00,10250.22532997602
2025-07-31 17:00:00+00:00,10250.22532997602
2025-07-31 18:00:00+00:00,10250.22532997602
2025-07-31 19:00:00+00:00,10250.22532997602
2025-07-31 20:00:00+00:00,10250.22532997602
2025-07-31 21:00:00+00:00,10250.22532997602
2025-07-31 22:00:00+00:00,10250.22532997602
2025-07-31 23:00:00+00:00,10250.22532997602
2025-08-01 00:00:00+00:00,10250.22532997602
2025-08-01 01:00:00+00:00,10250.22532997602
2025-08-01 02:00:00+00:00,10250.22532997602
2025-08-01 03:00:00+00:00,10250.22532997602
2025-08-01 04:00:00+00:00,10250.22532997602
2025-08-01 05:00:00+00:00,10250.22532997602
2025-08-01 06:00:00+00:00,10250.22532997602
2025-08-01 07:00:00+00:00,10250.22532997602
2025-08-01 08:00:00+00:00,10250.22532997602
2025-08-01 09:00:00+00:00,10250.22532997602
2025-08-01 10:00:00+00:00,10250.22532997602
2025-08-01 11:00:00+00:00,10250.22532997602
2025-08-01 12:00:00+00:00,10250.22532997602
2025-08-01 13:00:00+00:00,10250.22532997602
2025-08-01 14:00:00+00:00,10250.22532997602
2025-08-01 15:00:00+00:00,10250.22532997602
2025-08-01 16:00:00+00:00,10250.22532997602
2025-08-01 17:00:00+00:00,10250.22532997602
2025-08-01 18:00:00+00:00,10250.22532997602
2025-08-01 19:00:00+00:00,10250.22532997602
2025-08-01 20:00:00+00:00,10274.54725756402
2025-08-01 21:00:00+00:00,10239.252857564019
2025-08-01 22:00:00+00:00,10242.51325756402
2025-08-01 23:00:00+00:00,10284.53365756402
2025-08-02 00:00:00+00:00,10275.73855756402
2025-08-02 01:00:00+00:00,10246.68138256402
2025-08-02 02:00:00+00:00,10255.943882564019
2025-08-02 03:00:00+00:00,10252.86588256402
2025-08-02 04:00:00+00:00,10241.94468256402
2025-08-02 05:00:00+00:00,10235.03628256402
2025-08-02 06:00:00+00:00,10237.36188256402
2025-08-02 07:00:00+00:00,10253.29908256402
2025-08-02 08:00:00+00:00,10238.25678256402
2025-08-02 09:00:00+00:00,10255.074035773716
2025-08-02 10:00:00+00:00,10254.367235773716
2025-08-02 11:00:00+00:00,10262.181935773717
2025-08-02 12:00:00+00:00,10249.146035773716
2025-08-02 13:00:00+00:00,10256.835335773716
2025-08-02 14:00:00+00:00,10266.759035773717
2025-08-02 15:00:00+00:00,10287.450035773716
2025-08-02 16:00:00+00:00,10302.230135773716
2025-08-02 17:00:00+00:00,10282.461406033715
2025-08-02 18:00:00+00:00,10309.587706033715
2025-08-02 19:00:00+00:00,10331.715106033716
2025-08-02 20:00:00+00:00,10338.087706033715
2025-08-02 21:00:00+00:00,10305.381106033716
2025-08-02 22:00:00+00:00,10302.542506033717
2025-08-02 23:00:00+00:00,10302.411406033716
2025-08-03 00:00:00+00:00,10319.961706033715
2025-08-03 01:00:00+00:00,10298.749167433716
2025-08-03 02:00:00+00:00,10289.891367433716
2025-08-03 03:00:00+00:00,10263.539137165713
2025-08-03 04:00:00+00:00,10263.539137165713
2025-08-03 05:00:00+00:00,10263.539137165713
2025-08-03 06:00:00+00:00,10263.539137165713
2025-08-03 07:00:00+00:00,10263.539137165713
2025-08-03 08:00:00+00:00,10263.539137165713
2025-08-03 09:00:00+00:00,10263.539137165713
2025-08-03 10:00:00+00:00,10263.539137165713
2025-08-03 11:00:00+00:00,10263.539137165713
2025-08-03 12:00:00+00:00,10263.539137165713
2025-08-03 13:00:00+00:00,10263.539137165713
2025-08-03 14:00:00+00:00,10263.539137165713
2025-08-03 15:00:00+00:00,10263.539137165713
2025-08-03 16:00:00+00:00,10263.539137165713
2025-08-03 17:00:00+00:00,10263.539137165713
2025-08-03 18:00:00+00:00,10263.539137165713
2025-08-03 19:00:00+00:00,10263.539137165713
2025-08-03 20:00:00+00:00,10263.539137165713
2025-08-03 21:00:00+00:00,10263.539137165713
2025-08-03 22:00:00+00:00,10263.539137165713
2025-08-03 23:00:00+00:00,10263.539137165713
2025-08-04 00:00:00+00:00,10263.539137165713
2025-08-04 01:00:00+00:00,10263.539137165713
2025-08-04 02:00:00+00:00,10263.539137165713
2025-08-04 03:00:00+00:00,10263.539137165713
2025-08-04 04:00:00+00:00,10263.539137165713
2025-08-04 05:00:00+00:00,10263.539137165713
2025-08-04 06:00:00+00:00,10263.539137165713
2025-08-04 07:00:00+00:00,10263.539137165713
2025-08-04 08:00:00+00:00,10263.539137165713
2025-08-04 09:00:00+00:00,10263.539137165713
2025-08-04 10:00:00+00:00,10263.539137165713
2025-08-04 11:00:00+00:00,10263.539137165713
2025-08-04 12:00:00+00:00,10263.539137165713
2025-08-04 13:00:00+00:00,10263.539137165713
2025-08-04 14:00:00+00:00,10263.539137165713
2025-08-04 15:00:00+00:00,10263.539137165713
2025-08-04 16:00:00+00:00,10263.539137165713
2025-08-04 17:00:00+00:00,10263.539137165713
2025-08-04 18:00:00+00:00,10263.539137165713
2025-08-04 19:00:00+00:00,10263.539137165713
2025-08-04 20:00:00+00:00,10263.539137165713
2025-08-04 21:00:00+00:00,10263.539137165713
2025-08-04 22:00:00+00:00,10263.539137165713
2025-08-04 23:00:00+00:00,10263.539137165713
2025-08-05 00:00:00+00:00,10263.539137165713
2025-08-05 01:00:00+00:00,10263.539137165713
2025-08-05 02:00:00+00:00,10263.539137165713
2025-08-05 03:00:00+00:00,10263.539137165713
2025-08-05 04:00:00+00:00,10263.539137165713
2025-08-05 05:00:00+00:00,10263.539137165713
2025-08-05 06:00:00+00:00,10263.539137165713
2025-08-05 07:00:00+00:00,10263.539137165713
2025-08-05 08:00:00+00:00,10263.539137165713
2025-08-05 09:00:00+00:00,10263.539137165713
2025-08-05 10:00:00+00:00,10263.539137165713
2025-08-05 11:00:00+00:00,10263.539137165713
2025-08-05 12:00:00+00:00,10263.539137165713
2025-08-05 13:00:00+00:00,10263.539137165713
2025-08-05 14:00:00+00:00,10263.539137165713
2025-08-05 15:00:00+00:00,10263.539137165713
2025-08-05 16:00:00+00:00,10263.539137165713
2025-08-05 17:00:00+00:00,10263.539137165713
2025-08-05 18:00:00+00:00,10263.539137165713
2025-08-05 19:00:00+00:00,10263.539137165713
2025-08-05 20:00:00+00:00,10263.539137165713
2025-08-05 21:00:00+00:00,10263.539137165713
2025-08-05 22:00:00+00:00,10263.539137165713
2025-08-05 23:00:00+00:00,10263.539137165713
2025-08-06 00:00:00+00:00,10263.539137165713
2025-08-06 01:00:00+00:00,10263.539137165713
2025-08-06 02:00:00+00:00,10263.539137165713
2025-08-06 03:00:00+00:00,10263.539137165713
2025-08-06 04:00:00+00:00,10263.539137165713
2025-08-06 05:00:00+00:00,10263.539137165713
2025-08-06 06:00:00+00:00,10263.539137165713
2025-08-06 07:00:00+00:00,10263.539137165713
2025-08-06 08:00:00+00:00,10263.539137165713
2025-08-06 09:00:00+00:00,10263.539137165713
2025-08-06 10:00:00+00:00,10263.539137165713
2025-08-06 11:00:00+00:00,10263.539137165713
2025-08-06 12:00:00+00:00,10263.539137165713
2025-08-06 13:00:00+00:00,10263.539137165713
2025-08-06 14:00:00+00:00,10263.539137165713
2025-08-06 15:00:00+00:00,10263.539137165713
2025-08-06 16:00:00+00:00,10263.539137165713
2025-08-06 17:00:00+00:00,10263.539137165713
2025-08-06 18:00:00+00:00,10263.539137165713
2025-08-06 19:00:00+00:00,10263.539137165713
2025-08-06 20:00:00+00:00,10263.539137165713
2025-08-06 21:00:00+00:00,10263.539137165713
2025-08-06 22:00:00+00:00,10263.539137165713
2025-08-06 23:00:00+00:00,10263.539137165713
2025-08-07 00:00:00+00:00,10263.539137165713
2025-08-07 01:00:00+00:00,10263.539137165713
2025-08-07 02:00:00+00:00,10263.539137165713
2025-08-07 03:00:00+00:00,10263.539137165713
2025-08-07 04:00:00+00:00,10263.539137165713
2025-08-07 05:00:00+00:00,10263.539137165713
2025-08-07 06:00:00+00:00,10263.539137165713
2025-08-07 07:00:00+00:00,10263.539137165713
2025-08-07 08:00:00+00:00,10263.539137165713
2025-08-07 09:00:00+00:00,10263.539137165713
2025-08-07 10:00:00+00:00,10263.539137165713
2025-08-07 11:00:00+00:00,10263.539137165713
2025-08-07 12:00:00+00:00,10263.539137165713
2025-08-07 13:00:00+00:00,10263.539137165713
2025-08-07 14:00:00+00:00,10263.539137165713
2025-08-07 15:00:00+00:00,10263.539137165713
2025-08-07 16:00:00+00:00,10263.539137165713
2025-08-07 17:00:00+00:00,10263.539137165713
2025-08-07 18:00:00+00:00,10263.539137165713
2025-08-07 19:00:00+00:00,10263.539137165713
2025-08-07 20:00:00+00:00,10263.539137165713
2025-08-07 21:00:00+00:00,10263.539137165713
2025-08-07 22:00:00+00:00,10263.539137165713
2025-08-07 23:00:00+00:00,10263.539137165713
2025-08-08 00:00:00+00:00,10247.176077811888
2025-08-08 01:00:00+00:00,10228.693547251887
2025-08-08 02:00:00+00:00,10196.390447251886
2025-08-08 03:00:00+00:00,10179.886547251886
2025-08-08 04:00:00+00:00,10183.140347251887
2025-08-08 05:00:00+00:00,10183.218647251886
2025-08-08 06:00:00+00:00,10163.286947251887
2025-08-08 07:00:00+00:00,10146.358115852147
2025-08-08 08:00:00+00:00,10146.358115852147
2025-08-08 09:00:00+00:00,10146.358115852147
2025-08-08 10:00:00+00:00,10146.358115852147
2025-08-08 11:00:00+00:00,10146.358115852147
2025-08-08 12:00:00+00:00,10146.358115852147
2025-08-08 13:00:00+00:00,10146.358115852147
2025-08-08 14:00:00+00:00,10146.358115852147
2025-08-08 15:00:00+00:00,10146.358115852147
2025-08-08 16:00:00+00:00,10146.358115852147
2025-08-08 17:00:00+00:00,10146.358115852147
2025-08-08 18:00:00+00:00,10146.358115852147
2025-08-08 19:00:00+00:00,10146.358115852147
2025-08-08 20:00:00+00:00,10146.358115852147
2025-08-08 21:00:00+00:00,10146.358115852147
2025-08-08 22:00:00+00:00,10146.358115852147
2025-08-08 23:00:00+00:00,10146.358115852147
2025-08-09 00:00:00+00:00,10146.358115852147
2025-08-09 01:00:00+00:00,10146.358115852147
2025-08-09 02:00:00+00:00,10146.358115852147
2025-08-09 03:00:00+00:00,10146.358115852147
2025-08-09 04:00:00+00:00,10146.358115852147
2025-08-09 05:00:00+00:00,10146.358115852147
2025-08-09 06:00:00+00:00,10146.358115852147
2025-08-09 07:00:00+00:00,10146.358115852147
2025-08-09 08:00:00+00:00,10146.358115852147
2025-08-09 09:00:00+00:00,10146.358115852147
2025-08-09 10:00:00+00:00,10146.358115852147
2025-08-09 11:00:00+00:00,10146.358115852147
2025-08-09 12:00:00+00:00,10146.358115852147
2025-08-09 13:00:00+00:00,10146.358115852147
2025-08-09 14:00:00+00:00,10146.358115852147
2025-08-09 15:00:00+00:00,10146.358115852147
2025-08-09 16:00:00+00:00,10146.358115852147
2025-08-09 17:00:00+00:00,10146.358115852147
2025-08-09 18:00:00+00:00,10146.358115852147
2025-08-09 19:00:00+00:00,10146.358115852147
2025-08-09 20:00:00+00:00,10146.358115852147
2025-08-09 21:00:00+00:00,10146.358115852147
2025-08-09 22:00:00+00:00,10146.358115852147
2025-08-09 23:00:00+00:00,10146.358115852147
2025-08-10 00:00:00+00:00,10146.358115852147
2025-08-10 01:00:00+00:00,10146.358115852147
2025-08-10 02:00:00+00:00,10146.358115852147
2025-08-10 03:00:00+00:00,10146.358115852147
2025-08-10 04:00:00+00:00,10146.358115852147
2025-08-10 05:00:00+00:00,10135.419629617567
2025-08-10 06:00:00+00:00,10098.725129617565
2025-08-10 07:00:00+00:00,10100.943629617566
2025-08-10 08:00:00+00:00,10056.086412734701
2025-08-10 09:00:00+00:00,10056.086412734701
2025-08-10 10:00:00+00:00,10056.086412734701
2025-08-10 11:00:00+00:00,10056.086412734701
2025-08-10 12:00:00+00:00,10056.086412734701
2025-08-10 13:00:00+00:00,10056.086412734701
2025-08-10 14:00:00+00:00,10056.086412734701
2025-08-10 15:00:00+00:00,10056.086412734701
2025-08-10 16:00:00+00:00,10047.692962203782
2025-08-10 17:00:00+00:00,10034.926764003781
2025-08-10 18:00:00+00:00,10023.603564003783
2025-08-10 19:00:00+00:00,10024.544364003783
2025-08-10 20:00:00+00:00,10033.893564003782
2025-08-10 21:00:00+00:00,10005.106764003782
2025-08-10 22:00:00+00:00,10039.395564003782
2025-08-10 23:00:00+00:00,10069.702764003781
2025-08-11 00:00:00+00:00,10090.417164003782
2025-08-11 01:00:00+00:00,10073.622993603783
2025-08-11 02:00:00+00:00,10148.550993603783
2025-08-11 03:00:00+00:00,10302.304593603782
2025-08-11 04:00:00+00:00,10291.014993603783
2025-08-11 05:00:00+00:00,10323.102993603783
2025-08-11 06:00:00+00:00,10320.994593603782
2025-08-11 07:00:00+00:00,10341.742593603782
2025-08-11 08:00:00+00:00,10277.558193603783
2025-08-11 09:00:00+00:00,10289.070008043782
2025-08-11 10:00:00+00:00,10233.626796681832
2025-08-11 11:00:00+00:00,10233.626796681832
2025-08-11 12:00:00+00:00,10233.626796681832
2025-08-11 13:00:00+00:00,10233.626796681832
2025-08-11 14:00:00+00:00,10233.626796681832
2025-08-11 15:00:00+00:00,10233.626796681832
2025-08-11 16:00:00+00:00,10233.626796681832
2025-08-11 17:00:00+00:00,10233.626796681832
2025-08-11 18:00:00+00:00,10233.626796681832
2025-08-11 19:00:00+00:00,10233.626796681832
2025-08-11 20:00:00+00:00,10233.626796681832
2025-08-11 21:00:00+00:00,10233.626796681832
2025-08-11 22:00:00+00:00,10233.626796681832
2025-08-11 23:00:00+00:00,10233.626796681832
2025-08-12 00:00:00+00:00,10233.626796681832
2025-08-12 01:00:00+00:00,10233.626796681832
2025-08-12 02:00:00+00:00,10233.626796681832
2025-08-12 03:00:00+00:00,10233.626796681832
2025-08-12 04:00:00+00:00,10233.626796681832
2025-08-12 05:00:00+00:00,10233.626796681832
2025-08-12 06:00:00+00:00,10233.626796681832
2025-08-12 07:00:00+00:00,10233.626796681832
2025-08-12 08:00:00+00:00,10233.626796681832
2025-08-12 09:00:00+00:00,10233.626796681832
2025-08-12 10:00:00+00:00,10233.626796681832
2025-08-12 11:00:00+00:00,10233.626796681832
2025-08-12 12:00:00+00:00,10233.626796681832
2025-08-12 13:00:00+00:00,10233.626796681832
2025-08-12 14:00:00+00:00,10233.626796681832
2025-08-12 15:00:00+00:00,10233.626796681832
2025-08-12 16:00:00+00:00,10233.626796681832
2025-08-12 17:00:00+00:00,10233.626796681832
2025-08-12 18:00:00+00:00,10233.626796681832
2025-08-12 19:00:00+00:00,10233.626796681832
2025-08-12 20:00:00+00:00,10233.626796681832
2025-08-12 21:00:00+00:00,10233.626796681832
2025-08-12 22:00:00+00:00,10233.626796681832
2025-08-12 23:00:00+00:00,10233.626796681832
2025-08-13 00:00:00+00:00,10233.626796681832
2025-08-13 01:00:00+00:00,10233.626796681832
2025-08-13 02:00:00+00:00,10233.626796681832
2025-08-13 03:00:00+00:00,10233.626796681832
2025-08-13 04:00:00+00:00,10233.626796681832
2025-08-13 05:00:00+00:00,10233.626796681832
2025-08-13 06:00:00+00:00,10233.626796681832
2025-08-13 07:00:00+00:00,10233.626796681832
2025-08-13 08:00:00+00:00,10233.626796681832
2025-08-13 09:00:00+00:00,10233.626796681832
2025-08-13 10:00:00+00:00,10233.626796681832
2025-08-13 11:00:00+00:00,10233.626796681832
2025-08-13 12:00:00+00:00,10233.626796681832
2025-08-13 13:00:00+00:00,10233.626796681832
2025-08-13 14:00:00+00:00,10233.626796681832
2025-08-13 15:00:00+00:00,10233.626796681832
2025-08-13 16:00:00+00:00,10233.626796681832
2025-08-13 17:00:00+00:00,10233.626796681832
2025-08-13 18:00:00+00:00,10233.626796681832
2025-08-13 19:00:00+00:00,10233.626796681832
2025-08-13 20:00:00+00:00,10233.626796681832
2025-08-13 21:00:00+00:00,10237.670503626088
2025-08-13 22:00:00+00:00,10216.422503626089
2025-08-13 23:00:00+00:00,10241.228903626088
2025-08-14 00:00:00+00:00,10264.281703626088
2025-08-14 01:00:00+00:00,10298.800988746088
2025-08-14 02:00:00+00:00,10266.250588746088
2025-08-14 03:00:00+00:00,10288.560988746089
2025-08-14 04:00:00+00:00,10267.946588746088
2025-08-14 05:00:00+00:00,10244.061788746088
2025-08-14 06:00:00+00:00,10189.52679083666
2025-08-14 07:00:00+00:00,10189.52679083666
2025-08-14 08:00:00+00:00,10189.52679083666
2025-08-14 09:00:00+00:00,10189.52679083666
2025-08-14 10:00:00+00:00,10189.52679083666
2025-08-14 11:00:00+00:00,10189.52679083666
2025-08-14 12:00:00+00:00,10189.52679083666
2025-08-14 13:00:00+00:00,10189.52679083666
2025-08-14 14:00:00+00:00,10189.52679083666
2025-08-14 15:00:00+00:00,10189.52679083666
2025-08-14 16:00:00+00:00,10189.52679083666
2025-08-14 17:00:00+00:00,10189.52679083666
2025-08-14 18:00:00+00:00,10189.52679083666
2025-08-14 19:00:00+00:00,10189.52679083666
2025-08-14 20:00:00+00:00,10189.52679083666
2025-08-14 21:00:00+00:00,10189.52679083666
2025-08-14 22:00:00+00:00,10189.52679083666
2025-08-14 23:00:00+00:00,10189.52679083666
2025-08-15 00:00:00+00:00,10189.52679083666
2025-08-15 01:00:00+00:00,10189.52679083666
2025-08-15 02:00:00+00:00,10189.52679083666
2025-08-15 03:00:00+00:00,10189.52679083666
2025-08-15 04:00:00+00:00,10189.52679083666
2025-08-15 05:00:00+00:00,10189.52679083666
2025-08-15 06:00:00+00:00,10189.52679083666
2025-08-15 07:00:00+00:00,10189.52679083666
2025-08-15 08:00:00+00:00,10189.52679083666
2025-08-15 09:00:00+00:00,10189.52679083666
2025-08-15 10:00:00+00:00,10189.52679083666
2025-08-15 11:00:00+00:00,10189.52679083666
2025-08-15 12:00:00+00:00,10189.52679083666
2025-08-15 13:00:00+00:00,10189.52679083666
2025-08-15 14:00:00+00:00,10189.52679083666
2025-08-15 15:00:00+00:00,10189.52679083666
2025-08-15 16:00:00+00:00,10189.52679083666
2025-08-15 17:00:00+00:00,10189.52679083666
2025-08-15 18:00:00+00:00,10189.52679083666
2025-08-15 19:00:00+00:00,10189.52679083666
2025-08-15 20:00:00+00:00,10189.52679083666
2025-08-15 21:00:00+00:00,10189.52679083666
2025-08-15 22:00:00+00:00,10189.52679083666
2025-08-15 23:00:00+00:00,10189.52679083666
2025-08-16 00:00:00+00:00,10189.52679083666
2025-08-16 01:00:00+00:00,10189.52679083666
2025-08-16 02:00:00+00:00,10189.52679083666
2025-08-16 03:00:00+00:00,10189.52679083666
2025-08-16 04:00:00+00:00,10189.52679083666
2025-08-16 05:00:00+00:00,10189.52679083666
2025-08-16 06:00:00+00:00,10189.52679083666
2025-08-16 07:00:00+00:00,10189.52679083666
2025-08-16 08:00:00+00:00,10189.52679083666
2025-08-16 09:00:00+00:00,10189.52679083666
2025-08-16 10:00:00+00:00,10189.52679083666
2025-08-16 11:00:00+00:00,10189.52679083666
2025-08-16 12:00:00+00:00,10189.52679083666
2025-08-16 13:00:00+00:00,10189.52679083666
2025-08-16 14:00:00+00:00,10189.52679083666
2025-08-16 15:00:00+00:00,10189.52679083666
2025-08-16 16:00:00+00:00,10189.52679083666
2025-08-16 17:00:00+00:00,10189.52679083666
2025-08-16 18:00:00+00:00,10189.52679083666
2025-08-16 19:00:00+00:00,10189.52679083666
2025-08-16 20:00:00+00:00,10189.52679083666
2025-08-16 21:00:00+00:00,10189.52679083666
2025-08-16 22:00:00+00:00,10189.52679083666
2025-08-16 23:00:00+00:00,10189.52679083666
2025-08-17 00:00:00+00:00,10189.52679083666
2025-08-17 01:00:00+00:00,10189.52679083666
2025-08-17 02:00:00+00:00,10189.52679083666
2025-08-17 03:00:00+00:00,10189.52679083666
2025-08-17 04:00:00+00:00,10189.52679083666
2025-08-17 05:00:00+00:00,10189.52679083666
2025-08-17 06:00:00+00:00,10189.52679083666
2025-08-17 07:00:00+00:00,10189.52679083666
2025-08-17 08:00:00+00:00,10189.52679083666
2025-08-17 09:00:00+00:00,10189.52679083666
2025-08-17 10:00:00+00:00,10189.52679083666
2025-08-17 11:00:00+00:00,10189.52679083666
2025-08-17 12:00:00+00:00,10189.52679083666
2025-08-17 13:00:00+00:00,10189.52679083666
2025-08-17 14:00:00+00:00,10189.52679083666
2025-08-17 15:00:00+00:00,10189.52679083666
2025-08-17 16:00:00+00:00,10189.52679083666
2025-08-17 17:00:00+00:00,10189.52679083666
2025-08-17 18:00:00+00:00,10189.52679083666
2025-08-17 19:00:00+00:00,10189.52679083666
2025-08-17 20:00:00+00:00,10189.52679083666
2025-08-17 21:00:00+00:00,10189.52679083666
2025-08-17 22:00:00+00:00,10189.52679083666
2025-08-17 23:00:00+00:00,10189.52679083666
2025-08-18 00:00:00+00:00,10189.52679083666
2025-08-18 01:00:00+00:00,10189.52679083666
2025-08-18 02:00:00+00:00,10189.52679083666
2025-08-18 03:00:00+00:00,10252.117046719466
2025-08-18 04:00:00+00:00,10263.661946719469
2025-08-18 05:00:00+00:00,10250.368346719468
2025-08-18 06:00:00+00:00,10229.505746719467
2025-08-18 07:00:00+00:00,10268.272946719468
2025-08-18 08:00:00+00:00,10271.283146719466
2025-08-18 09:00:00+00:00,10277.9596728172
2025-08-18 10:00:00+00:00,10286.1289728172
2025-08-18 11:00:00+00:00,10284.519472817201
2025-08-18 12:00:00+00:00,10293.5935728172
2025-08-18 13:00:00+00:00,10244.0557728172
2025-08-18 14:00:00+00:00,10303.6333728172
2025-08-18 15:00:00+00:00,10234.2595728172
2025-08-18 16:00:00+00:00,10205.951905542164
2025-08-18 17:00:00+00:00,10205.951905542164
2025-08-18 18:00:00+00:00,10205.951905542164
2025-08-18 19:00:00+00:00,10205.951905542164
2025-08-18 20:00:00+00:00,10205.951905542164
2025-08-18 21:00:00+00:00,10205.951905542164
2025-08-18 22:00:00+00:00,10205.951905542164
2025-08-18 23:00:00+00:00,10205.951905542164
2025-08-19 00:00:00+00:00,10205.951905542164
2025-08-19 01:00:00+00:00,10205.951905542164
2025-08-19 02:00:00+00:00,10205.951905542164
2025-08-19 03:00:00+00:00,10205.951905542164
2025-08-19 04:00:00+00:00,10205.951905542164
2025-08-19 05:00:00+00:00,10205.951905542164
2025-08-19 06:00:00+00:00,10205.951905542164
2025-08-19 07:00:00+00:00,10205.951905542164
2025-08-19 08:00:00+00:00,10205.951905542164
2025-08-19 09:00:00+00:00,10205.951905542164
2025-08-19 10:00:00+00:00,10205.951905542164
2025-08-19 11:00:00+00:00,10205.951905542164
2025-08-19 12:00:00+00:00,10205.951905542164
2025-08-19 13:00:00+00:00,10205.951905542164
2025-08-19 14:00:00+00:00,10205.951905542164
2025-08-19 15:00:00+00:00,10205.951905542164
2025-08-19 16:00:00+00:00,10205.747174295766
2025-08-19 17:00:00+00:00,10237.236164806141
2025-08-19 18:00:00+00:00,10227.763664806142
2025-08-19 19:00:00+00:00,10261.896164806141
2025-08-19 20:00:00+00:00,10256.368664806141
2025-08-19 21:00:00+00:00,10222.776164806142
2025-08-19 22:00:00+00:00,10234.183664806142
2025-08-19 23:00:00+00:00,10252.558664806142
2025-08-20 00:00:00+00:00,10274.458664806141
2025-08-20 01:00:00+00:00,10249.49832799255
2025-08-20 02:00:00+00:00,10263.298327992548
2025-08-20 03:00:00+00:00,10230.755827992549
2025-08-20 04:00:00+00:00,10224.545827992548
2025-08-20 05:00:00+00:00,10215.763327992549
2025-08-20 06:00:00+00:00,10209.358327992548
2025-08-20 07:00:00+00:00,10214.315827992548
2025-08-20 08:00:00+00:00,10227.448327992548
2025-08-20 09:00:00+00:00,10180.098264287582
2025-08-20 10:00:00+00:00,10180.098264287582
2025-08-20 11:00:00+00:00,10180.098264287582
2025-08-20 12:00:00+00:00,10180.098264287582
2025-08-20 13:00:00+00:00,10180.098264287582
2025-08-20 14:00:00+00:00,10180.098264287582
2025-08-20 15:00:00+00:00,10180.098264287582
2025-08-20 16:00:00+00:00,10180.098264287582
2025-08-20 17:00:00+00:00,10180.098264287582
2025-08-20 18:00:00+00:00,10180.098264287582
2025-08-20 19:00:00+00:00,10180.098264287582
2025-08-20 20:00:00+00:00,10180.098264287582
2025-08-20 21:00:00+00:00,10180.098264287582
2025-08-20 22:00:00+00:00,10180.098264287582
2025-08-20 23:00:00+00:00,10180.098264287582
2025-08-21 00:00:00+00:00,10180.098264287582
2025-08-21 01:00:00+00:00,10180.098264287582
2025-08-21 02:00:00+00:00,10180.098264287582
2025-08-21 03:00:00+00:00,10180.098264287582
2025-08-21 04:00:00+00:00,10180.098264287582
2025-08-21 05:00:00+00:00,10180.098264287582
2025-08-21 06:00:00+00:00,10180.098264287582
2025-08-21 07:00:00+00:00,10180.098264287582
2025-08-21 08:00:00+00:00,10180.098264287582
2025-08-21 09:00:00+00:00,10180.098264287582
2025-08-21 10:00:00+00:00,10180.098264287582
2025-08-21 11:00:00+00:00,10180.098264287582
2025-08-21 12:00:00+00:00,10180.098264287582
2025-08-21 13:00:00+00:00,10180.098264287582
2025-08-21 14:00:00+00:00,10180.098264287582
2025-08-21 15:00:00+00:00,10180.098264287582
2025-08-21 16:00:00+00:00,10180.098264287582
2025-08-21 17:00:00+00:00,10180.098264287582
2025-08-21 18:00:00+00:00,10180.098264287582
2025-08-21 19:00:00+00:00,10180.098264287582
2025-08-21 20:00:00+00:00,10180.098264287582
2025-08-21 21:00:00+00:00,10180.098264287582
2025-08-21 22:00:00+00:00,10180.098264287582
2025-08-21 23:00:00+00:00,10180.098264287582
2025-08-22 00:00:00+00:00,10180.098264287582
2025-08-22 01:00:00+00:00,10180.098264287582
2025-08-22 02:00:00+00:00,10180.098264287582
2025-08-22 03:00:00+00:00,10180.098264287582
2025-08-22 04:00:00+00:00,10180.098264287582
2025-08-22 05:00:00+00:00,10180.098264287582
2025-08-22 06:00:00+00:00,10180.098264287582
2025-08-22 07:00:00+00:00,10180.098264287582
2025-08-22 08:00:00+00:00,10180.098264287582
2025-08-22 09:00:00+00:00,10180.098264287582
2025-08-22 10:00:00+00:00,10180.098264287582
2025-08-22 11:00:00+00:00,10180.098264287582
2025-08-22 12:00:00+00:00,10180.098264287582
2025-08-22 13:00:00+00:00,10180.098264287582
2025-08-22 14:00:00+00:00,10180.098264287582
2025-08-22 15:00:00+00:00,10180.098264287582
2025-08-22 16:00:00+00:00,10180.098264287582
2025-08-22 17:00:00+00:00,10180.098264287582
2025-08-22 18:00:00+00:00,10180.098264287582
2025-08-22 19:00:00+00:00,10180.098264287582
2025-08-22 20:00:00+00:00,10180.098264287582
2025-08-22 21:00:00+00:00,10180.098264287582
2025-08-22 22:00:00+00:00,10180.098264287582
2025-08-22 23:00:00+00:00,10180.098264287582
2025-08-23 00:00:00+00:00,10180.098264287582
2025-08-23 01:00:00+00:00,10180.098264287582
2025-08-23 02:00:00+00:00,10180.098264287582
2025-08-23 03:00:00+00:00,10180.098264287582
2025-08-23 04:00:00+00:00,10180.098264287582
2025-08-23 05:00:00+00:00,10180.098264287582
2025-08-23 06:00:00+00:00,10180.098264287582
2025-08-23 07:00:00+00:00,10180.098264287582
2025-08-23 08:00:00+00:00,10180.098264287582
2025-08-23 09:00:00+00:00,10180.098264287582
2025-08-23 10:00:00+00:00,10180.098264287582
2025-08-23 11:00:00+00:00,10180.098264287582
2025-08-23 12:00:00+00:00,10180.098264287582
2025-08-23 13:00:00+00:00,10180.098264287582
2025-08-23 14:00:00+00:00,10180.098264287582
2025-08-23 15:00:00+00:00,10180.098264287582
2025-08-23 16:00:00+00:00,10180.098264287582
2025-08-23 17:00:00+00:00,10180.098264287582
2025-08-23 18:00:00+00:00,10180.098264287582
2025-08-23 19:00:00+00:00,10180.098264287582
2025-08-23 20:00:00+00:00,10180.098264287582
2025-08-23 21:00:00+00:00,10180.098264287582
2025-08-23 22:00:00+00:00,10180.098264287582
2025-08-23 23:00:00+00:00,10180.098264287582
2025-08-24 00:00:00+00:00,10180.098264287582
2025-08-24 01:00:00+00:00,10180.098264287582
2025-08-24 02:00:00+00:00,10180.098264287582
2025-08-24 03:00:00+00:00,10180.098264287582
2025-08-24 04:00:00+00:00,10180.098264287582
2025-08-24 05:00:00+00:00,10180.098264287582
2025-08-24 06:00:00+00:00,10180.098264287582
2025-08-24 07:00:00+00:00,10180.098264287582
2025-08-24 08:00:00+00:00,10180.098264287582
2025-08-24 09:00:00+00:00,10180.098264287582
2025-08-24 10:00:00+00:00,10180.098264287582
2025-08-24 11:00:00+00:00,10180.098264287582
2025-08-24 12:00:00+00:00,10180.098264287582
2025-08-24 13:00:00+00:00,10180.098264287582
2025-08-24 14:00:00+00:00,10180.098264287582
2025-08-24 15:00:00+00:00,10180.098264287582
2025-08-24 16:00:00+00:00,10180.098264287582
2025-08-24 17:00:00+00:00,10180.098264287582
2025-08-24 18:00:00+00:00,10180.098264287582
2025-08-24 19:00:00+00:00,10180.098264287582
2025-08-24 20:00:00+00:00,10180.098264287582
2025-08-24 21:00:00+00:00,10180.098264287582
2025-08-24 22:00:00+00:00,10180.098264287582
2025-08-24 23:00:00+00:00,10180.098264287582
2025-08-25 00:00:00+00:00,10180.098264287582
2025-08-25 01:00:00+00:00,10180.098264287582
2025-08-25 02:00:00+00:00,10180.098264287582
2025-08-25 03:00:00+00:00,10180.098264287582
2025-08-25 04:00:00+00:00,10180.098264287582
2025-08-25 05:00:00+00:00,10180.098264287582
2025-08-25 06:00:00+00:00,10180.098264287582
2025-08-25 07:00:00+00:00,10180.098264287582
2025-08-25 08:00:00+00:00,10180.098264287582
2025-08-25 09:00:00+00:00,10180.098264287582
2025-08-25 10:00:00+00:00,10180.098264287582
2025-08-25 11:00:00+00:00,10180.098264287582
2025-08-25 12:00:00+00:00,10180.098264287582
2025-08-25 13:00:00+00:00,10180.098264287582
2025-08-25 14:00:00+00:00,10180.098264287582
2025-08-25 15:00:00+00:00,10180.098264287582
2025-08-25 16:00:00+00:00,10180.098264287582
2025-08-25 17:00:00+00:00,10180.098264287582
2025-08-25 18:00:00+00:00,10180.098264287582
2025-08-25 19:00:00+00:00,10180.098264287582
2025-08-25 20:00:00+00:00,10180.098264287582
2025-08-25 21:00:00+00:00,10180.098264287582
2025-08-25 22:00:00+00:00,10155.500299781279
2025-08-25 23:00:00+00:00,10142.36829978128
2025-08-26 00:00:00+00:00,10143.62269978128
2025-08-26 01:00:00+00:00,10201.695114181279
2025-08-26 02:00:00+00:00,10156.811114181279
2025-08-26 03:00:00+00:00,10166.543914181279
2025-08-26 04:00:00+00:00,10157.600714181279
2025-08-26 05:00:00+00:00,10145.70631418128
2025-08-26 06:00:00+00:00,10139.96071418128
2025-08-26 07:00:00+00:00,10151.580714181278
2025-08-26 08:00:00+00:00,10135.00471418128
2025-08-26 09:00:00+00:00,10145.991303201665
2025-08-26 10:00:00+00:00,10142.099303201663
2025-08-26 11:00:00+00:00,10139.265703201663
2025-08-26 12:00:00+00:00,10157.527303201665
2025-08-26 13:00:00+00:00,10099.28218018251
2025-08-26 14:00:00+00:00,10099.28218018251
2025-08-26 15:00:00+00:00,10099.28218018251
2025-08-26 16:00:00+00:00,10099.28218018251
2025-08-26 17:00:00+00:00,10099.28218018251
2025-08-26 18:00:00+00:00,10099.28218018251
2025-08-26 19:00:00+00:00,10099.28218018251
2025-08-26 20:00:00+00:00,10099.28218018251
2025-08-26 21:00:00+00:00,10099.28218018251
2025-08-26 22:00:00+00:00,10099.28218018251
2025-08-26 23:00:00+00:00,10099.28218018251
2025-08-27 00:00:00+00:00,10099.28218018251
2025-08-27 01:00:00+00:00,10099.28218018251
2025-08-27 02:00:00+00:00,10099.28218018251
2025-08-27 03:00:00+00:00,10099.28218018251
2025-08-27 04:00:00+00:00,10099.28218018251
2025-08-27 05:00:00+00:00,10099.28218018251
2025-08-27 06:00:00+00:00,10099.28218018251
2025-08-27 07:00:00+00:00,10099.28218018251
2025-08-27 08:00:00+00:00,10099.28218018251
2025-08-27 09:00:00+00:00,10099.28218018251
2025-08-27 10:00:00+00:00,10099.28218018251
2025-08-27 11:00:00+00:00,10099.28218018251
2025-08-27 12:00:00+00:00,10099.28218018251
2025-08-27 13:00:00+00:00,10099.28218018251
2025-08-27 14:00:00+00:00,10099.28218018251
2025-08-27 15:00:00+00:00,10099.28218018251
2025-08-27 16:00:00+00:00,10099.28218018251
2025-08-27 17:00:00+00:00,10099.28218018251
2025-08-27 18:00:00+00:00,10099.28218018251
2025-08-27 19:00:00+00:00,10099.28218018251
2025-08-27 20:00:00+00:00,10099.28218018251
2025-08-27 21:00:00+00:00,10099.28218018251
2025-08-27 22:00:00+00:00,10099.28218018251
2025-08-27 23:00:00+00:00,10099.28218018251
2025-08-28 00:00:00+00:00,10099.28218018251
2025-08-28 01:00:00+00:00,10099.28218018251
2025-08-28 02:00:00+00:00,10099.28218018251
2025-08-28 03:00:00+00:00,10099.28218018251
2025-08-28 04:00:00+00:00,10099.28218018251
2025-08-28 05:00:00+00:00,10099.28218018251
2025-08-28 06:00:00+00:00,10099.28218018251
2025-08-28 07:00:00+00:00,10099.28218018251
2025-08-28 08:00:00+00:00,10099.28218018251
2025-08-28 09:00:00+00:00,10099.28218018251
2025-08-28 10:00:00+00:00,10099.28218018251
2025-08-28 11:00:00+00:00,10099.28218018251
2025-08-28 12:00:00+00:00,10099.28218018251
2025-08-28 13:00:00+00:00,10099.28218018251
2025-08-28 14:00:00+00:00,10099.28218018251
2025-08-28 15:00:00+00:00,10099.28218018251
2025-08-28 16:00:00+00:00,10099.28218018251
2025-08-28 17:00:00+00:00,10099.28218018251
2025-08-28 18:00:00+00:00,10099.28218018251
2025-08-28 19:00:00+00:00,10099.28218018251
2025-08-28 20:00:00+00:00,10099.28218018251
2025-08-28 21:00:00+00:00,10099.28218018251
2025-08-28 22:00:00+00:00,10099.28218018251
2025-08-28 23:00:00+00:00,10099.28218018251
2025-08-29 00:00:00+00:00,10099.28218018251
2025-08-29 01:00:00+00:00,10099.28218018251
2025-08-29 02:00:00+00:00,10099.28218018251
2025-08-29 03:00:00+00:00,10099.28218018251
2025-08-29 04:00:00+00:00,10099.28218018251
2025-08-29 05:00:00+00:00,10099.28218018251
2025-08-29 06:00:00+00:00,10099.28218018251
2025-08-29 07:00:00+00:00,10099.28218018251
2025-08-29 08:00:00+00:00,10099.28218018251
2025-08-29 09:00:00+00:00,10099.28218018251
2025-08-29 10:00:00+00:00,10099.28218018251
2025-08-29 11:00:00+00:00,10099.28218018251
2025-08-29 12:00:00+00:00,10099.28218018251
2025-08-29 13:00:00+00:00,10099.28218018251
2025-08-29 14:00:00+00:00,10099.28218018251
2025-08-29 15:00:00+00:00,10099.28218018251
2025-08-29 16:00:00+00:00,10082.782185882796
2025-08-29 17:00:00+00:00,10062.889886777835
2025-08-29 18:00:00+00:00,10077.999286777836
2025-08-29 19:00:00+00:00,10097.733886777834
2025-08-29 20:00:00+00:00,10093.524086777836
2025-08-29 21:00:00+00:00,10119.756286777836
2025-08-29 22:00:00+00:00,10078.892086777836
2025-08-29 23:00:00+00:00,10082.382686777835
2025-08-30 00:00:00+00:00,10082.878686777836
2025-08-30 01:00:00+00:00,10088.039692980925
2025-08-30 02:00:00+00:00,10140.950492980925
2025-08-30 03:00:00+00:00,10119.634892980925
2025-08-30 04:00:00+00:00,10080.264892980924
2025-08-30 05:00:00+00:00,10080.543892980924
2025-08-30 06:00:00+00:00,10084.865292980923
2025-08-30 07:00:00+00:00,10086.359492980924
2025-08-30 08:00:00+00:00,10075.317292980924
2025-08-30 09:00:00+00:00,10072.139582800923
2025-08-30 10:00:00+00:00,10075.313982800923
2025-08-30 11:00:00+00:00,10081.216382800923
2025-08-30 12:00:00+00:00,10065.245182800923
2025-08-30 13:00:00+00:00,10069.603782800923
2025-08-30 14:00:00+00:00,10074.538982800923
2025-08-30 15:00:00+00:00,10066.733182800923
2025-08-30 16:00:00+00:00,10051.632008439932
2025-08-30 17:00:00+00:00,10051.632008439932
2025-08-30 18:00:00+00:00,10051.632008439932
2025-08-30 19:00:00+00:00,10051.632008439932
2025-08-30 20:00:00+00:00,10051.632008439932
2025-08-30 21:00:00+00:00,10051.632008439932
2025-08-30 22:00:00+00:00,10051.632008439932
2025-08-30 23:00:00+00:00,10051.632008439932
2025-08-31 00:00:00+00:00,10051.632008439932
2025-08-31 01:00:00+00:00,10051.632008439932
2025-08-31 02:00:00+00:00,10051.632008439932
2025-08-31 03:00:00+00:00,10051.632008439932
2025-08-31 04:00:00+00:00,10051.632008439932
2025-08-31 05:00:00+00:00,10051.632008439932
2025-08-31 06:00:00+00:00,10051.632008439932
2025-08-31 07:00:00+00:00,10051.632008439932
2025-08-31 08:00:00+00:00,10051.632008439932
2025-08-31 09:00:00+00:00,10051.632008439932
2025-08-31 10:00:00+00:00,10051.632008439932
2025-08-31 11:00:00+00:00,10051.632008439932
2025-08-31 12:00:00+00:00,10051.632008439932
2025-08-31 13:00:00+00:00,10051.632008439932
2025-08-31 14:00:00+00:00,10051.632008439932
2025-08-31 15:00:00+00:00,10051.632008439932
2025-08-31 16:00:00+00:00,10051.632008439932
2025-08-31 17:00:00+00:00,10051.632008439932
2025-08-31 18:00:00+00:00,10051.632008439932
2025-08-31 19:00:00+00:00,10051.632008439932
2025-08-31 20:00:00+00:00,10051.632008439932
2025-08-31 21:00:00+00:00,10051.632008439932
2025-08-31 22:00:00+00:00,10051.632008439932
2025-08-31 23:00:00+00:00,10051.632008439932
2025-09-01 00:00:00+00:00,10051.632008439932
2025-09-01 01:00:00+00:00,10051.632008439932
2025-09-01 02:00:00+00:00,10051.632008439932
2025-09-01 03:00:00+00:00,10051.632008439932
2025-09-01 04:00:00+00:00,10051.632008439932
2025-09-01 05:00:00+00:00,10051.632008439932
2025-09-01 06:00:00+00:00,10051.632008439932
2025-09-01 07:00:00+00:00,10051.632008439932
2025-09-01 08:00:00+00:00,10051.632008439932
2025-09-01 09:00:00+00:00,10051.632008439932
2025-09-01 10:00:00+00:00,10051.632008439932
2025-09-01 11:00:00+00:00,10051.632008439932
2025-09-01 12:00:00+00:00,10051.632008439932
2025-09-01 13:00:00+00:00,10051.632008439932
2025-09-01 14:00:00+00:00,10051.632008439932
2025-09-01 15:00:00+00:00,10051.632008439932
2025-09-01 16:00:00+00:00,10051.632008439932
2025-09-01 17:00:00+00:00,10051.632008439932
2025-09-01 18:00:00+00:00,10051.632008439932
2025-09-01 19:00:00+00:00,10051.632008439932
2025-09-01 20:00:00+00:00,10051.632008439932
2025-09-01 21:00:00+00:00,10051.632008439932
2025-09-01 22:00:00+00:00,10051.632008439932
2025-09-01 23:00:00+00:00,10051.632008439932
2025-09-02 00:00:00+00:00,10051.632008439932
2025-09-02 01:00:00+00:00,10051.632008439932
2025-09-02 02:00:00+00:00,10051.632008439932
2025-09-02 03:00:00+00:00,10051.632008439932
2025-09-02 04:00:00+00:00,10051.632008439932
2025-09-02 05:00:00+00:00,10051.632008439932
2025-09-02 06:00:00+00:00,10051.632008439932
2025-09-02 07:00:00+00:00,10051.632008439932
2025-09-02 08:00:00+00:00,10051.632008439932
2025-09-02 09:00:00+00:00,10051.632008439932
2025-09-02 10:00:00+00:00,10051.632008439932
2025-09-02 11:00:00+00:00,10051.632008439932
2025-09-02 12:00:00+00:00,10051.632008439932
2025-09-02 13:00:00+00:00,10051.632008439932
2025-09-02 14:00:00+00:00,10051.632008439932
2025-09-02 15:00:00+00:00,10051.632008439932
2025-09-02 16:00:00+00:00,10051.632008439932
2025-09-02 17:00:00+00:00,10051.632008439932
2025-09-02 18:00:00+00:00,10051.632008439932
2025-09-02 19:00:00+00:00,10051.632008439932
2025-09-02 20:00:00+00:00,10051.632008439932
2025-09-02 21:00:00+00:00,10051.632008439932
2025-09-02 22:00:00+00:00,10051.632008439932
2025-09-02 23:00:00+00:00,10051.632008439932
2025-09-03 00:00:00+00:00,10051.632008439932
2025-09-03 01:00:00+00:00,10051.632008439932
2025-09-03 02:00:00+00:00,10051.632008439932
2025-09-03 03:00:00+00:00,10051.632008439932
2025-09-03 04:00:00+00:00,10051.632008439932
2025-09-03 05:00:00+00:00,10051.632008439932
2025-09-03 06:00:00+00:00,10051.632008439932
2025-09-03 07:00:00+00:00,10051.632008439932
2025-09-03 08:00:00+00:00,10051.632008439932
2025-09-03 09:00:00+00:00,10051.632008439932
2025-09-03 10:00:00+00:00,10051.632008439932
2025-09-03 11:00:00+00:00,10051.632008439932
2025-09-03 12:00:00+00:00,10051.632008439932
2025-09-03 13:00:00+00:00,10051.632008439932
2025-09-03 14:00:00+00:00,10051.632008439932
2025-09-03 15:00:00+00:00,10051.632008439932
2025-09-03 16:00:00+00:00,10051.632008439932
2025-09-03 17:00:00+00:00,10051.632008439932
2025-09-03 18:00:00+00:00,10051.632008439932
2025-09-03 19:00:00+00:00,10051.632008439932
2025-09-03 20:00:00+00:00,10051.632008439932
2025-09-03 21:00:00+00:00,10051.632008439932
2025-09-03 22:00:00+00:00,10051.632008439932
2025-09-03 23:00:00+00:00,10051.632008439932
2025-09-04 00:00:00+00:00,10051.632008439932
2025-09-04 01:00:00+00:00,10051.632008439932
2025-09-04 02:00:00+00:00,10051.632008439932
2025-09-04 03:00:00+00:00,10051.632008439932
2025-09-04 04:00:00+00:00,10051.632008439932
2025-09-04 05:00:00+00:00,10051.632008439932
2025-09-04 06:00:00+00:00,10051.632008439932
2025-09-04 07:00:00+00:00,10051.632008439932
2025-09-04 08:00:00+00:00,10051.632008439932
2025-09-04 09:00:00+00:00,10051.632008439932
2025-09-04 10:00:00+00:00,10051.632008439932
2025-09-04 11:00:00+00:00,10051.632008439932
2025-09-04 12:00:00+00:00,10051.632008439932
2025-09-04 13:00:00+00:00,10051.632008439932
2025-09-04 14:00:00+00:00,10051.632008439932
2025-09-04 15:00:00+00:00,10051.632008439932
2025-09-04 16:00:00+00:00,10051.632008439932
2025-09-04 17:00:00+00:00,10051.632008439932
2025-09-04 18:00:00+00:00,10051.632008439932
2025-09-04 19:00:00+00:00,10051.632008439932
2025-09-04 20:00:00+00:00,10051.632008439932
2025-09-04 21:00:00+00:00,10051.632008439932
2025-09-04 22:00:00+00:00,10051.632008439932
2025-09-04 23:00:00+00:00,10051.632008439932
2025-09-05 00:00:00+00:00,10051.632008439932
2025-09-05 01:00:00+00:00,10051.632008439932
2025-09-05 02:00:00+00:00,10051.632008439932
2025-09-05 03:00:00+00:00,10051.632008439932
2025-09-05 04:00:00+00:00,10051.632008439932
2025-09-05 05:00:00+00:00,10051.632008439932
2025-09-05 06:00:00+00:00,10051.632008439932
2025-09-05 07:00:00+00:00,10051.632008439932
2025-09-05 08:00:00+00:00,10051.632008439932
2025-09-05 09:00:00+00:00,10017.205412714087
2025-09-05 10:00:00+00:00,9991.186812714088
2025-09-05 11:00:00+00:00,9986.808012714087
2025-09-05 12:00:00+00:00,9994.860412714088
2025-09-05 13:00:00+00:00,10065.667412714089
2025-09-05 14:00:00+00:00,10054.318612714089
2025-09-05 15:00:00+00:00,9961.542639428999
2025-09-05 16:00:00+00:00,9961.542639428999
2025-09-05 17:00:00+00:00,9961.542639428999
2025-09-05 18:00:00+00:00,9961.542639428999
2025-09-05 19:00:00+00:00,9961.542639428999
2025-09-05 20:00:00+00:00,9961.542639428999
2025-09-05 21:00:00+00:00,9961.542639428999
2025-09-05 22:00:00+00:00,9961.542639428999
2025-09-05 23:00:00+00:00,9961.542639428999
2025-09-06 00:00:00+00:00,9961.542639428999
2025-09-06 01:00:00+00:00,9961.542639428999
2025-09-06 02:00:00+00:00,9961.542639428999
2025-09-06 03:00:00+00:00,9961.542639428999
2025-09-06 04:00:00+00:00,9961.542639428999
2025-09-06 05:00:00+00:00,9961.542639428999
2025-09-06 06:00:00+00:00,9961.542639428999
2025-09-06 07:00:00+00:00,9961.542639428999
2025-09-06 08:00:00+00:00,9961.542639428999
2025-09-06 09:00:00+00:00,9961.542639428999
2025-09-06 10:00:00+00:00,9961.542639428999
2025-09-06 11:00:00+00:00,9961.542639428999
2025-09-06 12:00:00+00:00,9961.542639428999
2025-09-06 13:00:00+00:00,9961.542639428999
2025-09-06 14:00:00+00:00,9961.542639428999
2025-09-06 15:00:00+00:00,9961.542639428999
2025-09-06 16:00:00+00:00,9961.542639428999
2025-09-06 17:00:00+00:00,9961.542639428999
2025-09-06 18:00:00+00:00,9961.542639428999
2025-09-06 19:00:00+00:00,9961.542639428999
2025-09-06 20:00:00+00:00,9961.542639428999
2025-09-06 21:00:00+00:00,9961.542639428999
2025-09-06 22:00:00+00:00,9961.542639428999
2025-09-06 23:00:00+00:00,9961.542639428999
2025-09-07 00:00:00+00:00,9961.542639428999
2025-09-07 01:00:00+00:00,9961.542639428999
2025-09-07 02:00:00+00:00,9961.542639428999
2025-09-07 03:00:00+00:00,9961.542639428999
2025-09-07 04:00:00+00:00,9961.542639428999
2025-09-07 05:00:00+00:00,9961.542639428999
2025-09-07 06:00:00+00:00,9961.542639428999
2025-09-07 07:00:00+00:00,9961.542639428999
2025-09-07 08:00:00+00:00,9961.542639428999
2025-09-07 09:00:00+00:00,9961.542639428999
2025-09-07 10:00:00+00:00,9961.542639428999
2025-09-07 11:00:00+00:00,9961.542639428999
2025-09-07 12:00:00+00:00,9961.542639428999
2025-09-07 13:00:00+00:00,9961.542639428999
2025-09-07 14:00:00+00:00,9961.542639428999
2025-09-07 15:00:00+00:00,9961.542639428999
2025-09-07 16:00:00+00:00,9961.542639428999
2025-09-07 17:00:00+00:00,9961.542639428999
2025-09-07 18:00:00+00:00,9961.542639428999
2025-09-07 19:00:00+00:00,9961.542639428999
2025-09-07 20:00:00+00:00,9961.542639428999
2025-09-07 21:00:00+00:00,9961.542639428999
2025-09-07 22:00:00+00:00,9961.542639428999
2025-09-07 23:00:00+00:00,9961.542639428999
2025-09-08 00:00:00+00:00,9961.542639428999
2025-09-08 01:00:00+00:00,9961.542639428999
2025-09-08 02:00:00+00:00,9961.542639428999
2025-09-08 03:00:00+00:00,9961.542639428999
2025-09-08 04:00:00+00:00,9961.542639428999
2025-09-08 05:00:00+00:00,9961.542639428999
2025-09-08 06:00:00+00:00,9961.542639428999
2025-09-08 07:00:00+00:00,9961.542639428999
2025-09-08 08:00:00+00:00,9961.542639428999
2025-09-08 09:00:00+00:00,9961.542639428999
2025-09-08 10:00:00+00:00,9961.542639428999
2025-09-08 11:00:00+00:00,9961.542639428999
2025-09-08 12:00:00+00:00,9961.542639428999
2025-09-08 13:00:00+00:00,9961.542639428999
2025-09-08 14:00:00+00:00,9961.542639428999
2025-09-08 15:00:00+00:00,9961.542639428999
2025-09-08 16:00:00+00:00,9961.542639428999
2025-09-08 17:00:00+00:00,9961.542639428999
2025-09-08 18:00:00+00:00,9961.542639428999
2025-09-08 19:00:00+00:00,9961.542639428999
2025-09-08 20:00:00+00:00,9961.542639428999
2025-09-08 21:00:00+00:00,9961.542639428999
2025-09-08 22:00:00+00:00,9961.542639428999
2025-09-08 23:00:00+00:00,9961.542639428999
2025-09-09 00:00:00+00:00,9961.542639428999
2025-09-09 01:00:00+00:00,9961.542639428999
2025-09-09 02:00:00+00:00,9961.542639428999
2025-09-09 03:00:00+00:00,9961.542639428999
2025-09-09 04:00:00+00:00,9961.542639428999
2025-09-09 05:00:00+00:00,9961.542639428999
2025-09-09 06:00:00+00:00,9961.542639428999
2025-09-09 07:00:00+00:00,9961.542639428999
2025-09-09 08:00:00+00:00,9961.542639428999
2025-09-09 09:00:00+00:00,9961.542639428999
2025-09-09 10:00:00+00:00,9961.542639428999
2025-09-09 11:00:00+00:00,9961.542639428999
2025-09-09 12:00:00+00:00,9961.542639428999
2025-09-09 13:00:00+00:00,9961.542639428999
2025-09-09 14:00:00+00:00,9961.542639428999
2025-09-09 15:00:00+00:00,9961.542639428999
2025-09-09 16:00:00+00:00,9961.542639428999
2025-09-09 17:00:00+00:00,9961.542639428999
2025-09-09 18:00:00+00:00,9961.542639428999
2025-09-09 19:00:00+00:00,9961.542639428999
2025-09-09 20:00:00+00:00,9961.542639428999
2025-09-09 21:00:00+00:00,9961.542639428999
2025-09-09 22:00:00+00:00,9961.542639428999
2025-09-09 23:00:00+00:00,9961.542639428999
2025-09-10 00:00:00+00:00,9961.542639428999
2025-09-10 01:00:00+00:00,9961.542639428999
2025-09-10 02:00:00+00:00,9961.542639428999
2025-09-10 03:00:00+00:00,9961.542639428999
2025-09-10 04:00:00+00:00,9961.542639428999
2025-09-10 05:00:00+00:00,9961.542639428999
2025-09-10 06:00:00+00:00,9961.542639428999
2025-09-10 07:00:00+00:00,9961.542639428999
2025-09-10 08:00:00+00:00,9961.542639428999
2025-09-10 09:00:00+00:00,9961.542639428999
2025-09-10 10:00:00+00:00,9961.542639428999
2025-09-10 11:00:00+00:00,9961.542639428999
2025-09-10 12:00:00+00:00,9961.542639428999
2025-09-10 13:00:00+00:00,9961.542639428999
2025-09-10 14:00:00+00:00,9998.747109898199
2025-09-10 15:00:00+00:00,9995.8761098982
2025-09-10 16:00:00+00:00,9990.6822098982
2025-09-10 17:00:00+00:00,9982.645001998198
2025-09-10 18:00:00+00:00,9979.504301998199
2025-09-10 19:00:00+00:00,9965.523401998198
2025-09-10 20:00:00+00:00,9962.896001998199
2025-09-10 21:00:00+00:00,9962.4262019982
2025-09-10 22:00:00+00:00,9986.0119019982
2025-09-10 23:00:00+00:00,9990.8752019982
2025-09-11 00:00:00+00:00,9996.904301998198
2025-09-11 01:00:00+00:00,9992.212823279051
2025-09-11 02:00:00+00:00,9992.726123279052
2025-09-11 03:00:00+00:00,9985.592123279052
2025-09-11 04:00:00+00:00,10035.782423279052
2025-09-11 05:00:00+00:00,10015.607123279051
2025-09-11 06:00:00+00:00,10024.167923279052
2025-09-11 07:00:00+00:00,10028.291723279051
2025-09-11 08:00:00+00:00,10009.06472327905
2025-09-11 09:00:00+00:00,10004.87767977408
2025-09-11 10:00:00+00:00,9992.62807977408
2025-09-11 11:00:00+00:00,10004.512279774079
2025-09-11 12:00:00+00:00,10000.78867977408
2025-09-11 13:00:00+00:00,9948.738015983134
2025-09-11 14:00:00+00:00,9948.738015983134
2025-09-11 15:00:00+00:00,9925.161161927086
2025-09-11 16:00:00+00:00,9900.014761927085
2025-09-11 17:00:00+00:00,9925.776773473444
2025-09-11 18:00:00+00:00,9934.927173473445
2025-09-11 19:00:00+00:00,9911.070773473444
2025-09-11 20:00:00+00:00,9920.728573473443
2025-09-11 21:00:00+00:00,9917.623973473443
2025-09-11 22:00:00+00:00,9925.458573473445
2025-09-11 23:00:00+00:00,9976.895173473444
2025-09-12 00:00:00+00:00,10012.481973473443
2025-09-12 01:00:00+00:00,10042.762982880562
2025-09-12 02:00:00+00:00,10004.372582880562
2025-09-12 03:00:00+00:00,10004.785382880562
2025-09-12 04:00:00+00:00,9986.871582880562
2025-09-12 05:00:00+00:00,10002.833182880562
2025-09-12 06:00:00+00:00,10023.868782880561
2025-09-12 07:00:00+00:00,9999.195382880564
2025-09-12 08:00:00+00:00,9979.733582880563
2025-09-12 09:00:00+00:00,9974.564466880562
2025-09-12 10:00:00+00:00,9974.951466880562
2025-09-12 11:00:00+00:00,9968.260666880564
2025-09-12 12:00:00+00:00,9964.364866880564
2025-09-12 13:00:00+00:00,9945.31641788532
2025-09-12 14:00:00+00:00,9945.31641788532
2025-09-12 15:00:00+00:00,9945.31641788532
2025-09-12 16:00:00+00:00,9945.31641788532
2025-09-12 17:00:00+00:00,9945.31641788532
2025-09-12 18:00:00+00:00,9945.31641788532
2025-09-12 19:00:00+00:00,9945.31641788532
2025-09-12 20:00:00+00:00,9947.03971885185
2025-09-12 21:00:00+00:00,9905.976218851849
2025-09-12 22:00:00+00:00,9880.42521885185
2025-09-12 23:00:00+00:00,9895.07071885185
2025-09-13 00:00:00+00:00,9895.74221885185
2025-09-13 01:00:00+00:00,9911.47283786026
2025-09-13 02:00:00+00:00,9860.241377733542
2025-09-13 03:00:00+00:00,9860.241377733542
2025-09-13 04:00:00+00:00,9860.241377733542
2025-09-13 05:00:00+00:00,9860.241377733542
2025-09-13 06:00:00+00:00,9860.241377733542
2025-09-13 07:00:00+00:00,9860.241377733542
2025-09-13 08:00:00+00:00,9860.241377733542
2025-09-13 09:00:00+00:00,9860.241377733542
2025-09-13 10:00:00+00:00,9860.241377733542
2025-09-13 11:00:00+00:00,9860.241377733542
2025-09-13 12:00:00+00:00,9860.241377733542
2025-09-13 13:00:00+00:00,9860.241377733542
2025-09-13 14:00:00+00:00,9860.241377733542
2025-09-13 15:00:00+00:00,9860.241377733542
2025-09-13 16:00:00+00:00,9860.241377733542
2025-09-13 17:00:00+00:00,9860.241377733542
2025-09-13 18:00:00+00:00,9860.241377733542
2025-09-13 19:00:00+00:00,9860.241377733542
2025-09-13 20:00:00+00:00,9860.241377733542
2025-09-13 21:00:00+00:00,9860.241377733542
2025-09-13 22:00:00+00:00,9860.241377733542
2025-09-13 23:00:00+00:00,9860.241377733542
2025-09-14 00:00:00+00:00,9860.241377733542
2025-09-14 01:00:00+00:00,9860.241377733542
2025-09-14 02:00:00+00:00,9860.241377733542
2025-09-14 03:00:00+00:00,9860.241377733542
2025-09-14 04:00:00+00:00,9860.241377733542
2025-09-14 05:00:00+00:00,9860.241377733542
2025-09-14 06:00:00+00:00,9860.241377733542
2025-09-14 07:00:00+00:00,9860.241377733542
2025-09-14 08:00:00+00:00,9860.241377733542
2025-09-14 09:00:00+00:00,9860.241377733542
2025-09-14 10:00:00+00:00,9860.241377733542
2025-09-14 11:00:00+00:00,9860.241377733542
2025-09-14 12:00:00+00:00,9860.241377733542
2025-09-14 13:00:00+00:00,9860.241377733542
2025-09-14 14:00:00+00:00,9860.241377733542
2025-09-14 15:00:00+00:00,9860.241377733542
2025-09-14 16:00:00+00:00,9860.241377733542
2025-09-14 17:00:00+00:00,9860.241377733542
2025-09-14 18:00:00+00:00,9860.241377733542
2025-09-14 19:00:00+00:00,9860.241377733542
2025-09-14 20:00:00+00:00,9860.241377733542
2025-09-14 21:00:00+00:00,9860.241377733542
2025-09-14 22:00:00+00:00,9860.241377733542
2025-09-14 23:00:00+00:00,9860.241377733542
2025-09-15 00:00:00+00:00,9860.241377733542
2025-09-15 01:00:00+00:00,9860.241377733542
2025-09-15 02:00:00+00:00,9860.241377733542
2025-09-15 03:00:00+00:00,9860.241377733542
2025-09-15 04:00:00+00:00,9860.241377733542
2025-09-15 05:00:00+00:00,9860.241377733542
2025-09-15 06:00:00+00:00,9860.241377733542
2025-09-15 07:00:00+00:00,9860.241377733542
2025-09-15 08:00:00+00:00,9860.241377733542
2025-09-15 09:00:00+00:00,9860.241377733542
2025-09-15 10:00:00+00:00,9860.241377733542
2025-09-15 11:00:00+00:00,9860.241377733542
2025-09-15 12:00:00+00:00,9860.241377733542
2025-09-15 13:00:00+00:00,9860.241377733542
2025-09-15 14:00:00+00:00,9860.241377733542
2025-09-15 15:00:00+00:00,9860.241377733542
2025-09-15 16:00:00+00:00,9860.241377733542
2025-09-15 17:00:00+00:00,9860.241377733542
2025-09-15 18:00:00+00:00,9860.241377733542
2025-09-15 19:00:00+00:00,9860.241377733542
2025-09-15 20:00:00+00:00,9860.241377733542
2025-09-15 21:00:00+00:00,9860.241377733542
2025-09-15 22:00:00+00:00,9860.241377733542
2025-09-15 23:00:00+00:00,9860.241377733542
2025-09-16 00:00:00+00:00,9860.241377733542
2025-09-16 01:00:00+00:00,9860.241377733542
2025-09-16 02:00:00+00:00,9860.241377733542
2025-09-16 03:00:00+00:00,9860.241377733542
2025-09-16 04:00:00+00:00,9860.241377733542
2025-09-16 05:00:00+00:00,9860.241377733542
2025-09-16 06:00:00+00:00,9860.241377733542
2025-09-16 07:00:00+00:00,9860.241377733542
2025-09-16 08:00:00+00:00,9860.241377733542
2025-09-16 09:00:00+00:00,9860.241377733542
2025-09-16 10:00:00+00:00,9860.241377733542
2025-09-16 11:00:00+00:00,9860.241377733542
2025-09-16 12:00:00+00:00,9860.241377733542
2025-09-16 13:00:00+00:00,9860.241377733542
2025-09-16 14:00:00+00:00,9860.241377733542
2025-09-16 15:00:00+00:00,9860.241377733542
2025-09-16 16:00:00+00:00,9860.241377733542
2025-09-16 17:00:00+00:00,9860.241377733542
2025-09-16 18:00:00+00:00,9860.241377733542
2025-09-16 19:00:00+00:00,9860.241377733542
2025-09-16 20:00:00+00:00,9860.241377733542
2025-09-16 21:00:00+00:00,9860.241377733542
2025-09-16 22:00:00+00:00,9860.241377733542
2025-09-16 23:00:00+00:00,9860.241377733542
2025-09-17 00:00:00+00:00,9860.241377733542
2025-09-17 01:00:00+00:00,9860.241377733542
2025-09-17 02:00:00+00:00,9860.241377733542
2025-09-17 03:00:00+00:00,9860.241377733542
2025-09-17 04:00:00+00:00,9860.241377733542
2025-09-17 05:00:00+00:00,9860.241377733542
2025-09-17 06:00:00+00:00,9860.241377733542
2025-09-17 07:00:00+00:00,9861.361337199398
2025-09-17 08:00:00+00:00,9856.354937199398
2025-09-17 09:00:00+00:00,9830.682424016388
2025-09-17 10:00:00+00:00,9806.599624016388
2025-09-17 11:00:00+00:00,9778.13006129826
2025-09-17 12:00:00+00:00,9778.13006129826
2025-09-17 13:00:00+00:00,9778.13006129826
2025-09-17 14:00:00+00:00,9778.13006129826
2025-09-17 15:00:00+00:00,9778.13006129826
2025-09-17 16:00:00+00:00,9778.13006129826
2025-09-17 17:00:00+00:00,9778.13006129826
2025-09-17 18:00:00+00:00,9778.13006129826
2025-09-17 19:00:00+00:00,9778.13006129826
2025-09-17 20:00:00+00:00,9778.13006129826
2025-09-17 21:00:00+00:00,9778.13006129826
2025-09-17 22:00:00+00:00,9778.13006129826
2025-09-17 23:00:00+00:00,9778.13006129826
2025-09-18 00:00:00+00:00,9778.13006129826
2025-09-18 01:00:00+00:00,9778.13006129826
2025-09-18 02:00:00+00:00,9778.13006129826
2025-09-18 03:00:00+00:00,9778.13006129826
2025-09-18 04:00:00+00:00,9778.13006129826
2025-09-18 05:00:00+00:00,9772.482872033554
2025-09-18 06:00:00+00:00,9747.774272033554
2025-09-18 07:00:00+00:00,9733.825272033553
2025-09-18 08:00:00+00:00,9733.070472033554
2025-09-18 09:00:00+00:00,9744.673347173553
2025-09-18 10:00:00+00:00,9748.802547173555
2025-09-18 11:00:00+00:00,9740.292547173554
2025-09-18 12:00:00+00:00,9731.175747173553
2025-09-18 13:00:00+00:00,9734.032147173553
2025-09-18 14:00:00+00:00,9756.513347173553
2025-09-18 15:00:00+00:00,9772.008947173554
2025-09-18 16:00:00+00:00,9769.078547173554
2025-09-18 17:00:00+00:00,9766.588135633552
2025-09-18 18:00:00+00:00,9768.193935633553
2025-09-18 19:00:00+00:00,9785.583935633553
2025-09-18 20:00:00+00:00,9758.159535633553
2025-09-18 21:00:00+00:00,9761.341535633554
2025-09-18 22:00:00+00:00,9744.750735633554
2025-09-18 23:00:00+00:00,9729.617735633554
2025-09-19 00:00:00+00:00,9709.75877221029
2025-09-19 01:00:00+00:00,9709.75877221029
2025-09-19 02:00:00+00:00,9709.75877221029
2025-09-19 03:00:00+00:00,9709.75877221029
2025-09-19 04:00:00+00:00,9709.75877221029
2025-09-19 05:00:00+00:00,9709.75877221029
2025-09-19 06:00:00+00:00,9709.75877221029
2025-09-19 07:00:00+00:00,9709.75877221029
2025-09-19 08:00:00+00:00,9709.75877221029
2025-09-19 09:00:00+00:00,9709.75877221029
2025-09-19 10:00:00+00:00,9709.75877221029
2025-09-19 11:00:00+00:00,9709.75877221029
2025-09-19 12:00:00+00:00,9709.75877221029
2025-09-19 13:00:00+00:00,9709.75877221029
2025-09-19 14:00:00+00:00,9709.75877221029
2025-09-19 15:00:00+00:00,9709.75877221029
2025-09-19 16:00:00+00:00,9709.75877221029
2025-09-19 17:00:00+00:00,9709.75877221029
2025-09-19 18:00:00+00:00,9709.75877221029
2025-09-19 19:00:00+00:00,9709.75877221029
2025-09-19 20:00:00+00:00,9709.75877221029
2025-09-19 21:00:00+00:00,9709.75877221029
2025-09-19 22:00:00+00:00,9709.75877221029
2025-09-19 23:00:00+00:00,9709.75877221029
2025-09-20 00:00:00+00:00,9709.75877221029
2025-09-20 01:00:00+00:00,9709.75877221029
2025-09-20 02:00:00+00:00,9709.75877221029
2025-09-20 03:00:00+00:00,9709.75877221029
2025-09-20 04:00:00+00:00,9709.75877221029
2025-09-20 05:00:00+00:00,9709.75877221029
2025-09-20 06:00:00+00:00,9709.75877221029
2025-09-20 07:00:00+00:00,9709.75877221029
2025-09-20 08:00:00+00:00,9709.75877221029
2025-09-20 09:00:00+00:00,9709.75877221029
2025-09-20 10:00:00+00:00,9709.75877221029
2025-09-20 11:00:00+00:00,9709.75877221029
2025-09-20 12:00:00+00:00,9709.75877221029
2025-09-20 13:00:00+00:00,9709.75877221029
2025-09-20 14:00:00+00:00,9709.75877221029
2025-09-20 15:00:00+00:00,9709.75877221029
2025-09-20 16:00:00+00:00,9709.75877221029
2025-09-20 17:00:00+00:00,9709.75877221029
2025-09-20 18:00:00+00:00,9709.75877221029
2025-09-20 19:00:00+00:00,9709.75877221029
2025-09-20 20:00:00+00:00,9709.75877221029
2025-09-20 21:00:00+00:00,9709.75877221029
2025-09-20 22:00:00+00:00,9709.75877221029
2025-09-20 23:00:00+00:00,9709.75877221029
2025-09-21 00:00:00+00:00,9709.75877221029
2025-09-21 01:00:00+00:00,9709.75877221029
2025-09-21 02:00:00+00:00,9709.75877221029
2025-09-21 03:00:00+00:00,9709.75877221029
2025-09-21 04:00:00+00:00,9709.75877221029
2025-09-21 05:00:00+00:00,9709.75877221029
2025-09-21 06:00:00+00:00,9709.75877221029
2025-09-21 07:00:00+00:00,9709.75877221029
2025-09-21 08:00:00+00:00,9709.75877221029
2025-09-21 09:00:00+00:00,9709.75877221029
2025-09-21 10:00:00+00:00,9709.75877221029
2025-09-21 11:00:00+00:00,9709.75877221029
2025-09-21 12:00:00+00:00,9709.75877221029
2025-09-21 13:00:00+00:00,9709.75877221029
2025-09-21 14:00:00+00:00,9709.75877221029
2025-09-21 15:00:00+00:00,9709.75877221029
2025-09-21 16:00:00+00:00,9709.75877221029
2025-09-21 17:00:00+00:00,9709.75877221029
2025-09-21 18:00:00+00:00,9709.75877221029
2025-09-21 19:00:00+00:00,9709.75877221029
2025-09-21 20:00:00+00:00,9709.75877221029
2025-09-21 21:00:00+00:00,9709.75877221029
2025-09-21 22:00:00+00:00,9709.75877221029
2025-09-21 23:00:00+00:00,9709.75877221029
2025-09-22 00:00:00+00:00,9709.75877221029
2025-09-22 01:00:00+00:00,9709.75877221029
2025-09-22 02:00:00+00:00,9709.75877221029
2025-09-22 03:00:00+00:00,9709.75877221029
2025-09-22 04:00:00+00:00,9709.75877221029
2025-09-22 05:00:00+00:00,9709.75877221029
2025-09-22 06:00:00+00:00,9709.75877221029
2025-09-22 07:00:00+00:00,9773.652046253083
2025-09-22 08:00:00+00:00,9797.54554625308
2025-09-22 09:00:00+00:00,9788.36094714286
2025-09-22 10:00:00+00:00,9811.140947142861
2025-09-22 11:00:00+00:00,9773.936447142862
2025-09-22 12:00:00+00:00,9767.501947142862
2025-09-22 13:00:00+00:00,9778.713447142862
2025-09-22 14:00:00+00:00,9744.789947142861
2025-09-22 15:00:00+00:00,9717.493937664822
2025-09-22 16:00:00+00:00,9717.493937664822
2025-09-22 17:00:00+00:00,9717.493937664822
2025-09-22 18:00:00+00:00,9717.493937664822
2025-09-22 19:00:00+00:00,9717.493937664822
2025-09-22 20:00:00+00:00,9717.493937664822
2025-09-22 21:00:00+00:00,9717.493937664822
2025-09-22 22:00:00+00:00,9717.493937664822
2025-09-22 23:00:00+00:00,9717.493937664822
2025-09-23 00:00:00+00:00,9717.493937664822
2025-09-23 01:00:00+00:00,9717.493937664822
2025-09-23 02:00:00+00:00,9717.493937664822
2025-09-23 03:00:00+00:00,9717.493937664822
2025-09-23 04:00:00+00:00,9717.493937664822
2025-09-23 05:00:00+00:00,9717.493937664822
2025-09-23 06:00:00+00:00,9717.493937664822
2025-09-23 07:00:00+00:00,9717.493937664822
2025-09-23 08:00:00+00:00,9717.493937664822
2025-09-23 09:00:00+00:00,9717.493937664822
2025-09-23 10:00:00+00:00,9717.493937664822
2025-09-23 11:00:00+00:00,9717.493937664822
2025-09-23 12:00:00+00:00,9717.493937664822
2025-09-23 13:00:00+00:00,9717.493937664822
2025-09-23 14:00:00+00:00,9717.493937664822
2025-09-23 15:00:00+00:00,9717.493937664822
2025-09-23 16:00:00+00:00,9717.493937664822
2025-09-23 17:00:00+00:00,9717.493937664822
2025-09-23 18:00:00+00:00,9717.493937664822
2025-09-23 19:00:00+00:00,9717.493937664822
2025-09-23 20:00:00+00:00,9717.493937664822
2025-09-23 21:00:00+00:00,9717.493937664822
2025-09-23 22:00:00+00:00,9717.493937664822
2025-09-23 23:00:00+00:00,9717.493937664822
2025-09-24 00:00:00+00:00,9717.493937664822
2025-09-24 01:00:00+00:00,9717.493937664822
2025-09-24 02:00:00+00:00,9717.493937664822
2025-09-24 03:00:00+00:00,9717.493937664822
2025-09-24 04:00:00+00:00,9717.493937664822
2025-09-24 05:00:00+00:00,9717.493937664822
2025-09-24 06:00:00+00:00,9717.493937664822
2025-09-24 07:00:00+00:00,9717.493937664822
2025-09-24 08:00:00+00:00,9717.493937664822
2025-09-24 09:00:00+00:00,9717.493937664822
2025-09-24 10:00:00+00:00,9717.493937664822
2025-09-24 11:00:00+00:00,9717.493937664822
2025-09-24 12:00:00+00:00,9717.493937664822
2025-09-24 13:00:00+00:00,9717.493937664822
2025-09-24 14:00:00+00:00,9717.493937664822
2025-09-24 15:00:00+00:00,9717.493937664822
2025-09-24 16:00:00+00:00,9717.493937664822
2025-09-24 17:00:00+00:00,9717.493937664822
2025-09-24 18:00:00+00:00,9717.493937664822
2025-09-24 19:00:00+00:00,9717.493937664822
2025-09-24 20:00:00+00:00,9717.493937664822
2025-09-24 21:00:00+00:00,9717.493937664822
2025-09-24 22:00:00+00:00,9717.493937664822
2025-09-24 23:00:00+00:00,9717.493937664822
2025-09-25 00:00:00+00:00,9717.493937664822
2025-09-25 01:00:00+00:00,9717.493937664822
2025-09-25 02:00:00+00:00,9717.493937664822
2025-09-25 03:00:00+00:00,9717.493937664822
2025-09-25 04:00:00+00:00,9717.493937664822
2025-09-25 05:00:00+00:00,9717.493937664822
2025-09-25 06:00:00+00:00,9717.493937664822
2025-09-25 07:00:00+00:00,9717.493937664822
2025-09-25 08:00:00+00:00,9717.493937664822
2025-09-25 09:00:00+00:00,9717.493937664822
2025-09-25 10:00:00+00:00,9717.493937664822
2025-09-25 11:00:00+00:00,9717.493937664822
2025-09-25 12:00:00+00:00,9717.493937664822
2025-09-25 13:00:00+00:00,9717.493937664822
2025-09-25 14:00:00+00:00,9717.493937664822
2025-09-25 15:00:00+00:00,9717.493937664822
2025-09-25 16:00:00+00:00,9717.493937664822
2025-09-25 17:00:00+00:00,9717.493937664822
2025-09-25 18:00:00+00:00,9717.493937664822
2025-09-25 19:00:00+00:00,9653.032844330228
2025-09-25 20:00:00+00:00,9677.546144330227
2025-09-25 21:00:00+00:00,9690.593444330227
2025-09-25 22:00:00+00:00,9676.273544330226
2025-09-25 23:00:00+00:00,9674.950544330228
2025-09-26 00:00:00+00:00,9701.939744330226
2025-09-26 01:00:00+00:00,9671.853959804572
2025-09-26 02:00:00+00:00,9658.283759804572
2025-09-26 03:00:00+00:00,9662.246459804572
2025-09-26 04:00:00+00:00,9665.08145980457
2025-09-26 05:00:00+00:00,9679.577759804572
2025-09-26 06:00:00+00:00,9686.810159804572
2025-09-26 07:00:00+00:00,9680.018759804572
2025-09-26 08:00:00+00:00,9683.301059804571
2025-09-26 09:00:00+00:00,9665.833535276162
2025-09-26 10:00:00+00:00,9665.657135276162
2025-09-26 11:00:00+00:00,9707.035535276162
2025-09-26 12:00:00+00:00,9692.558135276162
2025-09-26 13:00:00+00:00,9678.074435276161
2025-09-26 14:00:00+00:00,9659.174435276162
2025-09-26 15:00:00+00:00,9711.086435276162
2025-09-26 16:00:00+00:00,9699.525935276162
2025-09-26 17:00:00+00:00,9673.593674399503
2025-09-26 18:00:00+00:00,9646.182374399503
2025-09-26 19:00:00+00:00,9625.361899225594
2025-09-26 20:00:00+00:00,9625.361899225594
2025-09-26 21:00:00+00:00,9625.361899225594
2025-09-26 22:00:00+00:00,9625.361899225594
2025-09-26 23:00:00+00:00,9625.361899225594
2025-09-27 00:00:00+00:00,9625.361899225594
2025-09-27 01:00:00+00:00,9625.361899225594
2025-09-27 02:00:00+00:00,9625.361899225594
2025-09-27 03:00:00+00:00,9625.361899225594
2025-09-27 04:00:00+00:00,9625.361899225594
2025-09-27 05:00:00+00:00,9625.361899225594
2025-09-27 06:00:00+00:00,9625.361899225594
2025-09-27 07:00:00+00:00,9625.361899225594
2025-09-27 08:00:00+00:00,9625.361899225594
2025-09-27 09:00:00+00:00,9625.361899225594
2025-09-27 10:00:00+00:00,9625.361899225594
2025-09-27 11:00:00+00:00,9625.361899225594
2025-09-27 12:00:00+00:00,9625.361899225594
2025-09-27 13:00:00+00:00,9625.361899225594
2025-09-27 14:00:00+00:00,9625.361899225594
2025-09-27 15:00:00+00:00,9625.361899225594
2025-09-27 16:00:00+00:00,9625.361899225594
2025-09-27 17:00:00+00:00,9625.361899225594
2025-09-27 18:00:00+00:00,9625.361899225594
2025-09-27 19:00:00+00:00,9625.361899225594
2025-09-27 20:00:00+00:00,9625.361899225594
2025-09-27 21:00:00+00:00,9625.361899225594
2025-09-27 22:00:00+00:00,9625.361899225594
2025-09-27 23:00:00+00:00,9625.361899225594
2025-09-28 00:00:00+00:00,9625.361899225594
2025-09-28 01:00:00+00:00,9625.361899225594
2025-09-28 02:00:00+00:00,9625.361899225594
2025-09-28 03:00:00+00:00,9625.361899225594
2025-09-28 04:00:00+00:00,9625.361899225594
2025-09-28 05:00:00+00:00,9625.361899225594
2025-09-28 06:00:00+00:00,9625.361899225594
2025-09-28 07:00:00+00:00,9625.361899225594
2025-09-28 08:00:00+00:00,9625.361899225594
2025-09-28 09:00:00+00:00,9625.361899225594
2025-09-28 10:00:00+00:00,9625.361899225594
2025-09-28 11:00:00+00:00,9625.361899225594
2025-09-28 12:00:00+00:00,9625.361899225594
2025-09-28 13:00:00+00:00,9625.361899225594
2025-09-28 14:00:00+00:00,9625.361899225594
2025-09-28 15:00:00+00:00,9625.361899225594
2025-09-28 16:00:00+00:00,9625.361899225594
2025-09-28 17:00:00+00:00,9625.361899225594
2025-09-28 18:00:00+00:00,9625.361899225594
2025-09-28 19:00:00+00:00,9625.361899225594
2025-09-28 20:00:00+00:00,9625.361899225594
2025-09-28 21:00:00+00:00,9625.361899225594
2025-09-28 22:00:00+00:00,9625.361899225594
2025-09-28 23:00:00+00:00,9625.361899225594
2025-09-29 00:00:00+00:00,9625.361899225594
2025-09-29 01:00:00+00:00,9625.361899225594
2025-09-29 02:00:00+00:00,9625.361899225594
2025-09-29 03:00:00+00:00,9625.361899225594
2025-09-29 04:00:00+00:00,9625.361899225594
2025-09-29 05:00:00+00:00,9625.361899225594
2025-09-29 06:00:00+00:00,9625.361899225594
2025-09-29 07:00:00+00:00,9625.361899225594
2025-09-29 08:00:00+00:00,9625.361899225594
2025-09-29 09:00:00+00:00,9625.361899225594
2025-09-29 10:00:00+00:00,9625.361899225594
2025-09-29 11:00:00+00:00,9625.361899225594
2025-09-29 12:00:00+00:00,9625.361899225594
2025-09-29 13:00:00+00:00,9625.361899225594
2025-09-29 14:00:00+00:00,9625.361899225594
2025-09-29 15:00:00+00:00,9625.361899225594
2025-09-29 16:00:00+00:00,9625.361899225594
2025-09-29 17:00:00+00:00,9625.361899225594
2025-09-29 18:00:00+00:00,9625.361899225594
2025-09-29 19:00:00+00:00,9625.361899225594
2025-09-29 20:00:00+00:00,9625.361899225594
2025-09-29 21:00:00+00:00,9615.029368584826
2025-09-29 22:00:00+00:00,9609.661768584827
2025-09-29 23:00:00+00:00,9610.140568584828
2025-09-30 00:00:00+00:00,9620.052568584828
2025-09-30 01:00:00+00:00,9638.621685039318
2025-09-30 02:00:00+00:00,9637.748085039317
2025-09-30 03:00:00+00:00,9634.480485039318
2025-09-30 04:00:00+00:00,9626.584485039317
2025-09-30 05:00:00+00:00,9603.333285039316
2025-09-30 06:00:00+00:00,9587.978085039316
2025-09-30 07:00:00+00:00,9586.667685039318
2025-09-30 08:00:00+00:00,9554.570681895879
2025-09-30 09:00:00+00:00,9554.570681895879
2025-09-30 10:00:00+00:00,9554.570681895879
2025-09-30 11:00:00+00:00,9554.570681895879
2025-09-30 12:00:00+00:00,9554.570681895879
2025-09-30 13:00:00+00:00,9554.570681895879
2025-09-30 14:00:00+00:00,9554.570681895879
2025-09-30 15:00:00+00:00,9554.570681895879
2025-09-30 16:00:00+00:00,9554.570681895879
2025-09-30 17:00:00+00:00,9554.570681895879
2025-09-30 18:00:00+00:00,9554.570681895879
2025-09-30 19:00:00+00:00,9554.570681895879
2025-09-30 20:00:00+00:00,9554.570681895879
2025-09-30 21:00:00+00:00,9554.570681895879
2025-09-30 22:00:00+00:00,9554.570681895879
2025-09-30 23:00:00+00:00,9554.570681895879
2025-10-01 00:00:00+00:00,9554.570681895879
2025-10-01 01:00:00+00:00,9554.570681895879
2025-10-01 02:00:00+00:00,9554.570681895879
2025-10-01 03:00:00+00:00,9554.570681895879
2025-10-01 04:00:00+00:00,9554.570681895879
2025-10-01 05:00:00+00:00,9554.570681895879
2025-10-01 06:00:00+00:00,9554.570681895879
2025-10-01 07:00:00+00:00,9554.570681895879
2025-10-01 08:00:00+00:00,9554.570681895879
2025-10-01 09:00:00+00:00,9554.570681895879
2025-10-01 10:00:00+00:00,9568.52959924273
2025-10-01 11:00:00+00:00,9558.562099242728
2025-10-01 12:00:00+00:00,9596.36209924273
2025-10-01 13:00:00+00:00,9569.167099242728
2025-10-01 14:00:00+00:00,9599.024599242728
2025-10-01 15:00:00+00:00,9635.159599242728
2025-10-01 16:00:00+00:00,9644.002099242729
2025-10-01 17:00:00+00:00,9653.497923635043
2025-10-01 18:00:00+00:00,9597.397923635042
2025-10-01 19:00:00+00:00,9631.312923635041
2025-10-01 20:00:00+00:00,9644.902923635042
2025-10-01 21:00:00+00:00,9653.790423635042
2025-10-01 22:00:00+00:00,9655.882923635043
2025-10-01 23:00:00+00:00,9668.640423635043
2025-10-02 00:00:00+00:00,9733.260423635042
2025-10-02 01:00:00+00:00,9721.713720635042
2025-10-02 02:00:00+00:00,9735.558720635041
2025-10-02 03:00:00+00:00,9744.108720635042
2025-10-02 04:00:00+00:00,9742.158720635041
2025-10-02 05:00:00+00:00,9737.816220635043
2025-10-02 06:00:00+00:00,9717.116220635042
2025-10-02 07:00:00+00:00,9736.871220635041
2025-10-02 08:00:00+00:00,9723.633720635042
2025-10-02 09:00:00+00:00,9738.195390635043
2025-10-02 10:00:00+00:00,9751.695390635043
2025-10-02 11:00:00+00:00,9734.002890635042
2025-10-02 12:00:00+00:00,9744.472890635041
2025-10-02 13:00:00+00:00,9791.617890635041
2025-10-02 14:00:00+00:00,9807.952890635042
2025-10-02 15:00:00+00:00,9748.170390635041
2025-10-02 16:00:00+00:00,9721.551120268497
2025-10-02 17:00:00+00:00,9701.123697254625
2025-10-02 18:00:00+00:00,9713.356497254626
2025-10-02 19:00:00+00:00,9756.066897254626
2025-10-02 20:00:00+00:00,9778.278897254626
2025-10-02 21:00:00+00:00,9764.346897254627
2025-10-02 22:00:00+00:00,9728.426097254627
2025-10-02 23:00:00+00:00,9736.490097254627
2025-10-03 00:00:00+00:00,9756.779697254626
2025-10-03 01:00:00+00:00,9729.170342989466
2025-10-03 02:00:00+00:00,9709.615142989465
2025-10-03 03:00:00+00:00,9731.431142989464
2025-10-03 04:00:00+00:00,9736.190342989465
2025-10-03 05:00:00+00:00,9723.302342989466
2025-10-03 06:00:00+00:00,9715.310342989465
2025-10-03 07:00:00+00:00,9714.511142989464
2025-10-03 08:00:00+00:00,9695.445542989466
2025-10-03 09:00:00+00:00,9677.426293765906
2025-10-03 10:00:00+00:00,9677.426293765906
2025-10-03 11:00:00+00:00,9677.426293765906
2025-10-03 12:00:00+00:00,9677.426293765906
2025-10-03 13:00:00+00:00,9677.426293765906
2025-10-03 14:00:00+00:00,9677.426293765906
2025-10-03 15:00:00+00:00,9677.426293765906
2025-10-03 16:00:00+00:00,9677.426293765906
2025-10-03 17:00:00+00:00,9691.404655789493
2025-10-03 18:00:00+00:00,9656.109155789492
2025-10-03 19:00:00+00:00,9690.083355789493
2025-10-03 20:00:00+00:00,9697.273855789492
2025-10-03 21:00:00+00:00,9682.155555789492
2025-10-03 22:00:00+00:00,9671.891755789493
2025-10-03 23:00:00+00:00,9684.995255789492
2025-10-04 00:00:00+00:00,9667.489855789492
2025-10-04 01:00:00+00:00,9658.7770154253
2025-10-04 02:00:00+00:00,9640.6730154253
2025-10-04 03:00:00+00:00,9640.3518154253
2025-10-04 04:00:00+00:00,9668.573615425299
2025-10-04 05:00:00+00:00,9685.9695154253
2025-10-04 06:00:00+00:00,9688.561015425299
2025-10-04 07:00:00+00:00,9681.217215425298
2025-10-04 08:00:00+00:00,9672.9974154253
2025-10-04 09:00:00+00:00,9667.739424715299
2025-10-04 10:00:00+00:00,9664.724524715299
2025-10-04 11:00:00+00:00,9657.3077247153
2025-10-04 12:00:00+00:00,9646.7373247153
2025-10-04 13:00:00+00:00,9649.051424715299
2025-10-04 14:00:00+00:00,9676.0833247153
2025-10-04 15:00:00+00:00,9647.445424715299
2025-10-04 16:00:00+00:00,9634.2178247153
2025-10-04 17:00:00+00:00,9628.692869601779
2025-10-04 18:00:00+00:00,9631.408469601778
2025-10-04 19:00:00+00:00,9619.414569601777
2025-10-04 20:00:00+00:00,9647.183769601777
2025-10-04 21:00:00+00:00,9640.628369601778
2025-10-04 22:00:00+00:00,9663.630669601778
2025-10-04 23:00:00+00:00,9669.945169601777
2025-10-05 00:00:00+00:00,9677.580969601779
2025-10-05 01:00:00+00:00,9659.10209562178
2025-10-05 02:00:00+00:00,9675.12559562178
2025-10-05 03:00:00+00:00,9797.685295621779
2025-10-05 04:00:00+00:00,9777.814695621779
2025-10-05 05:00:00+00:00,9880.868795621778
2025-10-05 06:00:00+00:00,9878.131295621779
2025-10-05 07:00:00+00:00,9867.480595621779
2025-10-05 08:00:00+00:00,9848.281595621778
2025-10-05 09:00:00+00:00,9839.837662991778
2025-10-05 10:00:00+00:00,9779.761591270095
2025-10-05 11:00:00+00:00,9779.761591270095
2025-10-05 12:00:00+00:00,9779.761591270095
2025-10-05 13:00:00+00:00,9779.761591270095
2025-10-05 14:00:00+00:00,9779.761591270095
2025-10-05 15:00:00+00:00,9779.761591270095
2025-10-05 16:00:00+00:00,9779.761591270095
2025-10-05 17:00:00+00:00,9779.761591270095
2025-10-05 18:00:00+00:00,9779.761591270095
2025-10-05 19:00:00+00:00,9779.761591270095
2025-10-05 20:00:00+00:00,9779.761591270095
2025-10-05 21:00:00+00:00,9779.761591270095
2025-10-05 22:00:00+00:00,9779.761591270095
2025-10-05 23:00:00+00:00,9779.761591270095
2025-10-06 00:00:00+00:00,9779.761591270095
2025-10-06 01:00:00+00:00,9779.761591270095
2025-10-06 02:00:00+00:00,9779.761591270095
2025-10-06 03:00:00+00:00,9779.761591270095
2025-10-06 04:00:00+00:00,9779.761591270095
2025-10-06 05:00:00+00:00,9779.761591270095
2025-10-06 06:00:00+00:00,9779.761591270095
2025-10-06 07:00:00+00:00,9779.761591270095
2025-10-06 08:00:00+00:00,9779.761591270095
2025-10-06 09:00:00+00:00,9779.761591270095
2025-10-06 10:00:00+00:00,9779.761591270095
2025-10-06 11:00:00+00:00,9779.761591270095
2025-10-06 12:00:00+00:00,9779.761591270095
2025-10-06 13:00:00+00:00,9779.761591270095
2025-10-06 14:00:00+00:00,9779.761591270095
2025-10-06 15:00:00+00:00,9779.761591270095
2025-10-06 16:00:00+00:00,9779.761591270095
2025-10-06 17:00:00+00:00,9779.761591270095
2025-10-06 18:00:00+00:00,9779.761591270095
2025-10-06 19:00:00+00:00,9779.761591270095
2025-10-06 20:00:00+00:00,9730.985287304095
2025-10-06 21:00:00+00:00,9719.382787304095
2025-10-06 22:00:00+00:00,9713.870787304095
2025-10-06 23:00:00+00:00,9708.033787304095
2025-10-07 00:00:00+00:00,9684.159287304095
2025-10-07 01:00:00+00:00,9697.753240404094
2025-10-07 02:00:00+00:00,9685.123740404095
2025-10-07 03:00:00+00:00,9654.976740404096
2025-10-07 04:00:00+00:00,9660.326240404094
2025-10-07 05:00:00+00:00,9670.485740404094
2025-10-07 06:00:00+00:00,9665.396240404094
2025-10-07 07:00:00+00:00,9630.682509775483
2025-10-07 08:00:00+00:00,9630.682509775483
2025-10-07 09:00:00+00:00,9630.682509775483
2025-10-07 10:00:00+00:00,9630.682509775483
2025-10-07 11:00:00+00:00,9630.682509775483
2025-10-07 12:00:00+00:00,9630.682509775483
2025-10-07 13:00:00+00:00,9630.682509775483
2025-10-07 14:00:00+00:00,9630.682509775483
2025-10-07 15:00:00+00:00,9630.682509775483
2025-10-07 16:00:00+00:00,9630.682509775483
2025-10-07 17:00:00+00:00,9630.682509775483
2025-10-07 18:00:00+00:00,9630.682509775483
2025-10-07 19:00:00+00:00,9630.682509775483
2025-10-07 20:00:00+00:00,9630.682509775483
2025-10-07 21:00:00+00:00,9630.682509775483
2025-10-07 22:00:00+00:00,9630.682509775483
2025-10-07 23:00:00+00:00,9630.682509775483
2025-10-08 00:00:00+00:00,9630.682509775483
2025-10-08 01:00:00+00:00,9630.682509775483
2025-10-08 02:00:00+00:00,9630.682509775483
2025-10-08 03:00:00+00:00,9630.682509775483
2025-10-08 04:00:00+00:00,9630.682509775483
2025-10-08 05:00:00+00:00,9630.682509775483
2025-10-08 06:00:00+00:00,9630.682509775483
2025-10-08 07:00:00+00:00,9630.682509775483
2025-10-08 08:00:00+00:00,9630.682509775483
2025-10-08 09:00:00+00:00,9630.682509775483
2025-10-08 10:00:00+00:00,9630.682509775483
2025-10-08 11:00:00+00:00,9630.682509775483
2025-10-08 12:00:00+00:00,9630.682509775483
2025-10-08 13:00:00+00:00,9630.682509775483
2025-10-08 14:00:00+00:00,9630.682509775483
2025-10-08 15:00:00+00:00,9630.682509775483
2025-10-08 16:00:00+00:00,9630.682509775483
2025-10-08 17:00:00+00:00,9630.682509775483
2025-10-08 18:00:00+00:00,9630.682509775483
2025-10-08 19:00:00+00:00,9630.682509775483
2025-10-08 20:00:00+00:00,9630.682509775483
2025-10-08 21:00:00+00:00,9630.682509775483
2025-10-08 22:00:00+00:00,9630.682509775483
2025-10-08 23:00:00+00:00,9630.682509775483
2025-10-09 00:00:00+00:00,9630.682509775483
2025-10-09 01:00:00+00:00,9630.682509775483
2025-10-09 02:00:00+00:00,9630.682509775483
2025-10-09 03:00:00+00:00,9630.682509775483
2025-10-09 04:00:00+00:00,9630.682509775483
2025-10-09 05:00:00+00:00,9630.682509775483
2025-10-09 06:00:00+00:00,9630.682509775483
2025-10-09 07:00:00+00:00,9630.682509775483
2025-10-09 08:00:00+00:00,9630.682509775483
2025-10-09 09:00:00+00:00,9630.682509775483
2025-10-09 10:00:00+00:00,9630.682509775483
2025-10-09 11:00:00+00:00,9630.682509775483
2025-10-09 12:00:00+00:00,9630.682509775483
2025-10-09 13:00:00+00:00,9630.682509775483
2025-10-09 14:00:00+00:00,9630.682509775483
2025-10-09 15:00:00+00:00,9630.682509775483
2025-10-09 16:00:00+00:00,9630.682509775483
2025-10-09 17:00:00+00:00,9630.682509775483
2025-10-09 18:00:00+00:00,9630.682509775483
2025-10-09 19:00:00+00:00,9630.682509775483
2025-10-09 20:00:00+00:00,9630.682509775483
2025-10-09 21:00:00+00:00,9630.682509775483
2025-10-09 22:00:00+00:00,9630.682509775483
2025-10-09 23:00:00+00:00,9630.682509775483
2025-10-10 00:00:00+00:00,9630.682509775483
2025-10-10 01:00:00+00:00,9630.682509775483
2025-10-10 02:00:00+00:00,9630.682509775483
2025-10-10 03:00:00+00:00,9630.682509775483
2025-10-10 04:00:00+00:00,9630.682509775483
2025-10-10 05:00:00+00:00,9630.682509775483
2025-10-10 06:00:00+00:00,9630.682509775483
2025-10-10 07:00:00+00:00,9630.682509775483
2025-10-10 08:00:00+00:00,9630.682509775483
2025-10-10 09:00:00+00:00,9630.682509775483
2025-10-10 10:00:00+00:00,9630.682509775483
2025-10-10 11:00:00+00:00,9630.682509775483
2025-10-10 12:00:00+00:00,9630.682509775483
2025-10-10 13:00:00+00:00,9630.682509775483
2025-10-10 14:00:00+00:00,9630.682509775483
2025-10-10 15:00:00+00:00,9630.682509775483
2025-10-10 16:00:00+00:00,9630.682509775483
2025-10-10 17:00:00+00:00,9630.682509775483
2025-10-10 18:00:00+00:00,9630.682509775483
2025-10-10 19:00:00+00:00,9630.682509775483
2025-10-10 20:00:00+00:00,9630.682509775483
2025-10-10 21:00:00+00:00,9751.320302439415
2025-10-10 22:00:00+00:00,9986.311700882
2025-10-10 23:00:00+00:00,9986.311700882
2025-10-11 00:00:00+00:00,9986.311700882
2025-10-11 01:00:00+00:00,9986.311700882
2025-10-11 02:00:00+00:00,9986.311700882
2025-10-11 03:00:00+00:00,9986.311700882
2025-10-11 04:00:00+00:00,9986.311700882
2025-10-11 05:00:00+00:00,9986.311700882
2025-10-11 06:00:00+00:00,9986.311700882
2025-10-11 07:00:00+00:00,9986.311700882
2025-10-11 08:00:00+00:00,9986.311700882
2025-10-11 09:00:00+00:00,9986.311700882
2025-10-11 10:00:00+00:00,9986.311700882
2025-10-11 11:00:00+00:00,9986.311700882
2025-10-11 12:00:00+00:00,9986.311700882
2025-10-11 13:00:00+00:00,9986.311700882
2025-10-11 14:00:00+00:00,9986.311700882
2025-10-11 15:00:00+00:00,9986.311700882
2025-10-11 16:00:00+00:00,9986.311700882
2025-10-11 17:00:00+00:00,9986.311700882
2025-10-11 18:00:00+00:00,9986.311700882
2025-10-11 19:00:00+00:00,9986.311700882
2025-10-11 20:00:00+00:00,9986.311700882
2025-10-11 21:00:00+00:00,9986.311700882
2025-10-11 22:00:00+00:00,9986.311700882
2025-10-11 23:00:00+00:00,9986.311700882
2025-10-12 00:00:00+00:00,9986.311700882
2025-10-12 01:00:00+00:00,9986.311700882
2025-10-12 02:00:00+00:00,9986.311700882
2025-10-12 03:00:00+00:00,9986.311700882
2025-10-12 04:00:00+00:00,9986.311700882
2025-10-12 05:00:00+00:00,9986.311700882
2025-10-12 06:00:00+00:00,9986.311700882
2025-10-12 07:00:00+00:00,9986.311700882
2025-10-12 08:00:00+00:00,9986.311700882
2025-10-12 09:00:00+00:00,9986.311700882
2025-10-12 10:00:00+00:00,9986.311700882
2025-10-12 11:00:00+00:00,9986.311700882
2025-10-12 12:00:00+00:00,9986.311700882
2025-10-12 13:00:00+00:00,9986.311700882
2025-10-12 14:00:00+00:00,9986.311700882
2025-10-12 15:00:00+00:00,9986.311700882
2025-10-12 16:00:00+00:00,9986.311700882
2025-10-12 17:00:00+00:00,9986.311700882
2025-10-12 18:00:00+00:00,9986.311700882
2025-10-12 19:00:00+00:00,9986.311700882
2025-10-12 20:00:00+00:00,9986.311700882
2025-10-12 21:00:00+00:00,9986.311700882
2025-10-12 22:00:00+00:00,9986.311700882
2025-10-12 23:00:00+00:00,9986.311700882
2025-10-13 00:00:00+00:00,9986.311700882
2025-10-13 01:00:00+00:00,9986.311700882
2025-10-13 02:00:00+00:00,9986.311700882
2025-10-13 03:00:00+00:00,9986.311700882
2025-10-13 04:00:00+00:00,9986.311700882
2025-10-13 05:00:00+00:00,9986.311700882
2025-10-13 06:00:00+00:00,9986.311700882
2025-10-13 07:00:00+00:00,9986.311700882
2025-10-13 08:00:00+00:00,9986.311700882
2025-10-13 09:00:00+00:00,9986.311700882
2025-10-13 10:00:00+00:00,9986.311700882
2025-10-13 11:00:00+00:00,9986.311700882
2025-10-13 12:00:00+00:00,9986.311700882
2025-10-13 13:00:00+00:00,9986.311700882
2025-10-13 14:00:00+00:00,9986.311700882
2025-10-13 15:00:00+00:00,9986.311700882
2025-10-13 16:00:00+00:00,9986.311700882
2025-10-13 17:00:00+00:00,9986.311700882
2025-10-13 18:00:00+00:00,9986.311700882
2025-10-13 19:00:00+00:00,9986.311700882
2025-10-13 20:00:00+00:00,9986.311700882
2025-10-13 21:00:00+00:00,9986.311700882
2025-10-13 22:00:00+00:00,9986.311700882
2025-10-13 23:00:00+00:00,9986.311700882
2025-10-14 00:00:00+00:00,9986.311700882
2025-10-14 01:00:00+00:00,9986.311700882
2025-10-14 02:00:00+00:00,9986.311700882
2025-10-14 03:00:00+00:00,9986.311700882
2025-10-14 04:00:00+00:00,9986.311700882
2025-10-14 05:00:00+00:00,9986.311700882
2025-10-14 06:00:00+00:00,9986.311700882
2025-10-14 07:00:00+00:00,9986.311700882
2025-10-14 08:00:00+00:00,9986.311700882
2025-10-14 09:00:00+00:00,9986.311700882
2025-10-14 10:00:00+00:00,9986.311700882
2025-10-14 11:00:00+00:00,9986.311700882
2025-10-14 12:00:00+00:00,9986.311700882
2025-10-14 13:00:00+00:00,9986.311700882
2025-10-14 14:00:00+00:00,9986.311700882
2025-10-14 15:00:00+00:00,9986.311700882
2025-10-14 16:00:00+00:00,9986.311700882
2025-10-14 17:00:00+00:00,9986.311700882
2025-10-14 18:00:00+00:00,9986.311700882
2025-10-14 19:00:00+00:00,9986.311700882
2025-10-14 20:00:00+00:00,9986.311700882
2025-10-14 21:00:00+00:00,9986.311700882
2025-10-14 22:00:00+00:00,9986.311700882
2025-10-14 23:00:00+00:00,9986.311700882
2025-10-15 00:00:00+00:00,9986.311700882
2025-10-15 01:00:00+00:00,9986.311700882
2025-10-15 02:00:00+00:00,9986.311700882
2025-10-15 03:00:00+00:00,9986.311700882
2025-10-15 04:00:00+00:00,9986.311700882
2025-10-15 05:00:00+00:00,9986.311700882
2025-10-15 06:00:00+00:00,9986.311700882
2025-10-15 07:00:00+00:00,9986.311700882
2025-10-15 08:00:00+00:00,9986.311700882
2025-10-15 09:00:00+00:00,9986.311700882
2025-10-15 10:00:00+00:00,9986.311700882
2025-10-15 11:00:00+00:00,9986.311700882
2025-10-15 12:00:00+00:00,9986.311700882
2025-10-15 13:00:00+00:00,9986.311700882
2025-10-15 14:00:00+00:00,9986.311700882
2025-10-15 15:00:00+00:00,9986.311700882
2025-10-15 16:00:00+00:00,9986.311700882
2025-10-15 17:00:00+00:00,9986.311700882
2025-10-15 18:00:00+00:00,9986.311700882
2025-10-15 19:00:00+00:00,9986.311700882
2025-10-15 20:00:00+00:00,9986.311700882
2025-10-15 21:00:00+00:00,9986.311700882
2025-10-15 22:00:00+00:00,9986.311700882
2025-10-15 23:00:00+00:00,9986.311700882
2025-10-16 00:00:00+00:00,9986.311700882
2025-10-16 01:00:00+00:00,9986.311700882
2025-10-16 02:00:00+00:00,9986.311700882
2025-10-16 03:00:00+00:00,9986.311700882
2025-10-16 04:00:00+00:00,9986.311700882
2025-10-16 05:00:00+00:00,9986.311700882
2025-10-16 06:00:00+00:00,9986.311700882
2025-10-16 07:00:00+00:00,9986.311700882
2025-10-16 08:00:00+00:00,9986.311700882
2025-10-16 09:00:00+00:00,9986.311700882
2025-10-16 10:00:00+00:00,9986.311700882
2025-10-16 11:00:00+00:00,9986.311700882
2025-10-16 12:00:00+00:00,9986.311700882
2025-10-16 13:00:00+00:00,9986.311700882
2025-10-16 14:00:00+00:00,9986.311700882
2025-10-16 15:00:00+00:00,9986.311700882
2025-10-16 16:00:00+00:00,9986.311700882
2025-10-16 17:00:00+00:00,9986.311700882
2025-10-16 18:00:00+00:00,9986.311700882
2025-10-16 19:00:00+00:00,9986.311700882
2025-10-16 20:00:00+00:00,9986.311700882
2025-10-16 21:00:00+00:00,9986.311700882
2025-10-16 22:00:00+00:00,9986.311700882
2025-10-16 23:00:00+00:00,9986.311700882
2025-10-17 00:00:00+00:00,9986.311700882
2025-10-17 01:00:00+00:00,9986.311700882
2025-10-17 02:00:00+00:00,9986.311700882
2025-10-17 03:00:00+00:00,9986.311700882
2025-10-17 04:00:00+00:00,9986.311700882
2025-10-17 05:00:00+00:00,9986.311700882
2025-10-17 06:00:00+00:00,9986.311700882
2025-10-17 07:00:00+00:00,9986.311700882
2025-10-17 08:00:00+00:00,9986.311700882
2025-10-17 09:00:00+00:00,9986.311700882
2025-10-17 10:00:00+00:00,9986.311700882
2025-10-17 11:00:00+00:00,9986.311700882
2025-10-17 12:00:00+00:00,9986.311700882
2025-10-17 13:00:00+00:00,9986.311700882
2025-10-17 14:00:00+00:00,9986.311700882
2025-10-17 15:00:00+00:00,9986.311700882
2025-10-17 16:00:00+00:00,9986.311700882
2025-10-17 17:00:00+00:00,9986.311700882
2025-10-17 18:00:00+00:00,9986.311700882
2025-10-17 19:00:00+00:00,9986.311700882
2025-10-17 20:00:00+00:00,9986.311700882
2025-10-17 21:00:00+00:00,9986.311700882
2025-10-17 22:00:00+00:00,9986.311700882
2025-10-17 23:00:00+00:00,9986.311700882
2025-10-18 00:00:00+00:00,9986.311700882
2025-10-18 01:00:00+00:00,9986.311700882
2025-10-18 02:00:00+00:00,9986.311700882
2025-10-18 03:00:00+00:00,9986.311700882
2025-10-18 04:00:00+00:00,9986.311700882
2025-10-18 05:00:00+00:00,9986.311700882
2025-10-18 06:00:00+00:00,9986.311700882
2025-10-18 07:00:00+00:00,9986.311700882
2025-10-18 08:00:00+00:00,9986.311700882
2025-10-18 09:00:00+00:00,9986.311700882
2025-10-18 10:00:00+00:00,9986.311700882
2025-10-18 11:00:00+00:00,9986.311700882
2025-10-18 12:00:00+00:00,9986.311700882
2025-10-18 13:00:00+00:00,9986.311700882
2025-10-18 14:00:00+00:00,9986.311700882
2025-10-18 15:00:00+00:00,9986.311700882
2025-10-18 16:00:00+00:00,9986.311700882
2025-10-18 17:00:00+00:00,9986.311700882
2025-10-18 18:00:00+00:00,9986.311700882
2025-10-18 19:00:00+00:00,9986.311700882
2025-10-18 20:00:00+00:00,9986.311700882
2025-10-18 21:00:00+00:00,9986.311700882
2025-10-18 22:00:00+00:00,9986.311700882
2025-10-18 23:00:00+00:00,9986.311700882
2025-10-19 00:00:00+00:00,9986.311700882
2025-10-19 01:00:00+00:00,9986.311700882
2025-10-19 02:00:00+00:00,9986.311700882
2025-10-19 03:00:00+00:00,9986.311700882
2025-10-19 04:00:00+00:00,9986.311700882
2025-10-19 05:00:00+00:00,9986.311700882
2025-10-19 06:00:00+00:00,9986.311700882
2025-10-19 07:00:00+00:00,9986.311700882
2025-10-19 08:00:00+00:00,9986.311700882
2025-10-19 09:00:00+00:00,9986.311700882
2025-10-19 10:00:00+00:00,9986.311700882
2025-10-19 11:00:00+00:00,9986.311700882
2025-10-19 12:00:00+00:00,9986.311700882
2025-10-19 13:00:00+00:00,9986.311700882
2025-10-19 14:00:00+00:00,9986.311700882
2025-10-19 15:00:00+00:00,9986.311700882
2025-10-19 16:00:00+00:00,9986.311700882
2025-10-19 17:00:00+00:00,9986.311700882
2025-10-19 18:00:00+00:00,9986.311700882
2025-10-19 19:00:00+00:00,9986.311700882
2025-10-19 20:00:00+00:00,9986.311700882
2025-10-19 21:00:00+00:00,9986.311700882
2025-10-19 22:00:00+00:00,9986.311700882
2025-10-19 23:00:00+00:00,9986.311700882
2025-10-20 00:00:00+00:00,9986.311700882
2025-10-20 01:00:00+00:00,9986.311700882
2025-10-20 02:00:00+00:00,9986.311700882
2025-10-20 03:00:00+00:00,9986.311700882
2025-10-20 04:00:00+00:00,9986.311700882
2025-10-20 05:00:00+00:00,9986.311700882
2025-10-20 06:00:00+00:00,9986.311700882
2025-10-20 07:00:00+00:00,9986.311700882
2025-10-20 08:00:00+00:00,9986.311700882
2025-10-20 09:00:00+00:00,9986.311700882
2025-10-20 10:00:00+00:00,9986.311700882
2025-10-20 11:00:00+00:00,9986.311700882
2025-10-20 12:00:00+00:00,9986.311700882
2025-10-20 13:00:00+00:00,9986.311700882
2025-10-20 14:00:00+00:00,9986.311700882
2025-10-20 15:00:00+00:00,9986.311700882
2025-10-20 16:00:00+00:00,9986.311700882
2025-10-20 17:00:00+00:00,9986.311700882
2025-10-20 18:00:00+00:00,9986.311700882
2025-10-20 19:00:00+00:00,9986.311700882
2025-10-20 20:00:00+00:00,9986.311700882
2025-10-20 21:00:00+00:00,9986.311700882
2025-10-20 22:00:00+00:00,9986.311700882
2025-10-20 23:00:00+00:00,9986.311700882
2025-10-21 00:00:00+00:00,9986.311700882
2025-10-21 01:00:00+00:00,9986.311700882
2025-10-21 02:00:00+00:00,9986.311700882
2025-10-21 03:00:00+00:00,9986.311700882
2025-10-21 04:00:00+00:00,9986.311700882
2025-10-21 05:00:00+00:00,9986.311700882
2025-10-21 06:00:00+00:00,9986.311700882
2025-10-21 07:00:00+00:00,9986.311700882
2025-10-21 08:00:00+00:00,9986.311700882
2025-10-21 09:00:00+00:00,9986.311700882
2025-10-21 10:00:00+00:00,9986.311700882
2025-10-21 11:00:00+00:00,9986.311700882
2025-10-21 12:00:00+00:00,9986.311700882
2025-10-21 13:00:00+00:00,9986.311700882
2025-10-21 14:00:00+00:00,9986.311700882
2025-10-21 15:00:00+00:00,9986.311700882
2025-10-21 16:00:00+00:00,9986.311700882
2025-10-21 17:00:00+00:00,9986.311700882
2025-10-21 18:00:00+00:00,9986.311700882
2025-10-21 19:00:00+00:00,9986.311700882
2025-10-21 20:00:00+00:00,9986.311700882
2025-10-21 21:00:00+00:00,9986.311700882
2025-10-21 22:00:00+00:00,9986.311700882
2025-10-21 23:00:00+00:00,9986.311700882
2025-10-22 00:00:00+00:00,9986.311700882
2025-10-22 01:00:00+00:00,9986.311700882
2025-10-22 02:00:00+00:00,9986.311700882
2025-10-22 03:00:00+00:00,9986.311700882
2025-10-22 04:00:00+00:00,9986.311700882
2025-10-22 05:00:00+00:00,9986.311700882
2025-10-22 06:00:00+00:00,9986.311700882
2025-10-22 07:00:00+00:00,9986.311700882
2025-10-22 08:00:00+00:00,9986.311700882
2025-10-22 09:00:00+00:00,9986.311700882
2025-10-22 10:00:00+00:00,9986.311700882
2025-10-22 11:00:00+00:00,9986.311700882
2025-10-22 12:00:00+00:00,9986.311700882
2025-10-22 13:00:00+00:00,9986.311700882
2025-10-22 14:00:00+00:00,9986.311700882
2025-10-22 15:00:00+00:00,9986.311700882
2025-10-22 16:00:00+00:00,9986.311700882
2025-10-22 17:00:00+00:00,9986.311700882
2025-10-22 18:00:00+00:00,9986.311700882
2025-10-22 19:00:00+00:00,9986.311700882
2025-10-22 20:00:00+00:00,9986.311700882
2025-10-22 21:00:00+00:00,9986.311700882
2025-10-22 22:00:00+00:00,9986.311700882
2025-10-22 23:00:00+00:00,9986.311700882
2025-10-23 00:00:00+00:00,9986.311700882
2025-10-23 01:00:00+00:00,9986.311700882
2025-10-23 02:00:00+00:00,9986.311700882
2025-10-23 03:00:00+00:00,9986.311700882
2025-10-23 04:00:00+00:00,9986.311700882
2025-10-23 05:00:00+00:00,9986.311700882
2025-10-23 06:00:00+00:00,9986.311700882
2025-10-23 07:00:00+00:00,9986.311700882
2025-10-23 08:00:00+00:00,9986.311700882
2025-10-23 09:00:00+00:00,9986.311700882
2025-10-23 10:00:00+00:00,9986.311700882
2025-10-23 11:00:00+00:00,9986.311700882
2025-10-23 12:00:00+00:00,9986.311700882
2025-10-23 13:00:00+00:00,9986.311700882
2025-10-23 14:00:00+00:00,9986.311700882
2025-10-23 15:00:00+00:00,9986.311700882
2025-10-23 16:00:00+00:00,9986.311700882
2025-10-23 17:00:00+00:00,9986.311700882
2025-10-23 18:00:00+00:00,9986.311700882
2025-10-23 19:00:00+00:00,9986.311700882
2025-10-23 20:00:00+00:00,9986.311700882
2025-10-23 21:00:00+00:00,9986.311700882
2025-10-23 22:00:00+00:00,9986.311700882
2025-10-23 23:00:00+00:00,9986.311700882
2025-10-24 00:00:00+00:00,9986.311700882
2025-10-24 01:00:00+00:00,9986.311700882
2025-10-24 02:00:00+00:00,9986.311700882
2025-10-24 03:00:00+00:00,9986.311700882
2025-10-24 04:00:00+00:00,9986.311700882
2025-10-24 05:00:00+00:00,9986.311700882
2025-10-24 06:00:00+00:00,9986.311700882
2025-10-24 07:00:00+00:00,9986.311700882
2025-10-24 08:00:00+00:00,9986.311700882
2025-10-24 09:00:00+00:00,9986.311700882
2025-10-24 10:00:00+00:00,9986.311700882
2025-10-24 11:00:00+00:00,9986.311700882
2025-10-24 12:00:00+00:00,9986.311700882
2025-10-24 13:00:00+00:00,9986.311700882
2025-10-24 14:00:00+00:00,9986.311700882
2025-10-24 15:00:00+00:00,9986.311700882
2025-10-24 16:00:00+00:00,9986.311700882
2025-10-24 17:00:00+00:00,9986.311700882
2025-10-24 18:00:00+00:00,9986.311700882
2025-10-24 19:00:00+00:00,9986.311700882
2025-10-24 20:00:00+00:00,9986.311700882
2025-10-24 21:00:00+00:00,9986.311700882
2025-10-24 22:00:00+00:00,9986.311700882
2025-10-24 23:00:00+00:00,9986.311700882
2025-10-25 00:00:00+00:00,9986.311700882
2025-10-25 01:00:00+00:00,9986.311700882
2025-10-25 02:00:00+00:00,9986.311700882
2025-10-25 03:00:00+00:00,9986.311700882
2025-10-25 04:00:00+00:00,9986.311700882
2025-10-25 05:00:00+00:00,9986.311700882
2025-10-25 06:00:00+00:00,9986.311700882
2025-10-25 07:00:00+00:00,9986.311700882
2025-10-25 08:00:00+00:00,9986.311700882
2025-10-25 09:00:00+00:00,9986.311700882
2025-10-25 10:00:00+00:00,9986.311700882
2025-10-25 11:00:00+00:00,9986.311700882
2025-10-25 12:00:00+00:00,9986.311700882
2025-10-25 13:00:00+00:00,9986.311700882
2025-10-25 14:00:00+00:00,9986.311700882
2025-10-25 15:00:00+00:00,9986.311700882
2025-10-25 16:00:00+00:00,9986.311700882
2025-10-25 17:00:00+00:00,9986.311700882
2025-10-25 18:00:00+00:00,9986.311700882
2025-10-25 19:00:00+00:00,9986.311700882
2025-10-25 20:00:00+00:00,9986.311700882
2025-10-25 21:00:00+00:00,9986.311700882
2025-10-25 22:00:00+00:00,9986.311700882
2025-10-25 23:00:00+00:00,9986.311700882
2025-10-26 00:00:00+00:00,9986.311700882
2025-10-26 01:00:00+00:00,9986.311700882
2025-10-26 02:00:00+00:00,9986.311700882
2025-10-26 03:00:00+00:00,9986.311700882
2025-10-26 04:00:00+00:00,9986.311700882
2025-10-26 05:00:00+00:00,9986.311700882
2025-10-26 06:00:00+00:00,9986.311700882
2025-10-26 07:00:00+00:00,9986.311700882
2025-10-26 08:00:00+00:00,9986.311700882
2025-10-26 09:00:00+00:00,9986.311700882
2025-10-26 10:00:00+00:00,9986.311700882
2025-10-26 11:00:00+00:00,9986.311700882
2025-10-26 12:00:00+00:00,9986.311700882
2025-10-26 13:00:00+00:00,9986.311700882
2025-10-26 14:00:00+00:00,9986.311700882
2025-10-26 15:00:00+00:00,9986.311700882
2025-10-26 16:00:00+00:00,9986.311700882
2025-10-26 17:00:00+00:00,9986.311700882
2025-10-26 18:00:00+00:00,9986.311700882
2025-10-26 19:00:00+00:00,9986.311700882
2025-10-26 20:00:00+00:00,9986.311700882
2025-10-26 21:00:00+00:00,9986.311700882
2025-10-26 22:00:00+00:00,9986.311700882
2025-10-26 23:00:00+00:00,9986.311700882
2025-10-27 00:00:00+00:00,9966.081698399958
2025-10-27 01:00:00+00:00,9982.996630697102
2025-10-27 02:00:00+00:00,10024.062230697102
2025-10-27 03:00:00+00:00,9992.541430697102
2025-10-27 04:00:00+00:00,10000.577430697102
2025-10-27 05:00:00+00:00,10021.8564306971
2025-10-27 06:00:00+00:00,10045.316630697102
2025-10-27 07:00:00+00:00,10087.358030697102
2025-10-27 08:00:00+00:00,10047.727430697101
2025-10-27 09:00:00+00:00,10004.102382582634
2025-10-27 10:00:00+00:00,9984.473506413811
2025-10-27 11:00:00+00:00,9984.473506413811
2025-10-27 12:00:00+00:00,9984.473506413811
2025-10-27 13:00:00+00:00,9984.473506413811
2025-10-27 14:00:00+00:00,9984.473506413811
2025-10-27 15:00:00+00:00,9984.473506413811
2025-10-27 16:00:00+00:00,9984.473506413811
2025-10-27 17:00:00+00:00,9984.473506413811
2025-10-27 18:00:00+00:00,9984.473506413811
2025-10-27 19:00:00+00:00,9984.473506413811
2025-10-27 20:00:00+00:00,9984.473506413811
2025-10-27 21:00:00+00:00,9984.473506413811
2025-10-27 22:00:00+00:00,9984.473506413811
2025-10-27 23:00:00+00:00,9984.473506413811
2025-10-28 00:00:00+00:00,9984.473506413811
2025-10-28 01:00:00+00:00,9984.473506413811
2025-10-28 02:00:00+00:00,9984.473506413811
2025-10-28 03:00:00+00:00,9984.473506413811
2025-10-28 04:00:00+00:00,9984.473506413811
2025-10-28 05:00:00+00:00,9984.473506413811
2025-10-28 06:00:00+00:00,9984.473506413811
2025-10-28 07:00:00+00:00,9984.473506413811
2025-10-28 08:00:00+00:00,9984.473506413811
2025-10-28 09:00:00+00:00,9984.473506413811
2025-10-28 10:00:00+00:00,9984.473506413811
2025-10-28 11:00:00+00:00,9984.473506413811
2025-10-28 12:00:00+00:00,9984.473506413811
2025-10-28 13:00:00+00:00,9984.473506413811
2025-10-28 14:00:00+00:00,9984.473506413811
2025-10-28 15:00:00+00:00,9984.473506413811
2025-10-28 16:00:00+00:00,9984.473506413811
2025-10-28 17:00:00+00:00,9984.473506413811
2025-10-28 18:00:00+00:00,9984.473506413811
2025-10-28 19:00:00+00:00,9984.473506413811
2025-10-28 20:00:00+00:00,9984.473506413811
2025-10-28 21:00:00+00:00,9984.473506413811
2025-10-28 22:00:00+00:00,9984.473506413811
2025-10-28 23:00:00+00:00,9984.473506413811
2025-10-29 00:00:00+00:00,9984.473506413811
2025-10-29 01:00:00+00:00,9984.473506413811
2025-10-29 02:00:00+00:00,9984.473506413811
2025-10-29 03:00:00+00:00,9984.473506413811
2025-10-29 04:00:00+00:00,9984.473506413811
2025-10-29 05:00:00+00:00,9984.473506413811
2025-10-29 06:00:00+00:00,9984.473506413811
2025-10-29 07:00:00+00:00,9984.473506413811
2025-10-29 08:00:00+00:00,9984.473506413811
2025-10-29 09:00:00+00:00,9984.473506413811
2025-10-29 10:00:00+00:00,9984.473506413811
2025-10-29 11:00:00+00:00,9984.473506413811
2025-10-29 12:00:00+00:00,9984.473506413811
2025-10-29 13:00:00+00:00,9984.473506413811
2025-10-29 14:00:00+00:00,9984.473506413811
2025-10-29 15:00:00+00:00,9984.473506413811
2025-10-29 16:00:00+00:00,9984.473506413811
2025-10-29 17:00:00+00:00,9984.473506413811
2025-10-29 18:00:00+00:00,9984.473506413811
2025-10-29 19:00:00+00:00,9984.473506413811
2025-10-29 20:00:00+00:00,9984.473506413811
2025-10-29 21:00:00+00:00,9984.473506413811
2025-10-29 22:00:00+00:00,9984.473506413811
2025-10-29 23:00:00+00:00,9984.473506413811
2025-10-30 00:00:00+00:00,9984.473506413811
2025-10-30 01:00:00+00:00,9984.473506413811
2025-10-30 02:00:00+00:00,9984.473506413811
2025-10-30 03:00:00+00:00,9984.473506413811
2025-10-30 04:00:00+00:00,9984.473506413811
2025-10-30 05:00:00+00:00,9984.473506413811
2025-10-30 06:00:00+00:00,9984.473506413811
2025-10-30 07:00:00+00:00,9984.473506413811
2025-10-30 08:00:00+00:00,9984.473506413811
2025-10-30 09:00:00+00:00,9984.473506413811
2025-10-30 10:00:00+00:00,9984.473506413811
2025-10-30 11:00:00+00:00,9984.473506413811
2025-10-30 12:00:00+00:00,9984.473506413811
2025-10-30 13:00:00+00:00,9984.473506413811
2025-10-30 14:00:00+00:00,9984.473506413811
2025-10-30 15:00:00+00:00,9949.510469287123
2025-10-30 16:00:00+00:00,9975.828869287123
2025-10-30 17:00:00+00:00,9955.32939740707
2025-10-30 18:00:00+00:00,9986.79339740707
2025-10-30 19:00:00+00:00,10017.55659740707
2025-10-30 20:00:00+00:00,10032.22539740707
2025-10-30 21:00:00+00:00,9985.71339740707
2025-10-30 22:00:00+00:00,9966.25419740707
2025-10-30 23:00:00+00:00,9966.04779740707
2025-10-31 00:00:00+00:00,9946.982197407071
2025-10-31 01:00:00+00:00,9935.005802783995
2025-10-31 02:00:00+00:00,9935.005802783995
2025-10-31 03:00:00+00:00,9935.005802783995
2025-10-31 04:00:00+00:00,9935.005802783995
2025-10-31 05:00:00+00:00,9935.005802783995
2025-10-31 06:00:00+00:00,9935.005802783995
2025-10-31 07:00:00+00:00,9935.005802783995
2025-10-31 08:00:00+00:00,9935.005802783995
2025-10-31 09:00:00+00:00,9935.005802783995
2025-10-31 10:00:00+00:00,9935.005802783995
2025-10-31 11:00:00+00:00,9935.005802783995
2025-10-31 12:00:00+00:00,9935.005802783995
2025-10-31 13:00:00+00:00,9935.005802783995
2025-10-31 14:00:00+00:00,9935.005802783995
2025-10-31 15:00:00+00:00,9935.005802783995
2025-10-31 16:00:00+00:00,9935.005802783995
2025-10-31 17:00:00+00:00,9935.005802783995
2025-10-31 18:00:00+00:00,9935.005802783995
2025-10-31 19:00:00+00:00,9935.005802783995
2025-10-31 20:00:00+00:00,9935.005802783995
2025-10-31 21:00:00+00:00,9935.005802783995
2025-10-31 22:00:00+00:00,9935.005802783995
2025-10-31 23:00:00+00:00,9935.005802783995
2025-11-01 00:00:00+00:00,9935.005802783995
2025-11-01 01:00:00+00:00,9935.005802783995
2025-11-01 02:00:00+00:00,9935.005802783995
2025-11-01 03:00:00+00:00,9935.005802783995
2025-11-01 04:00:00+00:00,9935.005802783995
2025-11-01 05:00:00+00:00,9935.005802783995
2025-11-01 06:00:00+00:00,9935.005802783995
2025-11-01 07:00:00+00:00,9935.005802783995
2025-11-01 08:00:00+00:00,9935.005802783995
2025-11-01 09:00:00+00:00,9935.005802783995
2025-11-01 10:00:00+00:00,9935.005802783995
2025-11-01 11:00:00+00:00,9935.005802783995
2025-11-01 12:00:00+00:00,9935.005802783995
2025-11-01 13:00:00+00:00,9935.005802783995
2025-11-01 14:00:00+00:00,9935.005802783995
2025-11-01 15:00:00+00:00,9935.005802783995
2025-11-01 16:00:00+00:00,9935.005802783995
2025-11-01 17:00:00+00:00,9935.005802783995
2025-11-01 18:00:00+00:00,9935.005802783995
2025-11-01 19:00:00+00:00,9935.005802783995
2025-11-01 20:00:00+00:00,9935.005802783995
2025-11-01 21:00:00+00:00,9935.005802783995
2025-11-01 22:00:00+00:00,9935.005802783995
2025-11-01 23:00:00+00:00,9935.005802783995
2025-11-02 00:00:00+00:00,9935.005802783995
2025-11-02 01:00:00+00:00,9935.005802783995
2025-11-02 02:00:00+00:00,9935.005802783995
2025-11-02 03:00:00+00:00,9935.005802783995
2025-11-02 04:00:00+00:00,9935.005802783995
2025-11-02 05:00:00+00:00,9935.005802783995
2025-11-02 06:00:00+00:00,9935.005802783995
2025-11-02 07:00:00+00:00,9935.005802783995
2025-11-02 08:00:00+00:00,9935.005802783995
2025-11-02 09:00:00+00:00,9935.005802783995
2025-11-02 10:00:00+00:00,9935.005802783995
2025-11-02 11:00:00+00:00,9935.005802783995
2025-11-02 12:00:00+00:00,9935.005802783995
2025-11-02 13:00:00+00:00,9935.005802783995
2025-11-02 14:00:00+00:00,9935.005802783995
2025-11-02 15:00:00+00:00,9935.005802783995
2025-11-02 16:00:00+00:00,9935.005802783995
2025-11-02 17:00:00+00:00,9935.005802783995
2025-11-02 18:00:00+00:00,9935.005802783995
2025-11-02 19:00:00+00:00,9935.005802783995
2025-11-02 20:00:00+00:00,9935.005802783995
2025-11-02 21:00:00+00:00,9935.005802783995
2025-11-02 22:00:00+00:00,9935.005802783995
2025-11-02 23:00:00+00:00,9935.005802783995
2025-11-03 00:00:00+00:00,9935.005802783995
2025-11-03 01:00:00+00:00,9935.005802783995
2025-11-03 02:00:00+00:00,9935.005802783995
2025-11-03 03:00:00+00:00,9935.005802783995
2025-11-03 04:00:00+00:00,9935.005802783995
2025-11-03 05:00:00+00:00,9935.005802783995
2025-11-03 06:00:00+00:00,9935.005802783995
2025-11-03 07:00:00+00:00,9935.005802783995
2025-11-03 08:00:00+00:00,9935.005802783995
2025-11-03 09:00:00+00:00,9935.005802783995
2025-11-03 10:00:00+00:00,9935.005802783995
2025-11-03 11:00:00+00:00,9935.005802783995
2025-11-03 12:00:00+00:00,9935.005802783995
2025-11-03 13:00:00+00:00,9935.005802783995
2025-11-03 14:00:00+00:00,9935.005802783995
2025-11-03 15:00:00+00:00,9935.005802783995
2025-11-03 16:00:00+00:00,9935.005802783995
2025-11-03 17:00:00+00:00,9876.1292827887
2025-11-03 18:00:00+00:00,9829.996082788699
2025-11-03 19:00:00+00:00,9859.808082788699
2025-11-03 20:00:00+00:00,9852.9408827887
2025-11-03 21:00:00+00:00,9877.3820827887
2025-11-03 22:00:00+00:00,9863.5664827887
2025-11-03 23:00:00+00:00,9886.3488827887
2025-11-04 00:00:00+00:00,9881.233282788698
2025-11-04 01:00:00+00:00,9887.428367007275
2025-11-04 02:00:00+00:00,9855.220967007275
2025-11-04 03:00:00+00:00,9887.190567007274
2025-11-04 04:00:00+00:00,9848.626367007273
2025-11-04 05:00:00+00:00,9872.626767007274
2025-11-04 06:00:00+00:00,10018.461967007275
2025-11-04 07:00:00+00:00,9987.826367007274
2025-11-04 08:00:00+00:00,10002.662767007274
2025-11-04 09:00:00+00:00,10027.144943644911
2025-11-04 10:00:00+00:00,10039.058143644912
2025-11-04 11:00:00+00:00,10040.95474364491
2025-11-04 12:00:00+00:00,9997.646143644912
2025-11-04 13:00:00+00:00,10034.81834364491
2025-11-04 14:00:00+00:00,10036.62214364491
2025-11-04 15:00:00+00:00,10002.692143644912
2025-11-04 16:00:00+00:00,10077.76154364491
2025-11-04 17:00:00+00:00,10132.509418564474
2025-11-04 18:00:00+00:00,10198.855618564474
2025-11-04 19:00:00+00:00,10184.338218564475
2025-11-04 20:00:00+00:00,10232.356418564474
2025-11-04 21:00:00+00:00,10218.975818564473
2025-11-04 22:00:00+00:00,10304.172781890977
2025-11-04 23:00:00+00:00,10304.172781890977
2025-11-05 00:00:00+00:00,10304.172781890977
2025-11-05 01:00:00+00:00,10304.172781890977
2025-11-05 02:00:00+00:00,10304.172781890977
2025-11-05 03:00:00+00:00,10304.172781890977
2025-11-05 04:00:00+00:00,10304.172781890977
2025-11-05 05:00:00+00:00,10304.172781890977
2025-11-05 06:00:00+00:00,10304.172781890977
2025-11-05 07:00:00+00:00,10304.172781890977
2025-11-05 08:00:00+00:00,10304.172781890977
2025-11-05 09:00:00+00:00,10304.172781890977
2025-11-05 10:00:00+00:00,10304.172781890977
2025-11-05 11:00:00+00:00,10304.172781890977
2025-11-05 12:00:00+00:00,10304.172781890977
2025-11-05 13:00:00+00:00,10304.172781890977
2025-11-05 14:00:00+00:00,10304.172781890977
2025-11-05 15:00:00+00:00,10304.172781890977
2025-11-05 16:00:00+00:00,10304.172781890977
2025-11-05 17:00:00+00:00,10304.172781890977
2025-11-05 18:00:00+00:00,10304.172781890977
2025-11-05 19:00:00+00:00,10304.172781890977
2025-11-05 20:00:00+00:00,10304.172781890977
2025-11-05 21:00:00+00:00,10304.172781890977
2025-11-05 22:00:00+00:00,10304.172781890977
2025-11-05 23:00:00+00:00,10304.172781890977
2025-11-06 00:00:00+00:00,10304.172781890977
2025-11-06 01:00:00+00:00,10304.172781890977
2025-11-06 02:00:00+00:00,10304.172781890977
2025-11-06 03:00:00+00:00,10304.172781890977
2025-11-06 04:00:00+00:00,10304.172781890977
2025-11-06 05:00:00+00:00,10304.172781890977
2025-11-06 06:00:00+00:00,10304.172781890977
2025-11-06 07:00:00+00:00,10304.172781890977
2025-11-06 08:00:00+00:00,10304.172781890977
2025-11-06 09:00:00+00:00,10304.172781890977
2025-11-06 10:00:00+00:00,10304.172781890977
2025-11-06 11:00:00+00:00,10304.172781890977
2025-11-06 12:00:00+00:00,10304.172781890977
2025-11-06 13:00:00+00:00,10304.172781890977
2025-11-06 14:00:00+00:00,10304.172781890977
2025-11-06 15:00:00+00:00,10304.172781890977
2025-11-06 16:00:00+00:00,10304.172781890977
2025-11-06 17:00:00+00:00,10304.172781890977
2025-11-06 18:00:00+00:00,10304.172781890977
2025-11-06 19:00:00+00:00,10304.172781890977
2025-11-06 20:00:00+00:00,10304.172781890977
2025-11-06 21:00:00+00:00,10304.172781890977
2025-11-06 22:00:00+00:00,10304.172781890977
2025-11-06 23:00:00+00:00,10304.172781890977
2025-11-07 00:00:00+00:00,10304.172781890977
2025-11-07 01:00:00+00:00,10304.172781890977
2025-11-07 02:00:00+00:00,10304.172781890977
2025-11-07 03:00:00+00:00,10304.172781890977
2025-11-07 04:00:00+00:00,10304.172781890977
2025-11-07 05:00:00+00:00,10304.172781890977
2025-11-07 06:00:00+00:00,10304.172781890977
2025-11-07 07:00:00+00:00,10304.172781890977
2025-11-07 08:00:00+00:00,10304.172781890977
2025-11-07 09:00:00+00:00,10304.172781890977
2025-11-07 10:00:00+00:00,10304.172781890977
2025-11-07 11:00:00+00:00,10304.172781890977
2025-11-07 12:00:00+00:00,10304.172781890977
2025-11-07 13:00:00+00:00,10304.172781890977
2025-11-07 14:00:00+00:00,10304.172781890977
2025-11-07 15:00:00+00:00,10304.172781890977
2025-11-07 16:00:00+00:00,10304.172781890977
2025-11-07 17:00:00+00:00,10304.172781890977
2025-11-07 18:00:00+00:00,10304.172781890977
2025-11-07 19:00:00+00:00,10304.172781890977
2025-11-07 20:00:00+00:00,10304.172781890977
2025-11-07 21:00:00+00:00,10304.172781890977
2025-11-07 22:00:00+00:00,10304.172781890977
2025-11-07 23:00:00+00:00,10304.172781890977
2025-11-08 00:00:00+00:00,10304.172781890977
2025-11-08 01:00:00+00:00,10304.172781890977
2025-11-08 02:00:00+00:00,10304.172781890977
2025-11-08 03:00:00+00:00,10304.172781890977
2025-11-08 04:00:00+00:00,10304.172781890977
2025-11-08 05:00:00+00:00,10304.172781890977
2025-11-08 06:00:00+00:00,10304.172781890977
2025-11-08 07:00:00+00:00,10304.172781890977
2025-11-08 08:00:00+00:00,10304.172781890977
2025-11-08 09:00:00+00:00,10304.172781890977
2025-11-08 10:00:00+00:00,10304.172781890977
2025-11-08 11:00:00+00:00,10304.172781890977
2025-11-08 12:00:00+00:00,10304.172781890977
2025-11-08 13:00:00+00:00,10304.172781890977
2025-11-08 14:00:00+00:00,10304.172781890977
2025-11-08 15:00:00+00:00,10304.172781890977
2025-11-08 16:00:00+00:00,10304.172781890977
2025-11-08 17:00:00+00:00,10304.172781890977
2025-11-08 18:00:00+00:00,10304.172781890977
2025-11-08 19:00:00+00:00,10304.172781890977
2025-11-08 20:00:00+00:00,10304.172781890977
2025-11-08 21:00:00+00:00,10304.172781890977
2025-11-08 22:00:00+00:00,10304.172781890977
2025-11-08 23:00:00+00:00,10304.172781890977
2025-11-09 00:00:00+00:00,10304.172781890977
2025-11-09 01:00:00+00:00,10304.172781890977
2025-11-09 02:00:00+00:00,10304.172781890977
2025-11-09 03:00:00+00:00,10304.172781890977
2025-11-09 04:00:00+00:00,10304.172781890977
2025-11-09 05:00:00+00:00,10304.172781890977
2025-11-09 06:00:00+00:00,10304.172781890977
2025-11-09 07:00:00+00:00,10304.172781890977
2025-11-09 08:00:00+00:00,10304.172781890977
2025-11-09 09:00:00+00:00,10304.172781890977
2025-11-09 10:00:00+00:00,10304.172781890977
2025-11-09 11:00:00+00:00,10304.172781890977
2025-11-09 12:00:00+00:00,10304.172781890977
2025-11-09 13:00:00+00:00,10304.172781890977
2025-11-09 14:00:00+00:00,10304.172781890977
2025-11-09 15:00:00+00:00,10304.172781890977
2025-11-09 16:00:00+00:00,10304.172781890977
2025-11-09 17:00:00+00:00,10304.172781890977
2025-11-09 18:00:00+00:00,10304.172781890977
2025-11-09 19:00:00+00:00,10304.172781890977
2025-11-09 20:00:00+00:00,10304.172781890977
2025-11-09 21:00:00+00:00,10304.172781890977
2025-11-09 22:00:00+00:00,10304.172781890977
2025-11-09 23:00:00+00:00,10304.172781890977
2025-11-10 00:00:00+00:00,10304.172781890977
2025-11-10 01:00:00+00:00,10304.172781890977
2025-11-10 02:00:00+00:00,10304.172781890977
2025-11-10 03:00:00+00:00,10304.172781890977
2025-11-10 04:00:00+00:00,10304.172781890977
2025-11-10 05:00:00+00:00,10304.172781890977
2025-11-10 06:00:00+00:00,10304.172781890977
2025-11-10 07:00:00+00:00,10304.172781890977
2025-11-10 08:00:00+00:00,10304.172781890977
2025-11-10 09:00:00+00:00,10304.172781890977
2025-11-10 10:00:00+00:00,10304.172781890977
2025-11-10 11:00:00+00:00,10304.172781890977
2025-11-10 12:00:00+00:00,10304.172781890977
2025-11-10 13:00:00+00:00,10304.172781890977
2025-11-10 14:00:00+00:00,10304.172781890977
2025-11-10 15:00:00+00:00,10304.172781890977
2025-11-10 16:00:00+00:00,10304.172781890977
2025-11-10 17:00:00+00:00,10304.172781890977
2025-11-10 18:00:00+00:00,10304.172781890977
2025-11-10 19:00:00+00:00,10304.172781890977
2025-11-10 20:00:00+00:00,10304.172781890977
2025-11-10 21:00:00+00:00,10304.172781890977
2025-11-10 22:00:00+00:00,10304.172781890977
2025-11-10 23:00:00+00:00,10304.172781890977
2025-11-11 00:00:00+00:00,10304.172781890977
2025-11-11 01:00:00+00:00,10304.172781890977
2025-11-11 02:00:00+00:00,10304.172781890977
2025-11-11 03:00:00+00:00,10304.172781890977
2025-11-11 04:00:00+00:00,10304.172781890977
2025-11-11 05:00:00+00:00,10304.172781890977
2025-11-11 06:00:00+00:00,10304.172781890977
2025-11-11 07:00:00+00:00,10304.172781890977
2025-11-11 08:00:00+00:00,10304.172781890977
2025-11-11 09:00:00+00:00,10304.172781890977
2025-11-11 10:00:00+00:00,10304.172781890977
2025-11-11 11:00:00+00:00,10304.172781890977
2025-11-11 12:00:00+00:00,10304.172781890977
2025-11-11 13:00:00+00:00,10304.172781890977
2025-11-11 14:00:00+00:00,10304.172781890977
2025-11-11 15:00:00+00:00,10304.172781890977
2025-11-11 16:00:00+00:00,10304.172781890977
2025-11-11 17:00:00+00:00,10304.172781890977
2025-11-11 18:00:00+00:00,10304.172781890977
2025-11-11 19:00:00+00:00,10304.172781890977
2025-11-11 20:00:00+00:00,10304.172781890977
2025-11-11 21:00:00+00:00,10304.172781890977
2025-11-11 22:00:00+00:00,10304.172781890977
2025-11-11 23:00:00+00:00,10304.172781890977
2025-11-12 00:00:00+00:00,10304.172781890977
2025-11-12 01:00:00+00:00,10304.172781890977
2025-11-12 02:00:00+00:00,10304.172781890977
2025-11-12 03:00:00+00:00,10304.172781890977
2025-11-12 04:00:00+00:00,10304.172781890977
2025-11-12 05:00:00+00:00,10304.172781890977
2025-11-12 06:00:00+00:00,10304.172781890977
2025-11-12 07:00:00+00:00,10304.172781890977
2025-11-12 08:00:00+00:00,10304.172781890977
2025-11-12 09:00:00+00:00,10304.172781890977
2025-11-12 10:00:00+00:00,10304.172781890977
2025-11-12 11:00:00+00:00,10304.172781890977
2025-11-12 12:00:00+00:00,10304.172781890977
2025-11-12 13:00:00+00:00,10304.172781890977
2025-11-12 14:00:00+00:00,10304.172781890977
2025-11-12 15:00:00+00:00,10304.172781890977
2025-11-12 16:00:00+00:00,10304.172781890977
2025-11-12 17:00:00+00:00,10304.172781890977
2025-11-12 18:00:00+00:00,10304.172781890977
2025-11-12 19:00:00+00:00,10304.172781890977
2025-11-12 20:00:00+00:00,10304.172781890977
2025-11-12 21:00:00+00:00,10304.172781890977
2025-11-12 22:00:00+00:00,10304.172781890977
2025-11-12 23:00:00+00:00,10304.172781890977
2025-11-13 00:00:00+00:00,10304.172781890977
2025-11-13 01:00:00+00:00,10304.172781890977
2025-11-13 02:00:00+00:00,10304.172781890977
2025-11-13 03:00:00+00:00,10304.172781890977
2025-11-13 04:00:00+00:00,10304.172781890977
2025-11-13 05:00:00+00:00,10304.172781890977
2025-11-13 06:00:00+00:00,10304.172781890977
2025-11-13 07:00:00+00:00,10304.172781890977
2025-11-13 08:00:00+00:00,10304.172781890977
2025-11-13 09:00:00+00:00,10304.172781890977
2025-11-13 10:00:00+00:00,10304.172781890977
2025-11-13 11:00:00+00:00,10304.172781890977
2025-11-13 12:00:00+00:00,10304.172781890977
2025-11-13 13:00:00+00:00,10304.172781890977
2025-11-13 14:00:00+00:00,10304.172781890977
2025-11-13 15:00:00+00:00,10304.172781890977
2025-11-13 16:00:00+00:00,10304.172781890977
2025-11-13 17:00:00+00:00,10304.172781890977
2025-11-13 18:00:00+00:00,10304.172781890977
2025-11-13 19:00:00+00:00,10304.172781890977
2025-11-13 20:00:00+00:00,10295.44743260466
2025-11-13 21:00:00+00:00,10320.41783260466
2025-11-13 22:00:00+00:00,10288.94023260466
2025-11-13 23:00:00+00:00,10237.92143260466
2025-11-14 00:00:00+00:00,10217.250200169668
2025-11-14 01:00:00+00:00,10217.250200169668
2025-11-14 02:00:00+00:00,10217.250200169668
2025-11-14 03:00:00+00:00,10217.250200169668
2025-11-14 04:00:00+00:00,10217.250200169668
2025-11-14 05:00:00+00:00,10217.250200169668
2025-11-14 06:00:00+00:00,10226.45831925424
2025-11-14 07:00:00+00:00,10225.42331925424
2025-11-14 08:00:00+00:00,10244.03981925424
2025-11-14 09:00:00+00:00,10233.20504143885
2025-11-14 10:00:00+00:00,10256.74904143885
2025-11-14 11:00:00+00:00,10260.943041438852
2025-11-14 12:00:00+00:00,10286.61554143885
2025-11-14 13:00:00+00:00,10323.029541438851
2025-11-14 14:00:00+00:00,10328.555541438851
2025-11-14 15:00:00+00:00,10271.468541438851
2025-11-14 16:00:00+00:00,10259.174541438852
2025-11-14 17:00:00+00:00,10249.786369236503
2025-11-14 18:00:00+00:00,10302.044869236503
2025-11-14 19:00:00+00:00,10336.618369236503
2025-11-14 20:00:00+00:00,10305.046369236503
2025-11-14 21:00:00+00:00,10368.001369236503
2025-11-14 22:00:00+00:00,10337.509369236503
2025-11-14 23:00:00+00:00,10332.095869236502
2025-11-15 00:00:00+00:00,10359.316369236503
2025-11-15 01:00:00+00:00,10333.515129599522
2025-11-15 02:00:00+00:00,10310.830629599523
2025-11-15 03:00:00+00:00,10274.196129599522
2025-11-15 04:00:00+00:00,10277.076129599522
2025-11-15 05:00:00+00:00,10290.886629599523
2025-11-15 06:00:00+00:00,10280.077629599522
2025-11-15 07:00:00+00:00,10289.712129599522
2025-11-15 08:00:00+00:00,10280.410629599523
2025-11-15 09:00:00+00:00,10299.215644421774
2025-11-15 10:00:00+00:00,10303.256644421774
2025-11-15 11:00:00+00:00,10297.442644421773
2025-11-15 12:00:00+00:00,10309.381144421774
2025-11-15 13:00:00+00:00,10304.138644421773
2025-11-15 14:00:00+00:00,10279.127644421775
2025-11-15 15:00:00+00:00,10284.568144421773
2025-11-15 16:00:00+00:00,10284.010144421774
2025-11-15 17:00:00+00:00,10288.240234828469
2025-11-15 18:00:00+00:00,10285.144234828467
2025-11-15 19:00:00+00:00,10293.631234828468
2025-11-15 20:00:00+00:00,10295.368234828467
2025-11-15 21:00:00+00:00,10327.718734828468
2025-11-15 22:00:00+00:00,10327.957234828467
2025-11-15 23:00:00+00:00,10312.994734828468
2025-11-16 00:00:00+00:00,10313.566234828468
2025-11-16 01:00:00+00:00,10324.373643873181
2025-11-16 02:00:00+00:00,10328.30664387318
2025-11-16 03:00:00+00:00,10297.418643873181
2025-11-16 04:00:00+00:00,10304.083143873182
2025-11-16 05:00:00+00:00,10303.894143873182
2025-11-16 06:00:00+00:00,10300.85214387318
2025-11-16 07:00:00+00:00,10305.118143873182
2025-11-16 08:00:00+00:00,10291.39764387318
2025-11-16 09:00:00+00:00,10290.823494196577
2025-11-16 10:00:00+00:00,10268.784299935252
2025-11-16 11:00:00+00:00,10268.784299935252
2025-11-16 12:00:00+00:00,10268.784299935252
2025-11-16 13:00:00+00:00,10268.784299935252
2025-11-16 14:00:00+00:00,10268.784299935252
2025-11-16 15:00:00+00:00,10268.784299935252
2025-11-16 16:00:00+00:00,10268.784299935252
2025-11-16 17:00:00+00:00,10268.784299935252
2025-11-16 18:00:00+00:00,10268.784299935252
2025-11-16 19:00:00+00:00,10268.784299935252
2025-11-16 20:00:00+00:00,10268.784299935252
2025-11-16 21:00:00+00:00,10268.784299935252
2025-11-16 22:00:00+00:00,10268.784299935252
2025-11-16 23:00:00+00:00,10216.102413178027
2025-11-17 00:00:00+00:00,10211.908213178029
2025-11-17 01:00:00+00:00,10142.794525684521
2025-11-17 02:00:00+00:00,10178.28442568452
2025-11-17 03:00:00+00:00,10164.381925684522
2025-11-17 04:00:00+00:00,10129.689325684521
2025-11-17 05:00:00+00:00,10156.22802568452
2025-11-17 06:00:00+00:00,10154.07062568452
2025-11-17 07:00:00+00:00,10143.79282568452
2025-11-17 08:00:00+00:00,10105.276355738974
2025-11-17 09:00:00+00:00,10105.276355738974
2025-11-17 10:00:00+00:00,10105.276355738974
2025-11-17 11:00:00+00:00,10105.276355738974
2025-11-17 12:00:00+00:00,10105.276355738974
2025-11-17 13:00:00+00:00,10105.276355738974
2025-11-17 14:00:00+00:00,10105.276355738974
2025-11-17 15:00:00+00:00,10105.276355738974
2025-11-17 16:00:00+00:00,10105.276355738974
2025-11-17 17:00:00+00:00,10105.276355738974
2025-11-17 18:00:00+00:00,10105.276355738974
2025-11-17 19:00:00+00:00,10112.595284846715
2025-11-17 20:00:00+00:00,10153.706284846716
2025-11-17 21:00:00+00:00,10142.504884846716
2025-11-17 22:00:00+00:00,10140.314584846716
2025-11-17 23:00:00+00:00,10126.418184846716
2025-11-18 00:00:00+00:00,10128.285084846715
2025-11-18 01:00:00+00:00,10130.874088417402
2025-11-18 02:00:00+00:00,10152.899588417402
2025-11-18 03:00:00+00:00,10194.182088417403
2025-11-18 04:00:00+00:00,10195.377688417402
2025-11-18 05:00:00+00:00,10232.108088417403
2025-11-18 06:00:00+00:00,10225.439188417402
2025-11-18 07:00:00+00:00,10253.496588417402
2025-11-18 08:00:00+00:00,10212.645288417403
2025-11-18 09:00:00+00:00,10177.617418407403
2025-11-18 10:00:00+00:00,10169.189418407403
2025-11-18 11:00:00+00:00,10156.47365074619
2025-11-18 12:00:00+00:00,10156.47365074619
2025-11-18 13:00:00+00:00,10156.47365074619
2025-11-18 14:00:00+00:00,10156.47365074619
2025-11-18 15:00:00+00:00,10156.47365074619
2025-11-18 16:00:00+00:00,10156.47365074619
2025-11-18 17:00:00+00:00,10156.47365074619
2025-11-18 18:00:00+00:00,10156.47365074619
2025-11-18 19:00:00+00:00,10156.47365074619
2025-11-18 20:00:00+00:00,10156.47365074619
2025-11-18 21:00:00+00:00,10156.47365074619
2025-11-18 22:00:00+00:00,10156.47365074619
2025-11-18 23:00:00+00:00,10156.47365074619
2025-11-19 00:00:00+00:00,10156.47365074619
2025-11-19 01:00:00+00:00,10156.47365074619
2025-11-19 02:00:00+00:00,10156.47365074619
2025-11-19 03:00:00+00:00,10156.47365074619
2025-11-19 04:00:00+00:00,10156.47365074619
2025-11-19 05:00:00+00:00,10156.47365074619
2025-11-19 06:00:00+00:00,10156.47365074619
2025-11-19 07:00:00+00:00,10156.47365074619
2025-11-19 08:00:00+00:00,10156.47365074619
2025-11-19 09:00:00+00:00,10156.47365074619
2025-11-19 10:00:00+00:00,10156.47365074619
2025-11-19 11:00:00+00:00,10156.47365074619
2025-11-19 12:00:00+00:00,10156.47365074619
2025-11-19 13:00:00+00:00,10156.47365074619
2025-11-19 14:00:00+00:00,10156.47365074619
2025-11-19 15:00:00+00:00,10156.47365074619
2025-11-19 16:00:00+00:00,10156.47365074619
2025-11-19 17:00:00+00:00,10156.47365074619
2025-11-19 18:00:00+00:00,10156.47365074619
2025-11-19 19:00:00+00:00,10156.47365074619
2025-11-19 20:00:00+00:00,10156.47365074619
2025-11-19 21:00:00+00:00,10156.47365074619
2025-11-19 22:00:00+00:00,10156.47365074619
2025-11-19 23:00:00+00:00,10156.47365074619
2025-11-20 00:00:00+00:00,10156.47365074619
2025-11-20 01:00:00+00:00,10156.47365074619
2025-11-20 02:00:00+00:00,10156.47365074619
2025-11-20 03:00:00+00:00,10156.47365074619
2025-11-20 04:00:00+00:00,10156.47365074619
2025-11-20 05:00:00+00:00,10156.47365074619
2025-11-20 06:00:00+00:00,10156.47365074619
2025-11-20 07:00:00+00:00,10156.47365074619
2025-11-20 08:00:00+00:00,10156.47365074619
2025-11-20 09:00:00+00:00,10156.47365074619
2025-11-20 10:00:00+00:00,10156.47365074619
2025-11-20 11:00:00+00:00,10156.47365074619
2025-11-20 12:00:00+00:00,10156.47365074619
2025-11-20 13:00:00+00:00,10156.47365074619
2025-11-20 14:00:00+00:00,10156.47365074619
2025-11-20 15:00:00+00:00,10156.47365074619
2025-11-20 16:00:00+00:00,10156.47365074619
2025-11-20 17:00:00+00:00,10156.47365074619
2025-11-20 18:00:00+00:00,10185.577801327328
2025-11-20 19:00:00+00:00,10223.287201327328
2025-11-20 20:00:00+00:00,10200.903301327327
2025-11-20 21:00:00+00:00,10223.679901327327
2025-11-20 22:00:00+00:00,10182.609601327327
2025-11-20 23:00:00+00:00,10142.380801327328
2025-11-21 00:00:00+00:00,10215.377101327327
2025-11-21 01:00:00+00:00,10181.732232219289
2025-11-21 02:00:00+00:00,10193.72743221929
2025-11-21 03:00:00+00:00,10276.352532219289
2025-11-21 04:00:00+00:00,10256.467632219288
2025-11-21 05:00:00+00:00,10244.497932219288
2025-11-21 06:00:00+00:00,10237.618032219289
2025-11-21 07:00:00+00:00,10269.554232219289
2025-11-21 08:00:00+00:00,10347.76273221929
2025-11-21 09:00:00+00:00,10368.045780929086
2025-11-21 10:00:00+00:00,10440.843180929085
2025-11-21 11:00:00+00:00,10415.802180929086
2025-11-21 12:00:00+00:00,10435.518780929086
2025-11-21 13:00:00+00:00,10387.665480929087
2025-11-21 14:00:00+00:00,10344.968280929086
2025-11-21 15:00:00+00:00,10306.655068270875
2025-11-21 16:00:00+00:00,10306.655068270875
2025-11-21 17:00:00+00:00,10306.655068270875
2025-11-21 18:00:00+00:00,10306.655068270875
2025-11-21 19:00:00+00:00,10306.655068270875
2025-11-21 20:00:00+00:00,10306.655068270875
2025-11-21 21:00:00+00:00,10306.655068270875
2025-11-21 22:00:00+00:00,10306.655068270875
2025-11-21 23:00:00+00:00,10306.655068270875
2025-11-22 00:00:00+00:00,10306.655068270875
2025-11-22 01:00:00+00:00,10306.655068270875
2025-11-22 02:00:00+00:00,10306.655068270875
2025-11-22 03:00:00+00:00,10306.655068270875
2025-11-22 04:00:00+00:00,10306.655068270875
2025-11-22 05:00:00+00:00,10306.655068270875
2025-11-22 06:00:00+00:00,10306.655068270875
2025-11-22 07:00:00+00:00,10306.655068270875
2025-11-22 08:00:00+00:00,10306.655068270875
2025-11-22 09:00:00+00:00,10306.655068270875
2025-11-22 10:00:00+00:00,10306.655068270875
2025-11-22 11:00:00+00:00,10306.655068270875
2025-11-22 12:00:00+00:00,10306.655068270875
2025-11-22 13:00:00+00:00,10306.655068270875
2025-11-22 14:00:00+00:00,10306.655068270875
2025-11-22 15:00:00+00:00,10306.655068270875
2025-11-22 16:00:00+00:00,10306.655068270875
2025-11-22 17:00:00+00:00,10306.655068270875
2025-11-22 18:00:00+00:00,10306.655068270875
2025-11-22 19:00:00+00:00,10306.655068270875
2025-11-22 20:00:00+00:00,10306.655068270875
2025-11-22 21:00:00+00:00,10306.655068270875
2025-11-22 22:00:00+00:00,10306.655068270875
2025-11-22 23:00:00+00:00,10306.655068270875
2025-11-23 00:00:00+00:00,10306.655068270875
2025-11-23 01:00:00+00:00,10306.655068270875
2025-11-23 02:00:00+00:00,10306.655068270875
2025-11-23 03:00:00+00:00,10306.655068270875
2025-11-23 04:00:00+00:00,10306.655068270875
2025-11-23 05:00:00+00:00,10306.655068270875
2025-11-23 06:00:00+00:00,10306.655068270875
2025-11-23 07:00:00+00:00,10306.655068270875
2025-11-23 08:00:00+00:00,10306.655068270875
2025-11-23 09:00:00+00:00,10306.655068270875
2025-11-23 10:00:00+00:00,10306.655068270875
2025-11-23 11:00:00+00:00,10306.655068270875
2025-11-23 12:00:00+00:00,10306.655068270875
2025-11-23 13:00:00+00:00,10306.655068270875
2025-11-23 14:00:00+00:00,10306.655068270875
2025-11-23 15:00:00+00:00,10306.655068270875
2025-11-23 16:00:00+00:00,10306.655068270875
2025-11-23 17:00:00+00:00,10306.655068270875
2025-11-23 18:00:00+00:00,10306.655068270875
2025-11-23 19:00:00+00:00,10306.655068270875
2025-11-23 20:00:00+00:00,10306.655068270875
2025-11-23 21:00:00+00:00,10306.655068270875
2025-11-23 22:00:00+00:00,10306.655068270875
2025-11-23 23:00:00+00:00,10306.655068270875
2025-11-24 00:00:00+00:00,10306.655068270875
2025-11-24 01:00:00+00:00,10306.655068270875
2025-11-24 02:00:00+00:00,10306.655068270875
2025-11-24 03:00:00+00:00,10306.655068270875
2025-11-24 04:00:00+00:00,10306.655068270875
2025-11-24 05:00:00+00:00,10306.655068270875
2025-11-24 06:00:00+00:00,10306.655068270875
2025-11-24 07:00:00+00:00,10306.655068270875
2025-11-24 08:00:00+00:00,10306.655068270875
2025-11-24 09:00:00+00:00,10306.655068270875
2025-11-24 10:00:00+00:00,10306.655068270875
2025-11-24 11:00:00+00:00,10306.655068270875
2025-11-24 12:00:00+00:00,10306.655068270875
2025-11-24 13:00:00+00:00,10306.655068270875
2025-11-24 14:00:00+00:00,10306.655068270875
2025-11-24 15:00:00+00:00,10306.655068270875
2025-11-24 16:00:00+00:00,10306.655068270875
2025-11-24 17:00:00+00:00,10306.655068270875
2025-11-24 18:00:00+00:00,10306.655068270875
2025-11-24 19:00:00+00:00,10306.655068270875
2025-11-24 20:00:00+00:00,10306.655068270875
2025-11-24 21:00:00+00:00,10306.655068270875
2025-11-24 22:00:00+00:00,10306.655068270875
2025-11-24 23:00:00+00:00,10306.655068270875
2025-11-25 00:00:00+00:00,10306.655068270875
2025-11-25 01:00:00+00:00,10306.655068270875
2025-11-25 02:00:00+00:00,10306.655068270875
2025-11-25 03:00:00+00:00,10306.655068270875
2025-11-25 04:00:00+00:00,10306.655068270875
2025-11-25 05:00:00+00:00,10306.655068270875
2025-11-25 06:00:00+00:00,10306.655068270875
2025-11-25 07:00:00+00:00,10306.655068270875
2025-11-25 08:00:00+00:00,10306.655068270875
2025-11-25 09:00:00+00:00,10306.655068270875
2025-11-25 10:00:00+00:00,10306.655068270875
2025-11-25 11:00:00+00:00,10306.655068270875
2025-11-25 12:00:00+00:00,10306.655068270875
2025-11-25 13:00:00+00:00,10306.655068270875
2025-11-25 14:00:00+00:00,10306.655068270875
2025-11-25 15:00:00+00:00,10306.655068270875
2025-11-25 16:00:00+00:00,10306.655068270875
2025-11-25 17:00:00+00:00,10306.655068270875
2025-11-25 18:00:00+00:00,10306.655068270875
2025-11-25 19:00:00+00:00,10306.655068270875
2025-11-25 20:00:00+00:00,10306.655068270875
2025-11-25 21:00:00+00:00,10306.655068270875
2025-11-25 22:00:00+00:00,10306.655068270875
2025-11-25 23:00:00+00:00,10306.655068270875
2025-11-26 00:00:00+00:00,10306.655068270875
2025-11-26 01:00:00+00:00,10306.655068270875
2025-11-26 02:00:00+00:00,10306.655068270875
2025-11-26 03:00:00+00:00,10306.655068270875
2025-11-26 04:00:00+00:00,10306.655068270875
2025-11-26 05:00:00+00:00,10306.655068270875
2025-11-26 06:00:00+00:00,10306.655068270875
2025-11-26 07:00:00+00:00,10306.655068270875
2025-11-26 08:00:00+00:00,10306.655068270875
2025-11-26 09:00:00+00:00,10306.655068270875
2025-11-26 10:00:00+00:00,10306.655068270875
2025-11-26 11:00:00+00:00,10306.655068270875
2025-11-26 12:00:00+00:00,10306.655068270875
2025-11-26 13:00:00+00:00,10306.655068270875
2025-11-26 14:00:00+00:00,10306.655068270875
2025-11-26 15:00:00+00:00,10306.655068270875
2025-11-26 16:00:00+00:00,10306.655068270875
2025-11-26 17:00:00+00:00,10306.655068270875
2025-11-26 18:00:00+00:00,10306.655068270875
2025-11-26 19:00:00+00:00,10306.655068270875
2025-11-26 20:00:00+00:00,10306.655068270875
2025-11-26 21:00:00+00:00,10306.655068270875
2025-11-26 22:00:00+00:00,10306.655068270875
2025-11-26 23:00:00+00:00,10306.655068270875
2025-11-27 00:00:00+00:00,10306.655068270875
2025-11-27 01:00:00+00:00,10306.655068270875
2025-11-27 02:00:00+00:00,10306.655068270875
2025-11-27 03:00:00+00:00,10306.655068270875
2025-11-27 04:00:00+00:00,10306.655068270875
2025-11-27 05:00:00+00:00,10306.655068270875
2025-11-27 06:00:00+00:00,10306.655068270875
2025-11-27 07:00:00+00:00,10306.655068270875
2025-11-27 08:00:00+00:00,10306.655068270875
2025-11-27 09:00:00+00:00,10306.655068270875
2025-11-27 10:00:00+00:00,10306.655068270875
2025-11-27 11:00:00+00:00,10306.655068270875
2025-11-27 12:00:00+00:00,10306.655068270875
2025-11-27 13:00:00+00:00,10306.655068270875
2025-11-27 14:00:00+00:00,10306.655068270875
2025-11-27 15:00:00+00:00,10306.655068270875
2025-11-27 16:00:00+00:00,10306.655068270875
2025-11-27 17:00:00+00:00,10306.655068270875
2025-11-27 18:00:00+00:00,10306.655068270875
2025-11-27 19:00:00+00:00,10306.655068270875
2025-11-27 20:00:00+00:00,10306.655068270875
2025-11-27 21:00:00+00:00,10306.655068270875
2025-11-27 22:00:00+00:00,10306.655068270875
2025-11-27 23:00:00+00:00,10306.655068270875
2025-11-28 00:00:00+00:00,10306.655068270875
2025-11-28 01:00:00+00:00,10306.655068270875
2025-11-28 02:00:00+00:00,10306.655068270875
2025-11-28 03:00:00+00:00,10306.655068270875
2025-11-28 04:00:00+00:00,10306.655068270875
2025-11-28 05:00:00+00:00,10306.655068270875
2025-11-28 06:00:00+00:00,10306.655068270875
2025-11-28 07:00:00+00:00,10306.655068270875
2025-11-28 08:00:00+00:00,10306.655068270875
2025-11-28 09:00:00+00:00,10306.655068270875
2025-11-28 10:00:00+00:00,10306.655068270875
2025-11-28 11:00:00+00:00,10306.655068270875
2025-11-28 12:00:00+00:00,10306.655068270875
2025-11-28 13:00:00+00:00,10306.655068270875
2025-11-28 14:00:00+00:00,10306.655068270875
2025-11-28 15:00:00+00:00,10290.172938577445
2025-11-28 16:00:00+00:00,10298.553938577445
2025-11-28 17:00:00+00:00,10183.67576622039
2025-11-28 18:00:00+00:00,10183.67576622039
2025-11-28 19:00:00+00:00,10183.67576622039
2025-11-28 20:00:00+00:00,10183.67576622039
2025-11-28 21:00:00+00:00,10183.67576622039
2025-11-28 22:00:00+00:00,10183.67576622039
2025-11-28 23:00:00+00:00,10183.67576622039
2025-11-29 00:00:00+00:00,10183.67576622039
2025-11-29 01:00:00+00:00,10183.67576622039
2025-11-29 02:00:00+00:00,10183.67576622039
2025-11-29 03:00:00+00:00,10183.67576622039
2025-11-29 04:00:00+00:00,10183.67576622039
2025-11-29 05:00:00+00:00,10183.67576622039
2025-11-29 06:00:00+00:00,10183.67576622039
2025-11-29 07:00:00+00:00,10183.67576622039
2025-11-29 08:00:00+00:00,10183.67576622039
2025-11-29 09:00:00+00:00,10183.67576622039
2025-11-29 10:00:00+00:00,10183.67576622039
2025-11-29 11:00:00+00:00,10183.67576622039
2025-11-29 12:00:00+00:00,10183.67576622039
2025-11-29 13:00:00+00:00,10183.67576622039
2025-11-29 14:00:00+00:00,10183.67576622039
2025-11-29 15:00:00+00:00,10183.67576622039
2025-11-29 16:00:00+00:00,10183.67576622039
2025-11-29 17:00:00+00:00,10183.67576622039
2025-11-29 18:00:00+00:00,10183.67576622039
2025-11-29 19:00:00+00:00,10183.67576622039
2025-11-29 20:00:00+00:00,10183.67576622039
2025-11-29 21:00:00+00:00,10183.67576622039
2025-11-29 22:00:00+00:00,10183.67576622039
2025-11-29 23:00:00+00:00,10183.67576622039
2025-11-30 00:00:00+00:00,10183.67576622039
2025-11-30 01:00:00+00:00,10183.67576622039
2025-11-30 02:00:00+00:00,10183.67576622039
2025-11-30 03:00:00+00:00,10183.67576622039
2025-11-30 04:00:00+00:00,10183.67576622039
2025-11-30 05:00:00+00:00,10183.67576622039
2025-11-30 06:00:00+00:00,10183.67576622039
2025-11-30 07:00:00+00:00,10183.67576622039
2025-11-30 08:00:00+00:00,10183.67576622039
2025-11-30 09:00:00+00:00,10183.67576622039
2025-11-30 10:00:00+00:00,10183.67576622039
2025-11-30 11:00:00+00:00,10183.67576622039
2025-11-30 12:00:00+00:00,10183.67576622039
2025-11-30 13:00:00+00:00,10183.67576622039
2025-11-30 14:00:00+00:00,10183.67576622039
2025-11-30 15:00:00+00:00,10183.67576622039
2025-11-30 16:00:00+00:00,10183.67576622039
2025-11-30 17:00:00+00:00,10183.67576622039
2025-11-30 18:00:00+00:00,10183.67576622039
2025-11-30 19:00:00+00:00,10183.67576622039
2025-11-30 20:00:00+00:00,10183.67576622039
2025-11-30 21:00:00+00:00,10183.67576622039
2025-11-30 22:00:00+00:00,10183.67576622039
2025-11-30 23:00:00+00:00,10183.67576622039
2025-12-01 00:00:00+00:00,10183.67576622039
2025-12-01 01:00:00+00:00,10183.67576622039
2025-12-01 02:00:00+00:00,10183.67576622039
2025-12-01 03:00:00+00:00,10183.67576622039
2025-12-01 04:00:00+00:00,10183.67576622039
2025-12-01 05:00:00+00:00,10183.67576622039
2025-12-01 06:00:00+00:00,10183.67576622039
2025-12-01 07:00:00+00:00,10183.67576622039
2025-12-01 08:00:00+00:00,10183.67576622039
2025-12-01 09:00:00+00:00,10183.67576622039
2025-12-01 10:00:00+00:00,10183.67576622039
2025-12-01 11:00:00+00:00,10183.67576622039
2025-12-01 12:00:00+00:00,10183.67576622039
2025-12-01 13:00:00+00:00,10183.67576622039
2025-12-01 14:00:00+00:00,10183.67576622039
2025-12-01 15:00:00+00:00,10183.67576622039
2025-12-01 16:00:00+00:00,10183.67576622039
2025-12-01 17:00:00+00:00,10184.998971748195
2025-12-01 18:00:00+00:00,10163.503571748195
2025-12-01 19:00:00+00:00,10146.899971748195
2025-12-01 20:00:00+00:00,10158.004171748194
2025-12-01 21:00:00+00:00,10127.766771748195
2025-12-01 22:00:00+00:00,10076.975079600048
2025-12-01 23:00:00+00:00,10076.975079600048
2025-12-02 00:00:00+00:00,10076.975079600048
2025-12-02 01:00:00+00:00,10076.975079600048
2025-12-02 02:00:00+00:00,10076.975079600048
2025-12-02 03:00:00+00:00,10076.975079600048
2025-12-02 04:00:00+00:00,10076.975079600048
2025-12-02 05:00:00+00:00,10076.975079600048
2025-12-02 06:00:00+00:00,10076.975079600048
2025-12-02 07:00:00+00:00,10076.975079600048
2025-12-02 08:00:00+00:00,10076.975079600048
2025-12-02 09:00:00+00:00,10076.975079600048
2025-12-02 10:00:00+00:00,10076.975079600048
2025-12-02 11:00:00+00:00,10076.975079600048
2025-12-02 12:00:00+00:00,10076.975079600048
2025-12-02 13:00:00+00:00,10076.975079600048
2025-12-02 14:00:00+00:00,10076.975079600048
2025-12-02 15:00:00+00:00,10076.975079600048
2025-12-02 16:00:00+00:00,10076.975079600048
2025-12-02 17:00:00+00:00,10076.975079600048
2025-12-02 18:00:00+00:00,10076.975079600048
2025-12-02 19:00:00+00:00,10076.975079600048
2025-12-02 20:00:00+00:00,10076.975079600048
2025-12-02 21:00:00+00:00,10076.975079600048
2025-12-02 22:00:00+00:00,10076.975079600048
2025-12-02 23:00:00+00:00,10076.975079600048
2025-12-03 00:00:00+00:00,10076.975079600048
2025-12-03 01:00:00+00:00,10076.975079600048
2025-12-03 02:00:00+00:00,10076.975079600048
2025-12-03 03:00:00+00:00,10076.975079600048
2025-12-03 04:00:00+00:00,10076.975079600048
2025-12-03 05:00:00+00:00,10076.975079600048
2025-12-03 06:00:00+00:00,10089.242459190793
2025-12-03 07:00:00+00:00,10077.526459190793
2025-12-03 08:00:00+00:00,10052.650259190792
2025-12-03 09:00:00+00:00,10038.012188324681
2025-12-03 10:00:00+00:00,10061.62978832468
2025-12-03 11:00:00+00:00,10048.138988324681
2025-12-03 12:00:00+00:00,10051.584188324681
2025-12-03 13:00:00+00:00,10047.47778832468
2025-12-03 14:00:00+00:00,10058.631188324682
2025-12-03 15:00:00+00:00,9990.401972407748
2025-12-03 16:00:00+00:00,9990.401972407748
2025-12-03 17:00:00+00:00,9990.401972407748
2025-12-03 18:00:00+00:00,9990.401972407748
2025-12-03 19:00:00+00:00,9990.401972407748
2025-12-03 20:00:00+00:00,9990.401972407748
2025-12-03 21:00:00+00:00,9990.401972407748
2025-12-03 22:00:00+00:00,9990.401972407748
2025-12-03 23:00:00+00:00,9990.401972407748
2025-12-04 00:00:00+00:00,9990.401972407748
2025-12-04 01:00:00+00:00,9990.401972407748
2025-12-04 02:00:00+00:00,9990.401972407748
2025-12-04 03:00:00+00:00,9990.401972407748
2025-12-04 04:00:00+00:00,9990.401972407748
2025-12-04 05:00:00+00:00,9990.401972407748
2025-12-04 06:00:00+00:00,9990.401972407748
2025-12-04 07:00:00+00:00,9990.401972407748
2025-12-04 08:00:00+00:00,9990.401972407748
2025-12-04 09:00:00+00:00,9990.401972407748
2025-12-04 10:00:00+00:00,9990.401972407748
2025-12-04 11:00:00+00:00,9990.401972407748
2025-12-04 12:00:00+00:00,9990.401972407748
2025-12-04 13:00:00+00:00,9990.401972407748
2025-12-04 14:00:00+00:00,9990.401972407748
2025-12-04 15:00:00+00:00,9990.401972407748
2025-12-04 16:00:00+00:00,9990.401972407748
2025-12-04 17:00:00+00:00,9990.401972407748
2025-12-04 18:00:00+00:00,9990.401972407748
2025-12-04 19:00:00+00:00,9990.401972407748
2025-12-04 20:00:00+00:00,9990.401972407748
2025-12-04 21:00:00+00:00,9990.401972407748
2025-12-04 22:00:00+00:00,9990.401972407748
2025-12-04 23:00:00+00:00,9990.401972407748
2025-12-05 00:00:00+00:00,9990.401972407748
2025-12-05 01:00:00+00:00,9990.401972407748
2025-12-05 02:00:00+00:00,9990.401972407748
2025-12-05 03:00:00+00:00,9990.401972407748
2025-12-05 04:00:00+00:00,9990.401972407748
2025-12-05 05:00:00+00:00,9990.401972407748
2025-12-05 06:00:00+00:00,9990.401972407748
2025-12-05 07:00:00+00:00,9990.401972407748
2025-12-05 08:00:00+00:00,9990.401972407748
2025-12-05 09:00:00+00:00,9990.401972407748
2025-12-05 10:00:00+00:00,9990.401972407748
2025-12-05 11:00:00+00:00,9990.401972407748
2025-12-05 12:00:00+00:00,9990.401972407748
2025-12-05 13:00:00+00:00,9990.401972407748
2025-12-05 14:00:00+00:00,9990.401972407748
2025-12-05 15:00:00+00:00,9990.401972407748
2025-12-05 16:00:00+00:00,9990.401972407748
2025-12-05 17:00:00+00:00,9990.401972407748
2025-12-05 18:00:00+00:00,9990.401972407748
2025-12-05 19:00:00+00:00,9990.401972407748
2025-12-05 20:00:00+00:00,9990.401972407748
2025-12-05 21:00:00+00:00,9990.401972407748
2025-12-05 22:00:00+00:00,9990.401972407748
2025-12-05 23:00:00+00:00,9990.401972407748
2025-12-06 00:00:00+00:00,9990.401972407748
2025-12-06 01:00:00+00:00,9990.401972407748
2025-12-06 02:00:00+00:00,9990.401972407748
2025-12-06 03:00:00+00:00,9990.401972407748
2025-12-06 04:00:00+00:00,9990.401972407748
2025-12-06 05:00:00+00:00,9990.401972407748
2025-12-06 06:00:00+00:00,9990.401972407748
2025-12-06 07:00:00+00:00,9990.401972407748
2025-12-06 08:00:00+00:00,9990.401972407748
2025-12-06 09:00:00+00:00,9990.401972407748
2025-12-06 10:00:00+00:00,9990.401972407748
2025-12-06 11:00:00+00:00,9990.401972407748
2025-12-06 12:00:00+00:00,9990.401972407748
2025-12-06 13:00:00+00:00,9990.401972407748
2025-12-06 14:00:00+00:00,9990.401972407748
2025-12-06 15:00:00+00:00,9990.401972407748
2025-12-06 16:00:00+00:00,9990.401972407748
2025-12-06 17:00:00+00:00,9990.401972407748
2025-12-06 18:00:00+00:00,9990.401972407748
2025-12-06 19:00:00+00:00,9990.401972407748
2025-12-06 20:00:00+00:00,9990.401972407748
2025-12-06 21:00:00+00:00,9990.401972407748
2025-12-06 22:00:00+00:00,9990.401972407748
2025-12-06 23:00:00+00:00,9990.401972407748
2025-12-07 00:00:00+00:00,9990.401972407748
2025-12-07 01:00:00+00:00,9990.401972407748
2025-12-07 02:00:00+00:00,9990.401972407748
2025-12-07 03:00:00+00:00,9990.401972407748
2025-12-07 04:00:00+00:00,9990.401972407748
2025-12-07 05:00:00+00:00,9990.401972407748
2025-12-07 06:00:00+00:00,9990.401972407748
2025-12-07 07:00:00+00:00,9990.401972407748
2025-12-07 08:00:00+00:00,9990.401972407748
2025-12-07 09:00:00+00:00,9990.401972407748
2025-12-07 10:00:00+00:00,9990.401972407748
2025-12-07 11:00:00+00:00,9990.401972407748
2025-12-07 12:00:00+00:00,9990.401972407748
2025-12-07 13:00:00+00:00,9990.401972407748
2025-12-07 14:00:00+00:00,9990.401972407748
2025-12-07 15:00:00+00:00,9990.401972407748
2025-12-07 16:00:00+00:00,9990.401972407748
2025-12-07 17:00:00+00:00,9990.401972407748
2025-12-07 18:00:00+00:00,9990.401972407748
2025-12-07 19:00:00+00:00,9990.401972407748
2025-12-07 20:00:00+00:00,9990.401972407748
2025-12-07 21:00:00+00:00,9990.401972407748
2025-12-07 22:00:00+00:00,9990.401972407748
2025-12-07 23:00:00+00:00,9990.401972407748
2025-12-08 00:00:00+00:00,9990.401972407748
2025-12-08 01:00:00+00:00,9990.401972407748
2025-12-08 02:00:00+00:00,9990.401972407748
2025-12-08 03:00:00+00:00,9990.401972407748
2025-12-08 04:00:00+00:00,9990.401972407748
2025-12-08 05:00:00+00:00,9990.401972407748
2025-12-08 06:00:00+00:00,9990.401972407748
2025-12-08 07:00:00+00:00,9990.401972407748
2025-12-08 08:00:00+00:00,9990.401972407748
2025-12-08 09:00:00+00:00,9990.401972407748
2025-12-08 10:00:00+00:00,9990.401972407748
2025-12-08 11:00:00+00:00,9990.401972407748
2025-12-08 12:00:00+00:00,9990.401972407748
2025-12-08 13:00:00+00:00,9990.401972407748
2025-12-08 14:00:00+00:00,9990.401972407748
2025-12-08 15:00:00+00:00,9990.401972407748
2025-12-08 16:00:00+00:00,9990.401972407748
2025-12-08 17:00:00+00:00,9990.401972407748
2025-12-08 18:00:00+00:00,9990.401972407748
2025-12-08 19:00:00+00:00,9990.401972407748
2025-12-08 20:00:00+00:00,9990.401972407748
2025-12-08 21:00:00+00:00,9990.401972407748
2025-12-08 22:00:00+00:00,9990.401972407748
2025-12-08 23:00:00+00:00,9990.401972407748
2025-12-09 00:00:00+00:00,9990.401972407748
2025-12-09 01:00:00+00:00,9990.401972407748
2025-12-09 02:00:00+00:00,9990.401972407748
2025-12-09 03:00:00+00:00,9990.401972407748
2025-12-09 04:00:00+00:00,9990.401972407748
2025-12-09 05:00:00+00:00,9990.401972407748
2025-12-09 06:00:00+00:00,9990.401972407748
2025-12-09 07:00:00+00:00,9990.401972407748
2025-12-09 08:00:00+00:00,9990.401972407748
2025-12-09 09:00:00+00:00,9990.401972407748
2025-12-09 10:00:00+00:00,9990.401972407748
2025-12-09 11:00:00+00:00,9990.401972407748
2025-12-09 12:00:00+00:00,9990.401972407748
2025-12-09 13:00:00+00:00,9990.401972407748
2025-12-09 14:00:00+00:00,9990.401972407748
2025-12-09 15:00:00+00:00,9990.401972407748
2025-12-09 16:00:00+00:00,9990.401972407748
2025-12-09 17:00:00+00:00,9990.401972407748
2025-12-09 18:00:00+00:00,9990.401972407748
2025-12-09 19:00:00+00:00,9990.401972407748
2025-12-09 20:00:00+00:00,9990.401972407748
2025-12-09 21:00:00+00:00,9990.401972407748
2025-12-09 22:00:00+00:00,9990.401972407748
2025-12-09 23:00:00+00:00,9990.401972407748
2025-12-10 00:00:00+00:00,9990.401972407748
2025-12-10 01:00:00+00:00,9990.401972407748
2025-12-10 02:00:00+00:00,9990.401972407748
2025-12-10 03:00:00+00:00,9990.401972407748
2025-12-10 04:00:00+00:00,9990.401972407748
2025-12-10 05:00:00+00:00,9990.401972407748
2025-12-10 06:00:00+00:00,9990.401972407748
2025-12-10 07:00:00+00:00,9990.401972407748
2025-12-10 08:00:00+00:00,9990.401972407748
2025-12-10 09:00:00+00:00,9990.401972407748
2025-12-10 10:00:00+00:00,9990.401972407748
2025-12-10 11:00:00+00:00,9990.401972407748
2025-12-10 12:00:00+00:00,9990.401972407748
2025-12-10 13:00:00+00:00,9990.401972407748
2025-12-10 14:00:00+00:00,9990.401972407748
2025-12-10 15:00:00+00:00,9990.401972407748
2025-12-10 16:00:00+00:00,9990.401972407748
2025-12-10 17:00:00+00:00,9990.401972407748
2025-12-10 18:00:00+00:00,9990.401972407748
2025-12-10 19:00:00+00:00,9990.401972407748
2025-12-10 20:00:00+00:00,9990.401972407748
2025-12-10 21:00:00+00:00,9990.401972407748
2025-12-10 22:00:00+00:00,9990.401972407748
2025-12-10 23:00:00+00:00,9990.401972407748
2025-12-11 00:00:00+00:00,9990.401972407748
2025-12-11 01:00:00+00:00,9990.401972407748
2025-12-11 02:00:00+00:00,9990.401972407748
2025-12-11 03:00:00+00:00,9990.401972407748
2025-12-11 04:00:00+00:00,9990.401972407748
2025-12-11 05:00:00+00:00,9990.401972407748
2025-12-11 06:00:00+00:00,9990.401972407748
2025-12-11 07:00:00+00:00,9990.401972407748
2025-12-11 08:00:00+00:00,9990.401972407748
2025-12-11 09:00:00+00:00,9990.401972407748
2025-12-11 10:00:00+00:00,9990.401972407748
2025-12-11 11:00:00+00:00,9990.401972407748
2025-12-11 12:00:00+00:00,9990.401972407748
2025-12-11 13:00:00+00:00,9990.401972407748
2025-12-11 14:00:00+00:00,9990.401972407748
2025-12-11 15:00:00+00:00,9990.401972407748
2025-12-11 16:00:00+00:00,9990.401972407748
2025-12-11 17:00:00+00:00,9990.401972407748
2025-12-11 18:00:00+00:00,9990.401972407748
2025-12-11 19:00:00+00:00,9990.401972407748
2025-12-11 20:00:00+00:00,9990.401972407748
2025-12-11 21:00:00+00:00,9990.401972407748
2025-12-11 22:00:00+00:00,9990.401972407748
2025-12-11 23:00:00+00:00,9990.401972407748
2025-12-12 00:00:00+00:00,9990.401972407748
2025-12-12 01:00:00+00:00,9990.401972407748
2025-12-12 02:00:00+00:00,9990.401972407748
2025-12-12 03:00:00+00:00,9990.401972407748
2025-12-12 04:00:00+00:00,9990.401972407748
2025-12-12 05:00:00+00:00,9990.401972407748
2025-12-12 06:00:00+00:00,9990.401972407748
2025-12-12 07:00:00+00:00,9990.401972407748
2025-12-12 08:00:00+00:00,9990.401972407748
2025-12-12 09:00:00+00:00,9990.401972407748
2025-12-12 10:00:00+00:00,9990.401972407748
2025-12-12 11:00:00+00:00,9990.401972407748
2025-12-12 12:00:00+00:00,9990.401972407748
2025-12-12 13:00:00+00:00,9990.401972407748
2025-12-12 14:00:00+00:00,9990.401972407748
2025-12-12 15:00:00+00:00,9990.401972407748
2025-12-12 16:00:00+00:00,9990.401972407748
2025-12-12 17:00:00+00:00,9990.401972407748
2025-12-12 18:00:00+00:00,9990.401972407748
2025-12-12 19:00:00+00:00,9990.401972407748
2025-12-12 20:00:00+00:00,9990.401972407748
2025-12-12 21:00:00+00:00,9990.401972407748
2025-12-12 22:00:00+00:00,9990.401972407748
2025-12-12 23:00:00+00:00,9990.401972407748
2025-12-13 00:00:00+00:00,9990.401972407748
2025-12-13 01:00:00+00:00,9990.401972407748
2025-12-13 02:00:00+00:00,9990.401972407748
2025-12-13 03:00:00+00:00,9990.401972407748
2025-12-13 04:00:00+00:00,9990.401972407748
2025-12-13 05:00:00+00:00,9990.401972407748
2025-12-13 06:00:00+00:00,9990.401972407748
2025-12-13 07:00:00+00:00,9990.401972407748
2025-12-13 08:00:00+00:00,9990.401972407748
2025-12-13 09:00:00+00:00,9990.401972407748
2025-12-13 10:00:00+00:00,9990.401972407748
2025-12-13 11:00:00+00:00,9990.401972407748
2025-12-13 12:00:00+00:00,9990.401972407748
2025-12-13 13:00:00+00:00,9990.401972407748
2025-12-13 14:00:00+00:00,9990.401972407748
2025-12-13 15:00:00+00:00,9990.401972407748
2025-12-13 16:00:00+00:00,9990.401972407748
2025-12-13 17:00:00+00:00,9990.401972407748
2025-12-13 18:00:00+00:00,9990.401972407748
2025-12-13 19:00:00+00:00,9990.401972407748
2025-12-13 20:00:00+00:00,9990.401972407748
2025-12-13 21:00:00+00:00,9990.401972407748
2025-12-13 22:00:00+00:00,9990.401972407748
2025-12-13 23:00:00+00:00,9990.401972407748
2025-12-14 00:00:00+00:00,9990.401972407748
2025-12-14 01:00:00+00:00,9990.401972407748
2025-12-14 02:00:00+00:00,9990.401972407748
2025-12-14 03:00:00+00:00,9990.401972407748
2025-12-14 04:00:00+00:00,9990.401972407748
2025-12-14 05:00:00+00:00,9990.401972407748
2025-12-14 06:00:00+00:00,9990.401972407748
2025-12-14 07:00:00+00:00,9990.401972407748
2025-12-14 08:00:00+00:00,9990.401972407748
2025-12-14 09:00:00+00:00,9990.401972407748
2025-12-14 10:00:00+00:00,9990.401972407748
2025-12-14 11:00:00+00:00,9990.401972407748
2025-12-14 12:00:00+00:00,9990.401972407748
2025-12-14 13:00:00+00:00,9990.401972407748
2025-12-14 14:00:00+00:00,9990.401972407748
2025-12-14 15:00:00+00:00,9990.401972407748
2025-12-14 16:00:00+00:00,9990.401972407748
2025-12-14 17:00:00+00:00,9990.401972407748
2025-12-14 18:00:00+00:00,9990.401972407748
2025-12-14 19:00:00+00:00,9990.401972407748
2025-12-14 20:00:00+00:00,9990.401972407748
2025-12-14 21:00:00+00:00,9990.401972407748
2025-12-14 22:00:00+00:00,9990.401972407748
2025-12-14 23:00:00+00:00,9990.401972407748
2025-12-15 00:00:00+00:00,9990.401972407748
2025-12-15 01:00:00+00:00,9990.401972407748
2025-12-15 02:00:00+00:00,9990.401972407748
2025-12-15 03:00:00+00:00,9990.401972407748
2025-12-15 04:00:00+00:00,9990.401972407748
2025-12-15 05:00:00+00:00,9990.401972407748
2025-12-15 06:00:00+00:00,9990.401972407748
2025-12-15 07:00:00+00:00,9990.401972407748
2025-12-15 08:00:00+00:00,9990.401972407748
2025-12-15 09:00:00+00:00,9990.401972407748
2025-12-15 10:00:00+00:00,9990.401972407748
2025-12-15 11:00:00+00:00,9990.401972407748
2025-12-15 12:00:00+00:00,9990.401972407748
2025-12-15 13:00:00+00:00,9990.401972407748
2025-12-15 14:00:00+00:00,9990.401972407748
2025-12-15 15:00:00+00:00,9990.401972407748
2025-12-15 16:00:00+00:00,9990.401972407748
2025-12-15 17:00:00+00:00,10032.637429394339
2025-12-15 18:00:00+00:00,10080.350229394338
2025-12-15 19:00:00+00:00,10048.969829394338
2025-12-15 20:00:00+00:00,10051.94142939434
2025-12-15 21:00:00+00:00,10078.40462939434
2025-12-15 22:00:00+00:00,10044.31862939434
2025-12-15 23:00:00+00:00,10041.81062939434
2025-12-16 00:00:00+00:00,10029.55942939434
2025-12-16 01:00:00+00:00,10073.000265377666
2025-12-16 02:00:00+00:00,10071.100265377667
2025-12-16 03:00:00+00:00,10067.285065377666
2025-12-16 04:00:00+00:00,10072.301065377666
2025-12-16 05:00:00+00:00,10074.938265377667
2025-12-16 06:00:00+00:00,10060.445065377666
2025-12-16 07:00:00+00:00,10024.649065377665
2025-12-16 08:00:00+00:00,10061.843465377666
2025-12-16 09:00:00+00:00,10041.48694246398
2025-12-16 10:00:00+00:00,10036.12894246398
2025-12-16 11:00:00+00:00,9971.72066454428
2025-12-16 12:00:00+00:00,9971.72066454428
2025-12-16 13:00:00+00:00,9971.72066454428
2025-12-16 14:00:00+00:00,9971.72066454428
2025-12-16 15:00:00+00:00,9971.72066454428
2025-12-16 16:00:00+00:00,9971.72066454428
2025-12-16 17:00:00+00:00,9971.72066454428
2025-12-16 18:00:00+00:00,9971.72066454428
2025-12-16 19:00:00+00:00,9971.72066454428
2025-12-16 20:00:00+00:00,9971.72066454428
2025-12-16 21:00:00+00:00,9971.72066454428
2025-12-16 22:00:00+00:00,9971.72066454428
2025-12-16 23:00:00+00:00,9971.72066454428
2025-12-17 00:00:00+00:00,9971.72066454428
2025-12-17 01:00:00+00:00,9971.72066454428
2025-12-17 02:00:00+00:00,9971.72066454428
2025-12-17 03:00:00+00:00,9971.72066454428
2025-12-17 04:00:00+00:00,9971.72066454428
2025-12-17 05:00:00+00:00,9971.72066454428
2025-12-17 06:00:00+00:00,9971.72066454428
2025-12-17 07:00:00+00:00,9971.72066454428
2025-12-17 08:00:00+00:00,9971.72066454428
2025-12-17 09:00:00+00:00,9971.72066454428
2025-12-17 10:00:00+00:00,9971.72066454428
2025-12-17 11:00:00+00:00,9971.72066454428
2025-12-17 12:00:00+00:00,9971.72066454428
2025-12-17 13:00:00+00:00,9971.72066454428
2025-12-17 14:00:00+00:00,9971.72066454428
2025-12-17 15:00:00+00:00,9971.72066454428
2025-12-17 16:00:00+00:00,9971.72066454428
2025-12-17 17:00:00+00:00,9971.72066454428
2025-12-17 18:00:00+00:00,9971.72066454428
2025-12-17 19:00:00+00:00,9971.72066454428
2025-12-17 20:00:00+00:00,9971.72066454428
2025-12-17 21:00:00+00:00,9971.72066454428
2025-12-17 22:00:00+00:00,9971.72066454428
2025-12-17 23:00:00+00:00,9971.72066454428
2025-12-18 00:00:00+00:00,9971.72066454428
2025-12-18 01:00:00+00:00,9971.72066454428
2025-12-18 02:00:00+00:00,9971.72066454428
2025-12-18 03:00:00+00:00,9971.72066454428
2025-12-18 04:00:00+00:00,9971.72066454428
2025-12-18 05:00:00+00:00,9971.72066454428
2025-12-18 06:00:00+00:00,9971.72066454428
2025-12-18 07:00:00+00:00,9971.72066454428
2025-12-18 08:00:00+00:00,9971.72066454428
2025-12-18 09:00:00+00:00,9971.72066454428
2025-12-18 10:00:00+00:00,9971.72066454428
2025-12-18 11:00:00+00:00,9971.72066454428
2025-12-18 12:00:00+00:00,9971.72066454428
2025-12-18 13:00:00+00:00,9971.72066454428
2025-12-18 14:00:00+00:00,9971.72066454428
2025-12-18 15:00:00+00:00,9971.72066454428
2025-12-18 16:00:00+00:00,9971.72066454428
2025-12-18 17:00:00+00:00,9971.72066454428
2025-12-18 18:00:00+00:00,9971.72066454428
2025-12-18 19:00:00+00:00,9971.72066454428
2025-12-18 20:00:00+00:00,9971.72066454428
2025-12-18 21:00:00+00:00,9963.07341394334
2025-12-18 22:00:00+00:00,9911.91741394334
2025-12-18 23:00:00+00:00,9914.07341394334
2025-12-19 00:00:00+00:00,9917.76311394334
2025-12-19 01:00:00+00:00,9912.212012345904
2025-12-19 02:00:00+00:00,9926.221112345906
2025-12-19 03:00:00+00:00,9910.634212345905
2025-12-19 04:00:00+00:00,9864.239195791602
2025-12-19 05:00:00+00:00,9864.239195791602
2025-12-19 06:00:00+00:00,9864.239195791602
2025-12-19 07:00:00+00:00,9864.239195791602
2025-12-19 08:00:00+00:00,9864.239195791602
2025-12-19 09:00:00+00:00,9864.239195791602
2025-12-19 10:00:00+00:00,9864.239195791602
2025-12-19 11:00:00+00:00,9864.239195791602
2025-12-19 12:00:00+00:00,9864.239195791602
2025-12-19 13:00:00+00:00,9864.239195791602
2025-12-19 14:00:00+00:00,9864.239195791602
2025-12-19 15:00:00+00:00,9864.239195791602
2025-12-19 16:00:00+00:00,9864.239195791602
2025-12-19 17:00:00+00:00,9864.239195791602
2025-12-19 18:00:00+00:00,9864.239195791602
2025-12-19 19:00:00+00:00,9864.239195791602
2025-12-19 20:00:00+00:00,9864.239195791602
2025-12-19 21:00:00+00:00,9864.239195791602
2025-12-19 22:00:00+00:00,9864.239195791602
2025-12-19 23:00:00+00:00,9864.239195791602
2025-12-20 00:00:00+00:00,9864.239195791602
2025-12-20 01:00:00+00:00,9864.239195791602
2025-12-20 02:00:00+00:00,9864.239195791602
2025-12-20 03:00:00+00:00,9864.239195791602
2025-12-20 04:00:00+00:00,9864.239195791602
2025-12-20 05:00:00+00:00,9864.239195791602
2025-12-20 06:00:00+00:00,9864.239195791602
2025-12-20 07:00:00+00:00,9864.239195791602
2025-12-20 08:00:00+00:00,9864.239195791602
2025-12-20 09:00:00+00:00,9864.239195791602
2025-12-20 10:00:00+00:00,9864.239195791602
2025-12-20 11:00:00+00:00,9864.239195791602
2025-12-20 12:00:00+00:00,9864.239195791602
2025-12-20 13:00:00+00:00,9864.239195791602
2025-12-20 14:00:00+00:00,9864.239195791602
2025-12-20 15:00:00+00:00,9864.239195791602
2025-12-20 16:00:00+00:00,9864.239195791602
2025-12-20 17:00:00+00:00,9864.239195791602
2025-12-20 18:00:00+00:00,9864.239195791602
2025-12-20 19:00:00+00:00,9864.239195791602
2025-12-20 20:00:00+00:00,9864.239195791602
2025-12-20 21:00:00+00:00,9864.239195791602
2025-12-20 22:00:00+00:00,9864.239195791602
2025-12-20 23:00:00+00:00,9864.239195791602
2025-12-21 00:00:00+00:00,9864.239195791602
2025-12-21 01:00:00+00:00,9864.239195791602
2025-12-21 02:00:00+00:00,9864.239195791602
2025-12-21 03:00:00+00:00,9864.239195791602
2025-12-21 04:00:00+00:00,9864.239195791602
2025-12-21 05:00:00+00:00,9864.239195791602
2025-12-21 06:00:00+00:00,9864.239195791602
2025-12-21 07:00:00+00:00,9864.239195791602
2025-12-21 08:00:00+00:00,9864.239195791602
2025-12-21 09:00:00+00:00,9864.239195791602
2025-12-21 10:00:00+00:00,9864.239195791602
2025-12-21 11:00:00+00:00,9864.239195791602
2025-12-21 12:00:00+00:00,9864.239195791602
2025-12-21 13:00:00+00:00,9864.239195791602
2025-12-21 14:00:00+00:00,9864.239195791602
2025-12-21 15:00:00+00:00,9864.239195791602
2025-12-21 16:00:00+00:00,9864.239195791602
2025-12-21 17:00:00+00:00,9864.239195791602
2025-12-21 18:00:00+00:00,9864.239195791602
2025-12-21 19:00:00+00:00,9864.239195791602
2025-12-21 20:00:00+00:00,9864.239195791602
2025-12-21 21:00:00+00:00,9864.239195791602
2025-12-21 22:00:00+00:00,9864.239195791602
2025-12-21 23:00:00+00:00,9864.239195791602
2025-12-22 00:00:00+00:00,9864.239195791602
2025-12-22 01:00:00+00:00,9864.239195791602
2025-12-22 02:00:00+00:00,9864.239195791602
2025-12-22 03:00:00+00:00,9864.239195791602
2025-12-22 04:00:00+00:00,9864.239195791602
2025-12-22 05:00:00+00:00,9864.239195791602
2025-12-22 06:00:00+00:00,9864.239195791602
2025-12-22 07:00:00+00:00,9864.239195791602
2025-12-22 08:00:00+00:00,9864.239195791602
2025-12-22 09:00:00+00:00,9864.239195791602
2025-12-22 10:00:00+00:00,9864.239195791602
2025-12-22 11:00:00+00:00,9864.239195791602
2025-12-22 12:00:00+00:00,9864.239195791602
2025-12-22 13:00:00+00:00,9864.239195791602
2025-12-22 14:00:00+00:00,9864.239195791602
2025-12-22 15:00:00+00:00,9864.239195791602
2025-12-22 16:00:00+00:00,9864.239195791602
2025-12-22 17:00:00+00:00,9864.239195791602
2025-12-22 18:00:00+00:00,9864.239195791602
2025-12-22 19:00:00+00:00,9864.239195791602
2025-12-22 20:00:00+00:00,9864.239195791602
2025-12-22 21:00:00+00:00,9864.239195791602
2025-12-22 22:00:00+00:00,9864.239195791602
2025-12-22 23:00:00+00:00,9864.239195791602
2025-12-23 00:00:00+00:00,9864.239195791602
2025-12-23 01:00:00+00:00,9864.239195791602
2025-12-23 02:00:00+00:00,9864.239195791602
2025-12-23 03:00:00+00:00,9864.239195791602
2025-12-23 04:00:00+00:00,9864.239195791602
2025-12-23 05:00:00+00:00,9864.239195791602
2025-12-23 06:00:00+00:00,9864.239195791602
2025-12-23 07:00:00+00:00,9864.239195791602
2025-12-23 08:00:00+00:00,9864.239195791602
2025-12-23 09:00:00+00:00,9864.239195791602
2025-12-23 10:00:00+00:00,9864.239195791602
2025-12-23 11:00:00+00:00,9864.239195791602
2025-12-23 12:00:00+00:00,9864.239195791602
2025-12-23 13:00:00+00:00,9864.239195791602
2025-12-23 14:00:00+00:00,9864.239195791602
2025-12-23 15:00:00+00:00,9864.239195791602
2025-12-23 16:00:00+00:00,9864.239195791602
2025-12-23 17:00:00+00:00,9864.239195791602
2025-12-23 18:00:00+00:00,9864.239195791602
2025-12-23 19:00:00+00:00,9864.239195791602
2025-12-23 20:00:00+00:00,9864.239195791602
2025-12-23 21:00:00+00:00,9864.239195791602
2025-12-23 22:00:00+00:00,9864.239195791602
2025-12-23 23:00:00+00:00,9864.239195791602
2025-12-24 00:00:00+00:00,9864.239195791602
2025-12-24 01:00:00+00:00,9864.239195791602
2025-12-24 02:00:00+00:00,9864.239195791602
2025-12-24 03:00:00+00:00,9864.239195791602
2025-12-24 04:00:00+00:00,9864.239195791602
2025-12-24 05:00:00+00:00,9864.239195791602
2025-12-24 06:00:00+00:00,9864.239195791602
2025-12-24 07:00:00+00:00,9864.239195791602
2025-12-24 08:00:00+00:00,9864.239195791602
2025-12-24 09:00:00+00:00,9864.239195791602
2025-12-24 10:00:00+00:00,9864.239195791602
2025-12-24 11:00:00+00:00,9864.239195791602
2025-12-24 12:00:00+00:00,9864.239195791602
2025-12-24 13:00:00+00:00,9864.239195791602
2025-12-24 14:00:00+00:00,9864.239195791602
2025-12-24 15:00:00+00:00,9864.239195791602
2025-12-24 16:00:00+00:00,9864.239195791602
2025-12-24 17:00:00+00:00,9864.239195791602
2025-12-24 18:00:00+00:00,9864.239195791602
2025-12-24 19:00:00+00:00,9864.239195791602
2025-12-24 20:00:00+00:00,9864.239195791602
2025-12-24 21:00:00+00:00,9864.239195791602
2025-12-24 22:00:00+00:00,9864.239195791602
2025-12-24 23:00:00+00:00,9864.239195791602
2025-12-25 00:00:00+00:00,9864.239195791602
2025-12-25 01:00:00+00:00,9864.239195791602
2025-12-25 02:00:00+00:00,9864.239195791602
2025-12-25 03:00:00+00:00,9864.239195791602
2025-12-25 04:00:00+00:00,9864.239195791602
2025-12-25 05:00:00+00:00,9864.239195791602
2025-12-25 06:00:00+00:00,9864.239195791602
2025-12-25 07:00:00+00:00,9864.239195791602
2025-12-25 08:00:00+00:00,9864.239195791602
2025-12-25 09:00:00+00:00,9864.239195791602
2025-12-25 10:00:00+00:00,9864.239195791602
2025-12-25 11:00:00+00:00,9864.239195791602
2025-12-25 12:00:00+00:00,9864.239195791602
2025-12-25 13:00:00+00:00,9864.239195791602
2025-12-25 14:00:00+00:00,9864.239195791602
2025-12-25 15:00:00+00:00,9864.239195791602
2025-12-25 16:00:00+00:00,9864.239195791602
2025-12-25 17:00:00+00:00,9864.239195791602
2025-12-25 18:00:00+00:00,9864.239195791602
2025-12-25 19:00:00+00:00,9864.239195791602
2025-12-25 20:00:00+00:00,9864.239195791602
2025-12-25 21:00:00+00:00,9864.239195791602
2025-12-25 22:00:00+00:00,9864.239195791602
2025-12-25 23:00:00+00:00,9864.239195791602
2025-12-26 00:00:00+00:00,9864.239195791602
2025-12-26 01:00:00+00:00,9864.239195791602
2025-12-26 02:00:00+00:00,9864.239195791602
2025-12-26 03:00:00+00:00,9864.239195791602
2025-12-26 04:00:00+00:00,9864.239195791602
2025-12-26 05:00:00+00:00,9864.239195791602
2025-12-26 06:00:00+00:00,9864.239195791602
2025-12-26 07:00:00+00:00,9864.239195791602
2025-12-26 08:00:00+00:00,9864.239195791602
2025-12-26 09:00:00+00:00,9864.239195791602
2025-12-26 10:00:00+00:00,9864.239195791602
2025-12-26 11:00:00+00:00,9864.239195791602
2025-12-26 12:00:00+00:00,9864.239195791602
2025-12-26 13:00:00+00:00,9864.239195791602
2025-12-26 14:00:00+00:00,9864.239195791602
2025-12-26 15:00:00+00:00,9864.239195791602
2025-12-26 16:00:00+00:00,9864.239195791602
2025-12-26 17:00:00+00:00,9864.239195791602
2025-12-26 18:00:00+00:00,9864.239195791602
2025-12-26 19:00:00+00:00,9864.239195791602
2025-12-26 20:00:00+00:00,9864.239195791602
2025-12-26 21:00:00+00:00,9864.239195791602
2025-12-26 22:00:00+00:00,9864.239195791602
2025-12-26 23:00:00+00:00,9864.239195791602
2025-12-27 00:00:00+00:00,9864.239195791602
2025-12-27 01:00:00+00:00,9864.239195791602
2025-12-27 02:00:00+00:00,9864.239195791602
2025-12-27 03:00:00+00:00,9864.239195791602
2025-12-27 04:00:00+00:00,9864.239195791602
2025-12-27 05:00:00+00:00,9864.239195791602
2025-12-27 06:00:00+00:00,9864.239195791602
2025-12-27 07:00:00+00:00,9864.239195791602
2025-12-27 08:00:00+00:00,9864.239195791602
2025-12-27 09:00:00+00:00,9864.239195791602
2025-12-27 10:00:00+00:00,9864.239195791602
2025-12-27 11:00:00+00:00,9864.239195791602
2025-12-27 12:00:00+00:00,9864.239195791602
2025-12-27 13:00:00+00:00,9864.239195791602
2025-12-27 14:00:00+00:00,9864.239195791602
2025-12-27 15:00:00+00:00,9864.239195791602
2025-12-27 16:00:00+00:00,9864.239195791602
2025-12-27 17:00:00+00:00,9864.239195791602
2025-12-27 18:00:00+00:00,9864.239195791602
2025-12-27 19:00:00+00:00,9864.239195791602
2025-12-27 20:00:00+00:00,9864.239195791602
2025-12-27 21:00:00+00:00,9864.239195791602
2025-12-27 22:00:00+00:00,9864.239195791602
2025-12-27 23:00:00+00:00,9864.239195791602
2025-12-28 00:00:00+00:00,9864.239195791602
2025-12-28 01:00:00+00:00,9864.239195791602
2025-12-28 02:00:00+00:00,9864.239195791602
2025-12-28 03:00:00+00:00,9864.239195791602
2025-12-28 04:00:00+00:00,9864.239195791602
2025-12-28 05:00:00+00:00,9864.239195791602
2025-12-28 06:00:00+00:00,9864.239195791602
2025-12-28 07:00:00+00:00,9864.239195791602
2025-12-28 08:00:00+00:00,9864.239195791602
2025-12-28 09:00:00+00:00,9864.239195791602
2025-12-28 10:00:00+00:00,9864.239195791602
2025-12-28 11:00:00+00:00,9864.239195791602
2025-12-28 12:00:00+00:00,9864.239195791602
2025-12-28 13:00:00+00:00,9864.239195791602
2025-12-28 14:00:00+00:00,9864.239195791602
2025-12-28 15:00:00+00:00,9864.239195791602
2025-12-28 16:00:00+00:00,9864.239195791602
2025-12-28 17:00:00+00:00,9864.239195791602
2025-12-28 18:00:00+00:00,9864.239195791602
2025-12-28 19:00:00+00:00,9864.239195791602
2025-12-28 20:00:00+00:00,9864.239195791602
2025-12-28 21:00:00+00:00,9864.239195791602
2025-12-28 22:00:00+00:00,9864.239195791602
2025-12-28 23:00:00+00:00,9864.239195791602
2025-12-29 00:00:00+00:00,9864.239195791602
2025-12-29 01:00:00+00:00,9864.239195791602
2025-12-29 02:00:00+00:00,9864.239195791602
2025-12-29 03:00:00+00:00,9864.239195791602
2025-12-29 04:00:00+00:00,9864.239195791602
2025-12-29 05:00:00+00:00,9864.239195791602
2025-12-29 06:00:00+00:00,9864.239195791602
2025-12-29 07:00:00+00:00,9864.239195791602
2025-12-29 08:00:00+00:00,9864.239195791602
2025-12-29 09:00:00+00:00,9864.239195791602
2025-12-29 10:00:00+00:00,9864.239195791602
2025-12-29 11:00:00+00:00,9864.239195791602
2025-12-29 12:00:00+00:00,9864.239195791602
2025-12-29 13:00:00+00:00,9864.239195791602
2025-12-29 14:00:00+00:00,9864.239195791602
2025-12-29 15:00:00+00:00,9864.239195791602
2025-12-29 16:00:00+00:00,9864.239195791602
2025-12-29 17:00:00+00:00,9864.239195791602
2025-12-29 18:00:00+00:00,9864.239195791602
2025-12-29 19:00:00+00:00,9864.239195791602
2025-12-29 20:00:00+00:00,9864.239195791602
2025-12-29 21:00:00+00:00,9864.239195791602
2025-12-29 22:00:00+00:00,9864.239195791602
2025-12-29 23:00:00+00:00,9864.239195791602
2025-12-30 00:00:00+00:00,9864.239195791602
2025-12-30 01:00:00+00:00,9864.239195791602
2025-12-30 02:00:00+00:00,9864.239195791602
2025-12-30 03:00:00+00:00,9864.239195791602
2025-12-30 04:00:00+00:00,9864.239195791602
2025-12-30 05:00:00+00:00,9864.239195791602
2025-12-30 06:00:00+00:00,9864.239195791602
2025-12-30 07:00:00+00:00,9864.239195791602
2025-12-30 08:00:00+00:00,9864.239195791602
2025-12-30 09:00:00+00:00,9864.239195791602
2025-12-30 10:00:00+00:00,9864.239195791602
2025-12-30 11:00:00+00:00,9864.239195791602
2025-12-30 12:00:00+00:00,9864.239195791602
2025-12-30 13:00:00+00:00,9864.239195791602
2025-12-30 14:00:00+00:00,9864.239195791602
2025-12-30 15:00:00+00:00,9864.239195791602
2025-12-30 16:00:00+00:00,9864.239195791602
2025-12-30 17:00:00+00:00,9864.239195791602
2025-12-30 18:00:00+00:00,9864.239195791602
2025-12-30 19:00:00+00:00,9864.239195791602
2025-12-30 20:00:00+00:00,9864.239195791602
2025-12-30 21:00:00+00:00,9864.239195791602
2025-12-30 22:00:00+00:00,9864.239195791602
2025-12-30 23:00:00+00:00,9864.239195791602
2025-12-31 00:00:00+00:00,9864.239195791602
2025-12-31 01:00:00+00:00,9864.239195791602
2025-12-31 02:00:00+00:00,9864.239195791602
2025-12-31 03:00:00+00:00,9864.239195791602
2025-12-31 04:00:00+00:00,9864.239195791602
2025-12-31 05:00:00+00:00,9864.239195791602
2025-12-31 06:00:00+00:00,9864.239195791602
2025-12-31 07:00:00+00:00,9864.239195791602
2025-12-31 08:00:00+00:00,9864.239195791602
2025-12-31 09:00:00+00:00,9864.239195791602
2025-12-31 10:00:00+00:00,9864.239195791602
2025-12-31 11:00:00+00:00,9864.239195791602
2025-12-31 12:00:00+00:00,9864.239195791602
2025-12-31 13:00:00+00:00,9864.239195791602
2025-12-31 14:00:00+00:00,9864.239195791602
2025-12-31 15:00:00+00:00,9864.239195791602
2025-12-31 16:00:00+00:00,9864.239195791602
2025-12-31 17:00:00+00:00,9864.239195791602
2025-12-31 18:00:00+00:00,9864.239195791602
2025-12-31 19:00:00+00:00,9864.239195791602
2025-12-31 20:00:00+00:00,9864.239195791602
2025-12-31 21:00:00+00:00,9864.239195791602
2025-12-31 22:00:00+00:00,9864.239195791602
2025-12-31 23:00:00+00:00,9864.239195791602
2026-01-01 00:00:00+00:00,9864.239195791602
2026-01-01 01:00:00+00:00,9864.239195791602
2026-01-01 02:00:00+00:00,9864.239195791602
2026-01-01 03:00:00+00:00,9864.239195791602
2026-01-01 04:00:00+00:00,9864.239195791602
2026-01-01 05:00:00+00:00,9864.239195791602
2026-01-01 06:00:00+00:00,9864.239195791602
2026-01-01 07:00:00+00:00,9864.239195791602
2026-01-01 08:00:00+00:00,9864.239195791602
2026-01-01 09:00:00+00:00,9864.239195791602
2026-01-01 10:00:00+00:00,9864.239195791602
2026-01-01 11:00:00+00:00,9864.239195791602
2026-01-01 12:00:00+00:00,9864.239195791602
2026-01-01 13:00:00+00:00,9864.239195791602
2026-01-01 14:00:00+00:00,9864.239195791602
2026-01-01 15:00:00+00:00,9864.239195791602
2026-01-01 16:00:00+00:00,9864.239195791602
2026-01-01 17:00:00+00:00,9864.239195791602
2026-01-01 18:00:00+00:00,9864.239195791602
2026-01-01 19:00:00+00:00,9864.239195791602
2026-01-01 20:00:00+00:00,9864.239195791602
2026-01-01 21:00:00+00:00,9864.239195791602
2026-01-01 22:00:00+00:00,9864.239195791602
2026-01-01 23:00:00+00:00,9864.239195791602
2026-01-02 00:00:00+00:00,9864.239195791602
2026-01-02 01:00:00+00:00,9864.239195791602
2026-01-02 02:00:00+00:00,9864.239195791602
2026-01-02 03:00:00+00:00,9864.239195791602
2026-01-02 04:00:00+00:00,9864.239195791602
2026-01-02 05:00:00+00:00,9864.239195791602
2026-01-02 06:00:00+00:00,9864.239195791602
2026-01-02 07:00:00+00:00,9864.239195791602
2026-01-02 08:00:00+00:00,9864.239195791602
2026-01-02 09:00:00+00:00,9864.239195791602
2026-01-02 10:00:00+00:00,9864.239195791602
2026-01-02 11:00:00+00:00,9864.239195791602
2026-01-02 12:00:00+00:00,9864.239195791602
2026-01-02 13:00:00+00:00,9864.239195791602
2026-01-02 14:00:00+00:00,9864.239195791602
2026-01-02 15:00:00+00:00,9864.239195791602
2026-01-02 16:00:00+00:00,9864.239195791602
2026-01-02 17:00:00+00:00,9864.239195791602
2026-01-02 18:00:00+00:00,9864.239195791602
2026-01-02 19:00:00+00:00,9864.239195791602
2026-01-02 20:00:00+00:00,9864.239195791602
2026-01-02 21:00:00+00:00,9864.239195791602
2026-01-02 22:00:00+00:00,9864.239195791602
2026-01-02 23:00:00+00:00,9864.239195791602
2026-01-03 00:00:00+00:00,9864.239195791602
2026-01-03 01:00:00+00:00,9864.239195791602
2026-01-03 02:00:00+00:00,9864.239195791602
2026-01-03 03:00:00+00:00,9864.239195791602
2026-01-03 04:00:00+00:00,9864.239195791602
2026-01-03 05:00:00+00:00,9864.239195791602
2026-01-03 06:00:00+00:00,9864.239195791602
2026-01-03 07:00:00+00:00,9864.239195791602
2026-01-03 08:00:00+00:00,9864.239195791602
2026-01-03 09:00:00+00:00,9864.239195791602
2026-01-03 10:00:00+00:00,9864.239195791602
2026-01-03 11:00:00+00:00,9864.239195791602
2026-01-03 12:00:00+00:00,9864.239195791602
2026-01-03 13:00:00+00:00,9864.239195791602
2026-01-03 14:00:00+00:00,9864.239195791602
2026-01-03 15:00:00+00:00,9864.239195791602
2026-01-03 16:00:00+00:00,9864.239195791602
2026-01-03 17:00:00+00:00,9864.239195791602
2026-01-03 18:00:00+00:00,9864.239195791602
2026-01-03 19:00:00+00:00,9864.239195791602
2026-01-03 20:00:00+00:00,9864.239195791602
2026-01-03 21:00:00+00:00,9864.239195791602
2026-01-03 22:00:00+00:00,9864.239195791602
2026-01-03 23:00:00+00:00,9864.239195791602
2026-01-04 00:00:00+00:00,9864.239195791602
2026-01-04 01:00:00+00:00,9864.239195791602
2026-01-04 02:00:00+00:00,9845.092824792357
2026-01-04 03:00:00+00:00,9833.925624792357
2026-01-04 04:00:00+00:00,9844.606824792358
2026-01-04 05:00:00+00:00,9863.010024792356
2026-01-04 06:00:00+00:00,9871.801224792356
2026-01-04 07:00:00+00:00,9844.142424792357
2026-01-04 08:00:00+00:00,9875.408424792357
2026-01-04 09:00:00+00:00,9857.754610286276
2026-01-04 10:00:00+00:00,9867.021010286275
2026-01-04 11:00:00+00:00,9881.514610286276
2026-01-04 12:00:00+00:00,9850.810210286276
2026-01-04 13:00:00+00:00,9833.681410286275
2026-01-04 14:00:00+00:00,9847.797010286275
2026-01-04 15:00:00+00:00,9855.141010286276
2026-01-04 16:00:00+00:00,9854.503810286276
2026-01-04 17:00:00+00:00,9852.83209241755
2026-01-04 18:00:00+00:00,9855.05689241755
2026-01-04 19:00:00+00:00,9840.63889241755
2026-01-04 20:00:00+00:00,9797.734515131151
2026-01-04 21:00:00+00:00,9797.734515131151
2026-01-04 22:00:00+00:00,9797.734515131151
2026-01-04 23:00:00+00:00,9797.734515131151
2026-01-05 00:00:00+00:00,9797.734515131151
2026-01-05 01:00:00+00:00,9797.734515131151
2026-01-05 02:00:00+00:00,9847.824740208654
2026-01-05 03:00:00+00:00,9856.092740208655
2026-01-05 04:00:00+00:00,9839.047940208657
2026-01-05 05:00:00+00:00,9810.003940208657
2026-01-05 06:00:00+00:00,9785.284740208655
2026-01-05 07:00:00+00:00,9760.068772548742
2026-01-05 08:00:00+00:00,9760.068772548742
2026-01-05 09:00:00+00:00,9760.068772548742
2026-01-05 10:00:00+00:00,9760.068772548742
2026-01-05 11:00:00+00:00,9760.068772548742
2026-01-05 12:00:00+00:00,9760.068772548742
2026-01-05 13:00:00+00:00,9760.068772548742
2026-01-05 14:00:00+00:00,9760.068772548742
2026-01-05 15:00:00+00:00,9760.068772548742
2026-01-05 16:00:00+00:00,9760.068772548742
2026-01-05 17:00:00+00:00,9728.664622222945
2026-01-05 18:00:00+00:00,9784.869622222945
2026-01-05 19:00:00+00:00,9796.920622222944
2026-01-05 20:00:00+00:00,9782.700622222943
2026-01-05 21:00:00+00:00,9772.296622222942
2026-01-05 22:00:00+00:00,9764.556622222943
2026-01-05 23:00:00+00:00,9771.279622222944
2026-01-06 00:00:00+00:00,9744.252622222944
2026-01-06 01:00:00+00:00,9740.323253502356
2026-01-06 02:00:00+00:00,9737.353253502355
2026-01-06 03:00:00+00:00,9723.511253502355
2026-01-06 04:00:00+00:00,9736.156253502355
2026-01-06 05:00:00+00:00,9739.486253502355
2026-01-06 06:00:00+00:00,9721.495253502355
2026-01-06 07:00:00+00:00,9736.201253502355
2026-01-06 08:00:00+00:00,9688.550353215467
2026-01-06 09:00:00+00:00,9688.550353215467
2026-01-06 10:00:00+00:00,9688.550353215467
2026-01-06 11:00:00+00:00,9688.550353215467
2026-01-06 12:00:00+00:00,9688.550353215467
2026-01-06 13:00:00+00:00,9688.550353215467
2026-01-06 14:00:00+00:00,9688.550353215467
2026-01-06 15:00:00+00:00,9688.550353215467
2026-01-06 16:00:00+00:00,9688.550353215467
2026-01-06 17:00:00+00:00,9688.550353215467
2026-01-06 18:00:00+00:00,9688.550353215467
2026-01-06 19:00:00+00:00,9688.550353215467
2026-01-06 20:00:00+00:00,9688.550353215467
2026-01-06 21:00:00+00:00,9688.550353215467
2026-01-06 22:00:00+00:00,9688.550353215467
2026-01-06 23:00:00+00:00,9688.550353215467
2026-01-07 00:00:00+00:00,9688.550353215467
2026-01-07 01:00:00+00:00,9688.550353215467
2026-01-07 02:00:00+00:00,9688.550353215467
2026-01-07 03:00:00+00:00,9688.550353215467
2026-01-07 04:00:00+00:00,9688.550353215467
2026-01-07 05:00:00+00:00,9688.550353215467
2026-01-07 06:00:00+00:00,9688.550353215467
2026-01-07 07:00:00+00:00,9688.550353215467
2026-01-07 08:00:00+00:00,9688.550353215467
2026-01-07 09:00:00+00:00,9688.550353215467
2026-01-07 10:00:00+00:00,9688.550353215467
2026-01-07 11:00:00+00:00,9688.550353215467
2026-01-07 12:00:00+00:00,9688.550353215467
2026-01-07 13:00:00+00:00,9688.550353215467
2026-01-07 14:00:00+00:00,9688.550353215467
2026-01-07 15:00:00+00:00,9688.550353215467
2026-01-07 16:00:00+00:00,9688.550353215467
2026-01-07 17:00:00+00:00,9688.550353215467
2026-01-07 18:00:00+00:00,9688.550353215467
2026-01-07 19:00:00+00:00,9688.550353215467
2026-01-07 20:00:00+00:00,9688.550353215467
2026-01-07 21:00:00+00:00,9688.550353215467
2026-01-07 22:00:00+00:00,9688.550353215467
2026-01-07 23:00:00+00:00,9688.550353215467
2026-01-08 00:00:00+00:00,9688.550353215467
2026-01-08 01:00:00+00:00,9688.550353215467
2026-01-08 02:00:00+00:00,9688.550353215467
2026-01-08 03:00:00+00:00,9688.550353215467
2026-01-08 04:00:00+00:00,9688.550353215467
2026-01-08 05:00:00+00:00,9688.550353215467
2026-01-08 06:00:00+00:00,9688.550353215467
2026-01-08 07:00:00+00:00,9688.550353215467
2026-01-08 08:00:00+00:00,9688.550353215467
2026-01-08 09:00:00+00:00,9688.550353215467
2026-01-08 10:00:00+00:00,9688.550353215467
2026-01-08 11:00:00+00:00,9688.550353215467
2026-01-08 12:00:00+00:00,9688.550353215467
2026-01-08 13:00:00+00:00,9688.550353215467
2026-01-08 14:00:00+00:00,9688.550353215467
2026-01-08 15:00:00+00:00,9688.550353215467
2026-01-08 16:00:00+00:00,9688.550353215467
2026-01-08 17:00:00+00:00,9688.550353215467
2026-01-08 18:00:00+00:00,9688.550353215467
2026-01-08 19:00:00+00:00,9688.550353215467
2026-01-08 20:00:00+00:00,9688.550353215467
2026-01-08 21:00:00+00:00,9688.550353215467
2026-01-08 22:00:00+00:00,9688.550353215467
2026-01-08 23:00:00+00:00,9688.550353215467
2026-01-09 00:00:00+00:00,9688.550353215467
2026-01-09 01:00:00+00:00,9688.550353215467
2026-01-09 02:00:00+00:00,9688.550353215467
2026-01-09 03:00:00+00:00,9688.550353215467
2026-01-09 04:00:00+00:00,9688.550353215467
2026-01-09 05:00:00+00:00,9688.550353215467
2026-01-09 06:00:00+00:00,9688.550353215467
2026-01-09 07:00:00+00:00,9688.550353215467
2026-01-09 08:00:00+00:00,9688.550353215467
2026-01-09 09:00:00+00:00,9688.550353215467
2026-01-09 10:00:00+00:00,9688.550353215467
2026-01-09 11:00:00+00:00,9688.550353215467
2026-01-09 12:00:00+00:00,9688.550353215467
2026-01-09 13:00:00+00:00,9688.550353215467
2026-01-09 14:00:00+00:00,9688.550353215467
2026-01-09 15:00:00+00:00,9688.550353215467
2026-01-09 16:00:00+00:00,9688.550353215467
2026-01-09 17:00:00+00:00,9688.550353215467
2026-01-09 18:00:00+00:00,9688.550353215467
2026-01-09 19:00:00+00:00,9688.550353215467
2026-01-09 20:00:00+00:00,9688.550353215467
2026-01-09 21:00:00+00:00,9688.550353215467
2026-01-09 22:00:00+00:00,9688.550353215467
2026-01-09 23:00:00+00:00,9688.550353215467
2026-01-10 00:00:00+00:00,9688.550353215467
2026-01-10 01:00:00+00:00,9688.550353215467
2026-01-10 02:00:00+00:00,9688.550353215467
2026-01-10 03:00:00+00:00,9688.550353215467
2026-01-10 04:00:00+00:00,9688.550353215467
2026-01-10 05:00:00+00:00,9688.550353215467
2026-01-10 06:00:00+00:00,9688.550353215467
2026-01-10 07:00:00+00:00,9688.550353215467
2026-01-10 08:00:00+00:00,9688.550353215467
2026-01-10 09:00:00+00:00,9688.550353215467
2026-01-10 10:00:00+00:00,9688.550353215467
2026-01-10 11:00:00+00:00,9688.550353215467
2026-01-10 12:00:00+00:00,9688.550353215467
2026-01-10 13:00:00+00:00,9688.550353215467
2026-01-10 14:00:00+00:00,9688.550353215467
2026-01-10 15:00:00+00:00,9688.550353215467
2026-01-10 16:00:00+00:00,9688.550353215467
2026-01-10 17:00:00+00:00,9688.550353215467
2026-01-10 18:00:00+00:00,9688.550353215467
2026-01-10 19:00:00+00:00,9688.550353215467
2026-01-10 20:00:00+00:00,9688.550353215467
2026-01-10 21:00:00+00:00,9688.550353215467
2026-01-10 22:00:00+00:00,9688.550353215467
2026-01-10 23:00:00+00:00,9688.550353215467
2026-01-11 00:00:00+00:00,9688.550353215467
2026-01-11 01:00:00+00:00,9688.550353215467
2026-01-11 02:00:00+00:00,9688.550353215467
2026-01-11 03:00:00+00:00,9688.550353215467
2026-01-11 04:00:00+00:00,9688.550353215467
2026-01-11 05:00:00+00:00,9688.550353215467
2026-01-11 06:00:00+00:00,9688.550353215467
2026-01-11 07:00:00+00:00,9688.550353215467
2026-01-11 08:00:00+00:00,9688.550353215467
2026-01-11 09:00:00+00:00,9688.550353215467
2026-01-11 10:00:00+00:00,9688.550353215467
2026-01-11 11:00:00+00:00,9688.550353215467
2026-01-11 12:00:00+00:00,9688.550353215467
2026-01-11 13:00:00+00:00,9688.550353215467
2026-01-11 14:00:00+00:00,9688.550353215467
2026-01-11 15:00:00+00:00,9688.550353215467
2026-01-11 16:00:00+00:00,9688.550353215467
2026-01-11 17:00:00+00:00,9688.550353215467
2026-01-11 18:00:00+00:00,9688.550353215467
2026-01-11 19:00:00+00:00,9688.550353215467
2026-01-11 20:00:00+00:00,9688.550353215467
2026-01-11 21:00:00+00:00,9688.550353215467
2026-01-11 22:00:00+00:00,9688.550353215467
2026-01-11 23:00:00+00:00,9688.550353215467
2026-01-12 00:00:00+00:00,9688.550353215467
2026-01-12 01:00:00+00:00,9688.550353215467
2026-01-12 02:00:00+00:00,9688.550353215467
2026-01-12 03:00:00+00:00,9688.550353215467
2026-01-12 04:00:00+00:00,9688.550353215467
2026-01-12 05:00:00+00:00,9688.550353215467
2026-01-12 06:00:00+00:00,9688.550353215467
2026-01-12 07:00:00+00:00,9688.550353215467
2026-01-12 08:00:00+00:00,9688.550353215467
2026-01-12 09:00:00+00:00,9688.550353215467
2026-01-12 10:00:00+00:00,9688.550353215467
2026-01-12 11:00:00+00:00,9688.550353215467
2026-01-12 12:00:00+00:00,9688.550353215467
2026-01-12 13:00:00+00:00,9688.550353215467
2026-01-12 14:00:00+00:00,9688.550353215467
2026-01-12 15:00:00+00:00,9688.550353215467
2026-01-12 16:00:00+00:00,9688.550353215467
2026-01-12 17:00:00+00:00,9688.550353215467
2026-01-12 18:00:00+00:00,9688.550353215467
2026-01-12 19:00:00+00:00,9688.550353215467
2026-01-12 20:00:00+00:00,9688.550353215467
2026-01-12 21:00:00+00:00,9688.550353215467
2026-01-12 22:00:00+00:00,9688.550353215467
2026-01-12 23:00:00+00:00,9688.550353215467
2026-01-13 00:00:00+00:00,9688.550353215467
2026-01-13 01:00:00+00:00,9688.550353215467
2026-01-13 02:00:00+00:00,9688.550353215467
2026-01-13 03:00:00+00:00,9688.550353215467
2026-01-13 04:00:00+00:00,9688.550353215467
2026-01-13 05:00:00+00:00,9688.550353215467
2026-01-13 06:00:00+00:00,9688.550353215467
2026-01-13 07:00:00+00:00,9688.550353215467
2026-01-13 08:00:00+00:00,9688.550353215467
2026-01-13 09:00:00+00:00,9688.550353215467
2026-01-13 10:00:00+00:00,9688.550353215467
2026-01-13 11:00:00+00:00,9688.550353215467
2026-01-13 12:00:00+00:00,9688.550353215467
2026-01-13 13:00:00+00:00,9688.550353215467
2026-01-13 14:00:00+00:00,9688.550353215467
2026-01-13 15:00:00+00:00,9688.550353215467
2026-01-13 16:00:00+00:00,9688.550353215467
2026-01-13 17:00:00+00:00,9688.550353215467
2026-01-13 18:00:00+00:00,9688.550353215467
2026-01-13 19:00:00+00:00,9688.550353215467
2026-01-13 20:00:00+00:00,9688.550353215467
2026-01-13 21:00:00+00:00,9695.733884419387
2026-01-13 22:00:00+00:00,9671.596284419385
2026-01-13 23:00:00+00:00,9799.899484419386
2026-01-14 00:00:00+00:00,9774.310284419385
2026-01-14 01:00:00+00:00,9759.794588518458
2026-01-14 02:00:00+00:00,9759.452588518458
2026-01-14 03:00:00+00:00,9767.782188518458
2026-01-14 04:00:00+00:00,9794.686188518459
2026-01-14 05:00:00+00:00,9758.91298851846
2026-01-14 06:00:00+00:00,9742.299388518459
2026-01-14 07:00:00+00:00,9743.766188518459
2026-01-14 08:00:00+00:00,9757.332188518458
2026-01-14 09:00:00+00:00,9733.459224318458
2026-01-14 10:00:00+00:00,9747.534424318459
2026-01-14 11:00:00+00:00,9747.534424318459
2026-01-14 12:00:00+00:00,9726.09482431846
2026-01-14 13:00:00+00:00,9746.303224318459
2026-01-14 14:00:00+00:00,9740.299224318458
2026-01-14 15:00:00+00:00,9852.634824318458
2026-01-14 16:00:00+00:00,9871.80962431846
2026-01-14 17:00:00+00:00,9912.449242671933
2026-01-14 18:00:00+00:00,9886.624442671933
2026-01-14 19:00:00+00:00,9876.607642671932
2026-01-14 20:00:00+00:00,9910.777242671933
2026-01-14 21:00:00+00:00,9940.227242671932
2026-01-14 22:00:00+00:00,9932.923642671933
2026-01-14 23:00:00+00:00,9881.654042671933
2026-01-15 00:00:00+00:00,9888.076042671933
2026-01-15 01:00:00+00:00,9865.668259623377
2026-01-15 02:00:00+00:00,9849.655059623377
2026-01-15 03:00:00+00:00,9822.39903178499
2026-01-15 04:00:00+00:00,9822.39903178499
2026-01-15 05:00:00+00:00,9822.39903178499
2026-01-15 06:00:00+00:00,9822.39903178499
2026-01-15 07:00:00+00:00,9822.39903178499
2026-01-15 08:00:00+00:00,9822.39903178499
2026-01-15 09:00:00+00:00,9822.39903178499
2026-01-15 10:00:00+00:00,9822.39903178499
2026-01-15 11:00:00+00:00,9822.39903178499
2026-01-15 12:00:00+00:00,9822.39903178499
2026-01-15 13:00:00+00:00,9822.39903178499
2026-01-15 14:00:00+00:00,9822.39903178499
2026-01-15 15:00:00+00:00,9822.39903178499
2026-01-15 16:00:00+00:00,9822.39903178499
2026-01-15 17:00:00+00:00,9822.39903178499
2026-01-15 18:00:00+00:00,9822.39903178499
2026-01-15 19:00:00+00:00,9822.39903178499
2026-01-15 20:00:00+00:00,9822.39903178499
2026-01-15 21:00:00+00:00,9822.39903178499
2026-01-15 22:00:00+00:00,9822.39903178499
2026-01-15 23:00:00+00:00,9822.39903178499
2026-01-16 00:00:00+00:00,9822.39903178499
2026-01-16 01:00:00+00:00,9822.39903178499
2026-01-16 02:00:00+00:00,9822.39903178499
2026-01-16 03:00:00+00:00,9822.39903178499
2026-01-16 04:00:00+00:00,9822.39903178499
2026-01-16 05:00:00+00:00,9822.39903178499
2026-01-16 06:00:00+00:00,9822.39903178499
2026-01-16 07:00:00+00:00,9822.39903178499
2026-01-16 08:00:00+00:00,9822.39903178499
2026-01-16 09:00:00+00:00,9822.39903178499
2026-01-16 10:00:00+00:00,9822.39903178499
2026-01-16 11:00:00+00:00,9822.39903178499
2026-01-16 12:00:00+00:00,9822.39903178499
2026-01-16 13:00:00+00:00,9822.39903178499
2026-01-16 14:00:00+00:00,9822.39903178499
2026-01-16 15:00:00+00:00,9822.39903178499
2026-01-16 16:00:00+00:00,9822.39903178499
2026-01-16 17:00:00+00:00,9822.39903178499
2026-01-16 18:00:00+00:00,9822.39903178499
2026-01-16 19:00:00+00:00,9822.39903178499
2026-01-16 20:00:00+00:00,9822.39903178499
2026-01-16 21:00:00+00:00,9822.39903178499
2026-01-16 22:00:00+00:00,9822.39903178499
2026-01-16 23:00:00+00:00,9822.39903178499
2026-01-17 00:00:00+00:00,9822.39903178499
2026-01-17 01:00:00+00:00,9822.39903178499
2026-01-17 02:00:00+00:00,9822.39903178499
2026-01-17 03:00:00+00:00,9822.39903178499
2026-01-17 04:00:00+00:00,9822.39903178499
2026-01-17 05:00:00+00:00,9822.39903178499
2026-01-17 06:00:00+00:00,9822.39903178499
2026-01-17 07:00:00+00:00,9822.39903178499
2026-01-17 08:00:00+00:00,9822.39903178499
2026-01-17 09:00:00+00:00,9822.39903178499
2026-01-17 10:00:00+00:00,9822.39903178499
2026-01-17 11:00:00+00:00,9822.39903178499
2026-01-17 12:00:00+00:00,9822.39903178499
2026-01-17 13:00:00+00:00,9822.39903178499
2026-01-17 14:00:00+00:00,9822.39903178499
2026-01-17 15:00:00+00:00,9822.39903178499
2026-01-17 16:00:00+00:00,9822.39903178499
2026-01-17 17:00:00+00:00,9822.39903178499
2026-01-17 18:00:00+00:00,9822.39903178499
2026-01-17 19:00:00+00:00,9822.39903178499
2026-01-17 20:00:00+00:00,9822.39903178499
2026-01-17 21:00:00+00:00,9822.39903178499
2026-01-17 22:00:00+00:00,9822.39903178499
2026-01-17 23:00:00+00:00,9822.39903178499
2026-01-18 00:00:00+00:00,9822.39903178499
2026-01-18 01:00:00+00:00,9822.39903178499
2026-01-18 02:00:00+00:00,9822.39903178499
2026-01-18 03:00:00+00:00,9822.39903178499
2026-01-18 04:00:00+00:00,9822.39903178499
2026-01-18 05:00:00+00:00,9822.39903178499
2026-01-18 06:00:00+00:00,9822.39903178499
2026-01-18 07:00:00+00:00,9822.39903178499
2026-01-18 08:00:00+00:00,9822.39903178499
2026-01-18 09:00:00+00:00,9822.39903178499
2026-01-18 10:00:00+00:00,9822.39903178499
2026-01-18 11:00:00+00:00,9822.39903178499
2026-01-18 12:00:00+00:00,9822.39903178499
2026-01-18 13:00:00+00:00,9822.39903178499
2026-01-18 14:00:00+00:00,9822.39903178499
2026-01-18 15:00:00+00:00,9822.39903178499
2026-01-18 16:00:00+00:00,9822.39903178499
2026-01-18 17:00:00+00:00,9822.39903178499
2026-01-18 18:00:00+00:00,9822.39903178499
2026-01-18 19:00:00+00:00,9822.39903178499
2026-01-18 20:00:00+00:00,9822.39903178499
2026-01-18 21:00:00+00:00,9822.39903178499
2026-01-18 22:00:00+00:00,9822.39903178499
2026-01-18 23:00:00+00:00,9822.39903178499
2026-01-19 00:00:00+00:00,9822.39903178499
2026-01-19 01:00:00+00:00,9822.39903178499
2026-01-19 02:00:00+00:00,9822.39903178499
2026-01-19 03:00:00+00:00,9822.39903178499
2026-01-19 04:00:00+00:00,9822.39903178499
2026-01-19 05:00:00+00:00,9822.39903178499
2026-01-19 06:00:00+00:00,9822.39903178499
2026-01-19 07:00:00+00:00,9822.39903178499
2026-01-19 08:00:00+00:00,9822.39903178499
2026-01-19 09:00:00+00:00,9822.39903178499
2026-01-19 10:00:00+00:00,9822.39903178499
2026-01-19 11:00:00+00:00,9822.39903178499
2026-01-19 12:00:00+00:00,9822.39903178499
2026-01-19 13:00:00+00:00,9822.39903178499
2026-01-19 14:00:00+00:00,9822.39903178499
2026-01-19 15:00:00+00:00,9822.39903178499
2026-01-19 16:00:00+00:00,9822.39903178499
2026-01-19 17:00:00+00:00,9822.39903178499
2026-01-19 18:00:00+00:00,9822.39903178499
2026-01-19 19:00:00+00:00,9822.39903178499
2026-01-19 20:00:00+00:00,9822.39903178499
2026-01-19 21:00:00+00:00,9822.39903178499
2026-01-19 22:00:00+00:00,9822.39903178499
2026-01-19 23:00:00+00:00,9822.39903178499
2026-01-20 00:00:00+00:00,9822.39903178499
2026-01-20 01:00:00+00:00,9822.39903178499
2026-01-20 02:00:00+00:00,9822.39903178499
2026-01-20 03:00:00+00:00,9822.39903178499
2026-01-20 04:00:00+00:00,9822.39903178499
2026-01-20 05:00:00+00:00,9822.39903178499
2026-01-20 06:00:00+00:00,9822.39903178499
2026-01-20 07:00:00+00:00,9822.39903178499
2026-01-20 08:00:00+00:00,9790.726074346989
2026-01-20 09:00:00+00:00,9797.77060836645
2026-01-20 10:00:00+00:00,9805.39610836645
2026-01-20 11:00:00+00:00,9783.19630836645
2026-01-20 12:00:00+00:00,9786.529308366451
2026-01-20 13:00:00+00:00,9780.68140836645
2026-01-20 14:00:00+00:00,9812.73880836645
2026-01-20 15:00:00+00:00,9855.79510836645
2026-01-20 16:00:00+00:00,9841.39250836645
2026-01-20 17:00:00+00:00,9893.77432103813
2026-01-20 18:00:00+00:00,9933.04312103813
2026-01-20 19:00:00+00:00,9960.84842103813
2026-01-20 20:00:00+00:00,9938.62842103813
2026-01-20 21:00:00+00:00,9937.416421038131
2026-01-20 22:00:00+00:00,9963.09062103813
2026-01-20 23:00:00+00:00,10062.77762103813
2026-01-21 00:00:00+00:00,10069.19112103813
2026-01-21 01:00:00+00:00,10019.424905043123
2026-01-21 02:00:00+00:00,10011.011605043122
2026-01-21 03:00:00+00:00,10007.365505043124
2026-01-21 04:00:00+00:00,9969.601605043123
2026-01-21 05:00:00+00:00,9968.399705043123
2026-01-21 06:00:00+00:00,9930.675544405894
2026-01-21 07:00:00+00:00,9930.675544405894
2026-01-21 08:00:00+00:00,9930.675544405894
2026-01-21 09:00:00+00:00,9930.675544405894
2026-01-21 10:00:00+00:00,9930.675544405894
2026-01-21 11:00:00+00:00,9930.675544405894
2026-01-21 12:00:00+00:00,9930.675544405894
2026-01-21 13:00:00+00:00,9930.675544405894
2026-01-21 14:00:00+00:00,9930.675544405894
2026-01-21 15:00:00+00:00,9930.675544405894
2026-01-21 16:00:00+00:00,9930.675544405894
2026-01-21 17:00:00+00:00,9930.675544405894
2026-01-21 18:00:00+00:00,9906.328617180454
2026-01-21 19:00:00+00:00,9873.286617180454
2026-01-21 20:00:00+00:00,9805.414616625876
2026-01-21 21:00:00+00:00,9805.414616625876
2026-01-21 22:00:00+00:00,9805.414616625876
2026-01-21 23:00:00+00:00,9805.414616625876
2026-01-22 00:00:00+00:00,9805.414616625876
2026-01-22 01:00:00+00:00,9805.414616625876
2026-01-22 02:00:00+00:00,9805.414616625876
2026-01-22 03:00:00+00:00,9805.414616625876
2026-01-22 04:00:00+00:00,9805.414616625876
2026-01-22 05:00:00+00:00,9805.414616625876
2026-01-22 06:00:00+00:00,9805.414616625876
2026-01-22 07:00:00+00:00,9805.414616625876
2026-01-22 08:00:00+00:00,9805.414616625876
2026-01-22 09:00:00+00:00,9805.414616625876
2026-01-22 10:00:00+00:00,9805.414616625876
2026-01-22 11:00:00+00:00,9805.414616625876
2026-01-22 12:00:00+00:00,9805.414616625876
2026-01-22 13:00:00+00:00,9805.414616625876
2026-01-22 14:00:00+00:00,9805.414616625876
2026-01-22 15:00:00+00:00,9805.414616625876
2026-01-22 16:00:00+00:00,9805.414616625876
2026-01-22 17:00:00+00:00,9805.414616625876
2026-01-22 18:00:00+00:00,9805.414616625876
2026-01-22 19:00:00+00:00,9805.414616625876
2026-01-22 20:00:00+00:00,9805.414616625876
2026-01-22 21:00:00+00:00,9805.414616625876
2026-01-22 22:00:00+00:00,9805.414616625876
2026-01-22 23:00:00+00:00,9805.414616625876
2026-01-23 00:00:00+00:00,9805.414616625876
2026-01-23 01:00:00+00:00,9805.414616625876
2026-01-23 02:00:00+00:00,9805.414616625876
2026-01-23 03:00:00+00:00,9805.414616625876
2026-01-23 04:00:00+00:00,9805.414616625876
2026-01-23 05:00:00+00:00,9805.414616625876
2026-01-23 06:00:00+00:00,9805.414616625876
2026-01-23 07:00:00+00:00,9805.414616625876
2026-01-23 08:00:00+00:00,9805.414616625876
2026-01-23 09:00:00+00:00,9805.414616625876
2026-01-23 10:00:00+00:00,9805.414616625876
2026-01-23 11:00:00+00:00,9805.414616625876
2026-01-23 12:00:00+00:00,9805.414616625876
2026-01-23 13:00:00+00:00,9805.414616625876
2026-01-23 14:00:00+00:00,9805.414616625876
2026-01-23 15:00:00+00:00,9805.414616625876
2026-01-23 16:00:00+00:00,9805.414616625876
2026-01-23 17:00:00+00:00,9805.414616625876
2026-01-23 18:00:00+00:00,9805.414616625876
2026-01-23 19:00:00+00:00,9805.414616625876
2026-01-23 20:00:00+00:00,9805.414616625876
2026-01-23 21:00:00+00:00,9805.414616625876
2026-01-23 22:00:00+00:00,9805.414616625876
2026-01-23 23:00:00+00:00,9805.414616625876
2026-01-24 00:00:00+00:00,9805.414616625876
2026-01-24 01:00:00+00:00,9805.414616625876
2026-01-24 02:00:00+00:00,9805.414616625876
2026-01-24 03:00:00+00:00,9805.414616625876
2026-01-24 04:00:00+00:00,9805.414616625876
2026-01-24 05:00:00+00:00,9805.414616625876
2026-01-24 06:00:00+00:00,9805.414616625876
2026-01-24 07:00:00+00:00,9805.414616625876
2026-01-24 08:00:00+00:00,9805.414616625876
2026-01-24 09:00:00+00:00,9805.414616625876
2026-01-24 10:00:00+00:00,9805.414616625876
2026-01-24 11:00:00+00:00,9805.414616625876
2026-01-24 12:00:00+00:00,9805.414616625876
2026-01-24 13:00:00+00:00,9805.414616625876
2026-01-24 14:00:00+00:00,9805.414616625876
2026-01-24 15:00:00+00:00,9805.414616625876
2026-01-24 16:00:00+00:00,9805.414616625876
2026-01-24 17:00:00+00:00,9805.414616625876
2026-01-24 18:00:00+00:00,9805.414616625876
2026-01-24 19:00:00+00:00,9805.414616625876
2026-01-24 20:00:00+00:00,9805.414616625876
2026-01-24 21:00:00+00:00,9805.414616625876
2026-01-24 22:00:00+00:00,9805.414616625876
2026-01-24 23:00:00+00:00,9805.414616625876
2026-01-25 00:00:00+00:00,9805.414616625876
2026-01-25 01:00:00+00:00,9805.414616625876
2026-01-25 02:00:00+00:00,9805.414616625876
2026-01-25 03:00:00+00:00,9805.414616625876
2026-01-25 04:00:00+00:00,9805.414616625876
2026-01-25 05:00:00+00:00,9805.414616625876
2026-01-25 06:00:00+00:00,9805.414616625876
2026-01-25 07:00:00+00:00,9805.414616625876
2026-01-25 08:00:00+00:00,9805.414616625876
2026-01-25 09:00:00+00:00,9805.414616625876
2026-01-25 10:00:00+00:00,9805.414616625876
2026-01-25 11:00:00+00:00,9805.414616625876
2026-01-25 12:00:00+00:00,9805.414616625876
2026-01-25 13:00:00+00:00,9805.414616625876
2026-01-25 14:00:00+00:00,9805.414616625876
2026-01-25 15:00:00+00:00,9805.414616625876
2026-01-25 16:00:00+00:00,9805.414616625876
2026-01-25 17:00:00+00:00,9805.414616625876
2026-01-25 18:00:00+00:00,9805.414616625876
2026-01-25 19:00:00+00:00,9805.414616625876
2026-01-25 20:00:00+00:00,9805.414616625876
2026-01-25 21:00:00+00:00,9781.862234840395
2026-01-25 22:00:00+00:00,9790.336634840396
2026-01-25 23:00:00+00:00,9794.326334840394
2026-01-26 00:00:00+00:00,9781.476134840395
2026-01-26 01:00:00+00:00,9764.26232714906
2026-01-26 02:00:00+00:00,9693.61136856663
2026-01-26 03:00:00+00:00,9693.61136856663
2026-01-26 04:00:00+00:00,9693.61136856663
2026-01-26 05:00:00+00:00,9693.61136856663
2026-01-26 06:00:00+00:00,9693.61136856663
2026-01-26 07:00:00+00:00,9693.61136856663
2026-01-26 08:00:00+00:00,9693.61136856663
2026-01-26 09:00:00+00:00,9693.61136856663
2026-01-26 10:00:00+00:00,9693.61136856663
2026-01-26 11:00:00+00:00,9693.61136856663
2026-01-26 12:00:00+00:00,9693.61136856663
2026-01-26 13:00:00+00:00,9693.61136856663
2026-01-26 14:00:00+00:00,9693.61136856663
2026-01-26 15:00:00+00:00,9693.61136856663
2026-01-26 16:00:00+00:00,9693.61136856663
2026-01-26 17:00:00+00:00,9693.61136856663
2026-01-26 18:00:00+00:00,9693.61136856663
2026-01-26 19:00:00+00:00,9693.61136856663
2026-01-26 20:00:00+00:00,9693.61136856663
2026-01-26 21:00:00+00:00,9693.61136856663
2026-01-26 22:00:00+00:00,9693.61136856663
2026-01-26 23:00:00+00:00,9693.61136856663
2026-01-27 00:00:00+00:00,9693.61136856663
2026-01-27 01:00:00+00:00,9693.61136856663
2026-01-27 02:00:00+00:00,9693.61136856663
2026-01-27 03:00:00+00:00,9693.61136856663
2026-01-27 04:00:00+00:00,9693.61136856663
2026-01-27 05:00:00+00:00,9693.61136856663
2026-01-27 06:00:00+00:00,9693.61136856663
2026-01-27 07:00:00+00:00,9693.61136856663
2026-01-27 08:00:00+00:00,9693.61136856663
2026-01-27 09:00:00+00:00,9693.61136856663
2026-01-27 10:00:00+00:00,9693.61136856663
2026-01-27 11:00:00+00:00,9693.61136856663
2026-01-27 12:00:00+00:00,9693.61136856663
2026-01-27 13:00:00+00:00,9693.61136856663
2026-01-27 14:00:00+00:00,9693.61136856663
2026-01-27 15:00:00+00:00,9693.61136856663
2026-01-27 16:00:00+00:00,9693.61136856663
2026-01-27 17:00:00+00:00,9693.61136856663
2026-01-27 18:00:00+00:00,9693.61136856663
2026-01-27 19:00:00+00:00,9693.61136856663
2026-01-27 20:00:00+00:00,9693.61136856663
2026-01-27 21:00:00+00:00,9693.61136856663
2026-01-27 22:00:00+00:00,9693.61136856663
2026-01-27 23:00:00+00:00,9693.61136856663
2026-01-28 00:00:00+00:00,9693.61136856663
2026-01-28 01:00:00+00:00,9693.61136856663
2026-01-28 02:00:00+00:00,9693.61136856663
2026-01-28 03:00:00+00:00,9693.61136856663
2026-01-28 04:00:00+00:00,9693.61136856663
2026-01-28 05:00:00+00:00,9693.61136856663
2026-01-28 06:00:00+00:00,9693.61136856663
2026-01-28 07:00:00+00:00,9693.61136856663
2026-01-28 08:00:00+00:00,9693.61136856663
2026-01-28 09:00:00+00:00,9693.61136856663
2026-01-28 10:00:00+00:00,9693.61136856663
2026-01-28 11:00:00+00:00,9693.61136856663
2026-01-28 12:00:00+00:00,9693.61136856663
2026-01-28 13:00:00+00:00,9693.61136856663
2026-01-28 14:00:00+00:00,9693.61136856663
2026-01-28 15:00:00+00:00,9693.61136856663
2026-01-28 16:00:00+00:00,9693.61136856663
2026-01-28 17:00:00+00:00,9693.61136856663
2026-01-28 18:00:00+00:00,9693.61136856663
2026-01-28 19:00:00+00:00,9693.61136856663
2026-01-28 20:00:00+00:00,9693.61136856663
2026-01-28 21:00:00+00:00,9693.61136856663
2026-01-28 22:00:00+00:00,9693.61136856663
2026-01-28 23:00:00+00:00,9693.61136856663
2026-01-29 00:00:00+00:00,9693.61136856663
2026-01-29 01:00:00+00:00,9693.61136856663
2026-01-29 02:00:00+00:00,9693.61136856663
2026-01-29 03:00:00+00:00,9693.61136856663
2026-01-29 04:00:00+00:00,9693.61136856663
2026-01-29 05:00:00+00:00,9693.61136856663
2026-01-29 06:00:00+00:00,9693.61136856663
2026-01-29 07:00:00+00:00,9693.61136856663
2026-01-29 08:00:00+00:00,9693.61136856663
2026-01-29 09:00:00+00:00,9693.61136856663
2026-01-29 10:00:00+00:00,9693.61136856663
2026-01-29 11:00:00+00:00,9693.61136856663
2026-01-29 12:00:00+00:00,9693.61136856663
2026-01-29 13:00:00+00:00,9693.61136856663
2026-01-29 14:00:00+00:00,9693.61136856663
2026-01-29 15:00:00+00:00,9693.61136856663
2026-01-29 16:00:00+00:00,9693.61136856663
2026-01-29 17:00:00+00:00,9664.34464382553
2026-01-29 18:00:00+00:00,9735.61864382553
2026-01-29 19:00:00+00:00,9790.99564382553
2026-01-29 20:00:00+00:00,9753.60164382553
2026-01-29 21:00:00+00:00,9739.125643825531
2026-01-29 22:00:00+00:00,9717.44664382553
2026-01-29 23:00:00+00:00,9714.723643825531
2026-01-30 00:00:00+00:00,9709.10264382553
2026-01-30 01:00:00+00:00,9741.186877527562
2026-01-30 02:00:00+00:00,9861.43287752756
2026-01-30 03:00:00+00:00,9882.71287752756
2026-01-30 04:00:00+00:00,9847.103877527561
2026-01-30 05:00:00+00:00,9828.95287752756
2026-01-30 06:00:00+00:00,9830.98287752756
2026-01-30 07:00:00+00:00,9852.39587752756
2026-01-30 08:00:00+00:00,9838.451877527561
2026-01-30 09:00:00+00:00,9847.433577896798
2026-01-30 10:00:00+00:00,9869.245577896798
2026-01-30 11:00:00+00:00,9836.506577896796
2026-01-30 12:00:00+00:00,9814.183577896798
2026-01-30 13:00:00+00:00,9839.229577896798
2026-01-30 14:00:00+00:00,9842.190577896798
2026-01-30 15:00:00+00:00,9816.605577896798
2026-01-30 16:00:00+00:00,9831.004577896798
2026-01-30 17:00:00+00:00,9812.928834588307
2026-01-30 18:00:00+00:00,9827.677834588307
2026-01-30 19:00:00+00:00,9750.592995699893
2026-01-30 20:00:00+00:00,9750.592995699893
2026-01-30 21:00:00+00:00,9750.592995699893
2026-01-30 22:00:00+00:00,9750.592995699893
2026-01-30 23:00:00+00:00,9750.592995699893
2026-01-31 00:00:00+00:00,9750.592995699893
2026-01-31 01:00:00+00:00,9750.592995699893
2026-01-31 02:00:00+00:00,9750.592995699893
2026-01-31 03:00:00+00:00,9750.592995699893
2026-01-31 04:00:00+00:00,9750.592995699893
2026-01-31 05:00:00+00:00,9750.592995699893
2026-01-31 06:00:00+00:00,9750.592995699893
2026-01-31 07:00:00+00:00,9750.592995699893
2026-01-31 08:00:00+00:00,9750.592995699893
2026-01-31 09:00:00+00:00,9750.592995699893
2026-01-31 10:00:00+00:00,9750.592995699893
2026-01-31 11:00:00+00:00,9750.592995699893
2026-01-31 12:00:00+00:00,9750.592995699893
2026-01-31 13:00:00+00:00,9750.592995699893
2026-01-31 14:00:00+00:00,9750.592995699893
2026-01-31 15:00:00+00:00,9750.592995699893
2026-01-31 16:00:00+00:00,9750.592995699893
2026-01-31 17:00:00+00:00,9750.592995699893
2026-01-31 18:00:00+00:00,9834.054950282454
2026-01-31 19:00:00+00:00,9884.190950282453
2026-01-31 20:00:00+00:00,9902.310950282454
2026-01-31 21:00:00+00:00,9887.748950282454
2026-01-31 22:00:00+00:00,9869.562950282452
2026-01-31 23:00:00+00:00,9878.208950282453
2026-02-01 00:00:00+00:00,9843.072950282452
2026-02-01 01:00:00+00:00,9834.239338884294
2026-02-01 02:00:00+00:00,9855.221338884294
2026-02-01 03:00:00+00:00,9833.981338884294
2026-02-01 04:00:00+00:00,9835.697338884294
2026-02-01 05:00:00+00:00,9829.265338884294
2026-02-01 06:00:00+00:00,9850.595338884295
2026-02-01 07:00:00+00:00,9869.369338884295
2026-02-01 08:00:00+00:00,9866.081338884294
2026-02-01 09:00:00+00:00,9850.954468558608
2026-02-01 10:00:00+00:00,9825.100468558609
2026-02-01 11:00:00+00:00,9870.202468558608
2026-02-01 12:00:00+00:00,9842.086468558608
2026-02-01 13:00:00+00:00,9859.702468558608
2026-02-01 14:00:00+00:00,9867.700468558609
2026-02-01 15:00:00+00:00,9874.138468558607
2026-02-01 16:00:00+00:00,9911.344468558607
2026-02-01 17:00:00+00:00,9917.417923397572
2026-02-01 18:00:00+00:00,9901.949923397571
2026-02-01 19:00:00+00:00,9885.707923397571
2026-02-01 20:00:00+00:00,9936.707923397571
2026-02-01 21:00:00+00:00,9940.739923397572
2026-02-01 22:00:00+00:00,9975.449923397571
2026-02-01 23:00:00+00:00,9931.949923397571
2026-02-02 00:00:00+00:00,9948.461923397572
2026-02-02 01:00:00+00:00,9907.18532041031
2026-02-02 02:00:00+00:00,9916.467320410311
2026-02-02 03:00:00+00:00,9978.11732041031
2026-02-02 04:00:00+00:00,9988.77932041031
2026-02-02 05:00:00+00:00,10014.20732041031
2026-02-02 06:00:00+00:00,10038.38132041031
2026-02-02 07:00:00+00:00,9975.65132041031
2026-02-02 08:00:00+00:00,9969.39932041031
2026-02-02 09:00:00+00:00,9956.017681153518
2026-02-02 10:00:00+00:00,9900.238937153645
2026-02-02 11:00:00+00:00,9900.238937153645
2026-02-02 12:00:00+00:00,9900.238937153645
2026-02-02 13:00:00+00:00,9900.238937153645
2026-02-02 14:00:00+00:00,9900.238937153645
2026-02-02 15:00:00+00:00,9900.238937153645
2026-02-02 16:00:00+00:00,9900.238937153645
2026-02-02 17:00:00+00:00,9900.238937153645
2026-02-02 18:00:00+00:00,9900.238937153645
2026-02-02 19:00:00+00:00,9900.238937153645
2026-02-02 20:00:00+00:00,9900.238937153645
2026-02-02 21:00:00+00:00,9900.238937153645
2026-02-02 22:00:00+00:00,9900.238937153645
2026-02-02 23:00:00+00:00,9900.238937153645
2026-02-03 00:00:00+00:00,9900.238937153645
2026-02-03 01:00:00+00:00,9900.238937153645
2026-02-03 02:00:00+00:00,9900.238937153645
2026-02-03 03:00:00+00:00,9900.238937153645
2026-02-03 04:00:00+00:00,9900.238937153645
2026-02-03 05:00:00+00:00,9900.238937153645
2026-02-03 06:00:00+00:00,9900.238937153645
2026-02-03 07:00:00+00:00,9900.238937153645
2026-02-03 08:00:00+00:00,9900.238937153645
2026-02-03 09:00:00+00:00,9900.238937153645
2026-02-03 10:00:00+00:00,9900.238937153645
2026-02-03 11:00:00+00:00,9900.238937153645
2026-02-03 12:00:00+00:00,9900.238937153645
2026-02-03 13:00:00+00:00,9900.238937153645
2026-02-03 14:00:00+00:00,9900.238937153645
2026-02-03 15:00:00+00:00,9900.238937153645
2026-02-03 16:00:00+00:00,9900.238937153645
2026-02-03 17:00:00+00:00,9900.238937153645
2026-02-03 18:00:00+00:00,9900.238937153645
2026-02-03 19:00:00+00:00,9900.238937153645
2026-02-03 20:00:00+00:00,9809.80477684469
2026-02-03 21:00:00+00:00,9734.67797684469
2026-02-03 22:00:00+00:00,9746.15867684469
2026-02-03 23:00:00+00:00,9771.68277684469
2026-02-04 00:00:00+00:00,9768.42917684469
2026-02-04 01:00:00+00:00,9761.720279799392
2026-02-04 02:00:00+00:00,9736.818479799393
2026-02-04 03:00:00+00:00,9759.623079799392
2026-02-04 04:00:00+00:00,9723.402279799393
2026-02-04 05:00:00+00:00,9733.878479799392
2026-02-04 06:00:00+00:00,9743.291379799392
2026-02-04 07:00:00+00:00,9725.808179799393
2026-02-04 08:00:00+00:00,9732.334979799392
2026-02-04 09:00:00+00:00,9729.426252971281
2026-02-04 10:00:00+00:00,9751.990752971282
2026-02-04 11:00:00+00:00,9743.16585297128
2026-02-04 12:00:00+00:00,9756.670252971282
2026-02-04 13:00:00+00:00,9749.109552971282
2026-02-04 14:00:00+00:00,9813.544552971282
2026-02-04 15:00:00+00:00,9838.294452971282
2026-02-04 16:00:00+00:00,9849.187152971283
2026-02-04 17:00:00+00:00,9873.393142668992
2026-02-04 18:00:00+00:00,9925.504642668991
2026-02-04 19:00:00+00:00,9883.859542668992
2026-02-04 20:00:00+00:00,9859.790742668993
2026-02-04 21:00:00+00:00,9879.728842668992
2026-02-04 22:00:00+00:00,9914.817742668993
2026-02-04 23:00:00+00:00,9927.503842668992
2026-02-05 00:00:00+00:00,9897.001342668993
2026-02-05 01:00:00+00:00,9911.592971890712
2026-02-05 02:00:00+00:00,9933.985971890712
2026-02-05 03:00:00+00:00,9980.859371890712
2026-02-05 04:00:00+00:00,9992.139171890713
2026-02-05 05:00:00+00:00,10009.352871890711
2026-02-05 06:00:00+00:00,10016.501971890712
2026-02-05 07:00:00+00:00,10006.099271890713
2026-02-05 08:00:00+00:00,10015.551371890711
2026-02-05 09:00:00+00:00,10000.392380144256
2026-02-05 10:00:00+00:00,9975.622880144256
2026-02-05 11:00:00+00:00,10010.319780144257
2026-02-05 12:00:00+00:00,10036.500480144256
2026-02-05 13:00:00+00:00,10073.431780144256
2026-02-05 14:00:00+00:00,10067.840880144257
2026-02-05 15:00:00+00:00,10081.805880144255
2026-02-05 16:00:00+00:00,10175.430180144256
2026-02-05 17:00:00+00:00,10135.787246661012
2026-02-05 18:00:00+00:00,10239.191946661012
2026-02-05 19:00:00+00:00,10231.886046661011
2026-02-05 20:00:00+00:00,10278.451230370103
2026-02-05 21:00:00+00:00,10332.88984467649
2026-02-05 22:00:00+00:00,10353.763244676491
2026-02-05 23:00:00+00:00,10327.90424467649
2026-02-06 00:00:00+00:00,10366.170244676492
2026-02-06 01:00:00+00:00,10343.90936435649
2026-02-06 02:00:00+00:00,10260.240964356492
2026-02-06 03:00:00+00:00,10287.407164356491
2026-02-06 04:00:00+00:00,10318.05796435649
2026-02-06 05:00:00+00:00,10290.542164356491
2026-02-06 06:00:00+00:00,10244.426129255322
2026-02-06 07:00:00+00:00,10244.426129255322
2026-02-06 08:00:00+00:00,10244.426129255322
2026-02-06 09:00:00+00:00,10244.426129255322
2026-02-06 10:00:00+00:00,10244.426129255322
2026-02-06 11:00:00+00:00,10244.426129255322
2026-02-06 12:00:00+00:00,10244.426129255322
2026-02-06 13:00:00+00:00,10244.426129255322
2026-02-06 14:00:00+00:00,10244.426129255322
2026-02-06 15:00:00+00:00,10244.426129255322
2026-02-06 16:00:00+00:00,10244.426129255322
2026-02-06 17:00:00+00:00,10244.426129255322
2026-02-06 18:00:00+00:00,10244.426129255322
2026-02-06 19:00:00+00:00,10244.426129255322
2026-02-06 20:00:00+00:00,10244.426129255322
2026-02-06 21:00:00+00:00,10244.426129255322
2026-02-06 22:00:00+00:00,10244.426129255322
2026-02-06 23:00:00+00:00,10244.426129255322
2026-02-07 00:00:00+00:00,10244.426129255322
2026-02-07 01:00:00+00:00,10244.426129255322
2026-02-07 02:00:00+00:00,10244.426129255322
2026-02-07 03:00:00+00:00,10244.426129255322
2026-02-07 04:00:00+00:00,10244.426129255322
2026-02-07 05:00:00+00:00,10244.426129255322
2026-02-07 06:00:00+00:00,10244.426129255322
2026-02-07 07:00:00+00:00,10244.426129255322
2026-02-07 08:00:00+00:00,10244.426129255322
2026-02-07 09:00:00+00:00,10244.426129255322
2026-02-07 10:00:00+00:00,10244.426129255322
2026-02-07 11:00:00+00:00,10244.426129255322
2026-02-07 12:00:00+00:00,10244.426129255322
2026-02-07 13:00:00+00:00,10244.426129255322
2026-02-07 14:00:00+00:00,10244.426129255322
2026-02-07 15:00:00+00:00,10244.426129255322
2026-02-07 16:00:00+00:00,10244.426129255322
2026-02-07 17:00:00+00:00,10244.426129255322
2026-02-07 18:00:00+00:00,10244.426129255322
2026-02-07 19:00:00+00:00,10244.426129255322
2026-02-07 20:00:00+00:00,10244.426129255322
2026-02-07 21:00:00+00:00,10244.426129255322
2026-02-07 22:00:00+00:00,10244.426129255322
2026-02-07 23:00:00+00:00,10244.426129255322
2026-02-08 00:00:00+00:00,10244.426129255322
2026-02-08 01:00:00+00:00,10244.426129255322
2026-02-08 02:00:00+00:00,10244.426129255322
2026-02-08 03:00:00+00:00,10244.426129255322
2026-02-08 04:00:00+00:00,10244.426129255322
2026-02-08 05:00:00+00:00,10244.426129255322
2026-02-08 06:00:00+00:00,10244.426129255322
2026-02-08 07:00:00+00:00,10244.426129255322
2026-02-08 08:00:00+00:00,10244.426129255322
2026-02-08 09:00:00+00:00,10244.426129255322
2026-02-08 10:00:00+00:00,10244.426129255322
2026-02-08 11:00:00+00:00,10244.426129255322
2026-02-08 12:00:00+00:00,10244.426129255322
2026-02-08 13:00:00+00:00,10244.426129255322
2026-02-08 14:00:00+00:00,10244.426129255322
2026-02-08 15:00:00+00:00,10244.426129255322
2026-02-08 16:00:00+00:00,10244.426129255322
2026-02-08 17:00:00+00:00,10244.426129255322
2026-02-08 18:00:00+00:00,10244.426129255322
2026-02-08 19:00:00+00:00,10244.426129255322
2026-02-08 20:00:00+00:00,10244.426129255322
2026-02-08 21:00:00+00:00,10244.426129255322
2026-02-08 22:00:00+00:00,10244.426129255322
2026-02-08 23:00:00+00:00,10244.426129255322
2026-02-09 00:00:00+00:00,10244.426129255322
2026-02-09 01:00:00+00:00,10244.426129255322
2026-02-09 02:00:00+00:00,10244.426129255322
2026-02-09 03:00:00+00:00,10244.426129255322
2026-02-09 04:00:00+00:00,10244.426129255322
2026-02-09 05:00:00+00:00,10244.426129255322
2026-02-09 06:00:00+00:00,10244.426129255322
2026-02-09 07:00:00+00:00,10244.426129255322
2026-02-09 08:00:00+00:00,10244.426129255322
2026-02-09 09:00:00+00:00,10244.426129255322
2026-02-09 10:00:00+00:00,10244.426129255322
2026-02-09 11:00:00+00:00,10244.426129255322
2026-02-09 12:00:00+00:00,10244.426129255322
2026-02-09 13:00:00+00:00,10244.426129255322
2026-02-09 14:00:00+00:00,10244.426129255322
2026-02-09 15:00:00+00:00,10244.426129255322
2026-02-09 16:00:00+00:00,10244.426129255322
2026-02-09 17:00:00+00:00,10244.426129255322
2026-02-09 18:00:00+00:00,10244.426129255322
2026-02-09 19:00:00+00:00,10244.426129255322
2026-02-09 20:00:00+00:00,10244.426129255322
2026-02-09 21:00:00+00:00,10244.426129255322
2026-02-09 22:00:00+00:00,10244.426129255322
2026-02-09 23:00:00+00:00,10244.426129255322
2026-02-10 00:00:00+00:00,10244.426129255322
2026-02-10 01:00:00+00:00,10244.426129255322
2026-02-10 02:00:00+00:00,10244.426129255322
2026-02-10 03:00:00+00:00,10244.426129255322
2026-02-10 04:00:00+00:00,10244.426129255322
2026-02-10 05:00:00+00:00,10244.426129255322
2026-02-10 06:00:00+00:00,10244.426129255322
2026-02-10 07:00:00+00:00,10244.426129255322
2026-02-10 08:00:00+00:00,10244.426129255322
2026-02-10 09:00:00+00:00,10244.426129255322
2026-02-10 10:00:00+00:00,10244.426129255322
2026-02-10 11:00:00+00:00,10244.426129255322
2026-02-10 12:00:00+00:00,10244.426129255322
2026-02-10 13:00:00+00:00,10244.426129255322
2026-02-10 14:00:00+00:00,10244.426129255322
2026-02-10 15:00:00+00:00,10244.426129255322
2026-02-10 16:00:00+00:00,10244.426129255322
2026-02-10 17:00:00+00:00,10244.426129255322
2026-02-10 18:00:00+00:00,10244.426129255322
2026-02-10 19:00:00+00:00,10244.426129255322
2026-02-10 20:00:00+00:00,10244.426129255322
2026-02-10 21:00:00+00:00,10244.426129255322
2026-02-10 22:00:00+00:00,10244.426129255322
2026-02-10 23:00:00+00:00,10244.426129255322
2026-02-11 00:00:00+00:00,10244.426129255322
2026-02-11 01:00:00+00:00,10244.426129255322
2026-02-11 02:00:00+00:00,10244.426129255322
2026-02-11 03:00:00+00:00,10244.426129255322
2026-02-11 04:00:00+00:00,10244.426129255322
2026-02-11 05:00:00+00:00,10244.426129255322
2026-02-11 06:00:00+00:00,10244.426129255322
2026-02-11 07:00:00+00:00,10244.426129255322
2026-02-11 08:00:00+00:00,10244.426129255322
2026-02-11 09:00:00+00:00,10244.426129255322
2026-02-11 10:00:00+00:00,10244.426129255322
2026-02-11 11:00:00+00:00,10244.426129255322
2026-02-11 12:00:00+00:00,10244.426129255322
2026-02-11 13:00:00+00:00,10244.426129255322
2026-02-11 14:00:00+00:00,10244.426129255322
2026-02-11 15:00:00+00:00,10244.426129255322
2026-02-11 16:00:00+00:00,10244.426129255322
2026-02-11 17:00:00+00:00,10244.426129255322
2026-02-11 18:00:00+00:00,10244.426129255322
2026-02-11 19:00:00+00:00,10244.426129255322
2026-02-11 20:00:00+00:00,10244.426129255322
2026-02-11 21:00:00+00:00,10244.426129255322
2026-02-11 22:00:00+00:00,10244.426129255322
2026-02-11 23:00:00+00:00,10244.426129255322
2026-02-12 00:00:00+00:00,10244.426129255322
2026-02-12 01:00:00+00:00,10244.426129255322
2026-02-12 02:00:00+00:00,10244.426129255322
2026-02-12 03:00:00+00:00,10244.426129255322
2026-02-12 04:00:00+00:00,10244.426129255322
2026-02-12 05:00:00+00:00,10244.426129255322
2026-02-12 06:00:00+00:00,10244.426129255322
2026-02-12 07:00:00+00:00,10244.426129255322
2026-02-12 08:00:00+00:00,10244.426129255322
2026-02-12 09:00:00+00:00,10244.426129255322
2026-02-12 10:00:00+00:00,10244.426129255322
2026-02-12 11:00:00+00:00,10244.426129255322
2026-02-12 12:00:00+00:00,10244.426129255322
2026-02-12 13:00:00+00:00,10244.426129255322
2026-02-12 14:00:00+00:00,10244.426129255322
2026-02-12 15:00:00+00:00,10244.426129255322
2026-02-12 16:00:00+00:00,10244.426129255322
2026-02-12 17:00:00+00:00,10244.426129255322
2026-02-12 18:00:00+00:00,10244.426129255322
2026-02-12 19:00:00+00:00,10244.426129255322
2026-02-12 20:00:00+00:00,10244.426129255322
2026-02-12 21:00:00+00:00,10244.426129255322
2026-02-12 22:00:00+00:00,10244.426129255322
2026-02-12 23:00:00+00:00,10244.426129255322
2026-02-13 00:00:00+00:00,10244.426129255322
2026-02-13 01:00:00+00:00,10244.426129255322
2026-02-13 02:00:00+00:00,10244.426129255322
2026-02-13 03:00:00+00:00,10244.426129255322
2026-02-13 04:00:00+00:00,10244.426129255322
2026-02-13 05:00:00+00:00,10244.426129255322
2026-02-13 06:00:00+00:00,10244.426129255322
2026-02-13 07:00:00+00:00,10244.426129255322
2026-02-13 08:00:00+00:00,10244.426129255322
2026-02-13 09:00:00+00:00,10244.426129255322
2026-02-13 10:00:00+00:00,10244.426129255322
2026-02-13 11:00:00+00:00,10244.426129255322
2026-02-13 12:00:00+00:00,10244.426129255322
2026-02-13 13:00:00+00:00,10244.426129255322
2026-02-13 14:00:00+00:00,10244.426129255322
2026-02-13 15:00:00+00:00,10244.426129255322
2026-02-13 16:00:00+00:00,10244.426129255322
2026-02-13 17:00:00+00:00,10244.426129255322
2026-02-13 18:00:00+00:00,10244.426129255322
2026-02-13 19:00:00+00:00,10244.426129255322
2026-02-13 20:00:00+00:00,10244.426129255322
2026-02-13 21:00:00+00:00,10244.426129255322
2026-02-13 22:00:00+00:00,10244.426129255322
2026-02-13 23:00:00+00:00,10244.426129255322
2026-02-14 00:00:00+00:00,10244.426129255322
2026-02-14 01:00:00+00:00,10244.426129255322
2026-02-14 02:00:00+00:00,10244.426129255322
2026-02-14 03:00:00+00:00,10244.426129255322
2026-02-14 04:00:00+00:00,10244.426129255322
2026-02-14 05:00:00+00:00,10244.426129255322
2026-02-14 06:00:00+00:00,10244.426129255322
2026-02-14 07:00:00+00:00,10244.426129255322
2026-02-14 08:00:00+00:00,10244.426129255322
2026-02-14 09:00:00+00:00,10244.426129255322
2026-02-14 10:00:00+00:00,10244.426129255322
2026-02-14 11:00:00+00:00,10244.426129255322
2026-02-14 12:00:00+00:00,10244.426129255322
2026-02-14 13:00:00+00:00,10244.426129255322
2026-02-14 14:00:00+00:00,10244.426129255322
2026-02-14 15:00:00+00:00,10244.426129255322
2026-02-14 16:00:00+00:00,10244.426129255322
2026-02-14 17:00:00+00:00,10244.426129255322
2026-02-14 18:00:00+00:00,10244.426129255322
2026-02-14 19:00:00+00:00,10244.426129255322
2026-02-14 20:00:00+00:00,10244.426129255322
2026-02-14 21:00:00+00:00,10244.426129255322
2026-02-14 22:00:00+00:00,10244.426129255322
2026-02-14 23:00:00+00:00,10244.426129255322
2026-02-15 00:00:00+00:00,10244.426129255322
2026-02-15 01:00:00+00:00,10244.426129255322
2026-02-15 02:00:00+00:00,10244.426129255322
2026-02-15 03:00:00+00:00,10244.426129255322
2026-02-15 04:00:00+00:00,10244.426129255322
2026-02-15 05:00:00+00:00,10244.426129255322
2026-02-15 06:00:00+00:00,10244.426129255322
2026-02-15 07:00:00+00:00,10244.426129255322
2026-02-15 08:00:00+00:00,10244.426129255322
2026-02-15 09:00:00+00:00,10244.426129255322
2026-02-15 10:00:00+00:00,10244.426129255322
2026-02-15 11:00:00+00:00,10244.426129255322
2026-02-15 12:00:00+00:00,10244.426129255322
2026-02-15 13:00:00+00:00,10244.426129255322
2026-02-15 14:00:00+00:00,10244.426129255322
2026-02-15 15:00:00+00:00,10244.426129255322
2026-02-15 16:00:00+00:00,10244.426129255322
2026-02-15 17:00:00+00:00,10244.426129255322
2026-02-15 18:00:00+00:00,10244.426129255322
2026-02-15 19:00:00+00:00,10244.426129255322
2026-02-15 20:00:00+00:00,10244.426129255322
2026-02-15 21:00:00+00:00,10244.426129255322
2026-02-15 22:00:00+00:00,10244.426129255322
2026-02-15 23:00:00+00:00,10244.426129255322
2026-02-16 00:00:00+00:00,10244.426129255322
2026-02-16 01:00:00+00:00,10244.426129255322
2026-02-16 02:00:00+00:00,10244.426129255322
2026-02-16 03:00:00+00:00,10244.426129255322
2026-02-16 04:00:00+00:00,10244.426129255322
2026-02-16 05:00:00+00:00,10244.426129255322
2026-02-16 06:00:00+00:00,10244.426129255322
2026-02-16 07:00:00+00:00,10244.426129255322
2026-02-16 08:00:00+00:00,10244.426129255322
2026-02-16 09:00:00+00:00,10244.426129255322
2026-02-16 10:00:00+00:00,10244.426129255322
2026-02-16 11:00:00+00:00,10244.426129255322
2026-02-16 12:00:00+00:00,10244.426129255322
2026-02-16 13:00:00+00:00,10244.426129255322
2026-02-16 14:00:00+00:00,10244.426129255322
2026-02-16 15:00:00+00:00,10244.426129255322
2026-02-16 16:00:00+00:00,10244.426129255322
2026-02-16 17:00:00+00:00,10244.426129255322
2026-02-16 18:00:00+00:00,10244.426129255322
2026-02-16 19:00:00+00:00,10244.426129255322
2026-02-16 20:00:00+00:00,10244.426129255322
2026-02-16 21:00:00+00:00,10244.426129255322
2026-02-16 22:00:00+00:00,10244.426129255322
2026-02-16 23:00:00+00:00,10244.426129255322
2026-02-17 00:00:00+00:00,10244.426129255322
2026-02-17 01:00:00+00:00,10244.426129255322
2026-02-17 02:00:00+00:00,10244.426129255322
2026-02-17 03:00:00+00:00,10244.426129255322
2026-02-17 04:00:00+00:00,10244.426129255322
2026-02-17 05:00:00+00:00,10244.426129255322
2026-02-17 06:00:00+00:00,10244.426129255322
2026-02-17 07:00:00+00:00,10244.426129255322
2026-02-17 08:00:00+00:00,10244.426129255322
2026-02-17 09:00:00+00:00,10244.426129255322
2026-02-17 10:00:00+00:00,10244.426129255322
2026-02-17 11:00:00+00:00,10244.426129255322
2026-02-17 12:00:00+00:00,10244.426129255322
2026-02-17 13:00:00+00:00,10244.426129255322
2026-02-17 14:00:00+00:00,10244.426129255322
2026-02-17 15:00:00+00:00,10244.426129255322
2026-02-17 16:00:00+00:00,10244.426129255322
2026-02-17 17:00:00+00:00,10244.426129255322
2026-02-17 18:00:00+00:00,10244.426129255322
2026-02-17 19:00:00+00:00,10244.426129255322
2026-02-17 20:00:00+00:00,10244.426129255322
2026-02-17 21:00:00+00:00,10244.426129255322
2026-02-17 22:00:00+00:00,10244.426129255322
2026-02-17 23:00:00+00:00,10244.426129255322
2026-02-18 00:00:00+00:00,10244.426129255322
2026-02-18 01:00:00+00:00,10244.426129255322
2026-02-18 02:00:00+00:00,10244.426129255322
2026-02-18 03:00:00+00:00,10244.426129255322
2026-02-18 04:00:00+00:00,10244.426129255322
2026-02-18 05:00:00+00:00,10244.426129255322
2026-02-18 06:00:00+00:00,10244.426129255322
2026-02-18 07:00:00+00:00,10244.426129255322
2026-02-18 08:00:00+00:00,10244.426129255322
2026-02-18 09:00:00+00:00,10244.426129255322
2026-02-18 10:00:00+00:00,10244.426129255322
2026-02-18 11:00:00+00:00,10244.426129255322
2026-02-18 12:00:00+00:00,10244.426129255322
2026-02-18 13:00:00+00:00,10244.426129255322
2026-02-18 14:00:00+00:00,10244.426129255322
2026-02-18 15:00:00+00:00,10244.426129255322
2026-02-18 16:00:00+00:00,10244.426129255322
2026-02-18 17:00:00+00:00,10244.426129255322
2026-02-18 18:00:00+00:00,10244.426129255322
2026-02-18 19:00:00+00:00,10244.426129255322
2026-02-18 20:00:00+00:00,10244.426129255322
2026-02-18 21:00:00+00:00,10244.426129255322
2026-02-18 22:00:00+00:00,10244.426129255322
2026-02-18 23:00:00+00:00,10244.426129255322
2026-02-19 00:00:00+00:00,10244.426129255322
2026-02-19 01:00:00+00:00,10244.426129255322
2026-02-19 02:00:00+00:00,10244.426129255322
2026-02-19 03:00:00+00:00,10244.426129255322
2026-02-19 04:00:00+00:00,10244.426129255322
2026-02-19 05:00:00+00:00,10244.426129255322
2026-02-19 06:00:00+00:00,10244.426129255322
2026-02-19 07:00:00+00:00,10244.426129255322
2026-02-19 08:00:00+00:00,10244.426129255322
2026-02-19 09:00:00+00:00,10244.426129255322
2026-02-19 10:00:00+00:00,10244.426129255322
2026-02-19 11:00:00+00:00,10244.426129255322
2026-02-19 12:00:00+00:00,10244.426129255322
2026-02-19 13:00:00+00:00,10244.426129255322
2026-02-19 14:00:00+00:00,10244.426129255322
2026-02-19 15:00:00+00:00,10244.426129255322
2026-02-19 16:00:00+00:00,10244.426129255322
2026-02-19 17:00:00+00:00,10244.426129255322
2026-02-19 18:00:00+00:00,10244.426129255322
2026-02-19 19:00:00+00:00,10244.426129255322
2026-02-19 20:00:00+00:00,10244.426129255322
2026-02-19 21:00:00+00:00,10244.426129255322
2026-02-19 22:00:00+00:00,10244.426129255322
2026-02-19 23:00:00+00:00,10244.426129255322
2026-02-20 00:00:00+00:00,10244.426129255322
2026-02-20 01:00:00+00:00,10244.426129255322
2026-02-20 02:00:00+00:00,10244.426129255322
2026-02-20 03:00:00+00:00,10244.426129255322
2026-02-20 04:00:00+00:00,10244.426129255322
2026-02-20 05:00:00+00:00,10244.426129255322
2026-02-20 06:00:00+00:00,10244.426129255322
2026-02-20 07:00:00+00:00,10244.426129255322
2026-02-20 08:00:00+00:00,10244.426129255322
2026-02-20 09:00:00+00:00,10244.426129255322
2026-02-20 10:00:00+00:00,10244.426129255322
2026-02-20 11:00:00+00:00,10244.426129255322
2026-02-20 12:00:00+00:00,10244.426129255322
2026-02-20 13:00:00+00:00,10244.426129255322
2026-02-20 14:00:00+00:00,10244.426129255322
2026-02-20 15:00:00+00:00,10244.426129255322
2026-02-20 16:00:00+00:00,10244.426129255322
2026-02-20 17:00:00+00:00,10244.426129255322
2026-02-20 18:00:00+00:00,10244.426129255322
2026-02-20 19:00:00+00:00,10244.426129255322
2026-02-20 20:00:00+00:00,10244.426129255322
2026-02-20 21:00:00+00:00,10244.426129255322
2026-02-20 22:00:00+00:00,10244.426129255322
2026-02-20 23:00:00+00:00,10244.426129255322
2026-02-21 00:00:00+00:00,10244.426129255322
2026-02-21 01:00:00+00:00,10244.426129255322
2026-02-21 02:00:00+00:00,10244.426129255322
2026-02-21 03:00:00+00:00,10244.426129255322
2026-02-21 04:00:00+00:00,10244.426129255322
2026-02-21 05:00:00+00:00,10244.426129255322
2026-02-21 06:00:00+00:00,10244.426129255322
2026-02-21 07:00:00+00:00,10244.426129255322
2026-02-21 08:00:00+00:00,10244.426129255322
2026-02-21 09:00:00+00:00,10244.426129255322
2026-02-21 10:00:00+00:00,10244.426129255322
2026-02-21 11:00:00+00:00,10244.426129255322
2026-02-21 12:00:00+00:00,10244.426129255322
2026-02-21 13:00:00+00:00,10244.426129255322
2026-02-21 14:00:00+00:00,10244.426129255322
2026-02-21 15:00:00+00:00,10244.426129255322
2026-02-21 16:00:00+00:00,10244.426129255322
2026-02-21 17:00:00+00:00,10244.426129255322
2026-02-21 18:00:00+00:00,10244.426129255322
2026-02-21 19:00:00+00:00,10244.426129255322
2026-02-21 20:00:00+00:00,10244.426129255322
2026-02-21 21:00:00+00:00,10244.426129255322
2026-02-21 22:00:00+00:00,10244.426129255322
2026-02-21 23:00:00+00:00,10244.426129255322
2026-02-22 00:00:00+00:00,10244.426129255322
2026-02-22 01:00:00+00:00,10244.426129255322
2026-02-22 02:00:00+00:00,10244.426129255322
2026-02-22 03:00:00+00:00,10244.426129255322
2026-02-22 04:00:00+00:00,10244.426129255322
2026-02-22 05:00:00+00:00,10244.426129255322
2026-02-22 06:00:00+00:00,10244.426129255322
2026-02-22 07:00:00+00:00,10244.426129255322
2026-02-22 08:00:00+00:00,10244.426129255322
2026-02-22 09:00:00+00:00,10244.426129255322
2026-02-22 10:00:00+00:00,10244.426129255322
2026-02-22 11:00:00+00:00,10244.426129255322
2026-02-22 12:00:00+00:00,10244.426129255322
2026-02-22 13:00:00+00:00,10244.426129255322
2026-02-22 14:00:00+00:00,10244.426129255322
2026-02-22 15:00:00+00:00,10244.426129255322
2026-02-22 16:00:00+00:00,10244.426129255322
2026-02-22 17:00:00+00:00,10244.426129255322
2026-02-22 18:00:00+00:00,10244.426129255322
2026-02-22 19:00:00+00:00,10244.426129255322
2026-02-22 20:00:00+00:00,10244.426129255322
2026-02-22 21:00:00+00:00,10244.426129255322
2026-02-22 22:00:00+00:00,10244.426129255322
2026-02-22 23:00:00+00:00,10244.426129255322
2026-02-23 00:00:00+00:00,10244.426129255322
2026-02-23 01:00:00+00:00,10244.426129255322
2026-02-23 02:00:00+00:00,10244.426129255322
2026-02-23 03:00:00+00:00,10202.335945660812
2026-02-23 04:00:00+00:00,10186.370945660812
2026-02-23 05:00:00+00:00,10198.700045660813
2026-02-23 06:00:00+00:00,10172.836745660812
2026-02-23 07:00:00+00:00,10097.104563220228
2026-02-23 08:00:00+00:00,10097.104563220228
2026-02-23 09:00:00+00:00,10097.104563220228
2026-02-23 10:00:00+00:00,10097.104563220228
2026-02-23 11:00:00+00:00,10097.104563220228
2026-02-23 12:00:00+00:00,10097.104563220228
2026-02-23 13:00:00+00:00,10097.104563220228
2026-02-23 14:00:00+00:00,10097.104563220228
2026-02-23 15:00:00+00:00,10097.104563220228
2026-02-23 16:00:00+00:00,10097.104563220228
2026-02-23 17:00:00+00:00,10097.104563220228
2026-02-23 18:00:00+00:00,10097.104563220228
2026-02-23 19:00:00+00:00,10097.104563220228
2026-02-23 20:00:00+00:00,10097.104563220228
2026-02-23 21:00:00+00:00,10097.104563220228
2026-02-23 22:00:00+00:00,10097.104563220228
2026-02-23 23:00:00+00:00,10097.104563220228
2026-02-24 00:00:00+00:00,10097.104563220228
2026-02-24 01:00:00+00:00,10097.104563220228
2026-02-24 02:00:00+00:00,10097.104563220228
2026-02-24 03:00:00+00:00,10097.104563220228
2026-02-24 04:00:00+00:00,10097.104563220228
2026-02-24 05:00:00+00:00,10097.104563220228
2026-02-24 06:00:00+00:00,10097.104563220228
2026-02-24 07:00:00+00:00,10097.104563220228
2026-02-24 08:00:00+00:00,10097.104563220228
2026-02-24 09:00:00+00:00,10097.104563220228
2026-02-24 10:00:00+00:00,10097.104563220228
2026-02-24 11:00:00+00:00,10097.104563220228
2026-02-24 12:00:00+00:00,10097.104563220228
2026-02-24 13:00:00+00:00,10097.104563220228
2026-02-24 14:00:00+00:00,10097.104563220228
2026-02-24 15:00:00+00:00,10097.104563220228
2026-02-24 16:00:00+00:00,10097.104563220228
2026-02-24 17:00:00+00:00,10097.104563220228
2026-02-24 18:00:00+00:00,10097.104563220228
2026-02-24 19:00:00+00:00,10097.104563220228
2026-02-24 20:00:00+00:00,10097.104563220228
2026-02-24 21:00:00+00:00,10097.104563220228
2026-02-24 22:00:00+00:00,10097.104563220228
2026-02-24 23:00:00+00:00,10097.104563220228
2026-02-25 00:00:00+00:00,10097.104563220228
2026-02-25 01:00:00+00:00,10097.104563220228
2026-02-25 02:00:00+00:00,10097.104563220228
2026-02-25 03:00:00+00:00,10097.104563220228
2026-02-25 04:00:00+00:00,10097.104563220228
2026-02-25 05:00:00+00:00,10097.104563220228
2026-02-25 06:00:00+00:00,10097.104563220228
2026-02-25 07:00:00+00:00,10097.104563220228
2026-02-25 08:00:00+00:00,10097.104563220228
2026-02-25 09:00:00+00:00,10097.104563220228
2026-02-25 10:00:00+00:00,10097.104563220228
2026-02-25 11:00:00+00:00,10097.104563220228
2026-02-25 12:00:00+00:00,10097.104563220228
2026-02-25 13:00:00+00:00,10097.104563220228
2026-02-25 14:00:00+00:00,10097.104563220228
2026-02-25 15:00:00+00:00,10097.104563220228
2026-02-25 16:00:00+00:00,10097.104563220228
2026-02-25 17:00:00+00:00,10097.104563220228
2026-02-25 18:00:00+00:00,10097.104563220228
2026-02-25 19:00:00+00:00,10097.104563220228
2026-02-25 20:00:00+00:00,10097.104563220228
2026-02-25 21:00:00+00:00,10097.104563220228
2026-02-25 22:00:00+00:00,10097.104563220228
2026-02-25 23:00:00+00:00,10097.104563220228
2026-02-26 00:00:00+00:00,10097.104563220228
2026-02-26 01:00:00+00:00,10097.104563220228
2026-02-26 02:00:00+00:00,10097.104563220228
2026-02-26 03:00:00+00:00,10097.104563220228
2026-02-26 04:00:00+00:00,10097.104563220228
2026-02-26 05:00:00+00:00,10097.104563220228
2026-02-26 06:00:00+00:00,10097.104563220228
2026-02-26 07:00:00+00:00,10097.104563220228
2026-02-26 08:00:00+00:00,10097.104563220228
2026-02-26 09:00:00+00:00,10097.104563220228
2026-02-26 10:00:00+00:00,10097.104563220228
2026-02-26 11:00:00+00:00,10097.104563220228
2026-02-26 12:00:00+00:00,10097.104563220228
2026-02-26 13:00:00+00:00,10097.104563220228
2026-02-26 14:00:00+00:00,10097.104563220228
2026-02-26 15:00:00+00:00,10097.104563220228
2026-02-26 16:00:00+00:00,10097.104563220228
2026-02-26 17:00:00+00:00,10097.104563220228
2026-02-26 18:00:00+00:00,10097.104563220228
2026-02-26 19:00:00+00:00,10097.104563220228
2026-02-26 20:00:00+00:00,10097.104563220228
2026-02-26 21:00:00+00:00,10097.104563220228
2026-02-26 22:00:00+00:00,10097.104563220228
2026-02-26 23:00:00+00:00,10097.104563220228
2026-02-27 00:00:00+00:00,10097.104563220228
2026-02-27 01:00:00+00:00,10097.104563220228
2026-02-27 02:00:00+00:00,10097.104563220228
2026-02-27 03:00:00+00:00,10097.104563220228
2026-02-27 04:00:00+00:00,10097.104563220228
2026-02-27 05:00:00+00:00,10097.104563220228
2026-02-27 06:00:00+00:00,10097.104563220228
2026-02-27 07:00:00+00:00,10097.104563220228
2026-02-27 08:00:00+00:00,10097.104563220228
2026-02-27 09:00:00+00:00,10097.104563220228
2026-02-27 10:00:00+00:00,10097.104563220228
2026-02-27 11:00:00+00:00,10097.104563220228
2026-02-27 12:00:00+00:00,10097.104563220228
2026-02-27 13:00:00+00:00,10097.104563220228
2026-02-27 14:00:00+00:00,10097.104563220228
2026-02-27 15:00:00+00:00,10097.104563220228
2026-02-27 16:00:00+00:00,10097.104563220228
2026-02-27 17:00:00+00:00,10097.104563220228
2026-02-27 18:00:00+00:00,10097.104563220228
2026-02-27 19:00:00+00:00,10097.104563220228
2026-02-27 20:00:00+00:00,10097.104563220228
2026-02-27 21:00:00+00:00,10097.104563220228
2026-02-27 22:00:00+00:00,10097.104563220228
2026-02-27 23:00:00+00:00,10097.104563220228
2026-02-28 00:00:00+00:00,10097.104563220228
2026-02-28 01:00:00+00:00,10097.104563220228
2026-02-28 02:00:00+00:00,10097.104563220228
2026-02-28 03:00:00+00:00,10097.104563220228
2026-02-28 04:00:00+00:00,10097.104563220228
2026-02-28 05:00:00+00:00,10097.104563220228
2026-02-28 06:00:00+00:00,10097.104563220228
2026-02-28 07:00:00+00:00,10097.104563220228
2026-02-28 08:00:00+00:00,10097.104563220228
2026-02-28 09:00:00+00:00,10097.104563220228
2026-02-28 10:00:00+00:00,10097.104563220228
2026-02-28 11:00:00+00:00,10097.104563220228
2026-02-28 12:00:00+00:00,10097.104563220228
2026-02-28 13:00:00+00:00,10097.104563220228
2026-02-28 14:00:00+00:00,10097.104563220228
2026-02-28 15:00:00+00:00,10097.104563220228
2026-02-28 16:00:00+00:00,10097.104563220228
2026-02-28 17:00:00+00:00,10097.104563220228
2026-02-28 18:00:00+00:00,10097.104563220228
2026-02-28 19:00:00+00:00,10097.104563220228
2026-02-28 20:00:00+00:00,10097.104563220228
2026-02-28 21:00:00+00:00,10097.104563220228
2026-02-28 22:00:00+00:00,10097.104563220228
2026-02-28 23:00:00+00:00,10097.104563220228
2026-03-01 00:00:00+00:00,10097.104563220228
2026-03-01 01:00:00+00:00,10097.104563220228
2026-03-01 02:00:00+00:00,10097.104563220228
2026-03-01 03:00:00+00:00,10097.104563220228
2026-03-01 04:00:00+00:00,10097.104563220228
2026-03-01 05:00:00+00:00,10097.104563220228
2026-03-01 06:00:00+00:00,10097.104563220228
2026-03-01 07:00:00+00:00,10097.104563220228
2026-03-01 08:00:00+00:00,10097.104563220228
2026-03-01 09:00:00+00:00,10097.104563220228
2026-03-01 10:00:00+00:00,10097.104563220228
2026-03-01 11:00:00+00:00,10097.104563220228
2026-03-01 12:00:00+00:00,10097.104563220228
2026-03-01 13:00:00+00:00,10097.104563220228
2026-03-01 14:00:00+00:00,10097.104563220228
2026-03-01 15:00:00+00:00,10097.104563220228
2026-03-01 16:00:00+00:00,10097.104563220228
2026-03-01 17:00:00+00:00,10097.104563220228
2026-03-01 18:00:00+00:00,10097.104563220228
2026-03-01 19:00:00+00:00,10097.104563220228
2026-03-01 20:00:00+00:00,10097.104563220228
2026-03-01 21:00:00+00:00,10097.104563220228
2026-03-01 22:00:00+00:00,10097.104563220228
2026-03-01 23:00:00+00:00,10097.104563220228
2026-03-02 00:00:00+00:00,10097.104563220228
2026-03-02 01:00:00+00:00,10097.104563220228
2026-03-02 02:00:00+00:00,10097.104563220228
2026-03-02 03:00:00+00:00,10097.104563220228
2026-03-02 04:00:00+00:00,10097.104563220228
2026-03-02 05:00:00+00:00,10097.104563220228
2026-03-02 06:00:00+00:00,10097.104563220228
2026-03-02 07:00:00+00:00,10097.104563220228
2026-03-02 08:00:00+00:00,10097.104563220228
2026-03-02 09:00:00+00:00,10097.104563220228
2026-03-02 10:00:00+00:00,10097.104563220228
2026-03-02 11:00:00+00:00,10097.104563220228
2026-03-02 12:00:00+00:00,10097.104563220228
2026-03-02 13:00:00+00:00,10097.104563220228
2026-03-02 14:00:00+00:00,10097.104563220228
2026-03-02 15:00:00+00:00,10097.104563220228
2026-03-02 16:00:00+00:00,10097.104563220228
2026-03-02 17:00:00+00:00,10097.104563220228
2026-03-02 18:00:00+00:00,10097.104563220228
2026-03-02 19:00:00+00:00,10097.104563220228
2026-03-02 20:00:00+00:00,10097.104563220228
2026-03-02 21:00:00+00:00,10097.104563220228
2026-03-02 22:00:00+00:00,10097.104563220228
2026-03-02 23:00:00+00:00,10097.104563220228
2026-03-03 00:00:00+00:00,10097.104563220228
2026-03-03 01:00:00+00:00,10097.104563220228
2026-03-03 02:00:00+00:00,10097.104563220228
2026-03-03 03:00:00+00:00,10097.104563220228
2026-03-03 04:00:00+00:00,10097.104563220228
2026-03-03 05:00:00+00:00,10097.104563220228
2026-03-03 06:00:00+00:00,10097.104563220228
2026-03-03 07:00:00+00:00,10097.104563220228
2026-03-03 08:00:00+00:00,10097.104563220228
2026-03-03 09:00:00+00:00,10097.104563220228
2026-03-03 10:00:00+00:00,10097.104563220228
2026-03-03 11:00:00+00:00,10097.104563220228
2026-03-03 12:00:00+00:00,10097.104563220228
2026-03-03 13:00:00+00:00,10097.104563220228
2026-03-03 14:00:00+00:00,10097.104563220228
2026-03-03 15:00:00+00:00,10097.104563220228
2026-03-03 16:00:00+00:00,10097.104563220228
2026-03-03 17:00:00+00:00,10097.104563220228
2026-03-03 18:00:00+00:00,10097.104563220228
2026-03-03 19:00:00+00:00,10097.104563220228
2026-03-03 20:00:00+00:00,10097.104563220228
2026-03-03 21:00:00+00:00,10097.104563220228
2026-03-03 22:00:00+00:00,10097.104563220228
2026-03-03 23:00:00+00:00,10097.104563220228
2026-03-04 00:00:00+00:00,10097.104563220228
2026-03-04 01:00:00+00:00,10097.104563220228
2026-03-04 02:00:00+00:00,10097.104563220228
2026-03-04 03:00:00+00:00,10097.104563220228
2026-03-04 04:00:00+00:00,10097.104563220228
2026-03-04 05:00:00+00:00,10097.104563220228
2026-03-04 06:00:00+00:00,10097.104563220228
2026-03-04 07:00:00+00:00,10097.104563220228
2026-03-04 08:00:00+00:00,10097.104563220228
2026-03-04 09:00:00+00:00,10097.104563220228
2026-03-04 10:00:00+00:00,10121.665956682034
2026-03-04 11:00:00+00:00,10111.815556682035
2026-03-04 12:00:00+00:00,10099.041956682035
2026-03-04 13:00:00+00:00,10111.653156682036
2026-03-04 14:00:00+00:00,10119.056356682035
2026-03-04 15:00:00+00:00,10126.700356682035
2026-03-04 16:00:00+00:00,10225.814756682035
2026-03-04 17:00:00+00:00,10219.825016016244
2026-03-04 18:00:00+00:00,10215.882616016244
2026-03-04 19:00:00+00:00,10242.482616016245
2026-03-04 20:00:00+00:00,10238.764216016243
2026-03-04 21:00:00+00:00,10205.102616016244
2026-03-04 22:00:00+00:00,10221.275416016244
2026-03-04 23:00:00+00:00,10188.173816016244
2026-03-05 00:00:00+00:00,10185.956216016244
2026-03-05 01:00:00+00:00,10190.72602597839
2026-03-05 02:00:00+00:00,10178.114825978391
2026-03-05 03:00:00+00:00,10176.45722597839
2026-03-05 04:00:00+00:00,10175.83562597839
2026-03-05 05:00:00+00:00,10193.94602597839
2026-03-05 06:00:00+00:00,10170.93002597839
2026-03-05 07:00:00+00:00,10179.173225978391
2026-03-05 08:00:00+00:00,10135.476310338678
2026-03-05 09:00:00+00:00,10135.476310338678
2026-03-05 10:00:00+00:00,10135.476310338678
2026-03-05 11:00:00+00:00,10135.476310338678
2026-03-05 12:00:00+00:00,10135.476310338678
2026-03-05 13:00:00+00:00,10135.476310338678
2026-03-05 14:00:00+00:00,10135.476310338678
2026-03-05 15:00:00+00:00,10135.476310338678
2026-03-05 16:00:00+00:00,10135.476310338678
2026-03-05 17:00:00+00:00,10135.476310338678
2026-03-05 18:00:00+00:00,10135.476310338678
2026-03-05 19:00:00+00:00,10135.476310338678
2026-03-05 20:00:00+00:00,10135.476310338678
2026-03-05 21:00:00+00:00,10135.476310338678
2026-03-05 22:00:00+00:00,10135.476310338678
2026-03-05 23:00:00+00:00,10135.476310338678
2026-03-06 00:00:00+00:00,10135.476310338678
2026-03-06 01:00:00+00:00,10135.476310338678
2026-03-06 02:00:00+00:00,10135.476310338678
2026-03-06 03:00:00+00:00,10135.476310338678
2026-03-06 04:00:00+00:00,10135.476310338678
2026-03-06 05:00:00+00:00,10135.476310338678
2026-03-06 06:00:00+00:00,10135.476310338678
2026-03-06 07:00:00+00:00,10135.476310338678
2026-03-06 08:00:00+00:00,10135.476310338678
2026-03-06 09:00:00+00:00,10135.476310338678
2026-03-06 10:00:00+00:00,10135.476310338678
2026-03-06 11:00:00+00:00,10135.476310338678
2026-03-06 12:00:00+00:00,10135.476310338678
2026-03-06 13:00:00+00:00,10135.476310338678
2026-03-06 14:00:00+00:00,10135.476310338678
2026-03-06 15:00:00+00:00,10135.476310338678
2026-03-06 16:00:00+00:00,10135.476310338678
2026-03-06 17:00:00+00:00,10135.476310338678
2026-03-06 18:00:00+00:00,10135.476310338678
2026-03-06 19:00:00+00:00,10135.476310338678
2026-03-06 20:00:00+00:00,10135.476310338678
2026-03-06 21:00:00+00:00,10135.476310338678
2026-03-06 22:00:00+00:00,10135.476310338678
2026-03-06 23:00:00+00:00,10135.476310338678
2026-03-07 00:00:00+00:00,10135.476310338678
2026-03-07 01:00:00+00:00,10135.476310338678
2026-03-07 02:00:00+00:00,10135.476310338678
2026-03-07 03:00:00+00:00,10135.476310338678
2026-03-07 04:00:00+00:00,10135.476310338678
2026-03-07 05:00:00+00:00,10135.476310338678
2026-03-07 06:00:00+00:00,10135.476310338678
2026-03-07 07:00:00+00:00,10135.476310338678
2026-03-07 08:00:00+00:00,10135.476310338678
2026-03-07 09:00:00+00:00,10135.476310338678
2026-03-07 10:00:00+00:00,10135.476310338678
2026-03-07 11:00:00+00:00,10135.476310338678
2026-03-07 12:00:00+00:00,10135.476310338678
2026-03-07 13:00:00+00:00,10135.476310338678
2026-03-07 14:00:00+00:00,10135.476310338678
2026-03-07 15:00:00+00:00,10135.476310338678
2026-03-07 16:00:00+00:00,10135.476310338678
2026-03-07 17:00:00+00:00,10135.476310338678
2026-03-07 18:00:00+00:00,10135.476310338678
2026-03-07 19:00:00+00:00,10135.476310338678
2026-03-07 20:00:00+00:00,10135.476310338678
2026-03-07 21:00:00+00:00,10135.476310338678
2026-03-07 22:00:00+00:00,10135.476310338678
2026-03-07 23:00:00+00:00,10135.476310338678
2026-03-08 00:00:00+00:00,10135.476310338678
2026-03-08 01:00:00+00:00,10135.476310338678
2026-03-08 02:00:00+00:00,10135.476310338678
2026-03-08 03:00:00+00:00,10135.476310338678
2026-03-08 04:00:00+00:00,10135.476310338678
2026-03-08 05:00:00+00:00,10135.476310338678
2026-03-08 06:00:00+00:00,10135.476310338678
2026-03-08 07:00:00+00:00,10135.476310338678
2026-03-08 08:00:00+00:00,10135.476310338678
2026-03-08 09:00:00+00:00,10135.476310338678
2026-03-08 10:00:00+00:00,10135.476310338678
2026-03-08 11:00:00+00:00,10135.476310338678
2026-03-08 12:00:00+00:00,10135.476310338678
2026-03-08 13:00:00+00:00,10135.476310338678
2026-03-08 14:00:00+00:00,10135.476310338678
2026-03-08 15:00:00+00:00,10135.476310338678
2026-03-08 16:00:00+00:00,10135.476310338678
2026-03-08 17:00:00+00:00,10135.476310338678
2026-03-08 18:00:00+00:00,10135.476310338678
2026-03-08 19:00:00+00:00,10135.476310338678
2026-03-08 20:00:00+00:00,10135.476310338678
2026-03-08 21:00:00+00:00,10135.476310338678
2026-03-08 22:00:00+00:00,10135.476310338678
2026-03-08 23:00:00+00:00,10135.476310338678
2026-03-09 00:00:00+00:00,10135.476310338678
2026-03-09 01:00:00+00:00,10135.476310338678
2026-03-09 02:00:00+00:00,10135.476310338678
2026-03-09 03:00:00+00:00,10135.476310338678
2026-03-09 04:00:00+00:00,10135.476310338678
2026-03-09 05:00:00+00:00,10135.476310338678
2026-03-09 06:00:00+00:00,10135.476310338678
2026-03-09 07:00:00+00:00,10135.476310338678
2026-03-09 08:00:00+00:00,10135.476310338678
2026-03-09 09:00:00+00:00,10135.476310338678
2026-03-09 10:00:00+00:00,10135.476310338678
2026-03-09 11:00:00+00:00,10135.476310338678
2026-03-09 12:00:00+00:00,10135.476310338678
2026-03-09 13:00:00+00:00,10135.476310338678
2026-03-09 14:00:00+00:00,10135.476310338678
2026-03-09 15:00:00+00:00,10135.476310338678
2026-03-09 16:00:00+00:00,10135.476310338678
2026-03-09 17:00:00+00:00,10135.476310338678
2026-03-09 18:00:00+00:00,10135.476310338678
2026-03-09 19:00:00+00:00,10135.476310338678
2026-03-09 20:00:00+00:00,10135.476310338678
2026-03-09 21:00:00+00:00,10135.476310338678
2026-03-09 22:00:00+00:00,10135.476310338678
2026-03-09 23:00:00+00:00,10135.476310338678
2026-03-10 00:00:00+00:00,10135.476310338678
2026-03-10 01:00:00+00:00,10135.476310338678
2026-03-10 02:00:00+00:00,10135.476310338678
2026-03-10 03:00:00+00:00,10135.476310338678
2026-03-10 04:00:00+00:00,10135.476310338678
2026-03-10 05:00:00+00:00,10135.476310338678
2026-03-10 06:00:00+00:00,10135.476310338678
2026-03-10 07:00:00+00:00,10135.476310338678
2026-03-10 08:00:00+00:00,10135.476310338678
2026-03-10 09:00:00+00:00,10135.476310338678
2026-03-10 10:00:00+00:00,10135.476310338678
2026-03-10 11:00:00+00:00,10135.476310338678
2026-03-10 12:00:00+00:00,10135.476310338678
2026-03-10 13:00:00+00:00,10135.476310338678
2026-03-10 14:00:00+00:00,10135.476310338678
2026-03-10 15:00:00+00:00,10135.476310338678
2026-03-10 16:00:00+00:00,10135.476310338678
2026-03-10 17:00:00+00:00,10135.476310338678
2026-03-10 18:00:00+00:00,10135.476310338678
2026-03-10 19:00:00+00:00,10135.476310338678
2026-03-10 20:00:00+00:00,10135.476310338678
2026-03-10 21:00:00+00:00,10135.476310338678
2026-03-10 22:00:00+00:00,10135.476310338678
2026-03-10 23:00:00+00:00,10135.476310338678
2026-03-11 00:00:00+00:00,10135.476310338678
2026-03-11 01:00:00+00:00,10135.476310338678
2026-03-11 02:00:00+00:00,10135.476310338678
2026-03-11 03:00:00+00:00,10135.476310338678
2026-03-11 04:00:00+00:00,10135.476310338678
2026-03-11 05:00:00+00:00,10135.476310338678
2026-03-11 06:00:00+00:00,10135.476310338678
2026-03-11 07:00:00+00:00,10135.476310338678
2026-03-11 08:00:00+00:00,10135.476310338678
2026-03-11 09:00:00+00:00,10135.476310338678
2026-03-11 10:00:00+00:00,10135.476310338678
2026-03-11 11:00:00+00:00,10135.476310338678
2026-03-11 12:00:00+00:00,10135.476310338678
2026-03-11 13:00:00+00:00,10135.476310338678
2026-03-11 14:00:00+00:00,10135.476310338678
2026-03-11 15:00:00+00:00,10135.476310338678
2026-03-11 16:00:00+00:00,10135.476310338678
2026-03-11 17:00:00+00:00,10135.476310338678
2026-03-11 18:00:00+00:00,10135.476310338678
2026-03-11 19:00:00+00:00,10135.476310338678
2026-03-11 20:00:00+00:00,10135.476310338678
2026-03-11 21:00:00+00:00,10135.476310338678
2026-03-11 22:00:00+00:00,10135.476310338678
2026-03-11 23:00:00+00:00,10135.476310338678
2026-03-12 00:00:00+00:00,10135.476310338678
2026-03-12 01:00:00+00:00,10135.476310338678
2026-03-12 02:00:00+00:00,10135.476310338678
2026-03-12 03:00:00+00:00,10135.476310338678
2026-03-12 04:00:00+00:00,10135.476310338678
2026-03-12 05:00:00+00:00,10135.476310338678
2026-03-12 06:00:00+00:00,10135.476310338678
2026-03-12 07:00:00+00:00,10135.476310338678
2026-03-12 08:00:00+00:00,10135.476310338678
2026-03-12 09:00:00+00:00,10135.476310338678
2026-03-12 10:00:00+00:00,10135.476310338678
2026-03-12 11:00:00+00:00,10135.476310338678
2026-03-12 12:00:00+00:00,10135.476310338678
2026-03-12 13:00:00+00:00,10135.476310338678
2026-03-12 14:00:00+00:00,10135.476310338678
2026-03-12 15:00:00+00:00,10135.476310338678
2026-03-12 16:00:00+00:00,10135.476310338678
2026-03-12 17:00:00+00:00,10135.476310338678
2026-03-12 18:00:00+00:00,10135.476310338678
2026-03-12 19:00:00+00:00,10135.476310338678
2026-03-12 20:00:00+00:00,10135.476310338678
2026-03-12 21:00:00+00:00,10135.476310338678
2026-03-12 22:00:00+00:00,10135.476310338678
2026-03-12 23:00:00+00:00,10135.476310338678
2026-03-13 00:00:00+00:00,10135.476310338678
2026-03-13 01:00:00+00:00,10135.476310338678
2026-03-13 02:00:00+00:00,10135.476310338678
2026-03-13 03:00:00+00:00,10135.476310338678
2026-03-13 04:00:00+00:00,10135.476310338678
2026-03-13 05:00:00+00:00,10135.476310338678
2026-03-13 06:00:00+00:00,10135.476310338678
2026-03-13 07:00:00+00:00,10135.476310338678
2026-03-13 08:00:00+00:00,10135.476310338678
2026-03-13 09:00:00+00:00,10135.476310338678
2026-03-13 10:00:00+00:00,10135.476310338678
2026-03-13 11:00:00+00:00,10135.476310338678
2026-03-13 12:00:00+00:00,10112.01677160472
2026-03-13 13:00:00+00:00,10156.444371604717
2026-03-13 14:00:00+00:00,10205.660771604718
2026-03-13 15:00:00+00:00,10125.128571604719
2026-03-13 16:00:00+00:00,10101.064135812263
2026-03-13 17:00:00+00:00,10101.064135812263
2026-03-13 18:00:00+00:00,10101.064135812263
2026-03-13 19:00:00+00:00,10101.064135812263
2026-03-13 20:00:00+00:00,10101.064135812263
2026-03-13 21:00:00+00:00,10101.064135812263
2026-03-13 22:00:00+00:00,10101.064135812263
2026-03-13 23:00:00+00:00,10101.064135812263
2026-03-14 00:00:00+00:00,10101.064135812263
2026-03-14 01:00:00+00:00,10101.064135812263
2026-03-14 02:00:00+00:00,10101.064135812263
2026-03-14 03:00:00+00:00,10101.064135812263
2026-03-14 04:00:00+00:00,10101.064135812263
2026-03-14 05:00:00+00:00,10101.064135812263
2026-03-14 06:00:00+00:00,10101.064135812263
2026-03-14 07:00:00+00:00,10101.064135812263
2026-03-14 08:00:00+00:00,10101.064135812263
2026-03-14 09:00:00+00:00,10101.064135812263
2026-03-14 10:00:00+00:00,10101.064135812263
2026-03-14 11:00:00+00:00,10101.064135812263
2026-03-14 12:00:00+00:00,10101.064135812263
2026-03-14 13:00:00+00:00,10101.064135812263
2026-03-14 14:00:00+00:00,10101.064135812263
2026-03-14 15:00:00+00:00,10101.064135812263
2026-03-14 16:00:00+00:00,10101.064135812263
2026-03-14 17:00:00+00:00,10101.064135812263
2026-03-14 18:00:00+00:00,10101.064135812263
2026-03-14 19:00:00+00:00,10101.064135812263
2026-03-14 20:00:00+00:00,10101.064135812263
2026-03-14 21:00:00+00:00,10101.064135812263
2026-03-14 22:00:00+00:00,10101.064135812263
2026-03-14 23:00:00+00:00,10101.064135812263
2026-03-15 00:00:00+00:00,10101.064135812263
2026-03-15 01:00:00+00:00,10101.064135812263
2026-03-15 02:00:00+00:00,10101.064135812263
2026-03-15 03:00:00+00:00,10101.064135812263
2026-03-15 04:00:00+00:00,10101.064135812263
2026-03-15 05:00:00+00:00,10101.064135812263
2026-03-15 06:00:00+00:00,10101.064135812263
2026-03-15 07:00:00+00:00,10101.064135812263
2026-03-15 08:00:00+00:00,10101.064135812263
2026-03-15 09:00:00+00:00,10101.064135812263
2026-03-15 10:00:00+00:00,10101.064135812263
2026-03-15 11:00:00+00:00,10101.064135812263
2026-03-15 12:00:00+00:00,10101.064135812263
2026-03-15 13:00:00+00:00,10101.064135812263
2026-03-15 14:00:00+00:00,10101.064135812263
2026-03-15 15:00:00+00:00,10101.064135812263
2026-03-15 16:00:00+00:00,10101.064135812263
2026-03-15 17:00:00+00:00,10101.064135812263
2026-03-15 18:00:00+00:00,10101.064135812263
2026-03-15 19:00:00+00:00,10101.064135812263
2026-03-15 20:00:00+00:00,10101.064135812263
2026-03-15 21:00:00+00:00,10101.064135812263
2026-03-15 22:00:00+00:00,10101.064135812263
2026-03-15 23:00:00+00:00,10101.064135812263
2026-03-16 00:00:00+00:00,10101.064135812263
2026-03-16 01:00:00+00:00,10101.064135812263
2026-03-16 02:00:00+00:00,10101.064135812263
2026-03-16 03:00:00+00:00,10101.064135812263
2026-03-16 04:00:00+00:00,10101.064135812263
2026-03-16 05:00:00+00:00,10101.064135812263
2026-03-16 06:00:00+00:00,10101.064135812263
2026-03-16 07:00:00+00:00,10101.064135812263
2026-03-16 08:00:00+00:00,10101.064135812263
2026-03-16 09:00:00+00:00,10101.064135812263
2026-03-16 10:00:00+00:00,10101.064135812263
2026-03-16 11:00:00+00:00,10101.064135812263
2026-03-16 12:00:00+00:00,10101.064135812263
2026-03-16 13:00:00+00:00,10101.064135812263
2026-03-16 14:00:00+00:00,10101.064135812263
2026-03-16 15:00:00+00:00,10101.064135812263
2026-03-16 16:00:00+00:00,10101.064135812263
2026-03-16 17:00:00+00:00,10101.064135812263
2026-03-16 18:00:00+00:00,10101.064135812263
2026-03-16 19:00:00+00:00,10101.064135812263
2026-03-16 20:00:00+00:00,10101.064135812263
2026-03-16 21:00:00+00:00,10101.064135812263
2026-03-16 22:00:00+00:00,10101.064135812263
2026-03-16 23:00:00+00:00,10101.064135812263
2026-03-17 00:00:00+00:00,10101.064135812263
2026-03-17 01:00:00+00:00,10101.064135812263
2026-03-17 02:00:00+00:00,10117.768557784513
2026-03-17 03:00:00+00:00,10087.539257784514
2026-03-17 04:00:00+00:00,10034.161657784514
2026-03-17 05:00:00+00:00,10013.714105317933
2026-03-17 06:00:00+00:00,10013.714105317933
2026-03-17 07:00:00+00:00,10013.714105317933
2026-03-17 08:00:00+00:00,10013.714105317933
2026-03-17 09:00:00+00:00,10013.714105317933
2026-03-17 10:00:00+00:00,10013.714105317933
2026-03-17 11:00:00+00:00,10013.714105317933
2026-03-17 12:00:00+00:00,10013.714105317933
2026-03-17 13:00:00+00:00,10013.714105317933
2026-03-17 14:00:00+00:00,10013.714105317933
2026-03-17 15:00:00+00:00,10013.714105317933
2026-03-17 16:00:00+00:00,10013.714105317933
2026-03-17 17:00:00+00:00,10013.714105317933
2026-03-17 18:00:00+00:00,10013.714105317933
2026-03-17 19:00:00+00:00,10013.714105317933
2026-03-17 20:00:00+00:00,10013.714105317933
2026-03-17 21:00:00+00:00,10013.714105317933
2026-03-17 22:00:00+00:00,10013.714105317933
2026-03-17 23:00:00+00:00,10013.714105317933
2026-03-18 00:00:00+00:00,10013.714105317933
2026-03-18 01:00:00+00:00,10013.714105317933
2026-03-18 02:00:00+00:00,10013.714105317933
2026-03-18 03:00:00+00:00,10013.714105317933
2026-03-18 04:00:00+00:00,10013.714105317933
2026-03-18 05:00:00+00:00,10013.714105317933
2026-03-18 06:00:00+00:00,10013.714105317933
2026-03-18 07:00:00+00:00,10013.714105317933
2026-03-18 08:00:00+00:00,10013.714105317933
2026-03-18 09:00:00+00:00,10013.714105317933
2026-03-18 10:00:00+00:00,10013.714105317933
2026-03-18 11:00:00+00:00,10013.714105317933
2026-03-18 12:00:00+00:00,10013.714105317933
2026-03-18 13:00:00+00:00,10013.714105317933
2026-03-18 14:00:00+00:00,10013.714105317933
2026-03-18 15:00:00+00:00,10013.714105317933
2026-03-18 16:00:00+00:00,10013.714105317933
2026-03-18 17:00:00+00:00,10013.714105317933
2026-03-18 18:00:00+00:00,10013.714105317933
2026-03-18 19:00:00+00:00,10013.714105317933
2026-03-18 20:00:00+00:00,10013.714105317933
2026-03-18 21:00:00+00:00,10013.714105317933
2026-03-18 22:00:00+00:00,10013.714105317933
2026-03-18 23:00:00+00:00,10013.714105317933
2026-03-19 00:00:00+00:00,10013.714105317933
2026-03-19 01:00:00+00:00,10013.714105317933
2026-03-19 02:00:00+00:00,10013.714105317933
2026-03-19 03:00:00+00:00,10013.714105317933
2026-03-19 04:00:00+00:00,10013.714105317933
2026-03-19 05:00:00+00:00,10013.714105317933
2026-03-19 06:00:00+00:00,10013.714105317933
2026-03-19 07:00:00+00:00,10013.714105317933
2026-03-19 08:00:00+00:00,10013.714105317933
2026-03-19 09:00:00+00:00,10013.714105317933
2026-03-19 10:00:00+00:00,10013.714105317933
2026-03-19 11:00:00+00:00,10013.714105317933
2026-03-19 12:00:00+00:00,10013.714105317933
2026-03-19 13:00:00+00:00,10013.714105317933
2026-03-19 14:00:00+00:00,9955.360791767585
2026-03-19 15:00:00+00:00,9992.066091767587
2026-03-19 16:00:00+00:00,9998.886891767586
2026-03-19 17:00:00+00:00,9994.694620141108
2026-03-19 18:00:00+00:00,9960.686320141109
2026-03-19 19:00:00+00:00,9963.722620141109
2026-03-19 20:00:00+00:00,9924.833620141108
2026-03-19 21:00:00+00:00,9906.215620141107
2026-03-19 22:00:00+00:00,9912.662320141108
2026-03-19 23:00:00+00:00,9931.819720141108
2026-03-20 00:00:00+00:00,9954.866020141108
2026-03-20 01:00:00+00:00,9930.272934439767
2026-03-20 02:00:00+00:00,9912.429234439765
2026-03-20 03:00:00+00:00,9911.646234439766
2026-03-20 04:00:00+00:00,9879.664273256116
2026-03-20 05:00:00+00:00,9879.664273256116
2026-03-20 06:00:00+00:00,9879.664273256116
2026-03-20 07:00:00+00:00,9879.664273256116
2026-03-20 08:00:00+00:00,9879.664273256116
2026-03-20 09:00:00+00:00,9879.664273256116
2026-03-20 10:00:00+00:00,9879.664273256116
2026-03-20 11:00:00+00:00,9879.664273256116
2026-03-20 12:00:00+00:00,9879.664273256116
2026-03-20 13:00:00+00:00,9879.664273256116
2026-03-20 14:00:00+00:00,9879.664273256116
2026-03-20 15:00:00+00:00,9879.664273256116
2026-03-20 16:00:00+00:00,9879.664273256116
2026-03-20 17:00:00+00:00,9879.664273256116
2026-03-20 18:00:00+00:00,9879.664273256116
2026-03-20 19:00:00+00:00,9879.664273256116
2026-03-20 20:00:00+00:00,9879.664273256116
2026-03-20 21:00:00+00:00,9879.664273256116
2026-03-20 22:00:00+00:00,9879.664273256116
2026-03-20 23:00:00+00:00,9879.664273256116
2026-03-21 00:00:00+00:00,9879.664273256116
2026-03-21 01:00:00+00:00,9879.664273256116
2026-03-21 02:00:00+00:00,9879.664273256116
2026-03-21 03:00:00+00:00,9879.664273256116
2026-03-21 04:00:00+00:00,9879.664273256116
2026-03-21 05:00:00+00:00,9879.664273256116
2026-03-21 06:00:00+00:00,9879.664273256116
2026-03-21 07:00:00+00:00,9879.664273256116
2026-03-21 08:00:00+00:00,9879.664273256116
2026-03-21 09:00:00+00:00,9879.664273256116
2026-03-21 10:00:00+00:00,9879.664273256116
2026-03-21 11:00:00+00:00,9879.664273256116
2026-03-21 12:00:00+00:00,9879.664273256116
2026-03-21 13:00:00+00:00,9879.664273256116
2026-03-21 14:00:00+00:00,9879.664273256116
2026-03-21 15:00:00+00:00,9879.664273256116
2026-03-21 16:00:00+00:00,9879.664273256116
2026-03-21 17:00:00+00:00,9879.664273256116
2026-03-21 18:00:00+00:00,9879.664273256116
2026-03-21 19:00:00+00:00,9879.664273256116
2026-03-21 20:00:00+00:00,9879.664273256116
2026-03-21 21:00:00+00:00,9879.664273256116
2026-03-21 22:00:00+00:00,9879.664273256116
2026-03-21 23:00:00+00:00,9879.664273256116
2026-03-22 00:00:00+00:00,9879.664273256116
2026-03-22 01:00:00+00:00,9879.664273256116
2026-03-22 02:00:00+00:00,9879.664273256116
2026-03-22 03:00:00+00:00,9879.664273256116
2026-03-22 04:00:00+00:00,9879.664273256116
2026-03-22 05:00:00+00:00,9879.664273256116
2026-03-22 06:00:00+00:00,9879.664273256116
2026-03-22 07:00:00+00:00,9879.664273256116
2026-03-22 08:00:00+00:00,9879.664273256116
2026-03-22 09:00:00+00:00,9879.664273256116
2026-03-22 10:00:00+00:00,9879.664273256116
2026-03-22 11:00:00+00:00,9879.664273256116
2026-03-22 12:00:00+00:00,9879.664273256116
2026-03-22 13:00:00+00:00,9822.744837275588
2026-03-22 14:00:00+00:00,9817.983837275586
2026-03-22 15:00:00+00:00,9815.856337275587
2026-03-22 16:00:00+00:00,9800.388837275586
2026-03-22 17:00:00+00:00,9805.32045068616
2026-03-22 18:00:00+00:00,9820.224450686163
2026-03-22 19:00:00+00:00,9826.422950686161
2026-03-22 20:00:00+00:00,9873.81445068616
2026-03-22 21:00:00+00:00,9877.91995068616
2026-03-22 22:00:00+00:00,9908.83195068616
2026-03-22 23:00:00+00:00,9858.565450686161
2026-03-23 00:00:00+00:00,9912.431450686163
2026-03-23 01:00:00+00:00,9934.000000565069
2026-03-23 02:00:00+00:00,9906.319500565069
2026-03-23 03:00:00+00:00,9860.94050056507
2026-03-23 04:00:00+00:00,9887.034000565069
2026-03-23 05:00:00+00:00,9834.60550056507
2026-03-23 06:00:00+00:00,9814.708215819948
2026-03-23 07:00:00+00:00,9814.708215819948
2026-03-23 08:00:00+00:00,9814.708215819948
2026-03-23 09:00:00+00:00,9814.708215819948
2026-03-23 10:00:00+00:00,9814.708215819948
2026-03-23 11:00:00+00:00,9814.708215819948
2026-03-23 12:00:00+00:00,9814.708215819948
2026-03-23 13:00:00+00:00,9814.708215819948
2026-03-23 14:00:00+00:00,9814.708215819948
2026-03-23 15:00:00+00:00,9814.708215819948
2026-03-23 16:00:00+00:00,9814.708215819948
2026-03-23 17:00:00+00:00,9814.708215819948
2026-03-23 18:00:00+00:00,9814.708215819948
2026-03-23 19:00:00+00:00,9814.708215819948
2026-03-23 20:00:00+00:00,9814.708215819948
2026-03-23 21:00:00+00:00,9814.708215819948
2026-03-23 22:00:00+00:00,9814.708215819948
2026-03-23 23:00:00+00:00,9814.708215819948
2026-03-24 00:00:00+00:00,9814.708215819948
2026-03-24 01:00:00+00:00,9814.708215819948
2026-03-24 02:00:00+00:00,9814.708215819948
2026-03-24 03:00:00+00:00,9814.708215819948
2026-03-24 04:00:00+00:00,9814.708215819948
2026-03-24 05:00:00+00:00,9814.708215819948
2026-03-24 06:00:00+00:00,9814.708215819948
2026-03-24 07:00:00+00:00,9814.708215819948
2026-03-24 08:00:00+00:00,9814.708215819948
2026-03-24 09:00:00+00:00,9814.708215819948
2026-03-24 10:00:00+00:00,9814.708215819948
2026-03-24 11:00:00+00:00,9814.708215819948
2026-03-24 12:00:00+00:00,9814.708215819948
2026-03-24 13:00:00+00:00,9814.708215819948
2026-03-24 14:00:00+00:00,9814.708215819948
2026-03-24 15:00:00+00:00,9814.708215819948
2026-03-24 16:00:00+00:00,9814.708215819948
2026-03-24 17:00:00+00:00,9814.708215819948
2026-03-24 18:00:00+00:00,9814.708215819948
2026-03-24 19:00:00+00:00,9814.708215819948
2026-03-24 20:00:00+00:00,9814.708215819948
2026-03-24 21:00:00+00:00,9814.708215819948
2026-03-24 22:00:00+00:00,9814.708215819948
2026-03-24 23:00:00+00:00,9814.708215819948
2026-03-25 00:00:00+00:00,9814.708215819948
2026-03-25 01:00:00+00:00,9814.708215819948
2026-03-25 02:00:00+00:00,9814.708215819948
2026-03-25 03:00:00+00:00,9814.708215819948
2026-03-25 04:00:00+00:00,9814.708215819948
2026-03-25 05:00:00+00:00,9814.708215819948
2026-03-25 06:00:00+00:00,9814.708215819948
2026-03-25 07:00:00+00:00,9814.708215819948
2026-03-25 08:00:00+00:00,9814.708215819948
2026-03-25 09:00:00+00:00,9814.708215819948
2026-03-25 10:00:00+00:00,9814.708215819948
2026-03-25 11:00:00+00:00,9814.708215819948
2026-03-25 12:00:00+00:00,9814.708215819948
2026-03-25 13:00:00+00:00,9814.708215819948
2026-03-25 14:00:00+00:00,9814.708215819948
2026-03-25 15:00:00+00:00,9814.708215819948
2026-03-25 16:00:00+00:00,9814.708215819948
2026-03-25 17:00:00+00:00,9814.708215819948
2026-03-25 18:00:00+00:00,9814.708215819948
2026-03-25 19:00:00+00:00,9814.708215819948
2026-03-25 20:00:00+00:00,9814.708215819948
2026-03-25 21:00:00+00:00,9814.708215819948
2026-03-25 22:00:00+00:00,9814.708215819948
2026-03-25 23:00:00+00:00,9814.708215819948
2026-03-26 00:00:00+00:00,9814.708215819948
2026-03-26 01:00:00+00:00,9814.708215819948
2026-03-26 02:00:00+00:00,9814.708215819948
2026-03-26 03:00:00+00:00,9814.708215819948
2026-03-26 04:00:00+00:00,9814.708215819948
2026-03-26 05:00:00+00:00,9814.708215819948
2026-03-26 06:00:00+00:00,9814.708215819948
2026-03-26 07:00:00+00:00,9814.708215819948
2026-03-26 08:00:00+00:00,9814.708215819948
2026-03-26 09:00:00+00:00,9814.708215819948
2026-03-26 10:00:00+00:00,9814.708215819948
2026-03-26 11:00:00+00:00,9814.708215819948
2026-03-26 12:00:00+00:00,9814.708215819948
2026-03-26 13:00:00+00:00,9814.708215819948
2026-03-26 14:00:00+00:00,9814.708215819948
2026-03-26 15:00:00+00:00,9814.708215819948
2026-03-26 16:00:00+00:00,9814.708215819948
2026-03-26 17:00:00+00:00,9814.708215819948
2026-03-26 18:00:00+00:00,9814.708215819948
2026-03-26 19:00:00+00:00,9814.708215819948
2026-03-26 20:00:00+00:00,9814.708215819948
2026-03-26 21:00:00+00:00,9814.708215819948
2026-03-26 22:00:00+00:00,9814.708215819948
2026-03-26 23:00:00+00:00,9814.708215819948
2026-03-27 00:00:00+00:00,9814.708215819948
2026-03-27 01:00:00+00:00,9814.708215819948
2026-03-27 02:00:00+00:00,9814.708215819948
2026-03-27 03:00:00+00:00,9814.708215819948
2026-03-27 04:00:00+00:00,9814.708215819948
2026-03-27 05:00:00+00:00,9814.708215819948
2026-03-27 06:00:00+00:00,9814.708215819948
2026-03-27 07:00:00+00:00,9814.708215819948
2026-03-27 08:00:00+00:00,9814.708215819948
2026-03-27 09:00:00+00:00,9814.708215819948
2026-03-27 10:00:00+00:00,9814.708215819948
2026-03-27 11:00:00+00:00,9814.708215819948
2026-03-27 12:00:00+00:00,9792.506129275816
2026-03-27 13:00:00+00:00,9799.693929275816
2026-03-27 14:00:00+00:00,9835.251129275815
2026-03-27 15:00:00+00:00,9834.188729275817
2026-03-27 16:00:00+00:00,9839.691629275816
2026-03-27 17:00:00+00:00,9851.444069047135
2026-03-27 18:00:00+00:00,9879.796869047133
2026-03-27 19:00:00+00:00,9863.130469047133
2026-03-27 20:00:00+00:00,9846.970369047134
2026-03-27 21:00:00+00:00,9848.074269047134
2026-03-27 22:00:00+00:00,9842.895069047134
2026-03-27 23:00:00+00:00,9847.866769047134
2026-03-28 00:00:00+00:00,9816.899469047134
2026-03-28 01:00:00+00:00,9814.06082973392
2026-03-28 02:00:00+00:00,9834.82742973392
2026-03-28 03:00:00+00:00,9845.01982973392
2026-03-28 04:00:00+00:00,9830.42012973392
2026-03-28 05:00:00+00:00,9826.12902973392
2026-03-28 06:00:00+00:00,9820.76722973392
2026-03-28 07:00:00+00:00,9817.57172973392
2026-03-28 08:00:00+00:00,9802.48232973392
2026-03-28 09:00:00+00:00,9815.648179385043
2026-03-28 10:00:00+00:00,9824.130779385043
2026-03-28 11:00:00+00:00,9831.160879385043
2026-03-28 12:00:00+00:00,9822.852579385042
2026-03-28 13:00:00+00:00,9812.494179385043
2026-03-28 14:00:00+00:00,9778.191367960784
2026-03-28 15:00:00+00:00,9778.191367960784
2026-03-28 16:00:00+00:00,9778.191367960784
2026-03-28 17:00:00+00:00,9778.191367960784
2026-03-28 18:00:00+00:00,9778.191367960784
2026-03-28 19:00:00+00:00,9778.191367960784
2026-03-28 20:00:00+00:00,9778.191367960784
2026-03-28 21:00:00+00:00,9778.191367960784
2026-03-28 22:00:00+00:00,9778.191367960784
2026-03-28 23:00:00+00:00,9778.191367960784
2026-03-29 00:00:00+00:00,9778.191367960784
2026-03-29 01:00:00+00:00,9778.191367960784
2026-03-29 02:00:00+00:00,9778.191367960784
2026-03-29 03:00:00+00:00,9778.191367960784
2026-03-29 04:00:00+00:00,9778.191367960784
2026-03-29 05:00:00+00:00,9778.191367960784
2026-03-29 06:00:00+00:00,9778.191367960784
2026-03-29 07:00:00+00:00,9778.191367960784
2026-03-29 08:00:00+00:00,9778.191367960784
2026-03-29 09:00:00+00:00,9778.191367960784
2026-03-29 10:00:00+00:00,9778.191367960784
2026-03-29 11:00:00+00:00,9778.191367960784
2026-03-29 12:00:00+00:00,9778.191367960784
2026-03-29 13:00:00+00:00,9778.191367960784
2026-03-29 14:00:00+00:00,9778.191367960784
2026-03-29 15:00:00+00:00,9778.191367960784
2026-03-29 16:00:00+00:00,9778.191367960784
2026-03-29 17:00:00+00:00,9778.191367960784
2026-03-29 18:00:00+00:00,9778.191367960784
2026-03-29 19:00:00+00:00,9778.191367960784
2026-03-29 20:00:00+00:00,9778.191367960784
2026-03-29 21:00:00+00:00,9778.191367960784
2026-03-29 22:00:00+00:00,9778.191367960784
2026-03-29 23:00:00+00:00,9778.191367960784
2026-03-30 00:00:00+00:00,9778.191367960784
2026-03-30 01:00:00+00:00,9778.191367960784
2026-03-30 02:00:00+00:00,9778.191367960784
2026-03-30 03:00:00+00:00,9778.191367960784
2026-03-30 04:00:00+00:00,9778.191367960784
2026-03-30 05:00:00+00:00,9778.191367960784
2026-03-30 06:00:00+00:00,9778.191367960784
2026-03-30 07:00:00+00:00,9778.191367960784
2026-03-30 08:00:00+00:00,9778.191367960784
2026-03-30 09:00:00+00:00,9778.191367960784
2026-03-30 10:00:00+00:00,9778.191367960784
2026-03-30 11:00:00+00:00,9778.191367960784
2026-03-30 12:00:00+00:00,9778.191367960784
2026-03-30 13:00:00+00:00,9778.191367960784
2026-03-30 14:00:00+00:00,9778.191367960784
2026-03-30 15:00:00+00:00,9778.191367960784
2026-03-30 16:00:00+00:00,9778.191367960784
2026-03-30 17:00:00+00:00,9778.191367960784
2026-03-30 18:00:00+00:00,9778.191367960784
2026-03-30 19:00:00+00:00,9778.191367960784
2026-03-30 20:00:00+00:00,9778.191367960784
2026-03-30 21:00:00+00:00,9778.191367960784
2026-03-30 22:00:00+00:00,9778.191367960784
2026-03-30 23:00:00+00:00,9778.191367960784
2026-03-31 00:00:00+00:00,9778.191367960784
2026-03-31 01:00:00+00:00,9778.191367960784
2026-03-31 02:00:00+00:00,9778.191367960784
2026-03-31 03:00:00+00:00,9778.191367960784
2026-03-31 04:00:00+00:00,9778.191367960784
2026-03-31 05:00:00+00:00,9778.191367960784
2026-03-31 06:00:00+00:00,9778.191367960784
2026-03-31 07:00:00+00:00,9778.191367960784
2026-03-31 08:00:00+00:00,9778.191367960784
2026-03-31 09:00:00+00:00,9778.191367960784
2026-03-31 10:00:00+00:00,9778.191367960784
2026-03-31 11:00:00+00:00,9778.191367960784
2026-03-31 12:00:00+00:00,9778.191367960784
2026-03-31 13:00:00+00:00,9778.191367960784
2026-03-31 14:00:00+00:00,9778.191367960784
2026-03-31 15:00:00+00:00,9778.191367960784
2026-03-31 16:00:00+00:00,9778.191367960784
2026-03-31 17:00:00+00:00,9778.191367960784
2026-03-31 18:00:00+00:00,9778.191367960784
2026-03-31 19:00:00+00:00,9778.191367960784
2026-03-31 20:00:00+00:00,9778.191367960784
2026-03-31 21:00:00+00:00,9778.191367960784
2026-03-31 22:00:00+00:00,9778.191367960784
2026-03-31 23:00:00+00:00,9778.191367960784
2026-04-01 00:00:00+00:00,9778.191367960784
2026-04-01 01:00:00+00:00,9778.191367960784
2026-04-01 02:00:00+00:00,9778.191367960784
2026-04-01 03:00:00+00:00,9778.191367960784
2026-04-01 04:00:00+00:00,9778.191367960784
2026-04-01 05:00:00+00:00,9778.191367960784
2026-04-01 06:00:00+00:00,9778.191367960784
2026-04-01 07:00:00+00:00,9778.191367960784
2026-04-01 08:00:00+00:00,9778.191367960784
2026-04-01 09:00:00+00:00,9778.191367960784
2026-04-01 10:00:00+00:00,9778.191367960784
2026-04-01 11:00:00+00:00,9778.191367960784
2026-04-01 12:00:00+00:00,9778.191367960784
2026-04-01 13:00:00+00:00,9778.191367960784
2026-04-01 14:00:00+00:00,9778.191367960784
2026-04-01 15:00:00+00:00,9778.191367960784
2026-04-01 16:00:00+00:00,9778.191367960784
2026-04-01 17:00:00+00:00,9778.191367960784
2026-04-01 18:00:00+00:00,9778.191367960784
2026-04-01 19:00:00+00:00,9778.191367960784
2026-04-01 20:00:00+00:00,9778.191367960784
2026-04-01 21:00:00+00:00,9778.191367960784
2026-04-01 22:00:00+00:00,9778.191367960784
2026-04-01 23:00:00+00:00,9778.191367960784
2026-04-02 00:00:00+00:00,9778.191367960784
2026-04-02 01:00:00+00:00,9778.191367960784
2026-04-02 02:00:00+00:00,9778.191367960784
2026-04-02 03:00:00+00:00,9778.191367960784
2026-04-02 04:00:00+00:00,9778.191367960784
2026-04-02 05:00:00+00:00,9778.191367960784
2026-04-02 06:00:00+00:00,9778.191367960784
2026-04-02 07:00:00+00:00,9778.191367960784
2026-04-02 08:00:00+00:00,9778.191367960784
2026-04-02 09:00:00+00:00,9778.191367960784
2026-04-02 10:00:00+00:00,9778.191367960784
2026-04-02 11:00:00+00:00,9778.191367960784
2026-04-02 12:00:00+00:00,9778.191367960784
2026-04-02 13:00:00+00:00,9778.191367960784
2026-04-02 14:00:00+00:00,9778.191367960784
2026-04-02 15:00:00+00:00,9778.191367960784
2026-04-02 16:00:00+00:00,9778.191367960784
2026-04-02 17:00:00+00:00,9778.191367960784
2026-04-02 18:00:00+00:00,9778.191367960784
2026-04-02 19:00:00+00:00,9778.191367960784
2026-04-02 20:00:00+00:00,9778.191367960784
2026-04-02 21:00:00+00:00,9778.191367960784
2026-04-02 22:00:00+00:00,9778.191367960784
2026-04-02 23:00:00+00:00,9778.191367960784
2026-04-03 00:00:00+00:00,9778.191367960784
2026-04-03 01:00:00+00:00,9778.191367960784
2026-04-03 02:00:00+00:00,9778.191367960784
2026-04-03 03:00:00+00:00,9778.191367960784
2026-04-03 04:00:00+00:00,9778.191367960784
2026-04-03 05:00:00+00:00,9778.191367960784
2026-04-03 06:00:00+00:00,9778.191367960784
2026-04-03 07:00:00+00:00,9778.191367960784
2026-04-03 08:00:00+00:00,9778.191367960784
2026-04-03 09:00:00+00:00,9778.191367960784
2026-04-03 10:00:00+00:00,9778.191367960784
2026-04-03 11:00:00+00:00,9778.191367960784
2026-04-03 12:00:00+00:00,9778.191367960784
2026-04-03 13:00:00+00:00,9778.191367960784
2026-04-03 14:00:00+00:00,9778.191367960784
2026-04-03 15:00:00+00:00,9778.191367960784
2026-04-03 16:00:00+00:00,9778.191367960784
2026-04-03 17:00:00+00:00,9778.191367960784
2026-04-03 18:00:00+00:00,9778.191367960784
2026-04-03 19:00:00+00:00,9778.191367960784
2026-04-03 20:00:00+00:00,9778.191367960784
2026-04-03 21:00:00+00:00,9778.191367960784
2026-04-03 22:00:00+00:00,9778.191367960784
2026-04-03 23:00:00+00:00,9778.191367960784
2026-04-04 00:00:00+00:00,9778.191367960784
2026-04-04 01:00:00+00:00,9778.191367960784
2026-04-04 02:00:00+00:00,9778.191367960784
2026-04-04 03:00:00+00:00,9778.191367960784
2026-04-04 04:00:00+00:00,9778.191367960784
2026-04-04 05:00:00+00:00,9778.191367960784
2026-04-04 06:00:00+00:00,9778.191367960784
2026-04-04 07:00:00+00:00,9778.191367960784
2026-04-04 08:00:00+00:00,9778.191367960784
2026-04-04 09:00:00+00:00,9778.191367960784
2026-04-04 10:00:00+00:00,9778.191367960784
2026-04-04 11:00:00+00:00,9778.191367960784
2026-04-04 12:00:00+00:00,9778.191367960784
2026-04-04 13:00:00+00:00,9778.191367960784
2026-04-04 14:00:00+00:00,9778.191367960784
2026-04-04 15:00:00+00:00,9778.191367960784
2026-04-04 16:00:00+00:00,9778.191367960784
2026-04-04 17:00:00+00:00,9778.191367960784
2026-04-04 18:00:00+00:00,9778.191367960784
2026-04-04 19:00:00+00:00,9778.191367960784
2026-04-04 20:00:00+00:00,9778.191367960784
2026-04-04 21:00:00+00:00,9778.191367960784
2026-04-04 22:00:00+00:00,9778.191367960784
2026-04-04 23:00:00+00:00,9778.191367960784
2026-04-05 00:00:00+00:00,9778.191367960784
2026-04-05 01:00:00+00:00,9778.191367960784
2026-04-05 02:00:00+00:00,9778.191367960784
2026-04-05 03:00:00+00:00,9778.191367960784
2026-04-05 04:00:00+00:00,9778.191367960784
2026-04-05 05:00:00+00:00,9778.191367960784
2026-04-05 06:00:00+00:00,9778.191367960784
2026-04-05 07:00:00+00:00,9778.191367960784
2026-04-05 08:00:00+00:00,9778.191367960784
2026-04-05 09:00:00+00:00,9778.191367960784
2026-04-05 10:00:00+00:00,9778.191367960784
2026-04-05 11:00:00+00:00,9778.191367960784
2026-04-05 12:00:00+00:00,9778.191367960784
2026-04-05 13:00:00+00:00,9778.191367960784
2026-04-05 14:00:00+00:00,9778.191367960784
2026-04-05 15:00:00+00:00,9778.191367960784
2026-04-05 16:00:00+00:00,9778.191367960784
2026-04-05 17:00:00+00:00,9778.191367960784
2026-04-05 18:00:00+00:00,9778.191367960784
2026-04-05 19:00:00+00:00,9778.191367960784
2026-04-05 20:00:00+00:00,9778.191367960784
2026-04-05 21:00:00+00:00,9778.191367960784
2026-04-05 22:00:00+00:00,9778.191367960784
2026-04-05 23:00:00+00:00,9778.191367960784
2026-04-06 00:00:00+00:00,9778.191367960784
2026-04-06 01:00:00+00:00,9778.191367960784
2026-04-06 02:00:00+00:00,9778.191367960784
2026-04-06 03:00:00+00:00,9778.191367960784
2026-04-06 04:00:00+00:00,9778.191367960784
2026-04-06 05:00:00+00:00,9778.191367960784
2026-04-06 06:00:00+00:00,9778.191367960784
2026-04-06 07:00:00+00:00,9778.191367960784
2026-04-06 08:00:00+00:00,9778.191367960784
2026-04-06 09:00:00+00:00,9778.191367960784
2026-04-06 10:00:00+00:00,9778.191367960784
2026-04-06 11:00:00+00:00,9776.767677998803
2026-04-06 12:00:00+00:00,9759.453677998803
2026-04-06 13:00:00+00:00,9732.723677998803
2026-04-06 14:00:00+00:00,9738.839677998803
2026-04-06 15:00:00+00:00,9762.335677998803
2026-04-06 16:00:00+00:00,9795.808677998804
2026-04-06 17:00:00+00:00,9776.260597145634
2026-04-06 18:00:00+00:00,9752.148597145633
2026-04-06 19:00:00+00:00,9787.238597145633
2026-04-06 20:00:00+00:00,9770.727597145635
2026-04-06 21:00:00+00:00,9779.791597145633
2026-04-06 22:00:00+00:00,9745.779597145634
2026-04-06 23:00:00+00:00,9698.795855491328
2026-04-07 00:00:00+00:00,9698.795855491328
2026-04-07 01:00:00+00:00,9698.795855491328
2026-04-07 02:00:00+00:00,9698.795855491328
2026-04-07 03:00:00+00:00,9698.795855491328
2026-04-07 04:00:00+00:00,9698.795855491328
2026-04-07 05:00:00+00:00,9698.795855491328
2026-04-07 06:00:00+00:00,9698.795855491328
2026-04-07 07:00:00+00:00,9698.795855491328
2026-04-07 08:00:00+00:00,9698.795855491328
2026-04-07 09:00:00+00:00,9698.795855491328
2026-04-07 10:00:00+00:00,9698.795855491328
2026-04-07 11:00:00+00:00,9698.795855491328
2026-04-07 12:00:00+00:00,9698.795855491328
2026-04-07 13:00:00+00:00,9698.795855491328
2026-04-07 14:00:00+00:00,9698.795855491328
2026-04-07 15:00:00+00:00,9698.795855491328
2026-04-07 16:00:00+00:00,9698.795855491328
2026-04-07 17:00:00+00:00,9698.795855491328
2026-04-07 18:00:00+00:00,9698.795855491328
2026-04-07 19:00:00+00:00,9698.795855491328
2026-04-07 20:00:00+00:00,9698.795855491328
2026-04-07 21:00:00+00:00,9698.795855491328
2026-04-07 22:00:00+00:00,9698.795855491328
2026-04-07 23:00:00+00:00,9698.795855491328
2026-04-08 00:00:00+00:00,9726.251314058607
2026-04-08 01:00:00+00:00,9709.966689891016
2026-04-08 02:00:00+00:00,9692.608289891017
2026-04-08 03:00:00+00:00,9683.670689891016
2026-04-08 04:00:00+00:00,9678.358289891017
2026-04-08 05:00:00+00:00,9698.984689891016
2026-04-08 06:00:00+00:00,9711.410689891016
2026-04-08 07:00:00+00:00,9711.783089891016
2026-04-08 08:00:00+00:00,9704.509889891016
2026-04-08 09:00:00+00:00,9716.566345971016
2026-04-08 10:00:00+00:00,9707.598345971017
2026-04-08 11:00:00+00:00,9691.668745971016
2026-04-08 12:00:00+00:00,9706.785145971016
2026-04-08 13:00:00+00:00,9735.277545971016
2026-04-08 14:00:00+00:00,9699.648745971015
2026-04-08 15:00:00+00:00,9655.89269133168
2026-04-08 16:00:00+00:00,9655.89269133168
2026-04-08 17:00:00+00:00,9655.89269133168
2026-04-08 18:00:00+00:00,9655.89269133168
2026-04-08 19:00:00+00:00,9655.89269133168
2026-04-08 20:00:00+00:00,9655.89269133168
2026-04-08 21:00:00+00:00,9655.89269133168
2026-04-08 22:00:00+00:00,9655.89269133168
2026-04-08 23:00:00+00:00,9655.89269133168
2026-04-09 00:00:00+00:00,9655.89269133168
2026-04-09 01:00:00+00:00,9655.89269133168
2026-04-09 02:00:00+00:00,9655.89269133168
2026-04-09 03:00:00+00:00,9655.89269133168
2026-04-09 04:00:00+00:00,9655.89269133168
2026-04-09 05:00:00+00:00,9655.89269133168
2026-04-09 06:00:00+00:00,9655.89269133168
2026-04-09 07:00:00+00:00,9655.89269133168
2026-04-09 08:00:00+00:00,9655.89269133168
2026-04-09 09:00:00+00:00,9655.89269133168
2026-04-09 10:00:00+00:00,9655.89269133168
2026-04-09 11:00:00+00:00,9655.89269133168
2026-04-09 12:00:00+00:00,9655.89269133168
2026-04-09 13:00:00+00:00,9655.89269133168
2026-04-09 14:00:00+00:00,9655.89269133168
2026-04-09 15:00:00+00:00,9655.89269133168
2026-04-09 16:00:00+00:00,9655.89269133168
2026-04-09 17:00:00+00:00,9655.89269133168
2026-04-09 18:00:00+00:00,9655.89269133168
2026-04-09 19:00:00+00:00,9655.89269133168
2026-04-09 20:00:00+00:00,9655.89269133168
2026-04-09 21:00:00+00:00,9655.89269133168
2026-04-09 22:00:00+00:00,9655.89269133168
2026-04-09 23:00:00+00:00,9655.89269133168
2026-04-10 00:00:00+00:00,9655.89269133168
2026-04-10 01:00:00+00:00,9655.89269133168
2026-04-10 02:00:00+00:00,9655.89269133168
2026-04-10 03:00:00+00:00,9655.89269133168
2026-04-10 04:00:00+00:00,9655.89269133168
2026-04-10 05:00:00+00:00,9655.89269133168
2026-04-10 06:00:00+00:00,9655.89269133168
2026-04-10 07:00:00+00:00,9655.89269133168
2026-04-10 08:00:00+00:00,9655.89269133168
2026-04-10 09:00:00+00:00,9655.89269133168
2026-04-10 10:00:00+00:00,9655.89269133168
2026-04-10 11:00:00+00:00,9655.89269133168
2026-04-10 12:00:00+00:00,9655.89269133168
2026-04-10 13:00:00+00:00,9655.89269133168
2026-04-10 14:00:00+00:00,9655.89269133168
2026-04-10 15:00:00+00:00,9655.89269133168
2026-04-10 16:00:00+00:00,9655.89269133168
2026-04-10 17:00:00+00:00,9655.89269133168
2026-04-10 18:00:00+00:00,9655.89269133168
2026-04-10 19:00:00+00:00,9655.89269133168
2026-04-10 20:00:00+00:00,9655.89269133168
2026-04-10 21:00:00+00:00,9655.89269133168
2026-04-10 22:00:00+00:00,9635.481175858788
2026-04-10 23:00:00+00:00,9606.160975858787
2026-04-11 00:00:00+00:00,9613.895975858788
2026-04-11 01:00:00+00:00,9602.381679670745
2026-04-11 02:00:00+00:00,9614.056979670746
2026-04-11 03:00:00+00:00,9614.175279670746
2026-04-11 04:00:00+00:00,9605.812379670746
2026-04-11 05:00:00+00:00,9600.734579670747
2026-04-11 06:00:00+00:00,9593.026879670746
2026-04-11 07:00:00+00:00,9596.894379670744
2026-04-11 08:00:00+00:00,9595.147179670745
2026-04-11 09:00:00+00:00,9587.248545247436
2026-04-11 10:00:00+00:00,9608.988445247436
2026-04-11 11:00:00+00:00,9603.164445247436
2026-04-11 12:00:00+00:00,9609.771045247437
2026-04-11 13:00:00+00:00,9611.245245247435
2026-04-11 14:00:00+00:00,9586.502345247436
2026-04-11 15:00:00+00:00,9590.251545247436
2026-04-11 16:00:00+00:00,9604.565845247436
2026-04-11 17:00:00+00:00,9620.015022154737
2026-04-11 18:00:00+00:00,9625.465922154739
2026-04-11 19:00:00+00:00,9667.962922154738
2026-04-11 20:00:00+00:00,9680.002222154739
2026-04-11 21:00:00+00:00,9644.98542215474
2026-04-11 22:00:00+00:00,9656.951922154738
2026-04-11 23:00:00+00:00,9651.018722154738
2026-04-12 00:00:00+00:00,9613.120033002015
2026-04-12 01:00:00+00:00,9613.120033002015
2026-04-12 02:00:00+00:00,9613.120033002015
2026-04-12 03:00:00+00:00,9613.120033002015
2026-04-12 04:00:00+00:00,9613.120033002015
2026-04-12 05:00:00+00:00,9613.120033002015
2026-04-12 06:00:00+00:00,9613.120033002015
2026-04-12 07:00:00+00:00,9613.120033002015
2026-04-12 08:00:00+00:00,9613.120033002015
2026-04-12 09:00:00+00:00,9613.120033002015
2026-04-12 10:00:00+00:00,9613.120033002015
2026-04-12 11:00:00+00:00,9613.120033002015
2026-04-12 12:00:00+00:00,9613.120033002015
2026-04-12 13:00:00+00:00,9613.120033002015
2026-04-12 14:00:00+00:00,9613.120033002015
2026-04-12 15:00:00+00:00,9613.120033002015
2026-04-12 16:00:00+00:00,9613.120033002015
2026-04-12 17:00:00+00:00,9613.120033002015
2026-04-12 18:00:00+00:00,9613.120033002015
2026-04-12 19:00:00+00:00,9613.120033002015
2026-04-12 20:00:00+00:00,9613.120033002015
2026-04-12 21:00:00+00:00,9613.120033002015
2026-04-12 22:00:00+00:00,9613.120033002015
2026-04-12 23:00:00+00:00,9613.120033002015
2026-04-13 00:00:00+00:00,9613.120033002015
2026-04-13 01:00:00+00:00,9613.120033002015
2026-04-13 02:00:00+00:00,9613.120033002015
2026-04-13 03:00:00+00:00,9613.120033002015
2026-04-13 04:00:00+00:00,9613.120033002015
2026-04-13 05:00:00+00:00,9613.120033002015
2026-04-13 06:00:00+00:00,9613.120033002015
2026-04-13 07:00:00+00:00,9613.120033002015
2026-04-13 08:00:00+00:00,9613.120033002015
2026-04-13 09:00:00+00:00,9613.120033002015
2026-04-13 10:00:00+00:00,9613.120033002015
2026-04-13 11:00:00+00:00,9613.120033002015
2026-04-13 12:00:00+00:00,9613.120033002015
2026-04-13 13:00:00+00:00,9613.120033002015
2026-04-13 14:00:00+00:00,9613.120033002015
2026-04-13 15:00:00+00:00,9613.120033002015
2026-04-13 16:00:00+00:00,9613.120033002015
2026-04-13 17:00:00+00:00,9613.120033002015
2026-04-13 18:00:00+00:00,9613.120033002015
2026-04-13 19:00:00+00:00,9613.120033002015
2026-04-13 20:00:00+00:00,9613.120033002015
2026-04-13 21:00:00+00:00,9613.120033002015
2026-04-13 22:00:00+00:00,9613.120033002015
2026-04-13 23:00:00+00:00,9613.120033002015
2026-04-14 00:00:00+00:00,9591.059182864143
2026-04-14 01:00:00+00:00,9571.130475653605
2026-04-14 02:00:00+00:00,9588.407775653604
2026-04-14 03:00:00+00:00,9584.544675653604
2026-04-14 04:00:00+00:00,9593.274175653605
2026-04-14 05:00:00+00:00,9588.850175653604
2026-04-14 06:00:00+00:00,9575.119975653606
2026-04-14 07:00:00+00:00,9599.001675653604
2026-04-14 08:00:00+00:00,9601.142575653605
2026-04-14 09:00:00+00:00,9616.469861595782
2026-04-14 10:00:00+00:00,9596.719861595782
2026-04-14 11:00:00+00:00,9584.861961595781
2026-04-14 12:00:00+00:00,9587.382061595783
2026-04-14 13:00:00+00:00,9593.204361595783
2026-04-14 14:00:00+00:00,9675.735661595781
2026-04-14 15:00:00+00:00,9636.354161595782
2026-04-14 16:00:00+00:00,9596.710583371721
2026-04-14 17:00:00+00:00,9596.710583371721
2026-04-14 18:00:00+00:00,9596.710583371721
2026-04-14 19:00:00+00:00,9596.710583371721
2026-04-14 20:00:00+00:00,9596.710583371721
2026-04-14 21:00:00+00:00,9596.710583371721
2026-04-14 22:00:00+00:00,9596.710583371721
2026-04-14 23:00:00+00:00,9596.710583371721
2026-04-15 00:00:00+00:00,9596.710583371721
2026-04-15 01:00:00+00:00,9596.710583371721
2026-04-15 02:00:00+00:00,9596.710583371721
2026-04-15 03:00:00+00:00,9596.710583371721
2026-04-15 04:00:00+00:00,9596.710583371721
2026-04-15 05:00:00+00:00,9596.710583371721
2026-04-15 06:00:00+00:00,9596.710583371721
2026-04-15 07:00:00+00:00,9596.710583371721
2026-04-15 08:00:00+00:00,9596.710583371721
2026-04-15 09:00:00+00:00,9596.710583371721
2026-04-15 10:00:00+00:00,9596.710583371721
2026-04-15 11:00:00+00:00,9596.710583371721
2026-04-15 12:00:00+00:00,9596.710583371721
2026-04-15 13:00:00+00:00,9596.710583371721
2026-04-15 14:00:00+00:00,9596.710583371721
2026-04-15 15:00:00+00:00,9596.710583371721
2026-04-15 16:00:00+00:00,9596.710583371721
2026-04-15 17:00:00+00:00,9596.710583371721
2026-04-15 18:00:00+00:00,9596.710583371721
2026-04-15 19:00:00+00:00,9596.710583371721
2026-04-15 20:00:00+00:00,9596.710583371721
2026-04-15 21:00:00+00:00,9596.710583371721
2026-04-15 22:00:00+00:00,9596.710583371721
2026-04-15 23:00:00+00:00,9596.710583371721
2026-04-16 00:00:00+00:00,9596.710583371721
2026-04-16 01:00:00+00:00,9596.710583371721
2026-04-16 02:00:00+00:00,9596.710583371721
2026-04-16 03:00:00+00:00,9596.710583371721
2026-04-16 04:00:00+00:00,9596.710583371721
2026-04-16 05:00:00+00:00,9596.710583371721
2026-04-16 06:00:00+00:00,9596.710583371721
2026-04-16 07:00:00+00:00,9596.710583371721
2026-04-16 08:00:00+00:00,9596.710583371721
2026-04-16 09:00:00+00:00,9596.710583371721
2026-04-16 10:00:00+00:00,9596.710583371721
2026-04-16 11:00:00+00:00,9596.710583371721
2026-04-16 12:00:00+00:00,9596.710583371721
2026-04-16 13:00:00+00:00,9596.710583371721
2026-04-16 14:00:00+00:00,9596.710583371721
2026-04-16 15:00:00+00:00,9596.710583371721
2026-04-16 16:00:00+00:00,9596.710583371721
2026-04-16 17:00:00+00:00,9596.710583371721
2026-04-16 18:00:00+00:00,9596.710583371721
2026-04-16 19:00:00+00:00,9596.710583371721
2026-04-16 20:00:00+00:00,9596.710583371721
2026-04-16 21:00:00+00:00,9596.710583371721
2026-04-16 22:00:00+00:00,9596.710583371721
2026-04-16 23:00:00+00:00,9596.710583371721
2026-04-17 00:00:00+00:00,9596.710583371721
2026-04-17 01:00:00+00:00,9596.710583371721
2026-04-17 02:00:00+00:00,9596.710583371721
2026-04-17 03:00:00+00:00,9596.710583371721
2026-04-17 04:00:00+00:00,9596.710583371721
2026-04-17 05:00:00+00:00,9596.710583371721
2026-04-17 06:00:00+00:00,9596.710583371721
2026-04-17 07:00:00+00:00,9596.710583371721
2026-04-17 08:00:00+00:00,9596.710583371721
2026-04-17 09:00:00+00:00,9596.710583371721
2026-04-17 10:00:00+00:00,9596.710583371721
2026-04-17 11:00:00+00:00,9596.710583371721
2026-04-17 12:00:00+00:00,9596.710583371721
2026-04-17 13:00:00+00:00,9596.710583371721
2026-04-17 14:00:00+00:00,9596.710583371721
2026-04-17 15:00:00+00:00,9633.256028925109
2026-04-17 16:00:00+00:00,9625.248028925109
2026-04-17 17:00:00+00:00,9632.383070862947
2026-04-17 18:00:00+00:00,9606.349370862947
2026-04-17 19:00:00+00:00,9578.752570862947
2026-04-17 20:00:00+00:00,9596.085270862948
2026-04-17 21:00:00+00:00,9591.326670862947
2026-04-17 22:00:00+00:00,9599.904470862946
2026-04-17 23:00:00+00:00,9588.801070862948
2026-04-18 00:00:00+00:00,9571.329770862947
2026-04-18 01:00:00+00:00,9579.070830788887
2026-04-18 02:00:00+00:00,9582.481930788887
2026-04-18 03:00:00+00:00,9587.486930788888
2026-04-18 04:00:00+00:00,9566.827830788887
2026-04-18 05:00:00+00:00,9574.296830788888
2026-04-18 06:00:00+00:00,9575.421030788888
2026-04-18 07:00:00+00:00,9576.006230788887
2026-04-18 08:00:00+00:00,9566.373530788887
2026-04-18 09:00:00+00:00,9532.939588966807
2026-04-18 10:00:00+00:00,9532.939588966807
2026-04-18 11:00:00+00:00,9532.939588966807
2026-04-18 12:00:00+00:00,9532.939588966807
2026-04-18 13:00:00+00:00,9532.939588966807
2026-04-18 14:00:00+00:00,9532.939588966807
2026-04-18 15:00:00+00:00,9532.939588966807
2026-04-18 16:00:00+00:00,9532.939588966807
2026-04-18 17:00:00+00:00,9532.939588966807
2026-04-18 18:00:00+00:00,9532.939588966807
2026-04-18 19:00:00+00:00,9532.939588966807
2026-04-18 20:00:00+00:00,9532.939588966807
2026-04-18 21:00:00+00:00,9532.939588966807
2026-04-18 22:00:00+00:00,9532.939588966807
2026-04-18 23:00:00+00:00,9532.939588966807
2026-04-19 00:00:00+00:00,9532.939588966807
2026-04-19 01:00:00+00:00,9532.939588966807
2026-04-19 02:00:00+00:00,9532.939588966807
2026-04-19 03:00:00+00:00,9532.939588966807
2026-04-19 04:00:00+00:00,9532.939588966807
2026-04-19 05:00:00+00:00,9532.939588966807
2026-04-19 06:00:00+00:00,9532.939588966807
2026-04-19 07:00:00+00:00,9532.939588966807
2026-04-19 08:00:00+00:00,9532.939588966807
2026-04-19 09:00:00+00:00,9532.939588966807
2026-04-19 10:00:00+00:00,9532.939588966807
2026-04-19 11:00:00+00:00,9532.939588966807
2026-04-19 12:00:00+00:00,9532.939588966807
2026-04-19 13:00:00+00:00,9532.939588966807
2026-04-19 14:00:00+00:00,9532.939588966807
2026-04-19 15:00:00+00:00,9532.939588966807
2026-04-19 16:00:00+00:00,9532.939588966807
2026-04-19 17:00:00+00:00,9532.939588966807
2026-04-19 18:00:00+00:00,9532.939588966807
2026-04-19 19:00:00+00:00,9532.939588966807
2026-04-19 20:00:00+00:00,9532.939588966807
2026-04-19 21:00:00+00:00,9532.939588966807
2026-04-19 22:00:00+00:00,9532.939588966807
2026-04-19 23:00:00+00:00,9532.939588966807
2026-04-20 00:00:00+00:00,9532.939588966807
2026-04-20 01:00:00+00:00,9532.939588966807
2026-04-20 02:00:00+00:00,9532.939588966807
2026-04-20 03:00:00+00:00,9532.939588966807
2026-04-20 04:00:00+00:00,9532.939588966807
2026-04-20 05:00:00+00:00,9532.939588966807
2026-04-20 06:00:00+00:00,9532.939588966807
2026-04-20 07:00:00+00:00,9532.939588966807
2026-04-20 08:00:00+00:00,9532.939588966807
2026-04-20 09:00:00+00:00,9532.939588966807
2026-04-20 10:00:00+00:00,9532.939588966807
2026-04-20 11:00:00+00:00,9532.939588966807
2026-04-20 12:00:00+00:00,9532.939588966807
2026-04-20 13:00:00+00:00,9532.939588966807
2026-04-20 14:00:00+00:00,9532.939588966807
2026-04-20 15:00:00+00:00,9532.939588966807
2026-04-20 16:00:00+00:00,9532.939588966807
2026-04-20 17:00:00+00:00,9532.939588966807
2026-04-20 18:00:00+00:00,9532.939588966807
2026-04-20 19:00:00+00:00,9532.939588966807
2026-04-20 20:00:00+00:00,9532.939588966807
2026-04-20 21:00:00+00:00,9532.939588966807
2026-04-20 22:00:00+00:00,9532.939588966807
2026-04-20 23:00:00+00:00,9532.939588966807
2026-04-21 00:00:00+00:00,9532.939588966807
2026-04-21 01:00:00+00:00,9532.939588966807
2026-04-21 02:00:00+00:00,9532.939588966807
2026-04-21 03:00:00+00:00,9532.939588966807
2026-04-21 04:00:00+00:00,9532.939588966807
2026-04-21 05:00:00+00:00,9532.939588966807
2026-04-21 06:00:00+00:00,9532.939588966807
2026-04-21 07:00:00+00:00,9532.939588966807
2026-04-21 08:00:00+00:00,9532.939588966807
2026-04-21 09:00:00+00:00,9532.939588966807
2026-04-21 10:00:00+00:00,9532.939588966807
2026-04-21 11:00:00+00:00,9532.939588966807
2026-04-21 12:00:00+00:00,9532.939588966807
2026-04-21 13:00:00+00:00,9532.939588966807
2026-04-21 14:00:00+00:00,9532.939588966807
2026-04-21 15:00:00+00:00,9532.939588966807
2026-04-21 16:00:00+00:00,9532.939588966807
2026-04-21 17:00:00+00:00,9532.939588966807
2026-04-21 18:00:00+00:00,9532.939588966807
2026-04-21 19:00:00+00:00,9532.939588966807
2026-04-21 20:00:00+00:00,9532.939588966807
2026-04-21 21:00:00+00:00,9532.939588966807
2026-04-21 22:00:00+00:00,9532.939588966807
2026-04-21 23:00:00+00:00,9532.939588966807
2026-04-22 00:00:00+00:00,9532.939588966807
2026-04-22 01:00:00+00:00,9532.939588966807
2026-04-22 02:00:00+00:00,9532.939588966807
2026-04-22 03:00:00+00:00,9532.939588966807
2026-04-22 04:00:00+00:00,9532.939588966807
2026-04-22 05:00:00+00:00,9532.939588966807
2026-04-22 06:00:00+00:00,9532.939588966807
2026-04-22 07:00:00+00:00,9532.939588966807
2026-04-22 08:00:00+00:00,9532.939588966807
2026-04-22 09:00:00+00:00,9532.939588966807
2026-04-22 10:00:00+00:00,9532.939588966807
2026-04-22 11:00:00+00:00,9532.939588966807
2026-04-22 12:00:00+00:00,9532.939588966807
2026-04-22 13:00:00+00:00,9532.939588966807
2026-04-22 14:00:00+00:00,9532.939588966807
2026-04-22 15:00:00+00:00,9546.005200477213
2026-04-22 16:00:00+00:00,9567.144500477214
2026-04-22 17:00:00+00:00,9519.182670647284
2026-04-22 18:00:00+00:00,9533.278570647284
2026-04-22 19:00:00+00:00,9544.717270647285
2026-04-22 20:00:00+00:00,9527.827670647284
2026-04-22 21:00:00+00:00,9491.937270647284
2026-04-22 22:00:00+00:00,9520.265570647285
2026-04-22 23:00:00+00:00,9505.687370647285
2026-04-23 00:00:00+00:00,9468.64456921592
2026-04-23 01:00:00+00:00,9468.64456921592
2026-04-23 02:00:00+00:00,9468.64456921592
2026-04-23 03:00:00+00:00,9468.64456921592
2026-04-23 04:00:00+00:00,9468.64456921592
2026-04-23 05:00:00+00:00,9468.64456921592
2026-04-23 06:00:00+00:00,9468.64456921592
2026-04-23 07:00:00+00:00,9468.64456921592
2026-04-23 08:00:00+00:00,9468.64456921592
2026-04-23 09:00:00+00:00,9468.64456921592
2026-04-23 10:00:00+00:00,9468.64456921592
2026-04-23 11:00:00+00:00,9468.64456921592
2026-04-23 12:00:00+00:00,9468.64456921592
2026-04-23 13:00:00+00:00,9468.64456921592
2026-04-23 14:00:00+00:00,9468.64456921592
2026-04-23 15:00:00+00:00,9468.64456921592
2026-04-23 16:00:00+00:00,9468.64456921592
2026-04-23 17:00:00+00:00,9468.64456921592
2026-04-23 18:00:00+00:00,9468.64456921592
2026-04-23 19:00:00+00:00,9468.64456921592
2026-04-23 20:00:00+00:00,9468.64456921592
2026-04-23 21:00:00+00:00,9468.64456921592
2026-04-23 22:00:00+00:00,9468.64456921592
2026-04-23 23:00:00+00:00,9468.64456921592
2026-04-24 00:00:00+00:00,9468.64456921592
2026-04-24 01:00:00+00:00,9468.64456921592
2026-04-24 02:00:00+00:00,9468.64456921592
2026-04-24 03:00:00+00:00,9468.64456921592
2026-04-24 04:00:00+00:00,9468.64456921592
2026-04-24 05:00:00+00:00,9468.64456921592
2026-04-24 06:00:00+00:00,9468.64456921592
2026-04-24 07:00:00+00:00,9468.64456921592
2026-04-24 08:00:00+00:00,9468.64456921592
2026-04-24 09:00:00+00:00,9468.64456921592
2026-04-24 10:00:00+00:00,9468.64456921592
2026-04-24 11:00:00+00:00,9468.64456921592
2026-04-24 12:00:00+00:00,9468.64456921592
2026-04-24 13:00:00+00:00,9468.64456921592
2026-04-24 14:00:00+00:00,9468.64456921592
2026-04-24 15:00:00+00:00,9468.64456921592
2026-04-24 16:00:00+00:00,9468.64456921592
2026-04-24 17:00:00+00:00,9468.64456921592
2026-04-24 18:00:00+00:00,9468.64456921592
2026-04-24 19:00:00+00:00,9468.64456921592
2026-04-24 20:00:00+00:00,9468.64456921592
2026-04-24 21:00:00+00:00,9468.64456921592
2026-04-24 22:00:00+00:00,9468.64456921592
2026-04-24 23:00:00+00:00,9468.64456921592
2026-04-25 00:00:00+00:00,9468.64456921592
2026-04-25 01:00:00+00:00,9468.64456921592
2026-04-25 02:00:00+00:00,9468.64456921592
2026-04-25 03:00:00+00:00,9468.64456921592
2026-04-25 04:00:00+00:00,9468.64456921592
2026-04-25 05:00:00+00:00,9468.64456921592
2026-04-25 06:00:00+00:00,9468.64456921592
2026-04-25 07:00:00+00:00,9468.64456921592
2026-04-25 08:00:00+00:00,9468.64456921592
2026-04-25 09:00:00+00:00,9468.64456921592
2026-04-25 10:00:00+00:00,9468.64456921592
2026-04-25 11:00:00+00:00,9468.64456921592
2026-04-25 12:00:00+00:00,9468.64456921592
2026-04-25 13:00:00+00:00,9468.64456921592
2026-04-25 14:00:00+00:00,9468.64456921592
2026-04-25 15:00:00+00:00,9468.64456921592
2026-04-25 16:00:00+00:00,9468.64456921592
2026-04-25 17:00:00+00:00,9468.64456921592
2026-04-25 18:00:00+00:00,9468.64456921592
2026-04-25 19:00:00+00:00,9468.64456921592
2026-04-25 20:00:00+00:00,9468.64456921592
2026-04-25 21:00:00+00:00,9468.64456921592
2026-04-25 22:00:00+00:00,9468.64456921592
2026-04-25 23:00:00+00:00,9468.64456921592
2026-04-26 00:00:00+00:00,9468.64456921592
2026-04-26 01:00:00+00:00,9468.64456921592
2026-04-26 02:00:00+00:00,9468.64456921592
2026-04-26 03:00:00+00:00,9468.64456921592
2026-04-26 04:00:00+00:00,9468.64456921592
2026-04-26 05:00:00+00:00,9468.64456921592
2026-04-26 06:00:00+00:00,9468.64456921592
2026-04-26 07:00:00+00:00,9468.64456921592
2026-04-26 08:00:00+00:00,9468.64456921592
2026-04-26 09:00:00+00:00,9468.64456921592
2026-04-26 10:00:00+00:00,9468.64456921592
2026-04-26 11:00:00+00:00,9468.64456921592
2026-04-26 12:00:00+00:00,9468.64456921592
2026-04-26 13:00:00+00:00,9468.64456921592
2026-04-26 14:00:00+00:00,9468.64456921592
2026-04-26 15:00:00+00:00,9468.64456921592
2026-04-26 16:00:00+00:00,9468.64456921592
2026-04-26 17:00:00+00:00,9468.64456921592
2026-04-26 18:00:00+00:00,9468.64456921592
2026-04-26 19:00:00+00:00,9468.64456921592
2026-04-26 20:00:00+00:00,9468.64456921592
2026-04-26 21:00:00+00:00,9468.64456921592
2026-04-26 22:00:00+00:00,9468.64456921592
2026-04-26 23:00:00+00:00,9468.64456921592
2026-04-27 00:00:00+00:00,9468.64456921592
2026-04-27 01:00:00+00:00,9468.64456921592
2026-04-27 02:00:00+00:00,9468.64456921592
2026-04-27 03:00:00+00:00,9468.64456921592
2026-04-27 04:00:00+00:00,9468.64456921592
2026-04-27 05:00:00+00:00,9468.64456921592
2026-04-27 06:00:00+00:00,9468.64456921592
2026-04-27 07:00:00+00:00,9468.64456921592
2026-04-27 08:00:00+00:00,9468.64456921592
2026-04-27 09:00:00+00:00,9468.64456921592
2026-04-27 10:00:00+00:00,9468.64456921592
2026-04-27 11:00:00+00:00,9468.64456921592
2026-04-27 12:00:00+00:00,9468.64456921592
2026-04-27 13:00:00+00:00,9468.64456921592
2026-04-27 14:00:00+00:00,9468.64456921592
2026-04-27 15:00:00+00:00,9468.64456921592
2026-04-27 16:00:00+00:00,9468.64456921592
2026-04-27 17:00:00+00:00,9468.64456921592
2026-04-27 18:00:00+00:00,9468.64456921592
2026-04-27 19:00:00+00:00,9468.64456921592
2026-04-27 20:00:00+00:00,9468.64456921592
2026-04-27 21:00:00+00:00,9468.64456921592
2026-04-27 22:00:00+00:00,9468.64456921592
2026-04-27 23:00:00+00:00,9468.64456921592
2026-04-28 00:00:00+00:00,9468.64456921592
2026-04-28 01:00:00+00:00,9468.64456921592
2026-04-28 02:00:00+00:00,9468.64456921592
2026-04-28 03:00:00+00:00,9468.64456921592
2026-04-28 04:00:00+00:00,9468.64456921592
2026-04-28 05:00:00+00:00,9468.64456921592
2026-04-28 06:00:00+00:00,9468.64456921592
2026-04-28 07:00:00+00:00,9468.64456921592
2026-04-28 08:00:00+00:00,9468.64456921592
2026-04-28 09:00:00+00:00,9468.64456921592
2026-04-28 10:00:00+00:00,9468.64456921592
2026-04-28 11:00:00+00:00,9468.64456921592
2026-04-28 12:00:00+00:00,9468.64456921592
2026-04-28 13:00:00+00:00,9468.64456921592
2026-04-28 14:00:00+00:00,9468.64456921592
2026-04-28 15:00:00+00:00,9468.64456921592
2026-04-28 16:00:00+00:00,9468.64456921592
2026-04-28 17:00:00+00:00,9468.64456921592
2026-04-28 18:00:00+00:00,9468.64456921592
2026-04-28 19:00:00+00:00,9468.64456921592
2026-04-28 20:00:00+00:00,9468.64456921592
2026-04-28 21:00:00+00:00,9468.64456921592
2026-04-28 22:00:00+00:00,9468.64456921592
2026-04-28 23:00:00+00:00,9468.64456921592
2026-04-29 00:00:00+00:00,9468.64456921592
2026-04-29 01:00:00+00:00,9468.64456921592
2026-04-29 02:00:00+00:00,9468.64456921592
2026-04-29 03:00:00+00:00,9468.64456921592
2026-04-29 04:00:00+00:00,9468.64456921592
2026-04-29 05:00:00+00:00,9468.64456921592
2026-04-29 06:00:00+00:00,9468.64456921592
2026-04-29 07:00:00+00:00,9468.64456921592
2026-04-29 08:00:00+00:00,9468.64456921592
2026-04-29 09:00:00+00:00,9468.64456921592
2026-04-29 10:00:00+00:00,9468.64456921592
2026-04-29 11:00:00+00:00,9468.64456921592
2026-04-29 12:00:00+00:00,9468.64456921592
2026-04-29 13:00:00+00:00,9468.64456921592
2026-04-29 14:00:00+00:00,9468.64456921592
2026-04-29 15:00:00+00:00,9468.64456921592
2026-04-29 16:00:00+00:00,9468.64456921592
2026-04-29 17:00:00+00:00,9468.64456921592
2026-04-29 18:00:00+00:00,9468.64456921592
2026-04-29 19:00:00+00:00,9468.64456921592
2026-04-29 20:00:00+00:00,9459.067259169737
2026-04-29 21:00:00+00:00,9448.049059169738
2026-04-29 22:00:00+00:00,9424.410659169736
2026-04-29 23:00:00+00:00,9425.727859169738
2026-04-30 00:00:00+00:00,9437.315659169737
2026-04-30 01:00:00+00:00,9396.728594097622
2026-04-30 02:00:00+00:00,9398.223794097621
2026-04-30 03:00:00+00:00,9444.841994097622
2026-04-30 04:00:00+00:00,9425.573494097622
2026-04-30 05:00:00+00:00,9463.38959409762
2026-04-30 06:00:00+00:00,9454.373894097622
2026-04-30 07:00:00+00:00,9440.79249409762
2026-04-30 08:00:00+00:00,9404.47159409762
2026-04-30 09:00:00+00:00,9413.637359223581
2026-04-30 10:00:00+00:00,9409.507759223581
2026-04-30 11:00:00+00:00,9415.435159223582
2026-04-30 12:00:00+00:00,9413.041059223582
2026-04-30 13:00:00+00:00,9392.544359223582
2026-04-30 14:00:00+00:00,9371.968165464881
2026-04-30 15:00:00+00:00,9371.968165464881
2026-04-30 16:00:00+00:00,9371.968165464881
2026-04-30 17:00:00+00:00,9371.968165464881
2026-04-30 18:00:00+00:00,9371.968165464881
2026-04-30 19:00:00+00:00,9371.968165464881
2026-04-30 20:00:00+00:00,9371.968165464881
2026-04-30 21:00:00+00:00,9371.968165464881
2026-04-30 22:00:00+00:00,9371.968165464881
2026-04-30 23:00:00+00:00,9371.968165464881
2026-05-01 00:00:00+00:00,9371.968165464881
2026-05-01 01:00:00+00:00,9371.968165464881
2026-05-01 02:00:00+00:00,9371.968165464881
2026-05-01 03:00:00+00:00,9371.968165464881
2026-05-01 04:00:00+00:00,9371.968165464881
2026-05-01 05:00:00+00:00,9371.968165464881
2026-05-01 06:00:00+00:00,9371.968165464881
2026-05-01 07:00:00+00:00,9371.968165464881
2026-05-01 08:00:00+00:00,9371.968165464881
2026-05-01 09:00:00+00:00,9371.968165464881
2026-05-01 10:00:00+00:00,9371.968165464881
2026-05-01 11:00:00+00:00,9371.968165464881
2026-05-01 12:00:00+00:00,9371.968165464881
2026-05-01 13:00:00+00:00,9371.968165464881
2026-05-01 14:00:00+00:00,9371.968165464881
2026-05-01 15:00:00+00:00,9371.968165464881
2026-05-01 16:00:00+00:00,9371.968165464881
2026-05-01 17:00:00+00:00,9371.968165464881
2026-05-01 18:00:00+00:00,9371.968165464881
2026-05-01 19:00:00+00:00,9371.968165464881
2026-05-01 20:00:00+00:00,9371.968165464881
2026-05-01 21:00:00+00:00,9371.968165464881
2026-05-01 22:00:00+00:00,9371.968165464881
2026-05-01 23:00:00+00:00,9371.968165464881
2026-05-02 00:00:00+00:00,9371.968165464881
2026-05-02 01:00:00+00:00,9371.968165464881
2026-05-02 02:00:00+00:00,9371.968165464881
2026-05-02 03:00:00+00:00,9371.968165464881
2026-05-02 04:00:00+00:00,9371.968165464881
2026-05-02 05:00:00+00:00,9371.968165464881
2026-05-02 06:00:00+00:00,9371.968165464881
2026-05-02 07:00:00+00:00,9371.968165464881
2026-05-02 08:00:00+00:00,9371.968165464881
2026-05-02 09:00:00+00:00,9371.968165464881
2026-05-02 10:00:00+00:00,9371.968165464881
2026-05-02 11:00:00+00:00,9371.968165464881
2026-05-02 12:00:00+00:00,9371.968165464881
2026-05-02 13:00:00+00:00,9371.968165464881
2026-05-02 14:00:00+00:00,9371.968165464881
2026-05-02 15:00:00+00:00,9371.968165464881
2026-05-02 16:00:00+00:00,9371.968165464881
2026-05-02 17:00:00+00:00,9371.968165464881
2026-05-02 18:00:00+00:00,9371.968165464881
2026-05-02 19:00:00+00:00,9371.968165464881
2026-05-02 20:00:00+00:00,9371.968165464881
2026-05-02 21:00:00+00:00,9371.968165464881
2026-05-02 22:00:00+00:00,9371.968165464881
2026-05-02 23:00:00+00:00,9371.968165464881
2026-05-03 00:00:00+00:00,9371.968165464881
2026-05-03 01:00:00+00:00,9371.968165464881
2026-05-03 02:00:00+00:00,9371.968165464881
2026-05-03 03:00:00+00:00,9371.968165464881
2026-05-03 04:00:00+00:00,9371.968165464881
2026-05-03 05:00:00+00:00,9371.968165464881
2026-05-03 06:00:00+00:00,9371.968165464881
2026-05-03 07:00:00+00:00,9371.968165464881
2026-05-03 08:00:00+00:00,9371.968165464881
2026-05-03 09:00:00+00:00,9371.968165464881
2026-05-03 10:00:00+00:00,9371.968165464881
2026-05-03 11:00:00+00:00,9371.968165464881
2026-05-03 12:00:00+00:00,9371.968165464881
2026-05-03 13:00:00+00:00,9371.968165464881
2026-05-03 14:00:00+00:00,9371.968165464881
2026-05-03 15:00:00+00:00,9371.968165464881
2026-05-03 16:00:00+00:00,9371.968165464881
2026-05-03 17:00:00+00:00,9371.968165464881
2026-05-03 18:00:00+00:00,9371.968165464881
2026-05-03 19:00:00+00:00,9371.968165464881
2026-05-03 20:00:00+00:00,9371.968165464881
2026-05-03 21:00:00+00:00,9371.968165464881
2026-05-03 22:00:00+00:00,9371.968165464881
2026-05-03 23:00:00+00:00,9371.968165464881
2026-05-04 00:00:00+00:00,9371.968165464881
2026-05-04 01:00:00+00:00,9371.968165464881
2026-05-04 02:00:00+00:00,9371.968165464881
2026-05-04 03:00:00+00:00,9405.28863251551
2026-05-04 04:00:00+00:00,9420.96413251551
2026-05-04 05:00:00+00:00,9423.607032515509
2026-05-04 06:00:00+00:00,9389.859232515508
2026-05-04 07:00:00+00:00,9372.69643251551
2026-05-04 08:00:00+00:00,9354.69903251551
2026-05-04 09:00:00+00:00,9355.318691582714
2026-05-04 10:00:00+00:00,9368.565291582714
2026-05-04 11:00:00+00:00,9318.989794500456
2026-05-04 12:00:00+00:00,9318.989794500456
2026-05-04 13:00:00+00:00,9318.989794500456
2026-05-04 14:00:00+00:00,9318.989794500456
2026-05-04 15:00:00+00:00,9318.989794500456
2026-05-04 16:00:00+00:00,9318.989794500456
2026-05-04 17:00:00+00:00,9318.989794500456
2026-05-04 18:00:00+00:00,9318.989794500456
2026-05-04 19:00:00+00:00,9318.989794500456
2026-05-04 20:00:00+00:00,9318.989794500456
2026-05-04 21:00:00+00:00,9318.989794500456
2026-05-04 22:00:00+00:00,9318.989794500456
2026-05-04 23:00:00+00:00,9318.989794500456
2026-05-05 00:00:00+00:00,9318.989794500456
2026-05-05 01:00:00+00:00,9318.989794500456
2026-05-05 02:00:00+00:00,9318.989794500456
2026-05-05 03:00:00+00:00,9318.989794500456
2026-05-05 04:00:00+00:00,9318.989794500456
2026-05-05 05:00:00+00:00,9318.989794500456
2026-05-05 06:00:00+00:00,9318.989794500456
2026-05-05 07:00:00+00:00,9318.989794500456
2026-05-05 08:00:00+00:00,9318.989794500456
2026-05-05 09:00:00+00:00,9318.989794500456
2026-05-05 10:00:00+00:00,9318.989794500456
2026-05-05 11:00:00+00:00,9318.989794500456
2026-05-05 12:00:00+00:00,9318.989794500456
2026-05-05 13:00:00+00:00,9318.989794500456
2026-05-05 14:00:00+00:00,9318.989794500456
2026-05-05 15:00:00+00:00,9318.989794500456
2026-05-05 16:00:00+00:00,9318.989794500456
2026-05-05 17:00:00+00:00,9318.989794500456
2026-05-05 18:00:00+00:00,9318.989794500456
2026-05-05 19:00:00+00:00,9318.989794500456
2026-05-05 20:00:00+00:00,9318.989794500456
2026-05-05 21:00:00+00:00,9318.989794500456
2026-05-05 22:00:00+00:00,9318.989794500456
2026-05-05 23:00:00+00:00,9318.989794500456
2026-05-06 00:00:00+00:00,9318.989794500456
2026-05-06 01:00:00+00:00,9318.989794500456
2026-05-06 02:00:00+00:00,9318.989794500456
2026-05-06 03:00:00+00:00,9318.989794500456
2026-05-06 04:00:00+00:00,9318.989794500456
2026-05-06 05:00:00+00:00,9318.989794500456
2026-05-06 06:00:00+00:00,9318.989794500456
2026-05-06 07:00:00+00:00,9318.989794500456
2026-05-06 08:00:00+00:00,9318.989794500456
2026-05-06 09:00:00+00:00,9318.989794500456
2026-05-06 10:00:00+00:00,9316.600234034395
2026-05-06 11:00:00+00:00,9343.760234034395
2026-05-06 12:00:00+00:00,9367.990834034394
2026-05-06 13:00:00+00:00,9338.822934034395
2026-05-06 14:00:00+00:00,9272.335070726003
2026-05-06 15:00:00+00:00,9272.335070726003
2026-05-06 16:00:00+00:00,9272.335070726003
2026-05-06 17:00:00+00:00,9272.335070726003
2026-05-06 18:00:00+00:00,9272.335070726003
2026-05-06 19:00:00+00:00,9272.335070726003
2026-05-06 20:00:00+00:00,9272.335070726003
2026-05-06 21:00:00+00:00,9272.335070726003
2026-05-06 22:00:00+00:00,9272.335070726003
2026-05-06 23:00:00+00:00,9272.335070726003
2026-05-07 00:00:00+00:00,9272.335070726003
2026-05-07 01:00:00+00:00,9272.335070726003
2026-05-07 02:00:00+00:00,9272.335070726003
2026-05-07 03:00:00+00:00,9272.335070726003
2026-05-07 04:00:00+00:00,9272.335070726003
2026-05-07 05:00:00+00:00,9272.335070726003
2026-05-07 06:00:00+00:00,9272.335070726003
2026-05-07 07:00:00+00:00,9272.335070726003
2026-05-07 08:00:00+00:00,9272.335070726003
2026-05-07 09:00:00+00:00,9272.335070726003
2026-05-07 10:00:00+00:00,9272.335070726003
2026-05-07 11:00:00+00:00,9272.335070726003
2026-05-07 12:00:00+00:00,9272.335070726003
2026-05-07 13:00:00+00:00,9272.335070726003
2026-05-07 14:00:00+00:00,9272.335070726003
2026-05-07 15:00:00+00:00,9272.335070726003
2026-05-07 16:00:00+00:00,9272.335070726003
2026-05-07 17:00:00+00:00,9272.335070726003
2026-05-07 18:00:00+00:00,9272.335070726003
2026-05-07 19:00:00+00:00,9272.335070726003
2026-05-07 20:00:00+00:00,9272.335070726003
2026-05-07 21:00:00+00:00,9272.335070726003
2026-05-07 22:00:00+00:00,9272.335070726003
2026-05-07 23:00:00+00:00,9272.335070726003
2026-05-08 00:00:00+00:00,9272.335070726003
2026-05-08 01:00:00+00:00,9272.335070726003
2026-05-08 02:00:00+00:00,9272.335070726003
2026-05-08 03:00:00+00:00,9272.335070726003
2026-05-08 04:00:00+00:00,9272.335070726003
2026-05-08 05:00:00+00:00,9272.335070726003
2026-05-08 06:00:00+00:00,9272.335070726003
2026-05-08 07:00:00+00:00,9272.335070726003
2026-05-08 08:00:00+00:00,9272.335070726003
2026-05-08 09:00:00+00:00,9272.335070726003
2026-05-08 10:00:00+00:00,9272.335070726003
2026-05-08 11:00:00+00:00,9272.335070726003
2026-05-08 12:00:00+00:00,9272.335070726003
2026-05-08 13:00:00+00:00,9272.335070726003
2026-05-08 14:00:00+00:00,9272.335070726003
2026-05-08 15:00:00+00:00,9272.335070726003
2026-05-08 16:00:00+00:00,9272.335070726003
2026-05-08 17:00:00+00:00,9272.335070726003
2026-05-08 18:00:00+00:00,9272.335070726003
2026-05-08 19:00:00+00:00,9272.335070726003
2026-05-08 20:00:00+00:00,9272.335070726003
2026-05-08 21:00:00+00:00,9272.335070726003
2026-05-08 22:00:00+00:00,9272.335070726003
2026-05-08 23:00:00+00:00,9272.335070726003
2026-05-09 00:00:00+00:00,9272.335070726003
2026-05-09 01:00:00+00:00,9272.335070726003
2026-05-09 02:00:00+00:00,9272.335070726003
2026-05-09 03:00:00+00:00,9272.335070726003
2026-05-09 04:00:00+00:00,9272.335070726003
2026-05-09 05:00:00+00:00,9272.335070726003
2026-05-09 06:00:00+00:00,9272.335070726003
2026-05-09 07:00:00+00:00,9272.335070726003
2026-05-09 08:00:00+00:00,9272.335070726003
2026-05-09 09:00:00+00:00,9272.335070726003
2026-05-09 10:00:00+00:00,9272.335070726003
2026-05-09 11:00:00+00:00,9272.335070726003
2026-05-09 12:00:00+00:00,9272.335070726003
2026-05-09 13:00:00+00:00,9272.335070726003
2026-05-09 14:00:00+00:00,9272.335070726003
2026-05-09 15:00:00+00:00,9272.335070726003
2026-05-09 16:00:00+00:00,9272.335070726003
2026-05-09 17:00:00+00:00,9272.335070726003
2026-05-09 18:00:00+00:00,9272.335070726003
2026-05-09 19:00:00+00:00,9272.335070726003
2026-05-09 20:00:00+00:00,9272.335070726003
2026-05-09 21:00:00+00:00,9272.335070726003
2026-05-09 22:00:00+00:00,9272.335070726003
2026-05-09 23:00:00+00:00,9272.335070726003
2026-05-10 00:00:00+00:00,9272.335070726003
2026-05-10 01:00:00+00:00,9272.335070726003
2026-05-10 02:00:00+00:00,9272.335070726003
2026-05-10 03:00:00+00:00,9272.335070726003
2026-05-10 04:00:00+00:00,9272.335070726003
2026-05-10 05:00:00+00:00,9272.335070726003
2026-05-10 06:00:00+00:00,9272.335070726003
2026-05-10 07:00:00+00:00,9272.335070726003
2026-05-10 08:00:00+00:00,9272.335070726003
2026-05-10 09:00:00+00:00,9272.335070726003
2026-05-10 10:00:00+00:00,9272.335070726003
2026-05-10 11:00:00+00:00,9272.335070726003
2026-05-10 12:00:00+00:00,9272.335070726003
2026-05-10 13:00:00+00:00,9272.335070726003
2026-05-10 14:00:00+00:00,9272.335070726003
2026-05-10 15:00:00+00:00,9272.335070726003
2026-05-10 16:00:00+00:00,9272.335070726003
2026-05-10 17:00:00+00:00,9272.335070726003
2026-05-10 18:00:00+00:00,9272.335070726003
2026-05-10 19:00:00+00:00,9272.335070726003
2026-05-10 20:00:00+00:00,9272.335070726003
2026-05-10 21:00:00+00:00,9272.335070726003
2026-05-10 22:00:00+00:00,9272.335070726003
2026-05-10 23:00:00+00:00,9272.335070726003
2026-05-11 00:00:00+00:00,9272.335070726003
2026-05-11 01:00:00+00:00,9272.335070726003
2026-05-11 02:00:00+00:00,9272.335070726003
2026-05-11 03:00:00+00:00,9272.335070726003
2026-05-11 04:00:00+00:00,9272.335070726003
2026-05-11 05:00:00+00:00,9272.335070726003
2026-05-11 06:00:00+00:00,9272.335070726003
2026-05-11 07:00:00+00:00,9272.335070726003
2026-05-11 08:00:00+00:00,9272.335070726003
2026-05-11 09:00:00+00:00,9272.335070726003
2026-05-11 10:00:00+00:00,9272.335070726003
2026-05-11 11:00:00+00:00,9272.335070726003
2026-05-11 12:00:00+00:00,9272.335070726003
2026-05-11 13:00:00+00:00,9272.335070726003
2026-05-11 14:00:00+00:00,9272.335070726003
2026-05-11 15:00:00+00:00,9272.335070726003
2026-05-11 16:00:00+00:00,9272.335070726003
2026-05-11 17:00:00+00:00,9272.335070726003
2026-05-11 18:00:00+00:00,9272.335070726003
2026-05-11 19:00:00+00:00,9272.335070726003
2026-05-11 20:00:00+00:00,9272.335070726003
2026-05-11 21:00:00+00:00,9272.335070726003
2026-05-11 22:00:00+00:00,9272.335070726003
2026-05-11 23:00:00+00:00,9272.335070726003
2026-05-12 00:00:00+00:00,9272.335070726003
2026-05-12 01:00:00+00:00,9272.335070726003
2026-05-12 02:00:00+00:00,9272.335070726003
2026-05-12 03:00:00+00:00,9272.335070726003
2026-05-12 04:00:00+00:00,9272.335070726003
2026-05-12 05:00:00+00:00,9272.335070726003
2026-05-12 06:00:00+00:00,9272.335070726003
2026-05-12 07:00:00+00:00,9272.335070726003
2026-05-12 08:00:00+00:00,9272.335070726003
2026-05-12 09:00:00+00:00,9272.335070726003
2026-05-12 10:00:00+00:00,9272.335070726003
2026-05-12 11:00:00+00:00,9272.335070726003
2026-05-12 12:00:00+00:00,9272.335070726003
2026-05-12 13:00:00+00:00,9272.335070726003
2026-05-12 14:00:00+00:00,9272.335070726003
2026-05-12 15:00:00+00:00,9272.335070726003
2026-05-12 16:00:00+00:00,9272.335070726003
2026-05-12 17:00:00+00:00,9272.335070726003
2026-05-12 18:00:00+00:00,9272.335070726003
2026-05-12 19:00:00+00:00,9272.335070726003
2026-05-12 20:00:00+00:00,9272.335070726003
2026-05-12 21:00:00+00:00,9272.335070726003
2026-05-12 22:00:00+00:00,9272.335070726003
2026-05-12 23:00:00+00:00,9272.335070726003
2026-05-13 00:00:00+00:00,9272.335070726003
2026-05-13 01:00:00+00:00,9272.335070726003
2026-05-13 02:00:00+00:00,9272.335070726003
2026-05-13 03:00:00+00:00,9272.335070726003
2026-05-13 04:00:00+00:00,9272.335070726003
2026-05-13 05:00:00+00:00,9272.335070726003
2026-05-13 06:00:00+00:00,9272.335070726003
2026-05-13 07:00:00+00:00,9272.335070726003
2026-05-13 08:00:00+00:00,9272.335070726003
2026-05-13 09:00:00+00:00,9272.335070726003
2026-05-13 10:00:00+00:00,9272.335070726003
2026-05-13 11:00:00+00:00,9272.335070726003
2026-05-13 12:00:00+00:00,9272.335070726003
2026-05-13 13:00:00+00:00,9272.335070726003
2026-05-13 14:00:00+00:00,9272.335070726003
2026-05-13 15:00:00+00:00,9272.335070726003
2026-05-13 16:00:00+00:00,9272.335070726003
2026-05-13 17:00:00+00:00,9272.335070726003
2026-05-13 18:00:00+00:00,9272.335070726003
2026-05-13 19:00:00+00:00,9272.335070726003
2026-05-13 20:00:00+00:00,9272.335070726003
2026-05-13 21:00:00+00:00,9272.335070726003
2026-05-13 22:00:00+00:00,9272.335070726003
2026-05-13 23:00:00+00:00,9272.335070726003
2026-05-14 00:00:00+00:00,9272.335070726003
2026-05-14 01:00:00+00:00,9272.335070726003
2026-05-14 02:00:00+00:00,9272.335070726003
2026-05-14 03:00:00+00:00,9272.335070726003
2026-05-14 04:00:00+00:00,9272.335070726003
2026-05-14 05:00:00+00:00,9272.335070726003
2026-05-14 06:00:00+00:00,9272.335070726003
2026-05-14 07:00:00+00:00,9272.335070726003
2026-05-14 08:00:00+00:00,9272.335070726003
2026-05-14 09:00:00+00:00,9272.335070726003
2026-05-14 10:00:00+00:00,9272.335070726003
2026-05-14 11:00:00+00:00,9272.335070726003
2026-05-14 12:00:00+00:00,9272.335070726003
2026-05-14 13:00:00+00:00,9272.335070726003
2026-05-14 14:00:00+00:00,9272.335070726003
2026-05-14 15:00:00+00:00,9272.335070726003
2026-05-14 16:00:00+00:00,9272.335070726003
2026-05-14 17:00:00+00:00,9272.335070726003
2026-05-14 18:00:00+00:00,9272.335070726003
2026-05-14 19:00:00+00:00,9272.335070726003
2026-05-14 20:00:00+00:00,9272.335070726003
2026-05-14 21:00:00+00:00,9272.335070726003
2026-05-14 22:00:00+00:00,9272.335070726003
2026-05-14 23:00:00+00:00,9272.335070726003
2026-05-15 00:00:00+00:00,9272.335070726003
2026-05-15 01:00:00+00:00,9272.335070726003
2026-05-15 02:00:00+00:00,9272.335070726003
2026-05-15 03:00:00+00:00,9272.335070726003
2026-05-15 04:00:00+00:00,9272.335070726003
2026-05-15 05:00:00+00:00,9272.335070726003
2026-05-15 06:00:00+00:00,9272.335070726003
2026-05-15 07:00:00+00:00,9272.335070726003
2026-05-15 08:00:00+00:00,9272.335070726003
2026-05-15 09:00:00+00:00,9272.335070726003
2026-05-15 10:00:00+00:00,9272.335070726003
2026-05-15 11:00:00+00:00,9272.335070726003
2026-05-15 12:00:00+00:00,9272.335070726003
2026-05-15 13:00:00+00:00,9272.335070726003
2026-05-15 14:00:00+00:00,9272.335070726003
2026-05-15 15:00:00+00:00,9272.335070726003
2026-05-15 16:00:00+00:00,9272.335070726003
2026-05-15 17:00:00+00:00,9272.335070726003
2026-05-15 18:00:00+00:00,9272.335070726003
2026-05-15 19:00:00+00:00,9272.335070726003
2026-05-15 20:00:00+00:00,9272.335070726003
2026-05-15 21:00:00+00:00,9272.335070726003
2026-05-15 22:00:00+00:00,9272.335070726003
2026-05-15 23:00:00+00:00,9272.335070726003
2026-05-16 00:00:00+00:00,9272.335070726003
2026-05-16 01:00:00+00:00,9272.335070726003
2026-05-16 02:00:00+00:00,9272.335070726003
2026-05-16 03:00:00+00:00,9272.335070726003
2026-05-16 04:00:00+00:00,9272.335070726003
2026-05-16 05:00:00+00:00,9272.335070726003
2026-05-16 06:00:00+00:00,9272.335070726003
2026-05-16 07:00:00+00:00,9272.335070726003
2026-05-16 08:00:00+00:00,9272.335070726003
2026-05-16 09:00:00+00:00,9258.88472744742
2026-05-16 10:00:00+00:00,9297.43532744742
2026-05-16 11:00:00+00:00,9309.97872744742
2026-05-16 12:00:00+00:00,9296.84532744742
2026-05-16 13:00:00+00:00,9305.87232744742
2026-05-16 14:00:00+00:00,9303.48872744742
2026-05-16 15:00:00+00:00,9292.69172744742
2026-05-16 16:00:00+00:00,9279.75892744742
2026-05-16 17:00:00+00:00,9284.634688627419
2026-05-16 18:00:00+00:00,9284.351488627419
2026-05-16 19:00:00+00:00,9280.12708862742
2026-05-16 20:00:00+00:00,9277.531088627418
2026-05-16 21:00:00+00:00,9278.534088627419
2026-05-16 22:00:00+00:00,9277.082688627419
2026-05-16 23:00:00+00:00,9286.971088627419
2026-05-17 00:00:00+00:00,9291.66748862742
2026-05-17 01:00:00+00:00,9315.15200263063
2026-05-17 02:00:00+00:00,9342.92920263063
2026-05-17 03:00:00+00:00,9321.08740263063
2026-05-17 04:00:00+00:00,9305.65300263063
2026-05-17 05:00:00+00:00,9290.92660263063
2026-05-17 06:00:00+00:00,9269.714251047317
2026-05-17 07:00:00+00:00,9269.714251047317
2026-05-17 08:00:00+00:00,9269.714251047317
2026-05-17 09:00:00+00:00,9269.714251047317
2026-05-17 10:00:00+00:00,9269.714251047317
2026-05-17 11:00:00+00:00,9269.714251047317
2026-05-17 12:00:00+00:00,9269.714251047317
2026-05-17 13:00:00+00:00,9269.714251047317
2026-05-17 14:00:00+00:00,9269.714251047317
2026-05-17 15:00:00+00:00,9269.714251047317
2026-05-17 16:00:00+00:00,9269.714251047317
2026-05-17 17:00:00+00:00,9269.714251047317
2026-05-17 18:00:00+00:00,9269.714251047317
2026-05-17 19:00:00+00:00,9269.714251047317
2026-05-17 20:00:00+00:00,9269.714251047317
2026-05-17 21:00:00+00:00,9269.714251047317
2026-05-17 22:00:00+00:00,9269.714251047317
2026-05-17 23:00:00+00:00,9269.714251047317
2026-05-18 00:00:00+00:00,9269.714251047317
2026-05-18 01:00:00+00:00,9289.996662776619
2026-05-18 02:00:00+00:00,9300.290162776619
2026-05-18 03:00:00+00:00,9334.169462776617
2026-05-18 04:00:00+00:00,9323.07866277662
2026-05-18 05:00:00+00:00,9309.441262776618
2026-05-18 06:00:00+00:00,9324.435262776618
2026-05-18 07:00:00+00:00,9324.851762776618
2026-05-18 08:00:00+00:00,9306.41866277662
2026-05-18 09:00:00+00:00,9311.402912036057
2026-05-18 10:00:00+00:00,9323.32671203606
2026-05-18 11:00:00+00:00,9342.676112036057
2026-05-18 12:00:00+00:00,9281.236412036058
2026-05-18 13:00:00+00:00,9254.278792326339
2026-05-18 14:00:00+00:00,9254.278792326339
2026-05-18 15:00:00+00:00,9254.278792326339
2026-05-18 16:00:00+00:00,9246.123349584319
2026-05-18 17:00:00+00:00,9246.322418619739
2026-05-18 18:00:00+00:00,9218.010218619738
2026-05-18 19:00:00+00:00,9262.629618619738
2026-05-18 20:00:00+00:00,9195.509418619738
2026-05-18 21:00:00+00:00,9168.06100298742
2026-05-18 22:00:00+00:00,9168.06100298742
2026-05-18 23:00:00+00:00,9168.06100298742
2026-05-19 00:00:00+00:00,9168.06100298742
2026-05-19 01:00:00+00:00,9168.06100298742
2026-05-19 02:00:00+00:00,9168.06100298742
2026-05-19 03:00:00+00:00,9168.06100298742
2026-05-19 04:00:00+00:00,9168.06100298742
2026-05-19 05:00:00+00:00,9168.06100298742
2026-05-19 06:00:00+00:00,9168.06100298742
2026-05-19 07:00:00+00:00,9168.06100298742
2026-05-19 08:00:00+00:00,9168.06100298742
2026-05-19 09:00:00+00:00,9168.06100298742
2026-05-19 10:00:00+00:00,9168.06100298742
2026-05-19 11:00:00+00:00,9168.06100298742
2026-05-19 12:00:00+00:00,9168.06100298742
2026-05-19 13:00:00+00:00,9168.06100298742
2026-05-19 14:00:00+00:00,9168.06100298742
2026-05-19 15:00:00+00:00,9168.06100298742
2026-05-19 16:00:00+00:00,9168.06100298742
2026-05-19 17:00:00+00:00,9168.06100298742
2026-05-19 18:00:00+00:00,9168.06100298742
2026-05-19 19:00:00+00:00,9168.06100298742
2026-05-19 20:00:00+00:00,9168.06100298742
2026-05-19 21:00:00+00:00,9168.06100298742
2026-05-19 22:00:00+00:00,9168.06100298742
2026-05-19 23:00:00+00:00,9168.06100298742
2026-05-20 00:00:00+00:00,9168.06100298742
2026-05-20 01:00:00+00:00,9168.06100298742
2026-05-20 02:00:00+00:00,9168.06100298742
2026-05-20 03:00:00+00:00,9168.06100298742
2026-05-20 04:00:00+00:00,9168.06100298742
2026-05-20 05:00:00+00:00,9168.06100298742
2026-05-20 06:00:00+00:00,9168.06100298742
2026-05-20 07:00:00+00:00,9168.06100298742
2026-05-20 08:00:00+00:00,9168.06100298742
2026-05-20 09:00:00+00:00,9168.06100298742
2026-05-20 10:00:00+00:00,9168.06100298742
2026-05-20 11:00:00+00:00,9168.06100298742
2026-05-20 12:00:00+00:00,9168.06100298742
2026-05-20 13:00:00+00:00,9168.06100298742
2026-05-20 14:00:00+00:00,9168.06100298742
2026-05-20 15:00:00+00:00,9168.06100298742
2026-05-20 16:00:00+00:00,9168.06100298742
2026-05-20 17:00:00+00:00,9168.06100298742
2026-05-20 18:00:00+00:00,9168.06100298742
2026-05-20 19:00:00+00:00,9168.06100298742
2026-05-20 20:00:00+00:00,9168.06100298742
2026-05-20 21:00:00+00:00,9168.06100298742
2026-05-20 22:00:00+00:00,9168.06100298742
2026-05-20 23:00:00+00:00,9168.06100298742
2026-05-21 00:00:00+00:00,9168.06100298742
2026-05-21 01:00:00+00:00,9168.06100298742
2026-05-21 02:00:00+00:00,9168.06100298742
2026-05-21 03:00:00+00:00,9168.06100298742
2026-05-21 04:00:00+00:00,9168.06100298742
2026-05-21 05:00:00+00:00,9168.06100298742
2026-05-21 06:00:00+00:00,9168.06100298742
2026-05-21 07:00:00+00:00,9168.06100298742
2026-05-21 08:00:00+00:00,9168.06100298742
2026-05-21 09:00:00+00:00,9168.06100298742
2026-05-21 10:00:00+00:00,9168.06100298742
2026-05-21 11:00:00+00:00,9168.06100298742
2026-05-21 12:00:00+00:00,9168.06100298742
2026-05-21 13:00:00+00:00,9168.06100298742
2026-05-21 14:00:00+00:00,9168.06100298742
2026-05-21 15:00:00+00:00,9168.06100298742
2026-05-21 16:00:00+00:00,9168.06100298742
2026-05-21 17:00:00+00:00,9168.06100298742
2026-05-21 18:00:00+00:00,9168.06100298742
2026-05-21 19:00:00+00:00,9168.06100298742
2026-05-21 20:00:00+00:00,9168.06100298742
2026-05-21 21:00:00+00:00,9168.06100298742
2026-05-21 22:00:00+00:00,9168.06100298742
2026-05-21 23:00:00+00:00,9168.06100298742
2026-05-22 00:00:00+00:00,9168.06100298742
2026-05-22 01:00:00+00:00,9168.06100298742
2026-05-22 02:00:00+00:00,9168.06100298742
2026-05-22 03:00:00+00:00,9168.06100298742
2026-05-22 04:00:00+00:00,9168.06100298742
2026-05-22 05:00:00+00:00,9168.06100298742
2026-05-22 06:00:00+00:00,9168.06100298742
2026-05-22 07:00:00+00:00,9168.06100298742
2026-05-22 08:00:00+00:00,9168.06100298742
2026-05-22 09:00:00+00:00,9168.06100298742
2026-05-22 10:00:00+00:00,9168.06100298742
2026-05-22 11:00:00+00:00,9168.06100298742
2026-05-22 12:00:00+00:00,9168.06100298742
2026-05-22 13:00:00+00:00,9168.06100298742
2026-05-22 14:00:00+00:00,9168.06100298742
2026-05-22 15:00:00+00:00,9168.06100298742
2026-05-22 16:00:00+00:00,9168.06100298742
2026-05-22 17:00:00+00:00,9168.06100298742
2026-05-22 18:00:00+00:00,9168.06100298742
2026-05-22 19:00:00+00:00,9168.06100298742
2026-05-22 20:00:00+00:00,9168.06100298742
2026-05-22 21:00:00+00:00,9148.299029671452
2026-05-22 22:00:00+00:00,9149.645229671452
2026-05-22 23:00:00+00:00,9175.350229671452
2026-05-23 00:00:00+00:00,9194.928429671452
2026-05-23 01:00:00+00:00,9214.297292431826
2026-05-23 02:00:00+00:00,9200.156892431825
2026-05-23 03:00:00+00:00,9191.941892431825
2026-05-23 04:00:00+00:00,9184.903492431826
2026-05-23 05:00:00+00:00,9195.545892431825
2026-05-23 06:00:00+00:00,9201.354692431825
2026-05-23 07:00:00+00:00,9210.142092431826
2026-05-23 08:00:00+00:00,9293.945692431826
2026-05-23 09:00:00+00:00,9286.832924364599
2026-05-23 10:00:00+00:00,9289.429924364598
2026-05-23 11:00:00+00:00,9283.440924364599
2026-05-23 12:00:00+00:00,9275.4273243646
2026-05-23 13:00:00+00:00,9278.501324364599
2026-05-23 14:00:00+00:00,9230.2713243646
2026-05-23 15:00:00+00:00,9208.620047284714
2026-05-23 16:00:00+00:00,9208.620047284714
2026-05-23 17:00:00+00:00,9208.620047284714
2026-05-23 18:00:00+00:00,9208.620047284714
2026-05-23 19:00:00+00:00,9208.620047284714
2026-05-23 20:00:00+00:00,9208.620047284714
2026-05-23 21:00:00+00:00,9208.620047284714
2026-05-23 22:00:00+00:00,9208.620047284714
2026-05-23 23:00:00+00:00,9208.620047284714
2026-05-24 00:00:00+00:00,9208.620047284714
2026-05-24 01:00:00+00:00,9208.620047284714
2026-05-24 02:00:00+00:00,9208.620047284714
2026-05-24 03:00:00+00:00,9208.620047284714
2026-05-24 04:00:00+00:00,9208.620047284714
2026-05-24 05:00:00+00:00,9208.620047284714
2026-05-24 06:00:00+00:00,9208.620047284714
2026-05-24 07:00:00+00:00,9208.620047284714
2026-05-24 08:00:00+00:00,9208.620047284714
2026-05-24 09:00:00+00:00,9208.620047284714
2026-05-24 10:00:00+00:00,9208.620047284714
2026-05-24 11:00:00+00:00,9208.620047284714
2026-05-24 12:00:00+00:00,9208.620047284714
2026-05-24 13:00:00+00:00,9208.620047284714
2026-05-24 14:00:00+00:00,9208.620047284714
2026-05-24 15:00:00+00:00,9208.620047284714
2026-05-24 16:00:00+00:00,9208.620047284714
2026-05-24 17:00:00+00:00,9208.620047284714
2026-05-24 18:00:00+00:00,9208.620047284714
2026-05-24 19:00:00+00:00,9208.620047284714
2026-05-24 20:00:00+00:00,9208.620047284714
2026-05-24 21:00:00+00:00,9208.620047284714
2026-05-24 22:00:00+00:00,9208.620047284714
2026-05-24 23:00:00+00:00,9208.620047284714
2026-05-25 00:00:00+00:00,9208.620047284714
2026-05-25 01:00:00+00:00,9208.620047284714
2026-05-25 02:00:00+00:00,9208.620047284714
2026-05-25 03:00:00+00:00,9208.620047284714
2026-05-25 04:00:00+00:00,9208.620047284714
2026-05-25 05:00:00+00:00,9208.620047284714
2026-05-25 06:00:00+00:00,9208.620047284714
2026-05-25 07:00:00+00:00,9208.620047284714
2026-05-25 08:00:00+00:00,9208.620047284714
2026-05-25 09:00:00+00:00,9208.620047284714
2026-05-25 10:00:00+00:00,9208.620047284714
2026-05-25 11:00:00+00:00,9208.620047284714
2026-05-25 12:00:00+00:00,9208.620047284714
2026-05-25 13:00:00+00:00,9208.620047284714
2026-05-25 14:00:00+00:00,9208.620047284714
2026-05-25 15:00:00+00:00,9208.620047284714
2026-05-25 16:00:00+00:00,9208.620047284714
2026-05-25 17:00:00+00:00,9208.620047284714
2026-05-25 18:00:00+00:00,9208.620047284714
2026-05-25 19:00:00+00:00,9208.620047284714
2026-05-25 20:00:00+00:00,9208.620047284714
2026-05-25 21:00:00+00:00,9208.620047284714
2026-05-25 22:00:00+00:00,9208.620047284714
2026-05-25 23:00:00+00:00,9208.620047284714
2026-05-26 00:00:00+00:00,9208.620047284714
2026-05-26 01:00:00+00:00,9208.620047284714
2026-05-26 02:00:00+00:00,9208.620047284714
2026-05-26 03:00:00+00:00,9208.620047284714
2026-05-26 04:00:00+00:00,9208.620047284714
2026-05-26 05:00:00+00:00,9208.620047284714
2026-05-26 06:00:00+00:00,9208.620047284714
2026-05-26 07:00:00+00:00,9208.620047284714
2026-05-26 08:00:00+00:00,9208.620047284714
2026-05-26 09:00:00+00:00,9208.620047284714
2026-05-26 10:00:00+00:00,9208.620047284714
2026-05-26 11:00:00+00:00,9208.620047284714
2026-05-26 12:00:00+00:00,9208.620047284714
2026-05-26 13:00:00+00:00,9208.620047284714
2026-05-26 14:00:00+00:00,9208.620047284714
2026-05-26 15:00:00+00:00,9208.620047284714
2026-05-26 16:00:00+00:00,9208.620047284714
2026-05-26 17:00:00+00:00,9208.620047284714
2026-05-26 18:00:00+00:00,9208.620047284714
2026-05-26 19:00:00+00:00,9208.620047284714
2026-05-26 20:00:00+00:00,9208.620047284714
2026-05-26 21:00:00+00:00,9208.620047284714
2026-05-26 22:00:00+00:00,9208.620047284714
2026-05-26 23:00:00+00:00,9208.620047284714
2026-05-27 00:00:00+00:00,9208.620047284714
2026-05-27 01:00:00+00:00,9208.620047284714
2026-05-27 02:00:00+00:00,9208.620047284714
2026-05-27 03:00:00+00:00,9208.620047284714
2026-05-27 04:00:00+00:00,9208.620047284714
2026-05-27 05:00:00+00:00,9208.620047284714
2026-05-27 06:00:00+00:00,9208.620047284714
2026-05-27 07:00:00+00:00,9208.620047284714
2026-05-27 08:00:00+00:00,9208.620047284714
2026-05-27 09:00:00+00:00,9208.620047284714
2026-05-27 10:00:00+00:00,9208.620047284714
2026-05-27 11:00:00+00:00,9208.620047284714
2026-05-27 12:00:00+00:00,9208.620047284714
2026-05-27 13:00:00+00:00,9208.620047284714
2026-05-27 14:00:00+00:00,9208.620047284714
2026-05-27 15:00:00+00:00,9208.620047284714
2026-05-27 16:00:00+00:00,9208.620047284714
2026-05-27 17:00:00+00:00,9208.620047284714
2026-05-27 18:00:00+00:00,9208.620047284714
2026-05-27 19:00:00+00:00,9208.620047284714
2026-05-27 20:00:00+00:00,9208.620047284714
2026-05-27 21:00:00+00:00,9208.620047284714
2026-05-27 22:00:00+00:00,9208.620047284714
2026-05-27 23:00:00+00:00,9208.620047284714
2026-05-28 00:00:00+00:00,9208.620047284714
2026-05-28 01:00:00+00:00,9208.620047284714
2026-05-28 02:00:00+00:00,9208.620047284714
2026-05-28 03:00:00+00:00,9208.620047284714
2026-05-28 04:00:00+00:00,9208.620047284714
2026-05-28 05:00:00+00:00,9209.259765578314
2026-05-28 06:00:00+00:00,9226.791765578313
2026-05-28 07:00:00+00:00,9207.513765578315
2026-05-28 08:00:00+00:00,9182.043765578313
2026-05-28 09:00:00+00:00,9198.26371718443
2026-05-28 10:00:00+00:00,9178.76071718443
2026-05-28 11:00:00+00:00,9191.89171718443
2026-05-28 12:00:00+00:00,9181.13671718443
2026-05-28 13:00:00+00:00,9179.300717184431
2026-05-28 14:00:00+00:00,9224.345717184431
2026-05-28 15:00:00+00:00,9223.73371718443
2026-05-28 16:00:00+00:00,9232.96771718443
2026-05-28 17:00:00+00:00,9186.778801884431
2026-05-28 18:00:00+00:00,9178.24680188443
2026-05-28 19:00:00+00:00,9167.995801884432
2026-05-28 20:00:00+00:00,9189.478801884432
2026-05-28 21:00:00+00:00,9175.20480188443
2026-05-28 22:00:00+00:00,9141.587693184378
2026-05-28 23:00:00+00:00,9141.587693184378
2026-05-29 00:00:00+00:00,9141.587693184378
2026-05-29 01:00:00+00:00,9141.587693184378
2026-05-29 02:00:00+00:00,9141.587693184378
2026-05-29 03:00:00+00:00,9141.587693184378
2026-05-29 04:00:00+00:00,9141.587693184378
2026-05-29 05:00:00+00:00,9141.587693184378
2026-05-29 06:00:00+00:00,9141.587693184378
2026-05-29 07:00:00+00:00,9141.587693184378
2026-05-29 08:00:00+00:00,9141.587693184378
2026-05-29 09:00:00+00:00,9141.587693184378
2026-05-29 10:00:00+00:00,9141.587693184378
2026-05-29 11:00:00+00:00,9141.587693184378
2026-05-29 12:00:00+00:00,9141.587693184378
2026-05-29 13:00:00+00:00,9141.587693184378
2026-05-29 14:00:00+00:00,9141.587693184378
2026-05-29 15:00:00+00:00,9141.587693184378
2026-05-29 16:00:00+00:00,9141.587693184378
2026-05-29 17:00:00+00:00,9141.587693184378
2026-05-29 18:00:00+00:00,9141.587693184378
2026-05-29 19:00:00+00:00,9141.587693184378
2026-05-29 20:00:00+00:00,9141.587693184378
2026-05-29 21:00:00+00:00,9141.587693184378
2026-05-29 22:00:00+00:00,9141.587693184378
2026-05-29 23:00:00+00:00,9141.587693184378
2026-05-30 00:00:00+00:00,9141.587693184378
2026-05-30 01:00:00+00:00,9141.587693184378
2026-05-30 02:00:00+00:00,9141.587693184378
2026-05-30 03:00:00+00:00,9141.587693184378
2026-05-30 04:00:00+00:00,9141.587693184378
2026-05-30 05:00:00+00:00,9141.587693184378
2026-05-30 06:00:00+00:00,9141.587693184378
2026-05-30 07:00:00+00:00,9141.587693184378
2026-05-30 08:00:00+00:00,9141.587693184378
2026-05-30 09:00:00+00:00,9141.587693184378
2026-05-30 10:00:00+00:00,9141.587693184378
2026-05-30 11:00:00+00:00,9141.587693184378
2026-05-30 12:00:00+00:00,9141.587693184378
2026-05-30 13:00:00+00:00,9141.587693184378
2026-05-30 14:00:00+00:00,9141.587693184378
2026-05-30 15:00:00+00:00,9141.587693184378
2026-05-30 16:00:00+00:00,9141.587693184378
2026-05-30 17:00:00+00:00,9141.587693184378
2026-05-30 18:00:00+00:00,9141.587693184378
2026-05-30 19:00:00+00:00,9141.587693184378
2026-05-30 20:00:00+00:00,9141.587693184378
2026-05-30 21:00:00+00:00,9141.587693184378
2026-05-30 22:00:00+00:00,9141.587693184378
2026-05-30 23:00:00+00:00,9141.587693184378
2026-05-31 00:00:00+00:00,9141.587693184378
2026-05-31 01:00:00+00:00,9141.587693184378
2026-05-31 02:00:00+00:00,9141.587693184378
2026-05-31 03:00:00+00:00,9141.587693184378
2026-05-31 04:00:00+00:00,9141.587693184378
2026-05-31 05:00:00+00:00,9141.587693184378
2026-05-31 06:00:00+00:00,9141.587693184378
2026-05-31 07:00:00+00:00,9141.587693184378
2026-05-31 08:00:00+00:00,9141.587693184378
2026-05-31 09:00:00+00:00,9141.587693184378
2026-05-31 10:00:00+00:00,9141.587693184378
2026-05-31 11:00:00+00:00,9141.587693184378
2026-05-31 12:00:00+00:00,9141.587693184378
2026-05-31 13:00:00+00:00,9141.587693184378
2026-05-31 14:00:00+00:00,9141.587693184378
2026-05-31 15:00:00+00:00,9141.587693184378
2026-05-31 16:00:00+00:00,9141.587693184378
2026-05-31 17:00:00+00:00,9141.587693184378
2026-05-31 18:00:00+00:00,9141.587693184378
2026-05-31 19:00:00+00:00,9141.587693184378
2026-05-31 20:00:00+00:00,9141.587693184378
2026-05-31 21:00:00+00:00,9141.587693184378
2026-05-31 22:00:00+00:00,9141.587693184378
2026-05-31 23:00:00+00:00,9141.587693184378
2026-06-01 00:00:00+00:00,9141.587693184378
2026-06-01 01:00:00+00:00,9141.587693184378
2026-06-01 02:00:00+00:00,9141.587693184378
2026-06-01 03:00:00+00:00,9141.587693184378
2026-06-01 04:00:00+00:00,9141.587693184378
2026-06-01 05:00:00+00:00,9141.587693184378
2026-06-01 06:00:00+00:00,9141.587693184378
2026-06-01 07:00:00+00:00,9141.587693184378
2026-06-01 08:00:00+00:00,9141.587693184378
2026-06-01 09:00:00+00:00,9141.587693184378
2026-06-01 10:00:00+00:00,9141.587693184378
2026-06-01 11:00:00+00:00,9141.587693184378
2026-06-01 12:00:00+00:00,9141.587693184378
2026-06-01 13:00:00+00:00,9141.587693184378
2026-06-01 14:00:00+00:00,9190.49192910825
2026-06-01 15:00:00+00:00,9205.49992910825
2026-06-01 16:00:00+00:00,9255.12712910825
2026-06-01 17:00:00+00:00,9208.04353758825
2026-06-01 18:00:00+00:00,9199.75553758825
2026-06-01 19:00:00+00:00,9215.973137588251
2026-06-01 20:00:00+00:00,9203.67553758825
2026-06-01 21:00:00+00:00,9220.44193758825
2026-06-01 22:00:00+00:00,9266.653137588251
2026-06-01 23:00:00+00:00,9225.12353758825
2026-06-02 00:00:00+00:00,9224.37313758825
2026-06-02 01:00:00+00:00,9239.09430222825
2026-06-02 02:00:00+00:00,9310.23670222825
2026-06-02 03:00:00+00:00,9287.97110222825
2026-06-02 04:00:00+00:00,9276.64790222825
2026-06-02 05:00:00+00:00,9292.439902228249
2026-06-02 06:00:00+00:00,9353.121502228249
2026-06-02 07:00:00+00:00,9370.61590222825
2026-06-02 08:00:00+00:00,9371.07510222825
2026-06-02 09:00:00+00:00,9403.91447550825
2026-06-02 10:00:00+00:00,9448.580075508251
2026-06-02 11:00:00+00:00,9423.60407550825
2026-06-02 12:00:00+00:00,9444.87287550825
2026-06-02 13:00:00+00:00,9471.356978438112
2026-06-02 14:00:00+00:00,9483.879740999066
2026-06-02 15:00:00+00:00,9557.951740999066
2026-06-02 16:00:00+00:00,9626.223940999065
2026-06-02 17:00:00+00:00,9616.394183339065
2026-06-02 18:00:00+00:00,9609.879983339064
2026-06-02 19:00:00+00:00,9624.120983339064
2026-06-02 20:00:00+00:00,9626.536783339066
2026-06-02 21:00:00+00:00,9601.758383339065
2026-06-02 22:00:00+00:00,9603.121383339065
2026-06-02 23:00:00+00:00,9712.950983339064
2026-06-03 00:00:00+00:00,9679.345983339064
2026-06-03 01:00:00+00:00,9662.780931398513
2026-06-03 02:00:00+00:00,9664.914731398514
2026-06-03 03:00:00+00:00,9692.362731398514
2026-06-03 04:00:00+00:00,9764.385531398513
2026-06-03 05:00:00+00:00,9706.754131398513
2026-06-03 06:00:00+00:00,9630.410698775258
2026-06-03 07:00:00+00:00,9630.410698775258
2026-06-03 08:00:00+00:00,9630.410698775258
2026-06-03 09:00:00+00:00,9630.410698775258
2026-06-03 10:00:00+00:00,9630.410698775258
2026-06-03 11:00:00+00:00,9630.410698775258
2026-06-03 12:00:00+00:00,9630.410698775258
2026-06-03 13:00:00+00:00,9630.410698775258
2026-06-03 14:00:00+00:00,9630.410698775258
2026-06-03 15:00:00+00:00,9630.410698775258
2026-06-03 16:00:00+00:00,9630.410698775258
2026-06-03 17:00:00+00:00,9630.410698775258
2026-06-03 18:00:00+00:00,9630.410698775258
2026-06-03 19:00:00+00:00,9630.410698775258
2026-06-03 20:00:00+00:00,9630.410698775258
2026-06-03 21:00:00+00:00,9630.410698775258
2026-06-03 22:00:00+00:00,9569.743197206315
2026-06-03 23:00:00+00:00,9632.165497206315
2026-06-04 00:00:00+00:00,9688.419297206314
2026-06-04 01:00:00+00:00,9747.376221318395
2026-06-04 02:00:00+00:00,9832.348221318394
2026-06-04 03:00:00+00:00,9756.442821318395
2026-06-04 04:00:00+00:00,9711.586060078096
2026-06-04 05:00:00+00:00,9711.586060078096
2026-06-04 06:00:00+00:00,9711.586060078096
2026-06-04 07:00:00+00:00,9711.586060078096
2026-06-04 08:00:00+00:00,9711.586060078096
2026-06-04 09:00:00+00:00,9711.586060078096
2026-06-04 10:00:00+00:00,9711.586060078096
2026-06-04 11:00:00+00:00,9711.586060078096
2026-06-04 12:00:00+00:00,9711.586060078096
2026-06-04 13:00:00+00:00,9711.586060078096
2026-06-04 14:00:00+00:00,9711.586060078096
2026-06-04 15:00:00+00:00,9711.586060078096
2026-06-04 16:00:00+00:00,9711.586060078096
2026-06-04 17:00:00+00:00,9711.586060078096
2026-06-04 18:00:00+00:00,9711.586060078096
2026-06-04 19:00:00+00:00,9711.586060078096
2026-06-04 20:00:00+00:00,9711.586060078096
2026-06-04 21:00:00+00:00,9711.586060078096
2026-06-04 22:00:00+00:00,9711.586060078096
2026-06-04 23:00:00+00:00,9711.586060078096
2026-06-05 00:00:00+00:00,9711.586060078096
2026-06-05 01:00:00+00:00,9711.586060078096
2026-06-05 02:00:00+00:00,9711.586060078096
2026-06-05 03:00:00+00:00,9711.586060078096
2026-06-05 04:00:00+00:00,9711.586060078096
2026-06-05 05:00:00+00:00,9711.586060078096
2026-06-05 06:00:00+00:00,9711.586060078096
2026-06-05 07:00:00+00:00,9711.586060078096
2026-06-05 08:00:00+00:00,9711.586060078096
2026-06-05 09:00:00+00:00,9711.586060078096
2026-06-05 10:00:00+00:00,9711.586060078096
2026-06-05 11:00:00+00:00,9711.586060078096
2026-06-05 12:00:00+00:00,9711.586060078096
2026-06-05 13:00:00+00:00,9711.586060078096
2026-06-05 14:00:00+00:00,9711.586060078096
2026-06-05 15:00:00+00:00,9701.995646270096
2026-06-05 16:00:00+00:00,9723.540646270096
2026-06-05 17:00:00+00:00,9675.360904202596
2026-06-05 18:00:00+00:00,9703.970904202597
2026-06-05 19:00:00+00:00,9774.985904202596
2026-06-05 20:00:00+00:00,9729.745904202597
2026-06-05 21:00:00+00:00,9666.741736570597
2026-06-05 22:00:00+00:00,9666.741736570597
2026-06-05 23:00:00+00:00,9666.741736570597
2026-06-06 00:00:00+00:00,9666.741736570597
2026-06-06 01:00:00+00:00,9666.741736570597
2026-06-06 02:00:00+00:00,9666.741736570597
2026-06-06 03:00:00+00:00,9666.741736570597
2026-06-06 04:00:00+00:00,9666.741736570597
2026-06-06 05:00:00+00:00,9666.741736570597
2026-06-06 06:00:00+00:00,9666.741736570597
2026-06-06 07:00:00+00:00,9666.741736570597
2026-06-06 08:00:00+00:00,9666.741736570597
2026-06-06 09:00:00+00:00,9666.741736570597
2026-06-06 10:00:00+00:00,9666.741736570597
2026-06-06 11:00:00+00:00,9666.741736570597
2026-06-06 12:00:00+00:00,9666.741736570597
2026-06-06 13:00:00+00:00,9666.741736570597
2026-06-06 14:00:00+00:00,9666.741736570597
2026-06-06 15:00:00+00:00,9666.741736570597
2026-06-06 16:00:00+00:00,9666.741736570597
2026-06-06 17:00:00+00:00,9666.741736570597
2026-06-06 18:00:00+00:00,9666.741736570597
2026-06-06 19:00:00+00:00,9666.741736570597
2026-06-06 20:00:00+00:00,9666.741736570597
2026-06-06 21:00:00+00:00,9666.741736570597
2026-06-06 22:00:00+00:00,9666.741736570597
2026-06-06 23:00:00+00:00,9666.741736570597
2026-06-07 00:00:00+00:00,9666.741736570597
2026-06-07 01:00:00+00:00,9666.741736570597
2026-06-07 02:00:00+00:00,9666.741736570597
2026-06-07 03:00:00+00:00,9666.741736570597
2026-06-07 04:00:00+00:00,9666.741736570597
2026-06-07 05:00:00+00:00,9666.741736570597
2026-06-07 06:00:00+00:00,9666.741736570597
2026-06-07 07:00:00+00:00,9666.741736570597
2026-06-07 08:00:00+00:00,9666.741736570597
2026-06-07 09:00:00+00:00,9666.741736570597
2026-06-07 10:00:00+00:00,9666.741736570597
2026-06-07 11:00:00+00:00,9666.741736570597
2026-06-07 12:00:00+00:00,9666.741736570597
2026-06-07 13:00:00+00:00,9666.741736570597
2026-06-07 14:00:00+00:00,9666.741736570597
2026-06-07 15:00:00+00:00,9666.741736570597
2026-06-07 16:00:00+00:00,9666.741736570597
2026-06-07 17:00:00+00:00,9666.741736570597
2026-06-07 18:00:00+00:00,9666.741736570597
2026-06-07 19:00:00+00:00,9666.741736570597
2026-06-07 20:00:00+00:00,9666.741736570597
2026-06-07 21:00:00+00:00,9666.741736570597
2026-06-07 22:00:00+00:00,9666.741736570597
2026-06-07 23:00:00+00:00,9666.741736570597
2026-06-08 00:00:00+00:00,9666.741736570597
2026-06-08 01:00:00+00:00,9666.741736570597
2026-06-08 02:00:00+00:00,9666.741736570597
2026-06-08 03:00:00+00:00,9666.741736570597
2026-06-08 04:00:00+00:00,9666.741736570597
2026-06-08 05:00:00+00:00,9666.741736570597
2026-06-08 06:00:00+00:00,9666.741736570597
2026-06-08 07:00:00+00:00,9666.741736570597
2026-06-08 08:00:00+00:00,9666.741736570597
2026-06-08 09:00:00+00:00,9666.741736570597
2026-06-08 10:00:00+00:00,9666.741736570597
2026-06-08 11:00:00+00:00,9666.741736570597
2026-06-08 12:00:00+00:00,9666.741736570597
2026-06-08 13:00:00+00:00,9666.741736570597
2026-06-08 14:00:00+00:00,9666.741736570597
2026-06-08 15:00:00+00:00,9666.741736570597
2026-06-08 16:00:00+00:00,9666.741736570597
2026-06-08 17:00:00+00:00,9666.741736570597
2026-06-08 18:00:00+00:00,9666.741736570597
2026-06-08 19:00:00+00:00,9666.741736570597
2026-06-08 20:00:00+00:00,9666.741736570597
2026-06-08 21:00:00+00:00,9666.741736570597
2026-06-08 22:00:00+00:00,9666.741736570597
2026-06-08 23:00:00+00:00,9666.741736570597
2026-06-09 00:00:00+00:00,9666.741736570597
2026-06-09 01:00:00+00:00,9666.741736570597
2026-06-09 02:00:00+00:00,9666.741736570597
2026-06-09 03:00:00+00:00,9666.741736570597
2026-06-09 04:00:00+00:00,9666.741736570597
2026-06-09 05:00:00+00:00,9666.741736570597
2026-06-09 06:00:00+00:00,9666.741736570597
2026-06-09 07:00:00+00:00,9666.741736570597
2026-06-09 08:00:00+00:00,9666.741736570597
2026-06-09 09:00:00+00:00,9666.741736570597
2026-06-09 10:00:00+00:00,9666.741736570597
2026-06-09 11:00:00+00:00,9666.741736570597
2026-06-09 12:00:00+00:00,9666.741736570597
2026-06-09 13:00:00+00:00,9666.741736570597
2026-06-09 14:00:00+00:00,9666.741736570597
2026-06-09 15:00:00+00:00,9666.741736570597
2026-06-09 16:00:00+00:00,9666.741736570597
2026-06-09 17:00:00+00:00,9666.741736570597
2026-06-09 18:00:00+00:00,9666.741736570597
2026-06-09 19:00:00+00:00,9666.741736570597
2026-06-09 20:00:00+00:00,9666.741736570597
2026-06-09 21:00:00+00:00,9666.741736570597
2026-06-09 22:00:00+00:00,9666.741736570597
2026-06-09 23:00:00+00:00,9666.741736570597
2026-06-10 00:00:00+00:00,9666.741736570597
2026-06-10 01:00:00+00:00,9666.741736570597
2026-06-10 02:00:00+00:00,9666.741736570597
2026-06-10 03:00:00+00:00,9666.741736570597
2026-06-10 04:00:00+00:00,9666.741736570597
2026-06-10 05:00:00+00:00,9666.741736570597
2026-06-10 06:00:00+00:00,9666.741736570597
2026-06-10 07:00:00+00:00,9666.741736570597
2026-06-10 08:00:00+00:00,9666.741736570597
2026-06-10 09:00:00+00:00,9666.741736570597
2026-06-10 10:00:00+00:00,9666.741736570597
2026-06-10 11:00:00+00:00,9666.741736570597
2026-06-10 12:00:00+00:00,9666.741736570597
2026-06-10 13:00:00+00:00,9666.741736570597
2026-06-10 14:00:00+00:00,9666.741736570597
2026-06-10 15:00:00+00:00,9666.741736570597
2026-06-10 16:00:00+00:00,9666.741736570597
2026-06-10 17:00:00+00:00,9666.741736570597
2026-06-10 18:00:00+00:00,9666.741736570597
2026-06-10 19:00:00+00:00,9666.741736570597
2026-06-10 20:00:00+00:00,9666.741736570597
2026-06-10 21:00:00+00:00,9666.741736570597
2026-06-10 22:00:00+00:00,9666.741736570597
2026-06-10 23:00:00+00:00,9666.741736570597
2026-06-11 00:00:00+00:00,9666.741736570597
2026-06-11 01:00:00+00:00,9666.741736570597
2026-06-11 02:00:00+00:00,9666.741736570597
2026-06-11 03:00:00+00:00,9666.741736570597
2026-06-11 04:00:00+00:00,9666.741736570597
2026-06-11 05:00:00+00:00,9666.741736570597
2026-06-11 06:00:00+00:00,9666.741736570597
2026-06-11 07:00:00+00:00,9666.741736570597
2026-06-11 08:00:00+00:00,9666.741736570597
2026-06-11 09:00:00+00:00,9666.741736570597
2026-06-11 10:00:00+00:00,9666.741736570597
2026-06-11 11:00:00+00:00,9666.741736570597
2026-06-11 12:00:00+00:00,9666.741736570597
2026-06-11 13:00:00+00:00,9666.741736570597
2026-06-11 14:00:00+00:00,9666.741736570597
2026-06-11 15:00:00+00:00,9666.741736570597
2026-06-11 16:00:00+00:00,9666.741736570597
2026-06-11 17:00:00+00:00,9666.741736570597
2026-06-11 18:00:00+00:00,9666.741736570597
2026-06-11 19:00:00+00:00,9666.741736570597
2026-06-11 20:00:00+00:00,9666.741736570597
2026-06-11 21:00:00+00:00,9666.741736570597
2026-06-11 22:00:00+00:00,9666.741736570597
2026-06-11 23:00:00+00:00,9666.741736570597
2026-06-12 00:00:00+00:00,9666.741736570597
2026-06-12 01:00:00+00:00,9666.741736570597
2026-06-12 02:00:00+00:00,9666.741736570597
2026-06-12 03:00:00+00:00,9666.741736570597
2026-06-12 04:00:00+00:00,9666.741736570597
2026-06-12 05:00:00+00:00,9666.741736570597
2026-06-12 06:00:00+00:00,9666.741736570597
2026-06-12 07:00:00+00:00,9666.741736570597
2026-06-12 08:00:00+00:00,9666.741736570597
2026-06-12 09:00:00+00:00,9666.741736570597
2026-06-12 10:00:00+00:00,9666.741736570597
2026-06-12 11:00:00+00:00,9666.741736570597
2026-06-12 12:00:00+00:00,9666.741736570597
2026-06-12 13:00:00+00:00,9666.741736570597
2026-06-12 14:00:00+00:00,9666.741736570597
2026-06-12 15:00:00+00:00,9666.741736570597
2026-06-12 16:00:00+00:00,9666.741736570597
2026-06-12 17:00:00+00:00,9666.741736570597
2026-06-12 18:00:00+00:00,9666.741736570597
2026-06-12 19:00:00+00:00,9666.741736570597
2026-06-12 20:00:00+00:00,9666.741736570597
2026-06-12 21:00:00+00:00,9666.741736570597
2026-06-12 22:00:00+00:00,9666.741736570597
2026-06-12 23:00:00+00:00,9666.741736570597
2026-06-13 00:00:00+00:00,9666.741736570597
2026-06-13 01:00:00+00:00,9666.741736570597
2026-06-13 02:00:00+00:00,9666.741736570597
2026-06-13 03:00:00+00:00,9666.741736570597
2026-06-13 04:00:00+00:00,9666.741736570597
2026-06-13 05:00:00+00:00,9666.741736570597
2026-06-13 06:00:00+00:00,9666.741736570597
2026-06-13 07:00:00+00:00,9666.741736570597
2026-06-13 08:00:00+00:00,9666.741736570597
2026-06-13 09:00:00+00:00,9666.741736570597
2026-06-13 10:00:00+00:00,9666.741736570597
2026-06-13 11:00:00+00:00,9666.741736570597
2026-06-13 12:00:00+00:00,9666.741736570597
2026-06-13 13:00:00+00:00,9666.741736570597
2026-06-13 14:00:00+00:00,9666.741736570597
2026-06-13 15:00:00+00:00,9666.741736570597
2026-06-13 16:00:00+00:00,9666.741736570597
2026-06-13 17:00:00+00:00,9666.741736570597
2026-06-13 18:00:00+00:00,9666.741736570597
2026-06-13 19:00:00+00:00,9666.741736570597
2026-06-13 20:00:00+00:00,9666.741736570597
2026-06-13 21:00:00+00:00,9666.741736570597
2026-06-13 22:00:00+00:00,9666.741736570597
2026-06-13 23:00:00+00:00,9666.741736570597
2026-06-14 00:00:00+00:00,9666.741736570597
2026-06-14 01:00:00+00:00,9666.741736570597
2026-06-14 02:00:00+00:00,9666.741736570597
2026-06-14 03:00:00+00:00,9666.741736570597
2026-06-14 04:00:00+00:00,9666.741736570597
2026-06-14 05:00:00+00:00,9666.741736570597
2026-06-14 06:00:00+00:00,9666.741736570597
2026-06-14 07:00:00+00:00,9666.741736570597
2026-06-14 08:00:00+00:00,9666.741736570597
2026-06-14 09:00:00+00:00,9666.741736570597
2026-06-14 10:00:00+00:00,9666.741736570597
2026-06-14 11:00:00+00:00,9666.741736570597
2026-06-14 12:00:00+00:00,9666.741736570597
2026-06-14 13:00:00+00:00,9666.741736570597
2026-06-14 14:00:00+00:00,9666.741736570597
2026-06-14 15:00:00+00:00,9666.741736570597
2026-06-14 16:00:00+00:00,9666.741736570597
2026-06-14 17:00:00+00:00,9666.741736570597
2026-06-14 18:00:00+00:00,9666.741736570597
2026-06-14 19:00:00+00:00,9666.741736570597
2026-06-14 20:00:00+00:00,9666.741736570597
2026-06-14 21:00:00+00:00,9666.741736570597
2026-06-14 22:00:00+00:00,9666.741736570597
2026-06-14 23:00:00+00:00,9666.741736570597
2026-06-15 00:00:00+00:00,9666.741736570597
2026-06-15 01:00:00+00:00,9646.228955098117
2026-06-15 02:00:00+00:00,9632.500955098116
2026-06-15 03:00:00+00:00,9627.520955098116
2026-06-15 04:00:00+00:00,9681.952955098117
2026-06-15 05:00:00+00:00,9647.920955098118
2026-06-15 06:00:00+00:00,9673.900955098117
2026-06-15 07:00:00+00:00,9668.320955098117
2026-06-15 08:00:00+00:00,9653.728955098117
2026-06-15 09:00:00+00:00,9652.063932069184
2026-06-15 10:00:00+00:00,9644.083932069183
2026-06-15 11:00:00+00:00,9682.999932069182
2026-06-15 12:00:00+00:00,9720.199932069183
2026-06-15 13:00:00+00:00,9760.411932069183
2026-06-15 14:00:00+00:00,9745.819932069182
2026-06-15 15:00:00+00:00,9761.599932069183
2026-06-15 16:00:00+00:00,9846.787932069183
2026-06-15 17:00:00+00:00,9831.44835791269
2026-06-15 18:00:00+00:00,9795.79635791269
2026-06-15 19:00:00+00:00,9785.032357912689
2026-06-15 20:00:00+00:00,9740.05177300414
2026-06-15 21:00:00+00:00,9740.05177300414
2026-06-15 22:00:00+00:00,9740.05177300414
2026-06-15 23:00:00+00:00,9740.05177300414
2026-06-16 00:00:00+00:00,9740.05177300414
2026-06-16 01:00:00+00:00,9740.05177300414
2026-06-16 02:00:00+00:00,9740.05177300414
2026-06-16 03:00:00+00:00,9740.05177300414
2026-06-16 04:00:00+00:00,9740.05177300414
2026-06-16 05:00:00+00:00,9740.05177300414
2026-06-16 06:00:00+00:00,9740.05177300414
2026-06-16 07:00:00+00:00,9740.05177300414
2026-06-16 08:00:00+00:00,9740.05177300414
2026-06-16 09:00:00+00:00,9740.05177300414
2026-06-16 10:00:00+00:00,9740.05177300414
2026-06-16 11:00:00+00:00,9740.05177300414
2026-06-16 12:00:00+00:00,9740.05177300414
2026-06-16 13:00:00+00:00,9740.05177300414
2026-06-16 14:00:00+00:00,9740.05177300414
2026-06-16 15:00:00+00:00,9740.05177300414
2026-06-16 16:00:00+00:00,9740.05177300414
2026-06-16 17:00:00+00:00,9740.05177300414
2026-06-16 18:00:00+00:00,9740.05177300414
2026-06-16 19:00:00+00:00,9740.05177300414
2026-06-16 20:00:00+00:00,9740.05177300414
2026-06-16 21:00:00+00:00,9740.05177300414
2026-06-16 22:00:00+00:00,9740.05177300414
2026-06-16 23:00:00+00:00,9740.05177300414
2026-06-17 00:00:00+00:00,9740.05177300414
2026-06-17 01:00:00+00:00,9740.05177300414
2026-06-17 02:00:00+00:00,9740.05177300414
2026-06-17 03:00:00+00:00,9740.05177300414
2026-06-17 04:00:00+00:00,9740.05177300414
2026-06-17 05:00:00+00:00,9740.05177300414
2026-06-17 06:00:00+00:00,9740.05177300414
2026-06-17 07:00:00+00:00,9740.05177300414
2026-06-17 08:00:00+00:00,9740.05177300414
2026-06-17 09:00:00+00:00,9740.05177300414
2026-06-17 10:00:00+00:00,9740.05177300414
2026-06-17 11:00:00+00:00,9740.05177300414
2026-06-17 12:00:00+00:00,9740.05177300414
2026-06-17 13:00:00+00:00,9740.05177300414
2026-06-17 14:00:00+00:00,9740.05177300414
2026-06-17 15:00:00+00:00,9740.05177300414
2026-06-17 16:00:00+00:00,9740.05177300414
2026-06-17 17:00:00+00:00,9740.05177300414
2026-06-17 18:00:00+00:00,9740.05177300414
2026-06-17 19:00:00+00:00,9740.05177300414
2026-06-17 20:00:00+00:00,9740.05177300414
2026-06-17 21:00:00+00:00,9740.05177300414
2026-06-17 22:00:00+00:00,9740.05177300414
2026-06-17 23:00:00+00:00,9740.05177300414
2026-06-18 00:00:00+00:00,9740.05177300414
2026-06-18 01:00:00+00:00,9740.05177300414
2026-06-18 02:00:00+00:00,9740.05177300414
2026-06-18 03:00:00+00:00,9740.05177300414
2026-06-18 04:00:00+00:00,9740.05177300414
2026-06-18 05:00:00+00:00,9740.05177300414
2026-06-18 06:00:00+00:00,9740.05177300414
2026-06-18 07:00:00+00:00,9740.05177300414
2026-06-18 08:00:00+00:00,9740.05177300414
2026-06-18 09:00:00+00:00,9740.05177300414
2026-06-18 10:00:00+00:00,9740.05177300414
2026-06-18 11:00:00+00:00,9740.05177300414
2026-06-18 12:00:00+00:00,9740.05177300414
2026-06-18 13:00:00+00:00,9740.05177300414
2026-06-18 14:00:00+00:00,9740.05177300414
2026-06-18 15:00:00+00:00,9740.05177300414
2026-06-18 16:00:00+00:00,9740.05177300414
2026-06-18 17:00:00+00:00,9740.05177300414
2026-06-18 18:00:00+00:00,9740.05177300414
2026-06-18 19:00:00+00:00,9740.05177300414
2026-06-18 20:00:00+00:00,9740.05177300414
2026-06-18 21:00:00+00:00,9740.05177300414
2026-06-18 22:00:00+00:00,9740.05177300414
2026-06-18 23:00:00+00:00,9740.05177300414
2026-06-19 00:00:00+00:00,9740.05177300414
2026-06-19 01:00:00+00:00,9740.05177300414
2026-06-19 02:00:00+00:00,9740.05177300414
2026-06-19 03:00:00+00:00,9740.05177300414
2026-06-19 04:00:00+00:00,9740.05177300414
2026-06-19 05:00:00+00:00,9740.05177300414
2026-06-19 06:00:00+00:00,9740.05177300414
2026-06-19 07:00:00+00:00,9740.05177300414
2026-06-19 08:00:00+00:00,9740.05177300414
2026-06-19 09:00:00+00:00,9740.05177300414
2026-06-19 10:00:00+00:00,9740.05177300414
2026-06-19 11:00:00+00:00,9740.05177300414
2026-06-19 12:00:00+00:00,9740.05177300414
2026-06-19 13:00:00+00:00,9740.05177300414
2026-06-19 14:00:00+00:00,9740.05177300414
2026-06-19 15:00:00+00:00,9740.05177300414
2026-06-19 16:00:00+00:00,9740.05177300414
2026-06-19 17:00:00+00:00,9740.05177300414
2026-06-19 18:00:00+00:00,9740.05177300414
2026-06-19 19:00:00+00:00,9740.05177300414
2026-06-19 20:00:00+00:00,9740.05177300414
2026-06-19 21:00:00+00:00,9740.05177300414
2026-06-19 22:00:00+00:00,9740.05177300414
2026-06-19 23:00:00+00:00,9740.05177300414
2026-06-20 00:00:00+00:00,9740.05177300414
2026-06-20 01:00:00+00:00,9740.05177300414
2026-06-20 02:00:00+00:00,9740.05177300414
2026-06-20 03:00:00+00:00,9740.05177300414
2026-06-20 04:00:00+00:00,9740.05177300414
2026-06-20 05:00:00+00:00,9740.05177300414
2026-06-20 06:00:00+00:00,9740.05177300414
2026-06-20 07:00:00+00:00,9740.05177300414
2026-06-20 08:00:00+00:00,9740.05177300414
2026-06-20 09:00:00+00:00,9740.05177300414
2026-06-20 10:00:00+00:00,9740.05177300414
2026-06-20 11:00:00+00:00,9740.05177300414
2026-06-20 12:00:00+00:00,9740.05177300414
2026-06-20 13:00:00+00:00,9740.05177300414
2026-06-20 14:00:00+00:00,9740.05177300414
2026-06-20 15:00:00+00:00,9740.05177300414
2026-06-20 16:00:00+00:00,9740.05177300414
2026-06-20 17:00:00+00:00,9740.05177300414
2026-06-20 18:00:00+00:00,9740.05177300414
2026-06-20 19:00:00+00:00,9740.05177300414
2026-06-20 20:00:00+00:00,9740.05177300414
2026-06-20 21:00:00+00:00,9740.05177300414
2026-06-20 22:00:00+00:00,9740.05177300414
2026-06-20 23:00:00+00:00,9740.05177300414
2026-06-21 00:00:00+00:00,9740.05177300414
2026-06-21 01:00:00+00:00,9740.05177300414
2026-06-21 02:00:00+00:00,9740.05177300414
2026-06-21 03:00:00+00:00,9740.05177300414
2026-06-21 04:00:00+00:00,9740.05177300414
2026-06-21 05:00:00+00:00,9740.05177300414
2026-06-21 06:00:00+00:00,9740.05177300414
2026-06-21 07:00:00+00:00,9740.05177300414
2026-06-21 08:00:00+00:00,9740.05177300414
2026-06-21 09:00:00+00:00,9740.05177300414
2026-06-21 10:00:00+00:00,9740.05177300414
2026-06-21 11:00:00+00:00,9740.05177300414
2026-06-21 12:00:00+00:00,9740.05177300414
2026-06-21 13:00:00+00:00,9740.05177300414
2026-06-21 14:00:00+00:00,9740.05177300414
2026-06-21 15:00:00+00:00,9740.05177300414
2026-06-21 16:00:00+00:00,9740.05177300414
2026-06-21 17:00:00+00:00,9740.05177300414
2026-06-21 18:00:00+00:00,9740.05177300414
2026-06-21 19:00:00+00:00,9740.05177300414
2026-06-21 20:00:00+00:00,9740.05177300414
2026-06-21 21:00:00+00:00,9740.05177300414
2026-06-21 22:00:00+00:00,9740.05177300414
2026-06-21 23:00:00+00:00,9740.05177300414
2026-06-22 00:00:00+00:00,9740.05177300414
2026-06-22 01:00:00+00:00,9740.05177300414
2026-06-22 02:00:00+00:00,9740.05177300414
2026-06-22 03:00:00+00:00,9740.05177300414
2026-06-22 04:00:00+00:00,9740.05177300414
2026-06-22 05:00:00+00:00,9740.05177300414
2026-06-22 06:00:00+00:00,9740.05177300414
2026-06-22 07:00:00+00:00,9740.05177300414
2026-06-22 08:00:00+00:00,9740.05177300414
2026-06-22 09:00:00+00:00,9740.05177300414
2026-06-22 10:00:00+00:00,9740.05177300414
2026-06-22 11:00:00+00:00,9740.05177300414
2026-06-22 12:00:00+00:00,9740.05177300414
2026-06-22 13:00:00+00:00,9740.05177300414
2026-06-22 14:00:00+00:00,9740.05177300414
2026-06-22 15:00:00+00:00,9740.05177300414
2026-06-22 16:00:00+00:00,9740.05177300414
2026-06-22 17:00:00+00:00,9740.05177300414
2026-06-22 18:00:00+00:00,9740.05177300414
2026-06-22 19:00:00+00:00,9740.05177300414
2026-06-22 20:00:00+00:00,9740.05177300414
2026-06-22 21:00:00+00:00,9740.05177300414
2026-06-22 22:00:00+00:00,9740.05177300414
2026-06-22 23:00:00+00:00,9740.05177300414
2026-06-23 00:00:00+00:00,9740.05177300414
2026-06-23 01:00:00+00:00,9740.05177300414
2026-06-23 02:00:00+00:00,9740.05177300414
2026-06-23 03:00:00+00:00,9740.05177300414
2026-06-23 04:00:00+00:00,9740.05177300414
2026-06-23 05:00:00+00:00,9740.05177300414
2026-06-23 06:00:00+00:00,9740.05177300414
2026-06-23 07:00:00+00:00,9740.05177300414
2026-06-23 08:00:00+00:00,9740.05177300414
2026-06-23 09:00:00+00:00,9740.05177300414
2026-06-23 10:00:00+00:00,9740.05177300414
2026-06-23 11:00:00+00:00,9740.05177300414
2026-06-23 12:00:00+00:00,9740.05177300414
2026-06-23 13:00:00+00:00,9740.05177300414
2026-06-23 14:00:00+00:00,9740.05177300414
2026-06-23 15:00:00+00:00,9740.05177300414
2026-06-23 16:00:00+00:00,9740.05177300414
2026-06-23 17:00:00+00:00,9740.05177300414
2026-06-23 18:00:00+00:00,9740.05177300414
2026-06-23 19:00:00+00:00,9740.05177300414
2026-06-23 20:00:00+00:00,9740.05177300414
2026-06-23 21:00:00+00:00,9740.05177300414
2026-06-23 22:00:00+00:00,9740.05177300414
2026-06-23 23:00:00+00:00,9740.05177300414
2026-06-24 00:00:00+00:00,9740.05177300414
2026-06-24 01:00:00+00:00,9740.05177300414
2026-06-24 02:00:00+00:00,9740.05177300414
2026-06-24 03:00:00+00:00,9740.05177300414
2026-06-24 04:00:00+00:00,9740.05177300414
2026-06-24 05:00:00+00:00,9740.05177300414
2026-06-24 06:00:00+00:00,9740.05177300414
2026-06-24 07:00:00+00:00,9740.05177300414
2026-06-24 08:00:00+00:00,9740.05177300414
2026-06-24 09:00:00+00:00,9740.05177300414
2026-06-24 10:00:00+00:00,9740.05177300414
2026-06-24 11:00:00+00:00,9740.05177300414
2026-06-24 12:00:00+00:00,9740.05177300414
2026-06-24 13:00:00+00:00,9740.05177300414
2026-06-24 14:00:00+00:00,9740.05177300414
2026-06-24 15:00:00+00:00,9756.48612260814
2026-06-24 16:00:00+00:00,9845.218722608139
2026-06-24 17:00:00+00:00,9892.007768061801
2026-06-24 18:00:00+00:00,9940.184768061801
2026-06-24 19:00:00+00:00,9917.532568061803
2026-06-24 20:00:00+00:00,9880.633968061802
2026-06-24 21:00:00+00:00,9816.426529138258
2026-06-24 22:00:00+00:00,9816.426529138258
2026-06-24 23:00:00+00:00,9816.426529138258
2026-06-25 00:00:00+00:00,9816.426529138258
2026-06-25 01:00:00+00:00,9816.426529138258
2026-06-25 02:00:00+00:00,9816.426529138258
2026-06-25 03:00:00+00:00,9816.426529138258
2026-06-25 04:00:00+00:00,9816.426529138258
2026-06-25 05:00:00+00:00,9816.426529138258
2026-06-25 06:00:00+00:00,9816.426529138258
2026-06-25 07:00:00+00:00,9816.426529138258
2026-06-25 08:00:00+00:00,9816.426529138258
2026-06-25 09:00:00+00:00,9816.426529138258
2026-06-25 10:00:00+00:00,9816.426529138258
2026-06-25 11:00:00+00:00,9816.426529138258
2026-06-25 12:00:00+00:00,9816.426529138258
2026-06-25 13:00:00+00:00,9816.426529138258
2026-06-25 14:00:00+00:00,9816.426529138258
2026-06-25 15:00:00+00:00,9728.960055531888
2026-06-25 16:00:00+00:00,9722.541655531888
2026-06-25 17:00:00+00:00,9739.947344322743
2026-06-25 18:00:00+00:00,9714.145944322743
2026-06-25 19:00:00+00:00,9725.555644322743
2026-06-25 20:00:00+00:00,9738.932044322743
2026-06-25 21:00:00+00:00,9729.453544322743
2026-06-25 22:00:00+00:00,9676.146744322743
2026-06-25 23:00:00+00:00,9702.359944322743
2026-06-26 00:00:00+00:00,9705.441344322742
2026-06-26 01:00:00+00:00,9715.529048342194
2026-06-26 02:00:00+00:00,9731.085148342194
2026-06-26 03:00:00+00:00,9792.578248342194
2026-06-26 04:00:00+00:00,9692.612416315958
2026-06-26 05:00:00+00:00,9692.612416315958
2026-06-26 06:00:00+00:00,9692.612416315958
2026-06-26 07:00:00+00:00,9692.612416315958
2026-06-26 08:00:00+00:00,9692.612416315958
2026-06-26 09:00:00+00:00,9692.612416315958
2026-06-26 10:00:00+00:00,9692.612416315958
2026-06-26 11:00:00+00:00,9692.612416315958
2026-06-26 12:00:00+00:00,9692.612416315958
2026-06-26 13:00:00+00:00,9692.612416315958
2026-06-26 14:00:00+00:00,9692.612416315958
2026-06-26 15:00:00+00:00,9692.612416315958
2026-06-26 16:00:00+00:00,9692.612416315958
2026-06-26 17:00:00+00:00,9692.612416315958
2026-06-26 18:00:00+00:00,9692.612416315958
2026-06-26 19:00:00+00:00,9692.612416315958
2026-06-26 20:00:00+00:00,9692.612416315958
2026-06-26 21:00:00+00:00,9692.612416315958
2026-06-26 22:00:00+00:00,9692.612416315958
2026-06-26 23:00:00+00:00,9692.612416315958
2026-06-27 00:00:00+00:00,9692.612416315958
2026-06-27 01:00:00+00:00,9692.612416315958
2026-06-27 02:00:00+00:00,9692.612416315958
2026-06-27 03:00:00+00:00,9692.612416315958
2026-06-27 04:00:00+00:00,9692.612416315958
2026-06-27 05:00:00+00:00,9692.612416315958
2026-06-27 06:00:00+00:00,9692.612416315958
2026-06-27 07:00:00+00:00,9692.612416315958
2026-06-27 08:00:00+00:00,9692.612416315958
2026-06-27 09:00:00+00:00,9692.612416315958
2026-06-27 10:00:00+00:00,9692.612416315958
2026-06-27 11:00:00+00:00,9692.612416315958
2026-06-27 12:00:00+00:00,9692.612416315958
2026-06-27 13:00:00+00:00,9692.612416315958
2026-06-27 14:00:00+00:00,9692.612416315958
2026-06-27 15:00:00+00:00,9692.612416315958
2026-06-27 16:00:00+00:00,9692.612416315958
2026-06-27 17:00:00+00:00,9692.612416315958
2026-06-27 18:00:00+00:00,9692.612416315958
2026-06-27 19:00:00+00:00,9692.612416315958
2026-06-27 20:00:00+00:00,9692.612416315958
2026-06-27 21:00:00+00:00,9692.612416315958
2026-06-27 22:00:00+00:00,9692.612416315958
2026-06-27 23:00:00+00:00,9692.612416315958
2026-06-28 00:00:00+00:00,9692.612416315958
2026-06-28 01:00:00+00:00,9692.612416315958
2026-06-28 02:00:00+00:00,9692.612416315958
2026-06-28 03:00:00+00:00,9692.612416315958
2026-06-28 04:00:00+00:00,9692.612416315958
2026-06-28 05:00:00+00:00,9692.612416315958
2026-06-28 06:00:00+00:00,9692.612416315958
2026-06-28 07:00:00+00:00,9692.612416315958
2026-06-28 08:00:00+00:00,9692.612416315958
2026-06-28 09:00:00+00:00,9692.612416315958
2026-06-28 10:00:00+00:00,9692.612416315958
2026-06-28 11:00:00+00:00,9692.612416315958
2026-06-28 12:00:00+00:00,9692.612416315958
2026-06-28 13:00:00+00:00,9692.612416315958
2026-06-28 14:00:00+00:00,9692.612416315958
2026-06-28 15:00:00+00:00,9692.612416315958
2026-06-28 16:00:00+00:00,9692.612416315958
2026-06-28 17:00:00+00:00,9692.612416315958
2026-06-28 18:00:00+00:00,9692.612416315958
2026-06-28 19:00:00+00:00,9692.612416315958
2026-06-28 20:00:00+00:00,9692.612416315958
2026-06-28 21:00:00+00:00,9692.612416315958
2026-06-28 22:00:00+00:00,9692.612416315958
2026-06-28 23:00:00+00:00,9692.612416315958
2026-06-29 00:00:00+00:00,9692.612416315958
2026-06-29 01:00:00+00:00,9692.612416315958
2026-06-29 02:00:00+00:00,9692.612416315958
2026-06-29 03:00:00+00:00,9692.612416315958
2026-06-29 04:00:00+00:00,9692.612416315958
2026-06-29 05:00:00+00:00,9692.612416315958
2026-06-29 06:00:00+00:00,9692.612416315958
2026-06-29 07:00:00+00:00,9692.612416315958
2026-06-29 08:00:00+00:00,9692.612416315958
2026-06-29 09:00:00+00:00,9692.612416315958
2026-06-29 10:00:00+00:00,9692.612416315958
2026-06-29 11:00:00+00:00,9692.612416315958
2026-06-29 12:00:00+00:00,9692.612416315958
2026-06-29 13:00:00+00:00,9692.612416315958
2026-06-29 14:00:00+00:00,9692.612416315958
2026-06-29 15:00:00+00:00,9692.612416315958
2026-06-29 16:00:00+00:00,9692.612416315958
2026-06-29 17:00:00+00:00,9692.612416315958
2026-06-29 18:00:00+00:00,9692.612416315958
2026-06-29 19:00:00+00:00,9692.612416315958
2026-06-29 20:00:00+00:00,9692.612416315958
2026-06-29 21:00:00+00:00,9692.612416315958
2026-06-29 22:00:00+00:00,9692.612416315958
2026-06-29 23:00:00+00:00,9692.612416315958
2026-06-30 00:00:00+00:00,9692.612416315958
2026-06-30 01:00:00+00:00,9692.612416315958
2026-06-30 02:00:00+00:00,9692.612416315958
2026-06-30 03:00:00+00:00,9692.612416315958
2026-06-30 04:00:00+00:00,9692.612416315958
2026-06-30 05:00:00+00:00,9692.612416315958
2026-06-30 06:00:00+00:00,9692.612416315958
2026-06-30 07:00:00+00:00,9692.612416315958
2026-06-30 08:00:00+00:00,9692.612416315958
2026-06-30 09:00:00+00:00,9692.612416315958
2026-06-30 10:00:00+00:00,9692.612416315958
2026-06-30 11:00:00+00:00,9692.612416315958
2026-06-30 12:00:00+00:00,9692.612416315958
2026-06-30 13:00:00+00:00,9692.612416315958
2026-06-30 14:00:00+00:00,9692.612416315958
2026-06-30 15:00:00+00:00,9692.612416315958
2026-06-30 16:00:00+00:00,9692.612416315958
2026-06-30 17:00:00+00:00,9692.612416315958
2026-06-30 18:00:00+00:00,9692.612416315958
2026-06-30 19:00:00+00:00,9692.612416315958
2026-06-30 20:00:00+00:00,9692.612416315958
2026-06-30 21:00:00+00:00,9692.612416315958
2026-06-30 22:00:00+00:00,9692.612416315958
2026-06-30 23:00:00+00:00,9692.612416315958
2026-07-01 00:00:00+00:00,9692.612416315958
2026-07-01 01:00:00+00:00,9692.612416315958
2026-07-01 02:00:00+00:00,9692.612416315958
2026-07-01 03:00:00+00:00,9692.612416315958
2026-07-01 04:00:00+00:00,9692.612416315958
2026-07-01 05:00:00+00:00,9692.612416315958
2026-07-01 06:00:00+00:00,9692.612416315958
2026-07-01 07:00:00+00:00,9692.612416315958
2026-07-01 08:00:00+00:00,9692.612416315958
2026-07-01 09:00:00+00:00,9692.612416315958
2026-07-01 10:00:00+00:00,9692.612416315958
2026-07-01 11:00:00+00:00,9692.612416315958
2026-07-01 12:00:00+00:00,9692.612416315958
2026-07-01 13:00:00+00:00,9692.612416315958
2026-07-01 14:00:00+00:00,9692.612416315958
2026-07-01 15:00:00+00:00,9692.612416315958
2026-07-01 16:00:00+00:00,9692.612416315958
2026-07-01 17:00:00+00:00,9692.612416315958
2026-07-01 18:00:00+00:00,9692.612416315958
2026-07-01 19:00:00+00:00,9692.612416315958
2026-07-01 20:00:00+00:00,9692.612416315958
2026-07-01 21:00:00+00:00,9692.612416315958
2026-07-01 22:00:00+00:00,9692.612416315958
2026-07-01 23:00:00+00:00,9692.612416315958
2026-07-02 00:00:00+00:00,9692.612416315958
2026-07-02 01:00:00+00:00,9692.612416315958
2026-07-02 02:00:00+00:00,9692.612416315958
2026-07-02 03:00:00+00:00,9692.612416315958
2026-07-02 04:00:00+00:00,9692.612416315958
2026-07-02 05:00:00+00:00,9692.612416315958
2026-07-02 06:00:00+00:00,9692.612416315958
2026-07-02 07:00:00+00:00,9692.612416315958
2026-07-02 08:00:00+00:00,9692.612416315958
2026-07-02 09:00:00+00:00,9692.612416315958
2026-07-02 10:00:00+00:00,9692.612416315958
2026-07-02 11:00:00+00:00,9692.612416315958
2026-07-02 12:00:00+00:00,9692.612416315958
2026-07-02 13:00:00+00:00,9692.612416315958
2026-07-02 14:00:00+00:00,9692.612416315958
2026-07-02 15:00:00+00:00,9692.612416315958
2026-07-02 16:00:00+00:00,9692.612416315958
2026-07-02 17:00:00+00:00,9692.612416315958
2026-07-02 18:00:00+00:00,9692.612416315958
2026-07-02 19:00:00+00:00,9692.612416315958
2026-07-02 20:00:00+00:00,9692.612416315958
2026-07-02 21:00:00+00:00,9692.612416315958
2026-07-02 22:00:00+00:00,9692.612416315958
2026-07-02 23:00:00+00:00,9692.612416315958
2026-07-03 00:00:00+00:00,9692.612416315958
2026-07-03 01:00:00+00:00,9692.612416315958
2026-07-03 02:00:00+00:00,9692.612416315958
2026-07-03 03:00:00+00:00,9692.612416315958
2026-07-03 04:00:00+00:00,9692.612416315958
2026-07-03 05:00:00+00:00,9692.612416315958
2026-07-03 06:00:00+00:00,9692.612416315958
2026-07-03 07:00:00+00:00,9692.612416315958
2026-07-03 08:00:00+00:00,9692.612416315958
2026-07-03 09:00:00+00:00,9692.612416315958
2026-07-03 10:00:00+00:00,9692.612416315958
2026-07-03 11:00:00+00:00,9692.612416315958
2026-07-03 12:00:00+00:00,9692.612416315958
2026-07-03 13:00:00+00:00,9692.612416315958
2026-07-03 14:00:00+00:00,9692.612416315958
2026-07-03 15:00:00+00:00,9692.612416315958
2026-07-03 16:00:00+00:00,9692.612416315958
2026-07-03 17:00:00+00:00,9692.612416315958
2026-07-03 18:00:00+00:00,9692.612416315958
2026-07-03 19:00:00+00:00,9692.612416315958
2026-07-03 20:00:00+00:00,9692.612416315958
2026-07-03 21:00:00+00:00,9692.612416315958
2026-07-03 22:00:00+00:00,9679.85186573821
2026-07-03 23:00:00+00:00,9660.02686573821
2026-07-04 00:00:00+00:00,9661.176865738209
2026-07-04 01:00:00+00:00,9682.570534751645
2026-07-04 02:00:00+00:00,9646.970534751645
2026-07-04 03:00:00+00:00,9655.058034751644
2026-07-04 04:00:00+00:00,9666.370534751644
2026-07-04 05:00:00+00:00,9674.108034751644
2026-07-04 06:00:00+00:00,9647.670534751644
2026-07-04 07:00:00+00:00,9650.870534751644
2026-07-04 08:00:00+00:00,9659.170534751644
2026-07-04 09:00:00+00:00,9657.581988457072
2026-07-04 10:00:00+00:00,9649.981988457072
2026-07-04 11:00:00+00:00,9652.256988457073
2026-07-04 12:00:00+00:00,9649.294488457072
2026-07-04 13:00:00+00:00,9670.694488457073
2026-07-04 14:00:00+00:00,9662.119488457072
2026-07-04 15:00:00+00:00,9675.081988457072
2026-07-04 16:00:00+00:00,9704.59448845707
2026-07-04 17:00:00+00:00,9701.875275665672
2026-07-04 18:00:00+00:00,9747.237775665673
2026-07-04 19:00:00+00:00,9733.487775665673
2026-07-04 20:00:00+00:00,9749.125275665672
2026-07-04 21:00:00+00:00,9741.725275665673
2026-07-04 22:00:00+00:00,9750.262775665673
2026-07-04 23:00:00+00:00,9736.737775665673
2026-07-05 00:00:00+00:00,9730.675275665673
2026-07-05 01:00:00+00:00,9710.323784415674
2026-07-05 02:00:00+00:00,9697.861284415674
2026-07-05 03:00:00+00:00,9672.782435684343
2026-07-05 04:00:00+00:00,9672.782435684343
2026-07-05 05:00:00+00:00,9672.782435684343
2026-07-05 06:00:00+00:00,9672.782435684343
2026-07-05 07:00:00+00:00,9672.782435684343
2026-07-05 08:00:00+00:00,9672.782435684343
2026-07-05 09:00:00+00:00,9672.782435684343
2026-07-05 10:00:00+00:00,9672.782435684343
2026-07-05 11:00:00+00:00,9672.782435684343
2026-07-05 12:00:00+00:00,9672.782435684343
2026-07-05 13:00:00+00:00,9672.782435684343
2026-07-05 14:00:00+00:00,9672.782435684343
2026-07-05 15:00:00+00:00,9672.782435684343
2026-07-05 16:00:00+00:00,9672.782435684343
2026-07-05 17:00:00+00:00,9672.782435684343
2026-07-05 18:00:00+00:00,9672.782435684343
2026-07-05 19:00:00+00:00,9672.782435684343
2026-07-05 20:00:00+00:00,9672.782435684343
2026-07-05 21:00:00+00:00,9672.782435684343
2026-07-05 22:00:00+00:00,9672.782435684343
2026-07-05 23:00:00+00:00,9672.782435684343
2026-07-06 00:00:00+00:00,9651.334203488152
2026-07-06 01:00:00+00:00,9667.501199534623
2026-07-06 02:00:00+00:00,9641.710799534623
2026-07-06 03:00:00+00:00,9624.905999534623
2026-07-06 04:00:00+00:00,9602.859599534624
2026-07-06 05:00:00+00:00,9598.237199534622
2026-07-06 06:00:00+00:00,9564.901568360716
2026-07-06 07:00:00+00:00,9564.901568360716
2026-07-06 08:00:00+00:00,9564.901568360716
2026-07-06 09:00:00+00:00,9564.901568360716
2026-07-06 10:00:00+00:00,9564.901568360716
2026-07-06 11:00:00+00:00,9564.901568360716
2026-07-06 12:00:00+00:00,9564.901568360716
2026-07-06 13:00:00+00:00,9564.901568360716
2026-07-06 14:00:00+00:00,9564.901568360716
2026-07-06 15:00:00+00:00,9564.901568360716
2026-07-06 16:00:00+00:00,9564.901568360716
2026-07-06 17:00:00+00:00,9564.901568360716
2026-07-06 18:00:00+00:00,9564.901568360716
2026-07-06 19:00:00+00:00,9564.901568360716
2026-07-06 20:00:00+00:00,9564.901568360716
2026-07-06 21:00:00+00:00,9564.901568360716
2026-07-06 22:00:00+00:00,9564.901568360716
2026-07-06 23:00:00+00:00,9536.980400145236
2026-07-07 00:00:00+00:00,9517.757400145236
2026-07-07 01:00:00+00:00,9531.208560445235
2026-07-07 02:00:00+00:00,9497.641160445235
2026-07-07 03:00:00+00:00,9441.854315545264
2026-07-07 04:00:00+00:00,9441.854315545264
2026-07-07 05:00:00+00:00,9441.854315545264
2026-07-07 06:00:00+00:00,9441.854315545264
2026-07-07 07:00:00+00:00,9441.854315545264
2026-07-07 08:00:00+00:00,9441.854315545264
2026-07-07 09:00:00+00:00,9441.854315545264
2026-07-07 10:00:00+00:00,9441.854315545264
2026-07-07 11:00:00+00:00,9441.854315545264
2026-07-07 12:00:00+00:00,9441.854315545264
2026-07-07 13:00:00+00:00,9441.854315545264
2026-07-07 14:00:00+00:00,9441.854315545264
2026-07-07 15:00:00+00:00,9441.854315545264
2026-07-07 16:00:00+00:00,9441.854315545264
2026-07-07 17:00:00+00:00,9441.854315545264
2026-07-07 18:00:00+00:00,9441.854315545264
2026-07-07 19:00:00+00:00,9441.854315545264
2026-07-07 20:00:00+00:00,9441.854315545264
2026-07-07 21:00:00+00:00,9441.854315545264
2026-07-07 22:00:00+00:00,9441.854315545264
2026-07-07 23:00:00+00:00,9441.854315545264
2026-07-08 00:00:00+00:00,9441.854315545264
2026-07-08 01:00:00+00:00,9441.854315545264
2026-07-08 02:00:00+00:00,9441.854315545264
2026-07-08 03:00:00+00:00,9441.854315545264
2026-07-08 04:00:00+00:00,9441.854315545264
2026-07-08 05:00:00+00:00,9441.854315545264
2026-07-08 06:00:00+00:00,9441.854315545264
2026-07-08 07:00:00+00:00,9441.854315545264
2026-07-08 08:00:00+00:00,9441.854315545264
2026-07-08 09:00:00+00:00,9441.854315545264
2026-07-08 10:00:00+00:00,9441.854315545264
2026-07-08 11:00:00+00:00,9441.854315545264
2026-07-08 12:00:00+00:00,9441.854315545264
2026-07-08 13:00:00+00:00,9441.854315545264
2026-07-08 14:00:00+00:00,9441.854315545264
2026-07-08 15:00:00+00:00,9441.854315545264
2026-07-08 16:00:00+00:00,9441.854315545264
2026-07-08 17:00:00+00:00,9441.854315545264
2026-07-08 18:00:00+00:00,9441.854315545264
2026-07-08 19:00:00+00:00,9441.854315545264
2026-07-08 20:00:00+00:00,9441.854315545264
2026-07-08 21:00:00+00:00,9441.854315545264
2026-07-08 22:00:00+00:00,9441.854315545264
2026-07-08 23:00:00+00:00,9441.854315545264
2026-07-09 00:00:00+00:00,9441.854315545264
2026-07-09 01:00:00+00:00,9441.854315545264
2026-07-09 02:00:00+00:00,9441.854315545264
2026-07-09 03:00:00+00:00,9441.854315545264
2026-07-09 04:00:00+00:00,9441.854315545264
2026-07-09 05:00:00+00:00,9441.854315545264
2026-07-09 06:00:00+00:00,9441.854315545264
2026-07-09 07:00:00+00:00,9441.854315545264
2026-07-09 08:00:00+00:00,9441.854315545264
2026-07-09 09:00:00+00:00,9441.854315545264
2026-07-09 10:00:00+00:00,9441.854315545264
2026-07-09 11:00:00+00:00,9441.854315545264
2026-07-09 12:00:00+00:00,9441.854315545264
2026-07-09 13:00:00+00:00,9441.854315545264
2026-07-09 14:00:00+00:00,9441.854315545264
2026-07-09 15:00:00+00:00,9441.854315545264
2026-07-09 16:00:00+00:00,9441.854315545264
2026-07-09 17:00:00+00:00,9441.854315545264
2026-07-09 18:00:00+00:00,9441.854315545264
2026-07-09 19:00:00+00:00,9441.854315545264
2026-07-09 20:00:00+00:00,9441.854315545264
2026-07-09 21:00:00+00:00,9441.854315545264
2026-07-09 22:00:00+00:00,9441.854315545264
2026-07-09 23:00:00+00:00,9441.854315545264
2026-07-10 00:00:00+00:00,9441.854315545264
2026-07-10 01:00:00+00:00,9441.854315545264
2026-07-10 02:00:00+00:00,9441.854315545264
2026-07-10 03:00:00+00:00,9441.854315545264
2026-07-10 04:00:00+00:00,9441.854315545264
2026-07-10 05:00:00+00:00,9441.854315545264
2026-07-10 06:00:00+00:00,9441.854315545264
2026-07-10 07:00:00+00:00,9441.854315545264
2026-07-10 08:00:00+00:00,9441.854315545264
2026-07-10 09:00:00+00:00,9441.854315545264
2026-07-10 10:00:00+00:00,9441.854315545264
2026-07-10 11:00:00+00:00,9441.854315545264
2026-07-10 12:00:00+00:00,9441.854315545264
2026-07-10 13:00:00+00:00,9441.854315545264
2026-07-10 14:00:00+00:00,9441.854315545264
2026-07-10 15:00:00+00:00,9441.854315545264
2026-07-10 16:00:00+00:00,9441.854315545264
2026-07-10 17:00:00+00:00,9441.854315545264
2026-07-10 18:00:00+00:00,9441.854315545264
2026-07-10 19:00:00+00:00,9441.854315545264
2026-07-10 20:00:00+00:00,9441.854315545264
2026-07-10 21:00:00+00:00,9441.854315545264
2026-07-10 22:00:00+00:00,9441.854315545264
2026-07-10 23:00:00+00:00,9441.854315545264
2026-07-11 00:00:00+00:00,9441.854315545264
2026-07-11 01:00:00+00:00,9441.854315545264
2026-07-11 02:00:00+00:00,9441.854315545264
2026-07-11 03:00:00+00:00,9441.854315545264
2026-07-11 04:00:00+00:00,9441.854315545264
2026-07-11 05:00:00+00:00,9441.854315545264
2026-07-11 06:00:00+00:00,9441.854315545264
2026-07-11 07:00:00+00:00,9441.854315545264
2026-07-11 08:00:00+00:00,9441.854315545264
2026-07-11 09:00:00+00:00,9441.854315545264
2026-07-11 10:00:00+00:00,9441.854315545264
2026-07-11 11:00:00+00:00,9441.854315545264
2026-07-11 12:00:00+00:00,9441.854315545264
2026-07-11 13:00:00+00:00,9441.854315545264
2026-07-11 14:00:00+00:00,9441.854315545264
2026-07-11 15:00:00+00:00,9441.854315545264
2026-07-11 16:00:00+00:00,9441.854315545264
2026-07-11 17:00:00+00:00,9441.854315545264
2026-07-11 18:00:00+00:00,9441.854315545264
2026-07-11 19:00:00+00:00,9441.854315545264
2026-07-11 20:00:00+00:00,9441.854315545264
2026-07-11 21:00:00+00:00,9441.854315545264
2026-07-11 22:00:00+00:00,9441.854315545264
2026-07-11 23:00:00+00:00,9441.854315545264
2026-07-12 00:00:00+00:00,9441.854315545264
2026-07-12 01:00:00+00:00,9441.854315545264
2026-07-12 02:00:00+00:00,9441.854315545264
2026-07-12 03:00:00+00:00,9441.854315545264
2026-07-12 04:00:00+00:00,9441.854315545264
2026-07-12 05:00:00+00:00,9441.854315545264
2026-07-12 06:00:00+00:00,9441.854315545264
2026-07-12 07:00:00+00:00,9441.854315545264
2026-07-12 08:00:00+00:00,9441.854315545264
2026-07-12 09:00:00+00:00,9441.854315545264
2026-07-12 10:00:00+00:00,9441.854315545264
2026-07-12 11:00:00+00:00,9441.854315545264
2026-07-12 12:00:00+00:00,9441.854315545264
2026-07-12 13:00:00+00:00,9441.854315545264
2026-07-12 14:00:00+00:00,9441.854315545264
2026-07-12 15:00:00+00:00,9441.854315545264
2026-07-12 16:00:00+00:00,9441.854315545264
2026-07-12 17:00:00+00:00,9441.854315545264
2026-07-12 18:00:00+00:00,9441.854315545264
2026-07-12 19:00:00+00:00,9441.854315545264
2026-07-12 20:00:00+00:00,9441.854315545264
2026-07-12 21:00:00+00:00,9441.854315545264
2026-07-12 22:00:00+00:00,9441.854315545264
2026-07-12 23:00:00+00:00,9441.854315545264
2026-07-13 00:00:00+00:00,9441.854315545264
2026-07-13 01:00:00+00:00,9441.854315545264
2026-07-13 02:00:00+00:00,9441.854315545264
2026-07-13 03:00:00+00:00,9441.854315545264
2026-07-13 04:00:00+00:00,9441.854315545264
2026-07-13 05:00:00+00:00,9441.854315545264
2026-07-13 06:00:00+00:00,9441.854315545264
2026-07-13 07:00:00+00:00,9441.854315545264
2026-07-13 08:00:00+00:00,9441.854315545264
2026-07-13 09:00:00+00:00,9441.854315545264
2026-07-13 10:00:00+00:00,9441.854315545264
2026-07-13 11:00:00+00:00,9441.854315545264
2026-07-13 12:00:00+00:00,9441.854315545264
2026-07-13 13:00:00+00:00,9441.854315545264
2026-07-13 14:00:00+00:00,9441.854315545264
2026-07-13 15:00:00+00:00,9441.854315545264
2026-07-13 16:00:00+00:00,9441.854315545264
2026-07-13 17:00:00+00:00,9441.854315545264
2026-07-13 18:00:00+00:00,9441.854315545264
2026-07-13 19:00:00+00:00,9441.854315545264
2026-07-13 20:00:00+00:00,9441.854315545264
2026-07-13 21:00:00+00:00,9441.854315545264
2026-07-13 22:00:00+00:00,9441.854315545264
2026-07-13 23:00:00+00:00,9441.854315545264
2026-07-14 00:00:00+00:00,9441.854315545264
2026-07-14 01:00:00+00:00,9441.854315545264
2026-07-14 02:00:00+00:00,9441.854315545264
2026-07-14 03:00:00+00:00,9441.854315545264
2026-07-14 04:00:00+00:00,9441.854315545264
2026-07-14 05:00:00+00:00,9441.854315545264
2026-07-14 06:00:00+00:00,9441.854315545264
2026-07-14 07:00:00+00:00,9441.854315545264
2026-07-14 08:00:00+00:00,9441.854315545264
2026-07-14 09:00:00+00:00,9441.854315545264
2026-07-14 10:00:00+00:00,9441.854315545264
2026-07-14 11:00:00+00:00,9441.854315545264
2026-07-14 12:00:00+00:00,9441.854315545264
2026-07-14 13:00:00+00:00,9441.854315545264
2026-07-14 14:00:00+00:00,9441.854315545264
2026-07-14 15:00:00+00:00,9441.854315545264
2026-07-14 16:00:00+00:00,9441.854315545264
2026-07-14 17:00:00+00:00,9433.423836284777
2026-07-14 18:00:00+00:00,9423.445036284777
2026-07-14 19:00:00+00:00,9417.991036284777
2026-07-14 20:00:00+00:00,9417.273936284777
2026-07-14 21:00:00+00:00,9416.950736284776
2026-07-14 22:00:00+00:00,9428.010236284777
2026-07-14 23:00:00+00:00,9446.917436284777
2026-07-15 00:00:00+00:00,9464.087436284777
2026-07-15 01:00:00+00:00,9441.321935284775
2026-07-15 02:00:00+00:00,9426.606235284777
2026-07-15 03:00:00+00:00,9408.890835284776
2026-07-15 04:00:00+00:00,9438.857535284777
2026-07-15 05:00:00+00:00,9434.767035284776
2026-07-15 06:00:00+00:00,9454.825635284777
2026-07-15 07:00:00+00:00,9440.231135284776
2026-07-15 08:00:00+00:00,9414.425635284777
2026-07-15 09:00:00+00:00,9436.094933794777
2026-07-15 10:00:00+00:00,9425.116233794775
2026-07-15 11:00:00+00:00,9424.055733794776
2026-07-15 12:00:00+00:00,9432.256933794777
2026-07-15 13:00:00+00:00,9474.909233794775
2026-07-15 14:00:00+00:00,9471.364133794776
2026-07-15 15:00:00+00:00,9498.422033794775
2026-07-15 16:00:00+00:00,9501.058133794775
2026-07-15 17:00:00+00:00,9470.552750748482
2026-07-15 18:00:00+00:00,9464.654350748482
2026-07-15 19:00:00+00:00,9446.040050748481
2026-07-15 20:00:00+00:00,9456.847050748482
2026-07-15 21:00:00+00:00,9455.604750748482
2026-07-15 22:00:00+00:00,9442.212150748483
2026-07-15 23:00:00+00:00,9445.03005074848
2026-07-16 00:00:00+00:00,9433.798850748482
2026-07-16 01:00:00+00:00,9416.724856039691
2026-07-16 02:00:00+00:00,9416.724856039691
2026-07-16 03:00:00+00:00,9416.724856039691
2026-07-16 04:00:00+00:00,9416.724856039691
2026-07-16 05:00:00+00:00,9416.724856039691
2026-07-16 06:00:00+00:00,9416.724856039691
2026-07-16 07:00:00+00:00,9416.724856039691
2026-07-16 08:00:00+00:00,9416.724856039691
2026-07-16 09:00:00+00:00,9416.724856039691
2026-07-16 10:00:00+00:00,9416.724856039691
2026-07-16 11:00:00+00:00,9416.724856039691
2026-07-16 12:00:00+00:00,9416.724856039691
2026-07-16 13:00:00+00:00,9416.724856039691
2026-07-16 14:00:00+00:00,9416.724856039691
2026-07-16 15:00:00+00:00,9416.724856039691
2026-07-16 16:00:00+00:00,9416.724856039691
2026-07-16 17:00:00+00:00,9416.724856039691
2026-07-16 18:00:00+00:00,9416.724856039691
2026-07-16 19:00:00+00:00,9416.724856039691
2026-07-16 20:00:00+00:00,9416.724856039691
2026-07-16 21:00:00+00:00,9416.724856039691
2026-07-16 22:00:00+00:00,9416.724856039691
2026-07-16 23:00:00+00:00,9416.724856039691
2026-07-17 00:00:00+00:00,9416.724856039691
2026-07-17 01:00:00+00:00,9416.724856039691
2026-07-17 02:00:00+00:00,9416.724856039691
2026-07-17 03:00:00+00:00,9416.724856039691
2026-07-17 04:00:00+00:00,9416.724856039691
2026-07-17 05:00:00+00:00,9416.724856039691
2026-07-17 06:00:00+00:00,9416.724856039691
2026-07-17 07:00:00+00:00,9416.724856039691
2026-07-17 08:00:00+00:00,9416.724856039691
2026-07-17 09:00:00+00:00,9416.724856039691
2026-07-17 10:00:00+00:00,9416.724856039691
2026-07-17 11:00:00+00:00,9416.724856039691
2026-07-17 12:00:00+00:00,9416.724856039691
2026-07-17 13:00:00+00:00,9416.724856039691
2026-07-17 14:00:00+00:00,9416.724856039691
2026-07-17 15:00:00+00:00,9416.724856039691
2026-07-17 16:00:00+00:00,9416.724856039691
2026-07-17 17:00:00+00:00,9416.724856039691
2026-07-17 18:00:00+00:00,9416.724856039691
2026-07-17 19:00:00+00:00,9416.724856039691
2026-07-17 20:00:00+00:00,9416.724856039691
2026-07-17 21:00:00+00:00,9416.724856039691
2026-07-17 22:00:00+00:00,9416.724856039691
2026-07-17 23:00:00+00:00,9416.724856039691
2026-07-18 00:00:00+00:00,9416.724856039691
2026-07-18 01:00:00+00:00,9416.724856039691
2026-07-18 02:00:00+00:00,9416.724856039691
2026-07-18 03:00:00+00:00,9416.724856039691
2026-07-18 04:00:00+00:00,9416.724856039691
2026-07-18 05:00:00+00:00,9416.724856039691
2026-07-18 06:00:00+00:00,9416.724856039691
2026-07-18 07:00:00+00:00,9416.724856039691
2026-07-18 08:00:00+00:00,9416.724856039691
2026-07-18 09:00:00+00:00,9416.724856039691
2026-07-18 10:00:00+00:00,9416.724856039691
2026-07-18 11:00:00+00:00,9416.724856039691
2026-07-18 12:00:00+00:00,9416.724856039691
2026-07-18 13:00:00+00:00,9416.724856039691
2026-07-18 14:00:00+00:00,9416.724856039691
2026-07-18 15:00:00+00:00,9416.724856039691
2026-07-18 16:00:00+00:00,9416.724856039691
2026-07-18 17:00:00+00:00,9416.724856039691
2026-07-18 18:00:00+00:00,9416.724856039691
2026-07-18 19:00:00+00:00,9416.724856039691
2026-07-18 20:00:00+00:00,9416.724856039691
2026-07-18 21:00:00+00:00,9416.724856039691
2026-07-18 22:00:00+00:00,9416.724856039691
2026-07-18 23:00:00+00:00,9416.724856039691
2026-07-19 00:00:00+00:00,9416.724856039691
2026-07-19 01:00:00+00:00,9416.724856039691
2026-07-19 02:00:00+00:00,9416.724856039691
2026-07-19 03:00:00+00:00,9416.724856039691
2026-07-19 04:00:00+00:00,9416.724856039691
2026-07-19 05:00:00+00:00,9416.724856039691
2026-07-19 06:00:00+00:00,9416.724856039691
2026-07-19 07:00:00+00:00,9416.724856039691
2026-07-19 08:00:00+00:00,9416.724856039691
2026-07-19 09:00:00+00:00,9416.724856039691
2026-07-19 10:00:00+00:00,9416.724856039691
2026-07-19 11:00:00+00:00,9416.724856039691
2026-07-19 12:00:00+00:00,9416.724856039691
2026-07-19 13:00:00+00:00,9416.724856039691
2026-07-19 14:00:00+00:00,9416.724856039691
2026-07-19 15:00:00+00:00,9416.724856039691
2026-07-19 16:00:00+00:00,9416.724856039691
2026-07-19 17:00:00+00:00,9416.724856039691
2026-07-19 18:00:00+00:00,9416.724856039691
2026-07-19 19:00:00+00:00,9416.724856039691
2026-07-19 20:00:00+00:00,9416.724856039691
2026-07-19 21:00:00+00:00,9416.724856039691
2026-07-19 22:00:00+00:00,9416.724856039691
2026-07-19 23:00:00+00:00,9416.724856039691
2026-07-20 00:00:00+00:00,9416.724856039691
2026-07-20 01:00:00+00:00,9416.724856039691
2026-07-20 02:00:00+00:00,9416.724856039691
2026-07-20 03:00:00+00:00,9416.724856039691
2026-07-20 04:00:00+00:00,9416.724856039691
2026-07-20 05:00:00+00:00,9416.724856039691
2026-07-20 06:00:00+00:00,9416.724856039691
2026-07-20 07:00:00+00:00,9416.724856039691
2026-07-20 08:00:00+00:00,9416.724856039691
2026-07-20 09:00:00+00:00,9416.724856039691
2026-07-20 10:00:00+00:00,9416.724856039691
2026-07-20 11:00:00+00:00,9416.724856039691
2026-07-20 12:00:00+00:00,9416.724856039691
2026-07-20 13:00:00+00:00,9416.724856039691
2026-07-20 14:00:00+00:00,9416.724856039691
2026-07-20 15:00:00+00:00,9416.724856039691
2026-07-20 16:00:00+00:00,9416.724856039691
2026-07-20 17:00:00+00:00,9416.724856039691
2026-07-20 18:00:00+00:00,9416.724856039691
2026-07-20 19:00:00+00:00,9416.724856039691
2026-07-20 20:00:00+00:00,9416.724856039691
2026-07-20 21:00:00+00:00,9416.724856039691
2026-07-20 22:00:00+00:00,9416.724856039691
2026-07-20 23:00:00+00:00,9416.724856039691
2026-07-21 00:00:00+00:00,9416.724856039691
2026-07-21 01:00:00+00:00,9416.724856039691
2026-07-21 02:00:00+00:00,9416.724856039691
2026-07-21 03:00:00+00:00,9416.724856039691
2026-07-21 04:00:00+00:00,9416.724856039691
2026-07-21 05:00:00+00:00,9416.724856039691
2026-07-21 06:00:00+00:00,9416.724856039691
2026-07-21 07:00:00+00:00,9416.724856039691
2026-07-21 08:00:00+00:00,9416.724856039691
2026-07-21 09:00:00+00:00,9413.47325880129
2026-07-21 10:00:00+00:00,9420.305458801291
2026-07-21 11:00:00+00:00,9409.10725880129
2026-07-21 12:00:00+00:00,9427.975458801291
2026-07-21 13:00:00+00:00,9452.472258801292
2026-07-21 14:00:00+00:00,9478.31425880129
2026-07-21 15:00:00+00:00,9485.60665880129
2026-07-21 16:00:00+00:00,9467.51725880129
2026-07-21 17:00:00+00:00,9451.34845519485
2026-07-21 18:00:00+00:00,9397.191807840292
2026-07-21 19:00:00+00:00,9397.191807840292
2026-07-21 20:00:00+00:00,9397.191807840292
2026-07-21 21:00:00+00:00,9397.191807840292
2026-07-21 22:00:00+00:00,9397.191807840292
2026-07-21 23:00:00+00:00,9397.191807840292
2026-07-22 00:00:00+00:00,9397.191807840292
2026-07-22 01:00:00+00:00,9397.191807840292
2026-07-22 02:00:00+00:00,9397.191807840292
2026-07-22 03:00:00+00:00,9397.191807840292
2026-07-22 04:00:00+00:00,9397.191807840292
2026-07-22 05:00:00+00:00,9397.191807840292
2026-07-22 06:00:00+00:00,9397.191807840292
2026-07-22 07:00:00+00:00,9397.191807840292
2026-07-22 08:00:00+00:00,9397.191807840292
2026-07-22 09:00:00+00:00,9397.191807840292
2026-07-22 10:00:00+00:00,9397.191807840292
2026-07-22 11:00:00+00:00,9397.191807840292
2026-07-22 12:00:00+00:00,9397.191807840292
2026-07-22 13:00:00+00:00,9397.191807840292
2026-07-22 14:00:00+00:00,9397.191807840292
2026-07-22 15:00:00+00:00,9397.191807840292
2026-07-22 16:00:00+00:00,9397.191807840292
2026-07-22 17:00:00+00:00,9397.191807840292
2026-07-22 18:00:00+00:00,9397.191807840292
2026-07-22 19:00:00+00:00,9397.191807840292
2026-07-22 20:00:00+00:00,9397.191807840292
2026-07-22 21:00:00+00:00,9397.191807840292
2026-07-22 22:00:00+00:00,9397.191807840292
2026-07-22 23:00:00+00:00,9397.191807840292
2026-07-23 00:00:00+00:00,9397.191807840292
2026-07-23 01:00:00+00:00,9397.191807840292
2026-07-23 02:00:00+00:00,9397.191807840292
2026-07-23 03:00:00+00:00,9397.191807840292
2026-07-23 04:00:00+00:00,9397.191807840292
2026-07-23 05:00:00+00:00,9397.191807840292
2026-07-23 06:00:00+00:00,9397.191807840292
2026-07-23 07:00:00+00:00,9397.191807840292
2026-07-23 08:00:00+00:00,9397.191807840292
2026-07-23 09:00:00+00:00,9397.191807840292
2026-07-23 10:00:00+00:00,9397.191807840292
2026-07-23 11:00:00+00:00,9397.191807840292
2026-07-23 12:00:00+00:00,9397.191807840292
2026-07-23 13:00:00+00:00,9397.191807840292
2026-07-23 14:00:00+00:00,9397.191807840292
2026-07-23 15:00:00+00:00,9397.191807840292
2026-07-23 16:00:00+00:00,9397.191807840292
2026-07-23 17:00:00+00:00,9397.191807840292
2026-07-23 18:00:00+00:00,9397.191807840292
2026-07-23 19:00:00+00:00,9397.191807840292
2026-07-23 20:00:00+00:00,9397.191807840292
2026-07-23 21:00:00+00:00,9397.191807840292
2026-07-23 22:00:00+00:00,9397.191807840292
2026-07-23 23:00:00+00:00,9397.191807840292
2026-07-24 00:00:00+00:00,9397.191807840292
2026-07-24 01:00:00+00:00,9397.191807840292
2026-07-24 02:00:00+00:00,9397.191807840292
2026-07-24 03:00:00+00:00,9397.191807840292
2026-07-24 04:00:00+00:00,9397.191807840292
2026-07-24 05:00:00+00:00,9397.191807840292
2026-07-24 06:00:00+00:00,9397.191807840292
2026-07-24 07:00:00+00:00,9397.191807840292
2026-07-24 08:00:00+00:00,9397.191807840292
2026-07-24 09:00:00+00:00,9397.191807840292
2026-07-24 10:00:00+00:00,9397.191807840292
2026-07-24 11:00:00+00:00,9397.191807840292
2026-07-24 12:00:00+00:00,9397.191807840292
2026-07-24 13:00:00+00:00,9397.191807840292
2026-07-24 14:00:00+00:00,9397.191807840292
2026-07-24 15:00:00+00:00,9397.191807840292
2026-07-24 16:00:00+00:00,9397.191807840292
2026-07-24 17:00:00+00:00,9397.191807840292
2026-07-24 18:00:00+00:00,9397.191807840292
2026-07-24 19:00:00+00:00,9397.191807840292
2026-07-24 20:00:00+00:00,9397.191807840292
2026-07-24 21:00:00+00:00,9397.191807840292
2026-07-24 22:00:00+00:00,9397.191807840292
2026-07-24 23:00:00+00:00,9397.191807840292
2026-07-25 00:00:00+00:00,9397.191807840292
2026-07-25 01:00:00+00:00,9397.191807840292
2026-07-25 02:00:00+00:00,9397.191807840292
2026-07-25 03:00:00+00:00,9397.191807840292
2026-07-25 04:00:00+00:00,9397.191807840292
2026-07-25 05:00:00+00:00,9397.191807840292
2026-07-25 06:00:00+00:00,9397.191807840292
2026-07-25 07:00:00+00:00,9397.191807840292
2026-07-25 08:00:00+00:00,9397.191807840292
2026-07-25 09:00:00+00:00,9397.191807840292
2026-07-25 10:00:00+00:00,9397.191807840292
2026-07-25 11:00:00+00:00,9397.191807840292
2026-07-25 12:00:00+00:00,9397.191807840292
2026-07-25 13:00:00+00:00,9397.191807840292
2026-07-25 14:00:00+00:00,9397.191807840292
2026-07-25 15:00:00+00:00,9397.191807840292
2026-07-25 16:00:00+00:00,9397.191807840292
2026-07-25 17:00:00+00:00,9397.191807840292
2026-07-25 18:00:00+00:00,9397.191807840292
2026-07-25 19:00:00+00:00,9397.191807840292
2026-07-25 20:00:00+00:00,9397.191807840292
2026-07-25 21:00:00+00:00,9397.191807840292
2026-07-25 22:00:00+00:00,9397.191807840292
2026-07-25 23:00:00+00:00,9397.191807840292
2026-07-26 00:00:00+00:00,9397.191807840292
2026-07-26 01:00:00+00:00,9397.191807840292
2026-07-26 02:00:00+00:00,9397.191807840292
2026-07-26 03:00:00+00:00,9397.191807840292
2026-07-26 04:00:00+00:00,9397.191807840292
2026-07-26 05:00:00+00:00,9397.191807840292
2026-07-26 06:00:00+00:00,9397.191807840292
2026-07-26 07:00:00+00:00,9397.191807840292
2026-07-26 08:00:00+00:00,9397.191807840292
2026-07-26 09:00:00+00:00,9397.191807840292
2026-07-26 10:00:00+00:00,9397.191807840292
2026-07-26 11:00:00+00:00,9397.191807840292
2026-07-26 12:00:00+00:00,9397.191807840292
2026-07-26 13:00:00+00:00,9397.191807840292
2026-07-26 14:00:00+00:00,9397.191807840292
2026-07-26 15:00:00+00:00,9397.191807840292
2026-07-26 16:00:00+00:00,9397.191807840292
2026-07-26 17:00:00+00:00,9397.191807840292
2026-07-26 18:00:00+00:00,9397.191807840292
2026-07-26 19:00:00+00:00,9397.191807840292
2026-07-26 20:00:00+00:00,9397.191807840292
2026-07-26 21:00:00+00:00,9397.191807840292
2026-07-26 22:00:00+00:00,9397.191807840292
2026-07-26 23:00:00+00:00,9397.191807840292
2026-07-27 00:00:00+00:00,9397.191807840292
2026-07-27 01:00:00+00:00,9397.191807840292
2026-07-27 02:00:00+00:00,9397.191807840292
2026-07-27 03:00:00+00:00,9397.191807840292
2026-07-27 04:00:00+00:00,9397.191807840292
2026-07-27 05:00:00+00:00,9397.191807840292
2026-07-27 06:00:00+00:00,9397.191807840292
2026-07-27 07:00:00+00:00,9397.191807840292
2026-07-27 08:00:00+00:00,9397.191807840292
2026-07-27 09:00:00+00:00,9397.191807840292
2026-07-27 10:00:00+00:00,9397.191807840292
2026-07-27 11:00:00+00:00,9397.191807840292
2026-07-27 12:00:00+00:00,9397.191807840292
2026-07-27 13:00:00+00:00,9397.191807840292
2026-07-27 14:00:00+00:00,9397.191807840292
2026-07-27 15:00:00+00:00,9397.191807840292
2026-07-27 16:00:00+00:00,9397.191807840292
2026-07-27 17:00:00+00:00,9397.191807840292
2026-07-27 18:00:00+00:00,9397.191807840292
2026-07-27 19:00:00+00:00,9397.191807840292
2026-07-27 20:00:00+00:00,9397.191807840292
2026-07-27 21:00:00+00:00,9397.191807840292
2026-07-27 22:00:00+00:00,9397.191807840292
2026-07-27 23:00:00+00:00,9397.191807840292
2026-07-28 00:00:00+00:00,9397.191807840292
2026-07-28 01:00:00+00:00,9397.191807840292
2026-07-28 02:00:00+00:00,9421.779893659514
2026-07-28 03:00:00+00:00,9427.031293659513
2026-07-28 04:00:00+00:00,9406.787993659513
2026-07-28 05:00:00+00:00,9405.469093659513
2026-07-28 06:00:00+00:00,9393.998293659513
2026-07-28 07:00:00+00:00,9371.359193659513
2026-07-28 08:00:00+00:00,9387.924093659512
2026-07-28 09:00:00+00:00,9396.670433714336
2026-07-28 10:00:00+00:00,9400.566633714336
2026-07-28 11:00:00+00:00,9391.733633714337
2026-07-28 12:00:00+00:00,9393.282433714337
2026-07-28 13:00:00+00:00,9382.380333714336
2026-07-28 14:00:00+00:00,9434.809633714336
2026-07-28 15:00:00+00:00,9397.844133714336
2026-07-28 16:00:00+00:00,9348.200738699483
2026-07-28 17:00:00+00:00,9348.200738699483
2026-07-28 18:00:00+00:00,9348.200738699483
2026-07-28 19:00:00+00:00,9348.200738699483
2026-07-28 20:00:00+00:00,9348.200738699483
2026-07-28 21:00:00+00:00,9348.200738699483
2026-07-28 22:00:00+00:00,9348.200738699483
2026-07-28 23:00:00+00:00,9348.200738699483
2026-07-29 00:00:00+00:00,9348.200738699483
2026-07-29 01:00:00+00:00,9348.200738699483
2026-07-29 02:00:00+00:00,9348.200738699483
2026-07-29 03:00:00+00:00,9348.200738699483
2026-07-29 04:00:00+00:00,9348.200738699483
2026-07-29 05:00:00+00:00,9348.200738699483
2026-07-29 06:00:00+00:00,9348.200738699483
2026-07-29 07:00:00+00:00,9348.200738699483
2026-07-29 08:00:00+00:00,9348.200738699483
2026-07-29 09:00:00+00:00,9348.200738699483
2026-07-29 10:00:00+00:00,9348.200738699483
2026-07-29 11:00:00+00:00,9348.200738699483
2026-07-29 12:00:00+00:00,9348.200738699483
2026-07-29 13:00:00+00:00,9348.200738699483
2026-07-29 14:00:00+00:00,9348.200738699483
2026-07-29 15:00:00+00:00,9348.200738699483
2026-07-29 16:00:00+00:00,9348.200738699483
2026-07-29 17:00:00+00:00,9348.200738699483
2026-07-29 18:00:00+00:00,9348.200738699483
2026-07-29 19:00:00+00:00,9348.200738699483
2026-07-29 20:00:00+00:00,9348.200738699483
2026-07-29 21:00:00+00:00,9348.200738699483
2026-07-29 22:00:00+00:00,9348.200738699483
2026-07-29 23:00:00+00:00,9348.200738699483
2026-07-30 00:00:00+00:00,9348.200738699483
2026-07-30 01:00:00+00:00,9348.200738699483
2026-07-30 02:00:00+00:00,9348.200738699483
2026-07-30 03:00:00+00:00,9348.200738699483
2026-07-30 04:00:00+00:00,9348.200738699483
2026-07-30 05:00:00+00:00,9348.200738699483
2026-07-30 06:00:00+00:00,9348.200738699483
2026-07-30 07:00:00+00:00,9348.200738699483
2026-07-30 08:00:00+00:00,9348.200738699483
2026-07-30 09:00:00+00:00,9348.200738699483
2026-07-30 10:00:00+00:00,9348.200738699483
2026-07-30 11:00:00+00:00,9348.200738699483
2026-07-30 12:00:00+00:00,9348.200738699483
2026-07-30 13:00:00+00:00,9348.200738699483
2026-07-30 14:00:00+00:00,9348.200738699483
2026-07-30 15:00:00+00:00,9348.200738699483
2026-07-30 16:00:00+00:00,9348.200738699483
2026-07-30 17:00:00+00:00,9348.200738699483
2026-07-30 18:00:00+00:00,9348.200738699483
2026-07-30 19:00:00+00:00,9348.200738699483
2026-07-30 20:00:00+00:00,9348.200738699483
2026-07-30 21:00:00+00:00,9348.200738699483
2026-07-30 22:00:00+00:00,9348.200738699483
2026-07-30 23:00:00+00:00,9348.200738699483
2026-07-31 00:00:00+00:00,9348.200738699483
2026-07-31 01:00:00+00:00,9348.200738699483
2026-07-31 02:00:00+00:00,9348.200738699483
2026-07-31 03:00:00+00:00,9348.200738699483
2026-07-31 04:00:00+00:00,9348.200738699483
2026-07-31 05:00:00+00:00,9348.200738699483
2026-07-31 06:00:00+00:00,9348.200738699483
2026-07-31 07:00:00+00:00,9348.200738699483
2026-07-31 08:00:00+00:00,9348.200738699483
2026-07-31 09:00:00+00:00,9348.200738699483
2026-07-31 10:00:00+00:00,9348.200738699483
2026-07-31 11:00:00+00:00,9348.200738699483
2026-07-31 12:00:00+00:00,9348.200738699483
2026-07-31 13:00:00+00:00,9348.200738699483
2026-07-31 14:00:00+00:00,9348.200738699483
2026-07-31 15:00:00+00:00,9348.200738699483
2026-07-31 16:00:00+00:00,9338.135128594471
2026-07-31 17:00:00+00:00,9320.172370938611
2026-07-31 18:00:00+00:00,9275.801670938612
2026-07-31 19:00:00+00:00,9293.552370938613
2026-07-31 20:00:00+00:00,9307.818270938611
2026-07-31 21:00:00+00:00,9309.536470938612
2026-07-31 22:00:00+00:00,9310.528670938611
2026-07-31 23:00:00+00:00,9311.496670938612
2026-08-01 00:00:00+00:00,9318.623570938611
2026-08-01 01:00:00+00:00,9312.669549886827
2026-08-01 02:00:00+00:00,9308.337749886827
2026-08-01 03:00:00+00:00,9296.637049886825
2026-08-01 04:00:00+00:00,9304.744049886825
2026-08-01 05:00:00+00:00,9293.140149886825
2026-08-01 06:00:00+00:00,9301.731149886826
2026-08-01 07:00:00+00:00,9296.177249886825
2026-08-01 08:00:00+00:00,9299.311149886826
2026-08-01 09:00:00+00:00,9290.373112462812
2026-08-01 10:00:00+00:00,9299.678012462813
2026-08-01 11:00:00+00:00,9298.431712462812
2026-08-01 12:00:00+00:00,9296.858712462812
2026-08-01 13:00:00+00:00,9294.511312462811
2026-08-01 14:00:00+00:00,9298.189712462812
2026-08-01 15:00:00+00:00,9289.973812462813
2026-08-01 16:00:00+00:00,9305.123012462813
2026-08-01 17:00:00+00:00,9313.27169600111
2026-08-01 18:00:00+00:00,9339.685996001108
2026-08-01 19:00:00+00:00,9357.194696001108
2026-08-01 20:00:00+00:00,9362.845396001108
2026-08-01 21:00:00+00:00,9346.703996001108
2026-08-01 22:00:00+00:00,9327.85219600111
2026-08-01 23:00:00+00:00,9326.109796001108
2026-08-02 00:00:00+00:00,9327.464996001108
2026-08-02 01:00:00+00:00,9309.15086445577
2026-08-02 02:00:00+00:00,9309.15086445577
2026-08-02 03:00:00+00:00,9309.15086445577
2026-08-02 04:00:00+00:00,9309.15086445577
2026-08-02 05:00:00+00:00,9309.15086445577
2026-08-02 06:00:00+00:00,9309.15086445577
2026-08-02 07:00:00+00:00,9309.15086445577
2026-08-02 08:00:00+00:00,9309.15086445577
2026-08-02 09:00:00+00:00,9309.15086445577
2026-08-02 10:00:00+00:00,9309.15086445577
2026-08-02 11:00:00+00:00,9309.15086445577
2026-08-02 12:00:00+00:00,9309.15086445577
2026-08-02 13:00:00+00:00,9309.15086445577
2026-08-02 14:00:00+00:00,9309.15086445577
2026-08-02 15:00:00+00:00,9309.15086445577
2026-08-02 16:00:00+00:00,9309.15086445577
2026-08-02 17:00:00+00:00,9309.15086445577
2026-08-02 18:00:00+00:00,9309.15086445577
2026-08-02 19:00:00+00:00,9309.15086445577
2026-08-02 20:00:00+00:00,9309.15086445577
2026-08-02 21:00:00+00:00,9309.15086445577
2026-08-02 22:00:00+00:00,9309.15086445577
2026-08-02 23:00:00+00:00,9309.15086445577
2026-08-03 00:00:00+00:00,9309.15086445577
2026-08-03 01:00:00+00:00,9309.15086445577
2026-08-03 02:00:00+00:00,9309.15086445577
2026-08-03 03:00:00+00:00,9309.15086445577
2026-08-03 04:00:00+00:00,9309.15086445577
2026-08-03 05:00:00+00:00,9309.15086445577
2026-08-03 06:00:00+00:00,9309.15086445577
2026-08-03 07:00:00+00:00,9309.15086445577
2026-08-03 08:00:00+00:00,9309.15086445577
2026-08-03 09:00:00+00:00,9309.15086445577
2026-08-03 10:00:00+00:00,9309.15086445577
2026-08-03 11:00:00+00:00,9309.15086445577
2026-08-03 12:00:00+00:00,9309.15086445577
2026-08-03 13:00:00+00:00,9309.15086445577
2026-08-03 14:00:00+00:00,9309.15086445577
2026-08-03 15:00:00+00:00,9309.15086445577
2026-08-03 16:00:00+00:00,9309.15086445577
2026-08-03 17:00:00+00:00,9309.15086445577
2026-08-03 18:00:00+00:00,9309.15086445577
2026-08-03 19:00:00+00:00,9309.15086445577
2026-08-03 20:00:00+00:00,9309.15086445577
2026-08-03 21:00:00+00:00,9309.15086445577
2026-08-03 22:00:00+00:00,9309.15086445577
2026-08-03 23:00:00+00:00,9309.15086445577
2026-08-04 00:00:00+00:00,9309.15086445577
2026-08-04 01:00:00+00:00,9309.15086445577
2026-08-04 02:00:00+00:00,9309.15086445577
2026-08-04 03:00:00+00:00,9309.15086445577
2026-08-04 04:00:00+00:00,9309.15086445577
2026-08-04 05:00:00+00:00,9309.15086445577
2026-08-04 06:00:00+00:00,9309.15086445577
2026-08-04 07:00:00+00:00,9309.15086445577
2026-08-04 08:00:00+00:00,9309.15086445577
2026-08-04 09:00:00+00:00,9309.15086445577
2026-08-04 10:00:00+00:00,9309.15086445577
2026-08-04 11:00:00+00:00,9309.15086445577
2026-08-04 12:00:00+00:00,9309.15086445577
2026-08-04 13:00:00+00:00,9309.15086445577
2026-08-04 14:00:00+00:00,9309.15086445577
2026-08-04 15:00:00+00:00,9309.15086445577
2026-08-04 16:00:00+00:00,9309.15086445577
2026-08-04 17:00:00+00:00,9309.15086445577
2026-08-04 18:00:00+00:00,9309.15086445577
2026-08-04 19:00:00+00:00,9309.15086445577
2026-08-04 20:00:00+00:00,9309.15086445577
2026-08-04 21:00:00+00:00,9309.15086445577
2026-08-04 22:00:00+00:00,9309.15086445577
2026-08-04 23:00:00+00:00,9309.15086445577
2026-08-05 00:00:00+00:00,9309.15086445577
2026-08-05 01:00:00+00:00,9309.15086445577
2026-08-05 02:00:00+00:00,9309.15086445577
2026-08-05 03:00:00+00:00,9309.15086445577
2026-08-05 04:00:00+00:00,9309.15086445577
2026-08-05 05:00:00+00:00,9309.15086445577
2026-08-05 06:00:00+00:00,9309.15086445577
2026-08-05 07:00:00+00:00,9309.15086445577
2026-08-05 08:00:00+00:00,9309.15086445577
2026-08-05 09:00:00+00:00,9309.15086445577
2026-08-05 10:00:00+00:00,9309.15086445577
2026-08-05 11:00:00+00:00,9309.15086445577
2026-08-05 12:00:00+00:00,9309.15086445577
2026-08-05 13:00:00+00:00,9309.15086445577
2026-08-05 14:00:00+00:00,9309.15086445577
2026-08-05 15:00:00+00:00,9309.15086445577
2026-08-05 16:00:00+00:00,9309.15086445577
2026-08-05 17:00:00+00:00,9309.15086445577
2026-08-05 18:00:00+00:00,9309.15086445577
2026-08-05 19:00:00+00:00,9309.15086445577
2026-08-05 20:00:00+00:00,9309.15086445577
2026-08-05 21:00:00+00:00,9309.15086445577
2026-08-05 22:00:00+00:00,9309.15086445577
2026-08-05 23:00:00+00:00,9309.15086445577
2026-08-06 00:00:00+00:00,9309.15086445577
2026-08-06 01:00:00+00:00,9309.15086445577
2026-08-06 02:00:00+00:00,9309.15086445577
2026-08-06 03:00:00+00:00,9309.15086445577
2026-08-06 04:00:00+00:00,9309.15086445577
2026-08-06 05:00:00+00:00,9309.15086445577
2026-08-06 06:00:00+00:00,9309.15086445577
2026-08-06 07:00:00+00:00,9309.15086445577
2026-08-06 08:00:00+00:00,9309.15086445577
2026-08-06 09:00:00+00:00,9309.15086445577
2026-08-06 10:00:00+00:00,9309.15086445577
2026-08-06 11:00:00+00:00,9309.15086445577
2026-08-06 12:00:00+00:00,9309.15086445577
2026-08-06 13:00:00+00:00,9309.15086445577
2026-08-06 14:00:00+00:00,9309.15086445577
2026-08-06 15:00:00+00:00,9309.15086445577
2026-08-06 16:00:00+00:00,9309.15086445577
2026-08-06 17:00:00+00:00,9309.15086445577
2026-08-06 18:00:00+00:00,9309.15086445577
2026-08-06 19:00:00+00:00,9309.15086445577
2026-08-06 20:00:00+00:00,9309.15086445577
2026-08-06 21:00:00+00:00,9309.15086445577
2026-08-06 22:00:00+00:00,9309.15086445577
2026-08-06 23:00:00+00:00,9309.15086445577
2026-08-07 00:00:00+00:00,9309.15086445577
2026-08-07 01:00:00+00:00,9309.15086445577
2026-08-07 02:00:00+00:00,9309.15086445577
2026-08-07 03:00:00+00:00,9309.15086445577
2026-08-07 04:00:00+00:00,9309.15086445577
2026-08-07 05:00:00+00:00,9309.15086445577
2026-08-07 06:00:00+00:00,9309.15086445577
2026-08-07 07:00:00+00:00,9309.15086445577
2026-08-07 08:00:00+00:00,9309.15086445577
2026-08-07 09:00:00+00:00,9309.15086445577
2026-08-07 10:00:00+00:00,9309.15086445577
2026-08-07 11:00:00+00:00,9309.15086445577
2026-08-07 12:00:00+00:00,9309.15086445577
2026-08-07 13:00:00+00:00,9309.15086445577
2026-08-07 14:00:00+00:00,9261.816190234518
2026-08-07 15:00:00+00:00,9253.69379023452
2026-08-07 16:00:00+00:00,9247.99959023452
2026-08-07 17:00:00+00:00,9233.008594029328
2026-08-07 18:00:00+00:00,9227.555794029327
2026-08-07 19:00:00+00:00,9222.415394029329
2026-08-07 20:00:00+00:00,9254.308594029328
2026-08-07 21:00:00+00:00,9256.722594029328
2026-08-07 22:00:00+00:00,9249.437994029327
2026-08-07 23:00:00+00:00,9242.948594029329
2026-08-08 00:00:00+00:00,9248.060594029328
2026-08-08 01:00:00+00:00,9247.684101893019
2026-08-08 02:00:00+00:00,9246.292501893018
2026-08-08 03:00:00+00:00,9247.570501893018
2026-08-08 04:00:00+00:00,9263.886301893019
2026-08-08 05:00:00+00:00,9260.378901893018
2026-08-08 06:00:00+00:00,9259.015701893019
2026-08-08 07:00:00+00:00,9260.81910189302
2026-08-08 08:00:00+00:00,9254.528501893019
2026-08-08 09:00:00+00:00,9257.551488691299
2026-08-08 10:00:00+00:00,9257.338488691299
2026-08-08 11:00:00+00:00,9261.3854886913
2026-08-08 12:00:00+00:00,9254.186088691298
2026-08-08 13:00:00+00:00,9259.482688691298
2026-08-08 14:00:00+00:00,9261.9818886913
2026-08-08 15:00:00+00:00,9277.204288691299
2026-08-08 16:00:00+00:00,9270.146888691299
2026-08-08 17:00:00+00:00,9271.249728676328
2026-08-08 18:00:00+00:00,9275.708528676329
2026-08-08 19:00:00+00:00,9265.37092867633
2026-08-08 20:00:00+00:00,9269.17652867633
2026-08-08 21:00:00+00:00,9269.872328676329
2026-08-08 22:00:00+00:00,9261.97712867633
2026-08-08 23:00:00+00:00,9250.54612867633
2026-08-09 00:00:00+00:00,9253.17312867633
2026-08-09 01:00:00+00:00,9255.39952498504
2026-08-09 02:00:00+00:00,9231.094078636615
2026-08-09 03:00:00+00:00,9231.094078636615
2026-08-09 04:00:00+00:00,9231.094078636615
2026-08-09 05:00:00+00:00,9231.094078636615
2026-08-09 06:00:00+00:00,9231.094078636615
2026-08-09 07:00:00+00:00,9231.094078636615
2026-08-09 08:00:00+00:00,9231.094078636615
2026-08-09 09:00:00+00:00,9231.094078636615
2026-08-09 10:00:00+00:00,9231.094078636615
2026-08-09 11:00:00+00:00,9231.094078636615
2026-08-09 12:00:00+00:00,9231.094078636615
2026-08-09 13:00:00+00:00,9231.094078636615
2026-08-09 14:00:00+00:00,9231.094078636615
2026-08-09 15:00:00+00:00,9231.094078636615
2026-08-09 16:00:00+00:00,9231.094078636615
2026-08-09 17:00:00+00:00,9231.094078636615
2026-08-09 18:00:00+00:00,9231.094078636615
2026-08-09 19:00:00+00:00,9231.094078636615
2026-08-09 20:00:00+00:00,9231.094078636615
2026-08-09 21:00:00+00:00,9231.094078636615
2026-08-09 22:00:00+00:00,9231.094078636615
2026-08-09 23:00:00+00:00,9231.094078636615
2026-08-10 00:00:00+00:00,9231.094078636615
2026-08-10 01:00:00+00:00,9231.094078636615
2026-08-10 02:00:00+00:00,9231.094078636615
2026-08-10 03:00:00+00:00,9231.094078636615
2026-08-10 04:00:00+00:00,9231.094078636615
2026-08-10 05:00:00+00:00,9231.094078636615
2026-08-10 06:00:00+00:00,9231.094078636615
2026-08-10 07:00:00+00:00,9231.094078636615
2026-08-10 08:00:00+00:00,9231.094078636615
2026-08-10 09:00:00+00:00,9231.094078636615
2026-08-10 10:00:00+00:00,9231.094078636615
2026-08-10 11:00:00+00:00,9231.094078636615
2026-08-10 12:00:00+00:00,9231.094078636615
2026-08-10 13:00:00+00:00,9231.094078636615
2026-08-10 14:00:00+00:00,9231.094078636615
2026-08-10 15:00:00+00:00,9231.094078636615
2026-08-10 16:00:00+00:00,9231.094078636615
2026-08-10 17:00:00+00:00,9231.094078636615
2026-08-10 18:00:00+00:00,9231.094078636615
2026-08-10 19:00:00+00:00,9231.094078636615
2026-08-10 20:00:00+00:00,9231.094078636615
2026-08-10 21:00:00+00:00,9231.094078636615
2026-08-10 22:00:00+00:00,9231.094078636615
2026-08-10 23:00:00+00:00,9231.094078636615
2026-08-11 00:00:00+00:00,9231.094078636615
2026-08-11 01:00:00+00:00,9231.094078636615
2026-08-11 02:00:00+00:00,9231.094078636615
2026-08-11 03:00:00+00:00,9231.094078636615
2026-08-11 04:00:00+00:00,9231.094078636615
2026-08-11 05:00:00+00:00,9231.094078636615
2026-08-11 06:00:00+00:00,9231.094078636615
2026-08-11 07:00:00+00:00,9231.094078636615
2026-08-11 08:00:00+00:00,9231.094078636615
2026-08-11 09:00:00+00:00,9231.094078636615
2026-08-11 10:00:00+00:00,9231.094078636615
2026-08-11 11:00:00+00:00,9231.094078636615
2026-08-11 12:00:00+00:00,9231.094078636615
2026-08-11 13:00:00+00:00,9231.094078636615
2026-08-11 14:00:00+00:00,9231.094078636615
2026-08-11 15:00:00+00:00,9231.094078636615
2026-08-11 16:00:00+00:00,9231.094078636615
2026-08-11 17:00:00+00:00,9236.717947894676
2026-08-11 18:00:00+00:00,9222.725447894676
2026-08-11 19:00:00+00:00,9256.829447894675
2026-08-11 20:00:00+00:00,9233.672947894676
2026-08-11 21:00:00+00:00,9204.295947894676
2026-08-11 22:00:00+00:00,9214.996947894675
2026-08-11 23:00:00+00:00,9215.417447894675
2026-08-12 00:00:00+00:00,9225.480447894675
2026-08-12 01:00:00+00:00,9204.462463876482
2026-08-12 02:00:00+00:00,9192.746463876481
2026-08-12 03:00:00+00:00,9177.330461041427
2026-08-12 04:00:00+00:00,9177.330461041427
2026-08-12 05:00:00+00:00,9177.330461041427
2026-08-12 06:00:00+00:00,9177.330461041427
2026-08-12 07:00:00+00:00,9177.330461041427
2026-08-12 08:00:00+00:00,9177.330461041427
2026-08-12 09:00:00+00:00,9177.330461041427
2026-08-12 10:00:00+00:00,9177.330461041427
2026-08-12 11:00:00+00:00,9177.330461041427
2026-08-12 12:00:00+00:00,9177.330461041427
2026-08-12 13:00:00+00:00,9177.330461041427
2026-08-12 14:00:00+00:00,9177.330461041427
2026-08-12 15:00:00+00:00,9177.330461041427
2026-08-12 16:00:00+00:00,9177.330461041427
2026-08-12 17:00:00+00:00,9177.330461041427
2026-08-12 18:00:00+00:00,9177.330461041427
2026-08-12 19:00:00+00:00,9177.330461041427
2026-08-12 20:00:00+00:00,9177.330461041427
2026-08-12 21:00:00+00:00,9177.330461041427
2026-08-12 22:00:00+00:00,9177.330461041427
2026-08-12 23:00:00+00:00,9177.330461041427
2026-08-13 00:00:00+00:00,9177.330461041427
2026-08-13 01:00:00+00:00,9177.330461041427
2026-08-13 02:00:00+00:00,9177.330461041427
2026-08-13 03:00:00+00:00,9177.330461041427
2026-08-13 04:00:00+00:00,9177.330461041427
2026-08-13 05:00:00+00:00,9177.330461041427
2026-08-13 06:00:00+00:00,9177.330461041427
2026-08-13 07:00:00+00:00,9177.330461041427
2026-08-13 08:00:00+00:00,9177.330461041427
2026-08-13 09:00:00+00:00,9177.330461041427
2026-08-13 10:00:00+00:00,9177.330461041427
2026-08-13 11:00:00+00:00,9177.330461041427
2026-08-13 12:00:00+00:00,9177.330461041427
2026-08-13 13:00:00+00:00,9177.330461041427
2026-08-13 14:00:00+00:00,9177.330461041427
2026-08-13 15:00:00+00:00,9177.330461041427
2026-08-13 16:00:00+00:00,9177.330461041427
2026-08-13 17:00:00+00:00,9177.330461041427
2026-08-13 18:00:00+00:00,9171.914212778387
2026-08-13 19:00:00+00:00,9148.312612778387
2026-08-13 20:00:00+00:00,9133.034212778388
2026-08-13 21:00:00+00:00,9133.034212778388
2026-08-13 22:00:00+00:00,9123.357412778387
2026-08-13 23:00:00+00:00,9116.776612778387
2026-08-14 00:00:00+00:00,9123.242212778387
2026-08-14 01:00:00+00:00,9115.775190698387
2026-08-14 02:00:00+00:00,9111.339990698387
2026-08-14 03:00:00+00:00,9127.957590698386
2026-08-14 04:00:00+00:00,9148.419990698387
2026-08-14 05:00:00+00:00,9139.535190698387
2026-08-14 06:00:00+00:00,9138.023190698386
2026-08-14 07:00:00+00:00,9197.120790698387
2026-08-14 08:00:00+00:00,9206.135190698387
2026-08-14 09:00:00+00:00,9203.0816239827
2026-08-14 10:00:00+00:00,9223.4000239827
2026-08-14 11:00:00+00:00,9220.2032239827
2026-08-14 12:00:00+00:00,9213.2768239827
2026-08-14 13:00:00+00:00,9232.2416239827
2026-08-14 14:00:00+00:00,9242.2784239827
2026-08-14 15:00:00+00:00,9249.7088239827
2026-08-14 16:00:00+00:00,9175.72593198412
2026-08-14 17:00:00+00:00,9175.72593198412
2026-08-14 18:00:00+00:00,9175.72593198412
2026-08-14 19:00:00+00:00,9175.72593198412
2026-08-14 20:00:00+00:00,9175.72593198412
2026-08-14 21:00:00+00:00,9175.72593198412
2026-08-14 22:00:00+00:00,9175.72593198412
2026-08-14 23:00:00+00:00,9175.72593198412
2026-08-15 00:00:00+00:00,9175.72593198412
2026-08-15 01:00:00+00:00,9175.72593198412
2026-08-15 02:00:00+00:00,9175.72593198412
2026-08-15 03:00:00+00:00,9175.72593198412
2026-08-15 04:00:00+00:00,9175.72593198412
2026-08-15 05:00:00+00:00,9175.72593198412
2026-08-15 06:00:00+00:00,9175.72593198412
2026-08-15 07:00:00+00:00,9175.72593198412
2026-08-15 08:00:00+00:00,9175.72593198412
2026-08-15 09:00:00+00:00,9175.72593198412
2026-08-15 10:00:00+00:00,9175.72593198412
2026-08-15 11:00:00+00:00,9175.72593198412
2026-08-15 12:00:00+00:00,9175.72593198412
2026-08-15 13:00:00+00:00,9175.72593198412
2026-08-15 14:00:00+00:00,9175.72593198412
2026-08-15 15:00:00+00:00,9175.72593198412
2026-08-15 16:00:00+00:00,9175.72593198412
2026-08-15 17:00:00+00:00,9175.72593198412
2026-08-15 18:00:00+00:00,9175.72593198412
2026-08-15 19:00:00+00:00,9175.72593198412
2026-08-15 20:00:00+00:00,9175.72593198412
2026-08-15 21:00:00+00:00,9175.72593198412
2026-08-15 22:00:00+00:00,9175.72593198412
2026-08-15 23:00:00+00:00,9175.72593198412
2026-08-16 00:00:00+00:00,9175.72593198412
2026-08-16 01:00:00+00:00,9175.72593198412
2026-08-16 02:00:00+00:00,9175.72593198412
2026-08-16 03:00:00+00:00,9175.72593198412
2026-08-16 04:00:00+00:00,9175.72593198412
2026-08-16 05:00:00+00:00,9175.72593198412
2026-08-16 06:00:00+00:00,9175.72593198412
2026-08-16 07:00:00+00:00,9175.72593198412
2026-08-16 08:00:00+00:00,9175.72593198412
2026-08-16 09:00:00+00:00,9175.72593198412
2026-08-16 10:00:00+00:00,9175.72593198412
2026-08-16 11:00:00+00:00,9175.72593198412
2026-08-16 12:00:00+00:00,9175.72593198412
2026-08-16 13:00:00+00:00,9175.72593198412
2026-08-16 14:00:00+00:00,9175.72593198412
2026-08-16 15:00:00+00:00,9175.72593198412
2026-08-16 16:00:00+00:00,9175.72593198412
2026-08-16 17:00:00+00:00,9175.72593198412
2026-08-16 18:00:00+00:00,9175.72593198412
2026-08-16 19:00:00+00:00,9175.72593198412
2026-08-16 20:00:00+00:00,9175.72593198412
2026-08-16 21:00:00+00:00,9175.72593198412
2026-08-16 22:00:00+00:00,9175.72593198412
2026-08-16 23:00:00+00:00,9175.72593198412
2026-08-17 00:00:00+00:00,9175.72593198412
2026-08-17 01:00:00+00:00,9175.72593198412
2026-08-17 02:00:00+00:00,9175.72593198412
2026-08-17 03:00:00+00:00,9175.72593198412
2026-08-17 04:00:00+00:00,9175.72593198412
2026-08-17 05:00:00+00:00,9175.72593198412
2026-08-17 06:00:00+00:00,9175.72593198412
2026-08-17 07:00:00+00:00,9175.72593198412
2026-08-17 08:00:00+00:00,9175.72593198412
2026-08-17 09:00:00+00:00,9175.72593198412
2026-08-17 10:00:00+00:00,9175.72593198412
2026-08-17 11:00:00+00:00,9175.72593198412
2026-08-17 12:00:00+00:00,9175.72593198412
2026-08-17 13:00:00+00:00,9175.72593198412
2026-08-17 14:00:00+00:00,9175.72593198412
2026-08-17 15:00:00+00:00,9175.72593198412
2026-08-17 16:00:00+00:00,9175.72593198412
2026-08-17 17:00:00+00:00,9175.72593198412
2026-08-17 18:00:00+00:00,9175.72593198412
2026-08-17 19:00:00+00:00,9175.72593198412
2026-08-17 20:00:00+00:00,9175.72593198412
2026-08-17 21:00:00+00:00,9175.72593198412
2026-08-17 22:00:00+00:00,9175.72593198412
2026-08-17 23:00:00+00:00,9175.72593198412
2026-08-18 00:00:00+00:00,9175.72593198412
2026-08-18 01:00:00+00:00,9175.72593198412
2026-08-18 02:00:00+00:00,9175.72593198412
2026-08-18 03:00:00+00:00,9175.72593198412
2026-08-18 04:00:00+00:00,9175.72593198412
2026-08-18 05:00:00+00:00,9175.72593198412
2026-08-18 06:00:00+00:00,9175.72593198412
2026-08-18 07:00:00+00:00,9175.72593198412
2026-08-18 08:00:00+00:00,9175.72593198412
2026-08-18 09:00:00+00:00,9175.72593198412
2026-08-18 10:00:00+00:00,9175.72593198412
2026-08-18 11:00:00+00:00,9175.72593198412
2026-08-18 12:00:00+00:00,9175.72593198412
2026-08-18 13:00:00+00:00,9175.72593198412
2026-08-18 14:00:00+00:00,9175.72593198412
2026-08-18 15:00:00+00:00,9175.72593198412
2026-08-18 16:00:00+00:00,9187.213044925064
2026-08-18 17:00:00+00:00,9184.072080679236
2026-08-18 18:00:00+00:00,9160.680180679235
2026-08-18 19:00:00+00:00,9175.541580679235
2026-08-18 20:00:00+00:00,9157.789680679236
2026-08-18 21:00:00+00:00,9148.229880679237
2026-08-18 22:00:00+00:00,9152.558580679237
2026-08-18 23:00:00+00:00,9157.000080679236
2026-08-19 00:00:00+00:00,9169.069680679237
2026-08-19 01:00:00+00:00,9135.014447800102
2026-08-19 02:00:00+00:00,9123.269147800102
2026-08-19 03:00:00+00:00,9108.092616945441
2026-08-19 04:00:00+00:00,9108.092616945441
2026-08-19 05:00:00+00:00,9108.092616945441
2026-08-19 06:00:00+00:00,9108.092616945441
2026-08-19 07:00:00+00:00,9108.092616945441
2026-08-19 08:00:00+00:00,9108.092616945441
2026-08-19 09:00:00+00:00,9108.092616945441
2026-08-19 10:00:00+00:00,9108.092616945441
2026-08-19 11:00:00+00:00,9108.092616945441
2026-08-19 12:00:00+00:00,9108.092616945441
2026-08-19 13:00:00+00:00,9108.092616945441
2026-08-19 14:00:00+00:00,9108.092616945441
2026-08-19 15:00:00+00:00,9108.092616945441
2026-08-19 16:00:00+00:00,9389.837066407546
2026-08-19 17:00:00+00:00,9377.882330240149
2026-08-19 18:00:00+00:00,9356.190530240148
2026-08-19 19:00:00+00:00,9371.256530240147
2026-08-19 20:00:00+00:00,9374.715230240148
2026-08-19 21:00:00+00:00,9424.951430240148
2026-08-19 22:00:00+00:00,9479.521130240148
2026-08-19 23:00:00+00:00,9442.042430240148
2026-08-20 00:00:00+00:00,9447.842030240148
2026-08-20 01:00:00+00:00,9454.400536250148
2026-08-20 02:00:00+00:00,9478.627636250148
2026-08-20 03:00:00+00:00,9446.025136250148
2026-08-20 04:00:00+00:00,9436.93693625015
2026-08-20 05:00:00+00:00,9461.228836250148
2026-08-20 06:00:00+00:00,9454.91893625015
2026-08-20 07:00:00+00:00,9489.449236250148
2026-08-20 08:00:00+00:00,9488.760736250148
2026-08-20 09:00:00+00:00,9628.325194250148
2026-08-20 10:00:00+00:00,9646.874194250147
2026-08-20 11:00:00+00:00,9662.337094250148
2026-08-20 12:00:00+00:00,9655.978594250148
2026-08-20 13:00:00+00:00,9658.133194250147
2026-08-20 14:00:00+00:00,9637.235194250148
2026-08-20 15:00:00+00:00,9647.805694250148
2026-08-20 16:00:00+00:00,9700.277494250147
2026-08-20 17:00:00+00:00,9730.63902599876
2026-08-20 18:00:00+00:00,9721.170125998759
2026-08-20 19:00:00+00:00,9696.27072599876
2026-08-20 20:00:00+00:00,9717.079625998758
2026-08-20 21:00:00+00:00,9737.23612531121
2026-08-20 22:00:00+00:00,9737.23612531121
2026-08-20 23:00:00+00:00,9737.23612531121
2026-08-21 00:00:00+00:00,9737.23612531121
2026-08-21 01:00:00+00:00,9737.23612531121
2026-08-21 02:00:00+00:00,9835.356398996908
2026-08-21 03:00:00+00:00,9785.647598996908
2026-08-21 04:00:00+00:00,9791.169998996907
2026-08-21 05:00:00+00:00,9828.041198996907
2026-08-21 06:00:00+00:00,9859.922798996908
2026-08-21 07:00:00+00:00,9871.953998996907
2026-08-21 08:00:00+00:00,9921.885998996908
2026-08-21 09:00:00+00:00,10099.742825703244
2026-08-21 10:00:00+00:00,10026.320034140483
2026-08-21 11:00:00+00:00,10021.582134140483
2026-08-21 12:00:00+00:00,9967.777134140482
2026-08-21 13:00:00+00:00,9991.930734140484
2026-08-21 14:00:00+00:00,9992.787534140483
2026-08-21 15:00:00+00:00,9999.835734140483
2026-08-21 16:00:00+00:00,9991.395234140482
2026-08-21 17:00:00+00:00,10003.256698370482
2026-08-21 18:00:00+00:00,9998.921698370483
2026-08-21 19:00:00+00:00,9985.605598370483
2026-08-21 20:00:00+00:00,9979.587598370483
2026-08-21 21:00:00+00:00,10004.623498370482
2026-08-21 22:00:00+00:00,10056.128398370482
2026-08-21 23:00:00+00:00,10053.58349837048
2026-08-22 00:00:00+00:00,10046.831098370481
2026-08-22 01:00:00+00:00,10026.837479630482
2026-08-22 02:00:00+00:00,10020.702179630482
2026-08-22 03:00:00+00:00,10054.698779630482
2026-08-22 04:00:00+00:00,10050.746279630483
2026-08-22 05:00:00+00:00,10053.469679630482
2026-08-22 06:00:00+00:00,9965.813686999754
2026-08-22 07:00:00+00:00,9965.813686999754
2026-08-22 08:00:00+00:00,9965.813686999754
2026-08-22 09:00:00+00:00,9965.813686999754
2026-08-22 10:00:00+00:00,9965.813686999754
2026-08-22 11:00:00+00:00,9965.813686999754
2026-08-22 12:00:00+00:00,9965.813686999754
2026-08-22 13:00:00+00:00,9965.813686999754
2026-08-22 14:00:00+00:00,9965.813686999754
2026-08-22 15:00:00+00:00,9965.813686999754
2026-08-22 16:00:00+00:00,9965.813686999754
2026-08-22 17:00:00+00:00,9965.813686999754
2026-08-22 18:00:00+00:00,9965.813686999754
2026-08-22 19:00:00+00:00,9965.813686999754
2026-08-22 20:00:00+00:00,9965.813686999754
2026-08-22 21:00:00+00:00,9965.813686999754
2026-08-22 22:00:00+00:00,9965.813686999754
2026-08-22 23:00:00+00:00,9965.813686999754
2026-08-23 00:00:00+00:00,9965.813686999754
2026-08-23 01:00:00+00:00,9965.813686999754
2026-08-23 02:00:00+00:00,9965.813686999754
2026-08-23 03:00:00+00:00,9965.813686999754
2026-08-23 04:00:00+00:00,9965.813686999754
2026-08-23 05:00:00+00:00,9965.813686999754
2026-08-23 06:00:00+00:00,9965.813686999754
2026-08-23 07:00:00+00:00,9965.813686999754
2026-08-23 08:00:00+00:00,9965.813686999754
2026-08-23 09:00:00+00:00,9965.813686999754
2026-08-23 10:00:00+00:00,9965.813686999754
2026-08-23 11:00:00+00:00,9965.813686999754
2026-08-23 12:00:00+00:00,9965.813686999754
2026-08-23 13:00:00+00:00,9965.813686999754
2026-08-23 14:00:00+00:00,9965.813686999754
2026-08-23 15:00:00+00:00,9965.813686999754
2026-08-23 16:00:00+00:00,9965.813686999754
2026-08-23 17:00:00+00:00,9965.813686999754
2026-08-23 18:00:00+00:00,9965.813686999754
2026-08-23 19:00:00+00:00,9965.813686999754
2026-08-23 20:00:00+00:00,9965.813686999754
2026-08-23 21:00:00+00:00,9965.813686999754
2026-08-23 22:00:00+00:00,9965.813686999754
2026-08-23 23:00:00+00:00,9965.813686999754
2026-08-24 00:00:00+00:00,9965.813686999754
2026-08-24 01:00:00+00:00,9965.813686999754
2026-08-24 02:00:00+00:00,9965.813686999754
2026-08-24 03:00:00+00:00,9965.813686999754
2026-08-24 04:00:00+00:00,9965.813686999754
2026-08-24 05:00:00+00:00,9965.813686999754
2026-08-24 06:00:00+00:00,9965.813686999754
2026-08-24 07:00:00+00:00,9965.813686999754
2026-08-24 08:00:00+00:00,9965.813686999754
2026-08-24 09:00:00+00:00,9965.813686999754
2026-08-24 10:00:00+00:00,9965.813686999754
2026-08-24 11:00:00+00:00,9965.813686999754
2026-08-24 12:00:00+00:00,9965.813686999754
2026-08-24 13:00:00+00:00,9965.813686999754
2026-08-24 14:00:00+00:00,9965.813686999754
2026-08-24 15:00:00+00:00,9965.813686999754
2026-08-24 16:00:00+00:00,9965.813686999754
2026-08-24 17:00:00+00:00,9965.813686999754
2026-08-24 18:00:00+00:00,9965.813686999754
2026-08-24 19:00:00+00:00,9965.813686999754
2026-08-24 20:00:00+00:00,9965.813686999754
2026-08-24 21:00:00+00:00,9965.813686999754
2026-08-24 22:00:00+00:00,9965.813686999754
2026-08-24 23:00:00+00:00,9965.813686999754
2026-08-25 00:00:00+00:00,9965.813686999754
2026-08-25 01:00:00+00:00,9965.813686999754
2026-08-25 02:00:00+00:00,9965.813686999754
2026-08-25 03:00:00+00:00,9965.813686999754
2026-08-25 04:00:00+00:00,9949.988079066814
2026-08-25 05:00:00+00:00,9944.118579066815
2026-08-25 06:00:00+00:00,9966.829579066814
2026-08-25 07:00:00+00:00,9956.462079066814
2026-08-25 08:00:00+00:00,9899.164579066814
2026-08-25 09:00:00+00:00,9913.739753966815
2026-08-25 10:00:00+00:00,9871.555024877678
2026-08-25 11:00:00+00:00,9871.555024877678
2026-08-25 12:00:00+00:00,9871.555024877678
2026-08-25 13:00:00+00:00,9871.555024877678
2026-08-25 14:00:00+00:00,9871.555024877678
2026-08-25 15:00:00+00:00,9871.555024877678
2026-08-25 16:00:00+00:00,9871.555024877678
2026-08-25 17:00:00+00:00,9871.555024877678
2026-08-25 18:00:00+00:00,9871.555024877678
2026-08-25 19:00:00+00:00,9871.555024877678
2026-08-25 20:00:00+00:00,9871.555024877678
2026-08-25 21:00:00+00:00,9871.555024877678
2026-08-25 22:00:00+00:00,9871.555024877678
2026-08-25 23:00:00+00:00,9871.555024877678
2026-08-26 00:00:00+00:00,9871.555024877678
2026-08-26 01:00:00+00:00,9871.555024877678
2026-08-26 02:00:00+00:00,9871.555024877678
2026-08-26 03:00:00+00:00,9871.555024877678
2026-08-26 04:00:00+00:00,9871.555024877678
2026-08-26 05:00:00+00:00,9871.555024877678
2026-08-26 06:00:00+00:00,9871.555024877678
2026-08-26 07:00:00+00:00,9871.555024877678
2026-08-26 08:00:00+00:00,9871.555024877678
2026-08-26 09:00:00+00:00,9871.555024877678
2026-08-26 10:00:00+00:00,9871.555024877678
2026-08-26 11:00:00+00:00,9871.555024877678
2026-08-26 12:00:00+00:00,9871.555024877678
2026-08-26 13:00:00+00:00,9871.555024877678
2026-08-26 14:00:00+00:00,9871.555024877678
2026-08-26 15:00:00+00:00,9871.555024877678
2026-08-26 16:00:00+00:00,9871.555024877678
2026-08-26 17:00:00+00:00,9871.555024877678
2026-08-26 18:00:00+00:00,9871.555024877678
2026-08-26 19:00:00+00:00,9871.555024877678
2026-08-26 20:00:00+00:00,9871.555024877678
2026-08-26 21:00:00+00:00,9871.555024877678
2026-08-26 22:00:00+00:00,9871.555024877678
2026-08-26 23:00:00+00:00,9871.555024877678
2026-08-27 00:00:00+00:00,9871.555024877678
2026-08-27 01:00:00+00:00,9871.555024877678
2026-08-27 02:00:00+00:00,9871.555024877678
2026-08-27 03:00:00+00:00,9871.555024877678
2026-08-27 04:00:00+00:00,9871.555024877678
2026-08-27 05:00:00+00:00,9871.555024877678
2026-08-27 06:00:00+00:00,9871.555024877678
2026-08-27 07:00:00+00:00,9871.555024877678
2026-08-27 08:00:00+00:00,9871.555024877678
2026-08-27 09:00:00+00:00,9871.555024877678
2026-08-27 10:00:00+00:00,9871.555024877678
2026-08-27 11:00:00+00:00,9871.555024877678
2026-08-27 12:00:00+00:00,9871.555024877678
2026-08-27 13:00:00+00:00,9871.555024877678
2026-08-27 14:00:00+00:00,9871.555024877678
2026-08-27 15:00:00+00:00,9871.555024877678
2026-08-27 16:00:00+00:00,9871.555024877678
2026-08-27 17:00:00+00:00,9871.555024877678
2026-08-27 18:00:00+00:00,9871.555024877678
2026-08-27 19:00:00+00:00,9871.555024877678
2026-08-27 20:00:00+00:00,9871.555024877678
2026-08-27 21:00:00+00:00,9871.555024877678
2026-08-27 22:00:00+00:00,9871.555024877678
2026-08-27 23:00:00+00:00,9871.555024877678
2026-08-28 00:00:00+00:00,9871.555024877678
2026-08-28 01:00:00+00:00,9871.555024877678
2026-08-28 02:00:00+00:00,9871.555024877678
2026-08-28 03:00:00+00:00,9871.555024877678
2026-08-28 04:00:00+00:00,9871.555024877678
2026-08-28 05:00:00+00:00,9871.555024877678
2026-08-28 06:00:00+00:00,9871.555024877678
2026-08-28 07:00:00+00:00,9871.555024877678
2026-08-28 08:00:00+00:00,9871.555024877678
2026-08-28 09:00:00+00:00,9871.555024877678
2026-08-28 10:00:00+00:00,9871.555024877678
2026-08-28 11:00:00+00:00,9871.555024877678
2026-08-28 12:00:00+00:00,9871.555024877678
2026-08-28 13:00:00+00:00,9871.555024877678
2026-08-28 14:00:00+00:00,9871.555024877678
2026-08-28 15:00:00+00:00,9871.555024877678
2026-08-28 16:00:00+00:00,9871.555024877678
2026-08-28 17:00:00+00:00,9871.555024877678
2026-08-28 18:00:00+00:00,9871.555024877678
2026-08-28 19:00:00+00:00,9871.555024877678
2026-08-28 20:00:00+00:00,9871.555024877678
2026-08-28 21:00:00+00:00,9871.555024877678
2026-08-28 22:00:00+00:00,9871.555024877678
2026-08-28 23:00:00+00:00,9871.555024877678
2026-08-29 00:00:00+00:00,9871.555024877678
2026-08-29 01:00:00+00:00,9871.555024877678
2026-08-29 02:00:00+00:00,9871.555024877678
2026-08-29 03:00:00+00:00,9871.555024877678
2026-08-29 04:00:00+00:00,9871.555024877678
2026-08-29 05:00:00+00:00,9871.555024877678
2026-08-29 06:00:00+00:00,9871.555024877678
2026-08-29 07:00:00+00:00,9871.555024877678
2026-08-29 08:00:00+00:00,9871.555024877678
2026-08-29 09:00:00+00:00,9871.555024877678
2026-08-29 10:00:00+00:00,9871.555024877678
2026-08-29 11:00:00+00:00,9871.555024877678
2026-08-29 12:00:00+00:00,9871.555024877678
2026-08-29 13:00:00+00:00,9871.555024877678
2026-08-29 14:00:00+00:00,9871.555024877678
2026-08-29 15:00:00+00:00,9871.555024877678
2026-08-29 16:00:00+00:00,9871.555024877678
2026-08-29 17:00:00+00:00,9871.555024877678
2026-08-29 18:00:00+00:00,9871.555024877678
2026-08-29 19:00:00+00:00,9871.555024877678
2026-08-29 20:00:00+00:00,9871.555024877678
2026-08-29 21:00:00+00:00,9871.555024877678
2026-08-29 22:00:00+00:00,9871.555024877678
2026-08-29 23:00:00+00:00,9871.555024877678
2026-08-30 00:00:00+00:00,9871.555024877678
2026-08-30 01:00:00+00:00,9871.555024877678
2026-08-30 02:00:00+00:00,9871.555024877678
2026-08-30 03:00:00+00:00,9871.555024877678
2026-08-30 04:00:00+00:00,9871.555024877678
2026-08-30 05:00:00+00:00,9871.555024877678
2026-08-30 06:00:00+00:00,9871.555024877678
2026-08-30 07:00:00+00:00,9871.555024877678
2026-08-30 08:00:00+00:00,9871.555024877678
2026-08-30 09:00:00+00:00,9871.555024877678
2026-08-30 10:00:00+00:00,9871.555024877678
2026-08-30 11:00:00+00:00,9871.555024877678
2026-08-30 12:00:00+00:00,9871.555024877678
2026-08-30 13:00:00+00:00,9871.555024877678
2026-08-30 14:00:00+00:00,9871.555024877678
2026-08-30 15:00:00+00:00,9871.555024877678
2026-08-30 16:00:00+00:00,9871.555024877678
2026-08-30 17:00:00+00:00,9871.555024877678
2026-08-30 18:00:00+00:00,9871.555024877678
2026-08-30 19:00:00+00:00,9871.555024877678
2026-08-30 20:00:00+00:00,9871.555024877678
2026-08-30 21:00:00+00:00,9871.555024877678
2026-08-30 22:00:00+00:00,9871.555024877678
2026-08-30 23:00:00+00:00,9871.555024877678
2026-08-31 00:00:00+00:00,9871.555024877678
2026-08-31 01:00:00+00:00,9871.555024877678
2026-08-31 02:00:00+00:00,9871.555024877678
2026-08-31 03:00:00+00:00,9871.555024877678
2026-08-31 04:00:00+00:00,9871.555024877678
2026-08-31 05:00:00+00:00,9871.555024877678
2026-08-31 06:00:00+00:00,9871.555024877678
2026-08-31 07:00:00+00:00,9871.555024877678
2026-08-31 08:00:00+00:00,9871.555024877678
2026-08-31 09:00:00+00:00,9871.555024877678
2026-08-31 10:00:00+00:00,9871.555024877678
2026-08-31 11:00:00+00:00,9871.555024877678
2026-08-31 12:00:00+00:00,9871.555024877678
2026-08-31 13:00:00+00:00,9871.555024877678
2026-08-31 14:00:00+00:00,9871.555024877678
2026-08-31 15:00:00+00:00,9871.555024877678
2026-08-31 16:00:00+00:00,9871.555024877678
2026-08-31 17:00:00+00:00,9871.555024877678
2026-08-31 18:00:00+00:00,9871.555024877678
2026-08-31 19:00:00+00:00,9871.555024877678
2026-08-31 20:00:00+00:00,9871.555024877678
2026-08-31 21:00:00+00:00,9871.555024877678
2026-08-31 22:00:00+00:00,9871.555024877678
2026-08-31 23:00:00+00:00,9871.555024877678
2026-09-01 00:00:00+00:00,9871.555024877678
