time,equity
2025-03-01 01:00:00+00:00,10000.0
2025-03-01 02:00:00+00:00,10000.0
2025-03-01 03:00:00+00:00,10000.0
2025-03-01 04:00:00+00:00,10000.0
2025-03-01 05:00:00+00:00,10000.0
2025-03-01 06:00:00+00:00,10000.0
2025-03-01 07:00:00+00:00,10000.0
2025-03-01 08:00:00+00:00,10000.0
2025-03-01 09:00:00+00:00,10000.0
2025-03-01 10:00:00+00:00,10000.0
2025-03-01 11:00:00+00:00,10000.0
2025-03-01 12:00:00+00:00,10000.0
2025-03-01 13:00:00+00:00,10000.0
2025-03-01 14:00:00+00:00,10000.0
2025-03-01 15:00:00+00:00,10000.0
2025-03-01 16:00:00+00:00,10000.0
2025-03-01 17:00:00+00:00,10000.0
2025-03-01 18:00:00+00:00,10000.0
2025-03-01 19:00:00+00:00,10000.0
2025-03-01 20:00:00+00:00,10000.0
2025-03-01 21:00:00+00:00,10000.0
2025-03-01 22:00:00+00:00,10000.0
2025-03-01 23:00:00+00:00,10000.0
2025-03-02 00:00:00+00:00,10000.0
2025-03-02 01:00:00+00:00,10000.0
2025-03-02 02:00:00+00:00,10000.0
2025-03-02 03:00:00+00:00,10000.0
2025-03-02 04:00:00+00:00,10000.0
2025-03-02 05:00:00+00:00,10000.0
2025-03-02 06:00:00+00:00,10000.0
2025-03-02 07:00:00+00:00,10000.0
2025-03-02 08:00:00+00:00,10000.0
2025-03-02 09:00:00+00:00,10000.0
2025-03-02 10:00:00+00:00,10000.0
2025-03-02 11:00:00+00:00,10000.0
2025-03-02 12:00:00+00:00,10000.0
2025-03-02 13:00:00+00:00,10000.0
2025-03-02 14:00:00+00:00,10000.0
2025-03-02 15:00:00+00:00,10000.0
2025-03-02 16:00:00+00:00,10000.0
2025-03-02 17:00:00+00:00,10000.0
2025-03-02 18:00:00+00:00,10000.0
2025-03-02 19:00:00+00:00,10000.0
2025-03-02 20:00:00+00:00,10000.0
2025-03-02 21:00:00+00:00,10000.0
2025-03-02 22:00:00+00:00,10000.0
2025-03-02 23:00:00+00:00,10000.0
2025-03-03 00:00:00+00:00,10000.0
2025-03-03 01:00:00+00:00,10000.0
2025-03-03 02:00:00+00:00,10000.0
2025-03-03 03:00:00+00:00,10000.0
2025-03-03 04:00:00+00:00,10000.0
2025-03-03 05:00:00+00:00,10000.0
2025-03-03 06:00:00+00:00,10000.0
2025-03-03 07:00:00+00:00,10000.0
2025-03-03 08:00:00+00:00,10000.0
2025-03-03 09:00:00+00:00,10000.0
2025-03-03 10:00:00+00:00,10000.0
2025-03-03 11:00:00+00:00,10000.0
2025-03-03 12:00:00+00:00,10000.0
2025-03-03 13:00:00+00:00,10000.0
2025-03-03 14:00:00+00:00,10000.0
2025-03-03 15:00:00+00:00,10000.0
2025-03-03 16:00:00+00:00,10000.0
2025-03-03 17:00:00+00:00,10000.0
2025-03-03 18:00:00+00:00,10000.0
2025-03-03 19:00:00+00:00,10000.0
2025-03-03 20:00:00+00:00,10000.0
2025-03-03 21:00:00+00:00,10000.0
2025-03-03 22:00:00+00:00,10000.0
2025-03-03 23:00:00+00:00,10000.0
2025-03-04 00:00:00+00:00,10000.0
2025-03-04 01:00:00+00:00,10000.0
2025-03-04 02:00:00+00:00,10000.0
2025-03-04 03:00:00+00:00,10000.0
2025-03-04 04:00:00+00:00,10000.0
2025-03-04 05:00:00+00:00,10000.0
2025-03-04 06:00:00+00:00,10000.0
2025-03-04 07:00:00+00:00,10000.0
2025-03-04 08:00:00+00:00,10000.0
2025-03-04 09:00:00+00:00,10000.0
2025-03-04 10:00:00+00:00,10000.0
2025-03-04 11:00:00+00:00,10000.0
2025-03-04 12:00:00+00:00,10000.0
2025-03-04 13:00:00+00:00,10000.0
2025-03-04 14:00:00+00:00,10000.0
2025-03-04 15:00:00+00:00,10000.0
2025-03-04 16:00:00+00:00,10000.0
2025-03-04 17:00:00+00:00,10000.0
2025-03-04 18:00:00+00:00,10000.0
2025-03-04 19:00:00+00:00,10000.0
2025-03-04 20:00:00+00:00,10000.0
2025-03-04 21:00:00+00:00,10000.0
2025-03-04 22:00:00+00:00,10000.0
2025-03-04 23:00:00+00:00,10000.0
2025-03-05 00:00:00+00:00,10000.0
2025-03-05 01:00:00+00:00,10000.0
2025-03-05 02:00:00+00:00,10000.0
2025-03-05 03:00:00+00:00,10000.0
2025-03-05 04:00:00+00:00,10000.0
2025-03-05 05:00:00+00:00,10000.0
2025-03-05 06:00:00+00:00,10000.0
2025-03-05 07:00:00+00:00,10000.0
2025-03-05 08:00:00+00:00,10000.0
2025-03-05 09:00:00+00:00,10000.0
2025-03-05 10:00:00+00:00,10000.0
2025-03-05 11:00:00+00:00,10000.0
2025-03-05 12:00:00+00:00,10000.0
2025-03-05 13:00:00+00:00,10000.0
2025-03-05 14:00:00+00:00,10000.0
2025-03-05 15:00:00+00:00,10000.0
2025-03-05 16:00:00+00:00,10000.0
2025-03-05 17:00:00+00:00,10000.0
2025-03-05 18:00:00+00:00,10000.0
2025-03-05 19:00:00+00:00,10000.0
2025-03-05 20:00:00+00:00,10000.0
2025-03-05 21:00:00+00:00,10000.0
2025-03-05 22:00:00+00:00,10000.0
2025-03-05 23:00:00+00:00,10000.0
2025-03-06 00:00:00+00:00,10000.0
2025-03-06 01:00:00+00:00,10000.0
2025-03-06 02:00:00+00:00,10000.0
2025-03-06 03:00:00+00:00,10000.0
2025-03-06 04:00:00+00:00,10000.0
2025-03-06 05:00:00+00:00,10000.0
2025-03-06 06:00:00+00:00,10000.0
2025-03-06 07:00:00+00:00,10000.0
2025-03-06 08:00:00+00:00,10000.0
2025-03-06 09:00:00+00:00,10000.0
2025-03-06 10:00:00+00:00,10000.0
2025-03-06 11:00:00+00:00,10000.0
2025-03-06 12:00:00+00:00,10000.0
2025-03-06 13:00:00+00:00,10000.0
2025-03-06 14:00:00+00:00,10000.0
2025-03-06 15:00:00+00:00,10000.0
2025-03-06 16:00:00+00:00,10000.0
2025-03-06 17:00:00+00:00,10000.0
2025-03-06 18:00:00+00:00,10000.0
2025-03-06 19:00:00+00:00,10000.0
2025-03-06 20:00:00+00:00,10000.0
2025-03-06 21:00:00+00:00,10000.0
2025-03-06 22:00:00+00:00,10000.0
2025-03-06 23:00:00+00:00,10000.0
2025-03-07 00:00:00+00:00,10000.0
2025-03-07 01:00:00+00:00,10000.0
2025-03-07 02:00:00+00:00,10000.0
2025-03-07 03:00:00+00:00,10000.0
2025-03-07 04:00:00+00:00,10000.0
2025-03-07 05:00:00+00:00,10000.0
2025-03-07 06:00:00+00:00,10000.0
2025-03-07 07:00:00+00:00,10000.0
2025-03-07 08:00:00+00:00,10000.0
2025-03-07 09:00:00+00:00,10000.0
2025-03-07 10:00:00+00:00,10000.0
2025-03-07 11:00:00+00:00,10000.0
2025-03-07 12:00:00+00:00,10000.0
2025-03-07 13:00:00+00:00,10000.0
2025-03-07 14:00:00+00:00,10000.0
2025-03-07 15:00:00+00:00,10000.0
2025-03-07 16:00:00+00:00,10000.0
2025-03-07 17:00:00+00:00,10000.0
2025-03-07 18:00:00+00:00,10000.0
2025-03-07 19:00:00+00:00,10000.0
2025-03-07 20:00:00+00:00,10000.0
2025-03-07 21:00:00+00:00,10000.0
2025-03-07 22:00:00+00:00,10000.0
2025-03-07 23:00:00+00:00,10000.0
2025-03-08 00:00:00+00:00,10000.0
2025-03-08 01:00:00+00:00,10000.0
2025-03-08 02:00:00+00:00,10000.0
2025-03-08 03:00:00+00:00,10000.0
2025-03-08 04:00:00+00:00,10000.0
2025-03-08 05:00:00+00:00,10000.0
2025-03-08 06:00:00+00:00,10000.0
2025-03-08 07:00:00+00:00,10000.0
2025-03-08 08:00:00+00:00,10000.0
2025-03-08 09:00:00+00:00,10000.0
2025-03-08 10:00:00+00:00,10000.0
2025-03-08 11:00:00+00:00,10000.0
2025-03-08 12:00:00+00:00,10000.0
2025-03-08 13:00:00+00:00,10000.0
2025-03-08 14:00:00+00:00,10000.0
2025-03-08 15:00:00+00:00,10000.0
2025-03-08 16:00:00+00:00,10000.0
2025-03-08 17:00:00+00:00,10000.0
2025-03-08 18:00:00+00:00,10000.0
2025-03-08 19:00:00+00:00,10000.0
2025-03-08 20:00:00+00:00,10000.0
2025-03-08 21:00:00+00:00,10000.0
2025-03-08 22:00:00+00:00,10000.0
2025-03-08 23:00:00+00:00,10000.0
2025-03-09 00:00:00+00:00,10000.0
2025-03-09 01:00:00+00:00,10000.0
2025-03-09 02:00:00+00:00,10000.0
2025-03-09 03:00:00+00:00,10000.0
2025-03-09 04:00:00+00:00,10000.0
2025-03-09 05:00:00+00:00,10000.0
2025-03-09 06:00:00+00:00,10000.0
2025-03-09 07:00:00+00:00,10000.0
2025-03-09 08:00:00+00:00,10000.0
2025-03-09 09:00:00+00:00,10000.0
2025-03-09 10:00:00+00:00,10000.0
2025-03-09 11:00:00+00:00,10000.0
2025-03-09 12:00:00+00:00,10000.0
2025-03-09 13:00:00+00:00,10000.0
2025-03-09 14:00:00+00:00,10000.0
2025-03-09 15:00:00+00:00,10000.0
2025-03-09 16:00:00+00:00,10000.0
2025-03-09 17:00:00+00:00,10000.0
2025-03-09 18:00:00+00:00,10000.0
2025-03-09 19:00:00+00:00,10000.0
2025-03-09 20:00:00+00:00,10000.0
2025-03-09 21:00:00+00:00,10000.0
2025-03-09 22:00:00+00:00,10000.0
2025-03-09 23:00:00+00:00,10000.0
2025-03-10 00:00:00+00:00,9976.133472441654
2025-03-10 01:00:00+00:00,9946.432872850708
2025-03-10 02:00:00+00:00,9920.874672850709
2025-03-10 03:00:00+00:00,9875.019938491745
2025-03-10 04:00:00+00:00,9875.019938491745
2025-03-10 05:00:00+00:00,9875.019938491745
2025-03-10 06:00:00+00:00,9875.019938491745
2025-03-10 07:00:00+00:00,9875.019938491745
2025-03-10 08:00:00+00:00,9875.019938491745
2025-03-10 09:00:00+00:00,9875.019938491745
2025-03-10 10:00:00+00:00,9875.019938491745
2025-03-10 11:00:00+00:00,9875.019938491745
2025-03-10 12:00:00+00:00,9875.019938491745
2025-03-10 13:00:00+00:00,9875.019938491745
2025-03-10 14:00:00+00:00,9875.019938491745
2025-03-10 15:00:00+00:00,9875.019938491745
2025-03-10 16:00:00+00:00,9864.575037913919
2025-03-10 17:00:00+00:00,9904.80860758589
2025-03-10 18:00:00+00:00,9926.679807585891
2025-03-10 19:00:00+00:00,9957.872007585891
2025-03-10 20:00:00+00:00,9902.63240758589
2025-03-10 21:00:00+00:00,9893.537607585891
2025-03-10 22:00:00+00:00,9883.48730758589
2025-03-10 23:00:00+00:00,9886.127607585891
2025-03-11 00:00:00+00:00,9920.93510758589
2025-03-11 01:00:00+00:00,9957.626175570502
2025-03-11 02:00:00+00:00,9900.939675570502
2025-03-11 03:00:00+00:00,9891.942375570501
2025-03-11 04:00:00+00:00,9885.246075570501
2025-03-11 05:00:00+00:00,9855.962390887647
2025-03-11 06:00:00+00:00,9855.962390887647
2025-03-11 07:00:00+00:00,9855.962390887647
2025-03-11 08:00:00+00:00,9855.962390887647
2025-03-11 09:00:00+00:00,9855.962390887647
2025-03-11 10:00:00+00:00,9855.962390887647
2025-03-11 11:00:00+00:00,9855.962390887647
2025-03-11 12:00:00+00:00,9855.962390887647
2025-03-11 13:00:00+00:00,9855.962390887647
2025-03-11 14:00:00+00:00,9855.962390887647
2025-03-11 15:00:00+00:00,9855.962390887647
2025-03-11 16:00:00+00:00,9855.962390887647
2025-03-11 17:00:00+00:00,9855.962390887647
2025-03-11 18:00:00+00:00,9855.962390887647
2025-03-11 19:00:00+00:00,9855.962390887647
2025-03-11 20:00:00+00:00,9855.962390887647
2025-03-11 21:00:00+00:00,9855.962390887647
2025-03-11 22:00:00+00:00,9855.962390887647
2025-03-11 23:00:00+00:00,9855.962390887647
2025-03-12 00:00:00+00:00,9855.962390887647
2025-03-12 01:00:00+00:00,9855.962390887647
2025-03-12 02:00:00+00:00,9855.962390887647
2025-03-12 03:00:00+00:00,9855.962390887647
2025-03-12 04:00:00+00:00,9855.962390887647
2025-03-12 05:00:00+00:00,9855.962390887647
2025-03-12 06:00:00+00:00,9855.962390887647
2025-03-12 07:00:00+00:00,9855.962390887647
2025-03-12 08:00:00+00:00,9855.962390887647
2025-03-12 09:00:00+00:00,9855.962390887647
2025-03-12 10:00:00+00:00,9855.962390887647
2025-03-12 11:00:00+00:00,9855.962390887647
2025-03-12 12:00:00+00:00,9855.962390887647
2025-03-12 13:00:00+00:00,9855.962390887647
2025-03-12 14:00:00+00:00,9855.962390887647
2025-03-12 15:00:00+00:00,9855.962390887647
2025-03-12 16:00:00+00:00,9855.962390887647
2025-03-12 17:00:00+00:00,9855.962390887647
2025-03-12 18:00:00+00:00,9855.962390887647
2025-03-12 19:00:00+00:00,9855.962390887647
2025-03-12 20:00:00+00:00,9855.962390887647
2025-03-12 21:00:00+00:00,9855.962390887647
2025-03-12 22:00:00+00:00,9855.962390887647
2025-03-12 23:00:00+00:00,9855.962390887647
2025-03-13 00:00:00+00:00,9855.962390887647
2025-03-13 01:00:00+00:00,9855.962390887647
2025-03-13 02:00:00+00:00,9855.962390887647
2025-03-13 03:00:00+00:00,9855.962390887647
2025-03-13 04:00:00+00:00,9855.962390887647
2025-03-13 05:00:00+00:00,9855.962390887647
2025-03-13 06:00:00+00:00,9855.962390887647
2025-03-13 07:00:00+00:00,9855.962390887647
2025-03-13 08:00:00+00:00,9855.962390887647
2025-03-13 09:00:00+00:00,9855.962390887647
2025-03-13 10:00:00+00:00,9855.962390887647
2025-03-13 11:00:00+00:00,9855.962390887647
2025-03-13 12:00:00+00:00,9855.962390887647
2025-03-13 13:00:00+00:00,9855.962390887647
2025-03-13 14:00:00+00:00,9855.962390887647
2025-03-13 15:00:00+00:00,9855.962390887647
2025-03-13 16:00:00+00:00,9855.962390887647
2025-03-13 17:00:00+00:00,9855.962390887647
2025-03-13 18:00:00+00:00,9855.962390887647
2025-03-13 19:00:00+00:00,9855.962390887647
2025-03-13 20:00:00+00:00,9855.962390887647
2025-03-13 21:00:00+00:00,9855.962390887647
2025-03-13 22:00:00+00:00,9855.962390887647
2025-03-13 23:00:00+00:00,9855.962390887647
2025-03-14 00:00:00+00:00,9855.962390887647
2025-03-14 01:00:00+00:00,9855.962390887647
2025-03-14 02:00:00+00:00,9855.962390887647
2025-03-14 03:00:00+00:00,9855.962390887647
2025-03-14 04:00:00+00:00,9855.962390887647
2025-03-14 05:00:00+00:00,9855.962390887647
2025-03-14 06:00:00+00:00,9855.962390887647
2025-03-14 07:00:00+00:00,9855.962390887647
2025-03-14 08:00:00+00:00,9855.962390887647
2025-03-14 09:00:00+00:00,9855.962390887647
2025-03-14 10:00:00+00:00,9855.962390887647
2025-03-14 11:00:00+00:00,9855.962390887647
2025-03-14 12:00:00+00:00,9855.962390887647
2025-03-14 13:00:00+00:00,9855.962390887647
2025-03-14 14:00:00+00:00,9855.962390887647
2025-03-14 15:00:00+00:00,9855.962390887647
2025-03-14 16:00:00+00:00,9855.962390887647
2025-03-14 17:00:00+00:00,9855.962390887647
2025-03-14 18:00:00+00:00,9855.962390887647
2025-03-14 19:00:00+00:00,9855.962390887647
2025-03-14 20:00:00+00:00,9855.962390887647
2025-03-14 21:00:00+00:00,9855.962390887647
2025-03-14 22:00:00+00:00,9855.962390887647
2025-03-14 23:00:00+00:00,9855.962390887647
2025-03-15 00:00:00+00:00,9855.962390887647
2025-03-15 01:00:00+00:00,9855.962390887647
2025-03-15 02:00:00+00:00,9855.962390887647
2025-03-15 03:00:00+00:00,9855.962390887647
2025-03-15 04:00:00+00:00,9855.962390887647
2025-03-15 05:00:00+00:00,9855.962390887647
2025-03-15 06:00:00+00:00,9855.962390887647
2025-03-15 07:00:00+00:00,9855.962390887647
2025-03-15 08:00:00+00:00,9855.962390887647
2025-03-15 09:00:00+00:00,9855.962390887647
2025-03-15 10:00:00+00:00,9855.962390887647
2025-03-15 11:00:00+00:00,9855.962390887647
2025-03-15 12:00:00+00:00,9855.962390887647
2025-03-15 13:00:00+00:00,9855.962390887647
2025-03-15 14:00:00+00:00,9855.962390887647
2025-03-15 15:00:00+00:00,9855.962390887647
2025-03-15 16:00:00+00:00,9855.962390887647
2025-03-15 17:00:00+00:00,9855.962390887647
2025-03-15 18:00:00+00:00,9855.962390887647
2025-03-15 19:00:00+00:00,9855.962390887647
2025-03-15 20:00:00+00:00,9855.962390887647
2025-03-15 21:00:00+00:00,9855.962390887647
2025-03-15 22:00:00+00:00,9855.962390887647
2025-03-15 23:00:00+00:00,9855.962390887647
2025-03-16 00:00:00+00:00,9855.962390887647
2025-03-16 01:00:00+00:00,9855.962390887647
2025-03-16 02:00:00+00:00,9855.962390887647
2025-03-16 03:00:00+00:00,9855.962390887647
2025-03-16 04:00:00+00:00,9855.962390887647
2025-03-16 05:00:00+00:00,9855.962390887647
2025-03-16 06:00:00+00:00,9855.962390887647
2025-03-16 07:00:00+00:00,9855.962390887647
2025-03-16 08:00:00+00:00,9855.962390887647
2025-03-16 09:00:00+00:00,9855.962390887647
2025-03-16 10:00:00+00:00,9855.962390887647
2025-03-16 11:00:00+00:00,9855.962390887647
2025-03-16 12:00:00+00:00,9855.962390887647
2025-03-16 13:00:00+00:00,9855.962390887647
2025-03-16 14:00:00+00:00,9855.962390887647
2025-03-16 15:00:00+00:00,9855.962390887647
2025-03-16 16:00:00+00:00,9855.962390887647
2025-03-16 17:00:00+00:00,9855.962390887647
2025-03-16 18:00:00+00:00,9855.962390887647
2025-03-16 19:00:00+00:00,9855.962390887647
2025-03-16 20:00:00+00:00,9855.962390887647
2025-03-16 21:00:00+00:00,9855.962390887647
2025-03-16 22:00:00+00:00,9855.962390887647
2025-03-16 23:00:00+00:00,9855.962390887647
2025-03-17 00:00:00+00:00,9855.962390887647
2025-03-17 01:00:00+00:00,9855.962390887647
2025-03-17 02:00:00+00:00,9855.962390887647
2025-03-17 03:00:00+00:00,9855.962390887647
2025-03-17 04:00:00+00:00,9855.962390887647
2025-03-17 05:00:00+00:00,9855.962390887647
2025-03-17 06:00:00+00:00,9855.962390887647
2025-03-17 07:00:00+00:00,9855.962390887647
2025-03-17 08:00:00+00:00,9855.962390887647
2025-03-17 09:00:00+00:00,9855.962390887647
2025-03-17 10:00:00+00:00,9855.962390887647
2025-03-17 11:00:00+00:00,9855.962390887647
2025-03-17 12:00:00+00:00,9855.962390887647
2025-03-17 13:00:00+00:00,9855.962390887647
2025-03-17 14:00:00+00:00,9855.962390887647
2025-03-17 15:00:00+00:00,9855.962390887647
2025-03-17 16:00:00+00:00,9855.962390887647
2025-03-17 17:00:00+00:00,9855.962390887647
2025-03-17 18:00:00+00:00,9855.962390887647
2025-03-17 19:00:00+00:00,9855.962390887647
2025-03-17 20:00:00+00:00,9855.962390887647
2025-03-17 21:00:00+00:00,9855.962390887647
2025-03-17 22:00:00+00:00,9855.962390887647
2025-03-17 23:00:00+00:00,9855.962390887647
2025-03-18 00:00:00+00:00,9855.962390887647
2025-03-18 01:00:00+00:00,9855.962390887647
2025-03-18 02:00:00+00:00,9855.962390887647
2025-03-18 03:00:00+00:00,9855.962390887647
2025-03-18 04:00:00+00:00,9855.962390887647
2025-03-18 05:00:00+00:00,9855.962390887647
2025-03-18 06:00:00+00:00,9855.962390887647
2025-03-18 07:00:00+00:00,9855.962390887647
2025-03-18 08:00:00+00:00,9855.962390887647
2025-03-18 09:00:00+00:00,9855.962390887647
2025-03-18 10:00:00+00:00,9855.962390887647
2025-03-18 11:00:00+00:00,9855.962390887647
2025-03-18 12:00:00+00:00,9855.962390887647
2025-03-18 13:00:00+00:00,9855.962390887647
2025-03-18 14:00:00+00:00,9855.962390887647
2025-03-18 15:00:00+00:00,9855.962390887647
2025-03-18 16:00:00+00:00,9855.962390887647
2025-03-18 17:00:00+00:00,9855.962390887647
2025-03-18 18:00:00+00:00,9855.962390887647
2025-03-18 19:00:00+00:00,9855.962390887647
2025-03-18 20:00:00+00:00,9855.962390887647
2025-03-18 21:00:00+00:00,9855.962390887647
2025-03-18 22:00:00+00:00,9855.962390887647
2025-03-18 23:00:00+00:00,9855.962390887647
2025-03-19 00:00:00+00:00,9855.962390887647
2025-03-19 01:00:00+00:00,9855.962390887647
2025-03-19 02:00:00+00:00,9855.962390887647
2025-03-19 03:00:00+00:00,9855.962390887647
2025-03-19 04:00:00+00:00,9855.962390887647
2025-03-19 05:00:00+00:00,9855.962390887647
2025-03-19 06:00:00+00:00,9855.962390887647
2025-03-19 07:00:00+00:00,9855.962390887647
2025-03-19 08:00:00+00:00,9855.962390887647
2025-03-19 09:00:00+00:00,9855.962390887647
2025-03-19 10:00:00+00:00,9855.962390887647
2025-03-19 11:00:00+00:00,9855.962390887647
2025-03-19 12:00:00+00:00,9855.962390887647
2025-03-19 13:00:00+00:00,9855.962390887647
2025-03-19 14:00:00+00:00,9855.962390887647
2025-03-19 15:00:00+00:00,9855.962390887647
2025-03-19 16:00:00+00:00,9855.962390887647
2025-03-19 17:00:00+00:00,9855.962390887647
2025-03-19 18:00:00+00:00,9855.962390887647
2025-03-19 19:00:00+00:00,9855.962390887647
2025-03-19 20:00:00+00:00,9855.962390887647
2025-03-19 21:00:00+00:00,9855.962390887647
2025-03-19 22:00:00+00:00,9855.962390887647
2025-03-19 23:00:00+00:00,9855.962390887647
2025-03-20 00:00:00+00:00,9897.655519401047
2025-03-20 01:00:00+00:00,9841.932451372742
2025-03-20 02:00:00+00:00,9832.592651372743
2025-03-20 03:00:00+00:00,9844.625851372743
2025-03-20 04:00:00+00:00,9833.202351372744
2025-03-20 05:00:00+00:00,9819.206051372743
2025-03-20 06:00:00+00:00,9828.880851372744
2025-03-20 07:00:00+00:00,9824.177451372743
2025-03-20 08:00:00+00:00,9827.520751372742
2025-03-20 09:00:00+00:00,9856.025869070032
2025-03-20 10:00:00+00:00,9831.852269070032
2025-03-20 11:00:00+00:00,9796.426111990251
2025-03-20 12:00:00+00:00,9796.426111990251
2025-03-20 13:00:00+00:00,9796.426111990251
2025-03-20 14:00:00+00:00,9796.426111990251
2025-03-20 15:00:00+00:00,9796.426111990251
2025-03-20 16:00:00+00:00,9796.426111990251
2025-03-20 17:00:00+00:00,9796.426111990251
2025-03-20 18:00:00+00:00,9796.426111990251
2025-03-20 19:00:00+00:00,9796.426111990251
2025-03-20 20:00:00+00:00,9796.426111990251
2025-03-20 21:00:00+00:00,9796.426111990251
2025-03-20 22:00:00+00:00,9796.426111990251
2025-03-20 23:00:00+00:00,9796.426111990251
2025-03-21 00:00:00+00:00,9796.426111990251
2025-03-21 01:00:00+00:00,9796.426111990251
2025-03-21 02:00:00+00:00,9796.426111990251
2025-03-21 03:00:00+00:00,9796.426111990251
2025-03-21 04:00:00+00:00,9796.426111990251
2025-03-21 05:00:00+00:00,9796.426111990251
2025-03-21 06:00:00+00:00,9796.426111990251
2025-03-21 07:00:00+00:00,9796.426111990251
2025-03-21 08:00:00+00:00,9796.426111990251
2025-03-21 09:00:00+00:00,9796.426111990251
2025-03-21 10:00:00+00:00,9796.426111990251
2025-03-21 11:00:00+00:00,9796.426111990251
2025-03-21 12:00:00+00:00,9796.426111990251
2025-03-21 13:00:00+00:00,9796.426111990251
2025-03-21 14:00:00+00:00,9796.426111990251
2025-03-21 15:00:00+00:00,9796.426111990251
2025-03-21 16:00:00+00:00,9796.426111990251
2025-03-21 17:00:00+00:00,9796.426111990251
2025-03-21 18:00:00+00:00,9796.426111990251
2025-03-21 19:00:00+00:00,9796.426111990251
2025-03-21 20:00:00+00:00,9796.426111990251
2025-03-21 21:00:00+00:00,9796.426111990251
2025-03-21 22:00:00+00:00,9796.426111990251
2025-03-21 23:00:00+00:00,9796.426111990251
2025-03-22 00:00:00+00:00,9796.426111990251
2025-03-22 01:00:00+00:00,9796.426111990251
2025-03-22 02:00:00+00:00,9796.426111990251
2025-03-22 03:00:00+00:00,9796.426111990251
2025-03-22 04:00:00+00:00,9796.426111990251
2025-03-22 05:00:00+00:00,9796.426111990251
2025-03-22 06:00:00+00:00,9796.426111990251
2025-03-22 07:00:00+00:00,9796.426111990251
2025-03-22 08:00:00+00:00,9796.426111990251
2025-03-22 09:00:00+00:00,9796.426111990251
2025-03-22 10:00:00+00:00,9796.426111990251
2025-03-22 11:00:00+00:00,9796.426111990251
2025-03-22 12:00:00+00:00,9796.426111990251
2025-03-22 13:00:00+00:00,9796.426111990251
2025-03-22 14:00:00+00:00,9796.426111990251
2025-03-22 15:00:00+00:00,9796.426111990251
2025-03-22 16:00:00+00:00,9796.426111990251
2025-03-22 17:00:00+00:00,9796.426111990251
2025-03-22 18:00:00+00:00,9796.426111990251
2025-03-22 19:00:00+00:00,9796.426111990251
2025-03-22 20:00:00+00:00,9796.426111990251
2025-03-22 21:00:00+00:00,9796.426111990251
2025-03-22 22:00:00+00:00,9796.426111990251
2025-03-22 23:00:00+00:00,9796.426111990251
2025-03-23 00:00:00+00:00,9796.426111990251
2025-03-23 01:00:00+00:00,9796.426111990251
2025-03-23 02:00:00+00:00,9796.426111990251
2025-03-23 03:00:00+00:00,9796.426111990251
2025-03-23 04:00:00+00:00,9796.426111990251
2025-03-23 05:00:00+00:00,9796.426111990251
2025-03-23 06:00:00+00:00,9796.426111990251
2025-03-23 07:00:00+00:00,9796.426111990251
2025-03-23 08:00:00+00:00,9796.426111990251
2025-03-23 09:00:00+00:00,9796.426111990251
2025-03-23 10:00:00+00:00,9796.426111990251
2025-03-23 11:00:00+00:00,9796.426111990251
2025-03-23 12:00:00+00:00,9796.426111990251
2025-03-23 13:00:00+00:00,9796.426111990251
2025-03-23 14:00:00+00:00,9796.426111990251
2025-03-23 15:00:00+00:00,9796.426111990251
2025-03-23 16:00:00+00:00,9796.426111990251
2025-03-23 17:00:00+00:00,9796.426111990251
2025-03-23 18:00:00+00:00,9796.426111990251
2025-03-23 19:00:00+00:00,9796.426111990251
2025-03-23 20:00:00+00:00,9796.426111990251
2025-03-23 21:00:00+00:00,9796.426111990251
2025-03-23 22:00:00+00:00,9796.426111990251
2025-03-23 23:00:00+00:00,9796.426111990251
2025-03-24 00:00:00+00:00,9796.426111990251
2025-03-24 01:00:00+00:00,9796.426111990251
2025-03-24 02:00:00+00:00,9796.426111990251
2025-03-24 03:00:00+00:00,9796.426111990251
2025-03-24 04:00:00+00:00,9796.426111990251
2025-03-24 05:00:00+00:00,9796.426111990251
2025-03-24 06:00:00+00:00,9796.426111990251
2025-03-24 07:00:00+00:00,9796.426111990251
2025-03-24 08:00:00+00:00,9796.426111990251
2025-03-24 09:00:00+00:00,9796.426111990251
2025-03-24 10:00:00+00:00,9796.426111990251
2025-03-24 11:00:00+00:00,9796.426111990251
2025-03-24 12:00:00+00:00,9777.95437808252
2025-03-24 13:00:00+00:00,9741.887278082519
2025-03-24 14:00:00+00:00,9778.84317808252
2025-03-24 15:00:00+00:00,9805.97177808252
2025-03-24 16:00:00+00:00,9842.60447808252
2025-03-24 17:00:00+00:00,9815.033605972136
2025-03-24 18:00:00+00:00,9855.999205972133
2025-03-24 19:00:00+00:00,9854.797305972135
2025-03-24 20:00:00+00:00,9830.658305972134
2025-03-24 21:00:00+00:00,9793.793305972134
2025-03-24 22:00:00+00:00,9821.305705972134
2025-03-24 23:00:00+00:00,9739.721753107402
2025-03-25 00:00:00+00:00,9739.721753107402
2025-03-25 01:00:00+00:00,9739.721753107402
2025-03-25 02:00:00+00:00,9739.721753107402
2025-03-25 03:00:00+00:00,9739.721753107402
2025-03-25 04:00:00+00:00,9739.721753107402
2025-03-25 05:00:00+00:00,9739.721753107402
2025-03-25 06:00:00+00:00,9739.721753107402
2025-03-25 07:00:00+00:00,9739.721753107402
2025-03-25 08:00:00+00:00,9739.721753107402
2025-03-25 09:00:00+00:00,9739.721753107402
2025-03-25 10:00:00+00:00,9739.721753107402
2025-03-25 11:00:00+00:00,9739.721753107402
2025-03-25 12:00:00+00:00,9739.721753107402
2025-03-25 13:00:00+00:00,9739.721753107402
2025-03-25 14:00:00+00:00,9739.721753107402
2025-03-25 15:00:00+00:00,9739.721753107402
2025-03-25 16:00:00+00:00,9739.721753107402
2025-03-25 17:00:00+00:00,9739.721753107402
2025-03-25 18:00:00+00:00,9739.721753107402
2025-03-25 19:00:00+00:00,9739.721753107402
2025-03-25 20:00:00+00:00,9739.721753107402
2025-03-25 21:00:00+00:00,9739.721753107402
2025-03-25 22:00:00+00:00,9739.721753107402
2025-03-25 23:00:00+00:00,9739.721753107402
2025-03-26 00:00:00+00:00,9739.721753107402
2025-03-26 01:00:00+00:00,9739.721753107402
2025-03-26 02:00:00+00:00,9739.721753107402
2025-03-26 03:00:00+00:00,9739.721753107402
2025-03-26 04:00:00+00:00,9739.721753107402
2025-03-26 05:00:00+00:00,9739.721753107402
2025-03-26 06:00:00+00:00,9739.721753107402
2025-03-26 07:00:00+00:00,9739.721753107402
2025-03-26 08:00:00+00:00,9739.721753107402
2025-03-26 09:00:00+00:00,9739.721753107402
2025-03-26 10:00:00+00:00,9739.721753107402
2025-03-26 11:00:00+00:00,9739.721753107402
2025-03-26 12:00:00+00:00,9739.721753107402
2025-03-26 13:00:00+00:00,9739.721753107402
2025-03-26 14:00:00+00:00,9739.721753107402
2025-03-26 15:00:00+00:00,9739.721753107402
2025-03-26 16:00:00+00:00,9739.721753107402
2025-03-26 17:00:00+00:00,9739.721753107402
2025-03-26 18:00:00+00:00,9739.721753107402
2025-03-26 19:00:00+00:00,9739.721753107402
2025-03-26 20:00:00+00:00,9739.721753107402
2025-03-26 21:00:00+00:00,9739.721753107402
2025-03-26 22:00:00+00:00,9739.721753107402
2025-03-26 23:00:00+00:00,9739.721753107402
2025-03-27 00:00:00+00:00,9739.721753107402
2025-03-27 01:00:00+00:00,9739.721753107402
2025-03-27 02:00:00+00:00,9739.721753107402
2025-03-27 03:00:00+00:00,9739.721753107402
2025-03-27 04:00:00+00:00,9739.721753107402
2025-03-27 05:00:00+00:00,9739.721753107402
2025-03-27 06:00:00+00:00,9739.721753107402
2025-03-27 07:00:00+00:00,9739.721753107402
2025-03-27 08:00:00+00:00,9739.721753107402
2025-03-27 09:00:00+00:00,9739.721753107402
2025-03-27 10:00:00+00:00,9739.721753107402
2025-03-27 11:00:00+00:00,9739.721753107402
2025-03-27 12:00:00+00:00,9739.721753107402
2025-03-27 13:00:00+00:00,9739.721753107402
2025-03-27 14:00:00+00:00,9739.721753107402
2025-03-27 15:00:00+00:00,9739.721753107402
2025-03-27 16:00:00+00:00,9739.721753107402
2025-03-27 17:00:00+00:00,9739.721753107402
2025-03-27 18:00:00+00:00,9739.721753107402
2025-03-27 19:00:00+00:00,9739.721753107402
2025-03-27 20:00:00+00:00,9739.721753107402
2025-03-27 21:00:00+00:00,9739.721753107402
2025-03-27 22:00:00+00:00,9739.721753107402
2025-03-27 23:00:00+00:00,9739.721753107402
2025-03-28 00:00:00+00:00,9739.721753107402
2025-03-28 01:00:00+00:00,9739.721753107402
2025-03-28 02:00:00+00:00,9739.721753107402
2025-03-28 03:00:00+00:00,9739.721753107402
2025-03-28 04:00:00+00:00,9739.721753107402
2025-03-28 05:00:00+00:00,9739.721753107402
2025-03-28 06:00:00+00:00,9739.721753107402
2025-03-28 07:00:00+00:00,9739.721753107402
2025-03-28 08:00:00+00:00,9739.721753107402
2025-03-28 09:00:00+00:00,9739.721753107402
2025-03-28 10:00:00+00:00,9739.721753107402
2025-03-28 11:00:00+00:00,9739.721753107402
2025-03-28 12:00:00+00:00,9739.721753107402
2025-03-28 13:00:00+00:00,9739.721753107402
2025-03-28 14:00:00+00:00,9739.721753107402
2025-03-28 15:00:00+00:00,9739.721753107402
2025-03-28 16:00:00+00:00,9739.721753107402
2025-03-28 17:00:00+00:00,9739.721753107402
2025-03-28 18:00:00+00:00,9739.721753107402
2025-03-28 19:00:00+00:00,9739.721753107402
2025-03-28 20:00:00+00:00,9739.721753107402
2025-03-28 21:00:00+00:00,9739.721753107402
2025-03-28 22:00:00+00:00,9739.721753107402
2025-03-28 23:00:00+00:00,9739.721753107402
2025-03-29 00:00:00+00:00,9739.721753107402
2025-03-29 01:00:00+00:00,9739.721753107402
2025-03-29 02:00:00+00:00,9739.721753107402
2025-03-29 03:00:00+00:00,9739.721753107402
2025-03-29 04:00:00+00:00,9739.721753107402
2025-03-29 05:00:00+00:00,9739.721753107402
2025-03-29 06:00:00+00:00,9739.721753107402
2025-03-29 07:00:00+00:00,9739.721753107402
2025-03-29 08:00:00+00:00,9739.721753107402
2025-03-29 09:00:00+00:00,9739.721753107402
2025-03-29 10:00:00+00:00,9739.721753107402
2025-03-29 11:00:00+00:00,9793.613071521346
2025-03-29 12:00:00+00:00,9856.438471521345
2025-03-29 13:00:00+00:00,9840.380671521345
2025-03-29 14:00:00+00:00,9801.632071521346
2025-03-29 15:00:00+00:00,9835.707871521347
2025-03-29 16:00:00+00:00,9844.340671521346
2025-03-29 17:00:00+00:00,9865.624101944657
2025-03-29 18:00:00+00:00,9852.863001944657
2025-03-29 19:00:00+00:00,9851.467101944658
2025-03-29 20:00:00+00:00,9810.332601944658
2025-03-29 21:00:00+00:00,9835.696401944657
2025-03-29 22:00:00+00:00,9834.686601944657
2025-03-29 23:00:00+00:00,9846.695301944656
2025-03-30 00:00:00+00:00,9822.034401944657
2025-03-30 01:00:00+00:00,9806.350988499089
2025-03-30 02:00:00+00:00,9793.659188499088
2025-03-30 03:00:00+00:00,9762.240860713926
2025-03-30 04:00:00+00:00,9762.240860713926
2025-03-30 05:00:00+00:00,9762.240860713926
2025-03-30 06:00:00+00:00,9762.240860713926
2025-03-30 07:00:00+00:00,9762.240860713926
2025-03-30 08:00:00+00:00,9762.240860713926
2025-03-30 09:00:00+00:00,9762.240860713926
2025-03-30 10:00:00+00:00,9762.240860713926
2025-03-30 11:00:00+00:00,9762.240860713926
2025-03-30 12:00:00+00:00,9762.240860713926
2025-03-30 13:00:00+00:00,9762.240860713926
2025-03-30 14:00:00+00:00,9762.240860713926
2025-03-30 15:00:00+00:00,9762.240860713926
2025-03-30 16:00:00+00:00,9762.240860713926
2025-03-30 17:00:00+00:00,9762.240860713926
2025-03-30 18:00:00+00:00,9762.240860713926
2025-03-30 19:00:00+00:00,9762.240860713926
2025-03-30 20:00:00+00:00,9762.240860713926
2025-03-30 21:00:00+00:00,9762.240860713926
2025-03-30 22:00:00+00:00,9762.240860713926
2025-03-30 23:00:00+00:00,9762.240860713926
2025-03-31 00:00:00+00:00,9762.240860713926
2025-03-31 01:00:00+00:00,9762.240860713926
2025-03-31 02:00:00+00:00,9762.240860713926
2025-03-31 03:00:00+00:00,9762.240860713926
2025-03-31 04:00:00+00:00,9762.240860713926
2025-03-31 05:00:00+00:00,9762.240860713926
2025-03-31 06:00:00+00:00,9762.240860713926
2025-03-31 07:00:00+00:00,9762.240860713926
2025-03-31 08:00:00+00:00,9762.240860713926
2025-03-31 09:00:00+00:00,9762.240860713926
2025-03-31 10:00:00+00:00,9762.240860713926
2025-03-31 11:00:00+00:00,9762.240860713926
2025-03-31 12:00:00+00:00,9762.240860713926
2025-03-31 13:00:00+00:00,9762.240860713926
2025-03-31 14:00:00+00:00,9762.240860713926
2025-03-31 15:00:00+00:00,9762.240860713926
2025-03-31 16:00:00+00:00,9762.240860713926
2025-03-31 17:00:00+00:00,9762.240860713926
2025-03-31 18:00:00+00:00,9762.240860713926
2025-03-31 19:00:00+00:00,9762.240860713926
2025-03-31 20:00:00+00:00,9762.240860713926
2025-03-31 21:00:00+00:00,9762.240860713926
2025-03-31 22:00:00+00:00,9762.240860713926
2025-03-31 23:00:00+00:00,9762.240860713926
2025-04-01 00:00:00+00:00,9762.240860713926
2025-04-01 01:00:00+00:00,9762.240860713926
2025-04-01 02:00:00+00:00,9762.240860713926
2025-04-01 03:00:00+00:00,9762.240860713926
2025-04-01 04:00:00+00:00,9762.240860713926
2025-04-01 05:00:00+00:00,9762.240860713926
2025-04-01 06:00:00+00:00,9762.240860713926
2025-04-01 07:00:00+00:00,9762.240860713926
2025-04-01 08:00:00+00:00,9762.240860713926
2025-04-01 09:00:00+00:00,9762.240860713926
2025-04-01 10:00:00+00:00,9762.240860713926
2025-04-01 11:00:00+00:00,9762.240860713926
2025-04-01 12:00:00+00:00,9762.240860713926
2025-04-01 13:00:00+00:00,9762.240860713926
2025-04-01 14:00:00+00:00,9762.240860713926
2025-04-01 15:00:00+00:00,9762.240860713926
2025-04-01 16:00:00+00:00,9762.240860713926
2025-04-01 17:00:00+00:00,9762.240860713926
2025-04-01 18:00:00+00:00,9762.240860713926
2025-04-01 19:00:00+00:00,9762.240860713926
2025-04-01 20:00:00+00:00,9762.240860713926
2025-04-01 21:00:00+00:00,9762.240860713926
2025-04-01 22:00:00+00:00,9762.240860713926
2025-04-01 23:00:00+00:00,9762.240860713926
2025-04-02 00:00:00+00:00,9762.240860713926
2025-04-02 01:00:00+00:00,9762.240860713926
2025-04-02 02:00:00+00:00,9762.240860713926
2025-04-02 03:00:00+00:00,9762.240860713926
2025-04-02 04:00:00+00:00,9762.240860713926
2025-04-02 05:00:00+00:00,9762.240860713926
2025-04-02 06:00:00+00:00,9762.240860713926
2025-04-02 07:00:00+00:00,9762.240860713926
2025-04-02 08:00:00+00:00,9762.240860713926
2025-04-02 09:00:00+00:00,9762.240860713926
2025-04-02 10:00:00+00:00,9762.240860713926
2025-04-02 11:00:00+00:00,9762.240860713926
2025-04-02 12:00:00+00:00,9762.240860713926
2025-04-02 13:00:00+00:00,9762.240860713926
2025-04-02 14:00:00+00:00,9762.240860713926
2025-04-02 15:00:00+00:00,9762.240860713926
2025-04-02 16:00:00+00:00,9762.240860713926
2025-04-02 17:00:00+00:00,9762.240860713926
2025-04-02 18:00:00+00:00,9762.240860713926
2025-04-02 19:00:00+00:00,9762.240860713926
2025-04-02 20:00:00+00:00,9762.240860713926
2025-04-02 21:00:00+00:00,9762.240860713926
2025-04-02 22:00:00+00:00,9762.240860713926
2025-04-02 23:00:00+00:00,9762.240860713926
2025-04-03 00:00:00+00:00,9762.240860713926
2025-04-03 01:00:00+00:00,9762.240860713926
2025-04-03 02:00:00+00:00,9762.240860713926
2025-04-03 03:00:00+00:00,9762.240860713926
2025-04-03 04:00:00+00:00,9762.240860713926
2025-04-03 05:00:00+00:00,9762.240860713926
2025-04-03 06:00:00+00:00,9762.240860713926
2025-04-03 07:00:00+00:00,9762.240860713926
2025-04-03 08:00:00+00:00,9762.240860713926
2025-04-03 09:00:00+00:00,9762.240860713926
2025-04-03 10:00:00+00:00,9762.240860713926
2025-04-03 11:00:00+00:00,9762.240860713926
2025-04-03 12:00:00+00:00,9762.240860713926
2025-04-03 13:00:00+00:00,9762.240860713926
2025-04-03 14:00:00+00:00,9762.240860713926
2025-04-03 15:00:00+00:00,9762.240860713926
2025-04-03 16:00:00+00:00,9762.240860713926
2025-04-03 17:00:00+00:00,9762.240860713926
2025-04-03 18:00:00+00:00,9762.240860713926
2025-04-03 19:00:00+00:00,9762.240860713926
2025-04-03 20:00:00+00:00,9762.240860713926
2025-04-03 21:00:00+00:00,9762.240860713926
2025-04-03 22:00:00+00:00,9762.240860713926
2025-04-03 23:00:00+00:00,9762.240860713926
2025-04-04 00:00:00+00:00,9762.240860713926
2025-04-04 01:00:00+00:00,9762.240860713926
2025-04-04 02:00:00+00:00,9762.240860713926
2025-04-04 03:00:00+00:00,9762.240860713926
2025-04-04 04:00:00+00:00,9762.240860713926
2025-04-04 05:00:00+00:00,9762.240860713926
2025-04-04 06:00:00+00:00,9762.240860713926
2025-04-04 07:00:00+00:00,9762.240860713926
2025-04-04 08:00:00+00:00,9762.240860713926
2025-04-04 09:00:00+00:00,9762.240860713926
2025-04-04 10:00:00+00:00,9762.240860713926
2025-04-04 11:00:00+00:00,9762.240860713926
2025-04-04 12:00:00+00:00,9762.240860713926
2025-04-04 13:00:00+00:00,9762.240860713926
2025-04-04 14:00:00+00:00,9762.240860713926
2025-04-04 15:00:00+00:00,9762.240860713926
2025-04-04 16:00:00+00:00,9762.240860713926
2025-04-04 17:00:00+00:00,9762.240860713926
2025-04-04 18:00:00+00:00,9762.240860713926
2025-04-04 19:00:00+00:00,9762.240860713926
2025-04-04 20:00:00+00:00,9762.240860713926
2025-04-04 21:00:00+00:00,9762.240860713926
2025-04-04 22:00:00+00:00,9762.240860713926
2025-04-04 23:00:00+00:00,9762.240860713926
2025-04-05 00:00:00+00:00,9762.240860713926
2025-04-05 01:00:00+00:00,9762.240860713926
2025-04-05 02:00:00+00:00,9762.240860713926
2025-04-05 03:00:00+00:00,9762.240860713926
2025-04-05 04:00:00+00:00,9762.240860713926
2025-04-05 05:00:00+00:00,9762.240860713926
2025-04-05 06:00:00+00:00,9762.240860713926
2025-04-05 07:00:00+00:00,9762.240860713926
2025-04-05 08:00:00+00:00,9762.240860713926
2025-04-05 09:00:00+00:00,9762.240860713926
2025-04-05 10:00:00+00:00,9762.240860713926
2025-04-05 11:00:00+00:00,9762.240860713926
2025-04-05 12:00:00+00:00,9762.240860713926
2025-04-05 13:00:00+00:00,9762.240860713926
2025-04-05 14:00:00+00:00,9762.240860713926
2025-04-05 15:00:00+00:00,9762.240860713926
2025-04-05 16:00:00+00:00,9762.240860713926
2025-04-05 17:00:00+00:00,9762.240860713926
2025-04-05 18:00:00+00:00,9762.240860713926
2025-04-05 19:00:00+00:00,9762.240860713926
2025-04-05 20:00:00+00:00,9762.240860713926
2025-04-05 21:00:00+00:00,9762.240860713926
2025-04-05 22:00:00+00:00,9762.240860713926
2025-04-05 23:00:00+00:00,9762.240860713926
2025-04-06 00:00:00+00:00,9762.240860713926
2025-04-06 01:00:00+00:00,9762.240860713926
2025-04-06 02:00:00+00:00,9762.240860713926
2025-04-06 03:00:00+00:00,9762.240860713926
2025-04-06 04:00:00+00:00,9762.240860713926
2025-04-06 05:00:00+00:00,9762.240860713926
2025-04-06 06:00:00+00:00,9762.240860713926
2025-04-06 07:00:00+00:00,9762.240860713926
2025-04-06 08:00:00+00:00,9762.240860713926
2025-04-06 09:00:00+00:00,9762.240860713926
2025-04-06 10:00:00+00:00,9762.240860713926
2025-04-06 11:00:00+00:00,9762.240860713926
2025-04-06 12:00:00+00:00,9762.240860713926
2025-04-06 13:00:00+00:00,9762.240860713926
2025-04-06 14:00:00+00:00,9762.240860713926
2025-04-06 15:00:00+00:00,9762.240860713926
2025-04-06 16:00:00+00:00,9762.240860713926
2025-04-06 17:00:00+00:00,9762.240860713926
2025-04-06 18:00:00+00:00,9762.240860713926
2025-04-06 19:00:00+00:00,9915.143632132955
2025-04-06 20:00:00+00:00,9867.579632132954
2025-04-06 21:00:00+00:00,9936.096232132955
2025-04-06 22:00:00+00:00,9928.867632132953
2025-04-06 23:00:00+00:00,10024.340968764061
2025-04-07 00:00:00+00:00,9997.08868628035
2025-04-07 01:00:00+00:00,10003.372025438495
2025-04-07 02:00:00+00:00,9952.287225438495
2025-04-07 03:00:00+00:00,9996.319225438494
2025-04-07 04:00:00+00:00,10043.442425438494
2025-04-07 05:00:00+00:00,10088.863225438496
2025-04-07 06:00:00+00:00,10091.679225438495
2025-04-07 07:00:00+00:00,10228.287225438495
2025-04-07 08:00:00+00:00,10208.914425438494
2025-04-07 09:00:00+00:00,10136.341530509662
2025-04-07 10:00:00+00:00,10134.965530509662
2025-04-07 11:00:00+00:00,10092.175379902164
2025-04-07 12:00:00+00:00,10092.175379902164
2025-04-07 13:00:00+00:00,10092.175379902164
2025-04-07 14:00:00+00:00,10092.175379902164
2025-04-07 15:00:00+00:00,10092.175379902164
2025-04-07 16:00:00+00:00,10092.175379902164
2025-04-07 17:00:00+00:00,10092.175379902164
2025-04-07 18:00:00+00:00,10092.175379902164
2025-04-07 19:00:00+00:00,10092.175379902164
2025-04-07 20:00:00+00:00,10092.175379902164
2025-04-07 21:00:00+00:00,10092.175379902164
2025-04-07 22:00:00+00:00,10092.175379902164
2025-04-07 23:00:00+00:00,10092.175379902164
2025-04-08 00:00:00+00:00,10092.175379902164
2025-04-08 01:00:00+00:00,10092.175379902164
2025-04-08 02:00:00+00:00,10092.175379902164
2025-04-08 03:00:00+00:00,10092.175379902164
2025-04-08 04:00:00+00:00,10092.175379902164
2025-04-08 05:00:00+00:00,10092.175379902164
2025-04-08 06:00:00+00:00,10092.175379902164
2025-04-08 07:00:00+00:00,10092.175379902164
2025-04-08 08:00:00+00:00,10092.175379902164
2025-04-08 09:00:00+00:00,10092.175379902164
2025-04-08 10:00:00+00:00,10092.175379902164
2025-04-08 11:00:00+00:00,10092.175379902164
2025-04-08 12:00:00+00:00,10092.175379902164
2025-04-08 13:00:00+00:00,10092.175379902164
2025-04-08 14:00:00+00:00,10092.175379902164
2025-04-08 15:00:00+00:00,10092.175379902164
2025-04-08 16:00:00+00:00,10092.175379902164
2025-04-08 17:00:00+00:00,10092.175379902164
2025-04-08 18:00:00+00:00,10092.175379902164
2025-04-08 19:00:00+00:00,10092.175379902164
2025-04-08 20:00:00+00:00,10092.175379902164
2025-04-08 21:00:00+00:00,10092.175379902164
2025-04-08 22:00:00+00:00,10092.175379902164
2025-04-08 23:00:00+00:00,10092.175379902164
2025-04-09 00:00:00+00:00,10092.175379902164
2025-04-09 01:00:00+00:00,10092.175379902164
2025-04-09 02:00:00+00:00,10092.175379902164
2025-04-09 03:00:00+00:00,10092.175379902164
2025-04-09 04:00:00+00:00,10092.175379902164
2025-04-09 05:00:00+00:00,10092.175379902164
2025-04-09 06:00:00+00:00,10092.175379902164
2025-04-09 07:00:00+00:00,10092.175379902164
2025-04-09 08:00:00+00:00,10092.175379902164
2025-04-09 09:00:00+00:00,10092.175379902164
2025-04-09 10:00:00+00:00,10092.175379902164
2025-04-09 11:00:00+00:00,10092.175379902164
2025-04-09 12:00:00+00:00,10092.175379902164
2025-04-09 13:00:00+00:00,10092.175379902164
2025-04-09 14:00:00+00:00,10092.175379902164
2025-04-09 15:00:00+00:00,10092.175379902164
2025-04-09 16:00:00+00:00,10092.175379902164
2025-04-09 17:00:00+00:00,10092.175379902164
2025-04-09 18:00:00+00:00,10092.175379902164
2025-04-09 19:00:00+00:00,10092.175379902164
2025-04-09 20:00:00+00:00,10092.175379902164
2025-04-09 21:00:00+00:00,10092.175379902164
2025-04-09 22:00:00+00:00,10092.175379902164
2025-04-09 23:00:00+00:00,10092.175379902164
2025-04-10 00:00:00+00:00,10092.175379902164
2025-04-10 01:00:00+00:00,10092.175379902164
2025-04-10 02:00:00+00:00,10092.175379902164
2025-04-10 03:00:00+00:00,10092.175379902164
2025-04-10 04:00:00+00:00,10092.175379902164
2025-04-10 05:00:00+00:00,10092.175379902164
2025-04-10 06:00:00+00:00,10092.175379902164
2025-04-10 07:00:00+00:00,10092.175379902164
2025-04-10 08:00:00+00:00,10092.175379902164
2025-04-10 09:00:00+00:00,10092.175379902164
2025-04-10 10:00:00+00:00,10092.175379902164
2025-04-10 11:00:00+00:00,10092.175379902164
2025-04-10 12:00:00+00:00,10092.175379902164
2025-04-10 13:00:00+00:00,10092.175379902164
2025-04-10 14:00:00+00:00,10092.175379902164
2025-04-10 15:00:00+00:00,10092.175379902164
2025-04-10 16:00:00+00:00,10092.175379902164
2025-04-10 17:00:00+00:00,10092.175379902164
2025-04-10 18:00:00+00:00,10092.175379902164
2025-04-10 19:00:00+00:00,10092.175379902164
2025-04-10 20:00:00+00:00,10092.175379902164
2025-04-10 21:00:00+00:00,10092.175379902164
2025-04-10 22:00:00+00:00,10092.175379902164
2025-04-10 23:00:00+00:00,10092.175379902164
2025-04-11 00:00:00+00:00,10092.175379902164
2025-04-11 01:00:00+00:00,10092.175379902164
2025-04-11 02:00:00+00:00,10092.175379902164
2025-04-11 03:00:00+00:00,10092.175379902164
2025-04-11 04:00:00+00:00,10092.175379902164
2025-04-11 05:00:00+00:00,10092.175379902164
2025-04-11 06:00:00+00:00,10092.175379902164
2025-04-11 07:00:00+00:00,10092.175379902164
2025-04-11 08:00:00+00:00,10092.175379902164
2025-04-11 09:00:00+00:00,10092.175379902164
2025-04-11 10:00:00+00:00,10092.175379902164
2025-04-11 11:00:00+00:00,10092.175379902164
2025-04-11 12:00:00+00:00,10092.175379902164
2025-04-11 13:00:00+00:00,10092.175379902164
2025-04-11 14:00:00+00:00,10092.175379902164
2025-04-11 15:00:00+00:00,10092.175379902164
2025-04-11 16:00:00+00:00,10092.175379902164
2025-04-11 17:00:00+00:00,10092.175379902164
2025-04-11 18:00:00+00:00,10092.175379902164
2025-04-11 19:00:00+00:00,10092.175379902164
2025-04-11 20:00:00+00:00,10092.175379902164
2025-04-11 21:00:00+00:00,10092.175379902164
2025-04-11 22:00:00+00:00,10092.175379902164
2025-04-11 23:00:00+00:00,10092.175379902164
2025-04-12 00:00:00+00:00,10092.175379902164
2025-04-12 01:00:00+00:00,10092.175379902164
2025-04-12 02:00:00+00:00,10092.175379902164
2025-04-12 03:00:00+00:00,10092.175379902164
2025-04-12 04:00:00+00:00,10092.175379902164
2025-04-12 05:00:00+00:00,10092.175379902164
2025-04-12 06:00:00+00:00,10092.175379902164
2025-04-12 07:00:00+00:00,10092.175379902164
2025-04-12 08:00:00+00:00,10092.175379902164
2025-04-12 09:00:00+00:00,10092.175379902164
2025-04-12 10:00:00+00:00,10092.175379902164
2025-04-12 11:00:00+00:00,10092.175379902164
2025-04-12 12:00:00+00:00,10092.175379902164
2025-04-12 13:00:00+00:00,10092.175379902164
2025-04-12 14:00:00+00:00,10092.175379902164
2025-04-12 15:00:00+00:00,10116.546854566284
2025-04-12 16:00:00+00:00,10131.954654566285
2025-04-12 17:00:00+00:00,10102.879225396628
2025-04-12 18:00:00+00:00,10111.620425396626
2025-04-12 19:00:00+00:00,10144.469625396627
2025-04-12 20:00:00+00:00,10124.830625396628
2025-04-12 21:00:00+00:00,10172.661225396627
2025-04-12 22:00:00+00:00,10159.705225396629
2025-04-12 23:00:00+00:00,10157.778225396627
2025-04-13 00:00:00+00:00,10153.202625396627
2025-04-13 01:00:00+00:00,10171.889565987181
2025-04-13 02:00:00+00:00,10150.963165987183
2025-04-13 03:00:00+00:00,10153.857765987183
2025-04-13 04:00:00+00:00,10165.231165987183
2025-04-13 05:00:00+00:00,10099.549165987182
2025-04-13 06:00:00+00:00,10091.31636598718
2025-04-13 07:00:00+00:00,10098.155165987182
2025-04-13 08:00:00+00:00,10082.37836598718
2025-04-13 09:00:00+00:00,10072.337676085068
2025-04-13 10:00:00+00:00,10072.337676085068
2025-04-13 11:00:00+00:00,10072.337676085068
2025-04-13 12:00:00+00:00,10072.337676085068
2025-04-13 13:00:00+00:00,10072.337676085068
2025-04-13 14:00:00+00:00,10072.337676085068
2025-04-13 15:00:00+00:00,10072.337676085068
2025-04-13 16:00:00+00:00,10072.337676085068
2025-04-13 17:00:00+00:00,10072.337676085068
2025-04-13 18:00:00+00:00,10072.337676085068
2025-04-13 19:00:00+00:00,10072.337676085068
2025-04-13 20:00:00+00:00,10072.337676085068
2025-04-13 21:00:00+00:00,10072.337676085068
2025-04-13 22:00:00+00:00,10072.337676085068
2025-04-13 23:00:00+00:00,10072.337676085068
2025-04-14 00:00:00+00:00,10072.337676085068
2025-04-14 01:00:00+00:00,10072.337676085068
2025-04-14 02:00:00+00:00,10072.337676085068
2025-04-14 03:00:00+00:00,10072.337676085068
2025-04-14 04:00:00+00:00,10072.337676085068
2025-04-14 05:00:00+00:00,10072.337676085068
2025-04-14 06:00:00+00:00,10072.337676085068
2025-04-14 07:00:00+00:00,10072.337676085068
2025-04-14 08:00:00+00:00,10072.337676085068
2025-04-14 09:00:00+00:00,10072.337676085068
2025-04-14 10:00:00+00:00,10072.337676085068
2025-04-14 11:00:00+00:00,10072.337676085068
2025-04-14 12:00:00+00:00,10072.337676085068
2025-04-14 13:00:00+00:00,10072.337676085068
2025-04-14 14:00:00+00:00,10072.337676085068
2025-04-14 15:00:00+00:00,10072.337676085068
2025-04-14 16:00:00+00:00,10072.337676085068
2025-04-14 17:00:00+00:00,10072.337676085068
2025-04-14 18:00:00+00:00,10072.337676085068
2025-04-14 19:00:00+00:00,10072.337676085068
2025-04-14 20:00:00+00:00,10072.337676085068
2025-04-14 21:00:00+00:00,10072.337676085068
2025-04-14 22:00:00+00:00,10072.337676085068
2025-04-14 23:00:00+00:00,10072.337676085068
2025-04-15 00:00:00+00:00,10072.337676085068
2025-04-15 01:00:00+00:00,10072.337676085068
2025-04-15 02:00:00+00:00,10072.337676085068
2025-04-15 03:00:00+00:00,10072.337676085068
2025-04-15 04:00:00+00:00,10072.337676085068
2025-04-15 05:00:00+00:00,10072.337676085068
2025-04-15 06:00:00+00:00,10072.337676085068
2025-04-15 07:00:00+00:00,10072.337676085068
2025-04-15 08:00:00+00:00,10072.337676085068
2025-04-15 09:00:00+00:00,10072.337676085068
2025-04-15 10:00:00+00:00,10072.337676085068
2025-04-15 11:00:00+00:00,10072.337676085068
2025-04-15 12:00:00+00:00,10072.337676085068
2025-04-15 13:00:00+00:00,10072.337676085068
2025-04-15 14:00:00+00:00,10072.337676085068
2025-04-15 15:00:00+00:00,10072.337676085068
2025-04-15 16:00:00+00:00,10072.337676085068
2025-04-15 17:00:00+00:00,10072.337676085068
2025-04-15 18:00:00+00:00,10072.337676085068
2025-04-15 19:00:00+00:00,10072.337676085068
2025-04-15 20:00:00+00:00,10072.337676085068
2025-04-15 21:00:00+00:00,10072.337676085068
2025-04-15 22:00:00+00:00,10072.337676085068
2025-04-15 23:00:00+00:00,10072.337676085068
2025-04-16 00:00:00+00:00,10072.337676085068
2025-04-16 01:00:00+00:00,10072.337676085068
2025-04-16 02:00:00+00:00,10072.337676085068
2025-04-16 03:00:00+00:00,10072.337676085068
2025-04-16 04:00:00+00:00,10072.337676085068
2025-04-16 05:00:00+00:00,10072.337676085068
2025-04-16 06:00:00+00:00,10072.337676085068
2025-04-16 07:00:00+00:00,10072.337676085068
2025-04-16 08:00:00+00:00,10072.337676085068
2025-04-16 09:00:00+00:00,10072.337676085068
2025-04-16 10:00:00+00:00,10072.337676085068
2025-04-16 11:00:00+00:00,10072.337676085068
2025-04-16 12:00:00+00:00,10072.337676085068
2025-04-16 13:00:00+00:00,10072.337676085068
2025-04-16 14:00:00+00:00,10072.337676085068
2025-04-16 15:00:00+00:00,10072.337676085068
2025-04-16 16:00:00+00:00,10072.337676085068
2025-04-16 17:00:00+00:00,10072.337676085068
2025-04-16 18:00:00+00:00,10072.337676085068
2025-04-16 19:00:00+00:00,10072.337676085068
2025-04-16 20:00:00+00:00,10072.337676085068
2025-04-16 21:00:00+00:00,10072.337676085068
2025-04-16 22:00:00+00:00,10072.337676085068
2025-04-16 23:00:00+00:00,10072.337676085068
2025-04-17 00:00:00+00:00,10072.337676085068
2025-04-17 01:00:00+00:00,10072.337676085068
2025-04-17 02:00:00+00:00,10072.337676085068
2025-04-17 03:00:00+00:00,10072.337676085068
2025-04-17 04:00:00+00:00,10072.337676085068
2025-04-17 05:00:00+00:00,10072.337676085068
2025-04-17 06:00:00+00:00,10072.337676085068
2025-04-17 07:00:00+00:00,10072.337676085068
2025-04-17 08:00:00+00:00,10072.337676085068
2025-04-17 09:00:00+00:00,10072.337676085068
2025-04-17 10:00:00+00:00,10072.337676085068
2025-04-17 11:00:00+00:00,10072.337676085068
2025-04-17 12:00:00+00:00,10072.337676085068
2025-04-17 13:00:00+00:00,10072.337676085068
2025-04-17 14:00:00+00:00,10072.337676085068
2025-04-17 15:00:00+00:00,10072.337676085068
2025-04-17 16:00:00+00:00,10072.337676085068
2025-04-17 17:00:00+00:00,10072.337676085068
2025-04-17 18:00:00+00:00,10072.337676085068
2025-04-17 19:00:00+00:00,10072.337676085068
2025-04-17 20:00:00+00:00,10072.337676085068
2025-04-17 21:00:00+00:00,10072.337676085068
2025-04-17 22:00:00+00:00,10072.337676085068
2025-04-17 23:00:00+00:00,10072.337676085068
2025-04-18 00:00:00+00:00,10072.337676085068
2025-04-18 01:00:00+00:00,10072.337676085068
2025-04-18 02:00:00+00:00,10072.337676085068
2025-04-18 03:00:00+00:00,10072.337676085068
2025-04-18 04:00:00+00:00,10072.337676085068
2025-04-18 05:00:00+00:00,10072.337676085068
2025-04-18 06:00:00+00:00,10072.337676085068
2025-04-18 07:00:00+00:00,10072.337676085068
2025-04-18 08:00:00+00:00,10072.337676085068
2025-04-18 09:00:00+00:00,10072.337676085068
2025-04-18 10:00:00+00:00,10072.337676085068
2025-04-18 11:00:00+00:00,10072.337676085068
2025-04-18 12:00:00+00:00,10072.337676085068
2025-04-18 13:00:00+00:00,10072.337676085068
2025-04-18 14:00:00+00:00,10072.337676085068
2025-04-18 15:00:00+00:00,10072.337676085068
2025-04-18 16:00:00+00:00,10072.337676085068
2025-04-18 17:00:00+00:00,10072.337676085068
2025-04-18 18:00:00+00:00,10072.337676085068
2025-04-18 19:00:00+00:00,10072.337676085068
2025-04-18 20:00:00+00:00,10072.337676085068
2025-04-18 21:00:00+00:00,10072.337676085068
2025-04-18 22:00:00+00:00,10072.337676085068
2025-04-18 23:00:00+00:00,10072.337676085068
2025-04-19 00:00:00+00:00,10072.337676085068
2025-04-19 01:00:00+00:00,10072.337676085068
2025-04-19 02:00:00+00:00,10072.337676085068
2025-04-19 03:00:00+00:00,10072.337676085068
2025-04-19 04:00:00+00:00,10072.337676085068
2025-04-19 05:00:00+00:00,10072.337676085068
2025-04-19 06:00:00+00:00,10072.337676085068
2025-04-19 07:00:00+00:00,10072.337676085068
2025-04-19 08:00:00+00:00,10072.337676085068
2025-04-19 09:00:00+00:00,10072.337676085068
2025-04-19 10:00:00+00:00,10072.337676085068
2025-04-19 11:00:00+00:00,10072.337676085068
2025-04-19 12:00:00+00:00,10072.337676085068
2025-04-19 13:00:00+00:00,10072.337676085068
2025-04-19 14:00:00+00:00,10072.337676085068
2025-04-19 15:00:00+00:00,10072.337676085068
2025-04-19 16:00:00+00:00,10072.337676085068
2025-04-19 17:00:00+00:00,10072.337676085068
2025-04-19 18:00:00+00:00,10072.337676085068
2025-04-19 19:00:00+00:00,10072.337676085068
2025-04-19 20:00:00+00:00,10072.337676085068
2025-04-19 21:00:00+00:00,10072.337676085068
2025-04-19 22:00:00+00:00,10072.337676085068
2025-04-19 23:00:00+00:00,10072.337676085068
2025-04-20 00:00:00+00:00,10072.337676085068
2025-04-20 01:00:00+00:00,10072.337676085068
2025-04-20 02:00:00+00:00,10072.337676085068
2025-04-20 03:00:00+00:00,10072.337676085068
2025-04-20 04:00:00+00:00,10072.337676085068
2025-04-20 05:00:00+00:00,10072.337676085068
2025-04-20 06:00:00+00:00,10072.337676085068
2025-04-20 07:00:00+00:00,10072.337676085068
2025-04-20 08:00:00+00:00,10072.337676085068
2025-04-20 09:00:00+00:00,10072.337676085068
2025-04-20 10:00:00+00:00,10072.337676085068
2025-04-20 11:00:00+00:00,10072.337676085068
2025-04-20 12:00:00+00:00,10072.337676085068
2025-04-20 13:00:00+00:00,10072.337676085068
2025-04-20 14:00:00+00:00,10072.337676085068
2025-04-20 15:00:00+00:00,10072.337676085068
2025-04-20 16:00:00+00:00,10072.337676085068
2025-04-20 17:00:00+00:00,10072.337676085068
2025-04-20 18:00:00+00:00,10072.337676085068
2025-04-20 19:00:00+00:00,10072.337676085068
2025-04-20 20:00:00+00:00,10072.337676085068
2025-04-20 21:00:00+00:00,10072.337676085068
2025-04-20 22:00:00+00:00,10072.337676085068
2025-04-20 23:00:00+00:00,10072.337676085068
2025-04-21 00:00:00+00:00,10072.337676085068
2025-04-21 01:00:00+00:00,10072.337676085068
2025-04-21 02:00:00+00:00,10134.58152680503
2025-04-21 03:00:00+00:00,10141.32862680503
2025-04-21 04:00:00+00:00,10125.610826805032
2025-04-21 05:00:00+00:00,10141.851826805032
2025-04-21 06:00:00+00:00,10162.496426805032
2025-04-21 07:00:00+00:00,10159.291826805033
2025-04-21 08:00:00+00:00,10151.116826805031
2025-04-21 09:00:00+00:00,10165.40430048454
2025-04-21 10:00:00+00:00,10158.53730048454
2025-04-21 11:00:00+00:00,10140.192600484543
2025-04-21 12:00:00+00:00,10065.63541479319
2025-04-21 13:00:00+00:00,10065.63541479319
2025-04-21 14:00:00+00:00,10065.63541479319
2025-04-21 15:00:00+00:00,10065.63541479319
2025-04-21 16:00:00+00:00,10045.369153793916
2025-04-21 17:00:00+00:00,9970.81002635998
2025-04-21 18:00:00+00:00,9944.9795715937
2025-04-21 19:00:00+00:00,9944.9795715937
2025-04-21 20:00:00+00:00,9944.9795715937
2025-04-21 21:00:00+00:00,9944.9795715937
2025-04-21 22:00:00+00:00,9944.9795715937
2025-04-21 23:00:00+00:00,9944.9795715937
2025-04-22 00:00:00+00:00,9944.9795715937
2025-04-22 01:00:00+00:00,9944.9795715937
2025-04-22 02:00:00+00:00,9944.9795715937
2025-04-22 03:00:00+00:00,9944.9795715937
2025-04-22 04:00:00+00:00,9944.9795715937
2025-04-22 05:00:00+00:00,9944.9795715937
2025-04-22 06:00:00+00:00,9944.9795715937
2025-04-22 07:00:00+00:00,9944.9795715937
2025-04-22 08:00:00+00:00,9944.9795715937
2025-04-22 09:00:00+00:00,9944.9795715937
2025-04-22 10:00:00+00:00,9944.9795715937
2025-04-22 11:00:00+00:00,9944.9795715937
2025-04-22 12:00:00+00:00,9944.9795715937
2025-04-22 13:00:00+00:00,9944.9795715937
2025-04-22 14:00:00+00:00,10046.4463206653
2025-04-22 15:00:00+00:00,10096.0343206653
2025-04-22 16:00:00+00:00,10108.0991206653
2025-04-22 17:00:00+00:00,10086.222547132858
2025-04-22 18:00:00+00:00,10149.35374713286
2025-04-22 19:00:00+00:00,10158.67294713286
2025-04-22 20:00:00+00:00,10150.48014713286
2025-04-22 21:00:00+00:00,10123.86894713286
2025-04-22 22:00:00+00:00,10212.896722170237
2025-04-22 23:00:00+00:00,10194.701504764234
2025-04-23 00:00:00+00:00,10233.370104764233
2025-04-23 01:00:00+00:00,10201.191351013833
2025-04-23 02:00:00+00:00,10186.181751013833
2025-04-23 03:00:00+00:00,10199.527551013833
2025-04-23 04:00:00+00:00,10216.991551013833
2025-04-23 05:00:00+00:00,10245.317451013832
2025-04-23 06:00:00+00:00,10235.611951013832
2025-04-23 07:00:00+00:00,10243.925051013832
2025-04-23 08:00:00+00:00,10274.605051013832
2025-04-23 09:00:00+00:00,10281.968665800117
2025-04-23 10:00:00+00:00,10259.637165800117
2025-04-23 11:00:00+00:00,10249.754665800117
2025-04-23 12:00:00+00:00,10234.568065800117
2025-04-23 13:00:00+00:00,10250.527565800116
2025-04-23 14:00:00+00:00,10209.009265800116
2025-04-23 15:00:00+00:00,10187.897329565685
2025-04-23 16:00:00+00:00,10187.897329565685
2025-04-23 17:00:00+00:00,10187.897329565685
2025-04-23 18:00:00+00:00,10187.897329565685
2025-04-23 19:00:00+00:00,10187.897329565685
2025-04-23 20:00:00+00:00,10187.897329565685
2025-04-23 21:00:00+00:00,10187.897329565685
2025-04-23 22:00:00+00:00,10187.897329565685
2025-04-23 23:00:00+00:00,10187.897329565685
2025-04-24 00:00:00+00:00,10187.897329565685
2025-04-24 01:00:00+00:00,10187.897329565685
2025-04-24 02:00:00+00:00,10187.897329565685
2025-04-24 03:00:00+00:00,10187.897329565685
2025-04-24 04:00:00+00:00,10187.897329565685
2025-04-24 05:00:00+00:00,10187.897329565685
2025-04-24 06:00:00+00:00,10187.897329565685
2025-04-24 07:00:00+00:00,10187.897329565685
2025-04-24 08:00:00+00:00,10187.897329565685
2025-04-24 09:00:00+00:00,10187.897329565685
2025-04-24 10:00:00+00:00,10187.897329565685
2025-04-24 11:00:00+00:00,10187.897329565685
2025-04-24 12:00:00+00:00,10187.897329565685
2025-04-24 13:00:00+00:00,10187.897329565685
2025-04-24 14:00:00+00:00,10187.897329565685
2025-04-24 15:00:00+00:00,10187.897329565685
2025-04-24 16:00:00+00:00,10187.897329565685
2025-04-24 17:00:00+00:00,10187.897329565685
2025-04-24 18:00:00+00:00,10187.897329565685
2025-04-24 19:00:00+00:00,10187.897329565685
2025-04-24 20:00:00+00:00,10187.897329565685
2025-04-24 21:00:00+00:00,10187.897329565685
2025-04-24 22:00:00+00:00,10187.897329565685
2025-04-24 23:00:00+00:00,10187.897329565685
2025-04-25 00:00:00+00:00,10187.897329565685
2025-04-25 01:00:00+00:00,10187.897329565685
2025-04-25 02:00:00+00:00,10187.897329565685
2025-04-25 03:00:00+00:00,10187.897329565685
2025-04-25 04:00:00+00:00,10187.897329565685
2025-04-25 05:00:00+00:00,10187.897329565685
2025-04-25 06:00:00+00:00,10187.897329565685
2025-04-25 07:00:00+00:00,10187.897329565685
2025-04-25 08:00:00+00:00,10187.897329565685
2025-04-25 09:00:00+00:00,10187.897329565685
2025-04-25 10:00:00+00:00,10187.897329565685
2025-04-25 11:00:00+00:00,10187.897329565685
2025-04-25 12:00:00+00:00,10187.897329565685
2025-04-25 13:00:00+00:00,10187.897329565685
2025-04-25 14:00:00+00:00,10187.897329565685
2025-04-25 15:00:00+00:00,10187.897329565685
2025-04-25 16:00:00+00:00,10156.065700497285
2025-04-25 17:00:00+00:00,10168.349650515285
2025-04-25 18:00:00+00:00,10115.999650515285
2025-04-25 19:00:00+00:00,10149.689650515285
2025-04-25 20:00:00+00:00,10173.262150515286
2025-04-25 21:00:00+00:00,10141.994650515286
2025-04-25 22:00:00+00:00,10122.322150515285
2025-04-25 23:00:00+00:00,10140.374650515285
2025-04-26 00:00:00+00:00,10125.457150515285
2025-04-26 01:00:00+00:00,10145.402619242535
2025-04-26 02:00:00+00:00,10153.967619242536
2025-04-26 03:00:00+00:00,10151.942619242536
2025-04-26 04:00:00+00:00,10133.162619242536
2025-04-26 05:00:00+00:00,10117.915119242536
2025-04-26 06:00:00+00:00,10124.612619242536
2025-04-26 07:00:00+00:00,10125.925119242536
2025-04-26 08:00:00+00:00,10120.795119242537
2025-04-26 09:00:00+00:00,10102.324268102535
2025-04-26 10:00:00+00:00,10099.084268102535
2025-04-26 11:00:00+00:00,10094.539268102535
2025-04-26 12:00:00+00:00,10089.154268102537
2025-04-26 13:00:00+00:00,10096.991768102536
2025-04-26 14:00:00+00:00,10066.322055682958
2025-04-26 15:00:00+00:00,10066.322055682958
2025-04-26 16:00:00+00:00,10066.322055682958
2025-04-26 17:00:00+00:00,10066.322055682958
2025-04-26 18:00:00+00:00,10066.322055682958
2025-04-26 19:00:00+00:00,10066.322055682958
2025-04-26 20:00:00+00:00,10066.322055682958
2025-04-26 21:00:00+00:00,10066.322055682958
2025-04-26 22:00:00+00:00,10066.322055682958
2025-04-26 23:00:00+00:00,10066.322055682958
2025-04-27 00:00:00+00:00,10066.322055682958
2025-04-27 01:00:00+00:00,10066.322055682958
2025-04-27 02:00:00+00:00,10066.322055682958
2025-04-27 03:00:00+00:00,10066.322055682958
2025-04-27 04:00:00+00:00,10066.322055682958
2025-04-27 05:00:00+00:00,10066.322055682958
2025-04-27 06:00:00+00:00,10066.322055682958
2025-04-27 07:00:00+00:00,10066.322055682958
2025-04-27 08:00:00+00:00,10066.322055682958
2025-04-27 09:00:00+00:00,10066.322055682958
2025-04-27 10:00:00+00:00,10066.322055682958
2025-04-27 11:00:00+00:00,10066.322055682958
2025-04-27 12:00:00+00:00,10066.322055682958
2025-04-27 13:00:00+00:00,10066.322055682958
2025-04-27 14:00:00+00:00,10066.322055682958
2025-04-27 15:00:00+00:00,10066.322055682958
2025-04-27 16:00:00+00:00,10066.322055682958
2025-04-27 17:00:00+00:00,10066.322055682958
2025-04-27 18:00:00+00:00,10066.322055682958
2025-04-27 19:00:00+00:00,10066.322055682958
2025-04-27 20:00:00+00:00,10066.322055682958
2025-04-27 21:00:00+00:00,10066.322055682958
2025-04-27 22:00:00+00:00,10066.322055682958
2025-04-27 23:00:00+00:00,10066.322055682958
2025-04-28 00:00:00+00:00,10066.322055682958
2025-04-28 01:00:00+00:00,10066.322055682958
2025-04-28 02:00:00+00:00,10066.322055682958
2025-04-28 03:00:00+00:00,10066.322055682958
2025-04-28 04:00:00+00:00,10066.322055682958
2025-04-28 05:00:00+00:00,10066.322055682958
2025-04-28 06:00:00+00:00,10066.322055682958
2025-04-28 07:00:00+00:00,10066.322055682958
2025-04-28 08:00:00+00:00,10066.322055682958
2025-04-28 09:00:00+00:00,10066.322055682958
2025-04-28 10:00:00+00:00,10066.322055682958
2025-04-28 11:00:00+00:00,10066.322055682958
2025-04-28 12:00:00+00:00,10066.322055682958
2025-04-28 13:00:00+00:00,10066.322055682958
2025-04-28 14:00:00+00:00,10066.322055682958
2025-04-28 15:00:00+00:00,10066.322055682958
2025-04-28 16:00:00+00:00,10066.322055682958
2025-04-28 17:00:00+00:00,10066.322055682958
2025-04-28 18:00:00+00:00,10066.322055682958
2025-04-28 19:00:00+00:00,10066.322055682958
2025-04-28 20:00:00+00:00,10066.322055682958
2025-04-28 21:00:00+00:00,10066.322055682958
2025-04-28 22:00:00+00:00,10066.322055682958
2025-04-28 23:00:00+00:00,10066.322055682958
2025-04-29 00:00:00+00:00,10066.322055682958
2025-04-29 01:00:00+00:00,10066.322055682958
2025-04-29 02:00:00+00:00,10066.322055682958
2025-04-29 03:00:00+00:00,10066.322055682958
2025-04-29 04:00:00+00:00,10066.322055682958
2025-04-29 05:00:00+00:00,10066.322055682958
2025-04-29 06:00:00+00:00,10066.322055682958
2025-04-29 07:00:00+00:00,10066.322055682958
2025-04-29 08:00:00+00:00,10066.322055682958
2025-04-29 09:00:00+00:00,10066.322055682958
2025-04-29 10:00:00+00:00,10066.322055682958
2025-04-29 11:00:00+00:00,10066.322055682958
2025-04-29 12:00:00+00:00,10066.322055682958
2025-04-29 13:00:00+00:00,10066.322055682958
2025-04-29 14:00:00+00:00,10066.322055682958
2025-04-29 15:00:00+00:00,10066.322055682958
2025-04-29 16:00:00+00:00,10066.322055682958
2025-04-29 17:00:00+00:00,10066.322055682958
2025-04-29 18:00:00+00:00,10066.322055682958
2025-04-29 19:00:00+00:00,10066.322055682958
2025-04-29 20:00:00+00:00,10066.322055682958
2025-04-29 21:00:00+00:00,10066.322055682958
2025-04-29 22:00:00+00:00,10066.322055682958
2025-04-29 23:00:00+00:00,10066.322055682958
2025-04-30 00:00:00+00:00,10066.322055682958
2025-04-30 01:00:00+00:00,10066.322055682958
2025-04-30 02:00:00+00:00,10066.322055682958
2025-04-30 03:00:00+00:00,10066.322055682958
2025-04-30 04:00:00+00:00,10066.322055682958
2025-04-30 05:00:00+00:00,10066.322055682958
2025-04-30 06:00:00+00:00,10066.322055682958
2025-04-30 07:00:00+00:00,10066.322055682958
2025-04-30 08:00:00+00:00,10066.322055682958
2025-04-30 09:00:00+00:00,10066.322055682958
2025-04-30 10:00:00+00:00,10066.322055682958
2025-04-30 11:00:00+00:00,10066.322055682958
2025-04-30 12:00:00+00:00,10066.322055682958
2025-04-30 13:00:00+00:00,10066.322055682958
2025-04-30 14:00:00+00:00,10066.322055682958
2025-04-30 15:00:00+00:00,10066.322055682958
2025-04-30 16:00:00+00:00,10066.322055682958
2025-04-30 17:00:00+00:00,10066.322055682958
2025-04-30 18:00:00+00:00,10066.322055682958
2025-04-30 19:00:00+00:00,10066.322055682958
2025-04-30 20:00:00+00:00,10066.322055682958
2025-04-30 21:00:00+00:00,10066.322055682958
2025-04-30 22:00:00+00:00,10066.322055682958
2025-04-30 23:00:00+00:00,10066.322055682958
2025-05-01 00:00:00+00:00,10066.322055682958
2025-05-01 01:00:00+00:00,10066.322055682958
2025-05-01 02:00:00+00:00,10066.322055682958
2025-05-01 03:00:00+00:00,10066.322055682958
2025-05-01 04:00:00+00:00,10066.322055682958
2025-05-01 05:00:00+00:00,10066.322055682958
2025-05-01 06:00:00+00:00,10066.322055682958
2025-05-01 07:00:00+00:00,10066.322055682958
2025-05-01 08:00:00+00:00,10066.322055682958
2025-05-01 09:00:00+00:00,10066.322055682958
2025-05-01 10:00:00+00:00,10066.322055682958
2025-05-01 11:00:00+00:00,10066.322055682958
2025-05-01 12:00:00+00:00,10059.307446566398
2025-05-01 13:00:00+00:00,10077.280246566399
2025-05-01 14:00:00+00:00,10023.136246566399
2025-05-01 15:00:00+00:00,10119.307646566398
2025-05-01 16:00:00+00:00,10121.723446566399
2025-05-01 17:00:00+00:00,10137.531484309848
2025-05-01 18:00:00+00:00,10117.998284309846
2025-05-01 19:00:00+00:00,10124.164684309848
2025-05-01 20:00:00+00:00,10090.982684309847
2025-05-01 21:00:00+00:00,10080.219684309848
2025-05-01 22:00:00+00:00,10086.282684309848
2025-05-01 23:00:00+00:00,10078.753284309847
2025-05-02 00:00:00+00:00,10087.617484309847
2025-05-02 01:00:00+00:00,10140.482565977301
2025-05-02 02:00:00+00:00,10134.485365977303
2025-05-02 03:00:00+00:00,10133.667565977303
2025-05-02 04:00:00+00:00,10148.096565977303
2025-05-02 05:00:00+00:00,10133.047165977303
2025-05-02 06:00:00+00:00,10110.035965977302
2025-05-02 07:00:00+00:00,10110.787965977303
2025-05-02 08:00:00+00:00,10077.323965977303
2025-05-02 09:00:00+00:00,10104.418061019463
2025-05-02 10:00:00+00:00,10101.475861019462
2025-05-02 11:00:00+00:00,10129.205861019464
2025-05-02 12:00:00+00:00,10132.101061019463
2025-05-02 13:00:00+00:00,10156.390661019464
2025-05-02 14:00:00+00:00,10116.487661019464
2025-05-02 15:00:00+00:00,10208.654661019464
2025-05-02 16:00:00+00:00,10169.174661019464
2025-05-02 17:00:00+00:00,10172.845530124428
2025-05-02 18:00:00+00:00,10176.624330124429
2025-05-02 19:00:00+00:00,10156.320330124428
2025-05-02 20:00:00+00:00,10131.118930124429
2025-05-02 21:00:00+00:00,10141.082930124428
2025-05-02 22:00:00+00:00,10105.133668867033
2025-05-02 23:00:00+00:00,10105.133668867033
2025-05-03 00:00:00+00:00,10105.133668867033
2025-05-03 01:00:00+00:00,10105.133668867033
2025-05-03 02:00:00+00:00,10105.133668867033
2025-05-03 03:00:00+00:00,10105.133668867033
2025-05-03 04:00:00+00:00,10105.133668867033
2025-05-03 05:00:00+00:00,10105.133668867033
2025-05-03 06:00:00+00:00,10105.133668867033
2025-05-03 07:00:00+00:00,10105.133668867033
2025-05-03 08:00:00+00:00,10105.133668867033
2025-05-03 09:00:00+00:00,10105.133668867033
2025-05-03 10:00:00+00:00,10105.133668867033
2025-05-03 11:00:00+00:00,10105.133668867033
2025-05-03 12:00:00+00:00,10105.133668867033
2025-05-03 13:00:00+00:00,10105.133668867033
2025-05-03 14:00:00+00:00,10105.133668867033
2025-05-03 15:00:00+00:00,10105.133668867033
2025-05-03 16:00:00+00:00,10105.133668867033
2025-05-03 17:00:00+00:00,10105.133668867033
2025-05-03 18:00:00+00:00,10105.133668867033
2025-05-03 19:00:00+00:00,10105.133668867033
2025-05-03 20:00:00+00:00,10105.133668867033
2025-05-03 21:00:00+00:00,10105.133668867033
2025-05-03 22:00:00+00:00,10105.133668867033
2025-05-03 23:00:00+00:00,10105.133668867033
2025-05-04 00:00:00+00:00,10105.133668867033
2025-05-04 01:00:00+00:00,10105.133668867033
2025-05-04 02:00:00+00:00,10105.133668867033
2025-05-04 03:00:00+00:00,10105.133668867033
2025-05-04 04:00:00+00:00,10105.133668867033
2025-05-04 05:00:00+00:00,10105.133668867033
2025-05-04 06:00:00+00:00,10105.133668867033
2025-05-04 07:00:00+00:00,10105.133668867033
2025-05-04 08:00:00+00:00,10105.133668867033
2025-05-04 09:00:00+00:00,10105.133668867033
2025-05-04 10:00:00+00:00,10105.133668867033
2025-05-04 11:00:00+00:00,10105.133668867033
2025-05-04 12:00:00+00:00,10105.133668867033
2025-05-04 13:00:00+00:00,10105.133668867033
2025-05-04 14:00:00+00:00,10105.133668867033
2025-05-04 15:00:00+00:00,10105.133668867033
2025-05-04 16:00:00+00:00,10105.133668867033
2025-05-04 17:00:00+00:00,10105.133668867033
2025-05-04 18:00:00+00:00,10105.133668867033
2025-05-04 19:00:00+00:00,10105.133668867033
2025-05-04 20:00:00+00:00,10105.133668867033
2025-05-04 21:00:00+00:00,10105.133668867033
2025-05-04 22:00:00+00:00,10105.133668867033
2025-05-04 23:00:00+00:00,10105.133668867033
2025-05-05 00:00:00+00:00,10105.133668867033
2025-05-05 01:00:00+00:00,10105.133668867033
2025-05-05 02:00:00+00:00,10105.133668867033
2025-05-05 03:00:00+00:00,10105.133668867033
2025-05-05 04:00:00+00:00,10105.133668867033
2025-05-05 05:00:00+00:00,10105.133668867033
2025-05-05 06:00:00+00:00,10105.133668867033
2025-05-05 07:00:00+00:00,10105.133668867033
2025-05-05 08:00:00+00:00,10105.133668867033
2025-05-05 09:00:00+00:00,10105.133668867033
2025-05-05 10:00:00+00:00,10105.133668867033
2025-05-05 11:00:00+00:00,10105.133668867033
2025-05-05 12:00:00+00:00,10105.133668867033
2025-05-05 13:00:00+00:00,10105.133668867033
2025-05-05 14:00:00+00:00,10105.133668867033
2025-05-05 15:00:00+00:00,10105.133668867033
2025-05-05 16:00:00+00:00,10105.133668867033
2025-05-05 17:00:00+00:00,10105.133668867033
2025-05-05 18:00:00+00:00,10105.133668867033
2025-05-05 19:00:00+00:00,10105.133668867033
2025-05-05 20:00:00+00:00,10105.133668867033
2025-05-05 21:00:00+00:00,10105.133668867033
2025-05-05 22:00:00+00:00,10105.133668867033
2025-05-05 23:00:00+00:00,10105.133668867033
2025-05-06 00:00:00+00:00,10105.133668867033
2025-05-06 01:00:00+00:00,10105.133668867033
2025-05-06 02:00:00+00:00,10105.133668867033
2025-05-06 03:00:00+00:00,10105.133668867033
2025-05-06 04:00:00+00:00,10105.133668867033
2025-05-06 05:00:00+00:00,10105.133668867033
2025-05-06 06:00:00+00:00,10105.133668867033
2025-05-06 07:00:00+00:00,10105.133668867033
2025-05-06 08:00:00+00:00,10105.133668867033
2025-05-06 09:00:00+00:00,10105.133668867033
2025-05-06 10:00:00+00:00,10105.133668867033
2025-05-06 11:00:00+00:00,10105.133668867033
2025-05-06 12:00:00+00:00,10105.133668867033
2025-05-06 13:00:00+00:00,10105.133668867033
2025-05-06 14:00:00+00:00,10105.133668867033
2025-05-06 15:00:00+00:00,10105.133668867033
2025-05-06 16:00:00+00:00,10105.133668867033
2025-05-06 17:00:00+00:00,10105.133668867033
2025-05-06 18:00:00+00:00,10105.133668867033
2025-05-06 19:00:00+00:00,10105.133668867033
2025-05-06 20:00:00+00:00,10105.133668867033
2025-05-06 21:00:00+00:00,10105.133668867033
2025-05-06 22:00:00+00:00,10105.133668867033
2025-05-06 23:00:00+00:00,10105.133668867033
2025-05-07 00:00:00+00:00,10105.133668867033
2025-05-07 01:00:00+00:00,10105.133668867033
2025-05-07 02:00:00+00:00,10105.133668867033
2025-05-07 03:00:00+00:00,10105.133668867033
2025-05-07 04:00:00+00:00,10105.133668867033
2025-05-07 05:00:00+00:00,10105.133668867033
2025-05-07 06:00:00+00:00,10105.133668867033
2025-05-07 07:00:00+00:00,10105.133668867033
2025-05-07 08:00:00+00:00,10105.133668867033
2025-05-07 09:00:00+00:00,10105.133668867033
2025-05-07 10:00:00+00:00,10105.133668867033
2025-05-07 11:00:00+00:00,10105.133668867033
2025-05-07 12:00:00+00:00,10105.133668867033
2025-05-07 13:00:00+00:00,10105.133668867033
2025-05-07 14:00:00+00:00,10105.133668867033
2025-05-07 15:00:00+00:00,10105.133668867033
2025-05-07 16:00:00+00:00,10105.133668867033
2025-05-07 17:00:00+00:00,10105.133668867033
2025-05-07 18:00:00+00:00,10105.133668867033
2025-05-07 19:00:00+00:00,10105.133668867033
2025-05-07 20:00:00+00:00,10105.133668867033
2025-05-07 21:00:00+00:00,10105.133668867033
2025-05-07 22:00:00+00:00,10105.133668867033
2025-05-07 23:00:00+00:00,10105.133668867033
2025-05-08 00:00:00+00:00,10105.133668867033
2025-05-08 01:00:00+00:00,10105.133668867033
2025-05-08 02:00:00+00:00,10105.133668867033
2025-05-08 03:00:00+00:00,10105.133668867033
2025-05-08 04:00:00+00:00,10134.64152704206
2025-05-08 05:00:00+00:00,10119.81132704206
2025-05-08 06:00:00+00:00,10104.00322704206
2025-05-08 07:00:00+00:00,10125.60172704206
2025-05-08 08:00:00+00:00,10143.42722704206
2025-05-08 09:00:00+00:00,10174.106206637323
2025-05-08 10:00:00+00:00,10183.815906637325
2025-05-08 11:00:00+00:00,10182.953506637323
2025-05-08 12:00:00+00:00,10155.225806637323
2025-05-08 13:00:00+00:00,10146.001206637324
2025-05-08 14:00:00+00:00,10146.486306637324
2025-05-08 15:00:00+00:00,10151.475906637324
2025-05-08 16:00:00+00:00,10260.022806637324
2025-05-08 17:00:00+00:00,10298.471226959018
2025-05-08 18:00:00+00:00,10278.49742695902
2025-05-08 19:00:00+00:00,10304.95462695902
2025-05-08 20:00:00+00:00,10299.880326959019
2025-05-08 21:00:00+00:00,10377.974914082486
2025-05-08 22:00:00+00:00,10386.99752079863
2025-05-08 23:00:00+00:00,10400.231720798629
2025-05-09 00:00:00+00:00,10416.54332079863
2025-05-09 01:00:00+00:00,10386.223147598628
2025-05-09 02:00:00+00:00,10404.922147598629
2025-05-09 03:00:00+00:00,10370.767147598628
2025-05-09 04:00:00+00:00,10360.037647598629
2025-05-09 05:00:00+00:00,10386.388747598628
2025-05-09 06:00:00+00:00,10395.876247598628
2025-05-09 07:00:00+00:00,10413.14004759863
2025-05-09 08:00:00+00:00,10441.31274759863
2025-05-09 09:00:00+00:00,10395.00272553863
2025-05-09 10:00:00+00:00,10391.46992553863
2025-05-09 11:00:00+00:00,10421.71952553863
2025-05-09 12:00:00+00:00,10393.47782553863
2025-05-09 13:00:00+00:00,10389.71732553863
2025-05-09 14:00:00+00:00,10439.94242553863
2025-05-09 15:00:00+00:00,10407.029425538629
2025-05-09 16:00:00+00:00,10389.22742553863
2025-05-09 17:00:00+00:00,10360.882025139172
2025-05-09 18:00:00+00:00,10411.01052513917
2025-05-09 19:00:00+00:00,10408.906025139171
2025-05-09 20:00:00+00:00,10409.106125139171
2025-05-09 21:00:00+00:00,10408.96812513917
2025-05-09 22:00:00+00:00,10395.133625139171
2025-05-09 23:00:00+00:00,10381.52682513917
2025-05-10 00:00:00+00:00,10395.05772513917
2025-05-10 01:00:00+00:00,10386.036589288644
2025-05-10 02:00:00+00:00,10393.736989288644
2025-05-10 03:00:00+00:00,10405.570489288644
2025-05-10 04:00:00+00:00,10410.759289288644
2025-05-10 05:00:00+00:00,10406.764189288644
2025-05-10 06:00:00+00:00,10420.453789288644
2025-05-10 07:00:00+00:00,10461.032689288644
2025-05-10 08:00:00+00:00,10448.177989288644
2025-05-10 09:00:00+00:00,10438.216309558644
2025-05-10 10:00:00+00:00,10447.565809558644
2025-05-10 11:00:00+00:00,10434.925009558645
2025-05-10 12:00:00+00:00,10423.512409558645
2025-05-10 13:00:00+00:00,10442.287309558644
2025-05-10 14:00:00+00:00,10437.781609558644
2025-05-10 15:00:00+00:00,10430.550409558646
2025-05-10 16:00:00+00:00,10404.744409558645
2025-05-10 17:00:00+00:00,10424.313563198586
2025-05-10 18:00:00+00:00,10406.739263198586
2025-05-10 19:00:00+00:00,10410.948263198587
2025-05-10 20:00:00+00:00,10407.615563198586
2025-05-10 21:00:00+00:00,10407.360263198585
2025-05-10 22:00:00+00:00,10446.973163198587
2025-05-10 23:00:00+00:00,10435.394963198585
2025-05-11 00:00:00+00:00,10520.789363198586
2025-05-11 01:00:00+00:00,10491.955720478587
2025-05-11 02:00:00+00:00,10471.987120478587
2025-05-11 03:00:00+00:00,10444.574158335507
2025-05-11 04:00:00+00:00,10444.574158335507
2025-05-11 05:00:00+00:00,10444.574158335507
2025-05-11 06:00:00+00:00,10444.574158335507
2025-05-11 07:00:00+00:00,10444.574158335507
2025-05-11 08:00:00+00:00,10444.574158335507
2025-05-11 09:00:00+00:00,10444.574158335507
2025-05-11 10:00:00+00:00,10444.574158335507
2025-05-11 11:00:00+00:00,10444.574158335507
2025-05-11 12:00:00+00:00,10444.574158335507
2025-05-11 13:00:00+00:00,10444.574158335507
2025-05-11 14:00:00+00:00,10444.574158335507
2025-05-11 15:00:00+00:00,10444.574158335507
2025-05-11 16:00:00+00:00,10444.574158335507
2025-05-11 17:00:00+00:00,10444.574158335507
2025-05-11 18:00:00+00:00,10444.574158335507
2025-05-11 19:00:00+00:00,10444.574158335507
2025-05-11 20:00:00+00:00,10444.574158335507
2025-05-11 21:00:00+00:00,10444.574158335507
2025-05-11 22:00:00+00:00,10444.574158335507
2025-05-11 23:00:00+00:00,10444.574158335507
2025-05-12 00:00:00+00:00,10444.574158335507
2025-05-12 01:00:00+00:00,10444.574158335507
2025-05-12 02:00:00+00:00,10444.574158335507
2025-05-12 03:00:00+00:00,10444.574158335507
2025-05-12 04:00:00+00:00,10444.574158335507
2025-05-12 05:00:00+00:00,10444.574158335507
2025-05-12 06:00:00+00:00,10444.574158335507
2025-05-12 07:00:00+00:00,10444.574158335507
2025-05-12 08:00:00+00:00,10444.574158335507
2025-05-12 09:00:00+00:00,10444.574158335507
2025-05-12 10:00:00+00:00,10444.574158335507
2025-05-12 11:00:00+00:00,10444.574158335507
2025-05-12 12:00:00+00:00,10444.574158335507
2025-05-12 13:00:00+00:00,10444.574158335507
2025-05-12 14:00:00+00:00,10444.574158335507
2025-05-12 15:00:00+00:00,10444.574158335507
2025-05-12 16:00:00+00:00,10444.574158335507
2025-05-12 17:00:00+00:00,10444.574158335507
2025-05-12 18:00:00+00:00,10444.574158335507
2025-05-12 19:00:00+00:00,10444.574158335507
2025-05-12 20:00:00+00:00,10444.574158335507
2025-05-12 21:00:00+00:00,10444.574158335507
2025-05-12 22:00:00+00:00,10444.574158335507
2025-05-12 23:00:00+00:00,10444.574158335507
2025-05-13 00:00:00+00:00,10444.574158335507
2025-05-13 01:00:00+00:00,10444.574158335507
2025-05-13 02:00:00+00:00,10444.574158335507
2025-05-13 03:00:00+00:00,10444.574158335507
2025-05-13 04:00:00+00:00,10444.574158335507
2025-05-13 05:00:00+00:00,10444.574158335507
2025-05-13 06:00:00+00:00,10444.574158335507
2025-05-13 07:00:00+00:00,10444.574158335507
2025-05-13 08:00:00+00:00,10444.574158335507
2025-05-13 09:00:00+00:00,10444.574158335507
2025-05-13 10:00:00+00:00,10444.574158335507
2025-05-13 11:00:00+00:00,10444.574158335507
2025-05-13 12:00:00+00:00,10444.574158335507
2025-05-13 13:00:00+00:00,10444.574158335507
2025-05-13 14:00:00+00:00,10444.574158335507
2025-05-13 15:00:00+00:00,10444.574158335507
2025-05-13 16:00:00+00:00,10444.574158335507
2025-05-13 17:00:00+00:00,10444.574158335507
2025-05-13 18:00:00+00:00,10444.574158335507
2025-05-13 19:00:00+00:00,10444.574158335507
2025-05-13 20:00:00+00:00,10444.574158335507
2025-05-13 21:00:00+00:00,10444.574158335507
2025-05-13 22:00:00+00:00,10444.574158335507
2025-05-13 23:00:00+00:00,10444.574158335507
2025-05-14 00:00:00+00:00,10444.574158335507
2025-05-14 01:00:00+00:00,10444.574158335507
2025-05-14 02:00:00+00:00,10444.574158335507
2025-05-14 03:00:00+00:00,10444.574158335507
2025-05-14 04:00:00+00:00,10444.574158335507
2025-05-14 05:00:00+00:00,10444.574158335507
2025-05-14 06:00:00+00:00,10444.574158335507
2025-05-14 07:00:00+00:00,10444.574158335507
2025-05-14 08:00:00+00:00,10444.574158335507
2025-05-14 09:00:00+00:00,10444.574158335507
2025-05-14 10:00:00+00:00,10444.574158335507
2025-05-14 11:00:00+00:00,10444.574158335507
2025-05-14 12:00:00+00:00,10444.574158335507
2025-05-14 13:00:00+00:00,10444.574158335507
2025-05-14 14:00:00+00:00,10444.574158335507
2025-05-14 15:00:00+00:00,10444.574158335507
2025-05-14 16:00:00+00:00,10444.574158335507
2025-05-14 17:00:00+00:00,10444.574158335507
2025-05-14 18:00:00+00:00,10444.574158335507
2025-05-14 19:00:00+00:00,10444.574158335507
2025-05-14 20:00:00+00:00,10444.574158335507
2025-05-14 21:00:00+00:00,10444.574158335507
2025-05-14 22:00:00+00:00,10444.574158335507
2025-05-14 23:00:00+00:00,10444.574158335507
2025-05-15 00:00:00+00:00,10444.574158335507
2025-05-15 01:00:00+00:00,10444.574158335507
2025-05-15 02:00:00+00:00,10444.574158335507
2025-05-15 03:00:00+00:00,10444.574158335507
2025-05-15 04:00:00+00:00,10444.574158335507
2025-05-15 05:00:00+00:00,10444.574158335507
2025-05-15 06:00:00+00:00,10444.574158335507
2025-05-15 07:00:00+00:00,10444.574158335507
2025-05-15 08:00:00+00:00,10444.574158335507
2025-05-15 09:00:00+00:00,10444.574158335507
2025-05-15 10:00:00+00:00,10444.574158335507
2025-05-15 11:00:00+00:00,10444.574158335507
2025-05-15 12:00:00+00:00,10444.574158335507
2025-05-15 13:00:00+00:00,10444.574158335507
2025-05-15 14:00:00+00:00,10444.574158335507
2025-05-15 15:00:00+00:00,10444.574158335507
2025-05-15 16:00:00+00:00,10444.574158335507
2025-05-15 17:00:00+00:00,10444.574158335507
2025-05-15 18:00:00+00:00,10444.574158335507
2025-05-15 19:00:00+00:00,10444.574158335507
2025-05-15 20:00:00+00:00,10444.574158335507
2025-05-15 21:00:00+00:00,10444.574158335507
2025-05-15 22:00:00+00:00,10444.574158335507
2025-05-15 23:00:00+00:00,10444.574158335507
2025-05-16 00:00:00+00:00,10444.574158335507
2025-05-16 01:00:00+00:00,10444.574158335507
2025-05-16 02:00:00+00:00,10444.574158335507
2025-05-16 03:00:00+00:00,10444.574158335507
2025-05-16 04:00:00+00:00,10444.574158335507
2025-05-16 05:00:00+00:00,10444.574158335507
2025-05-16 06:00:00+00:00,10444.574158335507
2025-05-16 07:00:00+00:00,10444.574158335507
2025-05-16 08:00:00+00:00,10444.574158335507
2025-05-16 09:00:00+00:00,10444.574158335507
2025-05-16 10:00:00+00:00,10444.574158335507
2025-05-16 11:00:00+00:00,10444.574158335507
2025-05-16 12:00:00+00:00,10444.574158335507
2025-05-16 13:00:00+00:00,10444.574158335507
2025-05-16 14:00:00+00:00,10444.574158335507
2025-05-16 15:00:00+00:00,10444.574158335507
2025-05-16 16:00:00+00:00,10444.574158335507
2025-05-16 17:00:00+00:00,10444.574158335507
2025-05-16 18:00:00+00:00,10444.574158335507
2025-05-16 19:00:00+00:00,10444.574158335507
2025-05-16 20:00:00+00:00,10444.574158335507
2025-05-16 21:00:00+00:00,10444.574158335507
2025-05-16 22:00:00+00:00,10444.574158335507
2025-05-16 23:00:00+00:00,10444.574158335507
2025-05-17 00:00:00+00:00,10444.574158335507
2025-05-17 01:00:00+00:00,10444.574158335507
2025-05-17 02:00:00+00:00,10444.574158335507
2025-05-17 03:00:00+00:00,10444.574158335507
2025-05-17 04:00:00+00:00,10444.574158335507
2025-05-17 05:00:00+00:00,10444.574158335507
2025-05-17 06:00:00+00:00,10444.574158335507
2025-05-17 07:00:00+00:00,10444.574158335507
2025-05-17 08:00:00+00:00,10444.574158335507
2025-05-17 09:00:00+00:00,10444.574158335507
2025-05-17 10:00:00+00:00,10444.574158335507
2025-05-17 11:00:00+00:00,10444.574158335507
2025-05-17 12:00:00+00:00,10444.574158335507
2025-05-17 13:00:00+00:00,10444.574158335507
2025-05-17 14:00:00+00:00,10444.574158335507
2025-05-17 15:00:00+00:00,10444.574158335507
2025-05-17 16:00:00+00:00,10444.574158335507
2025-05-17 17:00:00+00:00,10444.574158335507
2025-05-17 18:00:00+00:00,10444.574158335507
2025-05-17 19:00:00+00:00,10444.574158335507
2025-05-17 20:00:00+00:00,10444.574158335507
2025-05-17 21:00:00+00:00,10444.574158335507
2025-05-17 22:00:00+00:00,10444.574158335507
2025-05-17 23:00:00+00:00,10444.574158335507
2025-05-18 00:00:00+00:00,10444.574158335507
2025-05-18 01:00:00+00:00,10444.574158335507
2025-05-18 02:00:00+00:00,10444.574158335507
2025-05-18 03:00:00+00:00,10444.574158335507
2025-05-18 04:00:00+00:00,10444.574158335507
2025-05-18 05:00:00+00:00,10444.574158335507
2025-05-18 06:00:00+00:00,10444.574158335507
2025-05-18 07:00:00+00:00,10444.574158335507
2025-05-18 08:00:00+00:00,10444.574158335507
2025-05-18 09:00:00+00:00,10444.574158335507
2025-05-18 10:00:00+00:00,10444.574158335507
2025-05-18 11:00:00+00:00,10444.574158335507
2025-05-18 12:00:00+00:00,10444.574158335507
2025-05-18 13:00:00+00:00,10444.574158335507
2025-05-18 14:00:00+00:00,10444.574158335507
2025-05-18 15:00:00+00:00,10444.574158335507
2025-05-18 16:00:00+00:00,10444.574158335507
2025-05-18 17:00:00+00:00,10444.574158335507
2025-05-18 18:00:00+00:00,10444.574158335507
2025-05-18 19:00:00+00:00,10444.574158335507
2025-05-18 20:00:00+00:00,10444.574158335507
2025-05-18 21:00:00+00:00,10444.574158335507
2025-05-18 22:00:00+00:00,10444.574158335507
2025-05-18 23:00:00+00:00,10444.574158335507
2025-05-19 00:00:00+00:00,10444.574158335507
2025-05-19 01:00:00+00:00,10358.949102811057
2025-05-19 02:00:00+00:00,10345.368202811058
2025-05-19 03:00:00+00:00,10317.757502811057
2025-05-19 04:00:00+00:00,10243.009220840146
2025-05-19 05:00:00+00:00,10243.009220840146
2025-05-19 06:00:00+00:00,10243.009220840146
2025-05-19 07:00:00+00:00,10243.009220840146
2025-05-19 08:00:00+00:00,10243.009220840146
2025-05-19 09:00:00+00:00,10243.009220840146
2025-05-19 10:00:00+00:00,10243.009220840146
2025-05-19 11:00:00+00:00,10243.009220840146
2025-05-19 12:00:00+00:00,10243.009220840146
2025-05-19 13:00:00+00:00,10243.009220840146
2025-05-19 14:00:00+00:00,10243.009220840146
2025-05-19 15:00:00+00:00,10243.009220840146
2025-05-19 16:00:00+00:00,10243.009220840146
2025-05-19 17:00:00+00:00,10243.009220840146
2025-05-19 18:00:00+00:00,10243.009220840146
2025-05-19 19:00:00+00:00,10243.009220840146
2025-05-19 20:00:00+00:00,10243.009220840146
2025-05-19 21:00:00+00:00,10243.009220840146
2025-05-19 22:00:00+00:00,10243.009220840146
2025-05-19 23:00:00+00:00,10243.009220840146
2025-05-20 00:00:00+00:00,10243.009220840146
2025-05-20 01:00:00+00:00,10243.009220840146
2025-05-20 02:00:00+00:00,10243.009220840146
2025-05-20 03:00:00+00:00,10243.009220840146
2025-05-20 04:00:00+00:00,10243.009220840146
2025-05-20 05:00:00+00:00,10243.009220840146
2025-05-20 06:00:00+00:00,10243.009220840146
2025-05-20 07:00:00+00:00,10243.009220840146
2025-05-20 08:00:00+00:00,10243.009220840146
2025-05-20 09:00:00+00:00,10243.009220840146
2025-05-20 10:00:00+00:00,10243.009220840146
2025-05-20 11:00:00+00:00,10243.009220840146
2025-05-20 12:00:00+00:00,10243.009220840146
2025-05-20 13:00:00+00:00,10243.009220840146
2025-05-20 14:00:00+00:00,10243.009220840146
2025-05-20 15:00:00+00:00,10243.009220840146
2025-05-20 16:00:00+00:00,10243.009220840146
2025-05-20 17:00:00+00:00,10243.009220840146
2025-05-20 18:00:00+00:00,10243.009220840146
2025-05-20 19:00:00+00:00,10243.009220840146
2025-05-20 20:00:00+00:00,10243.009220840146
2025-05-20 21:00:00+00:00,10243.009220840146
2025-05-20 22:00:00+00:00,10243.009220840146
2025-05-20 23:00:00+00:00,10243.009220840146
2025-05-21 00:00:00+00:00,10243.009220840146
2025-05-21 01:00:00+00:00,10243.009220840146
2025-05-21 02:00:00+00:00,10243.009220840146
2025-05-21 03:00:00+00:00,10243.009220840146
2025-05-21 04:00:00+00:00,10243.009220840146
2025-05-21 05:00:00+00:00,10243.009220840146
2025-05-21 06:00:00+00:00,10243.009220840146
2025-05-21 07:00:00+00:00,10243.009220840146
2025-05-21 08:00:00+00:00,10158.339808381943
2025-05-21 09:00:00+00:00,10150.048443861686
2025-05-21 10:00:00+00:00,10138.380843861685
2025-05-21 11:00:00+00:00,10146.936243861684
2025-05-21 12:00:00+00:00,10159.580343861684
2025-05-21 13:00:00+00:00,10161.275043861686
2025-05-21 14:00:00+00:00,10204.776543861684
2025-05-21 15:00:00+00:00,10315.328943861685
2025-05-21 16:00:00+00:00,10313.659443861685
2025-05-21 17:00:00+00:00,10323.659026594782
2025-05-21 18:00:00+00:00,10206.390832702536
2025-05-21 19:00:00+00:00,10206.390832702536
2025-05-21 20:00:00+00:00,10206.390832702536
2025-05-21 21:00:00+00:00,10206.390832702536
2025-05-21 22:00:00+00:00,10206.390832702536
2025-05-21 23:00:00+00:00,10206.390832702536
2025-05-22 00:00:00+00:00,10206.390832702536
2025-05-22 01:00:00+00:00,10206.390832702536
2025-05-22 02:00:00+00:00,10206.390832702536
2025-05-22 03:00:00+00:00,10206.390832702536
2025-05-22 04:00:00+00:00,10206.390832702536
2025-05-22 05:00:00+00:00,10189.296814807933
2025-05-22 06:00:00+00:00,10163.823814807933
2025-05-22 07:00:00+00:00,10152.639214807932
2025-05-22 08:00:00+00:00,10170.661414807933
2025-05-22 09:00:00+00:00,10143.684790447933
2025-05-22 10:00:00+00:00,10160.404990447933
2025-05-22 11:00:00+00:00,10159.657390447934
2025-05-22 12:00:00+00:00,10167.603790447933
2025-05-22 13:00:00+00:00,10193.983990447932
2025-05-22 14:00:00+00:00,10164.525190447934
2025-05-22 15:00:00+00:00,10163.760790447934
2025-05-22 16:00:00+00:00,10180.476790447934
2025-05-22 17:00:00+00:00,10179.060336247932
2025-05-22 18:00:00+00:00,10188.976536247932
2025-05-22 19:00:00+00:00,10198.489536247933
2025-05-22 20:00:00+00:00,10175.200536247932
2025-05-22 21:00:00+00:00,10170.500736247932
2025-05-22 22:00:00+00:00,10160.861736247933
2025-05-22 23:00:00+00:00,10168.392336247933
2025-05-23 00:00:00+00:00,10197.317736247933
2025-05-23 01:00:00+00:00,10193.003997268199
2025-05-23 02:00:00+00:00,10180.9961972682
2025-05-23 03:00:00+00:00,10178.030997268199
2025-05-23 04:00:00+00:00,10170.8951972682
2025-05-23 05:00:00+00:00,10160.3783972682
2025-05-23 06:00:00+00:00,10161.0797972682
2025-05-23 07:00:00+00:00,10147.0265972682
2025-05-23 08:00:00+00:00,10155.8255972682
2025-05-23 09:00:00+00:00,10164.089649163614
2025-05-23 10:00:00+00:00,10180.557849163613
2025-05-23 11:00:00+00:00,10169.234649163614
2025-05-23 12:00:00+00:00,10126.458996068111
2025-05-23 13:00:00+00:00,10126.458996068111
2025-05-23 14:00:00+00:00,10126.458996068111
2025-05-23 15:00:00+00:00,10126.458996068111
2025-05-23 16:00:00+00:00,10126.458996068111
2025-05-23 17:00:00+00:00,10126.458996068111
2025-05-23 18:00:00+00:00,10126.458996068111
2025-05-23 19:00:00+00:00,10126.458996068111
2025-05-23 20:00:00+00:00,10126.458996068111
2025-05-23 21:00:00+00:00,10126.458996068111
2025-05-23 22:00:00+00:00,10126.458996068111
2025-05-23 23:00:00+00:00,10126.458996068111
2025-05-24 00:00:00+00:00,10126.458996068111
2025-05-24 01:00:00+00:00,10126.458996068111
2025-05-24 02:00:00+00:00,10126.458996068111
2025-05-24 03:00:00+00:00,10126.458996068111
2025-05-24 04:00:00+00:00,10126.458996068111
2025-05-24 05:00:00+00:00,10126.458996068111
2025-05-24 06:00:00+00:00,10126.458996068111
2025-05-24 07:00:00+00:00,10126.458996068111
2025-05-24 08:00:00+00:00,10126.458996068111
2025-05-24 09:00:00+00:00,10126.458996068111
2025-05-24 10:00:00+00:00,10126.458996068111
2025-05-24 11:00:00+00:00,10126.458996068111
2025-05-24 12:00:00+00:00,10126.458996068111
2025-05-24 13:00:00+00:00,10126.458996068111
2025-05-24 14:00:00+00:00,10126.458996068111
2025-05-24 15:00:00+00:00,10126.458996068111
2025-05-24 16:00:00+00:00,10126.458996068111
2025-05-24 17:00:00+00:00,10126.458996068111
2025-05-24 18:00:00+00:00,10126.458996068111
2025-05-24 19:00:00+00:00,10126.458996068111
2025-05-24 20:00:00+00:00,10126.458996068111
2025-05-24 21:00:00+00:00,10126.458996068111
2025-05-24 22:00:00+00:00,10126.458996068111
2025-05-24 23:00:00+00:00,10126.458996068111
2025-05-25 00:00:00+00:00,10126.458996068111
2025-05-25 01:00:00+00:00,10126.458996068111
2025-05-25 02:00:00+00:00,10126.458996068111
2025-05-25 03:00:00+00:00,10126.458996068111
2025-05-25 04:00:00+00:00,10126.458996068111
2025-05-25 05:00:00+00:00,10126.458996068111
2025-05-25 06:00:00+00:00,10126.458996068111
2025-05-25 07:00:00+00:00,10126.458996068111
2025-05-25 08:00:00+00:00,10126.458996068111
2025-05-25 09:00:00+00:00,10126.458996068111
2025-05-25 10:00:00+00:00,10126.458996068111
2025-05-25 11:00:00+00:00,10126.458996068111
2025-05-25 12:00:00+00:00,10126.458996068111
2025-05-25 13:00:00+00:00,10126.458996068111
2025-05-25 14:00:00+00:00,10126.458996068111
2025-05-25 15:00:00+00:00,10126.458996068111
2025-05-25 16:00:00+00:00,10126.458996068111
2025-05-25 17:00:00+00:00,10126.458996068111
2025-05-25 18:00:00+00:00,10126.458996068111
2025-05-25 19:00:00+00:00,10126.458996068111
2025-05-25 20:00:00+00:00,10126.458996068111
2025-05-25 21:00:00+00:00,10126.458996068111
2025-05-25 22:00:00+00:00,10126.458996068111
2025-05-25 23:00:00+00:00,10126.458996068111
2025-05-26 00:00:00+00:00,10126.458996068111
2025-05-26 01:00:00+00:00,10126.458996068111
2025-05-26 02:00:00+00:00,10126.458996068111
2025-05-26 03:00:00+00:00,10126.458996068111
2025-05-26 04:00:00+00:00,10126.458996068111
2025-05-26 05:00:00+00:00,10126.458996068111
2025-05-26 06:00:00+00:00,10126.458996068111
2025-05-26 07:00:00+00:00,10126.458996068111
2025-05-26 08:00:00+00:00,10126.458996068111
2025-05-26 09:00:00+00:00,10126.458996068111
2025-05-26 10:00:00+00:00,10126.458996068111
2025-05-26 11:00:00+00:00,10126.458996068111
2025-05-26 12:00:00+00:00,10126.458996068111
2025-05-26 13:00:00+00:00,10126.458996068111
2025-05-26 14:00:00+00:00,10126.458996068111
2025-05-26 15:00:00+00:00,10126.458996068111
2025-05-26 16:00:00+00:00,10126.458996068111
2025-05-26 17:00:00+00:00,10126.458996068111
2025-05-26 18:00:00+00:00,10126.458996068111
2025-05-26 19:00:00+00:00,10126.458996068111
2025-05-26 20:00:00+00:00,10126.458996068111
2025-05-26 21:00:00+00:00,10126.458996068111
2025-05-26 22:00:00+00:00,10126.458996068111
2025-05-26 23:00:00+00:00,10126.458996068111
2025-05-27 00:00:00+00:00,10126.458996068111
2025-05-27 01:00:00+00:00,10126.458996068111
2025-05-27 02:00:00+00:00,10126.458996068111
2025-05-27 03:00:00+00:00,10126.458996068111
2025-05-27 04:00:00+00:00,10126.458996068111
2025-05-27 05:00:00+00:00,10126.458996068111
2025-05-27 06:00:00+00:00,10126.458996068111
2025-05-27 07:00:00+00:00,10126.458996068111
2025-05-27 08:00:00+00:00,10126.458996068111
2025-05-27 09:00:00+00:00,10126.458996068111
2025-05-27 10:00:00+00:00,10126.458996068111
2025-05-27 11:00:00+00:00,10126.458996068111
2025-05-27 12:00:00+00:00,10126.458996068111
2025-05-27 13:00:00+00:00,10126.458996068111
2025-05-27 14:00:00+00:00,10126.458996068111
2025-05-27 15:00:00+00:00,10126.458996068111
2025-05-27 16:00:00+00:00,10126.458996068111
2025-05-27 17:00:00+00:00,10126.458996068111
2025-05-27 18:00:00+00:00,10126.458996068111
2025-05-27 19:00:00+00:00,10126.458996068111
2025-05-27 20:00:00+00:00,10126.458996068111
2025-05-27 21:00:00+00:00,10126.458996068111
2025-05-27 22:00:00+00:00,10126.458996068111
2025-05-27 23:00:00+00:00,10126.458996068111
2025-05-28 00:00:00+00:00,10126.458996068111
2025-05-28 01:00:00+00:00,10126.458996068111
2025-05-28 02:00:00+00:00,10126.458996068111
2025-05-28 03:00:00+00:00,10126.458996068111
2025-05-28 04:00:00+00:00,10126.458996068111
2025-05-28 05:00:00+00:00,10126.458996068111
2025-05-28 06:00:00+00:00,10126.458996068111
2025-05-28 07:00:00+00:00,10126.458996068111
2025-05-28 08:00:00+00:00,10126.458996068111
2025-05-28 09:00:00+00:00,10126.458996068111
2025-05-28 10:00:00+00:00,10126.458996068111
2025-05-28 11:00:00+00:00,10126.458996068111
2025-05-28 12:00:00+00:00,10126.458996068111
2025-05-28 13:00:00+00:00,10126.458996068111
2025-05-28 14:00:00+00:00,10126.458996068111
2025-05-28 15:00:00+00:00,10126.458996068111
2025-05-28 16:00:00+00:00,10126.458996068111
2025-05-28 17:00:00+00:00,10126.458996068111
2025-05-28 18:00:00+00:00,10126.458996068111
2025-05-28 19:00:00+00:00,10126.458996068111
2025-05-28 20:00:00+00:00,10126.458996068111
2025-05-28 21:00:00+00:00,10126.458996068111
2025-05-28 22:00:00+00:00,10126.458996068111
2025-05-28 23:00:00+00:00,10126.458996068111
2025-05-29 00:00:00+00:00,10126.458996068111
2025-05-29 01:00:00+00:00,10126.458996068111
2025-05-29 02:00:00+00:00,10126.458996068111
2025-05-29 03:00:00+00:00,10126.458996068111
2025-05-29 04:00:00+00:00,10126.458996068111
2025-05-29 05:00:00+00:00,10126.458996068111
2025-05-29 06:00:00+00:00,10126.458996068111
2025-05-29 07:00:00+00:00,10126.458996068111
2025-05-29 08:00:00+00:00,10126.458996068111
2025-05-29 09:00:00+00:00,10126.458996068111
2025-05-29 10:00:00+00:00,10126.458996068111
2025-05-29 11:00:00+00:00,10126.458996068111
2025-05-29 12:00:00+00:00,10126.458996068111
2025-05-29 13:00:00+00:00,10126.458996068111
2025-05-29 14:00:00+00:00,10126.458996068111
2025-05-29 15:00:00+00:00,10126.458996068111
2025-05-29 16:00:00+00:00,10126.458996068111
2025-05-29 17:00:00+00:00,10126.458996068111
2025-05-29 18:00:00+00:00,10126.458996068111
2025-05-29 19:00:00+00:00,10126.458996068111
2025-05-29 20:00:00+00:00,10126.458996068111
2025-05-29 21:00:00+00:00,10087.760954084284
2025-05-29 22:00:00+00:00,10068.510854084285
2025-05-29 23:00:00+00:00,10105.850354084285
2025-05-30 00:00:00+00:00,10131.137554084286
2025-05-30 01:00:00+00:00,10178.030363785278
2025-05-30 02:00:00+00:00,10125.353563785278
2025-05-30 03:00:00+00:00,10101.23436378528
2025-05-30 04:00:00+00:00,10099.299863785278
2025-05-30 05:00:00+00:00,10093.007263785279
2025-05-30 06:00:00+00:00,10095.71556378528
2025-05-30 07:00:00+00:00,10121.732763785278
2025-05-30 08:00:00+00:00,10170.934763785279
2025-05-30 09:00:00+00:00,10161.586482610852
2025-05-30 10:00:00+00:00,10128.648882610853
2025-05-30 11:00:00+00:00,10108.019082610854
2025-05-30 12:00:00+00:00,10110.647082610853
2025-05-30 13:00:00+00:00,10124.998882610853
2025-05-30 14:00:00+00:00,10138.138882610852
2025-05-30 15:00:00+00:00,10148.621682610854
2025-05-30 16:00:00+00:00,10134.255282610853
2025-05-30 17:00:00+00:00,10254.296399075494
2025-05-30 18:00:00+00:00,10233.958599075493
2025-05-30 19:00:00+00:00,10181.916899075493
2025-05-30 20:00:00+00:00,10200.991799075493
2025-05-30 21:00:00+00:00,10204.838899075494
2025-05-30 22:00:00+00:00,10201.758299075493
2025-05-30 23:00:00+00:00,10250.449299075493
2025-05-31 00:00:00+00:00,10248.266599075492
2025-05-31 01:00:00+00:00,10250.831963505554
2025-05-31 02:00:00+00:00,10287.127563505554
2025-05-31 03:00:00+00:00,10307.304763505554
2025-05-31 04:00:00+00:00,10271.534763505553
2025-05-31 05:00:00+00:00,10262.665263505554
2025-05-31 06:00:00+00:00,10282.791363505554
2025-05-31 07:00:00+00:00,10259.329163505554
2025-05-31 08:00:00+00:00,10267.118263505554
2025-05-31 09:00:00+00:00,10274.259960214034
2025-05-31 10:00:00+00:00,10282.326460214035
2025-05-31 11:00:00+00:00,10291.655860214034
2025-05-31 12:00:00+00:00,10285.188060214035
2025-05-31 13:00:00+00:00,10246.987160214036
2025-05-31 14:00:00+00:00,10241.388060214036
2025-05-31 15:00:00+00:00,10204.47010189317
2025-05-31 16:00:00+00:00,10204.47010189317
2025-05-31 17:00:00+00:00,10204.47010189317
2025-05-31 18:00:00+00:00,10204.47010189317
2025-05-31 19:00:00+00:00,10204.47010189317
2025-05-31 20:00:00+00:00,10204.47010189317
2025-05-31 21:00:00+00:00,10204.47010189317
2025-05-31 22:00:00+00:00,10204.47010189317
2025-05-31 23:00:00+00:00,10204.47010189317
2025-06-01 00:00:00+00:00,10204.47010189317
2025-06-01 01:00:00+00:00,10204.47010189317
2025-06-01 02:00:00+00:00,10204.47010189317
2025-06-01 03:00:00+00:00,10204.47010189317
2025-06-01 04:00:00+00:00,10204.47010189317
2025-06-01 05:00:00+00:00,10204.47010189317
2025-06-01 06:00:00+00:00,10204.47010189317
2025-06-01 07:00:00+00:00,10204.47010189317
2025-06-01 08:00:00+00:00,10204.47010189317
2025-06-01 09:00:00+00:00,10204.47010189317
2025-06-01 10:00:00+00:00,10204.47010189317
2025-06-01 11:00:00+00:00,10204.47010189317
2025-06-01 12:00:00+00:00,10204.47010189317
2025-06-01 13:00:00+00:00,10204.47010189317
2025-06-01 14:00:00+00:00,10204.47010189317
2025-06-01 15:00:00+00:00,10204.47010189317
2025-06-01 16:00:00+00:00,10204.47010189317
2025-06-01 17:00:00+00:00,10204.47010189317
2025-06-01 18:00:00+00:00,10204.47010189317
2025-06-01 19:00:00+00:00,10204.47010189317
2025-06-01 20:00:00+00:00,10204.47010189317
2025-06-01 21:00:00+00:00,10204.47010189317
2025-06-01 22:00:00+00:00,10204.47010189317
2025-06-01 23:00:00+00:00,10204.47010189317
2025-06-02 00:00:00+00:00,10204.47010189317
2025-06-02 01:00:00+00:00,10204.47010189317
2025-06-02 02:00:00+00:00,10204.47010189317
2025-06-02 03:00:00+00:00,10204.47010189317
2025-06-02 04:00:00+00:00,10204.47010189317
2025-06-02 05:00:00+00:00,10204.47010189317
2025-06-02 06:00:00+00:00,10204.47010189317
2025-06-02 07:00:00+00:00,10204.47010189317
2025-06-02 08:00:00+00:00,10204.47010189317
2025-06-02 09:00:00+00:00,10204.47010189317
2025-06-02 10:00:00+00:00,10204.47010189317
2025-06-02 11:00:00+00:00,10204.47010189317
2025-06-02 12:00:00+00:00,10204.47010189317
2025-06-02 13:00:00+00:00,10204.47010189317
2025-06-02 14:00:00+00:00,10204.47010189317
2025-06-02 15:00:00+00:00,10204.47010189317
2025-06-02 16:00:00+00:00,10204.47010189317
2025-06-02 17:00:00+00:00,10204.47010189317
2025-06-02 18:00:00+00:00,10204.47010189317
2025-06-02 19:00:00+00:00,10204.47010189317
2025-06-02 20:00:00+00:00,10204.47010189317
2025-06-02 21:00:00+00:00,10204.47010189317
2025-06-02 22:00:00+00:00,10204.47010189317
2025-06-02 23:00:00+00:00,10204.47010189317
2025-06-03 00:00:00+00:00,10204.47010189317
2025-06-03 01:00:00+00:00,10204.47010189317
2025-06-03 02:00:00+00:00,10204.47010189317
2025-06-03 03:00:00+00:00,10204.47010189317
2025-06-03 04:00:00+00:00,10204.47010189317
2025-06-03 05:00:00+00:00,10204.47010189317
2025-06-03 06:00:00+00:00,10204.47010189317
2025-06-03 07:00:00+00:00,10204.47010189317
2025-06-03 08:00:00+00:00,10204.47010189317
2025-06-03 09:00:00+00:00,10204.47010189317
2025-06-03 10:00:00+00:00,10204.47010189317
2025-06-03 11:00:00+00:00,10204.47010189317
2025-06-03 12:00:00+00:00,10204.47010189317
2025-06-03 13:00:00+00:00,10204.47010189317
2025-06-03 14:00:00+00:00,10204.47010189317
2025-06-03 15:00:00+00:00,10204.47010189317
2025-06-03 16:00:00+00:00,10204.47010189317
2025-06-03 17:00:00+00:00,10204.47010189317
2025-06-03 18:00:00+00:00,10204.47010189317
2025-06-03 19:00:00+00:00,10204.47010189317
2025-06-03 20:00:00+00:00,10204.47010189317
2025-06-03 21:00:00+00:00,10204.47010189317
2025-06-03 22:00:00+00:00,10204.47010189317
2025-06-03 23:00:00+00:00,10204.47010189317
2025-06-04 00:00:00+00:00,10204.47010189317
2025-06-04 01:00:00+00:00,10204.47010189317
2025-06-04 02:00:00+00:00,10204.47010189317
2025-06-04 03:00:00+00:00,10204.47010189317
2025-06-04 04:00:00+00:00,10204.47010189317
2025-06-04 05:00:00+00:00,10204.47010189317
2025-06-04 06:00:00+00:00,10204.47010189317
2025-06-04 07:00:00+00:00,10204.47010189317
2025-06-04 08:00:00+00:00,10204.47010189317
2025-06-04 09:00:00+00:00,10204.47010189317
2025-06-04 10:00:00+00:00,10204.47010189317
2025-06-04 11:00:00+00:00,10204.47010189317
2025-06-04 12:00:00+00:00,10204.47010189317
2025-06-04 13:00:00+00:00,10204.47010189317
2025-06-04 14:00:00+00:00,10204.47010189317
2025-06-04 15:00:00+00:00,10204.47010189317
2025-06-04 16:00:00+00:00,10204.47010189317
2025-06-04 17:00:00+00:00,10204.47010189317
2025-06-04 18:00:00+00:00,10204.47010189317
2025-06-04 19:00:00+00:00,10204.47010189317
2025-06-04 20:00:00+00:00,10204.47010189317
2025-06-04 21:00:00+00:00,10204.47010189317
2025-06-04 22:00:00+00:00,10204.47010189317
2025-06-04 23:00:00+00:00,10204.47010189317
2025-06-05 00:00:00+00:00,10204.47010189317
2025-06-05 01:00:00+00:00,10204.47010189317
2025-06-05 02:00:00+00:00,10204.47010189317
2025-06-05 03:00:00+00:00,10204.47010189317
2025-06-05 04:00:00+00:00,10204.47010189317
2025-06-05 05:00:00+00:00,10204.47010189317
2025-06-05 06:00:00+00:00,10204.47010189317
2025-06-05 07:00:00+00:00,10204.47010189317
2025-06-05 08:00:00+00:00,10204.47010189317
2025-06-05 09:00:00+00:00,10204.47010189317
2025-06-05 10:00:00+00:00,10204.47010189317
2025-06-05 11:00:00+00:00,10204.47010189317
2025-06-05 12:00:00+00:00,10204.47010189317
2025-06-05 13:00:00+00:00,10204.47010189317
2025-06-05 14:00:00+00:00,10204.47010189317
2025-06-05 15:00:00+00:00,10204.47010189317
2025-06-05 16:00:00+00:00,10204.47010189317
2025-06-05 17:00:00+00:00,10204.47010189317
2025-06-05 18:00:00+00:00,10204.47010189317
2025-06-05 19:00:00+00:00,10204.47010189317
2025-06-05 20:00:00+00:00,10281.250464329765
2025-06-05 21:00:00+00:00,10393.890264329766
2025-06-05 22:00:00+00:00,10311.257064329766
2025-06-05 23:00:00+00:00,10314.361464329766
2025-06-06 00:00:00+00:00,10313.565864329765
2025-06-06 01:00:00+00:00,10283.38439431884
2025-06-06 02:00:00+00:00,10286.90999431884
2025-06-06 03:00:00+00:00,10267.669399833077
2025-06-06 04:00:00+00:00,10267.669399833077
2025-06-06 05:00:00+00:00,10267.669399833077
2025-06-06 06:00:00+00:00,10267.669399833077
2025-06-06 07:00:00+00:00,10267.669399833077
2025-06-06 08:00:00+00:00,10267.669399833077
2025-06-06 09:00:00+00:00,10267.669399833077
2025-06-06 10:00:00+00:00,10267.669399833077
2025-06-06 11:00:00+00:00,10267.669399833077
2025-06-06 12:00:00+00:00,10267.669399833077
2025-06-06 13:00:00+00:00,10267.669399833077
2025-06-06 14:00:00+00:00,10267.669399833077
2025-06-06 15:00:00+00:00,10267.669399833077
2025-06-06 16:00:00+00:00,10267.669399833077
2025-06-06 17:00:00+00:00,10267.669399833077
2025-06-06 18:00:00+00:00,10267.669399833077
2025-06-06 19:00:00+00:00,10267.669399833077
2025-06-06 20:00:00+00:00,10267.669399833077
2025-06-06 21:00:00+00:00,10267.669399833077
2025-06-06 22:00:00+00:00,10267.669399833077
2025-06-06 23:00:00+00:00,10267.669399833077
2025-06-07 00:00:00+00:00,10267.669399833077
2025-06-07 01:00:00+00:00,10267.669399833077
2025-06-07 02:00:00+00:00,10267.669399833077
2025-06-07 03:00:00+00:00,10267.669399833077
2025-06-07 04:00:00+00:00,10267.669399833077
2025-06-07 05:00:00+00:00,10267.669399833077
2025-06-07 06:00:00+00:00,10267.669399833077
2025-06-07 07:00:00+00:00,10267.669399833077
2025-06-07 08:00:00+00:00,10267.669399833077
2025-06-07 09:00:00+00:00,10267.669399833077
2025-06-07 10:00:00+00:00,10267.669399833077
2025-06-07 11:00:00+00:00,10267.669399833077
2025-06-07 12:00:00+00:00,10267.669399833077
2025-06-07 13:00:00+00:00,10267.669399833077
2025-06-07 14:00:00+00:00,10267.669399833077
2025-06-07 15:00:00+00:00,10267.669399833077
2025-06-07 16:00:00+00:00,10267.669399833077
2025-06-07 17:00:00+00:00,10267.669399833077
2025-06-07 18:00:00+00:00,10267.669399833077
2025-06-07 19:00:00+00:00,10267.669399833077
2025-06-07 20:00:00+00:00,10267.669399833077
2025-06-07 21:00:00+00:00,10267.669399833077
2025-06-07 22:00:00+00:00,10267.669399833077
2025-06-07 23:00:00+00:00,10267.669399833077
2025-06-08 00:00:00+00:00,10267.669399833077
2025-06-08 01:00:00+00:00,10267.669399833077
2025-06-08 02:00:00+00:00,10267.669399833077
2025-06-08 03:00:00+00:00,10267.669399833077
2025-06-08 04:00:00+00:00,10267.669399833077
2025-06-08 05:00:00+00:00,10267.669399833077
2025-06-08 06:00:00+00:00,10267.669399833077
2025-06-08 07:00:00+00:00,10267.669399833077
2025-06-08 08:00:00+00:00,10267.669399833077
2025-06-08 09:00:00+00:00,10267.669399833077
2025-06-08 10:00:00+00:00,10267.669399833077
2025-06-08 11:00:00+00:00,10267.669399833077
2025-06-08 12:00:00+00:00,10267.669399833077
2025-06-08 13:00:00+00:00,10267.669399833077
2025-06-08 14:00:00+00:00,10267.669399833077
2025-06-08 15:00:00+00:00,10267.669399833077
2025-06-08 16:00:00+00:00,10267.669399833077
2025-06-08 17:00:00+00:00,10267.669399833077
2025-06-08 18:00:00+00:00,10267.669399833077
2025-06-08 19:00:00+00:00,10267.669399833077
2025-06-08 20:00:00+00:00,10267.669399833077
2025-06-08 21:00:00+00:00,10267.669399833077
2025-06-08 22:00:00+00:00,10267.669399833077
2025-06-08 23:00:00+00:00,10267.669399833077
2025-06-09 00:00:00+00:00,10267.669399833077
2025-06-09 01:00:00+00:00,10267.669399833077
2025-06-09 02:00:00+00:00,10267.669399833077
2025-06-09 03:00:00+00:00,10267.669399833077
2025-06-09 04:00:00+00:00,10267.669399833077
2025-06-09 05:00:00+00:00,10267.669399833077
2025-06-09 06:00:00+00:00,10267.669399833077
2025-06-09 07:00:00+00:00,10267.669399833077
2025-06-09 08:00:00+00:00,10267.669399833077
2025-06-09 09:00:00+00:00,10267.669399833077
2025-06-09 10:00:00+00:00,10267.669399833077
2025-06-09 11:00:00+00:00,10267.669399833077
2025-06-09 12:00:00+00:00,10312.799905600637
2025-06-09 13:00:00+00:00,10311.63140560064
2025-06-09 14:00:00+00:00,10219.02752457845
2025-06-09 15:00:00+00:00,10219.02752457845
2025-06-09 16:00:00+00:00,10219.02752457845
2025-06-09 17:00:00+00:00,10219.02752457845
2025-06-09 18:00:00+00:00,10219.02752457845
2025-06-09 19:00:00+00:00,10219.551793461369
2025-06-09 20:00:00+00:00,10230.76609346137
2025-06-09 21:00:00+00:00,10241.388793461369
2025-06-09 22:00:00+00:00,10354.36699346137
2025-06-09 23:00:00+00:00,10371.47119346137
2025-06-10 00:00:00+00:00,10379.779693461369
2025-06-10 01:00:00+00:00,10348.07463731473
2025-06-10 02:00:00+00:00,10336.956037314729
2025-06-10 03:00:00+00:00,10325.28063731473
2025-06-10 04:00:00+00:00,10318.08573731473
2025-06-10 05:00:00+00:00,10314.69273731473
2025-06-10 06:00:00+00:00,10295.97903731473
2025-06-10 07:00:00+00:00,10312.36983731473
2025-06-10 08:00:00+00:00,10287.827137314729
2025-06-10 09:00:00+00:00,10264.185447879532
2025-06-10 10:00:00+00:00,10264.185447879532
2025-06-10 11:00:00+00:00,10264.185447879532
2025-06-10 12:00:00+00:00,10264.185447879532
2025-06-10 13:00:00+00:00,10264.185447879532
2025-06-10 14:00:00+00:00,10264.185447879532
2025-06-10 15:00:00+00:00,10264.185447879532
2025-06-10 16:00:00+00:00,10264.185447879532
2025-06-10 17:00:00+00:00,10264.185447879532
2025-06-10 18:00:00+00:00,10264.185447879532
2025-06-10 19:00:00+00:00,10264.185447879532
2025-06-10 20:00:00+00:00,10264.185447879532
2025-06-10 21:00:00+00:00,10264.185447879532
2025-06-10 22:00:00+00:00,10264.185447879532
2025-06-10 23:00:00+00:00,10264.185447879532
2025-06-11 00:00:00+00:00,10264.185447879532
2025-06-11 01:00:00+00:00,10264.185447879532
2025-06-11 02:00:00+00:00,10264.185447879532
2025-06-11 03:00:00+00:00,10264.185447879532
2025-06-11 04:00:00+00:00,10264.185447879532
2025-06-11 05:00:00+00:00,10264.185447879532
2025-06-11 06:00:00+00:00,10264.185447879532
2025-06-11 07:00:00+00:00,10264.185447879532
2025-06-11 08:00:00+00:00,10264.185447879532
2025-06-11 09:00:00+00:00,10264.185447879532
2025-06-11 10:00:00+00:00,10264.185447879532
2025-06-11 11:00:00+00:00,10264.185447879532
2025-06-11 12:00:00+00:00,10264.185447879532
2025-06-11 13:00:00+00:00,10264.185447879532
2025-06-11 14:00:00+00:00,10264.185447879532
2025-06-11 15:00:00+00:00,10264.185447879532
2025-06-11 16:00:00+00:00,10264.185447879532
2025-06-11 17:00:00+00:00,10264.185447879532
2025-06-11 18:00:00+00:00,10264.185447879532
2025-06-11 19:00:00+00:00,10264.185447879532
2025-06-11 20:00:00+00:00,10264.185447879532
2025-06-11 21:00:00+00:00,10264.185447879532
2025-06-11 22:00:00+00:00,10264.185447879532
2025-06-11 23:00:00+00:00,10264.185447879532
2025-06-12 00:00:00+00:00,10264.185447879532
2025-06-12 01:00:00+00:00,10264.185447879532
2025-06-12 02:00:00+00:00,10264.185447879532
2025-06-12 03:00:00+00:00,10264.185447879532
2025-06-12 04:00:00+00:00,10264.185447879532
2025-06-12 05:00:00+00:00,10264.185447879532
2025-06-12 06:00:00+00:00,10264.185447879532
2025-06-12 07:00:00+00:00,10264.185447879532
2025-06-12 08:00:00+00:00,10264.185447879532
2025-06-12 09:00:00+00:00,10264.185447879532
2025-06-12 10:00:00+00:00,10264.185447879532
2025-06-12 11:00:00+00:00,10264.185447879532
2025-06-12 12:00:00+00:00,10264.185447879532
2025-06-12 13:00:00+00:00,10264.185447879532
2025-06-12 14:00:00+00:00,10264.185447879532
2025-06-12 15:00:00+00:00,10264.185447879532
2025-06-12 16:00:00+00:00,10264.185447879532
2025-06-12 17:00:00+00:00,10264.185447879532
2025-06-12 18:00:00+00:00,10264.185447879532
2025-06-12 19:00:00+00:00,10264.185447879532
2025-06-12 20:00:00+00:00,10264.185447879532
2025-06-12 21:00:00+00:00,10264.185447879532
2025-06-12 22:00:00+00:00,10264.185447879532
2025-06-12 23:00:00+00:00,10264.185447879532
2025-06-13 00:00:00+00:00,10264.185447879532
2025-06-13 01:00:00+00:00,10264.185447879532
2025-06-13 02:00:00+00:00,10264.185447879532
2025-06-13 03:00:00+00:00,10264.185447879532
2025-06-13 04:00:00+00:00,10264.185447879532
2025-06-13 05:00:00+00:00,10264.185447879532
2025-06-13 06:00:00+00:00,10264.185447879532
2025-06-13 07:00:00+00:00,10264.185447879532
2025-06-13 08:00:00+00:00,10264.185447879532
2025-06-13 09:00:00+00:00,10264.185447879532
2025-06-13 10:00:00+00:00,10264.185447879532
2025-06-13 11:00:00+00:00,10264.185447879532
2025-06-13 12:00:00+00:00,10264.185447879532
2025-06-13 13:00:00+00:00,10264.185447879532
2025-06-13 14:00:00+00:00,10264.185447879532
2025-06-13 15:00:00+00:00,10264.185447879532
2025-06-13 16:00:00+00:00,10264.185447879532
2025-06-13 17:00:00+00:00,10264.185447879532
2025-06-13 18:00:00+00:00,10264.185447879532
2025-06-13 19:00:00+00:00,10264.185447879532
2025-06-13 20:00:00+00:00,10264.185447879532
2025-06-13 21:00:00+00:00,10264.185447879532
2025-06-13 22:00:00+00:00,10264.185447879532
2025-06-13 23:00:00+00:00,10264.185447879532
2025-06-14 00:00:00+00:00,10264.185447879532
2025-06-14 01:00:00+00:00,10264.185447879532
2025-06-14 02:00:00+00:00,10264.185447879532
2025-06-14 03:00:00+00:00,10264.185447879532
2025-06-14 04:00:00+00:00,10264.185447879532
2025-06-14 05:00:00+00:00,10264.185447879532
2025-06-14 06:00:00+00:00,10264.185447879532
2025-06-14 07:00:00+00:00,10264.185447879532
2025-06-14 08:00:00+00:00,10264.185447879532
2025-06-14 09:00:00+00:00,10264.185447879532
2025-06-14 10:00:00+00:00,10264.185447879532
2025-06-14 11:00:00+00:00,10264.185447879532
2025-06-14 12:00:00+00:00,10264.185447879532
2025-06-14 13:00:00+00:00,10264.185447879532
2025-06-14 14:00:00+00:00,10264.185447879532
2025-06-14 15:00:00+00:00,10264.185447879532
2025-06-14 16:00:00+00:00,10264.185447879532
2025-06-14 17:00:00+00:00,10264.185447879532
2025-06-14 18:00:00+00:00,10264.185447879532
2025-06-14 19:00:00+00:00,10264.185447879532
2025-06-14 20:00:00+00:00,10264.185447879532
2025-06-14 21:00:00+00:00,10264.185447879532
2025-06-14 22:00:00+00:00,10264.185447879532
2025-06-14 23:00:00+00:00,10264.185447879532
2025-06-15 00:00:00+00:00,10264.185447879532
2025-06-15 01:00:00+00:00,10264.185447879532
2025-06-15 02:00:00+00:00,10264.185447879532
2025-06-15 03:00:00+00:00,10264.185447879532
2025-06-15 04:00:00+00:00,10264.185447879532
2025-06-15 05:00:00+00:00,10264.185447879532
2025-06-15 06:00:00+00:00,10264.185447879532
2025-06-15 07:00:00+00:00,10264.185447879532
2025-06-15 08:00:00+00:00,10264.185447879532
2025-06-15 09:00:00+00:00,10264.185447879532
2025-06-15 10:00:00+00:00,10264.185447879532
2025-06-15 11:00:00+00:00,10264.185447879532
2025-06-15 12:00:00+00:00,10264.185447879532
2025-06-15 13:00:00+00:00,10264.185447879532
2025-06-15 14:00:00+00:00,10264.185447879532
2025-06-15 15:00:00+00:00,10264.185447879532
2025-06-15 16:00:00+00:00,10264.185447879532
2025-06-15 17:00:00+00:00,10264.185447879532
2025-06-15 18:00:00+00:00,10264.185447879532
2025-06-15 19:00:00+00:00,10264.185447879532
2025-06-15 20:00:00+00:00,10264.185447879532
2025-06-15 21:00:00+00:00,10264.185447879532
2025-06-15 22:00:00+00:00,10264.185447879532
2025-06-15 23:00:00+00:00,10264.185447879532
2025-06-16 00:00:00+00:00,10264.185447879532
2025-06-16 01:00:00+00:00,10264.185447879532
2025-06-16 02:00:00+00:00,10264.185447879532
2025-06-16 03:00:00+00:00,10264.185447879532
2025-06-16 04:00:00+00:00,10264.185447879532
2025-06-16 05:00:00+00:00,10264.185447879532
2025-06-16 06:00:00+00:00,10264.185447879532
2025-06-16 07:00:00+00:00,10264.185447879532
2025-06-16 08:00:00+00:00,10264.185447879532
2025-06-16 09:00:00+00:00,10264.185447879532
2025-06-16 10:00:00+00:00,10264.185447879532
2025-06-16 11:00:00+00:00,10264.185447879532
2025-06-16 12:00:00+00:00,10264.185447879532
2025-06-16 13:00:00+00:00,10264.185447879532
2025-06-16 14:00:00+00:00,10264.185447879532
2025-06-16 15:00:00+00:00,10264.185447879532
2025-06-16 16:00:00+00:00,10264.185447879532
2025-06-16 17:00:00+00:00,10264.185447879532
2025-06-16 18:00:00+00:00,10264.185447879532
2025-06-16 19:00:00+00:00,10264.185447879532
2025-06-16 20:00:00+00:00,10264.185447879532
2025-06-16 21:00:00+00:00,10264.185447879532
2025-06-16 22:00:00+00:00,10264.185447879532
2025-06-16 23:00:00+00:00,10264.185447879532
2025-06-17 00:00:00+00:00,10264.185447879532
2025-06-17 01:00:00+00:00,10264.185447879532
2025-06-17 02:00:00+00:00,10264.185447879532
2025-06-17 03:00:00+00:00,10264.185447879532
2025-06-17 04:00:00+00:00,10264.185447879532
2025-06-17 05:00:00+00:00,10264.185447879532
2025-06-17 06:00:00+00:00,10264.185447879532
2025-06-17 07:00:00+00:00,10264.185447879532
2025-06-17 08:00:00+00:00,10264.185447879532
2025-06-17 09:00:00+00:00,10264.185447879532
2025-06-17 10:00:00+00:00,10264.185447879532
2025-06-17 11:00:00+00:00,10264.185447879532
2025-06-17 12:00:00+00:00,10264.185447879532
2025-06-17 13:00:00+00:00,10264.185447879532
2025-06-17 14:00:00+00:00,10264.185447879532
2025-06-17 15:00:00+00:00,10264.185447879532
2025-06-17 16:00:00+00:00,10264.185447879532
2025-06-17 17:00:00+00:00,10264.185447879532
2025-06-17 18:00:00+00:00,10264.185447879532
2025-06-17 19:00:00+00:00,10264.185447879532
2025-06-17 20:00:00+00:00,10264.185447879532
2025-06-17 21:00:00+00:00,10264.185447879532
2025-06-17 22:00:00+00:00,10264.185447879532
2025-06-17 23:00:00+00:00,10264.185447879532
2025-06-18 00:00:00+00:00,10264.185447879532
2025-06-18 01:00:00+00:00,10264.185447879532
2025-06-18 02:00:00+00:00,10264.185447879532
2025-06-18 03:00:00+00:00,10264.185447879532
2025-06-18 04:00:00+00:00,10264.185447879532
2025-06-18 05:00:00+00:00,10264.185447879532
2025-06-18 06:00:00+00:00,10264.185447879532
2025-06-18 07:00:00+00:00,10264.185447879532
2025-06-18 08:00:00+00:00,10264.185447879532
2025-06-18 09:00:00+00:00,10264.185447879532
2025-06-18 10:00:00+00:00,10264.185447879532
2025-06-18 11:00:00+00:00,10264.185447879532
2025-06-18 12:00:00+00:00,10264.185447879532
2025-06-18 13:00:00+00:00,10264.185447879532
2025-06-18 14:00:00+00:00,10264.185447879532
2025-06-18 15:00:00+00:00,10264.185447879532
2025-06-18 16:00:00+00:00,10264.185447879532
2025-06-18 17:00:00+00:00,10264.185447879532
2025-06-18 18:00:00+00:00,10264.185447879532
2025-06-18 19:00:00+00:00,10264.185447879532
2025-06-18 20:00:00+00:00,10264.185447879532
2025-06-18 21:00:00+00:00,10264.185447879532
2025-06-18 22:00:00+00:00,10264.185447879532
2025-06-18 23:00:00+00:00,10264.185447879532
2025-06-19 00:00:00+00:00,10264.185447879532
2025-06-19 01:00:00+00:00,10264.185447879532
2025-06-19 02:00:00+00:00,10264.185447879532
2025-06-19 03:00:00+00:00,10264.185447879532
2025-06-19 04:00:00+00:00,10264.185447879532
2025-06-19 05:00:00+00:00,10264.185447879532
2025-06-19 06:00:00+00:00,10264.185447879532
2025-06-19 07:00:00+00:00,10264.185447879532
2025-06-19 08:00:00+00:00,10264.185447879532
2025-06-19 09:00:00+00:00,10264.185447879532
2025-06-19 10:00:00+00:00,10264.185447879532
2025-06-19 11:00:00+00:00,10264.185447879532
2025-06-19 12:00:00+00:00,10264.185447879532
2025-06-19 13:00:00+00:00,10264.185447879532
2025-06-19 14:00:00+00:00,10264.185447879532
2025-06-19 15:00:00+00:00,10264.185447879532
2025-06-19 16:00:00+00:00,10264.185447879532
2025-06-19 17:00:00+00:00,10264.185447879532
2025-06-19 18:00:00+00:00,10264.185447879532
2025-06-19 19:00:00+00:00,10264.185447879532
2025-06-19 20:00:00+00:00,10264.185447879532
2025-06-19 21:00:00+00:00,10264.185447879532
2025-06-19 22:00:00+00:00,10264.185447879532
2025-06-19 23:00:00+00:00,10264.185447879532
2025-06-20 00:00:00+00:00,10264.185447879532
2025-06-20 01:00:00+00:00,10264.185447879532
2025-06-20 02:00:00+00:00,10264.185447879532
2025-06-20 03:00:00+00:00,10264.185447879532
2025-06-20 04:00:00+00:00,10264.185447879532
2025-06-20 05:00:00+00:00,10264.185447879532
2025-06-20 06:00:00+00:00,10264.185447879532
2025-06-20 07:00:00+00:00,10264.185447879532
2025-06-20 08:00:00+00:00,10264.185447879532
2025-06-20 09:00:00+00:00,10264.185447879532
2025-06-20 10:00:00+00:00,10264.185447879532
2025-06-20 11:00:00+00:00,10264.185447879532
2025-06-20 12:00:00+00:00,10264.185447879532
2025-06-20 13:00:00+00:00,10264.185447879532
2025-06-20 14:00:00+00:00,10264.185447879532
2025-06-20 15:00:00+00:00,10264.185447879532
2025-06-20 16:00:00+00:00,10264.185447879532
2025-06-20 17:00:00+00:00,10264.185447879532
2025-06-20 18:00:00+00:00,10264.185447879532
2025-06-20 19:00:00+00:00,10263.872220803632
2025-06-20 20:00:00+00:00,10253.672220803634
2025-06-20 21:00:00+00:00,10224.317220803632
2025-06-20 22:00:00+00:00,10236.564720803633
2025-06-20 23:00:00+00:00,10268.649720803633
2025-06-21 00:00:00+00:00,10255.007220803633
2025-06-21 01:00:00+00:00,10259.005178108408
2025-06-21 02:00:00+00:00,10238.927678108406
2025-06-21 03:00:00+00:00,10240.112678108408
2025-06-21 04:00:00+00:00,10241.185178108408
2025-06-21 05:00:00+00:00,10248.317678108408
2025-06-21 06:00:00+00:00,10245.917678108408
2025-06-21 07:00:00+00:00,10234.825178108407
2025-06-21 08:00:00+00:00,10243.607678108407
2025-06-21 09:00:00+00:00,10216.375085302881
2025-06-21 10:00:00+00:00,10214.080085302881
2025-06-21 11:00:00+00:00,10214.89008530288
2025-06-21 12:00:00+00:00,10211.860085302882
2025-06-21 13:00:00+00:00,10217.47758530288
2025-06-21 14:00:00+00:00,10234.292585302883
2025-06-21 15:00:00+00:00,10235.875085302881
2025-06-21 16:00:00+00:00,10235.170085302881
2025-06-21 17:00:00+00:00,10241.275208488882
2025-06-21 18:00:00+00:00,10263.70020848888
2025-06-21 19:00:00+00:00,10302.94020848888
2025-06-21 20:00:00+00:00,10333.937708488882
2025-06-21 21:00:00+00:00,10295.162708488882
2025-06-21 22:00:00+00:00,10395.047708488883
2025-06-21 23:00:00+00:00,10369.570208488882
2025-06-22 00:00:00+00:00,10343.515208488881
2025-06-22 01:00:00+00:00,10309.548966546612
2025-06-22 02:00:00+00:00,10309.548966546612
2025-06-22 03:00:00+00:00,10309.548966546612
2025-06-22 04:00:00+00:00,10309.548966546612
2025-06-22 05:00:00+00:00,10309.548966546612
2025-06-22 06:00:00+00:00,10309.548966546612
2025-06-22 07:00:00+00:00,10309.548966546612
2025-06-22 08:00:00+00:00,10309.548966546612
2025-06-22 09:00:00+00:00,10309.548966546612
2025-06-22 10:00:00+00:00,10309.548966546612
2025-06-22 11:00:00+00:00,10309.548966546612
2025-06-22 12:00:00+00:00,10309.548966546612
2025-06-22 13:00:00+00:00,10309.548966546612
2025-06-22 14:00:00+00:00,10309.548966546612
2025-06-22 15:00:00+00:00,10309.548966546612
2025-06-22 16:00:00+00:00,10348.875187401129
2025-06-22 17:00:00+00:00,10302.905423925095
2025-06-22 18:00:00+00:00,10313.861023925094
2025-06-22 19:00:00+00:00,10316.490123925094
2025-06-22 20:00:00+00:00,10350.357323925095
2025-06-22 21:00:00+00:00,10309.877723925094
2025-06-22 22:00:00+00:00,10331.673023925094
2025-06-22 23:00:00+00:00,10246.719404077789
2025-06-23 00:00:00+00:00,10246.719404077789
2025-06-23 01:00:00+00:00,10246.719404077789
2025-06-23 02:00:00+00:00,10246.719404077789
2025-06-23 03:00:00+00:00,10246.719404077789
2025-06-23 04:00:00+00:00,10246.719404077789
2025-06-23 05:00:00+00:00,10246.719404077789
2025-06-23 06:00:00+00:00,10246.719404077789
2025-06-23 07:00:00+00:00,10246.719404077789
2025-06-23 08:00:00+00:00,10246.719404077789
2025-06-23 09:00:00+00:00,10246.719404077789
2025-06-23 10:00:00+00:00,10246.719404077789
2025-06-23 11:00:00+00:00,10246.719404077789
2025-06-23 12:00:00+00:00,10246.719404077789
2025-06-23 13:00:00+00:00,10246.719404077789
2025-06-23 14:00:00+00:00,10246.719404077789
2025-06-23 15:00:00+00:00,10246.719404077789
2025-06-23 16:00:00+00:00,10246.719404077789
2025-06-23 17:00:00+00:00,10246.719404077789
2025-06-23 18:00:00+00:00,10246.719404077789
2025-06-23 19:00:00+00:00,10246.719404077789
2025-06-23 20:00:00+00:00,10246.719404077789
2025-06-23 21:00:00+00:00,10246.719404077789
2025-06-23 22:00:00+00:00,10246.719404077789
2025-06-23 23:00:00+00:00,10246.719404077789
2025-06-24 00:00:00+00:00,10246.719404077789
2025-06-24 01:00:00+00:00,10246.719404077789
2025-06-24 02:00:00+00:00,10246.719404077789
2025-06-24 03:00:00+00:00,10246.719404077789
2025-06-24 04:00:00+00:00,10246.719404077789
2025-06-24 05:00:00+00:00,10246.719404077789
2025-06-24 06:00:00+00:00,10246.719404077789
2025-06-24 07:00:00+00:00,10246.719404077789
2025-06-24 08:00:00+00:00,10246.719404077789
2025-06-24 09:00:00+00:00,10246.719404077789
2025-06-24 10:00:00+00:00,10246.719404077789
2025-06-24 11:00:00+00:00,10246.719404077789
2025-06-24 12:00:00+00:00,10246.719404077789
2025-06-24 13:00:00+00:00,10246.719404077789
2025-06-24 14:00:00+00:00,10246.719404077789
2025-06-24 15:00:00+00:00,10246.719404077789
2025-06-24 16:00:00+00:00,10246.719404077789
2025-06-24 17:00:00+00:00,10246.719404077789
2025-06-24 18:00:00+00:00,10246.719404077789
2025-06-24 19:00:00+00:00,10246.719404077789
2025-06-24 20:00:00+00:00,10246.719404077789
2025-06-24 21:00:00+00:00,10246.719404077789
2025-06-24 22:00:00+00:00,10246.719404077789
2025-06-24 23:00:00+00:00,10246.719404077789
2025-06-25 00:00:00+00:00,10246.719404077789
2025-06-25 01:00:00+00:00,10246.719404077789
2025-06-25 02:00:00+00:00,10246.719404077789
2025-06-25 03:00:00+00:00,10246.719404077789
2025-06-25 04:00:00+00:00,10246.719404077789
2025-06-25 05:00:00+00:00,10246.719404077789
2025-06-25 06:00:00+00:00,10246.719404077789
2025-06-25 07:00:00+00:00,10246.719404077789
2025-06-25 08:00:00+00:00,10246.719404077789
2025-06-25 09:00:00+00:00,10246.719404077789
2025-06-25 10:00:00+00:00,10246.719404077789
2025-06-25 11:00:00+00:00,10246.719404077789
2025-06-25 12:00:00+00:00,10244.166793978817
2025-06-25 13:00:00+00:00,10247.869193978815
2025-06-25 14:00:00+00:00,10309.483893978815
2025-06-25 15:00:00+00:00,10281.813793978816
2025-06-25 16:00:00+00:00,10203.54790450299
2025-06-25 17:00:00+00:00,10203.54790450299
2025-06-25 18:00:00+00:00,10203.54790450299
2025-06-25 19:00:00+00:00,10203.54790450299
2025-06-25 20:00:00+00:00,10203.54790450299
2025-06-25 21:00:00+00:00,10203.54790450299
2025-06-25 22:00:00+00:00,10203.54790450299
2025-06-25 23:00:00+00:00,10203.54790450299
2025-06-26 00:00:00+00:00,10203.54790450299
2025-06-26 01:00:00+00:00,10203.54790450299
2025-06-26 02:00:00+00:00,10203.54790450299
2025-06-26 03:00:00+00:00,10203.54790450299
2025-06-26 04:00:00+00:00,10203.54790450299
2025-06-26 05:00:00+00:00,10203.54790450299
2025-06-26 06:00:00+00:00,10203.54790450299
2025-06-26 07:00:00+00:00,10203.54790450299
2025-06-26 08:00:00+00:00,10203.54790450299
2025-06-26 09:00:00+00:00,10203.54790450299
2025-06-26 10:00:00+00:00,10203.54790450299
2025-06-26 11:00:00+00:00,10203.54790450299
2025-06-26 12:00:00+00:00,10203.54790450299
2025-06-26 13:00:00+00:00,10203.54790450299
2025-06-26 14:00:00+00:00,10203.54790450299
2025-06-26 15:00:00+00:00,10203.54790450299
2025-06-26 16:00:00+00:00,10203.54790450299
2025-06-26 17:00:00+00:00,10203.54790450299
2025-06-26 18:00:00+00:00,10203.54790450299
2025-06-26 19:00:00+00:00,10203.54790450299
2025-06-26 20:00:00+00:00,10203.54790450299
2025-06-26 21:00:00+00:00,10203.54790450299
2025-06-26 22:00:00+00:00,10203.54790450299
2025-06-26 23:00:00+00:00,10203.54790450299
2025-06-27 00:00:00+00:00,10203.54790450299
2025-06-27 01:00:00+00:00,10203.54790450299
2025-06-27 02:00:00+00:00,10203.54790450299
2025-06-27 03:00:00+00:00,10203.54790450299
2025-06-27 04:00:00+00:00,10203.54790450299
2025-06-27 05:00:00+00:00,10203.54790450299
2025-06-27 06:00:00+00:00,10203.54790450299
2025-06-27 07:00:00+00:00,10203.54790450299
2025-06-27 08:00:00+00:00,10203.54790450299
2025-06-27 09:00:00+00:00,10203.54790450299
2025-06-27 10:00:00+00:00,10203.54790450299
2025-06-27 11:00:00+00:00,10203.54790450299
2025-06-27 12:00:00+00:00,10203.54790450299
2025-06-27 13:00:00+00:00,10203.54790450299
2025-06-27 14:00:00+00:00,10203.54790450299
2025-06-27 15:00:00+00:00,10203.54790450299
2025-06-27 16:00:00+00:00,10203.54790450299
2025-06-27 17:00:00+00:00,10203.54790450299
2025-06-27 18:00:00+00:00,10203.54790450299
2025-06-27 19:00:00+00:00,10203.54790450299
2025-06-27 20:00:00+00:00,10203.54790450299
2025-06-27 21:00:00+00:00,10203.54790450299
2025-06-27 22:00:00+00:00,10203.54790450299
2025-06-27 23:00:00+00:00,10203.54790450299
2025-06-28 00:00:00+00:00,10203.54790450299
2025-06-28 01:00:00+00:00,10203.54790450299
2025-06-28 02:00:00+00:00,10203.54790450299
2025-06-28 03:00:00+00:00,10203.54790450299
2025-06-28 04:00:00+00:00,10203.54790450299
2025-06-28 05:00:00+00:00,10203.54790450299
2025-06-28 06:00:00+00:00,10203.54790450299
2025-06-28 07:00:00+00:00,10203.54790450299
2025-06-28 08:00:00+00:00,10203.54790450299
2025-06-28 09:00:00+00:00,10203.54790450299
2025-06-28 10:00:00+00:00,10203.54790450299
2025-06-28 11:00:00+00:00,10203.54790450299
2025-06-28 12:00:00+00:00,10203.54790450299
2025-06-28 13:00:00+00:00,10203.54790450299
2025-06-28 14:00:00+00:00,10203.54790450299
2025-06-28 15:00:00+00:00,10203.54790450299
2025-06-28 16:00:00+00:00,10203.54790450299
2025-06-28 17:00:00+00:00,10203.54790450299
2025-06-28 18:00:00+00:00,10203.54790450299
2025-06-28 19:00:00+00:00,10203.54790450299
2025-06-28 20:00:00+00:00,10203.54790450299
2025-06-28 21:00:00+00:00,10203.54790450299
2025-06-28 22:00:00+00:00,10203.54790450299
2025-06-28 23:00:00+00:00,10203.54790450299
2025-06-29 00:00:00+00:00,10203.54790450299
2025-06-29 01:00:00+00:00,10203.54790450299
2025-06-29 02:00:00+00:00,10203.54790450299
2025-06-29 03:00:00+00:00,10203.54790450299
2025-06-29 04:00:00+00:00,10203.54790450299
2025-06-29 05:00:00+00:00,10203.54790450299
2025-06-29 06:00:00+00:00,10203.54790450299
2025-06-29 07:00:00+00:00,10203.54790450299
2025-06-29 08:00:00+00:00,10203.54790450299
2025-06-29 09:00:00+00:00,10203.54790450299
2025-06-29 10:00:00+00:00,10203.54790450299
2025-06-29 11:00:00+00:00,10203.54790450299
2025-06-29 12:00:00+00:00,10203.54790450299
2025-06-29 13:00:00+00:00,10166.481543377755
2025-06-29 14:00:00+00:00,10153.453143377756
2025-06-29 15:00:00+00:00,10142.257743377755
2025-06-29 16:00:00+00:00,10109.00201042477
2025-06-29 17:00:00+00:00,10109.00201042477
2025-06-29 18:00:00+00:00,10109.00201042477
2025-06-29 19:00:00+00:00,10109.00201042477
2025-06-29 20:00:00+00:00,10109.00201042477
2025-06-29 21:00:00+00:00,10109.00201042477
2025-06-29 22:00:00+00:00,10109.00201042477
2025-06-29 23:00:00+00:00,10109.00201042477
2025-06-30 00:00:00+00:00,10109.00201042477
2025-06-30 01:00:00+00:00,10109.00201042477
2025-06-30 02:00:00+00:00,10080.337680642626
2025-06-30 03:00:00+00:00,10079.035680642626
2025-06-30 04:00:00+00:00,10081.407180642625
2025-06-30 05:00:00+00:00,10063.495380642626
2025-06-30 06:00:00+00:00,10059.663780642624
2025-06-30 07:00:00+00:00,10010.619196324777
2025-06-30 08:00:00+00:00,10010.619196324777
2025-06-30 09:00:00+00:00,10010.619196324777
2025-06-30 10:00:00+00:00,10010.619196324777
2025-06-30 11:00:00+00:00,10010.619196324777
2025-06-30 12:00:00+00:00,10010.619196324777
2025-06-30 13:00:00+00:00,10010.619196324777
2025-06-30 14:00:00+00:00,10010.619196324777
2025-06-30 15:00:00+00:00,10010.619196324777
2025-06-30 16:00:00+00:00,10010.619196324777
2025-06-30 17:00:00+00:00,10010.619196324777
2025-06-30 18:00:00+00:00,10010.619196324777
2025-06-30 19:00:00+00:00,10010.619196324777
2025-06-30 20:00:00+00:00,10010.619196324777
2025-06-30 21:00:00+00:00,10010.619196324777
2025-06-30 22:00:00+00:00,10010.619196324777
2025-06-30 23:00:00+00:00,10010.619196324777
2025-07-01 00:00:00+00:00,10010.619196324777
2025-07-01 01:00:00+00:00,10010.619196324777
2025-07-01 02:00:00+00:00,10010.619196324777
2025-07-01 03:00:00+00:00,10010.619196324777
2025-07-01 04:00:00+00:00,10010.619196324777
2025-07-01 05:00:00+00:00,10010.619196324777
2025-07-01 06:00:00+00:00,10010.619196324777
2025-07-01 07:00:00+00:00,10010.619196324777
2025-07-01 08:00:00+00:00,10010.619196324777
2025-07-01 09:00:00+00:00,10010.619196324777
2025-07-01 10:00:00+00:00,10010.619196324777
2025-07-01 11:00:00+00:00,10010.619196324777
2025-07-01 12:00:00+00:00,10010.619196324777
2025-07-01 13:00:00+00:00,10010.619196324777
2025-07-01 14:00:00+00:00,10010.619196324777
2025-07-01 15:00:00+00:00,10010.619196324777
2025-07-01 16:00:00+00:00,10010.619196324777
2025-07-01 17:00:00+00:00,10010.619196324777
2025-07-01 18:00:00+00:00,10010.619196324777
2025-07-01 19:00:00+00:00,10010.619196324777
2025-07-01 20:00:00+00:00,10010.619196324777
2025-07-01 21:00:00+00:00,10010.619196324777
2025-07-01 22:00:00+00:00,10010.619196324777
2025-07-01 23:00:00+00:00,10010.619196324777
2025-07-02 00:00:00+00:00,10010.619196324777
2025-07-02 01:00:00+00:00,10010.619196324777
2025-07-02 02:00:00+00:00,10010.619196324777
2025-07-02 03:00:00+00:00,10010.619196324777
2025-07-02 04:00:00+00:00,10010.619196324777
2025-07-02 05:00:00+00:00,10010.619196324777
2025-07-02 06:00:00+00:00,10010.619196324777
2025-07-02 07:00:00+00:00,10010.619196324777
2025-07-02 08:00:00+00:00,10010.619196324777
2025-07-02 09:00:00+00:00,10010.619196324777
2025-07-02 10:00:00+00:00,10010.619196324777
2025-07-02 11:00:00+00:00,10010.619196324777
2025-07-02 12:00:00+00:00,10010.619196324777
2025-07-02 13:00:00+00:00,10010.619196324777
2025-07-02 14:00:00+00:00,10010.619196324777
2025-07-02 15:00:00+00:00,10010.619196324777
2025-07-02 16:00:00+00:00,10010.619196324777
2025-07-02 17:00:00+00:00,10010.619196324777
2025-07-02 18:00:00+00:00,9976.171697579375
2025-07-02 19:00:00+00:00,10012.639697579376
2025-07-02 20:00:00+00:00,10024.699697579375
2025-07-02 21:00:00+00:00,9977.062697579377
2025-07-02 22:00:00+00:00,10004.944697579376
2025-07-02 23:00:00+00:00,9977.332697579377
2025-07-03 00:00:00+00:00,9950.728697579376
2025-07-03 01:00:00+00:00,9957.892729259376
2025-07-03 02:00:00+00:00,9962.410729259378
2025-07-03 03:00:00+00:00,9919.614875265916
2025-07-03 04:00:00+00:00,9919.614875265916
2025-07-03 05:00:00+00:00,9919.614875265916
2025-07-03 06:00:00+00:00,9919.614875265916
2025-07-03 07:00:00+00:00,9919.614875265916
2025-07-03 08:00:00+00:00,9919.614875265916
2025-07-03 09:00:00+00:00,9919.614875265916
2025-07-03 10:00:00+00:00,9919.614875265916
2025-07-03 11:00:00+00:00,9901.720632373395
2025-07-03 12:00:00+00:00,9879.787632373394
2025-07-03 13:00:00+00:00,9807.941437893596
2025-07-03 14:00:00+00:00,9807.941437893596
2025-07-03 15:00:00+00:00,9807.941437893596
2025-07-03 16:00:00+00:00,9807.941437893596
2025-07-03 17:00:00+00:00,9807.941437893596
2025-07-03 18:00:00+00:00,9807.941437893596
2025-07-03 19:00:00+00:00,9807.941437893596
2025-07-03 20:00:00+00:00,9807.941437893596
2025-07-03 21:00:00+00:00,9807.941437893596
2025-07-03 22:00:00+00:00,9807.941437893596
2025-07-03 23:00:00+00:00,9807.941437893596
2025-07-04 00:00:00+00:00,9807.941437893596
2025-07-04 01:00:00+00:00,9807.941437893596
2025-07-04 02:00:00+00:00,9807.941437893596
2025-07-04 03:00:00+00:00,9807.941437893596
2025-07-04 04:00:00+00:00,9807.941437893596
2025-07-04 05:00:00+00:00,9807.941437893596
2025-07-04 06:00:00+00:00,9807.941437893596
2025-07-04 07:00:00+00:00,9807.941437893596
2025-07-04 08:00:00+00:00,9807.941437893596
2025-07-04 09:00:00+00:00,9807.941437893596
2025-07-04 10:00:00+00:00,9807.941437893596
2025-07-04 11:00:00+00:00,9807.941437893596
2025-07-04 12:00:00+00:00,9807.941437893596
2025-07-04 13:00:00+00:00,9807.941437893596
2025-07-04 14:00:00+00:00,9807.941437893596
2025-07-04 15:00:00+00:00,9807.941437893596
2025-07-04 16:00:00+00:00,9807.941437893596
2025-07-04 17:00:00+00:00,9807.941437893596
2025-07-04 18:00:00+00:00,9807.941437893596
2025-07-04 19:00:00+00:00,9807.941437893596
2025-07-04 20:00:00+00:00,9807.941437893596
2025-07-04 21:00:00+00:00,9807.941437893596
2025-07-04 22:00:00+00:00,9807.941437893596
2025-07-04 23:00:00+00:00,9807.941437893596
2025-07-05 00:00:00+00:00,9807.941437893596
2025-07-05 01:00:00+00:00,9807.941437893596
2025-07-05 02:00:00+00:00,9807.941437893596
2025-07-05 03:00:00+00:00,9807.941437893596
2025-07-05 04:00:00+00:00,9807.941437893596
2025-07-05 05:00:00+00:00,9807.941437893596
2025-07-05 06:00:00+00:00,9807.941437893596
2025-07-05 07:00:00+00:00,9807.941437893596
2025-07-05 08:00:00+00:00,9807.941437893596
2025-07-05 09:00:00+00:00,9807.941437893596
2025-07-05 10:00:00+00:00,9807.941437893596
2025-07-05 11:00:00+00:00,9807.941437893596
2025-07-05 12:00:00+00:00,9807.941437893596
2025-07-05 13:00:00+00:00,9807.941437893596
2025-07-05 14:00:00+00:00,9807.941437893596
2025-07-05 15:00:00+00:00,9807.941437893596
2025-07-05 16:00:00+00:00,9807.941437893596
2025-07-05 17:00:00+00:00,9807.941437893596
2025-07-05 18:00:00+00:00,9807.941437893596
2025-07-05 19:00:00+00:00,9807.941437893596
2025-07-05 20:00:00+00:00,9807.941437893596
2025-07-05 21:00:00+00:00,9807.941437893596
2025-07-05 22:00:00+00:00,9807.941437893596
2025-07-05 23:00:00+00:00,9807.941437893596
2025-07-06 00:00:00+00:00,9807.941437893596
2025-07-06 01:00:00+00:00,9807.941437893596
2025-07-06 02:00:00+00:00,9807.941437893596
2025-07-06 03:00:00+00:00,9807.941437893596
2025-07-06 04:00:00+00:00,9807.941437893596
2025-07-06 05:00:00+00:00,9807.941437893596
2025-07-06 06:00:00+00:00,9807.941437893596
2025-07-06 07:00:00+00:00,9807.941437893596
2025-07-06 08:00:00+00:00,9807.941437893596
2025-07-06 09:00:00+00:00,9807.941437893596
2025-07-06 10:00:00+00:00,9807.941437893596
2025-07-06 11:00:00+00:00,9807.941437893596
2025-07-06 12:00:00+00:00,9807.941437893596
2025-07-06 13:00:00+00:00,9807.941437893596
2025-07-06 14:00:00+00:00,9807.941437893596
2025-07-06 15:00:00+00:00,9807.941437893596
2025-07-06 16:00:00+00:00,9807.941437893596
2025-07-06 17:00:00+00:00,9807.941437893596
2025-07-06 18:00:00+00:00,9807.941437893596
2025-07-06 19:00:00+00:00,9807.941437893596
2025-07-06 20:00:00+00:00,9807.941437893596
2025-07-06 21:00:00+00:00,9807.941437893596
2025-07-06 22:00:00+00:00,9807.941437893596
2025-07-06 23:00:00+00:00,9807.941437893596
2025-07-07 00:00:00+00:00,9807.941437893596
2025-07-07 01:00:00+00:00,9807.941437893596
2025-07-07 02:00:00+00:00,9807.941437893596
2025-07-07 03:00:00+00:00,9807.941437893596
2025-07-07 04:00:00+00:00,9807.941437893596
2025-07-07 05:00:00+00:00,9807.941437893596
2025-07-07 06:00:00+00:00,9807.941437893596
2025-07-07 07:00:00+00:00,9807.941437893596
2025-07-07 08:00:00+00:00,9807.941437893596
2025-07-07 09:00:00+00:00,9807.941437893596
2025-07-07 10:00:00+00:00,9807.941437893596
2025-07-07 11:00:00+00:00,9807.941437893596
2025-07-07 12:00:00+00:00,9807.941437893596
2025-07-07 13:00:00+00:00,9807.941437893596
2025-07-07 14:00:00+00:00,9807.941437893596
2025-07-07 15:00:00+00:00,9807.941437893596
2025-07-07 16:00:00+00:00,9807.941437893596
2025-07-07 17:00:00+00:00,9807.941437893596
2025-07-07 18:00:00+00:00,9807.941437893596
2025-07-07 19:00:00+00:00,9807.941437893596
2025-07-07 20:00:00+00:00,9807.941437893596
2025-07-07 21:00:00+00:00,9807.941437893596
2025-07-07 22:00:00+00:00,9807.941437893596
2025-07-07 23:00:00+00:00,9807.941437893596
2025-07-08 00:00:00+00:00,9807.941437893596
2025-07-08 01:00:00+00:00,9807.941437893596
2025-07-08 02:00:00+00:00,9807.941437893596
2025-07-08 03:00:00+00:00,9807.941437893596
2025-07-08 04:00:00+00:00,9807.941437893596
2025-07-08 05:00:00+00:00,9807.941437893596
2025-07-08 06:00:00+00:00,9807.941437893596
2025-07-08 07:00:00+00:00,9807.941437893596
2025-07-08 08:00:00+00:00,9807.941437893596
2025-07-08 09:00:00+00:00,9807.941437893596
2025-07-08 10:00:00+00:00,9807.941437893596
2025-07-08 11:00:00+00:00,9807.941437893596
2025-07-08 12:00:00+00:00,9807.941437893596
2025-07-08 13:00:00+00:00,9807.941437893596
2025-07-08 14:00:00+00:00,9807.941437893596
2025-07-08 15:00:00+00:00,9807.941437893596
2025-07-08 16:00:00+00:00,9807.941437893596
2025-07-08 17:00:00+00:00,9807.941437893596
2025-07-08 18:00:00+00:00,9807.941437893596
2025-07-08 19:00:00+00:00,9807.941437893596
2025-07-08 20:00:00+00:00,9807.941437893596
2025-07-08 21:00:00+00:00,9807.941437893596
2025-07-08 22:00:00+00:00,9807.941437893596
2025-07-08 23:00:00+00:00,9807.941437893596
2025-07-09 00:00:00+00:00,9807.941437893596
2025-07-09 01:00:00+00:00,9807.941437893596
2025-07-09 02:00:00+00:00,9807.941437893596
2025-07-09 03:00:00+00:00,9807.941437893596
2025-07-09 04:00:00+00:00,9807.941437893596
2025-07-09 05:00:00+00:00,9807.941437893596
2025-07-09 06:00:00+00:00,9807.941437893596
2025-07-09 07:00:00+00:00,9807.941437893596
2025-07-09 08:00:00+00:00,9807.941437893596
2025-07-09 09:00:00+00:00,9807.941437893596
2025-07-09 10:00:00+00:00,9807.941437893596
2025-07-09 11:00:00+00:00,9807.941437893596
2025-07-09 12:00:00+00:00,9807.941437893596
2025-07-09 13:00:00+00:00,9807.941437893596
2025-07-09 14:00:00+00:00,9807.941437893596
2025-07-09 15:00:00+00:00,9807.941437893596
2025-07-09 16:00:00+00:00,9807.941437893596
2025-07-09 17:00:00+00:00,9807.941437893596
2025-07-09 18:00:00+00:00,9807.941437893596
2025-07-09 19:00:00+00:00,9807.941437893596
2025-07-09 20:00:00+00:00,9807.941437893596
2025-07-09 21:00:00+00:00,9715.312508513493
2025-07-09 22:00:00+00:00,9724.222508513492
2025-07-09 23:00:00+00:00,9768.132608513492
2025-07-10 00:00:00+00:00,9757.764608513491
2025-07-10 01:00:00+00:00,9730.028590133492
2025-07-10 02:00:00+00:00,9752.684290133491
2025-07-10 03:00:00+00:00,9755.12239013349
2025-07-10 04:00:00+00:00,9742.956190133491
2025-07-10 05:00:00+00:00,9749.330890133491
2025-07-10 06:00:00+00:00,9745.402390133491
2025-07-10 07:00:00+00:00,9755.63269013349
2025-07-10 08:00:00+00:00,9755.746090133493
2025-07-10 09:00:00+00:00,9754.905601747585
2025-07-10 10:00:00+00:00,9739.726201747586
2025-07-10 11:00:00+00:00,9742.885201747586
2025-07-10 12:00:00+00:00,9737.652601747584
2025-07-10 13:00:00+00:00,9724.433401747585
2025-07-10 14:00:00+00:00,9719.654401747584
2025-07-10 15:00:00+00:00,9755.699401747584
2025-07-10 16:00:00+00:00,9768.254401747585
2025-07-10 17:00:00+00:00,9869.032612549585
2025-07-10 18:00:00+00:00,9956.990512549584
2025-07-10 19:00:00+00:00,9932.617612549586
2025-07-10 20:00:00+00:00,9921.666412549584
2025-07-10 21:00:00+00:00,9936.238312549585
2025-07-10 22:00:00+00:00,10064.976975078545
2025-07-10 23:00:00+00:00,10031.294373341365
2025-07-11 00:00:00+00:00,10031.039173341365
2025-07-11 01:00:00+00:00,10005.177093981365
2025-07-11 02:00:00+00:00,10027.785493981366
2025-07-11 03:00:00+00:00,10067.225493981367
2025-07-11 04:00:00+00:00,10080.263893981366
2025-07-11 05:00:00+00:00,10081.371693981366
2025-07-11 06:00:00+00:00,10137.121293981367
2025-07-11 07:00:00+00:00,10125.927293981367
2025-07-11 08:00:00+00:00,10119.889493981365
2025-07-11 09:00:00+00:00,10143.991262321366
2025-07-11 10:00:00+00:00,10173.136262321366
2025-07-11 11:00:00+00:00,10144.617662321367
2025-07-11 12:00:00+00:00,10134.717062321366
2025-07-11 13:00:00+00:00,10137.506862321366
2025-07-11 14:00:00+00:00,10144.983062321367
2025-07-11 15:00:00+00:00,10138.069462321366
2025-07-11 16:00:00+00:00,10073.609955859589
2025-07-11 17:00:00+00:00,10073.609955859589
2025-07-11 18:00:00+00:00,10073.609955859589
2025-07-11 19:00:00+00:00,10073.609955859589
2025-07-11 20:00:00+00:00,10073.609955859589
2025-07-11 21:00:00+00:00,10073.609955859589
2025-07-11 22:00:00+00:00,10073.609955859589
2025-07-11 23:00:00+00:00,10073.609955859589
2025-07-12 00:00:00+00:00,10073.609955859589
2025-07-12 01:00:00+00:00,10073.609955859589
2025-07-12 02:00:00+00:00,10073.609955859589
2025-07-12 03:00:00+00:00,10073.609955859589
2025-07-12 04:00:00+00:00,10073.609955859589
2025-07-12 05:00:00+00:00,10073.609955859589
2025-07-12 06:00:00+00:00,10073.609955859589
2025-07-12 07:00:00+00:00,10073.609955859589
2025-07-12 08:00:00+00:00,10073.609955859589
2025-07-12 09:00:00+00:00,10073.609955859589
2025-07-12 10:00:00+00:00,10073.609955859589
2025-07-12 11:00:00+00:00,10073.609955859589
2025-07-12 12:00:00+00:00,10073.609955859589
2025-07-12 13:00:00+00:00,10073.609955859589
2025-07-12 14:00:00+00:00,10073.609955859589
2025-07-12 15:00:00+00:00,10073.609955859589
2025-07-12 16:00:00+00:00,10073.609955859589
2025-07-12 17:00:00+00:00,10073.609955859589
2025-07-12 18:00:00+00:00,10073.609955859589
2025-07-12 19:00:00+00:00,10073.609955859589
2025-07-12 20:00:00+00:00,10073.609955859589
2025-07-12 21:00:00+00:00,10073.609955859589
2025-07-12 22:00:00+00:00,10073.609955859589
2025-07-12 23:00:00+00:00,10073.609955859589
2025-07-13 00:00:00+00:00,10073.609955859589
2025-07-13 01:00:00+00:00,10073.609955859589
2025-07-13 02:00:00+00:00,10073.609955859589
2025-07-13 03:00:00+00:00,10073.609955859589
2025-07-13 04:00:00+00:00,10073.609955859589
2025-07-13 05:00:00+00:00,10073.609955859589
2025-07-13 06:00:00+00:00,10073.609955859589
2025-07-13 07:00:00+00:00,10073.609955859589
2025-07-13 08:00:00+00:00,10073.609955859589
2025-07-13 09:00:00+00:00,10073.609955859589
2025-07-13 10:00:00+00:00,10073.609955859589
2025-07-13 11:00:00+00:00,10073.609955859589
2025-07-13 12:00:00+00:00,10073.609955859589
2025-07-13 13:00:00+00:00,10073.609955859589
2025-07-13 14:00:00+00:00,10073.609955859589
2025-07-13 15:00:00+00:00,10073.609955859589
2025-07-13 16:00:00+00:00,10073.609955859589
2025-07-13 17:00:00+00:00,10073.609955859589
2025-07-13 18:00:00+00:00,10073.609955859589
2025-07-13 19:00:00+00:00,10073.609955859589
2025-07-13 20:00:00+00:00,10073.609955859589
2025-07-13 21:00:00+00:00,10073.609955859589
2025-07-13 22:00:00+00:00,10073.609955859589
2025-07-13 23:00:00+00:00,10073.609955859589
2025-07-14 00:00:00+00:00,10073.609955859589
2025-07-14 01:00:00+00:00,10073.609955859589
2025-07-14 02:00:00+00:00,10073.609955859589
2025-07-14 03:00:00+00:00,10073.609955859589
2025-07-14 04:00:00+00:00,10073.609955859589
2025-07-14 05:00:00+00:00,10110.57824302127
2025-07-14 06:00:00+00:00,10185.996243021269
2025-07-14 07:00:00+00:00,10163.35824302127
2025-07-14 08:00:00+00:00,10205.84824302127
2025-07-14 09:00:00+00:00,10193.02612602127
2025-07-14 10:00:00+00:00,10152.412126021269
2025-07-14 11:00:00+00:00,10147.64512602127
2025-07-14 12:00:00+00:00,10117.03412602127
2025-07-14 13:00:00+00:00,10146.413126021269
2025-07-14 14:00:00+00:00,10089.49565380342
2025-07-14 15:00:00+00:00,10089.49565380342
2025-07-14 16:00:00+00:00,10089.49565380342
2025-07-14 17:00:00+00:00,10089.49565380342
2025-07-14 18:00:00+00:00,10089.49565380342
2025-07-14 19:00:00+00:00,10089.49565380342
2025-07-14 20:00:00+00:00,10089.49565380342
2025-07-14 21:00:00+00:00,10089.49565380342
2025-07-14 22:00:00+00:00,10089.49565380342
2025-07-14 23:00:00+00:00,10089.49565380342
2025-07-15 00:00:00+00:00,10089.49565380342
2025-07-15 01:00:00+00:00,10089.49565380342
2025-07-15 02:00:00+00:00,10089.49565380342
2025-07-15 03:00:00+00:00,10089.49565380342
2025-07-15 04:00:00+00:00,10089.49565380342
2025-07-15 05:00:00+00:00,10089.49565380342
2025-07-15 06:00:00+00:00,10089.49565380342
2025-07-15 07:00:00+00:00,10089.49565380342
2025-07-15 08:00:00+00:00,10089.49565380342
2025-07-15 09:00:00+00:00,10089.49565380342
2025-07-15 10:00:00+00:00,10089.49565380342
2025-07-15 11:00:00+00:00,10089.49565380342
2025-07-15 12:00:00+00:00,10089.49565380342
2025-07-15 13:00:00+00:00,10089.49565380342
2025-07-15 14:00:00+00:00,10089.49565380342
2025-07-15 15:00:00+00:00,10089.49565380342
2025-07-15 16:00:00+00:00,10089.49565380342
2025-07-15 17:00:00+00:00,10089.49565380342
2025-07-15 18:00:00+00:00,10089.49565380342
2025-07-15 19:00:00+00:00,10089.49565380342
2025-07-15 20:00:00+00:00,10089.49565380342
2025-07-15 21:00:00+00:00,10089.49565380342
2025-07-15 22:00:00+00:00,10089.49565380342
2025-07-15 23:00:00+00:00,10089.49565380342
2025-07-16 00:00:00+00:00,10089.49565380342
2025-07-16 01:00:00+00:00,10089.49565380342
2025-07-16 02:00:00+00:00,10089.49565380342
2025-07-16 03:00:00+00:00,10089.49565380342
2025-07-16 04:00:00+00:00,10089.49565380342
2025-07-16 05:00:00+00:00,10089.49565380342
2025-07-16 06:00:00+00:00,10089.49565380342
2025-07-16 07:00:00+00:00,10089.49565380342
2025-07-16 08:00:00+00:00,10089.49565380342
2025-07-16 09:00:00+00:00,10089.49565380342
2025-07-16 10:00:00+00:00,10089.49565380342
2025-07-16 11:00:00+00:00,10089.49565380342
2025-07-16 12:00:00+00:00,10089.49565380342
2025-07-16 13:00:00+00:00,10089.49565380342
2025-07-16 14:00:00+00:00,10089.49565380342
2025-07-16 15:00:00+00:00,10089.49565380342
2025-07-16 16:00:00+00:00,10089.49565380342
2025-07-16 17:00:00+00:00,10089.49565380342
2025-07-16 18:00:00+00:00,10089.49565380342
2025-07-16 19:00:00+00:00,10089.49565380342
2025-07-16 20:00:00+00:00,10089.49565380342
2025-07-16 21:00:00+00:00,10089.49565380342
2025-07-16 22:00:00+00:00,10089.49565380342
2025-07-16 23:00:00+00:00,10089.49565380342
2025-07-17 00:00:00+00:00,10089.49565380342
2025-07-17 01:00:00+00:00,10089.49565380342
2025-07-17 02:00:00+00:00,10089.49565380342
2025-07-17 03:00:00+00:00,10089.49565380342
2025-07-17 04:00:00+00:00,10089.49565380342
2025-07-17 05:00:00+00:00,10089.49565380342
2025-07-17 06:00:00+00:00,10089.49565380342
2025-07-17 07:00:00+00:00,10089.49565380342
2025-07-17 08:00:00+00:00,10089.49565380342
2025-07-17 09:00:00+00:00,10089.49565380342
2025-07-17 10:00:00+00:00,10089.49565380342
2025-07-17 11:00:00+00:00,10089.49565380342
2025-07-17 12:00:00+00:00,10089.49565380342
2025-07-17 13:00:00+00:00,10089.49565380342
2025-07-17 14:00:00+00:00,10089.49565380342
2025-07-17 15:00:00+00:00,10089.49565380342
2025-07-17 16:00:00+00:00,10089.49565380342
2025-07-17 17:00:00+00:00,10089.49565380342
2025-07-17 18:00:00+00:00,10089.49565380342
2025-07-17 19:00:00+00:00,10089.49565380342
2025-07-17 20:00:00+00:00,10089.49565380342
2025-07-17 21:00:00+00:00,10089.49565380342
2025-07-17 22:00:00+00:00,10089.49565380342
2025-07-17 23:00:00+00:00,10089.49565380342
2025-07-18 00:00:00+00:00,10089.49565380342
2025-07-18 01:00:00+00:00,10089.49565380342
2025-07-18 02:00:00+00:00,10089.49565380342
2025-07-18 03:00:00+00:00,10089.49565380342
2025-07-18 04:00:00+00:00,10089.49565380342
2025-07-18 05:00:00+00:00,10089.49565380342
2025-07-18 06:00:00+00:00,10089.49565380342
2025-07-18 07:00:00+00:00,10089.49565380342
2025-07-18 08:00:00+00:00,10089.49565380342
2025-07-18 09:00:00+00:00,10089.49565380342
2025-07-18 10:00:00+00:00,10089.49565380342
2025-07-18 11:00:00+00:00,10089.49565380342
2025-07-18 12:00:00+00:00,10089.49565380342
2025-07-18 13:00:00+00:00,10089.49565380342
2025-07-18 14:00:00+00:00,10089.49565380342
2025-07-18 15:00:00+00:00,10089.49565380342
2025-07-18 16:00:00+00:00,10089.49565380342
2025-07-18 17:00:00+00:00,10089.49565380342
2025-07-18 18:00:00+00:00,10089.49565380342
2025-07-18 19:00:00+00:00,10089.49565380342
2025-07-18 20:00:00+00:00,10089.49565380342
2025-07-18 21:00:00+00:00,10089.49565380342
2025-07-18 22:00:00+00:00,10089.49565380342
2025-07-18 23:00:00+00:00,10089.49565380342
2025-07-19 00:00:00+00:00,10089.49565380342
2025-07-19 01:00:00+00:00,10089.49565380342
2025-07-19 02:00:00+00:00,10089.49565380342
2025-07-19 03:00:00+00:00,10089.49565380342
2025-07-19 04:00:00+00:00,10089.49565380342
2025-07-19 05:00:00+00:00,10089.49565380342
2025-07-19 06:00:00+00:00,10089.49565380342
2025-07-19 07:00:00+00:00,10089.49565380342
2025-07-19 08:00:00+00:00,10089.49565380342
2025-07-19 09:00:00+00:00,10089.49565380342
2025-07-19 10:00:00+00:00,10089.49565380342
2025-07-19 11:00:00+00:00,10089.49565380342
2025-07-19 12:00:00+00:00,10089.49565380342
2025-07-19 13:00:00+00:00,10089.49565380342
2025-07-19 14:00:00+00:00,10089.49565380342
2025-07-19 15:00:00+00:00,10089.49565380342
2025-07-19 16:00:00+00:00,10089.49565380342
2025-07-19 17:00:00+00:00,10089.49565380342
2025-07-19 18:00:00+00:00,10089.49565380342
2025-07-19 19:00:00+00:00,10089.49565380342
2025-07-19 20:00:00+00:00,10089.49565380342
2025-07-19 21:00:00+00:00,10089.49565380342
2025-07-19 22:00:00+00:00,10089.49565380342
2025-07-19 23:00:00+00:00,10089.49565380342
2025-07-20 00:00:00+00:00,10089.49565380342
2025-07-20 01:00:00+00:00,10089.49565380342
2025-07-20 02:00:00+00:00,10089.49565380342
2025-07-20 03:00:00+00:00,10089.49565380342
2025-07-20 04:00:00+00:00,10089.49565380342
2025-07-20 05:00:00+00:00,10089.49565380342
2025-07-20 06:00:00+00:00,10089.49565380342
2025-07-20 07:00:00+00:00,10089.49565380342
2025-07-20 08:00:00+00:00,10089.49565380342
2025-07-20 09:00:00+00:00,10089.49565380342
2025-07-20 10:00:00+00:00,10089.49565380342
2025-07-20 11:00:00+00:00,10089.49565380342
2025-07-20 12:00:00+00:00,10089.49565380342
2025-07-20 13:00:00+00:00,10089.49565380342
2025-07-20 14:00:00+00:00,10089.49565380342
2025-07-20 15:00:00+00:00,10089.49565380342
2025-07-20 16:00:00+00:00,10089.49565380342
2025-07-20 17:00:00+00:00,10089.49565380342
2025-07-20 18:00:00+00:00,10089.49565380342
2025-07-20 19:00:00+00:00,10089.49565380342
2025-07-20 20:00:00+00:00,10089.49565380342
2025-07-20 21:00:00+00:00,10089.49565380342
2025-07-20 22:00:00+00:00,10089.49565380342
2025-07-20 23:00:00+00:00,10089.49565380342
2025-07-21 00:00:00+00:00,10089.49565380342
2025-07-21 01:00:00+00:00,10089.49565380342
2025-07-21 02:00:00+00:00,10089.49565380342
2025-07-21 03:00:00+00:00,10089.49565380342
2025-07-21 04:00:00+00:00,10089.49565380342
2025-07-21 05:00:00+00:00,10089.49565380342
2025-07-21 06:00:00+00:00,10089.49565380342
2025-07-21 07:00:00+00:00,10089.49565380342
2025-07-21 08:00:00+00:00,10089.49565380342
2025-07-21 09:00:00+00:00,10089.49565380342
2025-07-21 10:00:00+00:00,10089.49565380342
2025-07-21 11:00:00+00:00,10089.49565380342
2025-07-21 12:00:00+00:00,10089.49565380342
2025-07-21 13:00:00+00:00,10089.49565380342
2025-07-21 14:00:00+00:00,10089.49565380342
2025-07-21 15:00:00+00:00,10089.49565380342
2025-07-21 16:00:00+00:00,10089.49565380342
2025-07-21 17:00:00+00:00,10089.49565380342
2025-07-21 18:00:00+00:00,10089.49565380342
2025-07-21 19:00:00+00:00,10089.49565380342
2025-07-21 20:00:00+00:00,10089.49565380342
2025-07-21 21:00:00+00:00,10089.49565380342
2025-07-21 22:00:00+00:00,10089.49565380342
2025-07-21 23:00:00+00:00,10089.49565380342
2025-07-22 00:00:00+00:00,10089.49565380342
2025-07-22 01:00:00+00:00,10089.49565380342
2025-07-22 02:00:00+00:00,10089.49565380342
2025-07-22 03:00:00+00:00,10089.49565380342
2025-07-22 04:00:00+00:00,10089.49565380342
2025-07-22 05:00:00+00:00,10089.49565380342
2025-07-22 06:00:00+00:00,10089.49565380342
2025-07-22 07:00:00+00:00,10089.49565380342
2025-07-22 08:00:00+00:00,10089.49565380342
2025-07-22 09:00:00+00:00,10089.49565380342
2025-07-22 10:00:00+00:00,10089.49565380342
2025-07-22 11:00:00+00:00,10089.49565380342
2025-07-22 12:00:00+00:00,10089.49565380342
2025-07-22 13:00:00+00:00,10089.49565380342
2025-07-22 14:00:00+00:00,10089.49565380342
2025-07-22 15:00:00+00:00,10089.49565380342
2025-07-22 16:00:00+00:00,10089.49565380342
2025-07-22 17:00:00+00:00,10089.49565380342
2025-07-22 18:00:00+00:00,10089.49565380342
2025-07-22 19:00:00+00:00,10089.49565380342
2025-07-22 20:00:00+00:00,10089.49565380342
2025-07-22 21:00:00+00:00,10089.49565380342
2025-07-22 22:00:00+00:00,10089.49565380342
2025-07-22 23:00:00+00:00,10089.49565380342
2025-07-23 00:00:00+00:00,10089.49565380342
2025-07-23 01:00:00+00:00,10089.49565380342
2025-07-23 02:00:00+00:00,10089.49565380342
2025-07-23 03:00:00+00:00,10089.49565380342
2025-07-23 04:00:00+00:00,10089.49565380342
2025-07-23 05:00:00+00:00,10089.49565380342
2025-07-23 06:00:00+00:00,10089.49565380342
2025-07-23 07:00:00+00:00,10089.49565380342
2025-07-23 08:00:00+00:00,10089.49565380342
2025-07-23 09:00:00+00:00,10089.49565380342
2025-07-23 10:00:00+00:00,10089.49565380342
2025-07-23 11:00:00+00:00,10089.49565380342
2025-07-23 12:00:00+00:00,10089.49565380342
2025-07-23 13:00:00+00:00,10089.49565380342
2025-07-23 14:00:00+00:00,10089.49565380342
2025-07-23 15:00:00+00:00,10089.49565380342
2025-07-23 16:00:00+00:00,10089.49565380342
2025-07-23 17:00:00+00:00,10089.49565380342
2025-07-23 18:00:00+00:00,10089.49565380342
2025-07-23 19:00:00+00:00,10089.49565380342
2025-07-23 20:00:00+00:00,10089.49565380342
2025-07-23 21:00:00+00:00,10089.49565380342
2025-07-23 22:00:00+00:00,10089.49565380342
2025-07-23 23:00:00+00:00,10089.49565380342
2025-07-24 00:00:00+00:00,10089.49565380342
2025-07-24 01:00:00+00:00,10089.49565380342
2025-07-24 02:00:00+00:00,10089.49565380342
2025-07-24 03:00:00+00:00,10089.49565380342
2025-07-24 04:00:00+00:00,10089.49565380342
2025-07-24 05:00:00+00:00,10089.49565380342
2025-07-24 06:00:00+00:00,10089.49565380342
2025-07-24 07:00:00+00:00,10089.49565380342
2025-07-24 08:00:00+00:00,10089.49565380342
2025-07-24 09:00:00+00:00,10089.49565380342
2025-07-24 10:00:00+00:00,10089.49565380342
2025-07-24 11:00:00+00:00,10089.49565380342
2025-07-24 12:00:00+00:00,10089.49565380342
2025-07-24 13:00:00+00:00,10089.49565380342
2025-07-24 14:00:00+00:00,10089.49565380342
2025-07-24 15:00:00+00:00,10089.49565380342
2025-07-24 16:00:00+00:00,10089.49565380342
2025-07-24 17:00:00+00:00,10089.49565380342
2025-07-24 18:00:00+00:00,10089.49565380342
2025-07-24 19:00:00+00:00,10089.49565380342
2025-07-24 20:00:00+00:00,10089.49565380342
2025-07-24 21:00:00+00:00,10089.49565380342
2025-07-24 22:00:00+00:00,10089.49565380342
2025-07-24 23:00:00+00:00,10089.49565380342
2025-07-25 00:00:00+00:00,10089.49565380342
2025-07-25 01:00:00+00:00,10089.49565380342
2025-07-25 02:00:00+00:00,10089.49565380342
2025-07-25 03:00:00+00:00,10089.49565380342
2025-07-25 04:00:00+00:00,10089.49565380342
2025-07-25 05:00:00+00:00,10089.49565380342
2025-07-25 06:00:00+00:00,10089.49565380342
2025-07-25 07:00:00+00:00,10089.49565380342
2025-07-25 08:00:00+00:00,10089.49565380342
2025-07-25 09:00:00+00:00,10089.49565380342
2025-07-25 10:00:00+00:00,10089.49565380342
2025-07-25 11:00:00+00:00,10089.49565380342
2025-07-25 12:00:00+00:00,10089.49565380342
2025-07-25 13:00:00+00:00,10089.49565380342
2025-07-25 14:00:00+00:00,10089.49565380342
2025-07-25 15:00:00+00:00,10089.49565380342
2025-07-25 16:00:00+00:00,10089.49565380342
2025-07-25 17:00:00+00:00,10089.49565380342
2025-07-25 18:00:00+00:00,10089.49565380342
2025-07-25 19:00:00+00:00,10089.49565380342
2025-07-25 20:00:00+00:00,10089.49565380342
2025-07-25 21:00:00+00:00,10089.49565380342
2025-07-25 22:00:00+00:00,10089.49565380342
2025-07-25 23:00:00+00:00,10089.49565380342
2025-07-26 00:00:00+00:00,10089.49565380342
2025-07-26 01:00:00+00:00,10089.49565380342
2025-07-26 02:00:00+00:00,10089.49565380342
2025-07-26 03:00:00+00:00,10089.49565380342
2025-07-26 04:00:00+00:00,10089.49565380342
2025-07-26 05:00:00+00:00,10089.49565380342
2025-07-26 06:00:00+00:00,10089.49565380342
2025-07-26 07:00:00+00:00,10089.49565380342
2025-07-26 08:00:00+00:00,10089.49565380342
2025-07-26 09:00:00+00:00,10089.49565380342
2025-07-26 10:00:00+00:00,10089.49565380342
2025-07-26 11:00:00+00:00,10089.49565380342
2025-07-26 12:00:00+00:00,10089.49565380342
2025-07-26 13:00:00+00:00,10089.49565380342
2025-07-26 14:00:00+00:00,10089.49565380342
2025-07-26 15:00:00+00:00,10089.49565380342
2025-07-26 16:00:00+00:00,10089.49565380342
2025-07-26 17:00:00+00:00,10089.49565380342
2025-07-26 18:00:00+00:00,10089.49565380342
2025-07-26 19:00:00+00:00,10089.49565380342
2025-07-26 20:00:00+00:00,10089.49565380342
2025-07-26 21:00:00+00:00,10089.49565380342
2025-07-26 22:00:00+00:00,10089.49565380342
2025-07-26 23:00:00+00:00,10089.49565380342
2025-07-27 00:00:00+00:00,10089.49565380342
2025-07-27 01:00:00+00:00,10089.49565380342
2025-07-27 02:00:00+00:00,10089.49565380342
2025-07-27 03:00:00+00:00,10089.49565380342
2025-07-27 04:00:00+00:00,10089.49565380342
2025-07-27 05:00:00+00:00,10089.49565380342
2025-07-27 06:00:00+00:00,10089.49565380342
2025-07-27 07:00:00+00:00,10089.49565380342
2025-07-27 08:00:00+00:00,10089.49565380342
2025-07-27 09:00:00+00:00,10089.49565380342
2025-07-27 10:00:00+00:00,10089.49565380342
2025-07-27 11:00:00+00:00,10089.49565380342
2025-07-27 12:00:00+00:00,10089.49565380342
2025-07-27 13:00:00+00:00,10089.49565380342
2025-07-27 14:00:00+00:00,10089.49565380342
2025-07-27 15:00:00+00:00,10089.49565380342
2025-07-27 16:00:00+00:00,10089.49565380342
2025-07-27 17:00:00+00:00,10089.49565380342
2025-07-27 18:00:00+00:00,10089.49565380342
2025-07-27 19:00:00+00:00,10089.49565380342
2025-07-27 20:00:00+00:00,10089.49565380342
2025-07-27 21:00:00+00:00,10089.49565380342
2025-07-27 22:00:00+00:00,10089.49565380342
2025-07-27 23:00:00+00:00,10089.49565380342
2025-07-28 00:00:00+00:00,10089.49565380342
2025-07-28 01:00:00+00:00,10089.49565380342
2025-07-28 02:00:00+00:00,10089.49565380342
2025-07-28 03:00:00+00:00,10089.49565380342
2025-07-28 04:00:00+00:00,10089.49565380342
2025-07-28 05:00:00+00:00,10089.49565380342
2025-07-28 06:00:00+00:00,10089.49565380342
2025-07-28 07:00:00+00:00,10089.49565380342
2025-07-28 08:00:00+00:00,10089.49565380342
2025-07-28 09:00:00+00:00,10089.49565380342
2025-07-28 10:00:00+00:00,10089.49565380342
2025-07-28 11:00:00+00:00,10089.49565380342
2025-07-28 12:00:00+00:00,10089.49565380342
2025-07-28 13:00:00+00:00,10089.49565380342
2025-07-28 14:00:00+00:00,10089.49565380342
2025-07-28 15:00:00+00:00,10089.49565380342
2025-07-28 16:00:00+00:00,10089.49565380342
2025-07-28 17:00:00+00:00,10089.49565380342
2025-07-28 18:00:00+00:00,10089.49565380342
2025-07-28 19:00:00+00:00,10089.49565380342
2025-07-28 20:00:00+00:00,10089.49565380342
2025-07-28 21:00:00+00:00,10089.49565380342
2025-07-28 22:00:00+00:00,10089.49565380342
2025-07-28 23:00:00+00:00,10089.49565380342
2025-07-29 00:00:00+00:00,10089.49565380342
2025-07-29 01:00:00+00:00,10089.49565380342
2025-07-29 02:00:00+00:00,10089.49565380342
2025-07-29 03:00:00+00:00,10089.49565380342
2025-07-29 04:00:00+00:00,10089.49565380342
2025-07-29 05:00:00+00:00,10089.49565380342
2025-07-29 06:00:00+00:00,10089.49565380342
2025-07-29 07:00:00+00:00,10089.49565380342
2025-07-29 08:00:00+00:00,10089.49565380342
2025-07-29 09:00:00+00:00,10089.49565380342
2025-07-29 10:00:00+00:00,10089.49565380342
2025-07-29 11:00:00+00:00,10089.49565380342
2025-07-29 12:00:00+00:00,10089.49565380342
2025-07-29 13:00:00+00:00,10089.49565380342
2025-07-29 14:00:00+00:00,10089.49565380342
2025-07-29 15:00:00+00:00,10089.49565380342
2025-07-29 16:00:00+00:00,10089.49565380342
2025-07-29 17:00:00+00:00,10089.49565380342
2025-07-29 18:00:00+00:00,10089.49565380342
2025-07-29 19:00:00+00:00,10089.49565380342
2025-07-29 20:00:00+00:00,10089.49565380342
2025-07-29 21:00:00+00:00,10089.49565380342
2025-07-29 22:00:00+00:00,10089.49565380342
2025-07-29 23:00:00+00:00,10089.49565380342
2025-07-30 00:00:00+00:00,10089.49565380342
2025-07-30 01:00:00+00:00,10089.49565380342
2025-07-30 02:00:00+00:00,10089.49565380342
2025-07-30 03:00:00+00:00,10089.49565380342
2025-07-30 04:00:00+00:00,10089.49565380342
2025-07-30 05:00:00+00:00,10089.49565380342
2025-07-30 06:00:00+00:00,10089.49565380342
2025-07-30 07:00:00+00:00,10089.49565380342
2025-07-30 08:00:00+00:00,10089.49565380342
2025-07-30 09:00:00+00:00,10089.49565380342
2025-07-30 10:00:00+00:00,10089.49565380342
2025-07-30 11:00:00+00:00,10089.49565380342
2025-07-30 12:00:00+00:00,10089.49565380342
2025-07-30 13:00:00+00:00,10089.49565380342
2025-07-30 14:00:00+00:00,10089.49565380342
2025-07-30 15:00:00+00:00,10089.49565380342
2025-07-30 16:00:00+00:00,10089.49565380342
2025-07-30 17:00:00+00:00,10089.49565380342
2025-07-30 18:00:00+00:00,10089.49565380342
2025-07-30 19:00:00+00:00,10089.49565380342
2025-07-30 20:00:00+00:00,10089.49565380342
2025-07-30 21:00:00+00:00,10089.49565380342
2025-07-30 22:00:00+00:00,10089.49565380342
2025-07-30 23:00:00+00:00,10089.49565380342
2025-07-31 00:00:00+00:00,10089.49565380342
2025-07-31 01:00:00+00:00,10089.49565380342
2025-07-31 02:00:00+00:00,10089.49565380342
2025-07-31 03:00:00+00:00,10089.49565380342
2025-07-31 04:00:00+00:00,10089.49565380342
2025-07-31 05:00:00+00:00,10089.49565380342
2025-07-31 06:00:00+00:00,10089.49565380342
2025-07-31 07:00:00+00:00,10089.49565380342
2025-07-31 08:00:00+00:00,10089.49565380342
2025-07-31 09:00:00+00:00,10089.49565380342
2025-07-31 10:00:00+00:00,10089.49565380342
2025-07-31 11:00:00+00:00,10089.49565380342
2025-07-31 12:00:00+00:00,10089.49565380342
2025-07-31 13:00:00+00:00,10089.49565380342
2025-07-31 14:00:00+00:00,10089.49565380342
2025-07-31 15:00:00+00:00,10089.49565380342
2025-07-31 16:00:00+00:00,10089.49565380342
2025-07-31 17:00:00+00:00,10089.49565380342
2025-07-31 18:00:00+00:00,10089.49565380342
2025-07-31 19:00:00+00:00,10089.49565380342
2025-07-31 20:00:00+00:00,10089.49565380342
2025-07-31 21:00:00+00:00,10089.49565380342
2025-07-31 22:00:00+00:00,10089.49565380342
2025-07-31 23:00:00+00:00,10089.49565380342
2025-08-01 00:00:00+00:00,10089.49565380342
2025-08-01 01:00:00+00:00,10089.49565380342
2025-08-01 02:00:00+00:00,10089.49565380342
2025-08-01 03:00:00+00:00,10089.49565380342
2025-08-01 04:00:00+00:00,10089.49565380342
2025-08-01 05:00:00+00:00,10089.49565380342
2025-08-01 06:00:00+00:00,10089.49565380342
2025-08-01 07:00:00+00:00,10089.49565380342
2025-08-01 08:00:00+00:00,10089.49565380342
2025-08-01 09:00:00+00:00,10089.49565380342
2025-08-01 10:00:00+00:00,10089.49565380342
2025-08-01 11:00:00+00:00,10089.49565380342
2025-08-01 12:00:00+00:00,10089.49565380342
2025-08-01 13:00:00+00:00,10089.49565380342
2025-08-01 14:00:00+00:00,10089.49565380342
2025-08-01 15:00:00+00:00,10089.49565380342
2025-08-01 16:00:00+00:00,10089.49565380342
2025-08-01 17:00:00+00:00,10089.49565380342
2025-08-01 18:00:00+00:00,10089.49565380342
2025-08-01 19:00:00+00:00,10089.49565380342
2025-08-01 20:00:00+00:00,10112.556848753837
2025-08-01 21:00:00+00:00,10077.752848753837
2025-08-01 22:00:00+00:00,10081.454448753837
2025-08-01 23:00:00+00:00,10123.325648753837
2025-08-02 00:00:00+00:00,10114.444048753836
2025-08-02 01:00:00+00:00,10085.746684947117
2025-08-02 02:00:00+00:00,10093.732284947117
2025-08-02 03:00:00+00:00,10092.214684947117
2025-08-02 04:00:00+00:00,10080.303484947117
2025-08-02 05:00:00+00:00,10074.160284947116
2025-08-02 06:00:00+00:00,10076.428284947116
2025-08-02 07:00:00+00:00,10091.772284947116
2025-08-02 08:00:00+00:00,10076.943484947116
2025-08-02 09:00:00+00:00,10093.022117855917
2025-08-02 10:00:00+00:00,10092.994117855917
2025-08-02 11:00:00+00:00,10100.279717855918
2025-08-02 12:00:00+00:00,10087.494917855918
2025-08-02 13:00:00+00:00,10096.365317855916
2025-08-02 14:00:00+00:00,10105.549317855917
2025-08-02 15:00:00+00:00,10125.457317855917
2025-08-02 16:00:00+00:00,10139.793317855918
2025-08-02 17:00:00+00:00,10120.00879079331
2025-08-02 18:00:00+00:00,10146.18879079331
2025-08-02 19:00:00+00:00,10168.82399079331
2025-08-02 20:00:00+00:00,10174.96719079331
2025-08-02 21:00:00+00:00,10142.77839079331
2025-08-02 22:00:00+00:00,10139.21119079331
2025-08-02 23:00:00+00:00,10139.42399079331
2025-08-03 00:00:00+00:00,10156.30239079331
2025-08-03 01:00:00+00:00,10134.621297552732
2025-08-03 02:00:00+00:00,10126.333297552732
2025-08-03 03:00:00+00:00,10100.644711253195
2025-08-03 04:00:00+00:00,10100.644711253195
2025-08-03 05:00:00+00:00,10100.644711253195
2025-08-03 06:00:00+00:00,10100.644711253195
2025-08-03 07:00:00+00:00,10100.644711253195
2025-08-03 08:00:00+00:00,10100.644711253195
2025-08-03 09:00:00+00:00,10100.644711253195
2025-08-03 10:00:00+00:00,10100.644711253195
2025-08-03 11:00:00+00:00,10100.644711253195
2025-08-03 12:00:00+00:00,10100.644711253195
2025-08-03 13:00:00+00:00,10100.644711253195
2025-08-03 14:00:00+00:00,10100.644711253195
2025-08-03 15:00:00+00:00,10100.644711253195
2025-08-03 16:00:00+00:00,10100.644711253195
2025-08-03 17:00:00+00:00,10100.644711253195
2025-08-03 18:00:00+00:00,10100.644711253195
2025-08-03 19:00:00+00:00,10100.644711253195
2025-08-03 20:00:00+00:00,10100.644711253195
2025-08-03 21:00:00+00:00,10100.644711253195
2025-08-03 22:00:00+00:00,10100.644711253195
2025-08-03 23:00:00+00:00,10100.644711253195
2025-08-04 00:00:00+00:00,10100.644711253195
2025-08-04 01:00:00+00:00,10100.644711253195
2025-08-04 02:00:00+00:00,10100.644711253195
2025-08-04 03:00:00+00:00,10100.644711253195
2025-08-04 04:00:00+00:00,10100.644711253195
2025-08-04 05:00:00+00:00,10100.644711253195
2025-08-04 06:00:00+00:00,10100.644711253195
2025-08-04 07:00:00+00:00,10100.644711253195
2025-08-04 08:00:00+00:00,10100.644711253195
2025-08-04 09:00:00+00:00,10100.644711253195
2025-08-04 10:00:00+00:00,10100.644711253195
2025-08-04 11:00:00+00:00,10100.644711253195
2025-08-04 12:00:00+00:00,10100.644711253195
2025-08-04 13:00:00+00:00,10100.644711253195
2025-08-04 14:00:00+00:00,10100.644711253195
2025-08-04 15:00:00+00:00,10100.644711253195
2025-08-04 16:00:00+00:00,10100.644711253195
2025-08-04 17:00:00+00:00,10100.644711253195
2025-08-04 18:00:00+00:00,10100.644711253195
2025-08-04 19:00:00+00:00,10100.644711253195
2025-08-04 20:00:00+00:00,10100.644711253195
2025-08-04 21:00:00+00:00,10100.644711253195
2025-08-04 22:00:00+00:00,10100.644711253195
2025-08-04 23:00:00+00:00,10100.644711253195
2025-08-05 00:00:00+00:00,10100.644711253195
2025-08-05 01:00:00+00:00,10100.644711253195
2025-08-05 02:00:00+00:00,10100.644711253195
2025-08-05 03:00:00+00:00,10100.644711253195
2025-08-05 04:00:00+00:00,10100.644711253195
2025-08-05 05:00:00+00:00,10100.644711253195
2025-08-05 06:00:00+00:00,10100.644711253195
2025-08-05 07:00:00+00:00,10100.644711253195
2025-08-05 08:00:00+00:00,10100.644711253195
2025-08-05 09:00:00+00:00,10100.644711253195
2025-08-05 10:00:00+00:00,10100.644711253195
2025-08-05 11:00:00+00:00,10100.644711253195
2025-08-05 12:00:00+00:00,10100.644711253195
2025-08-05 13:00:00+00:00,10100.644711253195
2025-08-05 14:00:00+00:00,10100.644711253195
2025-08-05 15:00:00+00:00,10100.644711253195
2025-08-05 16:00:00+00:00,10100.644711253195
2025-08-05 17:00:00+00:00,10100.644711253195
2025-08-05 18:00:00+00:00,10100.644711253195
2025-08-05 19:00:00+00:00,10100.644711253195
2025-08-05 20:00:00+00:00,10100.644711253195
2025-08-05 21:00:00+00:00,10100.644711253195
2025-08-05 22:00:00+00:00,10100.644711253195
2025-08-05 23:00:00+00:00,10100.644711253195
2025-08-06 00:00:00+00:00,10100.644711253195
2025-08-06 01:00:00+00:00,10100.644711253195
2025-08-06 02:00:00+00:00,10100.644711253195
2025-08-06 03:00:00+00:00,10100.644711253195
2025-08-06 04:00:00+00:00,10100.644711253195
2025-08-06 05:00:00+00:00,10100.644711253195
2025-08-06 06:00:00+00:00,10100.644711253195
2025-08-06 07:00:00+00:00,10100.644711253195
2025-08-06 08:00:00+00:00,10100.644711253195
2025-08-06 09:00:00+00:00,10100.644711253195
2025-08-06 10:00:00+00:00,10100.644711253195
2025-08-06 11:00:00+00:00,10100.644711253195
2025-08-06 12:00:00+00:00,10100.644711253195
2025-08-06 13:00:00+00:00,10100.644711253195
2025-08-06 14:00:00+00:00,10100.644711253195
2025-08-06 15:00:00+00:00,10100.644711253195
2025-08-06 16:00:00+00:00,10100.644711253195
2025-08-06 17:00:00+00:00,10100.644711253195
2025-08-06 18:00:00+00:00,10100.644711253195
2025-08-06 19:00:00+00:00,10100.644711253195
2025-08-06 20:00:00+00:00,10100.644711253195
2025-08-06 21:00:00+00:00,10100.644711253195
2025-08-06 22:00:00+00:00,10100.644711253195
2025-08-06 23:00:00+00:00,10100.644711253195
2025-08-07 00:00:00+00:00,10100.644711253195
2025-08-07 01:00:00+00:00,10100.644711253195
2025-08-07 02:00:00+00:00,10100.644711253195
2025-08-07 03:00:00+00:00,10100.644711253195
2025-08-07 04:00:00+00:00,10100.644711253195
2025-08-07 05:00:00+00:00,10100.644711253195
2025-08-07 06:00:00+00:00,10100.644711253195
2025-08-07 07:00:00+00:00,10100.644711253195
2025-08-07 08:00:00+00:00,10100.644711253195
2025-08-07 09:00:00+00:00,10100.644711253195
2025-08-07 10:00:00+00:00,10100.644711253195
2025-08-07 11:00:00+00:00,10100.644711253195
2025-08-07 12:00:00+00:00,10100.644711253195
2025-08-07 13:00:00+00:00,10100.644711253195
2025-08-07 14:00:00+00:00,10100.644711253195
2025-08-07 15:00:00+00:00,10100.644711253195
2025-08-07 16:00:00+00:00,10100.644711253195
2025-08-07 17:00:00+00:00,10100.644711253195
2025-08-07 18:00:00+00:00,10100.644711253195
2025-08-07 19:00:00+00:00,10100.644711253195
2025-08-07 20:00:00+00:00,10100.644711253195
2025-08-07 21:00:00+00:00,10100.644711253195
2025-08-07 22:00:00+00:00,10100.644711253195
2025-08-07 23:00:00+00:00,10100.644711253195
2025-08-08 00:00:00+00:00,10084.837155851665
2025-08-08 01:00:00+00:00,10067.308319834921
2025-08-08 02:00:00+00:00,10035.56081983492
2025-08-08 03:00:00+00:00,10019.631819834922
2025-08-08 04:00:00+00:00,10022.74281983492
2025-08-08 05:00:00+00:00,10023.405819834921
2025-08-08 06:00:00+00:00,10005.04581983492
2025-08-08 07:00:00+00:00,9986.501046361065
2025-08-08 08:00:00+00:00,9986.501046361065
2025-08-08 09:00:00+00:00,9986.501046361065
2025-08-08 10:00:00+00:00,9986.501046361065
2025-08-08 11:00:00+00:00,9986.501046361065
2025-08-08 12:00:00+00:00,9986.501046361065
2025-08-08 13:00:00+00:00,9986.501046361065
2025-08-08 14:00:00+00:00,9986.501046361065
2025-08-08 15:00:00+00:00,9986.501046361065
2025-08-08 16:00:00+00:00,9986.501046361065
2025-08-08 17:00:00+00:00,9986.501046361065
2025-08-08 18:00:00+00:00,9986.501046361065
2025-08-08 19:00:00+00:00,9986.501046361065
2025-08-08 20:00:00+00:00,9986.501046361065
2025-08-08 21:00:00+00:00,9986.501046361065
2025-08-08 22:00:00+00:00,9986.501046361065
2025-08-08 23:00:00+00:00,9986.501046361065
2025-08-09 00:00:00+00:00,9986.501046361065
2025-08-09 01:00:00+00:00,9986.501046361065
2025-08-09 02:00:00+00:00,9986.501046361065
2025-08-09 03:00:00+00:00,9986.501046361065
2025-08-09 04:00:00+00:00,9986.501046361065
2025-08-09 05:00:00+00:00,9986.501046361065
2025-08-09 06:00:00+00:00,9986.501046361065
2025-08-09 07:00:00+00:00,9986.501046361065
2025-08-09 08:00:00+00:00,9986.501046361065
2025-08-09 09:00:00+00:00,9986.501046361065
2025-08-09 10:00:00+00:00,9986.501046361065
2025-08-09 11:00:00+00:00,9986.501046361065
2025-08-09 12:00:00+00:00,9986.501046361065
2025-08-09 13:00:00+00:00,9986.501046361065
2025-08-09 14:00:00+00:00,9986.501046361065
2025-08-09 15:00:00+00:00,9986.501046361065
2025-08-09 16:00:00+00:00,9986.501046361065
2025-08-09 17:00:00+00:00,9986.501046361065
2025-08-09 18:00:00+00:00,9986.501046361065
2025-08-09 19:00:00+00:00,9986.501046361065
2025-08-09 20:00:00+00:00,9986.501046361065
2025-08-09 21:00:00+00:00,9986.501046361065
2025-08-09 22:00:00+00:00,9986.501046361065
2025-08-09 23:00:00+00:00,9986.501046361065
2025-08-10 00:00:00+00:00,9986.501046361065
2025-08-10 01:00:00+00:00,9986.501046361065
2025-08-10 02:00:00+00:00,9986.501046361065
2025-08-10 03:00:00+00:00,9986.501046361065
2025-08-10 04:00:00+00:00,9986.501046361065
2025-08-10 05:00:00+00:00,9975.895766943466
2025-08-10 06:00:00+00:00,9937.213766943465
2025-08-10 07:00:00+00:00,9939.910166943466
2025-08-10 08:00:00+00:00,9896.243998125148
2025-08-10 09:00:00+00:00,9896.243998125148
2025-08-10 10:00:00+00:00,9896.243998125148
2025-08-10 11:00:00+00:00,9896.243998125148
2025-08-10 12:00:00+00:00,9896.243998125148
2025-08-10 13:00:00+00:00,9896.243998125148
2025-08-10 14:00:00+00:00,9896.243998125148
2025-08-10 15:00:00+00:00,9896.243998125148
2025-08-10 16:00:00+00:00,9888.757751300607
2025-08-10 17:00:00+00:00,9877.048393500607
2025-08-10 18:00:00+00:00,9864.822493500607
2025-08-10 19:00:00+00:00,9867.345693500607
2025-08-10 20:00:00+00:00,9876.027493500607
2025-08-10 21:00:00+00:00,9847.193293500608
2025-08-10 22:00:00+00:00,9880.467993500608
2025-08-10 23:00:00+00:00,9911.061793500608
2025-08-11 00:00:00+00:00,9928.383893500608
2025-08-11 01:00:00+00:00,9913.931474510608
2025-08-11 02:00:00+00:00,9993.362474510608
2025-08-11 03:00:00+00:00,10115.943187507319
2025-08-11 04:00:00+00:00,10097.16543577032
2025-08-11 05:00:00+00:00,10125.255035770318
2025-08-11 06:00:00+00:00,10123.17263577032
2025-08-11 07:00:00+00:00,10141.914235770319
2025-08-11 08:00:00+00:00,10084.60263577032
2025-08-11 09:00:00+00:00,10094.197370530319
2025-08-11 10:00:00+00:00,10074.36897053032
2025-08-11 11:00:00+00:00,10040.29131550546
2025-08-11 12:00:00+00:00,10040.29131550546
2025-08-11 13:00:00+00:00,10040.29131550546
2025-08-11 14:00:00+00:00,10040.29131550546
2025-08-11 15:00:00+00:00,10040.29131550546
2025-08-11 16:00:00+00:00,10040.29131550546
2025-08-11 17:00:00+00:00,10040.29131550546
2025-08-11 18:00:00+00:00,10040.29131550546
2025-08-11 19:00:00+00:00,10040.29131550546
2025-08-11 20:00:00+00:00,10040.29131550546
2025-08-11 21:00:00+00:00,10040.29131550546
2025-08-11 22:00:00+00:00,10040.29131550546
2025-08-11 23:00:00+00:00,10040.29131550546
2025-08-12 00:00:00+00:00,10040.29131550546
2025-08-12 01:00:00+00:00,10040.29131550546
2025-08-12 02:00:00+00:00,10040.29131550546
2025-08-12 03:00:00+00:00,10040.29131550546
2025-08-12 04:00:00+00:00,10040.29131550546
2025-08-12 05:00:00+00:00,10040.29131550546
2025-08-12 06:00:00+00:00,10040.29131550546
2025-08-12 07:00:00+00:00,10040.29131550546
2025-08-12 08:00:00+00:00,10040.29131550546
2025-08-12 09:00:00+00:00,10040.29131550546
2025-08-12 10:00:00+00:00,10040.29131550546
2025-08-12 11:00:00+00:00,10040.29131550546
2025-08-12 12:00:00+00:00,10040.29131550546
2025-08-12 13:00:00+00:00,10040.29131550546
2025-08-12 14:00:00+00:00,10040.29131550546
2025-08-12 15:00:00+00:00,10040.29131550546
2025-08-12 16:00:00+00:00,10040.29131550546
2025-08-12 17:00:00+00:00,10040.29131550546
2025-08-12 18:00:00+00:00,10040.29131550546
2025-08-12 19:00:00+00:00,10040.29131550546
2025-08-12 20:00:00+00:00,10040.29131550546
2025-08-12 21:00:00+00:00,10040.29131550546
2025-08-12 22:00:00+00:00,10040.29131550546
2025-08-12 23:00:00+00:00,10040.29131550546
2025-08-13 00:00:00+00:00,10040.29131550546
2025-08-13 01:00:00+00:00,10040.29131550546
2025-08-13 02:00:00+00:00,10040.29131550546
2025-08-13 03:00:00+00:00,10040.29131550546
2025-08-13 04:00:00+00:00,10040.29131550546
2025-08-13 05:00:00+00:00,10040.29131550546
2025-08-13 06:00:00+00:00,10040.29131550546
2025-08-13 07:00:00+00:00,10040.29131550546
2025-08-13 08:00:00+00:00,10040.29131550546
2025-08-13 09:00:00+00:00,10040.29131550546
2025-08-13 10:00:00+00:00,10040.29131550546
2025-08-13 11:00:00+00:00,10040.29131550546
2025-08-13 12:00:00+00:00,10040.29131550546
2025-08-13 13:00:00+00:00,10040.29131550546
2025-08-13 14:00:00+00:00,10040.29131550546
2025-08-13 15:00:00+00:00,10040.29131550546
2025-08-13 16:00:00+00:00,10040.29131550546
2025-08-13 17:00:00+00:00,10040.29131550546
2025-08-13 18:00:00+00:00,10040.29131550546
2025-08-13 19:00:00+00:00,10040.29131550546
2025-08-13 20:00:00+00:00,10040.29131550546
2025-08-13 21:00:00+00:00,10044.93696995026
2025-08-13 22:00:00+00:00,10024.830369950261
2025-08-13 23:00:00+00:00,10048.64456995026
2025-08-14 00:00:00+00:00,10070.88396995026
2025-08-14 01:00:00+00:00,10104.045761770261
2025-08-14 02:00:00+00:00,10072.84116177026
2025-08-14 03:00:00+00:00,10093.58016177026
2025-08-14 04:00:00+00:00,10075.159961770261
2025-08-14 05:00:00+00:00,10053.57156177026
2025-08-14 06:00:00+00:00,9997.639283986458
2025-08-14 07:00:00+00:00,9997.639283986458
2025-08-14 08:00:00+00:00,9997.639283986458
2025-08-14 09:00:00+00:00,9997.639283986458
2025-08-14 10:00:00+00:00,9997.639283986458
2025-08-14 11:00:00+00:00,9997.639283986458
2025-08-14 12:00:00+00:00,9997.639283986458
2025-08-14 13:00:00+00:00,9997.639283986458
2025-08-14 14:00:00+00:00,9997.639283986458
2025-08-14 15:00:00+00:00,9997.639283986458
2025-08-14 16:00:00+00:00,9997.639283986458
2025-08-14 17:00:00+00:00,9997.639283986458
2025-08-14 18:00:00+00:00,9997.639283986458
2025-08-14 19:00:00+00:00,9997.639283986458
2025-08-14 20:00:00+00:00,9997.639283986458
2025-08-14 21:00:00+00:00,9997.639283986458
2025-08-14 22:00:00+00:00,9997.639283986458
2025-08-14 23:00:00+00:00,9997.639283986458
2025-08-15 00:00:00+00:00,9997.639283986458
2025-08-15 01:00:00+00:00,9997.639283986458
2025-08-15 02:00:00+00:00,9997.639283986458
2025-08-15 03:00:00+00:00,9997.639283986458
2025-08-15 04:00:00+00:00,9997.639283986458
2025-08-15 05:00:00+00:00,9997.639283986458
2025-08-15 06:00:00+00:00,9997.639283986458
2025-08-15 07:00:00+00:00,9997.639283986458
2025-08-15 08:00:00+00:00,9997.639283986458
2025-08-15 09:00:00+00:00,9997.639283986458
2025-08-15 10:00:00+00:00,9997.639283986458
2025-08-15 11:00:00+00:00,9997.639283986458
2025-08-15 12:00:00+00:00,9997.639283986458
2025-08-15 13:00:00+00:00,9997.639283986458
2025-08-15 14:00:00+00:00,9997.639283986458
2025-08-15 15:00:00+00:00,9997.639283986458
2025-08-15 16:00:00+00:00,9997.639283986458
2025-08-15 17:00:00+00:00,9997.639283986458
2025-08-15 18:00:00+00:00,9997.639283986458
2025-08-15 19:00:00+00:00,9997.639283986458
2025-08-15 20:00:00+00:00,9997.639283986458
2025-08-15 21:00:00+00:00,9997.639283986458
2025-08-15 22:00:00+00:00,9997.639283986458
2025-08-15 23:00:00+00:00,9997.639283986458
2025-08-16 00:00:00+00:00,9997.639283986458
2025-08-16 01:00:00+00:00,9997.639283986458
2025-08-16 02:00:00+00:00,9997.639283986458
2025-08-16 03:00:00+00:00,9997.639283986458
2025-08-16 04:00:00+00:00,9997.639283986458
2025-08-16 05:00:00+00:00,9997.639283986458
2025-08-16 06:00:00+00:00,9997.639283986458
2025-08-16 07:00:00+00:00,9997.639283986458
2025-08-16 08:00:00+00:00,9997.639283986458
2025-08-16 09:00:00+00:00,9997.639283986458
2025-08-16 10:00:00+00:00,9997.639283986458
2025-08-16 11:00:00+00:00,9997.639283986458
2025-08-16 12:00:00+00:00,9997.639283986458
2025-08-16 13:00:00+00:00,9997.639283986458
2025-08-16 14:00:00+00:00,9997.639283986458
2025-08-16 15:00:00+00:00,9997.639283986458
2025-08-16 16:00:00+00:00,9997.639283986458
2025-08-16 17:00:00+00:00,9997.639283986458
2025-08-16 18:00:00+00:00,9997.639283986458
2025-08-16 19:00:00+00:00,9997.639283986458
2025-08-16 20:00:00+00:00,9997.639283986458
2025-08-16 21:00:00+00:00,9997.639283986458
2025-08-16 22:00:00+00:00,9997.639283986458
2025-08-16 23:00:00+00:00,9997.639283986458
2025-08-17 00:00:00+00:00,9997.639283986458
2025-08-17 01:00:00+00:00,9997.639283986458
2025-08-17 02:00:00+00:00,9997.639283986458
2025-08-17 03:00:00+00:00,9997.639283986458
2025-08-17 04:00:00+00:00,9997.639283986458
2025-08-17 05:00:00+00:00,9997.639283986458
2025-08-17 06:00:00+00:00,9997.639283986458
2025-08-17 07:00:00+00:00,9997.639283986458
2025-08-17 08:00:00+00:00,9997.639283986458
2025-08-17 09:00:00+00:00,9997.639283986458
2025-08-17 10:00:00+00:00,9997.639283986458
2025-08-17 11:00:00+00:00,9997.639283986458
2025-08-17 12:00:00+00:00,9997.639283986458
2025-08-17 13:00:00+00:00,9997.639283986458
2025-08-17 14:00:00+00:00,9997.639283986458
2025-08-17 15:00:00+00:00,9997.639283986458
2025-08-17 16:00:00+00:00,9997.639283986458
2025-08-17 17:00:00+00:00,9997.639283986458
2025-08-17 18:00:00+00:00,9997.639283986458
2025-08-17 19:00:00+00:00,9997.639283986458
2025-08-17 20:00:00+00:00,9997.639283986458
2025-08-17 21:00:00+00:00,9997.639283986458
2025-08-17 22:00:00+00:00,9997.639283986458
2025-08-17 23:00:00+00:00,9997.639283986458
2025-08-18 00:00:00+00:00,9997.639283986458
2025-08-18 01:00:00+00:00,9997.639283986458
2025-08-18 02:00:00+00:00,9997.639283986458
2025-08-18 03:00:00+00:00,10059.09731937918
2025-08-18 04:00:00+00:00,10070.268719379179
2025-08-18 05:00:00+00:00,10057.38591937918
2025-08-18 06:00:00+00:00,10038.001519379179
2025-08-18 07:00:00+00:00,10075.841519379179
2025-08-18 08:00:00+00:00,10079.87491937918
2025-08-18 09:00:00+00:00,10085.440379724316
2025-08-18 10:00:00+00:00,10092.991179724317
2025-08-18 11:00:00+00:00,10092.062379724317
2025-08-18 12:00:00+00:00,10101.582579724316
2025-08-18 13:00:00+00:00,10052.132579724315
2025-08-18 14:00:00+00:00,10110.973779724316
2025-08-18 15:00:00+00:00,10042.036179724317
2025-08-18 16:00:00+00:00,10014.854775046528
2025-08-18 17:00:00+00:00,10014.854775046528
2025-08-18 18:00:00+00:00,10014.854775046528
2025-08-18 19:00:00+00:00,10014.854775046528
2025-08-18 20:00:00+00:00,10014.854775046528
2025-08-18 21:00:00+00:00,10014.854775046528
2025-08-18 22:00:00+00:00,10014.854775046528
2025-08-18 23:00:00+00:00,10014.854775046528
2025-08-19 00:00:00+00:00,10014.854775046528
2025-08-19 01:00:00+00:00,10014.854775046528
2025-08-19 02:00:00+00:00,10014.854775046528
2025-08-19 03:00:00+00:00,10014.854775046528
2025-08-19 04:00:00+00:00,10014.854775046528
2025-08-19 05:00:00+00:00,10014.854775046528
2025-08-19 06:00:00+00:00,10014.854775046528
2025-08-19 07:00:00+00:00,10014.854775046528
2025-08-19 08:00:00+00:00,10014.854775046528
2025-08-19 09:00:00+00:00,10014.854775046528
2025-08-19 10:00:00+00:00,10014.854775046528
2025-08-19 11:00:00+00:00,10014.854775046528
2025-08-19 12:00:00+00:00,10014.854775046528
2025-08-19 13:00:00+00:00,10014.854775046528
2025-08-19 14:00:00+00:00,10014.854775046528
2025-08-19 15:00:00+00:00,10014.854775046528
2025-08-19 16:00:00+00:00,10014.482986387495
2025-08-19 17:00:00+00:00,10043.690921975254
2025-08-19 18:00:00+00:00,10034.744321975253
2025-08-19 19:00:00+00:00,10067.800121975253
2025-08-19 20:00:00+00:00,10062.975321975253
2025-08-19 21:00:00+00:00,10030.467121975253
2025-08-19 22:00:00+00:00,10041.759521975253
2025-08-19 23:00:00+00:00,10059.948721975254
2025-08-20 00:00:00+00:00,10081.778721975254
2025-08-20 01:00:00+00:00,10058.026616291116
2025-08-20 02:00:00+00:00,10071.879416291114
2025-08-20 03:00:00+00:00,10040.525616291116
2025-08-20 04:00:00+00:00,10034.709216291116
2025-08-20 05:00:00+00:00,10026.288016291115
2025-08-20 06:00:00+00:00,10019.443016291116
2025-08-20 07:00:00+00:00,10024.038416291116
2025-08-20 08:00:00+00:00,10036.833016291115
2025-08-20 09:00:00+00:00,9998.652514758627
2025-08-20 10:00:00+00:00,10021.155914758627
2025-08-20 11:00:00+00:00,10014.096314758628
2025-08-20 12:00:00+00:00,10022.828314758628
2025-08-20 13:00:00+00:00,10024.027114758628
2025-08-20 14:00:00+00:00,10096.443514758628
2025-08-20 15:00:00+00:00,10007.264163291919
2025-08-20 16:00:00+00:00,10007.264163291919
2025-08-20 17:00:00+00:00,10007.264163291919
2025-08-20 18:00:00+00:00,10007.264163291919
2025-08-20 19:00:00+00:00,10007.264163291919
2025-08-20 20:00:00+00:00,10007.264163291919
2025-08-20 21:00:00+00:00,10007.264163291919
2025-08-20 22:00:00+00:00,10007.264163291919
2025-08-20 23:00:00+00:00,10007.264163291919
2025-08-21 00:00:00+00:00,10007.264163291919
2025-08-21 01:00:00+00:00,10007.264163291919
2025-08-21 02:00:00+00:00,10007.264163291919
2025-08-21 03:00:00+00:00,10007.264163291919
2025-08-21 04:00:00+00:00,10007.264163291919
2025-08-21 05:00:00+00:00,10007.264163291919
2025-08-21 06:00:00+00:00,10007.264163291919
2025-08-21 07:00:00+00:00,10007.264163291919
2025-08-21 08:00:00+00:00,10007.264163291919
2025-08-21 09:00:00+00:00,10007.264163291919
2025-08-21 10:00:00+00:00,10007.264163291919
2025-08-21 11:00:00+00:00,10007.264163291919
2025-08-21 12:00:00+00:00,10007.264163291919
2025-08-21 13:00:00+00:00,10007.264163291919
2025-08-21 14:00:00+00:00,10007.264163291919
2025-08-21 15:00:00+00:00,10007.264163291919
2025-08-21 16:00:00+00:00,10007.264163291919
2025-08-21 17:00:00+00:00,10007.264163291919
2025-08-21 18:00:00+00:00,10007.264163291919
2025-08-21 19:00:00+00:00,10007.264163291919
2025-08-21 20:00:00+00:00,10007.264163291919
2025-08-21 21:00:00+00:00,9979.762894024736
2025-08-21 22:00:00+00:00,9965.408594024735
2025-08-21 23:00:00+00:00,9975.528494024735
2025-08-22 00:00:00+00:00,9974.849094024736
2025-08-22 01:00:00+00:00,9965.345808151584
2025-08-22 02:00:00+00:00,9949.514208151582
2025-08-22 03:00:00+00:00,9924.171008151585
2025-08-22 04:00:00+00:00,9941.709008151583
2025-08-22 05:00:00+00:00,9948.400308151584
2025-08-22 06:00:00+00:00,9917.440208151584
2025-08-22 07:00:00+00:00,9937.213908151583
2025-08-22 08:00:00+00:00,9929.843208151584
2025-08-22 09:00:00+00:00,9938.920624151584
2025-08-22 10:00:00+00:00,9933.122024151584
2025-08-22 11:00:00+00:00,9974.281024151584
2025-08-22 12:00:00+00:00,9991.352924151583
2025-08-22 13:00:00+00:00,9989.212024151584
2025-08-22 14:00:00+00:00,9978.610224151584
2025-08-22 15:00:00+00:00,9902.08853733603
2025-08-22 16:00:00+00:00,9902.08853733603
2025-08-22 17:00:00+00:00,9902.08853733603
2025-08-22 18:00:00+00:00,9902.08853733603
2025-08-22 19:00:00+00:00,9902.08853733603
2025-08-22 20:00:00+00:00,9902.08853733603
2025-08-22 21:00:00+00:00,9902.08853733603
2025-08-22 22:00:00+00:00,9902.08853733603
2025-08-22 23:00:00+00:00,9902.08853733603
2025-08-23 00:00:00+00:00,9902.08853733603
2025-08-23 01:00:00+00:00,9902.08853733603
2025-08-23 02:00:00+00:00,9902.08853733603
2025-08-23 03:00:00+00:00,9902.08853733603
2025-08-23 04:00:00+00:00,9902.08853733603
2025-08-23 05:00:00+00:00,9902.08853733603
2025-08-23 06:00:00+00:00,9902.08853733603
2025-08-23 07:00:00+00:00,9902.08853733603
2025-08-23 08:00:00+00:00,9902.08853733603
2025-08-23 09:00:00+00:00,9902.08853733603
2025-08-23 10:00:00+00:00,9902.08853733603
2025-08-23 11:00:00+00:00,9902.08853733603
2025-08-23 12:00:00+00:00,9902.08853733603
2025-08-23 13:00:00+00:00,9902.08853733603
2025-08-23 14:00:00+00:00,9902.08853733603
2025-08-23 15:00:00+00:00,9902.08853733603
2025-08-23 16:00:00+00:00,9902.08853733603
2025-08-23 17:00:00+00:00,9902.08853733603
2025-08-23 18:00:00+00:00,9902.08853733603
2025-08-23 19:00:00+00:00,9902.08853733603
2025-08-23 20:00:00+00:00,9902.08853733603
2025-08-23 21:00:00+00:00,9902.08853733603
2025-08-23 22:00:00+00:00,9902.08853733603
2025-08-23 23:00:00+00:00,9902.08853733603
2025-08-24 00:00:00+00:00,9902.08853733603
2025-08-24 01:00:00+00:00,9902.08853733603
2025-08-24 02:00:00+00:00,9902.08853733603
2025-08-24 03:00:00+00:00,9902.08853733603
2025-08-24 04:00:00+00:00,9902.08853733603
2025-08-24 05:00:00+00:00,9902.08853733603
2025-08-24 06:00:00+00:00,9902.08853733603
2025-08-24 07:00:00+00:00,9902.08853733603
2025-08-24 08:00:00+00:00,9902.08853733603
2025-08-24 09:00:00+00:00,9902.08853733603
2025-08-24 10:00:00+00:00,9902.08853733603
2025-08-24 11:00:00+00:00,9902.08853733603
2025-08-24 12:00:00+00:00,9902.08853733603
2025-08-24 13:00:00+00:00,9902.08853733603
2025-08-24 14:00:00+00:00,9902.08853733603
2025-08-24 15:00:00+00:00,9902.08853733603
2025-08-24 16:00:00+00:00,9902.08853733603
2025-08-24 17:00:00+00:00,9902.08853733603
2025-08-24 18:00:00+00:00,9902.08853733603
2025-08-24 19:00:00+00:00,9902.08853733603
2025-08-24 20:00:00+00:00,9902.08853733603
2025-08-24 21:00:00+00:00,9902.08853733603
2025-08-24 22:00:00+00:00,9902.08853733603
2025-08-24 23:00:00+00:00,9902.08853733603
2025-08-25 00:00:00+00:00,9902.08853733603
2025-08-25 01:00:00+00:00,9902.08853733603
2025-08-25 02:00:00+00:00,9902.08853733603
2025-08-25 03:00:00+00:00,9902.08853733603
2025-08-25 04:00:00+00:00,9902.08853733603
2025-08-25 05:00:00+00:00,9902.08853733603
2025-08-25 06:00:00+00:00,9902.08853733603
2025-08-25 07:00:00+00:00,9902.08853733603
2025-08-25 08:00:00+00:00,9902.08853733603
2025-08-25 09:00:00+00:00,9902.08853733603
2025-08-25 10:00:00+00:00,9902.08853733603
2025-08-25 11:00:00+00:00,9902.08853733603
2025-08-25 12:00:00+00:00,9902.08853733603
2025-08-25 13:00:00+00:00,9902.08853733603
2025-08-25 14:00:00+00:00,9902.08853733603
2025-08-25 15:00:00+00:00,9902.08853733603
2025-08-25 16:00:00+00:00,9902.08853733603
2025-08-25 17:00:00+00:00,9902.08853733603
2025-08-25 18:00:00+00:00,9902.08853733603
2025-08-25 19:00:00+00:00,9902.08853733603
2025-08-25 20:00:00+00:00,9902.08853733603
2025-08-25 21:00:00+00:00,9902.08853733603
2025-08-25 22:00:00+00:00,9878.494248226723
2025-08-25 23:00:00+00:00,9864.594648226723
2025-08-26 00:00:00+00:00,9866.371248226724
2025-08-26 01:00:00+00:00,9921.417611551231
2025-08-26 02:00:00+00:00,9878.19601155123
2025-08-26 03:00:00+00:00,9887.980811551231
2025-08-26 04:00:00+00:00,9879.54601155123
2025-08-26 05:00:00+00:00,9867.882011551232
2025-08-26 06:00:00+00:00,9862.46581155123
2025-08-26 07:00:00+00:00,9872.82841155123
2025-08-26 08:00:00+00:00,9856.90921155123
2025-08-26 09:00:00+00:00,9867.763185836431
2025-08-26 10:00:00+00:00,9864.463785836431
2025-08-26 11:00:00+00:00,9861.202185836431
2025-08-26 12:00:00+00:00,9878.84938583643
2025-08-26 13:00:00+00:00,9822.52672842638
2025-08-26 14:00:00+00:00,9822.52672842638
2025-08-26 15:00:00+00:00,9822.52672842638
2025-08-26 16:00:00+00:00,9822.52672842638
2025-08-26 17:00:00+00:00,9822.52672842638
2025-08-26 18:00:00+00:00,9822.52672842638
2025-08-26 19:00:00+00:00,9822.52672842638
2025-08-26 20:00:00+00:00,9822.52672842638
2025-08-26 21:00:00+00:00,9822.52672842638
2025-08-26 22:00:00+00:00,9822.52672842638
2025-08-26 23:00:00+00:00,9822.52672842638
2025-08-27 00:00:00+00:00,9822.52672842638
2025-08-27 01:00:00+00:00,9822.52672842638
2025-08-27 02:00:00+00:00,9822.52672842638
2025-08-27 03:00:00+00:00,9822.52672842638
2025-08-27 04:00:00+00:00,9822.52672842638
2025-08-27 05:00:00+00:00,9822.52672842638
2025-08-27 06:00:00+00:00,9822.52672842638
2025-08-27 07:00:00+00:00,9822.52672842638
2025-08-27 08:00:00+00:00,9822.52672842638
2025-08-27 09:00:00+00:00,9822.52672842638
2025-08-27 10:00:00+00:00,9822.52672842638
2025-08-27 11:00:00+00:00,9822.52672842638
2025-08-27 12:00:00+00:00,9822.52672842638
2025-08-27 13:00:00+00:00,9822.52672842638
2025-08-27 14:00:00+00:00,9822.52672842638
2025-08-27 15:00:00+00:00,9822.52672842638
2025-08-27 16:00:00+00:00,9822.52672842638
2025-08-27 17:00:00+00:00,9822.52672842638
2025-08-27 18:00:00+00:00,9822.52672842638
2025-08-27 19:00:00+00:00,9822.52672842638
2025-08-27 20:00:00+00:00,9822.52672842638
2025-08-27 21:00:00+00:00,9822.52672842638
2025-08-27 22:00:00+00:00,9822.52672842638
2025-08-27 23:00:00+00:00,9822.52672842638
2025-08-28 00:00:00+00:00,9822.52672842638
2025-08-28 01:00:00+00:00,9822.52672842638
2025-08-28 02:00:00+00:00,9822.52672842638
2025-08-28 03:00:00+00:00,9822.52672842638
2025-08-28 04:00:00+00:00,9822.52672842638
2025-08-28 05:00:00+00:00,9822.52672842638
2025-08-28 06:00:00+00:00,9822.52672842638
2025-08-28 07:00:00+00:00,9822.52672842638
2025-08-28 08:00:00+00:00,9822.52672842638
2025-08-28 09:00:00+00:00,9822.52672842638
2025-08-28 10:00:00+00:00,9822.52672842638
2025-08-28 11:00:00+00:00,9822.52672842638
2025-08-28 12:00:00+00:00,9822.52672842638
2025-08-28 13:00:00+00:00,9822.52672842638
2025-08-28 14:00:00+00:00,9822.52672842638
2025-08-28 15:00:00+00:00,9822.52672842638
2025-08-28 16:00:00+00:00,9822.52672842638
2025-08-28 17:00:00+00:00,9822.52672842638
2025-08-28 18:00:00+00:00,9822.52672842638
2025-08-28 19:00:00+00:00,9822.52672842638
2025-08-28 20:00:00+00:00,9822.52672842638
2025-08-28 21:00:00+00:00,9822.52672842638
2025-08-28 22:00:00+00:00,9822.52672842638
2025-08-28 23:00:00+00:00,9822.52672842638
2025-08-29 00:00:00+00:00,9822.52672842638
2025-08-29 01:00:00+00:00,9822.52672842638
2025-08-29 02:00:00+00:00,9822.52672842638
2025-08-29 03:00:00+00:00,9822.52672842638
2025-08-29 04:00:00+00:00,9822.52672842638
2025-08-29 05:00:00+00:00,9822.52672842638
2025-08-29 06:00:00+00:00,9822.52672842638
2025-08-29 07:00:00+00:00,9822.52672842638
2025-08-29 08:00:00+00:00,9822.52672842638
2025-08-29 09:00:00+00:00,9822.52672842638
2025-08-29 10:00:00+00:00,9822.52672842638
2025-08-29 11:00:00+00:00,9822.52672842638
2025-08-29 12:00:00+00:00,9822.52672842638
2025-08-29 13:00:00+00:00,9822.52672842638
2025-08-29 14:00:00+00:00,9822.52672842638
2025-08-29 15:00:00+00:00,9822.52672842638
2025-08-29 16:00:00+00:00,9805.887558893899
2025-08-29 17:00:00+00:00,9787.113419306059
2025-08-29 18:00:00+00:00,9801.30341930606
2025-08-29 19:00:00+00:00,9820.44341930606
2025-08-29 20:00:00+00:00,9816.66341930606
2025-08-29 21:00:00+00:00,9841.43741930606
2025-08-29 22:00:00+00:00,9802.38941930606
2025-08-29 23:00:00+00:00,9805.74341930606
2025-08-30 00:00:00+00:00,9806.04941930606
2025-08-30 01:00:00+00:00,9810.91841009318
2025-08-30 02:00:00+00:00,9862.18841009318
2025-08-30 03:00:00+00:00,9842.18441009318
2025-08-30 04:00:00+00:00,9804.40841009318
2025-08-30 05:00:00+00:00,9804.05441009318
2025-08-30 06:00:00+00:00,9808.476410093179
2025-08-30 07:00:00+00:00,9809.92241009318
2025-08-30 08:00:00+00:00,9798.486410093179
2025-08-30 09:00:00+00:00,9795.69368309402
2025-08-30 10:00:00+00:00,9798.44168309402
2025-08-30 11:00:00+00:00,9804.15368309402
2025-08-30 12:00:00+00:00,9788.68568309402
2025-08-30 13:00:00+00:00,9793.167683094021
2025-08-30 14:00:00+00:00,9797.46368309402
2025-08-30 15:00:00+00:00,9790.56968309402
2025-08-30 16:00:00+00:00,9775.993200825877
2025-08-30 17:00:00+00:00,9775.993200825877
2025-08-30 18:00:00+00:00,9775.993200825877
2025-08-30 19:00:00+00:00,9775.993200825877
2025-08-30 20:00:00+00:00,9775.993200825877
2025-08-30 21:00:00+00:00,9775.993200825877
2025-08-30 22:00:00+00:00,9775.993200825877
2025-08-30 23:00:00+00:00,9775.993200825877
2025-08-31 00:00:00+00:00,9775.993200825877
2025-08-31 01:00:00+00:00,9775.993200825877
2025-08-31 02:00:00+00:00,9775.993200825877
2025-08-31 03:00:00+00:00,9775.993200825877
2025-08-31 04:00:00+00:00,9775.993200825877
2025-08-31 05:00:00+00:00,9775.993200825877
2025-08-31 06:00:00+00:00,9775.993200825877
2025-08-31 07:00:00+00:00,9775.993200825877
2025-08-31 08:00:00+00:00,9775.993200825877
2025-08-31 09:00:00+00:00,9775.993200825877
2025-08-31 10:00:00+00:00,9775.993200825877
2025-08-31 11:00:00+00:00,9775.993200825877
2025-08-31 12:00:00+00:00,9775.993200825877
2025-08-31 13:00:00+00:00,9775.993200825877
2025-08-31 14:00:00+00:00,9775.993200825877
2025-08-31 15:00:00+00:00,9775.993200825877
2025-08-31 16:00:00+00:00,9775.993200825877
2025-08-31 17:00:00+00:00,9775.993200825877
2025-08-31 18:00:00+00:00,9775.993200825877
2025-08-31 19:00:00+00:00,9775.993200825877
2025-08-31 20:00:00+00:00,9775.993200825877
2025-08-31 21:00:00+00:00,9775.993200825877
2025-08-31 22:00:00+00:00,9775.993200825877
2025-08-31 23:00:00+00:00,9775.993200825877
2025-09-01 00:00:00+00:00,9775.993200825877
2025-09-01 01:00:00+00:00,9775.993200825877
2025-09-01 02:00:00+00:00,9775.993200825877
2025-09-01 03:00:00+00:00,9775.993200825877
2025-09-01 04:00:00+00:00,9775.993200825877
2025-09-01 05:00:00+00:00,9775.993200825877
2025-09-01 06:00:00+00:00,9775.993200825877
2025-09-01 07:00:00+00:00,9775.993200825877
2025-09-01 08:00:00+00:00,9775.993200825877
2025-09-01 09:00:00+00:00,9775.993200825877
2025-09-01 10:00:00+00:00,9775.993200825877
2025-09-01 11:00:00+00:00,9775.993200825877
2025-09-01 12:00:00+00:00,9775.993200825877
2025-09-01 13:00:00+00:00,9775.993200825877
2025-09-01 14:00:00+00:00,9775.993200825877
2025-09-01 15:00:00+00:00,9775.993200825877
2025-09-01 16:00:00+00:00,9775.993200825877
2025-09-01 17:00:00+00:00,9775.993200825877
2025-09-01 18:00:00+00:00,9775.993200825877
2025-09-01 19:00:00+00:00,9775.993200825877
2025-09-01 20:00:00+00:00,9775.993200825877
2025-09-01 21:00:00+00:00,9775.993200825877
2025-09-01 22:00:00+00:00,9775.993200825877
2025-09-01 23:00:00+00:00,9775.993200825877
2025-09-02 00:00:00+00:00,9775.993200825877
2025-09-02 01:00:00+00:00,9775.993200825877
2025-09-02 02:00:00+00:00,9775.993200825877
2025-09-02 03:00:00+00:00,9775.993200825877
2025-09-02 04:00:00+00:00,9775.993200825877
2025-09-02 05:00:00+00:00,9775.993200825877
2025-09-02 06:00:00+00:00,9775.993200825877
2025-09-02 07:00:00+00:00,9775.993200825877
2025-09-02 08:00:00+00:00,9775.993200825877
2025-09-02 09:00:00+00:00,9775.993200825877
2025-09-02 10:00:00+00:00,9775.993200825877
2025-09-02 11:00:00+00:00,9775.993200825877
2025-09-02 12:00:00+00:00,9775.993200825877
2025-09-02 13:00:00+00:00,9775.993200825877
2025-09-02 14:00:00+00:00,9775.993200825877
2025-09-02 15:00:00+00:00,9775.993200825877
2025-09-02 16:00:00+00:00,9775.993200825877
2025-09-02 17:00:00+00:00,9775.993200825877
2025-09-02 18:00:00+00:00,9775.993200825877
2025-09-02 19:00:00+00:00,9775.993200825877
2025-09-02 20:00:00+00:00,9775.993200825877
2025-09-02 21:00:00+00:00,9775.993200825877
2025-09-02 22:00:00+00:00,9775.993200825877
2025-09-02 23:00:00+00:00,9775.993200825877
2025-09-03 00:00:00+00:00,9775.993200825877
2025-09-03 01:00:00+00:00,9775.993200825877
2025-09-03 02:00:00+00:00,9775.993200825877
2025-09-03 03:00:00+00:00,9775.993200825877
2025-09-03 04:00:00+00:00,9775.993200825877
2025-09-03 05:00:00+00:00,9775.993200825877
2025-09-03 06:00:00+00:00,9775.993200825877
2025-09-03 07:00:00+00:00,9775.993200825877
2025-09-03 08:00:00+00:00,9775.993200825877
2025-09-03 09:00:00+00:00,9775.993200825877
2025-09-03 10:00:00+00:00,9775.993200825877
2025-09-03 11:00:00+00:00,9775.993200825877
2025-09-03 12:00:00+00:00,9775.993200825877
2025-09-03 13:00:00+00:00,9775.993200825877
2025-09-03 14:00:00+00:00,9775.993200825877
2025-09-03 15:00:00+00:00,9775.993200825877
2025-09-03 16:00:00+00:00,9775.993200825877
2025-09-03 17:00:00+00:00,9775.993200825877
2025-09-03 18:00:00+00:00,9775.993200825877
2025-09-03 19:00:00+00:00,9775.993200825877
2025-09-03 20:00:00+00:00,9775.993200825877
2025-09-03 21:00:00+00:00,9775.993200825877
2025-09-03 22:00:00+00:00,9775.993200825877
2025-09-03 23:00:00+00:00,9775.993200825877
2025-09-04 00:00:00+00:00,9775.993200825877
2025-09-04 01:00:00+00:00,9775.993200825877
2025-09-04 02:00:00+00:00,9775.993200825877
2025-09-04 03:00:00+00:00,9775.993200825877
2025-09-04 04:00:00+00:00,9775.993200825877
2025-09-04 05:00:00+00:00,9775.993200825877
2025-09-04 06:00:00+00:00,9775.993200825877
2025-09-04 07:00:00+00:00,9775.993200825877
2025-09-04 08:00:00+00:00,9775.993200825877
2025-09-04 09:00:00+00:00,9775.993200825877
2025-09-04 10:00:00+00:00,9775.993200825877
2025-09-04 11:00:00+00:00,9775.993200825877
2025-09-04 12:00:00+00:00,9775.993200825877
2025-09-04 13:00:00+00:00,9775.993200825877
2025-09-04 14:00:00+00:00,9775.993200825877
2025-09-04 15:00:00+00:00,9775.993200825877
2025-09-04 16:00:00+00:00,9775.993200825877
2025-09-04 17:00:00+00:00,9775.993200825877
2025-09-04 18:00:00+00:00,9775.993200825877
2025-09-04 19:00:00+00:00,9775.993200825877
2025-09-04 20:00:00+00:00,9775.993200825877
2025-09-04 21:00:00+00:00,9775.993200825877
2025-09-04 22:00:00+00:00,9775.993200825877
2025-09-04 23:00:00+00:00,9775.993200825877
2025-09-05 00:00:00+00:00,9775.993200825877
2025-09-05 01:00:00+00:00,9775.993200825877
2025-09-05 02:00:00+00:00,9775.993200825877
2025-09-05 03:00:00+00:00,9775.993200825877
2025-09-05 04:00:00+00:00,9775.993200825877
2025-09-05 05:00:00+00:00,9775.993200825877
2025-09-05 06:00:00+00:00,9775.993200825877
2025-09-05 07:00:00+00:00,9775.993200825877
2025-09-05 08:00:00+00:00,9775.993200825877
2025-09-05 09:00:00+00:00,9742.982775065877
2025-09-05 10:00:00+00:00,9716.086775065876
2025-09-05 11:00:00+00:00,9711.790775065878
2025-09-05 12:00:00+00:00,9719.830775065877
2025-09-05 13:00:00+00:00,9788.590775065877
2025-09-05 14:00:00+00:00,9778.134775065877
2025-09-05 15:00:00+00:00,9687.171922296047
2025-09-05 16:00:00+00:00,9687.171922296047
2025-09-05 17:00:00+00:00,9687.171922296047
2025-09-05 18:00:00+00:00,9687.171922296047
2025-09-05 19:00:00+00:00,9687.171922296047
2025-09-05 20:00:00+00:00,9687.171922296047
2025-09-05 21:00:00+00:00,9687.171922296047
2025-09-05 22:00:00+00:00,9687.171922296047
2025-09-05 23:00:00+00:00,9687.171922296047
2025-09-06 00:00:00+00:00,9687.171922296047
2025-09-06 01:00:00+00:00,9687.171922296047
2025-09-06 02:00:00+00:00,9687.171922296047
2025-09-06 03:00:00+00:00,9687.171922296047
2025-09-06 04:00:00+00:00,9687.171922296047
2025-09-06 05:00:00+00:00,9687.171922296047
2025-09-06 06:00:00+00:00,9687.171922296047
2025-09-06 07:00:00+00:00,9687.171922296047
2025-09-06 08:00:00+00:00,9687.171922296047
2025-09-06 09:00:00+00:00,9687.171922296047
2025-09-06 10:00:00+00:00,9687.171922296047
2025-09-06 11:00:00+00:00,9687.171922296047
2025-09-06 12:00:00+00:00,9687.171922296047
2025-09-06 13:00:00+00:00,9687.171922296047
2025-09-06 14:00:00+00:00,9687.171922296047
2025-09-06 15:00:00+00:00,9687.171922296047
2025-09-06 16:00:00+00:00,9687.171922296047
2025-09-06 17:00:00+00:00,9687.171922296047
2025-09-06 18:00:00+00:00,9687.171922296047
2025-09-06 19:00:00+00:00,9687.171922296047
2025-09-06 20:00:00+00:00,9687.171922296047
2025-09-06 21:00:00+00:00,9687.171922296047
2025-09-06 22:00:00+00:00,9687.171922296047
2025-09-06 23:00:00+00:00,9687.171922296047
2025-09-07 00:00:00+00:00,9687.171922296047
2025-09-07 01:00:00+00:00,9687.171922296047
2025-09-07 02:00:00+00:00,9687.171922296047
2025-09-07 03:00:00+00:00,9687.171922296047
2025-09-07 04:00:00+00:00,9687.171922296047
2025-09-07 05:00:00+00:00,9687.171922296047
2025-09-07 06:00:00+00:00,9687.171922296047
2025-09-07 07:00:00+00:00,9687.171922296047
2025-09-07 08:00:00+00:00,9687.171922296047
2025-09-07 09:00:00+00:00,9687.171922296047
2025-09-07 10:00:00+00:00,9687.171922296047
2025-09-07 11:00:00+00:00,9687.171922296047
2025-09-07 12:00:00+00:00,9687.171922296047
2025-09-07 13:00:00+00:00,9687.171922296047
2025-09-07 14:00:00+00:00,9687.171922296047
2025-09-07 15:00:00+00:00,9687.171922296047
2025-09-07 16:00:00+00:00,9687.171922296047
2025-09-07 17:00:00+00:00,9687.171922296047
2025-09-07 18:00:00+00:00,9687.171922296047
2025-09-07 19:00:00+00:00,9687.171922296047
2025-09-07 20:00:00+00:00,9687.171922296047
2025-09-07 21:00:00+00:00,9687.171922296047
2025-09-07 22:00:00+00:00,9687.171922296047
2025-09-07 23:00:00+00:00,9687.171922296047
2025-09-08 00:00:00+00:00,9687.171922296047
2025-09-08 01:00:00+00:00,9687.171922296047
2025-09-08 02:00:00+00:00,9687.171922296047
2025-09-08 03:00:00+00:00,9687.171922296047
2025-09-08 04:00:00+00:00,9687.171922296047
2025-09-08 05:00:00+00:00,9687.171922296047
2025-09-08 06:00:00+00:00,9687.171922296047
2025-09-08 07:00:00+00:00,9687.171922296047
2025-09-08 08:00:00+00:00,9687.171922296047
2025-09-08 09:00:00+00:00,9687.171922296047
2025-09-08 10:00:00+00:00,9687.171922296047
2025-09-08 11:00:00+00:00,9687.171922296047
2025-09-08 12:00:00+00:00,9687.171922296047
2025-09-08 13:00:00+00:00,9687.171922296047
2025-09-08 14:00:00+00:00,9687.171922296047
2025-09-08 15:00:00+00:00,9687.171922296047
2025-09-08 16:00:00+00:00,9687.171922296047
2025-09-08 17:00:00+00:00,9687.171922296047
2025-09-08 18:00:00+00:00,9687.171922296047
2025-09-08 19:00:00+00:00,9687.171922296047
2025-09-08 20:00:00+00:00,9687.171922296047
2025-09-08 21:00:00+00:00,9687.171922296047
2025-09-08 22:00:00+00:00,9687.171922296047
2025-09-08 23:00:00+00:00,9687.171922296047
2025-09-09 00:00:00+00:00,9687.171922296047
2025-09-09 01:00:00+00:00,9687.171922296047
2025-09-09 02:00:00+00:00,9687.171922296047
2025-09-09 03:00:00+00:00,9687.171922296047
2025-09-09 04:00:00+00:00,9687.171922296047
2025-09-09 05:00:00+00:00,9687.171922296047
2025-09-09 06:00:00+00:00,9687.171922296047
2025-09-09 07:00:00+00:00,9687.171922296047
2025-09-09 08:00:00+00:00,9687.171922296047
2025-09-09 09:00:00+00:00,9687.171922296047
2025-09-09 10:00:00+00:00,9687.171922296047
2025-09-09 11:00:00+00:00,9687.171922296047
2025-09-09 12:00:00+00:00,9687.171922296047
2025-09-09 13:00:00+00:00,9687.171922296047
2025-09-09 14:00:00+00:00,9687.171922296047
2025-09-09 15:00:00+00:00,9687.171922296047
2025-09-09 16:00:00+00:00,9687.171922296047
2025-09-09 17:00:00+00:00,9687.171922296047
2025-09-09 18:00:00+00:00,9687.171922296047
2025-09-09 19:00:00+00:00,9687.171922296047
2025-09-09 20:00:00+00:00,9687.171922296047
2025-09-09 21:00:00+00:00,9687.171922296047
2025-09-09 22:00:00+00:00,9687.171922296047
2025-09-09 23:00:00+00:00,9687.171922296047
2025-09-10 00:00:00+00:00,9687.171922296047
2025-09-10 01:00:00+00:00,9687.171922296047
2025-09-10 02:00:00+00:00,9687.171922296047
2025-09-10 03:00:00+00:00,9687.171922296047
2025-09-10 04:00:00+00:00,9687.171922296047
2025-09-10 05:00:00+00:00,9687.171922296047
2025-09-10 06:00:00+00:00,9687.171922296047
2025-09-10 07:00:00+00:00,9687.171922296047
2025-09-10 08:00:00+00:00,9687.171922296047
2025-09-10 09:00:00+00:00,9687.171922296047
2025-09-10 10:00:00+00:00,9687.171922296047
2025-09-10 11:00:00+00:00,9687.171922296047
2025-09-10 12:00:00+00:00,9687.171922296047
2025-09-10 13:00:00+00:00,9687.171922296047
2025-09-10 14:00:00+00:00,9722.976505459648
2025-09-10 15:00:00+00:00,9719.670005459648
2025-09-10 16:00:00+00:00,9713.626505459648
2025-09-10 17:00:00+00:00,9706.080194409646
2025-09-10 18:00:00+00:00,9703.521694409646
2025-09-10 19:00:00+00:00,9691.298694409646
2025-09-10 20:00:00+00:00,9689.190694409646
2025-09-10 21:00:00+00:00,9688.204694409647
2025-09-10 22:00:00+00:00,9711.086694409647
2025-09-10 23:00:00+00:00,9715.226194409646
2025-09-11 00:00:00+00:00,9720.776694409647
2025-09-11 01:00:00+00:00,9714.830520257607
2025-09-11 02:00:00+00:00,9716.437020257606
2025-09-11 03:00:00+00:00,9709.841020257607
2025-09-11 04:00:00+00:00,9759.107020257607
2025-09-11 05:00:00+00:00,9737.729520257606
2025-09-11 06:00:00+00:00,9747.266520257608
2025-09-11 07:00:00+00:00,9752.749020257608
2025-09-11 08:00:00+00:00,9732.383020257606
2025-09-11 09:00:00+00:00,9729.043851571552
2025-09-11 10:00:00+00:00,9716.455351571552
2025-09-11 11:00:00+00:00,9728.831351571553
2025-09-11 12:00:00+00:00,9725.244351571551
2025-09-11 13:00:00+00:00,9722.609351571551
2025-09-11 14:00:00+00:00,9673.166589689476
2025-09-11 15:00:00+00:00,9649.542345347092
2025-09-11 16:00:00+00:00,9626.20714534709
2025-09-11 17:00:00+00:00,9651.600705621075
2025-09-11 18:00:00+00:00,9660.479505621075
2025-09-11 19:00:00+00:00,9636.993105621075
2025-09-11 20:00:00+00:00,9646.737105621074
2025-09-11 21:00:00+00:00,9644.435505621075
2025-09-11 22:00:00+00:00,9651.432705621075
2025-09-11 23:00:00+00:00,9702.748305621075
2025-09-12 00:00:00+00:00,9735.483105621075
2025-09-12 01:00:00+00:00,9765.808470201917
2025-09-12 02:00:00+00:00,9726.698070201915
2025-09-12 03:00:00+00:00,9726.950070201916
2025-09-12 04:00:00+00:00,9710.637270201916
2025-09-12 05:00:00+00:00,9725.438070201915
2025-09-12 06:00:00+00:00,9746.026470201916
2025-09-12 07:00:00+00:00,9721.742070201915
2025-09-12 08:00:00+00:00,9703.136070201916
2025-09-12 09:00:00+00:00,9699.823526627546
2025-09-12 10:00:00+00:00,9699.495926627547
2025-09-12 11:00:00+00:00,9692.641526627547
2025-09-12 12:00:00+00:00,9687.147926627547
2025-09-12 13:00:00+00:00,9671.17976430733
2025-09-12 14:00:00+00:00,9671.17976430733
2025-09-12 15:00:00+00:00,9671.17976430733
2025-09-12 16:00:00+00:00,9671.17976430733
2025-09-12 17:00:00+00:00,9671.17976430733
2025-09-12 18:00:00+00:00,9671.17976430733
2025-09-12 19:00:00+00:00,9671.17976430733
2025-09-12 20:00:00+00:00,9673.868759604266
2025-09-12 21:00:00+00:00,9634.626359604265
2025-09-12 22:00:00+00:00,9611.568959604265
2025-09-12 23:00:00+00:00,9625.048159604265
2025-09-13 00:00:00+00:00,9625.504659604265
2025-09-13 01:00:00+00:00,9640.320350864153
2025-09-13 02:00:00+00:00,9589.279626623797
2025-09-13 03:00:00+00:00,9589.279626623797
2025-09-13 04:00:00+00:00,9589.279626623797
2025-09-13 05:00:00+00:00,9589.279626623797
2025-09-13 06:00:00+00:00,9589.279626623797
2025-09-13 07:00:00+00:00,9589.279626623797
2025-09-13 08:00:00+00:00,9589.279626623797
2025-09-13 09:00:00+00:00,9589.279626623797
2025-09-13 10:00:00+00:00,9589.279626623797
2025-09-13 11:00:00+00:00,9589.279626623797
2025-09-13 12:00:00+00:00,9589.279626623797
2025-09-13 13:00:00+00:00,9589.279626623797
2025-09-13 14:00:00+00:00,9589.279626623797
2025-09-13 15:00:00+00:00,9589.279626623797
2025-09-13 16:00:00+00:00,9589.279626623797
2025-09-13 17:00:00+00:00,9589.279626623797
2025-09-13 18:00:00+00:00,9589.279626623797
2025-09-13 19:00:00+00:00,9589.279626623797
2025-09-13 20:00:00+00:00,9589.279626623797
2025-09-13 21:00:00+00:00,9589.279626623797
2025-09-13 22:00:00+00:00,9589.279626623797
2025-09-13 23:00:00+00:00,9589.279626623797
2025-09-14 00:00:00+00:00,9589.279626623797
2025-09-14 01:00:00+00:00,9589.279626623797
2025-09-14 02:00:00+00:00,9589.279626623797
2025-09-14 03:00:00+00:00,9589.279626623797
2025-09-14 04:00:00+00:00,9589.279626623797
2025-09-14 05:00:00+00:00,9589.279626623797
2025-09-14 06:00:00+00:00,9589.279626623797
2025-09-14 07:00:00+00:00,9589.279626623797
2025-09-14 08:00:00+00:00,9589.279626623797
2025-09-14 09:00:00+00:00,9589.279626623797
2025-09-14 10:00:00+00:00,9589.279626623797
2025-09-14 11:00:00+00:00,9589.279626623797
2025-09-14 12:00:00+00:00,9589.279626623797
2025-09-14 13:00:00+00:00,9589.279626623797
2025-09-14 14:00:00+00:00,9589.279626623797
2025-09-14 15:00:00+00:00,9589.279626623797
2025-09-14 16:00:00+00:00,9589.279626623797
2025-09-14 17:00:00+00:00,9589.279626623797
2025-09-14 18:00:00+00:00,9589.279626623797
2025-09-14 19:00:00+00:00,9589.279626623797
2025-09-14 20:00:00+00:00,9589.279626623797
2025-09-14 21:00:00+00:00,9589.279626623797
2025-09-14 22:00:00+00:00,9589.279626623797
2025-09-14 23:00:00+00:00,9589.279626623797
2025-09-15 00:00:00+00:00,9589.279626623797
2025-09-15 01:00:00+00:00,9589.279626623797
2025-09-15 02:00:00+00:00,9589.279626623797
2025-09-15 03:00:00+00:00,9589.279626623797
2025-09-15 04:00:00+00:00,9589.279626623797
2025-09-15 05:00:00+00:00,9589.279626623797
2025-09-15 06:00:00+00:00,9589.279626623797
2025-09-15 07:00:00+00:00,9589.279626623797
2025-09-15 08:00:00+00:00,9589.279626623797
2025-09-15 09:00:00+00:00,9589.279626623797
2025-09-15 10:00:00+00:00,9589.279626623797
2025-09-15 11:00:00+00:00,9589.279626623797
2025-09-15 12:00:00+00:00,9589.279626623797
2025-09-15 13:00:00+00:00,9589.279626623797
2025-09-15 14:00:00+00:00,9589.279626623797
2025-09-15 15:00:00+00:00,9589.279626623797
2025-09-15 16:00:00+00:00,9589.279626623797
2025-09-15 17:00:00+00:00,9589.279626623797
2025-09-15 18:00:00+00:00,9589.279626623797
2025-09-15 19:00:00+00:00,9589.279626623797
2025-09-15 20:00:00+00:00,9589.279626623797
2025-09-15 21:00:00+00:00,9589.279626623797
2025-09-15 22:00:00+00:00,9589.279626623797
2025-09-15 23:00:00+00:00,9589.279626623797
2025-09-16 00:00:00+00:00,9589.279626623797
2025-09-16 01:00:00+00:00,9589.279626623797
2025-09-16 02:00:00+00:00,9589.279626623797
2025-09-16 03:00:00+00:00,9589.279626623797
2025-09-16 04:00:00+00:00,9589.279626623797
2025-09-16 05:00:00+00:00,9589.279626623797
2025-09-16 06:00:00+00:00,9589.279626623797
2025-09-16 07:00:00+00:00,9589.279626623797
2025-09-16 08:00:00+00:00,9589.279626623797
2025-09-16 09:00:00+00:00,9589.279626623797
2025-09-16 10:00:00+00:00,9589.279626623797
2025-09-16 11:00:00+00:00,9589.279626623797
2025-09-16 12:00:00+00:00,9589.279626623797
2025-09-16 13:00:00+00:00,9589.279626623797
2025-09-16 14:00:00+00:00,9589.279626623797
2025-09-16 15:00:00+00:00,9589.279626623797
2025-09-16 16:00:00+00:00,9589.279626623797
2025-09-16 17:00:00+00:00,9589.279626623797
2025-09-16 18:00:00+00:00,9589.279626623797
2025-09-16 19:00:00+00:00,9589.279626623797
2025-09-16 20:00:00+00:00,9589.279626623797
2025-09-16 21:00:00+00:00,9589.279626623797
2025-09-16 22:00:00+00:00,9589.279626623797
2025-09-16 23:00:00+00:00,9589.279626623797
2025-09-17 00:00:00+00:00,9589.279626623797
2025-09-17 01:00:00+00:00,9589.279626623797
2025-09-17 02:00:00+00:00,9589.279626623797
2025-09-17 03:00:00+00:00,9589.279626623797
2025-09-17 04:00:00+00:00,9589.279626623797
2025-09-17 05:00:00+00:00,9589.279626623797
2025-09-17 06:00:00+00:00,9589.279626623797
2025-09-17 07:00:00+00:00,9589.279626623797
2025-09-17 08:00:00+00:00,9589.279626623797
2025-09-17 09:00:00+00:00,9589.279626623797
2025-09-17 10:00:00+00:00,9589.279626623797
2025-09-17 11:00:00+00:00,9589.279626623797
2025-09-17 12:00:00+00:00,9589.279626623797
2025-09-17 13:00:00+00:00,9589.279626623797
2025-09-17 14:00:00+00:00,9589.279626623797
2025-09-17 15:00:00+00:00,9589.279626623797
2025-09-17 16:00:00+00:00,9589.279626623797
2025-09-17 17:00:00+00:00,9589.279626623797
2025-09-17 18:00:00+00:00,9589.279626623797
2025-09-17 19:00:00+00:00,9589.279626623797
2025-09-17 20:00:00+00:00,9589.279626623797
2025-09-17 21:00:00+00:00,9589.279626623797
2025-09-17 22:00:00+00:00,9589.279626623797
2025-09-17 23:00:00+00:00,9589.279626623797
2025-09-18 00:00:00+00:00,9589.279626623797
2025-09-18 01:00:00+00:00,9589.279626623797
2025-09-18 02:00:00+00:00,9589.279626623797
2025-09-18 03:00:00+00:00,9589.279626623797
2025-09-18 04:00:00+00:00,9589.279626623797
2025-09-18 05:00:00+00:00,9584.323874503783
2025-09-18 06:00:00+00:00,9560.233574503784
2025-09-18 07:00:00+00:00,9547.226374503784
2025-09-18 08:00:00+00:00,9546.431174503785
2025-09-18 09:00:00+00:00,9556.587811923528
2025-09-18 10:00:00+00:00,9561.153111923526
2025-09-18 11:00:00+00:00,9553.485111923526
2025-09-18 12:00:00+00:00,9544.368711923527
2025-09-18 13:00:00+00:00,9548.557711923528
2025-09-18 14:00:00+00:00,9570.390211923526
2025-09-18 15:00:00+00:00,9584.135811923528
2025-09-18 16:00:00+00:00,9580.955011923528
2025-09-18 17:00:00+00:00,9579.20516929559
2025-09-18 18:00:00+00:00,9580.596769295591
2025-09-18 19:00:00+00:00,9596.912569295591
2025-09-18 20:00:00+00:00,9571.56556929559
2025-09-18 21:00:00+00:00,9575.243369295591
2025-09-18 22:00:00+00:00,9559.49556929559
2025-09-18 23:00:00+00:00,9542.59756929559
2025-09-19 00:00:00+00:00,9523.482914734708
2025-09-19 01:00:00+00:00,9523.482914734708
2025-09-19 02:00:00+00:00,9523.482914734708
2025-09-19 03:00:00+00:00,9523.482914734708
2025-09-19 04:00:00+00:00,9523.482914734708
2025-09-19 05:00:00+00:00,9523.482914734708
2025-09-19 06:00:00+00:00,9523.482914734708
2025-09-19 07:00:00+00:00,9523.482914734708
2025-09-19 08:00:00+00:00,9523.482914734708
2025-09-19 09:00:00+00:00,9523.482914734708
2025-09-19 10:00:00+00:00,9523.482914734708
2025-09-19 11:00:00+00:00,9523.482914734708
2025-09-19 12:00:00+00:00,9523.482914734708
2025-09-19 13:00:00+00:00,9523.482914734708
2025-09-19 14:00:00+00:00,9523.482914734708
2025-09-19 15:00:00+00:00,9523.482914734708
2025-09-19 16:00:00+00:00,9523.482914734708
2025-09-19 17:00:00+00:00,9523.482914734708
2025-09-19 18:00:00+00:00,9523.482914734708
2025-09-19 19:00:00+00:00,9523.482914734708
2025-09-19 20:00:00+00:00,9523.482914734708
2025-09-19 21:00:00+00:00,9523.482914734708
2025-09-19 22:00:00+00:00,9523.482914734708
2025-09-19 23:00:00+00:00,9523.482914734708
2025-09-20 00:00:00+00:00,9523.482914734708
2025-09-20 01:00:00+00:00,9523.482914734708
2025-09-20 02:00:00+00:00,9523.482914734708
2025-09-20 03:00:00+00:00,9523.482914734708
2025-09-20 04:00:00+00:00,9523.482914734708
2025-09-20 05:00:00+00:00,9523.482914734708
2025-09-20 06:00:00+00:00,9523.482914734708
2025-09-20 07:00:00+00:00,9523.482914734708
2025-09-20 08:00:00+00:00,9523.482914734708
2025-09-20 09:00:00+00:00,9523.482914734708
2025-09-20 10:00:00+00:00,9523.482914734708
2025-09-20 11:00:00+00:00,9523.482914734708
2025-09-20 12:00:00+00:00,9523.482914734708
2025-09-20 13:00:00+00:00,9523.482914734708
2025-09-20 14:00:00+00:00,9523.482914734708
2025-09-20 15:00:00+00:00,9523.482914734708
2025-09-20 16:00:00+00:00,9523.482914734708
2025-09-20 17:00:00+00:00,9523.482914734708
2025-09-20 18:00:00+00:00,9523.482914734708
2025-09-20 19:00:00+00:00,9523.482914734708
2025-09-20 20:00:00+00:00,9523.482914734708
2025-09-20 21:00:00+00:00,9523.482914734708
2025-09-20 22:00:00+00:00,9523.482914734708
2025-09-20 23:00:00+00:00,9523.482914734708
2025-09-21 00:00:00+00:00,9523.482914734708
2025-09-21 01:00:00+00:00,9523.482914734708
2025-09-21 02:00:00+00:00,9523.482914734708
2025-09-21 03:00:00+00:00,9523.482914734708
2025-09-21 04:00:00+00:00,9523.482914734708
2025-09-21 05:00:00+00:00,9523.482914734708
2025-09-21 06:00:00+00:00,9523.482914734708
2025-09-21 07:00:00+00:00,9523.482914734708
2025-09-21 08:00:00+00:00,9523.482914734708
2025-09-21 09:00:00+00:00,9523.482914734708
2025-09-21 10:00:00+00:00,9523.482914734708
2025-09-21 11:00:00+00:00,9523.482914734708
2025-09-21 12:00:00+00:00,9523.482914734708
2025-09-21 13:00:00+00:00,9523.482914734708
2025-09-21 14:00:00+00:00,9523.482914734708
2025-09-21 15:00:00+00:00,9523.482914734708
2025-09-21 16:00:00+00:00,9523.482914734708
2025-09-21 17:00:00+00:00,9523.482914734708
2025-09-21 18:00:00+00:00,9523.482914734708
2025-09-21 19:00:00+00:00,9523.482914734708
2025-09-21 20:00:00+00:00,9523.482914734708
2025-09-21 21:00:00+00:00,9523.482914734708
2025-09-21 22:00:00+00:00,9523.482914734708
2025-09-21 23:00:00+00:00,9523.482914734708
2025-09-22 00:00:00+00:00,9523.482914734708
2025-09-22 01:00:00+00:00,9523.482914734708
2025-09-22 02:00:00+00:00,9523.482914734708
2025-09-22 03:00:00+00:00,9523.482914734708
2025-09-22 04:00:00+00:00,9523.482914734708
2025-09-22 05:00:00+00:00,9523.482914734708
2025-09-22 06:00:00+00:00,9523.482914734708
2025-09-22 07:00:00+00:00,9586.892171642809
2025-09-22 08:00:00+00:00,9611.327371642808
2025-09-22 09:00:00+00:00,9602.036358443413
2025-09-22 10:00:00+00:00,9625.251458443412
2025-09-22 11:00:00+00:00,9588.399458443411
2025-09-22 12:00:00+00:00,9581.634958443412
2025-09-22 13:00:00+00:00,9592.590958443412
2025-09-22 14:00:00+00:00,9558.975958443412
2025-09-22 15:00:00+00:00,9534.324226974877
2025-09-22 16:00:00+00:00,9534.324226974877
2025-09-22 17:00:00+00:00,9534.324226974877
2025-09-22 18:00:00+00:00,9534.324226974877
2025-09-22 19:00:00+00:00,9534.324226974877
2025-09-22 20:00:00+00:00,9534.324226974877
2025-09-22 21:00:00+00:00,9534.324226974877
2025-09-22 22:00:00+00:00,9534.324226974877
2025-09-22 23:00:00+00:00,9534.324226974877
2025-09-23 00:00:00+00:00,9534.324226974877
2025-09-23 01:00:00+00:00,9534.324226974877
2025-09-23 02:00:00+00:00,9534.324226974877
2025-09-23 03:00:00+00:00,9534.324226974877
2025-09-23 04:00:00+00:00,9534.324226974877
2025-09-23 05:00:00+00:00,9534.324226974877
2025-09-23 06:00:00+00:00,9534.324226974877
2025-09-23 07:00:00+00:00,9534.324226974877
2025-09-23 08:00:00+00:00,9534.324226974877
2025-09-23 09:00:00+00:00,9534.324226974877
2025-09-23 10:00:00+00:00,9534.324226974877
2025-09-23 11:00:00+00:00,9534.324226974877
2025-09-23 12:00:00+00:00,9534.324226974877
2025-09-23 13:00:00+00:00,9534.324226974877
2025-09-23 14:00:00+00:00,9534.324226974877
2025-09-23 15:00:00+00:00,9534.324226974877
2025-09-23 16:00:00+00:00,9534.324226974877
2025-09-23 17:00:00+00:00,9534.324226974877
2025-09-23 18:00:00+00:00,9534.324226974877
2025-09-23 19:00:00+00:00,9534.324226974877
2025-09-23 20:00:00+00:00,9534.324226974877
2025-09-23 21:00:00+00:00,9534.324226974877
2025-09-23 22:00:00+00:00,9534.324226974877
2025-09-23 23:00:00+00:00,9534.324226974877
2025-09-24 00:00:00+00:00,9534.324226974877
2025-09-24 01:00:00+00:00,9534.324226974877
2025-09-24 02:00:00+00:00,9534.324226974877
2025-09-24 03:00:00+00:00,9534.324226974877
2025-09-24 04:00:00+00:00,9534.324226974877
2025-09-24 05:00:00+00:00,9534.324226974877
2025-09-24 06:00:00+00:00,9534.324226974877
2025-09-24 07:00:00+00:00,9534.324226974877
2025-09-24 08:00:00+00:00,9534.324226974877
2025-09-24 09:00:00+00:00,9534.324226974877
2025-09-24 10:00:00+00:00,9534.324226974877
2025-09-24 11:00:00+00:00,9534.324226974877
2025-09-24 12:00:00+00:00,9534.324226974877
2025-09-24 13:00:00+00:00,9534.324226974877
2025-09-24 14:00:00+00:00,9534.324226974877
2025-09-24 15:00:00+00:00,9534.324226974877
2025-09-24 16:00:00+00:00,9534.324226974877
2025-09-24 17:00:00+00:00,9534.324226974877
2025-09-24 18:00:00+00:00,9534.324226974877
2025-09-24 19:00:00+00:00,9534.324226974877
2025-09-24 20:00:00+00:00,9534.324226974877
2025-09-24 21:00:00+00:00,9534.324226974877
2025-09-24 22:00:00+00:00,9534.324226974877
2025-09-24 23:00:00+00:00,9534.324226974877
2025-09-25 00:00:00+00:00,9534.324226974877
2025-09-25 01:00:00+00:00,9534.324226974877
2025-09-25 02:00:00+00:00,9534.324226974877
2025-09-25 03:00:00+00:00,9534.324226974877
2025-09-25 04:00:00+00:00,9534.324226974877
2025-09-25 05:00:00+00:00,9534.324226974877
2025-09-25 06:00:00+00:00,9534.324226974877
2025-09-25 07:00:00+00:00,9534.324226974877
2025-09-25 08:00:00+00:00,9534.324226974877
2025-09-25 09:00:00+00:00,9534.324226974877
2025-09-25 10:00:00+00:00,9534.324226974877
2025-09-25 11:00:00+00:00,9534.324226974877
2025-09-25 12:00:00+00:00,9534.324226974877
2025-09-25 13:00:00+00:00,9534.324226974877
2025-09-25 14:00:00+00:00,9534.324226974877
2025-09-25 15:00:00+00:00,9534.324226974877
2025-09-25 16:00:00+00:00,9534.324226974877
2025-09-25 17:00:00+00:00,9534.324226974877
2025-09-25 18:00:00+00:00,9534.324226974877
2025-09-25 19:00:00+00:00,9471.561941494801
2025-09-25 20:00:00+00:00,9495.605541494802
2025-09-25 21:00:00+00:00,9507.614941494801
2025-09-25 22:00:00+00:00,9493.106941494802
2025-09-25 23:00:00+00:00,9492.567541494802
2025-09-26 00:00:00+00:00,9519.537541494801
2025-09-26 01:00:00+00:00,9489.704617992436
2025-09-26 02:00:00+00:00,9476.008817992437
2025-09-26 03:00:00+00:00,9479.617217992438
2025-09-26 04:00:00+00:00,9482.357617992437
2025-09-26 05:00:00+00:00,9497.088817992437
2025-09-26 06:00:00+00:00,9503.115217992437
2025-09-26 07:00:00+00:00,9497.163217992438
2025-09-26 08:00:00+00:00,9499.736217992437
2025-09-26 09:00:00+00:00,9483.731762596119
2025-09-26 10:00:00+00:00,9483.589162596118
2025-09-26 11:00:00+00:00,9525.39576259612
2025-09-26 12:00:00+00:00,9510.844362596119
2025-09-26 13:00:00+00:00,9495.517962596117
2025-09-26 14:00:00+00:00,9477.463562596118
2025-09-26 15:00:00+00:00,9528.588762596119
2025-09-26 16:00:00+00:00,9517.47216259612
2025-09-26 17:00:00+00:00,9491.172295062039
2025-09-26 18:00:00+00:00,9463.972895062037
2025-09-26 19:00:00+00:00,9444.61856671713
2025-09-26 20:00:00+00:00,9444.61856671713
2025-09-26 21:00:00+00:00,9444.61856671713
2025-09-26 22:00:00+00:00,9444.61856671713
2025-09-26 23:00:00+00:00,9444.61856671713
2025-09-27 00:00:00+00:00,9444.61856671713
2025-09-27 01:00:00+00:00,9444.61856671713
2025-09-27 02:00:00+00:00,9444.61856671713
2025-09-27 03:00:00+00:00,9444.61856671713
2025-09-27 04:00:00+00:00,9444.61856671713
2025-09-27 05:00:00+00:00,9444.61856671713
2025-09-27 06:00:00+00:00,9444.61856671713
2025-09-27 07:00:00+00:00,9444.61856671713
2025-09-27 08:00:00+00:00,9444.61856671713
2025-09-27 09:00:00+00:00,9444.61856671713
2025-09-27 10:00:00+00:00,9444.61856671713
2025-09-27 11:00:00+00:00,9444.61856671713
2025-09-27 12:00:00+00:00,9444.61856671713
2025-09-27 13:00:00+00:00,9444.61856671713
2025-09-27 14:00:00+00:00,9444.61856671713
2025-09-27 15:00:00+00:00,9444.61856671713
2025-09-27 16:00:00+00:00,9444.61856671713
2025-09-27 17:00:00+00:00,9444.61856671713
2025-09-27 18:00:00+00:00,9444.61856671713
2025-09-27 19:00:00+00:00,9444.61856671713
2025-09-27 20:00:00+00:00,9444.61856671713
2025-09-27 21:00:00+00:00,9444.61856671713
2025-09-27 22:00:00+00:00,9444.61856671713
2025-09-27 23:00:00+00:00,9444.61856671713
2025-09-28 00:00:00+00:00,9444.61856671713
2025-09-28 01:00:00+00:00,9444.61856671713
2025-09-28 02:00:00+00:00,9444.61856671713
2025-09-28 03:00:00+00:00,9444.61856671713
2025-09-28 04:00:00+00:00,9444.61856671713
2025-09-28 05:00:00+00:00,9444.61856671713
2025-09-28 06:00:00+00:00,9444.61856671713
2025-09-28 07:00:00+00:00,9444.61856671713
2025-09-28 08:00:00+00:00,9444.61856671713
2025-09-28 09:00:00+00:00,9444.61856671713
2025-09-28 10:00:00+00:00,9444.61856671713
2025-09-28 11:00:00+00:00,9444.61856671713
2025-09-28 12:00:00+00:00,9444.61856671713
2025-09-28 13:00:00+00:00,9444.61856671713
2025-09-28 14:00:00+00:00,9444.61856671713
2025-09-28 15:00:00+00:00,9444.61856671713
2025-09-28 16:00:00+00:00,9444.61856671713
2025-09-28 17:00:00+00:00,9444.61856671713
2025-09-28 18:00:00+00:00,9444.61856671713
2025-09-28 19:00:00+00:00,9444.61856671713
2025-09-28 20:00:00+00:00,9444.61856671713
2025-09-28 21:00:00+00:00,9444.61856671713
2025-09-28 22:00:00+00:00,9444.61856671713
2025-09-28 23:00:00+00:00,9444.61856671713
2025-09-29 00:00:00+00:00,9444.61856671713
2025-09-29 01:00:00+00:00,9444.61856671713
2025-09-29 02:00:00+00:00,9444.61856671713
2025-09-29 03:00:00+00:00,9444.61856671713
2025-09-29 04:00:00+00:00,9444.61856671713
2025-09-29 05:00:00+00:00,9444.61856671713
2025-09-29 06:00:00+00:00,9444.61856671713
2025-09-29 07:00:00+00:00,9444.61856671713
2025-09-29 08:00:00+00:00,9444.61856671713
2025-09-29 09:00:00+00:00,9444.61856671713
2025-09-29 10:00:00+00:00,9444.61856671713
2025-09-29 11:00:00+00:00,9444.61856671713
2025-09-29 12:00:00+00:00,9444.61856671713
2025-09-29 13:00:00+00:00,9444.61856671713
2025-09-29 14:00:00+00:00,9444.61856671713
2025-09-29 15:00:00+00:00,9444.61856671713
2025-09-29 16:00:00+00:00,9444.61856671713
2025-09-29 17:00:00+00:00,9444.61856671713
2025-09-29 18:00:00+00:00,9444.61856671713
2025-09-29 19:00:00+00:00,9444.61856671713
2025-09-29 20:00:00+00:00,9444.61856671713
2025-09-29 21:00:00+00:00,9434.991359432806
2025-09-29 22:00:00+00:00,9429.300559432806
2025-09-29 23:00:00+00:00,9429.710559432806
2025-09-30 00:00:00+00:00,9440.468959432807
2025-09-30 01:00:00+00:00,9457.36190492864
2025-09-30 02:00:00+00:00,9456.476304928641
2025-09-30 03:00:00+00:00,9452.41730492864
2025-09-30 04:00:00+00:00,9445.529304928641
2025-09-30 05:00:00+00:00,9422.21670492864
2025-09-30 06:00:00+00:00,9407.43210492864
2025-09-30 07:00:00+00:00,9406.06270492864
2025-09-30 08:00:00+00:00,9374.771165249724
2025-09-30 09:00:00+00:00,9374.771165249724
2025-09-30 10:00:00+00:00,9374.771165249724
2025-09-30 11:00:00+00:00,9374.771165249724
2025-09-30 12:00:00+00:00,9374.771165249724
2025-09-30 13:00:00+00:00,9374.771165249724
2025-09-30 14:00:00+00:00,9374.771165249724
2025-09-30 15:00:00+00:00,9374.771165249724
2025-09-30 16:00:00+00:00,9374.771165249724
2025-09-30 17:00:00+00:00,9374.771165249724
2025-09-30 18:00:00+00:00,9374.771165249724
2025-09-30 19:00:00+00:00,9374.771165249724
2025-09-30 20:00:00+00:00,9374.771165249724
2025-09-30 21:00:00+00:00,9374.771165249724
2025-09-30 22:00:00+00:00,9374.771165249724
2025-09-30 23:00:00+00:00,9374.771165249724
2025-10-01 00:00:00+00:00,9374.771165249724
2025-10-01 01:00:00+00:00,9374.771165249724
2025-10-01 02:00:00+00:00,9374.771165249724
2025-10-01 03:00:00+00:00,9374.771165249724
2025-10-01 04:00:00+00:00,9374.771165249724
2025-10-01 05:00:00+00:00,9374.771165249724
2025-10-01 06:00:00+00:00,9374.771165249724
2025-10-01 07:00:00+00:00,9374.771165249724
2025-10-01 08:00:00+00:00,9374.771165249724
2025-10-01 09:00:00+00:00,9374.771165249724
2025-10-01 10:00:00+00:00,9389.920471936068
2025-10-01 11:00:00+00:00,9379.788071936067
2025-10-01 12:00:00+00:00,9416.521671936069
2025-10-01 13:00:00+00:00,9390.015371936068
2025-10-01 14:00:00+00:00,9418.397771936068
2025-10-01 15:00:00+00:00,9453.642171936068
2025-10-01 16:00:00+00:00,9462.482471936068
2025-10-01 17:00:00+00:00,9469.925796486068
2025-10-01 18:00:00+00:00,9415.475096486067
2025-10-01 19:00:00+00:00,9448.916396486067
2025-10-01 20:00:00+00:00,9462.187796486069
2025-10-01 21:00:00+00:00,9469.524296486068
2025-10-01 22:00:00+00:00,9471.612096486067
2025-10-01 23:00:00+00:00,9485.671896486068
2025-10-02 00:00:00+00:00,9548.203696486067
2025-10-02 01:00:00+00:00,9536.185846085427
2025-10-02 02:00:00+00:00,9549.355046085428
2025-10-02 03:00:00+00:00,9558.115046085428
2025-10-02 04:00:00+00:00,9558.085846085427
2025-10-02 05:00:00+00:00,9552.231246085428
2025-10-02 06:00:00+00:00,9531.272946085428
2025-10-02 07:00:00+00:00,9551.004846085427
2025-10-02 08:00:00+00:00,9539.624146085427
2025-10-02 09:00:00+00:00,9552.724404155426
2025-10-02 10:00:00+00:00,9565.711104155427
2025-10-02 11:00:00+00:00,9548.337104155427
2025-10-02 12:00:00+00:00,9558.608204155427
2025-10-02 13:00:00+00:00,9605.627504155427
2025-10-02 14:00:00+00:00,9619.788146792785
2025-10-02 15:00:00+00:00,9547.850133934546
2025-10-02 16:00:00+00:00,9636.418133934547
2025-10-02 17:00:00+00:00,9621.014959471106
2025-10-02 18:00:00+00:00,9635.022959471105
2025-10-02 19:00:00+00:00,9682.422959471107
2025-10-02 20:00:00+00:00,9708.526959471104
2025-10-02 21:00:00+00:00,9693.398959471106
2025-10-02 22:00:00+00:00,9653.910959471104
2025-10-02 23:00:00+00:00,9662.198959471105
2025-10-03 00:00:00+00:00,9683.998959471106
2025-10-03 01:00:00+00:00,9652.306241564065
2025-10-03 02:00:00+00:00,9631.146241564065
2025-10-03 03:00:00+00:00,9653.970241564066
2025-10-03 04:00:00+00:00,9659.370241564066
2025-10-03 05:00:00+00:00,9644.554241564065
2025-10-03 06:00:00+00:00,9636.098241564065
2025-10-03 07:00:00+00:00,9635.146241564065
2025-10-03 08:00:00+00:00,9614.146241564065
2025-10-03 09:00:00+00:00,9595.22306332686
2025-10-03 10:00:00+00:00,9595.22306332686
2025-10-03 11:00:00+00:00,9595.22306332686
2025-10-03 12:00:00+00:00,9595.22306332686
2025-10-03 13:00:00+00:00,9595.22306332686
2025-10-03 14:00:00+00:00,9595.22306332686
2025-10-03 15:00:00+00:00,9595.22306332686
2025-10-03 16:00:00+00:00,9595.22306332686
2025-10-03 17:00:00+00:00,9607.90106096883
2025-10-03 18:00:00+00:00,9572.99746096883
2025-10-03 19:00:00+00:00,9606.37456096883
2025-10-03 20:00:00+00:00,9613.73726096883
2025-10-03 21:00:00+00:00,9599.03316096883
2025-10-03 22:00:00+00:00,9587.88616096883
2025-10-03 23:00:00+00:00,9600.84366096883
2025-10-04 00:00:00+00:00,9583.44866096883
2025-10-04 01:00:00+00:00,9575.03386450883
2025-10-04 02:00:00+00:00,9556.75136450883
2025-10-04 03:00:00+00:00,9556.24016450883
2025-10-04 04:00:00+00:00,9583.61066450883
2025-10-04 05:00:00+00:00,9601.47426450883
2025-10-04 06:00:00+00:00,9603.732064508831
2025-10-04 07:00:00+00:00,9597.22136450883
2025-10-04 08:00:00+00:00,9588.87176450883
2025-10-04 09:00:00+00:00,9584.80153756883
2025-10-04 10:00:00+00:00,9580.66933756883
2025-10-04 11:00:00+00:00,9574.06633756883
2025-10-04 12:00:00+00:00,9563.38793756883
2025-10-04 13:00:00+00:00,9565.54633756883
2025-10-04 14:00:00+00:00,9592.56183756883
2025-10-04 15:00:00+00:00,9564.793737568829
2025-10-04 16:00:00+00:00,9550.622137568831
2025-10-04 17:00:00+00:00,9544.486358196735
2025-10-04 18:00:00+00:00,9546.580858196734
2025-10-04 19:00:00+00:00,9534.894258196735
2025-10-04 20:00:00+00:00,9562.271858196735
2025-10-04 21:00:00+00:00,9556.151658196735
2025-10-04 22:00:00+00:00,9577.955758196735
2025-10-04 23:00:00+00:00,9584.416758196734
2025-10-05 00:00:00+00:00,9592.390058196734
2025-10-05 01:00:00+00:00,9575.259161161279
2025-10-05 02:00:00+00:00,9590.48156116128
2025-10-05 03:00:00+00:00,9710.13786116128
2025-10-05 04:00:00+00:00,9690.506361161279
2025-10-05 05:00:00+00:00,9792.16416116128
2025-10-05 06:00:00+00:00,9787.58466116128
2025-10-05 07:00:00+00:00,9778.68836116128
2025-10-05 08:00:00+00:00,9758.432061161278
2025-10-05 09:00:00+00:00,9749.630244411279
2025-10-05 10:00:00+00:00,9691.947464006182
2025-10-05 11:00:00+00:00,9691.947464006182
2025-10-05 12:00:00+00:00,9691.947464006182
2025-10-05 13:00:00+00:00,9691.947464006182
2025-10-05 14:00:00+00:00,9691.947464006182
2025-10-05 15:00:00+00:00,9691.947464006182
2025-10-05 16:00:00+00:00,9691.947464006182
2025-10-05 17:00:00+00:00,9691.947464006182
2025-10-05 18:00:00+00:00,9691.947464006182
2025-10-05 19:00:00+00:00,9691.947464006182
2025-10-05 20:00:00+00:00,9691.947464006182
2025-10-05 21:00:00+00:00,9691.947464006182
2025-10-05 22:00:00+00:00,9691.947464006182
2025-10-05 23:00:00+00:00,9691.947464006182
2025-10-06 00:00:00+00:00,9691.947464006182
2025-10-06 01:00:00+00:00,9691.947464006182
2025-10-06 02:00:00+00:00,9691.947464006182
2025-10-06 03:00:00+00:00,9691.947464006182
2025-10-06 04:00:00+00:00,9691.947464006182
2025-10-06 05:00:00+00:00,9691.947464006182
2025-10-06 06:00:00+00:00,9691.947464006182
2025-10-06 07:00:00+00:00,9691.947464006182
2025-10-06 08:00:00+00:00,9691.947464006182
2025-10-06 09:00:00+00:00,9691.947464006182
2025-10-06 10:00:00+00:00,9691.947464006182
2025-10-06 11:00:00+00:00,9691.947464006182
2025-10-06 12:00:00+00:00,9691.947464006182
2025-10-06 13:00:00+00:00,9691.947464006182
2025-10-06 14:00:00+00:00,9691.947464006182
2025-10-06 15:00:00+00:00,9691.947464006182
2025-10-06 16:00:00+00:00,9691.947464006182
2025-10-06 17:00:00+00:00,9691.947464006182
2025-10-06 18:00:00+00:00,9691.947464006182
2025-10-06 19:00:00+00:00,9691.947464006182
2025-10-06 20:00:00+00:00,9644.44601328631
2025-10-06 21:00:00+00:00,9632.45881328631
2025-10-06 22:00:00+00:00,9625.54681328631
2025-10-06 23:00:00+00:00,9621.56601328631
2025-10-07 00:00:00+00:00,9597.80281328631
2025-10-07 01:00:00+00:00,9611.20039024631
2025-10-07 02:00:00+00:00,9598.89319024631
2025-10-07 03:00:00+00:00,9569.93319024631
2025-10-07 04:00:00+00:00,9574.55399024631
2025-10-07 05:00:00+00:00,9585.56839024631
2025-10-07 06:00:00+00:00,9579.11719024631
2025-10-07 07:00:00+00:00,9544.498279707803
2025-10-07 08:00:00+00:00,9544.498279707803
2025-10-07 09:00:00+00:00,9544.498279707803
2025-10-07 10:00:00+00:00,9544.498279707803
2025-10-07 11:00:00+00:00,9544.498279707803
2025-10-07 12:00:00+00:00,9544.498279707803
2025-10-07 13:00:00+00:00,9544.498279707803
2025-10-07 14:00:00+00:00,9544.498279707803
2025-10-07 15:00:00+00:00,9544.498279707803
2025-10-07 16:00:00+00:00,9544.498279707803
2025-10-07 17:00:00+00:00,9544.498279707803
2025-10-07 18:00:00+00:00,9544.498279707803
2025-10-07 19:00:00+00:00,9544.498279707803
2025-10-07 20:00:00+00:00,9544.498279707803
2025-10-07 21:00:00+00:00,9544.498279707803
2025-10-07 22:00:00+00:00,9544.498279707803
2025-10-07 23:00:00+00:00,9544.498279707803
2025-10-08 00:00:00+00:00,9544.498279707803
2025-10-08 01:00:00+00:00,9544.498279707803
2025-10-08 02:00:00+00:00,9544.498279707803
2025-10-08 03:00:00+00:00,9544.498279707803
2025-10-08 04:00:00+00:00,9544.498279707803
2025-10-08 05:00:00+00:00,9544.498279707803
2025-10-08 06:00:00+00:00,9544.498279707803
2025-10-08 07:00:00+00:00,9544.498279707803
2025-10-08 08:00:00+00:00,9544.498279707803
2025-10-08 09:00:00+00:00,9544.498279707803
2025-10-08 10:00:00+00:00,9544.498279707803
2025-10-08 11:00:00+00:00,9544.498279707803
2025-10-08 12:00:00+00:00,9544.498279707803
2025-10-08 13:00:00+00:00,9544.498279707803
2025-10-08 14:00:00+00:00,9544.498279707803
2025-10-08 15:00:00+00:00,9544.498279707803
2025-10-08 16:00:00+00:00,9544.498279707803
2025-10-08 17:00:00+00:00,9544.498279707803
2025-10-08 18:00:00+00:00,9544.498279707803
2025-10-08 19:00:00+00:00,9544.498279707803
2025-10-08 20:00:00+00:00,9544.498279707803
2025-10-08 21:00:00+00:00,9544.498279707803
2025-10-08 22:00:00+00:00,9544.498279707803
2025-10-08 23:00:00+00:00,9544.498279707803
2025-10-09 00:00:00+00:00,9544.498279707803
2025-10-09 01:00:00+00:00,9544.498279707803
2025-10-09 02:00:00+00:00,9544.498279707803
2025-10-09 03:00:00+00:00,9544.498279707803
2025-10-09 04:00:00+00:00,9544.498279707803
2025-10-09 05:00:00+00:00,9544.498279707803
2025-10-09 06:00:00+00:00,9544.498279707803
2025-10-09 07:00:00+00:00,9544.498279707803
2025-10-09 08:00:00+00:00,9544.498279707803
2025-10-09 09:00:00+00:00,9544.498279707803
2025-10-09 10:00:00+00:00,9544.498279707803
2025-10-09 11:00:00+00:00,9544.498279707803
2025-10-09 12:00:00+00:00,9544.498279707803
2025-10-09 13:00:00+00:00,9544.498279707803
2025-10-09 14:00:00+00:00,9544.498279707803
2025-10-09 15:00:00+00:00,9544.498279707803
2025-10-09 16:00:00+00:00,9544.498279707803
2025-10-09 17:00:00+00:00,9544.498279707803
2025-10-09 18:00:00+00:00,9544.498279707803
2025-10-09 19:00:00+00:00,9544.498279707803
2025-10-09 20:00:00+00:00,9544.498279707803
2025-10-09 21:00:00+00:00,9544.498279707803
2025-10-09 22:00:00+00:00,9544.498279707803
2025-10-09 23:00:00+00:00,9544.498279707803
2025-10-10 00:00:00+00:00,9544.498279707803
2025-10-10 01:00:00+00:00,9544.498279707803
2025-10-10 02:00:00+00:00,9544.498279707803
2025-10-10 03:00:00+00:00,9544.498279707803
2025-10-10 04:00:00+00:00,9544.498279707803
2025-10-10 05:00:00+00:00,9544.498279707803
2025-10-10 06:00:00+00:00,9544.498279707803
2025-10-10 07:00:00+00:00,9544.498279707803
2025-10-10 08:00:00+00:00,9544.498279707803
2025-10-10 09:00:00+00:00,9544.498279707803
2025-10-10 10:00:00+00:00,9544.498279707803
2025-10-10 11:00:00+00:00,9544.498279707803
2025-10-10 12:00:00+00:00,9544.498279707803
2025-10-10 13:00:00+00:00,9544.498279707803
2025-10-10 14:00:00+00:00,9544.498279707803
2025-10-10 15:00:00+00:00,9544.498279707803
2025-10-10 16:00:00+00:00,9544.498279707803
2025-10-10 17:00:00+00:00,9544.498279707803
2025-10-10 18:00:00+00:00,9544.498279707803
2025-10-10 19:00:00+00:00,9544.498279707803
2025-10-10 20:00:00+00:00,9544.498279707803
2025-10-10 21:00:00+00:00,9664.216647772475
2025-10-10 22:00:00+00:00,9805.594128613711
2025-10-10 23:00:00+00:00,9805.594128613711
2025-10-11 00:00:00+00:00,9805.594128613711
2025-10-11 01:00:00+00:00,9805.594128613711
2025-10-11 02:00:00+00:00,9805.594128613711
2025-10-11 03:00:00+00:00,9805.594128613711
2025-10-11 04:00:00+00:00,9805.594128613711
2025-10-11 05:00:00+00:00,9805.594128613711
2025-10-11 06:00:00+00:00,9805.594128613711
2025-10-11 07:00:00+00:00,9805.594128613711
2025-10-11 08:00:00+00:00,9805.594128613711
2025-10-11 09:00:00+00:00,9805.594128613711
2025-10-11 10:00:00+00:00,9805.594128613711
2025-10-11 11:00:00+00:00,9805.594128613711
2025-10-11 12:00:00+00:00,9805.594128613711
2025-10-11 13:00:00+00:00,9805.594128613711
2025-10-11 14:00:00+00:00,9805.594128613711
2025-10-11 15:00:00+00:00,9805.594128613711
2025-10-11 16:00:00+00:00,9805.594128613711
2025-10-11 17:00:00+00:00,9805.594128613711
2025-10-11 18:00:00+00:00,9805.594128613711
2025-10-11 19:00:00+00:00,9805.594128613711
2025-10-11 20:00:00+00:00,9805.594128613711
2025-10-11 21:00:00+00:00,9805.594128613711
2025-10-11 22:00:00+00:00,9805.594128613711
2025-10-11 23:00:00+00:00,9805.594128613711
2025-10-12 00:00:00+00:00,9805.594128613711
2025-10-12 01:00:00+00:00,9805.594128613711
2025-10-12 02:00:00+00:00,9805.594128613711
2025-10-12 03:00:00+00:00,9805.594128613711
2025-10-12 04:00:00+00:00,9805.594128613711
2025-10-12 05:00:00+00:00,9805.594128613711
2025-10-12 06:00:00+00:00,9805.594128613711
2025-10-12 07:00:00+00:00,9805.594128613711
2025-10-12 08:00:00+00:00,9805.594128613711
2025-10-12 09:00:00+00:00,9805.594128613711
2025-10-12 10:00:00+00:00,9805.594128613711
2025-10-12 11:00:00+00:00,9805.594128613711
2025-10-12 12:00:00+00:00,9805.594128613711
2025-10-12 13:00:00+00:00,9805.594128613711
2025-10-12 14:00:00+00:00,9805.594128613711
2025-10-12 15:00:00+00:00,9805.594128613711
2025-10-12 16:00:00+00:00,9805.594128613711
2025-10-12 17:00:00+00:00,9805.594128613711
2025-10-12 18:00:00+00:00,9805.594128613711
2025-10-12 19:00:00+00:00,9805.594128613711
2025-10-12 20:00:00+00:00,9805.594128613711
2025-10-12 21:00:00+00:00,9805.594128613711
2025-10-12 22:00:00+00:00,9805.594128613711
2025-10-12 23:00:00+00:00,9805.594128613711
2025-10-13 00:00:00+00:00,9805.594128613711
2025-10-13 01:00:00+00:00,9805.594128613711
2025-10-13 02:00:00+00:00,9805.594128613711
2025-10-13 03:00:00+00:00,9805.594128613711
2025-10-13 04:00:00+00:00,9805.594128613711
2025-10-13 05:00:00+00:00,9805.594128613711
2025-10-13 06:00:00+00:00,9805.594128613711
2025-10-13 07:00:00+00:00,9805.594128613711
2025-10-13 08:00:00+00:00,9805.594128613711
2025-10-13 09:00:00+00:00,9805.594128613711
2025-10-13 10:00:00+00:00,9805.594128613711
2025-10-13 11:00:00+00:00,9805.594128613711
2025-10-13 12:00:00+00:00,9805.594128613711
2025-10-13 13:00:00+00:00,9805.594128613711
2025-10-13 14:00:00+00:00,9805.594128613711
2025-10-13 15:00:00+00:00,9805.594128613711
2025-10-13 16:00:00+00:00,9805.594128613711
2025-10-13 17:00:00+00:00,9805.594128613711
2025-10-13 18:00:00+00:00,9805.594128613711
2025-10-13 19:00:00+00:00,9805.594128613711
2025-10-13 20:00:00+00:00,9805.594128613711
2025-10-13 21:00:00+00:00,9805.594128613711
2025-10-13 22:00:00+00:00,9805.594128613711
2025-10-13 23:00:00+00:00,9805.594128613711
2025-10-14 00:00:00+00:00,9805.594128613711
2025-10-14 01:00:00+00:00,9805.594128613711
2025-10-14 02:00:00+00:00,9805.594128613711
2025-10-14 03:00:00+00:00,9805.594128613711
2025-10-14 04:00:00+00:00,9805.594128613711
2025-10-14 05:00:00+00:00,9805.594128613711
2025-10-14 06:00:00+00:00,9805.594128613711
2025-10-14 07:00:00+00:00,9805.594128613711
2025-10-14 08:00:00+00:00,9805.594128613711
2025-10-14 09:00:00+00:00,9805.594128613711
2025-10-14 10:00:00+00:00,9805.594128613711
2025-10-14 11:00:00+00:00,9805.594128613711
2025-10-14 12:00:00+00:00,9805.594128613711
2025-10-14 13:00:00+00:00,9805.594128613711
2025-10-14 14:00:00+00:00,9805.594128613711
2025-10-14 15:00:00+00:00,9805.594128613711
2025-10-14 16:00:00+00:00,9805.594128613711
2025-10-14 17:00:00+00:00,9805.594128613711
2025-10-14 18:00:00+00:00,9805.594128613711
2025-10-14 19:00:00+00:00,9805.594128613711
2025-10-14 20:00:00+00:00,9805.594128613711
2025-10-14 21:00:00+00:00,9805.594128613711
2025-10-14 22:00:00+00:00,9805.594128613711
2025-10-14 23:00:00+00:00,9805.594128613711
2025-10-15 00:00:00+00:00,9805.594128613711
2025-10-15 01:00:00+00:00,9805.594128613711
2025-10-15 02:00:00+00:00,9805.594128613711
2025-10-15 03:00:00+00:00,9805.594128613711
2025-10-15 04:00:00+00:00,9805.594128613711
2025-10-15 05:00:00+00:00,9805.594128613711
2025-10-15 06:00:00+00:00,9805.594128613711
2025-10-15 07:00:00+00:00,9805.594128613711
2025-10-15 08:00:00+00:00,9805.594128613711
2025-10-15 09:00:00+00:00,9805.594128613711
2025-10-15 10:00:00+00:00,9805.594128613711
2025-10-15 11:00:00+00:00,9805.594128613711
2025-10-15 12:00:00+00:00,9805.594128613711
2025-10-15 13:00:00+00:00,9805.594128613711
2025-10-15 14:00:00+00:00,9805.594128613711
2025-10-15 15:00:00+00:00,9805.594128613711
2025-10-15 16:00:00+00:00,9805.594128613711
2025-10-15 17:00:00+00:00,9805.594128613711
2025-10-15 18:00:00+00:00,9805.594128613711
2025-10-15 19:00:00+00:00,9805.594128613711
2025-10-15 20:00:00+00:00,9805.594128613711
2025-10-15 21:00:00+00:00,9805.594128613711
2025-10-15 22:00:00+00:00,9805.594128613711
2025-10-15 23:00:00+00:00,9805.594128613711
2025-10-16 00:00:00+00:00,9805.594128613711
2025-10-16 01:00:00+00:00,9805.594128613711
2025-10-16 02:00:00+00:00,9805.594128613711
2025-10-16 03:00:00+00:00,9805.594128613711
2025-10-16 04:00:00+00:00,9805.594128613711
2025-10-16 05:00:00+00:00,9805.594128613711
2025-10-16 06:00:00+00:00,9805.594128613711
2025-10-16 07:00:00+00:00,9805.594128613711
2025-10-16 08:00:00+00:00,9805.594128613711
2025-10-16 09:00:00+00:00,9805.594128613711
2025-10-16 10:00:00+00:00,9805.594128613711
2025-10-16 11:00:00+00:00,9805.594128613711
2025-10-16 12:00:00+00:00,9805.594128613711
2025-10-16 13:00:00+00:00,9805.594128613711
2025-10-16 14:00:00+00:00,9805.594128613711
2025-10-16 15:00:00+00:00,9805.594128613711
2025-10-16 16:00:00+00:00,9805.594128613711
2025-10-16 17:00:00+00:00,9805.594128613711
2025-10-16 18:00:00+00:00,9805.594128613711
2025-10-16 19:00:00+00:00,9805.594128613711
2025-10-16 20:00:00+00:00,9805.594128613711
2025-10-16 21:00:00+00:00,9805.594128613711
2025-10-16 22:00:00+00:00,9805.594128613711
2025-10-16 23:00:00+00:00,9805.594128613711
2025-10-17 00:00:00+00:00,9805.594128613711
2025-10-17 01:00:00+00:00,9805.594128613711
2025-10-17 02:00:00+00:00,9805.594128613711
2025-10-17 03:00:00+00:00,9805.594128613711
2025-10-17 04:00:00+00:00,9805.594128613711
2025-10-17 05:00:00+00:00,9805.594128613711
2025-10-17 06:00:00+00:00,9805.594128613711
2025-10-17 07:00:00+00:00,9805.594128613711
2025-10-17 08:00:00+00:00,9805.594128613711
2025-10-17 09:00:00+00:00,9805.594128613711
2025-10-17 10:00:00+00:00,9805.594128613711
2025-10-17 11:00:00+00:00,9805.594128613711
2025-10-17 12:00:00+00:00,9805.594128613711
2025-10-17 13:00:00+00:00,9805.594128613711
2025-10-17 14:00:00+00:00,9805.594128613711
2025-10-17 15:00:00+00:00,9805.594128613711
2025-10-17 16:00:00+00:00,9805.594128613711
2025-10-17 17:00:00+00:00,9805.594128613711
2025-10-17 18:00:00+00:00,9805.594128613711
2025-10-17 19:00:00+00:00,9805.594128613711
2025-10-17 20:00:00+00:00,9805.594128613711
2025-10-17 21:00:00+00:00,9805.594128613711
2025-10-17 22:00:00+00:00,9805.594128613711
2025-10-17 23:00:00+00:00,9805.594128613711
2025-10-18 00:00:00+00:00,9805.594128613711
2025-10-18 01:00:00+00:00,9805.594128613711
2025-10-18 02:00:00+00:00,9805.594128613711
2025-10-18 03:00:00+00:00,9805.594128613711
2025-10-18 04:00:00+00:00,9805.594128613711
2025-10-18 05:00:00+00:00,9805.594128613711
2025-10-18 06:00:00+00:00,9805.594128613711
2025-10-18 07:00:00+00:00,9805.594128613711
2025-10-18 08:00:00+00:00,9805.594128613711
2025-10-18 09:00:00+00:00,9805.594128613711
2025-10-18 10:00:00+00:00,9805.594128613711
2025-10-18 11:00:00+00:00,9805.594128613711
2025-10-18 12:00:00+00:00,9805.594128613711
2025-10-18 13:00:00+00:00,9805.594128613711
2025-10-18 14:00:00+00:00,9805.594128613711
2025-10-18 15:00:00+00:00,9805.594128613711
2025-10-18 16:00:00+00:00,9805.594128613711
2025-10-18 17:00:00+00:00,9805.594128613711
2025-10-18 18:00:00+00:00,9805.594128613711
2025-10-18 19:00:00+00:00,9805.594128613711
2025-10-18 20:00:00+00:00,9805.594128613711
2025-10-18 21:00:00+00:00,9805.594128613711
2025-10-18 22:00:00+00:00,9805.594128613711
2025-10-18 23:00:00+00:00,9805.594128613711
2025-10-19 00:00:00+00:00,9805.594128613711
2025-10-19 01:00:00+00:00,9805.594128613711
2025-10-19 02:00:00+00:00,9805.594128613711
2025-10-19 03:00:00+00:00,9805.594128613711
2025-10-19 04:00:00+00:00,9805.594128613711
2025-10-19 05:00:00+00:00,9805.594128613711
2025-10-19 06:00:00+00:00,9805.594128613711
2025-10-19 07:00:00+00:00,9805.594128613711
2025-10-19 08:00:00+00:00,9805.594128613711
2025-10-19 09:00:00+00:00,9805.594128613711
2025-10-19 10:00:00+00:00,9805.594128613711
2025-10-19 11:00:00+00:00,9805.594128613711
2025-10-19 12:00:00+00:00,9805.594128613711
2025-10-19 13:00:00+00:00,9805.594128613711
2025-10-19 14:00:00+00:00,9805.594128613711
2025-10-19 15:00:00+00:00,9805.594128613711
2025-10-19 16:00:00+00:00,9805.594128613711
2025-10-19 17:00:00+00:00,9805.594128613711
2025-10-19 18:00:00+00:00,9805.594128613711
2025-10-19 19:00:00+00:00,9805.594128613711
2025-10-19 20:00:00+00:00,9805.594128613711
2025-10-19 21:00:00+00:00,9805.594128613711
2025-10-19 22:00:00+00:00,9805.594128613711
2025-10-19 23:00:00+00:00,9805.594128613711
2025-10-20 00:00:00+00:00,9805.594128613711
2025-10-20 01:00:00+00:00,9805.594128613711
2025-10-20 02:00:00+00:00,9805.594128613711
2025-10-20 03:00:00+00:00,9805.594128613711
2025-10-20 04:00:00+00:00,9805.594128613711
2025-10-20 05:00:00+00:00,9805.594128613711
2025-10-20 06:00:00+00:00,9805.594128613711
2025-10-20 07:00:00+00:00,9805.594128613711
2025-10-20 08:00:00+00:00,9805.594128613711
2025-10-20 09:00:00+00:00,9805.594128613711
2025-10-20 10:00:00+00:00,9805.594128613711
2025-10-20 11:00:00+00:00,9805.594128613711
2025-10-20 12:00:00+00:00,9805.594128613711
2025-10-20 13:00:00+00:00,9805.594128613711
2025-10-20 14:00:00+00:00,9805.594128613711
2025-10-20 15:00:00+00:00,9805.594128613711
2025-10-20 16:00:00+00:00,9805.594128613711
2025-10-20 17:00:00+00:00,9805.594128613711
2025-10-20 18:00:00+00:00,9805.594128613711
2025-10-20 19:00:00+00:00,9805.594128613711
2025-10-20 20:00:00+00:00,9805.594128613711
2025-10-20 21:00:00+00:00,9805.594128613711
2025-10-20 22:00:00+00:00,9805.594128613711
2025-10-20 23:00:00+00:00,9805.594128613711
2025-10-21 00:00:00+00:00,9805.594128613711
2025-10-21 01:00:00+00:00,9805.594128613711
2025-10-21 02:00:00+00:00,9805.594128613711
2025-10-21 03:00:00+00:00,9805.594128613711
2025-10-21 04:00:00+00:00,9805.594128613711
2025-10-21 05:00:00+00:00,9805.594128613711
2025-10-21 06:00:00+00:00,9805.594128613711
2025-10-21 07:00:00+00:00,9805.594128613711
2025-10-21 08:00:00+00:00,9805.594128613711
2025-10-21 09:00:00+00:00,9805.594128613711
2025-10-21 10:00:00+00:00,9805.594128613711
2025-10-21 11:00:00+00:00,9805.594128613711
2025-10-21 12:00:00+00:00,9805.594128613711
2025-10-21 13:00:00+00:00,9805.594128613711
2025-10-21 14:00:00+00:00,9805.594128613711
2025-10-21 15:00:00+00:00,9805.594128613711
2025-10-21 16:00:00+00:00,9805.594128613711
2025-10-21 17:00:00+00:00,9805.594128613711
2025-10-21 18:00:00+00:00,9805.594128613711
2025-10-21 19:00:00+00:00,9805.594128613711
2025-10-21 20:00:00+00:00,9805.594128613711
2025-10-21 21:00:00+00:00,9805.594128613711
2025-10-21 22:00:00+00:00,9805.594128613711
2025-10-21 23:00:00+00:00,9805.594128613711
2025-10-22 00:00:00+00:00,9805.594128613711
2025-10-22 01:00:00+00:00,9805.594128613711
2025-10-22 02:00:00+00:00,9805.594128613711
2025-10-22 03:00:00+00:00,9805.594128613711
2025-10-22 04:00:00+00:00,9805.594128613711
2025-10-22 05:00:00+00:00,9805.594128613711
2025-10-22 06:00:00+00:00,9805.594128613711
2025-10-22 07:00:00+00:00,9805.594128613711
2025-10-22 08:00:00+00:00,9805.594128613711
2025-10-22 09:00:00+00:00,9805.594128613711
2025-10-22 10:00:00+00:00,9805.594128613711
2025-10-22 11:00:00+00:00,9805.594128613711
2025-10-22 12:00:00+00:00,9805.594128613711
2025-10-22 13:00:00+00:00,9805.594128613711
2025-10-22 14:00:00+00:00,9805.594128613711
2025-10-22 15:00:00+00:00,9805.594128613711
2025-10-22 16:00:00+00:00,9805.594128613711
2025-10-22 17:00:00+00:00,9805.594128613711
2025-10-22 18:00:00+00:00,9805.594128613711
2025-10-22 19:00:00+00:00,9805.594128613711
2025-10-22 20:00:00+00:00,9805.594128613711
2025-10-22 21:00:00+00:00,9805.594128613711
2025-10-22 22:00:00+00:00,9805.594128613711
2025-10-22 23:00:00+00:00,9805.594128613711
2025-10-23 00:00:00+00:00,9805.594128613711
2025-10-23 01:00:00+00:00,9805.594128613711
2025-10-23 02:00:00+00:00,9805.594128613711
2025-10-23 03:00:00+00:00,9805.594128613711
2025-10-23 04:00:00+00:00,9805.594128613711
2025-10-23 05:00:00+00:00,9805.594128613711
2025-10-23 06:00:00+00:00,9805.594128613711
2025-10-23 07:00:00+00:00,9805.594128613711
2025-10-23 08:00:00+00:00,9805.594128613711
2025-10-23 09:00:00+00:00,9805.594128613711
2025-10-23 10:00:00+00:00,9805.594128613711
2025-10-23 11:00:00+00:00,9805.594128613711
2025-10-23 12:00:00+00:00,9805.594128613711
2025-10-23 13:00:00+00:00,9805.594128613711
2025-10-23 14:00:00+00:00,9805.594128613711
2025-10-23 15:00:00+00:00,9805.594128613711
2025-10-23 16:00:00+00:00,9805.594128613711
2025-10-23 17:00:00+00:00,9805.594128613711
2025-10-23 18:00:00+00:00,9805.594128613711
2025-10-23 19:00:00+00:00,9805.594128613711
2025-10-23 20:00:00+00:00,9805.594128613711
2025-10-23 21:00:00+00:00,9805.594128613711
2025-10-23 22:00:00+00:00,9805.594128613711
2025-10-23 23:00:00+00:00,9805.594128613711
2025-10-24 00:00:00+00:00,9805.594128613711
2025-10-24 01:00:00+00:00,9805.594128613711
2025-10-24 02:00:00+00:00,9805.594128613711
2025-10-24 03:00:00+00:00,9805.594128613711
2025-10-24 04:00:00+00:00,9805.594128613711
2025-10-24 05:00:00+00:00,9805.594128613711
2025-10-24 06:00:00+00:00,9805.594128613711
2025-10-24 07:00:00+00:00,9805.594128613711
2025-10-24 08:00:00+00:00,9805.594128613711
2025-10-24 09:00:00+00:00,9805.594128613711
2025-10-24 10:00:00+00:00,9805.594128613711
2025-10-24 11:00:00+00:00,9805.594128613711
2025-10-24 12:00:00+00:00,9805.594128613711
2025-10-24 13:00:00+00:00,9805.594128613711
2025-10-24 14:00:00+00:00,9805.594128613711
2025-10-24 15:00:00+00:00,9805.594128613711
2025-10-24 16:00:00+00:00,9805.594128613711
2025-10-24 17:00:00+00:00,9805.594128613711
2025-10-24 18:00:00+00:00,9805.594128613711
2025-10-24 19:00:00+00:00,9805.594128613711
2025-10-24 20:00:00+00:00,9805.594128613711
2025-10-24 21:00:00+00:00,9805.594128613711
2025-10-24 22:00:00+00:00,9805.594128613711
2025-10-24 23:00:00+00:00,9805.594128613711
2025-10-25 00:00:00+00:00,9805.594128613711
2025-10-25 01:00:00+00:00,9805.594128613711
2025-10-25 02:00:00+00:00,9805.594128613711
2025-10-25 03:00:00+00:00,9805.594128613711
2025-10-25 04:00:00+00:00,9805.594128613711
2025-10-25 05:00:00+00:00,9805.594128613711
2025-10-25 06:00:00+00:00,9805.594128613711
2025-10-25 07:00:00+00:00,9805.594128613711
2025-10-25 08:00:00+00:00,9805.594128613711
2025-10-25 09:00:00+00:00,9805.594128613711
2025-10-25 10:00:00+00:00,9805.594128613711
2025-10-25 11:00:00+00:00,9805.594128613711
2025-10-25 12:00:00+00:00,9805.594128613711
2025-10-25 13:00:00+00:00,9805.594128613711
2025-10-25 14:00:00+00:00,9805.594128613711
2025-10-25 15:00:00+00:00,9805.594128613711
2025-10-25 16:00:00+00:00,9805.594128613711
2025-10-25 17:00:00+00:00,9805.594128613711
2025-10-25 18:00:00+00:00,9805.594128613711
2025-10-25 19:00:00+00:00,9805.594128613711
2025-10-25 20:00:00+00:00,9805.594128613711
2025-10-25 21:00:00+00:00,9805.594128613711
2025-10-25 22:00:00+00:00,9805.594128613711
2025-10-25 23:00:00+00:00,9805.594128613711
2025-10-26 00:00:00+00:00,9805.594128613711
2025-10-26 01:00:00+00:00,9805.594128613711
2025-10-26 02:00:00+00:00,9805.594128613711
2025-10-26 03:00:00+00:00,9805.594128613711
2025-10-26 04:00:00+00:00,9805.594128613711
2025-10-26 05:00:00+00:00,9805.594128613711
2025-10-26 06:00:00+00:00,9805.594128613711
2025-10-26 07:00:00+00:00,9805.594128613711
2025-10-26 08:00:00+00:00,9805.594128613711
2025-10-26 09:00:00+00:00,9805.594128613711
2025-10-26 10:00:00+00:00,9805.594128613711
2025-10-26 11:00:00+00:00,9805.594128613711
2025-10-26 12:00:00+00:00,9805.594128613711
2025-10-26 13:00:00+00:00,9805.594128613711
2025-10-26 14:00:00+00:00,9805.594128613711
2025-10-26 15:00:00+00:00,9805.594128613711
2025-10-26 16:00:00+00:00,9805.594128613711
2025-10-26 17:00:00+00:00,9805.594128613711
2025-10-26 18:00:00+00:00,9805.594128613711
2025-10-26 19:00:00+00:00,9805.594128613711
2025-10-26 20:00:00+00:00,9805.594128613711
2025-10-26 21:00:00+00:00,9805.594128613711
2025-10-26 22:00:00+00:00,9805.594128613711
2025-10-26 23:00:00+00:00,9805.594128613711
2025-10-27 00:00:00+00:00,9785.915728026115
2025-10-27 01:00:00+00:00,9802.162995456114
2025-10-27 02:00:00+00:00,9844.725395456115
2025-10-27 03:00:00+00:00,9812.629295456114
2025-10-27 04:00:00+00:00,9820.647095456114
2025-10-27 05:00:00+00:00,9844.534495456113
2025-10-27 06:00:00+00:00,9869.069295456115
2025-10-27 07:00:00+00:00,9910.378395456115
2025-10-27 08:00:00+00:00,9870.015495456115
2025-10-27 09:00:00+00:00,9807.722016997495
2025-10-27 10:00:00+00:00,9807.722016997495
2025-10-27 11:00:00+00:00,9807.722016997495
2025-10-27 12:00:00+00:00,9807.722016997495
2025-10-27 13:00:00+00:00,9807.722016997495
2025-10-27 14:00:00+00:00,9807.722016997495
2025-10-27 15:00:00+00:00,9807.722016997495
2025-10-27 16:00:00+00:00,9807.722016997495
2025-10-27 17:00:00+00:00,9807.722016997495
2025-10-27 18:00:00+00:00,9807.722016997495
2025-10-27 19:00:00+00:00,9807.722016997495
2025-10-27 20:00:00+00:00,9807.722016997495
2025-10-27 21:00:00+00:00,9807.722016997495
2025-10-27 22:00:00+00:00,9807.722016997495
2025-10-27 23:00:00+00:00,9807.722016997495
2025-10-28 00:00:00+00:00,9807.722016997495
2025-10-28 01:00:00+00:00,9807.722016997495
2025-10-28 02:00:00+00:00,9807.722016997495
2025-10-28 03:00:00+00:00,9807.722016997495
2025-10-28 04:00:00+00:00,9807.722016997495
2025-10-28 05:00:00+00:00,9807.722016997495
2025-10-28 06:00:00+00:00,9807.722016997495
2025-10-28 07:00:00+00:00,9807.722016997495
2025-10-28 08:00:00+00:00,9807.722016997495
2025-10-28 09:00:00+00:00,9807.722016997495
2025-10-28 10:00:00+00:00,9807.722016997495
2025-10-28 11:00:00+00:00,9807.722016997495
2025-10-28 12:00:00+00:00,9807.722016997495
2025-10-28 13:00:00+00:00,9807.722016997495
2025-10-28 14:00:00+00:00,9807.722016997495
2025-10-28 15:00:00+00:00,9807.722016997495
2025-10-28 16:00:00+00:00,9807.722016997495
2025-10-28 17:00:00+00:00,9807.722016997495
2025-10-28 18:00:00+00:00,9807.722016997495
2025-10-28 19:00:00+00:00,9807.722016997495
2025-10-28 20:00:00+00:00,9807.722016997495
2025-10-28 21:00:00+00:00,9807.722016997495
2025-10-28 22:00:00+00:00,9807.722016997495
2025-10-28 23:00:00+00:00,9807.722016997495
2025-10-29 00:00:00+00:00,9807.722016997495
2025-10-29 01:00:00+00:00,9807.722016997495
2025-10-29 02:00:00+00:00,9807.722016997495
2025-10-29 03:00:00+00:00,9807.722016997495
2025-10-29 04:00:00+00:00,9807.722016997495
2025-10-29 05:00:00+00:00,9807.722016997495
2025-10-29 06:00:00+00:00,9807.722016997495
2025-10-29 07:00:00+00:00,9807.722016997495
2025-10-29 08:00:00+00:00,9807.722016997495
2025-10-29 09:00:00+00:00,9807.722016997495
2025-10-29 10:00:00+00:00,9807.722016997495
2025-10-29 11:00:00+00:00,9807.722016997495
2025-10-29 12:00:00+00:00,9807.722016997495
2025-10-29 13:00:00+00:00,9807.722016997495
2025-10-29 14:00:00+00:00,9807.722016997495
2025-10-29 15:00:00+00:00,9807.722016997495
2025-10-29 16:00:00+00:00,9807.722016997495
2025-10-29 17:00:00+00:00,9807.722016997495
2025-10-29 18:00:00+00:00,9807.722016997495
2025-10-29 19:00:00+00:00,9807.722016997495
2025-10-29 20:00:00+00:00,9807.722016997495
2025-10-29 21:00:00+00:00,9807.722016997495
2025-10-29 22:00:00+00:00,9807.722016997495
2025-10-29 23:00:00+00:00,9807.722016997495
2025-10-30 00:00:00+00:00,9807.722016997495
2025-10-30 01:00:00+00:00,9807.722016997495
2025-10-30 02:00:00+00:00,9807.722016997495
2025-10-30 03:00:00+00:00,9807.722016997495
2025-10-30 04:00:00+00:00,9807.722016997495
2025-10-30 05:00:00+00:00,9807.722016997495
2025-10-30 06:00:00+00:00,9807.722016997495
2025-10-30 07:00:00+00:00,9807.722016997495
2025-10-30 08:00:00+00:00,9807.722016997495
2025-10-30 09:00:00+00:00,9807.722016997495
2025-10-30 10:00:00+00:00,9807.722016997495
2025-10-30 11:00:00+00:00,9807.722016997495
2025-10-30 12:00:00+00:00,9807.722016997495
2025-10-30 13:00:00+00:00,9807.722016997495
2025-10-30 14:00:00+00:00,9807.722016997495
2025-10-30 15:00:00+00:00,9773.566900082906
2025-10-30 16:00:00+00:00,9799.017400082907
2025-10-30 17:00:00+00:00,9779.015855573776
2025-10-30 18:00:00+00:00,9809.739755573777
2025-10-30 19:00:00+00:00,9840.411955573776
2025-10-30 20:00:00+00:00,9854.446155573776
2025-10-30 21:00:00+00:00,9809.979455573777
2025-10-30 22:00:00+00:00,9790.873955573777
2025-10-30 23:00:00+00:00,9790.356955573776
2025-10-31 00:00:00+00:00,9771.331355573777
2025-10-31 01:00:00+00:00,9759.361713021539
2025-10-31 02:00:00+00:00,9759.361713021539
2025-10-31 03:00:00+00:00,9759.361713021539
2025-10-31 04:00:00+00:00,9759.361713021539
2025-10-31 05:00:00+00:00,9759.361713021539
2025-10-31 06:00:00+00:00,9759.361713021539
2025-10-31 07:00:00+00:00,9759.361713021539
2025-10-31 08:00:00+00:00,9759.361713021539
2025-10-31 09:00:00+00:00,9759.361713021539
2025-10-31 10:00:00+00:00,9759.361713021539
2025-10-31 11:00:00+00:00,9759.361713021539
2025-10-31 12:00:00+00:00,9759.361713021539
2025-10-31 13:00:00+00:00,9759.361713021539
2025-10-31 14:00:00+00:00,9759.361713021539
2025-10-31 15:00:00+00:00,9759.361713021539
2025-10-31 16:00:00+00:00,9759.361713021539
2025-10-31 17:00:00+00:00,9759.361713021539
2025-10-31 18:00:00+00:00,9759.361713021539
2025-10-31 19:00:00+00:00,9759.361713021539
2025-10-31 20:00:00+00:00,9759.361713021539
2025-10-31 21:00:00+00:00,9759.361713021539
2025-10-31 22:00:00+00:00,9759.361713021539
2025-10-31 23:00:00+00:00,9759.361713021539
2025-11-01 00:00:00+00:00,9759.361713021539
2025-11-01 01:00:00+00:00,9759.361713021539
2025-11-01 02:00:00+00:00,9759.361713021539
2025-11-01 03:00:00+00:00,9759.361713021539
2025-11-01 04:00:00+00:00,9759.361713021539
2025-11-01 05:00:00+00:00,9759.361713021539
2025-11-01 06:00:00+00:00,9759.361713021539
2025-11-01 07:00:00+00:00,9759.361713021539
2025-11-01 08:00:00+00:00,9759.361713021539
2025-11-01 09:00:00+00:00,9759.361713021539
2025-11-01 10:00:00+00:00,9759.361713021539
2025-11-01 11:00:00+00:00,9759.361713021539
2025-11-01 12:00:00+00:00,9759.361713021539
2025-11-01 13:00:00+00:00,9759.361713021539
2025-11-01 14:00:00+00:00,9759.361713021539
2025-11-01 15:00:00+00:00,9759.361713021539
2025-11-01 16:00:00+00:00,9759.361713021539
2025-11-01 17:00:00+00:00,9759.361713021539
2025-11-01 18:00:00+00:00,9759.361713021539
2025-11-01 19:00:00+00:00,9759.361713021539
2025-11-01 20:00:00+00:00,9759.361713021539
2025-11-01 21:00:00+00:00,9759.361713021539
2025-11-01 22:00:00+00:00,9759.361713021539
2025-11-01 23:00:00+00:00,9759.361713021539
2025-11-02 00:00:00+00:00,9759.361713021539
2025-11-02 01:00:00+00:00,9759.361713021539
2025-11-02 02:00:00+00:00,9759.361713021539
2025-11-02 03:00:00+00:00,9759.361713021539
2025-11-02 04:00:00+00:00,9759.361713021539
2025-11-02 05:00:00+00:00,9759.361713021539
2025-11-02 06:00:00+00:00,9759.361713021539
2025-11-02 07:00:00+00:00,9759.361713021539
2025-11-02 08:00:00+00:00,9759.361713021539
2025-11-02 09:00:00+00:00,9759.361713021539
2025-11-02 10:00:00+00:00,9759.361713021539
2025-11-02 11:00:00+00:00,9759.361713021539
2025-11-02 12:00:00+00:00,9759.361713021539
2025-11-02 13:00:00+00:00,9759.361713021539
2025-11-02 14:00:00+00:00,9759.361713021539
2025-11-02 15:00:00+00:00,9759.361713021539
2025-11-02 16:00:00+00:00,9759.361713021539
2025-11-02 17:00:00+00:00,9759.361713021539
2025-11-02 18:00:00+00:00,9759.361713021539
2025-11-02 19:00:00+00:00,9759.361713021539
2025-11-02 20:00:00+00:00,9759.361713021539
2025-11-02 21:00:00+00:00,9759.361713021539
2025-11-02 22:00:00+00:00,9759.361713021539
2025-11-02 23:00:00+00:00,9759.361713021539
2025-11-03 00:00:00+00:00,9759.361713021539
2025-11-03 01:00:00+00:00,9759.361713021539
2025-11-03 02:00:00+00:00,9759.361713021539
2025-11-03 03:00:00+00:00,9759.361713021539
2025-11-03 04:00:00+00:00,9759.361713021539
2025-11-03 05:00:00+00:00,9759.361713021539
2025-11-03 06:00:00+00:00,9759.361713021539
2025-11-03 07:00:00+00:00,9759.361713021539
2025-11-03 08:00:00+00:00,9759.361713021539
2025-11-03 09:00:00+00:00,9759.361713021539
2025-11-03 10:00:00+00:00,9759.361713021539
2025-11-03 11:00:00+00:00,9759.361713021539
2025-11-03 12:00:00+00:00,9759.361713021539
2025-11-03 13:00:00+00:00,9759.361713021539
2025-11-03 14:00:00+00:00,9759.361713021539
2025-11-03 15:00:00+00:00,9759.361713021539
2025-11-03 16:00:00+00:00,9759.361713021539
2025-11-03 17:00:00+00:00,9701.203023256427
2025-11-03 18:00:00+00:00,9656.218623256427
2025-11-03 19:00:00+00:00,9686.274723256427
2025-11-03 20:00:00+00:00,9678.933123256427
2025-11-03 21:00:00+00:00,9702.804723256428
2025-11-03 22:00:00+00:00,9689.500923256426
2025-11-03 23:00:00+00:00,9712.739823256426
2025-11-04 00:00:00+00:00,9706.903023256427
2025-11-04 01:00:00+00:00,9714.076724056427
2025-11-04 02:00:00+00:00,9682.031324056426
2025-11-04 03:00:00+00:00,9713.552324056427
2025-11-04 04:00:00+00:00,9675.977924056428
2025-11-04 05:00:00+00:00,9698.458724056427
2025-11-04 06:00:00+00:00,9843.153224056427
2025-11-04 07:00:00+00:00,9812.481524056428
2025-11-04 08:00:00+00:00,9827.273024056427
2025-11-04 09:00:00+00:00,9851.81528854345
2025-11-04 10:00:00+00:00,9862.99298854345
2025-11-04 11:00:00+00:00,9865.00508854345
2025-11-04 12:00:00+00:00,9822.61418854345
2025-11-04 13:00:00+00:00,9858.14798854345
2025-11-04 14:00:00+00:00,9860.27408854345
2025-11-04 15:00:00+00:00,9826.73528854345
2025-11-04 16:00:00+00:00,9900.87518854345
2025-11-04 17:00:00+00:00,9954.27502103982
2025-11-04 18:00:00+00:00,10030.890336828237
2025-11-04 19:00:00+00:00,10015.885126134117
2025-11-04 20:00:00+00:00,10052.348626134117
2025-11-04 21:00:00+00:00,10043.209126134117
2025-11-04 22:00:00+00:00,10062.829126134116
2025-11-04 23:00:00+00:00,10018.454626134117
2025-11-05 00:00:00+00:00,10009.900126134116
2025-11-05 01:00:00+00:00,10051.958720405997
2025-11-05 02:00:00+00:00,10042.994720405997
2025-11-05 03:00:00+00:00,10001.972720405998
2025-11-05 04:00:00+00:00,9981.223220405998
2025-11-05 05:00:00+00:00,9987.644720405997
2025-11-05 06:00:00+00:00,9995.920220405998
2025-11-05 07:00:00+00:00,9982.393220405998
2025-11-05 08:00:00+00:00,9987.914720405997
2025-11-05 09:00:00+00:00,10001.333094767488
2025-11-05 10:00:00+00:00,9987.891594767487
2025-11-05 11:00:00+00:00,10014.756594767487
2025-11-05 12:00:00+00:00,9984.746094767488
2025-11-05 13:00:00+00:00,9950.969331501316
2025-11-05 14:00:00+00:00,9950.969331501316
2025-11-05 15:00:00+00:00,9950.969331501316
2025-11-05 16:00:00+00:00,9950.969331501316
2025-11-05 17:00:00+00:00,9950.969331501316
2025-11-05 18:00:00+00:00,9950.969331501316
2025-11-05 19:00:00+00:00,9950.969331501316
2025-11-05 20:00:00+00:00,9950.969331501316
2025-11-05 21:00:00+00:00,9950.969331501316
2025-11-05 22:00:00+00:00,9950.969331501316
2025-11-05 23:00:00+00:00,9950.969331501316
2025-11-06 00:00:00+00:00,9950.969331501316
2025-11-06 01:00:00+00:00,9950.969331501316
2025-11-06 02:00:00+00:00,9950.969331501316
2025-11-06 03:00:00+00:00,9950.969331501316
2025-11-06 04:00:00+00:00,9950.969331501316
2025-11-06 05:00:00+00:00,9950.969331501316
2025-11-06 06:00:00+00:00,9950.969331501316
2025-11-06 07:00:00+00:00,9950.969331501316
2025-11-06 08:00:00+00:00,9950.969331501316
2025-11-06 09:00:00+00:00,9950.969331501316
2025-11-06 10:00:00+00:00,9950.969331501316
2025-11-06 11:00:00+00:00,9950.969331501316
2025-11-06 12:00:00+00:00,9950.969331501316
2025-11-06 13:00:00+00:00,9950.969331501316
2025-11-06 14:00:00+00:00,9950.969331501316
2025-11-06 15:00:00+00:00,9950.969331501316
2025-11-06 16:00:00+00:00,9950.969331501316
2025-11-06 17:00:00+00:00,9950.969331501316
2025-11-06 18:00:00+00:00,9950.969331501316
2025-11-06 19:00:00+00:00,9950.969331501316
2025-11-06 20:00:00+00:00,9950.969331501316
2025-11-06 21:00:00+00:00,9950.969331501316
2025-11-06 22:00:00+00:00,9950.969331501316
2025-11-06 23:00:00+00:00,9950.969331501316
2025-11-07 00:00:00+00:00,9950.969331501316
2025-11-07 01:00:00+00:00,9950.969331501316
2025-11-07 02:00:00+00:00,9950.969331501316
2025-11-07 03:00:00+00:00,9950.969331501316
2025-11-07 04:00:00+00:00,9950.969331501316
2025-11-07 05:00:00+00:00,9950.969331501316
2025-11-07 06:00:00+00:00,9950.969331501316
2025-11-07 07:00:00+00:00,9950.969331501316
2025-11-07 08:00:00+00:00,9950.969331501316
2025-11-07 09:00:00+00:00,9950.969331501316
2025-11-07 10:00:00+00:00,9950.969331501316
2025-11-07 11:00:00+00:00,9950.969331501316
2025-11-07 12:00:00+00:00,9950.969331501316
2025-11-07 13:00:00+00:00,9950.969331501316
2025-11-07 14:00:00+00:00,9950.969331501316
2025-11-07 15:00:00+00:00,9950.969331501316
2025-11-07 16:00:00+00:00,9950.969331501316
2025-11-07 17:00:00+00:00,9950.969331501316
2025-11-07 18:00:00+00:00,9950.969331501316
2025-11-07 19:00:00+00:00,9950.969331501316
2025-11-07 20:00:00+00:00,9950.969331501316
2025-11-07 21:00:00+00:00,9950.969331501316
2025-11-07 22:00:00+00:00,9950.969331501316
2025-11-07 23:00:00+00:00,9950.969331501316
2025-11-08 00:00:00+00:00,9950.969331501316
2025-11-08 01:00:00+00:00,9950.969331501316
2025-11-08 02:00:00+00:00,9950.969331501316
2025-11-08 03:00:00+00:00,9950.969331501316
2025-11-08 04:00:00+00:00,9950.969331501316
2025-11-08 05:00:00+00:00,9950.969331501316
2025-11-08 06:00:00+00:00,9950.969331501316
2025-11-08 07:00:00+00:00,9950.969331501316
2025-11-08 08:00:00+00:00,9950.969331501316
2025-11-08 09:00:00+00:00,9950.969331501316
2025-11-08 10:00:00+00:00,9950.969331501316
2025-11-08 11:00:00+00:00,9950.969331501316
2025-11-08 12:00:00+00:00,9950.969331501316
2025-11-08 13:00:00+00:00,9950.969331501316
2025-11-08 14:00:00+00:00,9950.969331501316
2025-11-08 15:00:00+00:00,9950.969331501316
2025-11-08 16:00:00+00:00,9950.969331501316
2025-11-08 17:00:00+00:00,9950.969331501316
2025-11-08 18:00:00+00:00,9950.969331501316
2025-11-08 19:00:00+00:00,9950.969331501316
2025-11-08 20:00:00+00:00,9950.969331501316
2025-11-08 21:00:00+00:00,9950.969331501316
2025-11-08 22:00:00+00:00,9950.969331501316
2025-11-08 23:00:00+00:00,9950.969331501316
2025-11-09 00:00:00+00:00,9950.969331501316
2025-11-09 01:00:00+00:00,9950.969331501316
2025-11-09 02:00:00+00:00,9950.969331501316
2025-11-09 03:00:00+00:00,9950.969331501316
2025-11-09 04:00:00+00:00,9950.969331501316
2025-11-09 05:00:00+00:00,9950.969331501316
2025-11-09 06:00:00+00:00,9950.969331501316
2025-11-09 07:00:00+00:00,9950.969331501316
2025-11-09 08:00:00+00:00,9950.969331501316
2025-11-09 09:00:00+00:00,9950.969331501316
2025-11-09 10:00:00+00:00,9950.969331501316
2025-11-09 11:00:00+00:00,9950.969331501316
2025-11-09 12:00:00+00:00,9950.969331501316
2025-11-09 13:00:00+00:00,9950.969331501316
2025-11-09 14:00:00+00:00,9950.969331501316
2025-11-09 15:00:00+00:00,9950.969331501316
2025-11-09 16:00:00+00:00,9950.969331501316
2025-11-09 17:00:00+00:00,9950.969331501316
2025-11-09 18:00:00+00:00,9950.969331501316
2025-11-09 19:00:00+00:00,9950.969331501316
2025-11-09 20:00:00+00:00,9950.969331501316
2025-11-09 21:00:00+00:00,9950.969331501316
2025-11-09 22:00:00+00:00,9950.969331501316
2025-11-09 23:00:00+00:00,9950.969331501316
2025-11-10 00:00:00+00:00,9950.969331501316
2025-11-10 01:00:00+00:00,9950.969331501316
2025-11-10 02:00:00+00:00,9950.969331501316
2025-11-10 03:00:00+00:00,9950.969331501316
2025-11-10 04:00:00+00:00,9950.969331501316
2025-11-10 05:00:00+00:00,9950.969331501316
2025-11-10 06:00:00+00:00,9950.969331501316
2025-11-10 07:00:00+00:00,9950.969331501316
2025-11-10 08:00:00+00:00,9950.969331501316
2025-11-10 09:00:00+00:00,9950.969331501316
2025-11-10 10:00:00+00:00,9950.969331501316
2025-11-10 11:00:00+00:00,9950.969331501316
2025-11-10 12:00:00+00:00,9950.969331501316
2025-11-10 13:00:00+00:00,9950.969331501316
2025-11-10 14:00:00+00:00,9950.969331501316
2025-11-10 15:00:00+00:00,9950.969331501316
2025-11-10 16:00:00+00:00,9950.969331501316
2025-11-10 17:00:00+00:00,9950.969331501316
2025-11-10 18:00:00+00:00,9950.969331501316
2025-11-10 19:00:00+00:00,9950.969331501316
2025-11-10 20:00:00+00:00,9950.969331501316
2025-11-10 21:00:00+00:00,9950.969331501316
2025-11-10 22:00:00+00:00,9950.969331501316
2025-11-10 23:00:00+00:00,9950.969331501316
2025-11-11 00:00:00+00:00,9950.969331501316
2025-11-11 01:00:00+00:00,9950.969331501316
2025-11-11 02:00:00+00:00,9950.969331501316
2025-11-11 03:00:00+00:00,9950.969331501316
2025-11-11 04:00:00+00:00,9950.969331501316
2025-11-11 05:00:00+00:00,9950.969331501316
2025-11-11 06:00:00+00:00,9950.969331501316
2025-11-11 07:00:00+00:00,9950.969331501316
2025-11-11 08:00:00+00:00,9950.969331501316
2025-11-11 09:00:00+00:00,9950.969331501316
2025-11-11 10:00:00+00:00,9950.969331501316
2025-11-11 11:00:00+00:00,9950.969331501316
2025-11-11 12:00:00+00:00,9950.969331501316
2025-11-11 13:00:00+00:00,9950.969331501316
2025-11-11 14:00:00+00:00,9950.969331501316
2025-11-11 15:00:00+00:00,9950.969331501316
2025-11-11 16:00:00+00:00,9950.969331501316
2025-11-11 17:00:00+00:00,9950.969331501316
2025-11-11 18:00:00+00:00,9950.969331501316
2025-11-11 19:00:00+00:00,9950.969331501316
2025-11-11 20:00:00+00:00,9950.969331501316
2025-11-11 21:00:00+00:00,9950.969331501316
2025-11-11 22:00:00+00:00,9950.969331501316
2025-11-11 23:00:00+00:00,9950.969331501316
2025-11-12 00:00:00+00:00,9950.969331501316
2025-11-12 01:00:00+00:00,9950.969331501316
2025-11-12 02:00:00+00:00,9950.969331501316
2025-11-12 03:00:00+00:00,9950.969331501316
2025-11-12 04:00:00+00:00,9950.969331501316
2025-11-12 05:00:00+00:00,9950.969331501316
2025-11-12 06:00:00+00:00,9950.969331501316
2025-11-12 07:00:00+00:00,9950.969331501316
2025-11-12 08:00:00+00:00,9950.969331501316
2025-11-12 09:00:00+00:00,9950.969331501316
2025-11-12 10:00:00+00:00,9950.969331501316
2025-11-12 11:00:00+00:00,9950.969331501316
2025-11-12 12:00:00+00:00,9950.969331501316
2025-11-12 13:00:00+00:00,9950.969331501316
2025-11-12 14:00:00+00:00,9950.969331501316
2025-11-12 15:00:00+00:00,9950.969331501316
2025-11-12 16:00:00+00:00,9950.969331501316
2025-11-12 17:00:00+00:00,9950.969331501316
2025-11-12 18:00:00+00:00,9950.969331501316
2025-11-12 19:00:00+00:00,9950.969331501316
2025-11-12 20:00:00+00:00,9950.969331501316
2025-11-12 21:00:00+00:00,9950.969331501316
2025-11-12 22:00:00+00:00,9950.969331501316
2025-11-12 23:00:00+00:00,9950.969331501316
2025-11-13 00:00:00+00:00,9950.969331501316
2025-11-13 01:00:00+00:00,9950.969331501316
2025-11-13 02:00:00+00:00,9950.969331501316
2025-11-13 03:00:00+00:00,9950.969331501316
2025-11-13 04:00:00+00:00,9950.969331501316
2025-11-13 05:00:00+00:00,9950.969331501316
2025-11-13 06:00:00+00:00,9950.969331501316
2025-11-13 07:00:00+00:00,9950.969331501316
2025-11-13 08:00:00+00:00,9950.969331501316
2025-11-13 09:00:00+00:00,9950.969331501316
2025-11-13 10:00:00+00:00,9950.969331501316
2025-11-13 11:00:00+00:00,9950.969331501316
2025-11-13 12:00:00+00:00,9950.969331501316
2025-11-13 13:00:00+00:00,9950.969331501316
2025-11-13 14:00:00+00:00,9950.969331501316
2025-11-13 15:00:00+00:00,9950.969331501316
2025-11-13 16:00:00+00:00,9950.969331501316
2025-11-13 17:00:00+00:00,9950.969331501316
2025-11-13 18:00:00+00:00,9950.969331501316
2025-11-13 19:00:00+00:00,9950.969331501316
2025-11-13 20:00:00+00:00,9941.937440066331
2025-11-13 21:00:00+00:00,9965.977940066332
2025-11-13 22:00:00+00:00,9936.250440066331
2025-11-13 23:00:00+00:00,9886.594940066332
2025-11-14 00:00:00+00:00,9865.84844489568
2025-11-14 01:00:00+00:00,9865.84844489568
2025-11-14 02:00:00+00:00,9865.84844489568
2025-11-14 03:00:00+00:00,9865.84844489568
2025-11-14 04:00:00+00:00,9865.84844489568
2025-11-14 05:00:00+00:00,9865.84844489568
2025-11-14 06:00:00+00:00,9874.87014039796
2025-11-14 07:00:00+00:00,9873.19314039796
2025-11-14 08:00:00+00:00,9891.72614039796
2025-11-14 09:00:00+00:00,9882.075277883541
2025-11-14 10:00:00+00:00,9904.650277883542
2025-11-14 11:00:00+00:00,9909.139477883542
2025-11-14 12:00:00+00:00,9933.615077883542
2025-11-14 13:00:00+00:00,9968.341877883542
2025-11-14 14:00:00+00:00,9973.41587788354
2025-11-14 15:00:00+00:00,9918.00177788354
2025-11-14 16:00:00+00:00,9907.041077883541
2025-11-14 17:00:00+00:00,9897.963055918099
2025-11-14 18:00:00+00:00,9947.787155918099
2025-11-14 19:00:00+00:00,9981.7528559181
2025-11-14 20:00:00+00:00,9951.0766559181
2025-11-14 21:00:00+00:00,10011.3067559181
2025-11-14 22:00:00+00:00,9981.778655918099
2025-11-14 23:00:00+00:00,9976.433755918099
2025-11-15 00:00:00+00:00,10002.349855918099
2025-11-15 01:00:00+00:00,9977.96640210775
2025-11-15 02:00:00+00:00,9956.595402107749
2025-11-15 03:00:00+00:00,9920.66890210775
2025-11-15 04:00:00+00:00,9923.42090210775
2025-11-15 05:00:00+00:00,9936.79820210775
2025-11-15 06:00:00+00:00,9927.05440210775
2025-11-15 07:00:00+00:00,9936.105902107749
2025-11-15 08:00:00+00:00,9927.68220210775
2025-11-15 09:00:00+00:00,9945.752046097748
2025-11-15 10:00:00+00:00,9950.25414609775
2025-11-15 11:00:00+00:00,9944.32444609775
2025-11-15 12:00:00+00:00,9955.27654609775
2025-11-15 13:00:00+00:00,9950.59814609775
2025-11-15 14:00:00+00:00,9926.53534609775
2025-11-15 15:00:00+00:00,9931.86304609775
2025-11-15 16:00:00+00:00,9930.990146097749
2025-11-15 17:00:00+00:00,9935.99531320202
2025-11-15 18:00:00+00:00,9932.271513202018
2025-11-15 19:00:00+00:00,9940.37271320202
2025-11-15 20:00:00+00:00,9942.17441320202
2025-11-15 21:00:00+00:00,9973.057013202018
2025-11-15 22:00:00+00:00,9973.23331320202
2025-11-15 23:00:00+00:00,9958.95731320202
2025-11-16 00:00:00+00:00,9959.69261320202
2025-11-16 01:00:00+00:00,9970.04276278016
2025-11-16 02:00:00+00:00,9973.62466278016
2025-11-16 03:00:00+00:00,9943.92886278016
2025-11-16 04:00:00+00:00,9950.47776278016
2025-11-16 05:00:00+00:00,9950.52076278016
2025-11-16 06:00:00+00:00,9947.553762780159
2025-11-16 07:00:00+00:00,9951.30336278016
2025-11-16 08:00:00+00:00,9938.317362780159
2025-11-16 09:00:00+00:00,9937.92634142016
2025-11-16 10:00:00+00:00,9917.02531075721
2025-11-16 11:00:00+00:00,9917.02531075721
2025-11-16 12:00:00+00:00,9917.02531075721
2025-11-16 13:00:00+00:00,9917.02531075721
2025-11-16 14:00:00+00:00,9917.02531075721
2025-11-16 15:00:00+00:00,9917.02531075721
2025-11-16 16:00:00+00:00,9917.02531075721
2025-11-16 17:00:00+00:00,9917.02531075721
2025-11-16 18:00:00+00:00,9917.02531075721
2025-11-16 19:00:00+00:00,9917.02531075721
2025-11-16 20:00:00+00:00,9917.02531075721
2025-11-16 21:00:00+00:00,9917.02531075721
2025-11-16 22:00:00+00:00,9917.02531075721
2025-11-16 23:00:00+00:00,9867.885542766171
2025-11-17 00:00:00+00:00,9863.725542766171
2025-11-17 01:00:00+00:00,9798.23576164617
2025-11-17 02:00:00+00:00,9831.63736164617
2025-11-17 03:00:00+00:00,9818.22296164617
2025-11-17 04:00:00+00:00,9784.30296164617
2025-11-17 05:00:00+00:00,9810.17816164617
2025-11-17 06:00:00+00:00,9808.84696164617
2025-11-17 07:00:00+00:00,9799.33016164617
2025-11-17 08:00:00+00:00,9762.028928448462
2025-11-17 09:00:00+00:00,9762.028928448462
2025-11-17 10:00:00+00:00,9762.028928448462
2025-11-17 11:00:00+00:00,9762.028928448462
2025-11-17 12:00:00+00:00,9762.028928448462
2025-11-17 13:00:00+00:00,9762.028928448462
2025-11-17 14:00:00+00:00,9762.028928448462
2025-11-17 15:00:00+00:00,9762.028928448462
2025-11-17 16:00:00+00:00,9762.028928448462
2025-11-17 17:00:00+00:00,9762.028928448462
2025-11-17 18:00:00+00:00,9762.028928448462
2025-11-17 19:00:00+00:00,9768.438087693503
2025-11-17 20:00:00+00:00,9808.294087693503
2025-11-17 21:00:00+00:00,9797.751987693502
2025-11-17 22:00:00+00:00,9795.627587693501
2025-11-17 23:00:00+00:00,9782.119787693502
2025-11-18 00:00:00+00:00,9784.159587693503
2025-11-18 01:00:00+00:00,9786.919285753502
2025-11-18 02:00:00+00:00,9807.552285753502
2025-11-18 03:00:00+00:00,9847.201485753501
2025-11-18 04:00:00+00:00,9848.409385753503
2025-11-18 05:00:00+00:00,9884.246885753502
2025-11-18 06:00:00+00:00,9877.831385753503
2025-11-18 07:00:00+00:00,9904.621385753502
2025-11-18 08:00:00+00:00,9864.990985753502
2025-11-18 09:00:00+00:00,9831.538543993502
2025-11-18 10:00:00+00:00,9822.993943993502
2025-11-18 11:00:00+00:00,9814.787743993502
2025-11-18 12:00:00+00:00,9817.7346439935
2025-11-18 13:00:00+00:00,9809.10126220661
2025-11-18 14:00:00+00:00,9809.10126220661
2025-11-18 15:00:00+00:00,9809.10126220661
2025-11-18 16:00:00+00:00,9809.10126220661
2025-11-18 17:00:00+00:00,9809.10126220661
2025-11-18 18:00:00+00:00,9809.10126220661
2025-11-18 19:00:00+00:00,9809.10126220661
2025-11-18 20:00:00+00:00,9809.10126220661
2025-11-18 21:00:00+00:00,9809.10126220661
2025-11-18 22:00:00+00:00,9809.10126220661
2025-11-18 23:00:00+00:00,9809.10126220661
2025-11-19 00:00:00+00:00,9809.10126220661
2025-11-19 01:00:00+00:00,9809.10126220661
2025-11-19 02:00:00+00:00,9809.10126220661
2025-11-19 03:00:00+00:00,9809.10126220661
2025-11-19 04:00:00+00:00,9809.10126220661
2025-11-19 05:00:00+00:00,9809.10126220661
2025-11-19 06:00:00+00:00,9809.10126220661
2025-11-19 07:00:00+00:00,9809.10126220661
2025-11-19 08:00:00+00:00,9809.10126220661
2025-11-19 09:00:00+00:00,9809.10126220661
2025-11-19 10:00:00+00:00,9809.10126220661
2025-11-19 11:00:00+00:00,9809.10126220661
2025-11-19 12:00:00+00:00,9809.10126220661
2025-11-19 13:00:00+00:00,9809.10126220661
2025-11-19 14:00:00+00:00,9809.10126220661
2025-11-19 15:00:00+00:00,9809.10126220661
2025-11-19 16:00:00+00:00,9809.10126220661
2025-11-19 17:00:00+00:00,9809.10126220661
2025-11-19 18:00:00+00:00,9809.10126220661
2025-11-19 19:00:00+00:00,9809.10126220661
2025-11-19 20:00:00+00:00,9809.10126220661
2025-11-19 21:00:00+00:00,9809.10126220661
2025-11-19 22:00:00+00:00,9809.10126220661
2025-11-19 23:00:00+00:00,9809.10126220661
2025-11-20 00:00:00+00:00,9809.10126220661
2025-11-20 01:00:00+00:00,9809.10126220661
2025-11-20 02:00:00+00:00,9809.10126220661
2025-11-20 03:00:00+00:00,9809.10126220661
2025-11-20 04:00:00+00:00,9809.10126220661
2025-11-20 05:00:00+00:00,9809.10126220661
2025-11-20 06:00:00+00:00,9809.10126220661
2025-11-20 07:00:00+00:00,9809.10126220661
2025-11-20 08:00:00+00:00,9809.10126220661
2025-11-20 09:00:00+00:00,9809.10126220661
2025-11-20 10:00:00+00:00,9809.10126220661
2025-11-20 11:00:00+00:00,9809.10126220661
2025-11-20 12:00:00+00:00,9809.10126220661
2025-11-20 13:00:00+00:00,9809.10126220661
2025-11-20 14:00:00+00:00,9809.10126220661
2025-11-20 15:00:00+00:00,9809.10126220661
2025-11-20 16:00:00+00:00,9809.10126220661
2025-11-20 17:00:00+00:00,9809.10126220661
2025-11-20 18:00:00+00:00,9838.028209542119
2025-11-20 19:00:00+00:00,9874.307809542119
2025-11-20 20:00:00+00:00,9853.01240954212
2025-11-20 21:00:00+00:00,9874.93990954212
2025-11-20 22:00:00+00:00,9835.632109542119
2025-11-20 23:00:00+00:00,9796.490909542119
2025-11-21 00:00:00+00:00,9866.68340954212
2025-11-21 01:00:00+00:00,9835.083290520712
2025-11-21 02:00:00+00:00,9846.475790520712
2025-11-21 03:00:00+00:00,9925.904790520712
2025-11-21 04:00:00+00:00,9906.985890520711
2025-11-21 05:00:00+00:00,9895.51499052071
2025-11-21 06:00:00+00:00,9889.066590520712
2025-11-21 07:00:00+00:00,9918.80469052071
2025-11-21 08:00:00+00:00,10084.032314836584
2025-11-21 09:00:00+00:00,10096.57116939362
2025-11-21 10:00:00+00:00,10151.98626939362
2025-11-21 11:00:00+00:00,10133.094669393618
2025-11-21 12:00:00+00:00,10148.460669393618
2025-11-21 13:00:00+00:00,10110.981669393619
2025-11-21 14:00:00+00:00,10078.802769393618
2025-11-21 15:00:00+00:00,10048.884504704023
2025-11-21 16:00:00+00:00,10048.884504704023
2025-11-21 17:00:00+00:00,10048.884504704023
2025-11-21 18:00:00+00:00,10048.884504704023
2025-11-21 19:00:00+00:00,10048.884504704023
2025-11-21 20:00:00+00:00,10048.884504704023
2025-11-21 21:00:00+00:00,10048.884504704023
2025-11-21 22:00:00+00:00,10048.884504704023
2025-11-21 23:00:00+00:00,10048.884504704023
2025-11-22 00:00:00+00:00,10048.884504704023
2025-11-22 01:00:00+00:00,10048.884504704023
2025-11-22 02:00:00+00:00,10048.884504704023
2025-11-22 03:00:00+00:00,10048.884504704023
2025-11-22 04:00:00+00:00,10048.884504704023
2025-11-22 05:00:00+00:00,10048.884504704023
2025-11-22 06:00:00+00:00,10048.884504704023
2025-11-22 07:00:00+00:00,10048.884504704023
2025-11-22 08:00:00+00:00,10048.884504704023
2025-11-22 09:00:00+00:00,10048.884504704023
2025-11-22 10:00:00+00:00,10048.884504704023
2025-11-22 11:00:00+00:00,10048.884504704023
2025-11-22 12:00:00+00:00,10048.884504704023
2025-11-22 13:00:00+00:00,10048.884504704023
2025-11-22 14:00:00+00:00,10048.884504704023
2025-11-22 15:00:00+00:00,10048.884504704023
2025-11-22 16:00:00+00:00,10048.884504704023
2025-11-22 17:00:00+00:00,10048.884504704023
2025-11-22 18:00:00+00:00,10048.884504704023
2025-11-22 19:00:00+00:00,10048.884504704023
2025-11-22 20:00:00+00:00,10048.884504704023
2025-11-22 21:00:00+00:00,10048.884504704023
2025-11-22 22:00:00+00:00,10048.884504704023
2025-11-22 23:00:00+00:00,10048.884504704023
2025-11-23 00:00:00+00:00,10048.884504704023
2025-11-23 01:00:00+00:00,10048.884504704023
2025-11-23 02:00:00+00:00,10048.884504704023
2025-11-23 03:00:00+00:00,10048.884504704023
2025-11-23 04:00:00+00:00,10048.884504704023
2025-11-23 05:00:00+00:00,10048.884504704023
2025-11-23 06:00:00+00:00,10048.884504704023
2025-11-23 07:00:00+00:00,10048.884504704023
2025-11-23 08:00:00+00:00,10048.884504704023
2025-11-23 09:00:00+00:00,10048.884504704023
2025-11-23 10:00:00+00:00,10048.884504704023
2025-11-23 11:00:00+00:00,10048.884504704023
2025-11-23 12:00:00+00:00,10048.884504704023
2025-11-23 13:00:00+00:00,10048.884504704023
2025-11-23 14:00:00+00:00,10048.884504704023
2025-11-23 15:00:00+00:00,10048.884504704023
2025-11-23 16:00:00+00:00,10048.884504704023
2025-11-23 17:00:00+00:00,10048.884504704023
2025-11-23 18:00:00+00:00,10048.884504704023
2025-11-23 19:00:00+00:00,10048.884504704023
2025-11-23 20:00:00+00:00,10048.884504704023
2025-11-23 21:00:00+00:00,10048.884504704023
2025-11-23 22:00:00+00:00,10048.884504704023
2025-11-23 23:00:00+00:00,10048.884504704023
2025-11-24 00:00:00+00:00,10048.884504704023
2025-11-24 01:00:00+00:00,10048.884504704023
2025-11-24 02:00:00+00:00,10048.884504704023
2025-11-24 03:00:00+00:00,10048.884504704023
2025-11-24 04:00:00+00:00,10048.884504704023
2025-11-24 05:00:00+00:00,10048.884504704023
2025-11-24 06:00:00+00:00,10048.884504704023
2025-11-24 07:00:00+00:00,10048.884504704023
2025-11-24 08:00:00+00:00,10048.884504704023
2025-11-24 09:00:00+00:00,10048.884504704023
2025-11-24 10:00:00+00:00,10048.884504704023
2025-11-24 11:00:00+00:00,10048.884504704023
2025-11-24 12:00:00+00:00,10048.884504704023
2025-11-24 13:00:00+00:00,10048.884504704023
2025-11-24 14:00:00+00:00,10048.884504704023
2025-11-24 15:00:00+00:00,10048.884504704023
2025-11-24 16:00:00+00:00,10048.884504704023
2025-11-24 17:00:00+00:00,10048.884504704023
2025-11-24 18:00:00+00:00,10048.884504704023
2025-11-24 19:00:00+00:00,10048.884504704023
2025-11-24 20:00:00+00:00,10048.884504704023
2025-11-24 21:00:00+00:00,10048.884504704023
2025-11-24 22:00:00+00:00,10048.884504704023
2025-11-24 23:00:00+00:00,10048.884504704023
2025-11-25 00:00:00+00:00,10048.884504704023
2025-11-25 01:00:00+00:00,10048.884504704023
2025-11-25 02:00:00+00:00,10048.884504704023
2025-11-25 03:00:00+00:00,10048.884504704023
2025-11-25 04:00:00+00:00,10048.884504704023
2025-11-25 05:00:00+00:00,10048.884504704023
2025-11-25 06:00:00+00:00,10048.884504704023
2025-11-25 07:00:00+00:00,10048.884504704023
2025-11-25 08:00:00+00:00,10048.884504704023
2025-11-25 09:00:00+00:00,10048.884504704023
2025-11-25 10:00:00+00:00,10048.884504704023
2025-11-25 11:00:00+00:00,10048.884504704023
2025-11-25 12:00:00+00:00,10048.884504704023
2025-11-25 13:00:00+00:00,10048.884504704023
2025-11-25 14:00:00+00:00,10048.884504704023
2025-11-25 15:00:00+00:00,10048.884504704023
2025-11-25 16:00:00+00:00,10048.884504704023
2025-11-25 17:00:00+00:00,10048.884504704023
2025-11-25 18:00:00+00:00,10048.884504704023
2025-11-25 19:00:00+00:00,10048.884504704023
2025-11-25 20:00:00+00:00,10048.884504704023
2025-11-25 21:00:00+00:00,10048.884504704023
2025-11-25 22:00:00+00:00,10048.884504704023
2025-11-25 23:00:00+00:00,10048.884504704023
2025-11-26 00:00:00+00:00,10048.884504704023
2025-11-26 01:00:00+00:00,10048.884504704023
2025-11-26 02:00:00+00:00,10048.884504704023
2025-11-26 03:00:00+00:00,10048.884504704023
2025-11-26 04:00:00+00:00,10048.884504704023
2025-11-26 05:00:00+00:00,10048.884504704023
2025-11-26 06:00:00+00:00,10048.884504704023
2025-11-26 07:00:00+00:00,10048.884504704023
2025-11-26 08:00:00+00:00,10048.884504704023
2025-11-26 09:00:00+00:00,10048.884504704023
2025-11-26 10:00:00+00:00,10048.884504704023
2025-11-26 11:00:00+00:00,10048.884504704023
2025-11-26 12:00:00+00:00,10048.884504704023
2025-11-26 13:00:00+00:00,10048.884504704023
2025-11-26 14:00:00+00:00,10048.884504704023
2025-11-26 15:00:00+00:00,10048.884504704023
2025-11-26 16:00:00+00:00,10048.884504704023
2025-11-26 17:00:00+00:00,10048.884504704023
2025-11-26 18:00:00+00:00,10048.884504704023
2025-11-26 19:00:00+00:00,10048.884504704023
2025-11-26 20:00:00+00:00,10048.884504704023
2025-11-26 21:00:00+00:00,10048.884504704023
2025-11-26 22:00:00+00:00,10048.884504704023
2025-11-26 23:00:00+00:00,10048.884504704023
2025-11-27 00:00:00+00:00,10048.884504704023
2025-11-27 01:00:00+00:00,10048.884504704023
2025-11-27 02:00:00+00:00,10048.884504704023
2025-11-27 03:00:00+00:00,10048.884504704023
2025-11-27 04:00:00+00:00,10048.884504704023
2025-11-27 05:00:00+00:00,10048.884504704023
2025-11-27 06:00:00+00:00,10048.884504704023
2025-11-27 07:00:00+00:00,10048.884504704023
2025-11-27 08:00:00+00:00,10048.884504704023
2025-11-27 09:00:00+00:00,10048.884504704023
2025-11-27 10:00:00+00:00,10048.884504704023
2025-11-27 11:00:00+00:00,10048.884504704023
2025-11-27 12:00:00+00:00,10048.884504704023
2025-11-27 13:00:00+00:00,10048.884504704023
2025-11-27 14:00:00+00:00,10048.884504704023
2025-11-27 15:00:00+00:00,10048.884504704023
2025-11-27 16:00:00+00:00,10048.884504704023
2025-11-27 17:00:00+00:00,10048.884504704023
2025-11-27 18:00:00+00:00,10048.884504704023
2025-11-27 19:00:00+00:00,10048.884504704023
2025-11-27 20:00:00+00:00,10048.884504704023
2025-11-27 21:00:00+00:00,10048.884504704023
2025-11-27 22:00:00+00:00,10048.884504704023
2025-11-27 23:00:00+00:00,10048.884504704023
2025-11-28 00:00:00+00:00,10048.884504704023
2025-11-28 01:00:00+00:00,10048.884504704023
2025-11-28 02:00:00+00:00,10048.884504704023
2025-11-28 03:00:00+00:00,10048.884504704023
2025-11-28 04:00:00+00:00,10048.884504704023
2025-11-28 05:00:00+00:00,10048.884504704023
2025-11-28 06:00:00+00:00,10048.884504704023
2025-11-28 07:00:00+00:00,10048.884504704023
2025-11-28 08:00:00+00:00,10048.884504704023
2025-11-28 09:00:00+00:00,10048.884504704023
2025-11-28 10:00:00+00:00,10048.884504704023
2025-11-28 11:00:00+00:00,10048.884504704023
2025-11-28 12:00:00+00:00,10048.884504704023
2025-11-28 13:00:00+00:00,10048.884504704023
2025-11-28 14:00:00+00:00,10048.884504704023
2025-11-28 15:00:00+00:00,10031.436834065775
2025-11-28 16:00:00+00:00,10039.554234065774
2025-11-28 17:00:00+00:00,9927.17054599361
2025-11-28 18:00:00+00:00,9927.17054599361
2025-11-28 19:00:00+00:00,9927.17054599361
2025-11-28 20:00:00+00:00,9927.17054599361
2025-11-28 21:00:00+00:00,9927.17054599361
2025-11-28 22:00:00+00:00,9927.17054599361
2025-11-28 23:00:00+00:00,9927.17054599361
2025-11-29 00:00:00+00:00,9927.17054599361
2025-11-29 01:00:00+00:00,9927.17054599361
2025-11-29 02:00:00+00:00,9927.17054599361
2025-11-29 03:00:00+00:00,9927.17054599361
2025-11-29 04:00:00+00:00,9927.17054599361
2025-11-29 05:00:00+00:00,9927.17054599361
2025-11-29 06:00:00+00:00,9927.17054599361
2025-11-29 07:00:00+00:00,9927.17054599361
2025-11-29 08:00:00+00:00,9927.17054599361
2025-11-29 09:00:00+00:00,9927.17054599361
2025-11-29 10:00:00+00:00,9927.17054599361
2025-11-29 11:00:00+00:00,9927.17054599361
2025-11-29 12:00:00+00:00,9927.17054599361
2025-11-29 13:00:00+00:00,9927.17054599361
2025-11-29 14:00:00+00:00,9927.17054599361
2025-11-29 15:00:00+00:00,9927.17054599361
2025-11-29 16:00:00+00:00,9927.17054599361
2025-11-29 17:00:00+00:00,9927.17054599361
2025-11-29 18:00:00+00:00,9927.17054599361
2025-11-29 19:00:00+00:00,9927.17054599361
2025-11-29 20:00:00+00:00,9927.17054599361
2025-11-29 21:00:00+00:00,9927.17054599361
2025-11-29 22:00:00+00:00,9927.17054599361
2025-11-29 23:00:00+00:00,9927.17054599361
2025-11-30 00:00:00+00:00,9927.17054599361
2025-11-30 01:00:00+00:00,9927.17054599361
2025-11-30 02:00:00+00:00,9927.17054599361
2025-11-30 03:00:00+00:00,9927.17054599361
2025-11-30 04:00:00+00:00,9927.17054599361
2025-11-30 05:00:00+00:00,9927.17054599361
2025-11-30 06:00:00+00:00,9927.17054599361
2025-11-30 07:00:00+00:00,9927.17054599361
2025-11-30 08:00:00+00:00,9927.17054599361
2025-11-30 09:00:00+00:00,9927.17054599361
2025-11-30 10:00:00+00:00,9927.17054599361
2025-11-30 11:00:00+00:00,9927.17054599361
2025-11-30 12:00:00+00:00,9927.17054599361
2025-11-30 13:00:00+00:00,9927.17054599361
2025-11-30 14:00:00+00:00,9927.17054599361
2025-11-30 15:00:00+00:00,9927.17054599361
2025-11-30 16:00:00+00:00,9927.17054599361
2025-11-30 17:00:00+00:00,9927.17054599361
2025-11-30 18:00:00+00:00,9927.17054599361
2025-11-30 19:00:00+00:00,9927.17054599361
2025-11-30 20:00:00+00:00,9927.17054599361
2025-11-30 21:00:00+00:00,9927.17054599361
2025-11-30 22:00:00+00:00,9927.17054599361
2025-11-30 23:00:00+00:00,9927.17054599361
2025-12-01 00:00:00+00:00,9927.17054599361
2025-12-01 01:00:00+00:00,9927.17054599361
2025-12-01 02:00:00+00:00,9927.17054599361
2025-12-01 03:00:00+00:00,9927.17054599361
2025-12-01 04:00:00+00:00,9927.17054599361
2025-12-01 05:00:00+00:00,9927.17054599361
2025-12-01 06:00:00+00:00,9927.17054599361
2025-12-01 07:00:00+00:00,9927.17054599361
2025-12-01 08:00:00+00:00,9927.17054599361
2025-12-01 09:00:00+00:00,9927.17054599361
2025-12-01 10:00:00+00:00,9927.17054599361
2025-12-01 11:00:00+00:00,9927.17054599361
2025-12-01 12:00:00+00:00,9927.17054599361
2025-12-01 13:00:00+00:00,9927.17054599361
2025-12-01 14:00:00+00:00,9927.17054599361
2025-12-01 15:00:00+00:00,9927.17054599361
2025-12-01 16:00:00+00:00,9927.17054599361
2025-12-01 17:00:00+00:00,9929.182360213608
2025-12-01 18:00:00+00:00,9907.432360213608
2025-12-01 19:00:00+00:00,9892.04836021361
2025-12-01 20:00:00+00:00,9902.50036021361
2025-12-01 21:00:00+00:00,9873.154360213608
2025-12-01 22:00:00+00:00,9824.579323865735
2025-12-01 23:00:00+00:00,9824.579323865735
2025-12-02 00:00:00+00:00,9824.579323865735
2025-12-02 01:00:00+00:00,9824.579323865735
2025-12-02 02:00:00+00:00,9824.579323865735
2025-12-02 03:00:00+00:00,9824.579323865735
2025-12-02 04:00:00+00:00,9824.579323865735
2025-12-02 05:00:00+00:00,9824.579323865735
2025-12-02 06:00:00+00:00,9824.579323865735
2025-12-02 07:00:00+00:00,9824.579323865735
2025-12-02 08:00:00+00:00,9824.579323865735
2025-12-02 09:00:00+00:00,9824.579323865735
2025-12-02 10:00:00+00:00,9824.579323865735
2025-12-02 11:00:00+00:00,9824.579323865735
2025-12-02 12:00:00+00:00,9824.579323865735
2025-12-02 13:00:00+00:00,9824.579323865735
2025-12-02 14:00:00+00:00,9824.579323865735
2025-12-02 15:00:00+00:00,9824.579323865735
2025-12-02 16:00:00+00:00,9824.579323865735
2025-12-02 17:00:00+00:00,9824.579323865735
2025-12-02 18:00:00+00:00,9824.579323865735
2025-12-02 19:00:00+00:00,9824.579323865735
2025-12-02 20:00:00+00:00,9824.579323865735
2025-12-02 21:00:00+00:00,9824.579323865735
2025-12-02 22:00:00+00:00,9824.579323865735
2025-12-02 23:00:00+00:00,9824.579323865735
2025-12-03 00:00:00+00:00,9824.579323865735
2025-12-03 01:00:00+00:00,9824.579323865735
2025-12-03 02:00:00+00:00,9824.579323865735
2025-12-03 03:00:00+00:00,9824.579323865735
2025-12-03 04:00:00+00:00,9824.579323865735
2025-12-03 05:00:00+00:00,9824.579323865735
2025-12-03 06:00:00+00:00,9836.054357540568
2025-12-03 07:00:00+00:00,9824.574357540567
2025-12-03 08:00:00+00:00,9801.272757540568
2025-12-03 09:00:00+00:00,9788.224179721366
2025-12-03 10:00:00+00:00,9810.136979721368
2025-12-03 11:00:00+00:00,9797.133779721367
2025-12-03 12:00:00+00:00,9800.370579721366
2025-12-03 13:00:00+00:00,9796.148179721367
2025-12-03 14:00:00+00:00,9807.084979721367
2025-12-03 15:00:00+00:00,9739.86859925182
2025-12-03 16:00:00+00:00,9739.86859925182
2025-12-03 17:00:00+00:00,9739.86859925182
2025-12-03 18:00:00+00:00,9739.86859925182
2025-12-03 19:00:00+00:00,9739.86859925182
2025-12-03 20:00:00+00:00,9739.86859925182
2025-12-03 21:00:00+00:00,9739.86859925182
2025-12-03 22:00:00+00:00,9739.86859925182
2025-12-03 23:00:00+00:00,9739.86859925182
2025-12-04 00:00:00+00:00,9739.86859925182
2025-12-04 01:00:00+00:00,9739.86859925182
2025-12-04 02:00:00+00:00,9739.86859925182
2025-12-04 03:00:00+00:00,9739.86859925182
2025-12-04 04:00:00+00:00,9739.86859925182
2025-12-04 05:00:00+00:00,9739.86859925182
2025-12-04 06:00:00+00:00,9739.86859925182
2025-12-04 07:00:00+00:00,9739.86859925182
2025-12-04 08:00:00+00:00,9739.86859925182
2025-12-04 09:00:00+00:00,9739.86859925182
2025-12-04 10:00:00+00:00,9739.86859925182
2025-12-04 11:00:00+00:00,9739.86859925182
2025-12-04 12:00:00+00:00,9739.86859925182
2025-12-04 13:00:00+00:00,9739.86859925182
2025-12-04 14:00:00+00:00,9739.86859925182
2025-12-04 15:00:00+00:00,9739.86859925182
2025-12-04 16:00:00+00:00,9739.86859925182
2025-12-04 17:00:00+00:00,9739.86859925182
2025-12-04 18:00:00+00:00,9739.86859925182
2025-12-04 19:00:00+00:00,9739.86859925182
2025-12-04 20:00:00+00:00,9739.86859925182
2025-12-04 21:00:00+00:00,9739.86859925182
2025-12-04 22:00:00+00:00,9739.86859925182
2025-12-04 23:00:00+00:00,9739.86859925182
2025-12-05 00:00:00+00:00,9739.86859925182
2025-12-05 01:00:00+00:00,9739.86859925182
2025-12-05 02:00:00+00:00,9739.86859925182
2025-12-05 03:00:00+00:00,9739.86859925182
2025-12-05 04:00:00+00:00,9739.86859925182
2025-12-05 05:00:00+00:00,9739.86859925182
2025-12-05 06:00:00+00:00,9739.86859925182
2025-12-05 07:00:00+00:00,9739.86859925182
2025-12-05 08:00:00+00:00,9739.86859925182
2025-12-05 09:00:00+00:00,9739.86859925182
2025-12-05 10:00:00+00:00,9739.86859925182
2025-12-05 11:00:00+00:00,9739.86859925182
2025-12-05 12:00:00+00:00,9739.86859925182
2025-12-05 13:00:00+00:00,9739.86859925182
2025-12-05 14:00:00+00:00,9739.86859925182
2025-12-05 15:00:00+00:00,9739.86859925182
2025-12-05 16:00:00+00:00,9739.86859925182
2025-12-05 17:00:00+00:00,9739.86859925182
2025-12-05 18:00:00+00:00,9739.86859925182
2025-12-05 19:00:00+00:00,9739.86859925182
2025-12-05 20:00:00+00:00,9739.86859925182
2025-12-05 21:00:00+00:00,9739.86859925182
2025-12-05 22:00:00+00:00,9739.86859925182
2025-12-05 23:00:00+00:00,9739.86859925182
2025-12-06 00:00:00+00:00,9739.86859925182
2025-12-06 01:00:00+00:00,9739.86859925182
2025-12-06 02:00:00+00:00,9739.86859925182
2025-12-06 03:00:00+00:00,9739.86859925182
2025-12-06 04:00:00+00:00,9739.86859925182
2025-12-06 05:00:00+00:00,9739.86859925182
2025-12-06 06:00:00+00:00,9739.86859925182
2025-12-06 07:00:00+00:00,9739.86859925182
2025-12-06 08:00:00+00:00,9739.86859925182
2025-12-06 09:00:00+00:00,9739.86859925182
2025-12-06 10:00:00+00:00,9739.86859925182
2025-12-06 11:00:00+00:00,9739.86859925182
2025-12-06 12:00:00+00:00,9739.86859925182
2025-12-06 13:00:00+00:00,9739.86859925182
2025-12-06 14:00:00+00:00,9739.86859925182
2025-12-06 15:00:00+00:00,9739.86859925182
2025-12-06 16:00:00+00:00,9739.86859925182
2025-12-06 17:00:00+00:00,9739.86859925182
2025-12-06 18:00:00+00:00,9739.86859925182
2025-12-06 19:00:00+00:00,9739.86859925182
2025-12-06 20:00:00+00:00,9739.86859925182
2025-12-06 21:00:00+00:00,9739.86859925182
2025-12-06 22:00:00+00:00,9739.86859925182
2025-12-06 23:00:00+00:00,9739.86859925182
2025-12-07 00:00:00+00:00,9739.86859925182
2025-12-07 01:00:00+00:00,9739.86859925182
2025-12-07 02:00:00+00:00,9739.86859925182
2025-12-07 03:00:00+00:00,9739.86859925182
2025-12-07 04:00:00+00:00,9739.86859925182
2025-12-07 05:00:00+00:00,9739.86859925182
2025-12-07 06:00:00+00:00,9739.86859925182
2025-12-07 07:00:00+00:00,9739.86859925182
2025-12-07 08:00:00+00:00,9739.86859925182
2025-12-07 09:00:00+00:00,9739.86859925182
2025-12-07 10:00:00+00:00,9739.86859925182
2025-12-07 11:00:00+00:00,9739.86859925182
2025-12-07 12:00:00+00:00,9739.86859925182
2025-12-07 13:00:00+00:00,9739.86859925182
2025-12-07 14:00:00+00:00,9739.86859925182
2025-12-07 15:00:00+00:00,9739.86859925182
2025-12-07 16:00:00+00:00,9739.86859925182
2025-12-07 17:00:00+00:00,9739.86859925182
2025-12-07 18:00:00+00:00,9739.86859925182
2025-12-07 19:00:00+00:00,9739.86859925182
2025-12-07 20:00:00+00:00,9739.86859925182
2025-12-07 21:00:00+00:00,9739.86859925182
2025-12-07 22:00:00+00:00,9739.86859925182
2025-12-07 23:00:00+00:00,9739.86859925182
2025-12-08 00:00:00+00:00,9739.86859925182
2025-12-08 01:00:00+00:00,9739.86859925182
2025-12-08 02:00:00+00:00,9739.86859925182
2025-12-08 03:00:00+00:00,9739.86859925182
2025-12-08 04:00:00+00:00,9739.86859925182
2025-12-08 05:00:00+00:00,9739.86859925182
2025-12-08 06:00:00+00:00,9739.86859925182
2025-12-08 07:00:00+00:00,9739.86859925182
2025-12-08 08:00:00+00:00,9739.86859925182
2025-12-08 09:00:00+00:00,9739.86859925182
2025-12-08 10:00:00+00:00,9739.86859925182
2025-12-08 11:00:00+00:00,9739.86859925182
2025-12-08 12:00:00+00:00,9739.86859925182
2025-12-08 13:00:00+00:00,9739.86859925182
2025-12-08 14:00:00+00:00,9739.86859925182
2025-12-08 15:00:00+00:00,9739.86859925182
2025-12-08 16:00:00+00:00,9739.86859925182
2025-12-08 17:00:00+00:00,9739.86859925182
2025-12-08 18:00:00+00:00,9739.86859925182
2025-12-08 19:00:00+00:00,9739.86859925182
2025-12-08 20:00:00+00:00,9739.86859925182
2025-12-08 21:00:00+00:00,9739.86859925182
2025-12-08 22:00:00+00:00,9739.86859925182
2025-12-08 23:00:00+00:00,9739.86859925182
2025-12-09 00:00:00+00:00,9739.86859925182
2025-12-09 01:00:00+00:00,9739.86859925182
2025-12-09 02:00:00+00:00,9739.86859925182
2025-12-09 03:00:00+00:00,9739.86859925182
2025-12-09 04:00:00+00:00,9739.86859925182
2025-12-09 05:00:00+00:00,9739.86859925182
2025-12-09 06:00:00+00:00,9739.86859925182
2025-12-09 07:00:00+00:00,9739.86859925182
2025-12-09 08:00:00+00:00,9739.86859925182
2025-12-09 09:00:00+00:00,9739.86859925182
2025-12-09 10:00:00+00:00,9739.86859925182
2025-12-09 11:00:00+00:00,9739.86859925182
2025-12-09 12:00:00+00:00,9739.86859925182
2025-12-09 13:00:00+00:00,9739.86859925182
2025-12-09 14:00:00+00:00,9739.86859925182
2025-12-09 15:00:00+00:00,9739.86859925182
2025-12-09 16:00:00+00:00,9739.86859925182
2025-12-09 17:00:00+00:00,9739.86859925182
2025-12-09 18:00:00+00:00,9739.86859925182
2025-12-09 19:00:00+00:00,9739.86859925182
2025-12-09 20:00:00+00:00,9739.86859925182
2025-12-09 21:00:00+00:00,9739.86859925182
2025-12-09 22:00:00+00:00,9739.86859925182
2025-12-09 23:00:00+00:00,9739.86859925182
2025-12-10 00:00:00+00:00,9739.86859925182
2025-12-10 01:00:00+00:00,9739.86859925182
2025-12-10 02:00:00+00:00,9739.86859925182
2025-12-10 03:00:00+00:00,9739.86859925182
2025-12-10 04:00:00+00:00,9739.86859925182
2025-12-10 05:00:00+00:00,9739.86859925182
2025-12-10 06:00:00+00:00,9739.86859925182
2025-12-10 07:00:00+00:00,9739.86859925182
2025-12-10 08:00:00+00:00,9739.86859925182
2025-12-10 09:00:00+00:00,9739.86859925182
2025-12-10 10:00:00+00:00,9739.86859925182
2025-12-10 11:00:00+00:00,9739.86859925182
2025-12-10 12:00:00+00:00,9739.86859925182
2025-12-10 13:00:00+00:00,9739.86859925182
2025-12-10 14:00:00+00:00,9739.86859925182
2025-12-10 15:00:00+00:00,9739.86859925182
2025-12-10 16:00:00+00:00,9739.86859925182
2025-12-10 17:00:00+00:00,9739.86859925182
2025-12-10 18:00:00+00:00,9739.86859925182
2025-12-10 19:00:00+00:00,9739.86859925182
2025-12-10 20:00:00+00:00,9739.86859925182
2025-12-10 21:00:00+00:00,9739.86859925182
2025-12-10 22:00:00+00:00,9739.86859925182
2025-12-10 23:00:00+00:00,9739.86859925182
2025-12-11 00:00:00+00:00,9739.86859925182
2025-12-11 01:00:00+00:00,9739.86859925182
2025-12-11 02:00:00+00:00,9739.86859925182
2025-12-11 03:00:00+00:00,9739.86859925182
2025-12-11 04:00:00+00:00,9739.86859925182
2025-12-11 05:00:00+00:00,9739.86859925182
2025-12-11 06:00:00+00:00,9739.86859925182
2025-12-11 07:00:00+00:00,9739.86859925182
2025-12-11 08:00:00+00:00,9739.86859925182
2025-12-11 09:00:00+00:00,9739.86859925182
2025-12-11 10:00:00+00:00,9739.86859925182
2025-12-11 11:00:00+00:00,9739.86859925182
2025-12-11 12:00:00+00:00,9739.86859925182
2025-12-11 13:00:00+00:00,9739.86859925182
2025-12-11 14:00:00+00:00,9739.86859925182
2025-12-11 15:00:00+00:00,9739.86859925182
2025-12-11 16:00:00+00:00,9739.86859925182
2025-12-11 17:00:00+00:00,9739.86859925182
2025-12-11 18:00:00+00:00,9739.86859925182
2025-12-11 19:00:00+00:00,9739.86859925182
2025-12-11 20:00:00+00:00,9739.86859925182
2025-12-11 21:00:00+00:00,9739.86859925182
2025-12-11 22:00:00+00:00,9739.86859925182
2025-12-11 23:00:00+00:00,9739.86859925182
2025-12-12 00:00:00+00:00,9739.86859925182
2025-12-12 01:00:00+00:00,9739.86859925182
2025-12-12 02:00:00+00:00,9739.86859925182
2025-12-12 03:00:00+00:00,9739.86859925182
2025-12-12 04:00:00+00:00,9739.86859925182
2025-12-12 05:00:00+00:00,9739.86859925182
2025-12-12 06:00:00+00:00,9739.86859925182
2025-12-12 07:00:00+00:00,9739.86859925182
2025-12-12 08:00:00+00:00,9739.86859925182
2025-12-12 09:00:00+00:00,9739.86859925182
2025-12-12 10:00:00+00:00,9739.86859925182
2025-12-12 11:00:00+00:00,9739.86859925182
2025-12-12 12:00:00+00:00,9739.86859925182
2025-12-12 13:00:00+00:00,9739.86859925182
2025-12-12 14:00:00+00:00,9739.86859925182
2025-12-12 15:00:00+00:00,9739.86859925182
2025-12-12 16:00:00+00:00,9739.86859925182
2025-12-12 17:00:00+00:00,9739.86859925182
2025-12-12 18:00:00+00:00,9739.86859925182
2025-12-12 19:00:00+00:00,9739.86859925182
2025-12-12 20:00:00+00:00,9739.86859925182
2025-12-12 21:00:00+00:00,9739.86859925182
2025-12-12 22:00:00+00:00,9739.86859925182
2025-12-12 23:00:00+00:00,9739.86859925182
2025-12-13 00:00:00+00:00,9739.86859925182
2025-12-13 01:00:00+00:00,9739.86859925182
2025-12-13 02:00:00+00:00,9739.86859925182
2025-12-13 03:00:00+00:00,9739.86859925182
2025-12-13 04:00:00+00:00,9739.86859925182
2025-12-13 05:00:00+00:00,9739.86859925182
2025-12-13 06:00:00+00:00,9739.86859925182
2025-12-13 07:00:00+00:00,9739.86859925182
2025-12-13 08:00:00+00:00,9739.86859925182
2025-12-13 09:00:00+00:00,9739.86859925182
2025-12-13 10:00:00+00:00,9739.86859925182
2025-12-13 11:00:00+00:00,9739.86859925182
2025-12-13 12:00:00+00:00,9739.86859925182
2025-12-13 13:00:00+00:00,9739.86859925182
2025-12-13 14:00:00+00:00,9739.86859925182
2025-12-13 15:00:00+00:00,9739.86859925182
2025-12-13 16:00:00+00:00,9739.86859925182
2025-12-13 17:00:00+00:00,9739.86859925182
2025-12-13 18:00:00+00:00,9739.86859925182
2025-12-13 19:00:00+00:00,9739.86859925182
2025-12-13 20:00:00+00:00,9739.86859925182
2025-12-13 21:00:00+00:00,9739.86859925182
2025-12-13 22:00:00+00:00,9739.86859925182
2025-12-13 23:00:00+00:00,9739.86859925182
2025-12-14 00:00:00+00:00,9739.86859925182
2025-12-14 01:00:00+00:00,9739.86859925182
2025-12-14 02:00:00+00:00,9739.86859925182
2025-12-14 03:00:00+00:00,9739.86859925182
2025-12-14 04:00:00+00:00,9739.86859925182
2025-12-14 05:00:00+00:00,9739.86859925182
2025-12-14 06:00:00+00:00,9739.86859925182
2025-12-14 07:00:00+00:00,9739.86859925182
2025-12-14 08:00:00+00:00,9739.86859925182
2025-12-14 09:00:00+00:00,9739.86859925182
2025-12-14 10:00:00+00:00,9739.86859925182
2025-12-14 11:00:00+00:00,9739.86859925182
2025-12-14 12:00:00+00:00,9739.86859925182
2025-12-14 13:00:00+00:00,9739.86859925182
2025-12-14 14:00:00+00:00,9739.86859925182
2025-12-14 15:00:00+00:00,9739.86859925182
2025-12-14 16:00:00+00:00,9739.86859925182
2025-12-14 17:00:00+00:00,9739.86859925182
2025-12-14 18:00:00+00:00,9739.86859925182
2025-12-14 19:00:00+00:00,9739.86859925182
2025-12-14 20:00:00+00:00,9739.86859925182
2025-12-14 21:00:00+00:00,9739.86859925182
2025-12-14 22:00:00+00:00,9739.86859925182
2025-12-14 23:00:00+00:00,9739.86859925182
2025-12-15 00:00:00+00:00,9739.86859925182
2025-12-15 01:00:00+00:00,9739.86859925182
2025-12-15 02:00:00+00:00,9739.86859925182
2025-12-15 03:00:00+00:00,9739.86859925182
2025-12-15 04:00:00+00:00,9739.86859925182
2025-12-15 05:00:00+00:00,9739.86859925182
2025-12-15 06:00:00+00:00,9739.86859925182
2025-12-15 07:00:00+00:00,9739.86859925182
2025-12-15 08:00:00+00:00,9739.86859925182
2025-12-15 09:00:00+00:00,9739.86859925182
2025-12-15 10:00:00+00:00,9739.86859925182
2025-12-15 11:00:00+00:00,9739.86859925182
2025-12-15 12:00:00+00:00,9739.86859925182
2025-12-15 13:00:00+00:00,9739.86859925182
2025-12-15 14:00:00+00:00,9739.86859925182
2025-12-15 15:00:00+00:00,9739.86859925182
2025-12-15 16:00:00+00:00,9739.86859925182
2025-12-15 17:00:00+00:00,9781.1323911452
2025-12-15 18:00:00+00:00,9827.4785911452
2025-12-15 19:00:00+00:00,9797.256991145201
2025-12-15 20:00:00+00:00,9800.105991145201
2025-12-15 21:00:00+00:00,9825.339991145202
2025-12-15 22:00:00+00:00,9792.3063911452
2025-12-15 23:00:00+00:00,9790.885591145201
2025-12-16 00:00:00+00:00,9778.964191145202
2025-12-16 01:00:00+00:00,9821.532746001401
2025-12-16 02:00:00+00:00,9819.3867460014
2025-12-16 03:00:00+00:00,9815.575746001401
2025-12-16 04:00:00+00:00,9820.304346001401
2025-12-16 05:00:00+00:00,9823.101546001402
2025-12-16 06:00:00+00:00,9809.492946001401
2025-12-16 07:00:00+00:00,9774.402146001401
2025-12-16 08:00:00+00:00,9810.898946001402
2025-12-16 09:00:00+00:00,9790.879024936503
2025-12-16 10:00:00+00:00,9785.617624936502
2025-12-16 11:00:00+00:00,9722.117387297001
2025-12-16 12:00:00+00:00,9722.117387297001
2025-12-16 13:00:00+00:00,9722.117387297001
2025-12-16 14:00:00+00:00,9722.117387297001
2025-12-16 15:00:00+00:00,9722.117387297001
2025-12-16 16:00:00+00:00,9722.117387297001
2025-12-16 17:00:00+00:00,9722.117387297001
2025-12-16 18:00:00+00:00,9722.117387297001
2025-12-16 19:00:00+00:00,9722.117387297001
2025-12-16 20:00:00+00:00,9722.117387297001
2025-12-16 21:00:00+00:00,9722.117387297001
2025-12-16 22:00:00+00:00,9722.117387297001
2025-12-16 23:00:00+00:00,9722.117387297001
2025-12-17 00:00:00+00:00,9722.117387297001
2025-12-17 01:00:00+00:00,9722.117387297001
2025-12-17 02:00:00+00:00,9722.117387297001
2025-12-17 03:00:00+00:00,9722.117387297001
2025-12-17 04:00:00+00:00,9722.117387297001
2025-12-17 05:00:00+00:00,9722.117387297001
2025-12-17 06:00:00+00:00,9722.117387297001
2025-12-17 07:00:00+00:00,9722.117387297001
2025-12-17 08:00:00+00:00,9722.117387297001
2025-12-17 09:00:00+00:00,9722.117387297001
2025-12-17 10:00:00+00:00,9722.117387297001
2025-12-17 11:00:00+00:00,9722.117387297001
2025-12-17 12:00:00+00:00,9722.117387297001
2025-12-17 13:00:00+00:00,9722.117387297001
2025-12-17 14:00:00+00:00,9722.117387297001
2025-12-17 15:00:00+00:00,9722.117387297001
2025-12-17 16:00:00+00:00,9722.117387297001
2025-12-17 17:00:00+00:00,9722.117387297001
2025-12-17 18:00:00+00:00,9722.117387297001
2025-12-17 19:00:00+00:00,9722.117387297001
2025-12-17 20:00:00+00:00,9722.117387297001
2025-12-17 21:00:00+00:00,9722.117387297001
2025-12-17 22:00:00+00:00,9722.117387297001
2025-12-17 23:00:00+00:00,9722.117387297001
2025-12-18 00:00:00+00:00,9722.117387297001
2025-12-18 01:00:00+00:00,9722.117387297001
2025-12-18 02:00:00+00:00,9722.117387297001
2025-12-18 03:00:00+00:00,9722.117387297001
2025-12-18 04:00:00+00:00,9722.117387297001
2025-12-18 05:00:00+00:00,9722.117387297001
2025-12-18 06:00:00+00:00,9722.117387297001
2025-12-18 07:00:00+00:00,9722.117387297001
2025-12-18 08:00:00+00:00,9722.117387297001
2025-12-18 09:00:00+00:00,9722.117387297001
2025-12-18 10:00:00+00:00,9722.117387297001
2025-12-18 11:00:00+00:00,9722.117387297001
2025-12-18 12:00:00+00:00,9722.117387297001
2025-12-18 13:00:00+00:00,9722.117387297001
2025-12-18 14:00:00+00:00,9722.117387297001
2025-12-18 15:00:00+00:00,9722.117387297001
2025-12-18 16:00:00+00:00,9722.117387297001
2025-12-18 17:00:00+00:00,9722.117387297001
2025-12-18 18:00:00+00:00,9722.117387297001
2025-12-18 19:00:00+00:00,9722.117387297001
2025-12-18 20:00:00+00:00,9722.117387297001
2025-12-18 21:00:00+00:00,9713.103606519082
2025-12-18 22:00:00+00:00,9663.865206519082
2025-12-18 23:00:00+00:00,9665.814006519082
2025-12-19 00:00:00+00:00,9669.380406519082
2025-12-19 01:00:00+00:00,9664.652077561546
2025-12-19 02:00:00+00:00,9678.149677561545
2025-12-19 03:00:00+00:00,9663.312877561546
2025-12-19 04:00:00+00:00,9616.821375728365
2025-12-19 05:00:00+00:00,9616.821375728365
2025-12-19 06:00:00+00:00,9616.821375728365
2025-12-19 07:00:00+00:00,9616.821375728365
2025-12-19 08:00:00+00:00,9616.821375728365
2025-12-19 09:00:00+00:00,9616.821375728365
2025-12-19 10:00:00+00:00,9616.821375728365
2025-12-19 11:00:00+00:00,9616.821375728365
2025-12-19 12:00:00+00:00,9616.821375728365
2025-12-19 13:00:00+00:00,9616.821375728365
2025-12-19 14:00:00+00:00,9616.821375728365
2025-12-19 15:00:00+00:00,9616.821375728365
2025-12-19 16:00:00+00:00,9616.821375728365
2025-12-19 17:00:00+00:00,9616.821375728365
2025-12-19 18:00:00+00:00,9616.821375728365
2025-12-19 19:00:00+00:00,9616.821375728365
2025-12-19 20:00:00+00:00,9616.821375728365
2025-12-19 21:00:00+00:00,9616.821375728365
2025-12-19 22:00:00+00:00,9616.821375728365
2025-12-19 23:00:00+00:00,9616.821375728365
2025-12-20 00:00:00+00:00,9616.821375728365
2025-12-20 01:00:00+00:00,9616.821375728365
2025-12-20 02:00:00+00:00,9616.821375728365
2025-12-20 03:00:00+00:00,9616.821375728365
2025-12-20 04:00:00+00:00,9616.821375728365
2025-12-20 05:00:00+00:00,9616.821375728365
2025-12-20 06:00:00+00:00,9616.821375728365
2025-12-20 07:00:00+00:00,9616.821375728365
2025-12-20 08:00:00+00:00,9616.821375728365
2025-12-20 09:00:00+00:00,9616.821375728365
2025-12-20 10:00:00+00:00,9616.821375728365
2025-12-20 11:00:00+00:00,9616.821375728365
2025-12-20 12:00:00+00:00,9616.821375728365
2025-12-20 13:00:00+00:00,9616.821375728365
2025-12-20 14:00:00+00:00,9616.821375728365
2025-12-20 15:00:00+00:00,9616.821375728365
2025-12-20 16:00:00+00:00,9616.821375728365
2025-12-20 17:00:00+00:00,9616.821375728365
2025-12-20 18:00:00+00:00,9616.821375728365
2025-12-20 19:00:00+00:00,9616.821375728365
2025-12-20 20:00:00+00:00,9616.821375728365
2025-12-20 21:00:00+00:00,9616.821375728365
2025-12-20 22:00:00+00:00,9616.821375728365
2025-12-20 23:00:00+00:00,9616.821375728365
2025-12-21 00:00:00+00:00,9616.821375728365
2025-12-21 01:00:00+00:00,9616.821375728365
2025-12-21 02:00:00+00:00,9616.821375728365
2025-12-21 03:00:00+00:00,9616.821375728365
2025-12-21 04:00:00+00:00,9616.821375728365
2025-12-21 05:00:00+00:00,9616.821375728365
2025-12-21 06:00:00+00:00,9616.821375728365
2025-12-21 07:00:00+00:00,9616.821375728365
2025-12-21 08:00:00+00:00,9616.821375728365
2025-12-21 09:00:00+00:00,9616.821375728365
2025-12-21 10:00:00+00:00,9616.821375728365
2025-12-21 11:00:00+00:00,9616.821375728365
2025-12-21 12:00:00+00:00,9616.821375728365
2025-12-21 13:00:00+00:00,9616.821375728365
2025-12-21 14:00:00+00:00,9616.821375728365
2025-12-21 15:00:00+00:00,9616.821375728365
2025-12-21 16:00:00+00:00,9616.821375728365
2025-12-21 17:00:00+00:00,9616.821375728365
2025-12-21 18:00:00+00:00,9616.821375728365
2025-12-21 19:00:00+00:00,9616.821375728365
2025-12-21 20:00:00+00:00,9616.821375728365
2025-12-21 21:00:00+00:00,9616.821375728365
2025-12-21 22:00:00+00:00,9616.821375728365
2025-12-21 23:00:00+00:00,9616.821375728365
2025-12-22 00:00:00+00:00,9616.821375728365
2025-12-22 01:00:00+00:00,9616.821375728365
2025-12-22 02:00:00+00:00,9616.821375728365
2025-12-22 03:00:00+00:00,9616.821375728365
2025-12-22 04:00:00+00:00,9616.821375728365
2025-12-22 05:00:00+00:00,9616.821375728365
2025-12-22 06:00:00+00:00,9616.821375728365
2025-12-22 07:00:00+00:00,9616.821375728365
2025-12-22 08:00:00+00:00,9616.821375728365
2025-12-22 09:00:00+00:00,9616.821375728365
2025-12-22 10:00:00+00:00,9616.821375728365
2025-12-22 11:00:00+00:00,9616.821375728365
2025-12-22 12:00:00+00:00,9616.821375728365
2025-12-22 13:00:00+00:00,9616.821375728365
2025-12-22 14:00:00+00:00,9616.821375728365
2025-12-22 15:00:00+00:00,9616.821375728365
2025-12-22 16:00:00+00:00,9616.821375728365
2025-12-22 17:00:00+00:00,9616.821375728365
2025-12-22 18:00:00+00:00,9616.821375728365
2025-12-22 19:00:00+00:00,9616.821375728365
2025-12-22 20:00:00+00:00,9616.821375728365
2025-12-22 21:00:00+00:00,9616.821375728365
2025-12-22 22:00:00+00:00,9616.821375728365
2025-12-22 23:00:00+00:00,9616.821375728365
2025-12-23 00:00:00+00:00,9616.821375728365
2025-12-23 01:00:00+00:00,9616.821375728365
2025-12-23 02:00:00+00:00,9616.821375728365
2025-12-23 03:00:00+00:00,9616.821375728365
2025-12-23 04:00:00+00:00,9616.821375728365
2025-12-23 05:00:00+00:00,9616.821375728365
2025-12-23 06:00:00+00:00,9616.821375728365
2025-12-23 07:00:00+00:00,9616.821375728365
2025-12-23 08:00:00+00:00,9616.821375728365
2025-12-23 09:00:00+00:00,9616.821375728365
2025-12-23 10:00:00+00:00,9616.821375728365
2025-12-23 11:00:00+00:00,9616.821375728365
2025-12-23 12:00:00+00:00,9616.821375728365
2025-12-23 13:00:00+00:00,9616.821375728365
2025-12-23 14:00:00+00:00,9616.821375728365
2025-12-23 15:00:00+00:00,9616.821375728365
2025-12-23 16:00:00+00:00,9616.821375728365
2025-12-23 17:00:00+00:00,9616.821375728365
2025-12-23 18:00:00+00:00,9616.821375728365
2025-12-23 19:00:00+00:00,9616.821375728365
2025-12-23 20:00:00+00:00,9616.821375728365
2025-12-23 21:00:00+00:00,9616.821375728365
2025-12-23 22:00:00+00:00,9616.821375728365
2025-12-23 23:00:00+00:00,9616.821375728365
2025-12-24 00:00:00+00:00,9616.821375728365
2025-12-24 01:00:00+00:00,9616.821375728365
2025-12-24 02:00:00+00:00,9616.821375728365
2025-12-24 03:00:00+00:00,9616.821375728365
2025-12-24 04:00:00+00:00,9616.821375728365
2025-12-24 05:00:00+00:00,9616.821375728365
2025-12-24 06:00:00+00:00,9616.821375728365
2025-12-24 07:00:00+00:00,9616.821375728365
2025-12-24 08:00:00+00:00,9616.821375728365
2025-12-24 09:00:00+00:00,9616.821375728365
2025-12-24 10:00:00+00:00,9616.821375728365
2025-12-24 11:00:00+00:00,9616.821375728365
2025-12-24 12:00:00+00:00,9616.821375728365
2025-12-24 13:00:00+00:00,9616.821375728365
2025-12-24 14:00:00+00:00,9616.821375728365
2025-12-24 15:00:00+00:00,9616.821375728365
2025-12-24 16:00:00+00:00,9616.821375728365
2025-12-24 17:00:00+00:00,9616.821375728365
2025-12-24 18:00:00+00:00,9616.821375728365
2025-12-24 19:00:00+00:00,9616.821375728365
2025-12-24 20:00:00+00:00,9616.821375728365
2025-12-24 21:00:00+00:00,9616.821375728365
2025-12-24 22:00:00+00:00,9616.821375728365
2025-12-24 23:00:00+00:00,9616.821375728365
2025-12-25 00:00:00+00:00,9616.821375728365
2025-12-25 01:00:00+00:00,9616.821375728365
2025-12-25 02:00:00+00:00,9616.821375728365
2025-12-25 03:00:00+00:00,9616.821375728365
2025-12-25 04:00:00+00:00,9616.821375728365
2025-12-25 05:00:00+00:00,9616.821375728365
2025-12-25 06:00:00+00:00,9616.821375728365
2025-12-25 07:00:00+00:00,9616.821375728365
2025-12-25 08:00:00+00:00,9616.821375728365
2025-12-25 09:00:00+00:00,9616.821375728365
2025-12-25 10:00:00+00:00,9616.821375728365
2025-12-25 11:00:00+00:00,9616.821375728365
2025-12-25 12:00:00+00:00,9616.821375728365
2025-12-25 13:00:00+00:00,9616.821375728365
2025-12-25 14:00:00+00:00,9616.821375728365
2025-12-25 15:00:00+00:00,9616.821375728365
2025-12-25 16:00:00+00:00,9616.821375728365
2025-12-25 17:00:00+00:00,9616.821375728365
2025-12-25 18:00:00+00:00,9616.821375728365
2025-12-25 19:00:00+00:00,9616.821375728365
2025-12-25 20:00:00+00:00,9616.821375728365
2025-12-25 21:00:00+00:00,9616.821375728365
2025-12-25 22:00:00+00:00,9616.821375728365
2025-12-25 23:00:00+00:00,9616.821375728365
2025-12-26 00:00:00+00:00,9616.821375728365
2025-12-26 01:00:00+00:00,9616.821375728365
2025-12-26 02:00:00+00:00,9616.821375728365
2025-12-26 03:00:00+00:00,9616.821375728365
2025-12-26 04:00:00+00:00,9616.821375728365
2025-12-26 05:00:00+00:00,9616.821375728365
2025-12-26 06:00:00+00:00,9616.821375728365
2025-12-26 07:00:00+00:00,9616.821375728365
2025-12-26 08:00:00+00:00,9616.821375728365
2025-12-26 09:00:00+00:00,9616.821375728365
2025-12-26 10:00:00+00:00,9616.821375728365
2025-12-26 11:00:00+00:00,9616.821375728365
2025-12-26 12:00:00+00:00,9616.821375728365
2025-12-26 13:00:00+00:00,9616.821375728365
2025-12-26 14:00:00+00:00,9616.821375728365
2025-12-26 15:00:00+00:00,9616.821375728365
2025-12-26 16:00:00+00:00,9616.821375728365
2025-12-26 17:00:00+00:00,9616.821375728365
2025-12-26 18:00:00+00:00,9616.821375728365
2025-12-26 19:00:00+00:00,9616.821375728365
2025-12-26 20:00:00+00:00,9616.821375728365
2025-12-26 21:00:00+00:00,9616.821375728365
2025-12-26 22:00:00+00:00,9616.821375728365
2025-12-26 23:00:00+00:00,9616.821375728365
2025-12-27 00:00:00+00:00,9616.821375728365
2025-12-27 01:00:00+00:00,9616.821375728365
2025-12-27 02:00:00+00:00,9616.821375728365
2025-12-27 03:00:00+00:00,9616.821375728365
2025-12-27 04:00:00+00:00,9616.821375728365
2025-12-27 05:00:00+00:00,9616.821375728365
2025-12-27 06:00:00+00:00,9616.821375728365
2025-12-27 07:00:00+00:00,9616.821375728365
2025-12-27 08:00:00+00:00,9616.821375728365
2025-12-27 09:00:00+00:00,9616.821375728365
2025-12-27 10:00:00+00:00,9616.821375728365
2025-12-27 11:00:00+00:00,9616.821375728365
2025-12-27 12:00:00+00:00,9616.821375728365
2025-12-27 13:00:00+00:00,9616.821375728365
2025-12-27 14:00:00+00:00,9616.821375728365
2025-12-27 15:00:00+00:00,9616.821375728365
2025-12-27 16:00:00+00:00,9616.821375728365
2025-12-27 17:00:00+00:00,9616.821375728365
2025-12-27 18:00:00+00:00,9616.821375728365
2025-12-27 19:00:00+00:00,9616.821375728365
2025-12-27 20:00:00+00:00,9616.821375728365
2025-12-27 21:00:00+00:00,9616.821375728365
2025-12-27 22:00:00+00:00,9616.821375728365
2025-12-27 23:00:00+00:00,9616.821375728365
2025-12-28 00:00:00+00:00,9616.821375728365
2025-12-28 01:00:00+00:00,9616.821375728365
2025-12-28 02:00:00+00:00,9616.821375728365
2025-12-28 03:00:00+00:00,9616.821375728365
2025-12-28 04:00:00+00:00,9616.821375728365
2025-12-28 05:00:00+00:00,9616.821375728365
2025-12-28 06:00:00+00:00,9616.821375728365
2025-12-28 07:00:00+00:00,9616.821375728365
2025-12-28 08:00:00+00:00,9616.821375728365
2025-12-28 09:00:00+00:00,9616.821375728365
2025-12-28 10:00:00+00:00,9616.821375728365
2025-12-28 11:00:00+00:00,9616.821375728365
2025-12-28 12:00:00+00:00,9616.821375728365
2025-12-28 13:00:00+00:00,9616.821375728365
2025-12-28 14:00:00+00:00,9616.821375728365
2025-12-28 15:00:00+00:00,9616.821375728365
2025-12-28 16:00:00+00:00,9616.821375728365
2025-12-28 17:00:00+00:00,9616.821375728365
2025-12-28 18:00:00+00:00,9616.821375728365
2025-12-28 19:00:00+00:00,9616.821375728365
2025-12-28 20:00:00+00:00,9616.821375728365
2025-12-28 21:00:00+00:00,9616.821375728365
2025-12-28 22:00:00+00:00,9616.821375728365
2025-12-28 23:00:00+00:00,9616.821375728365
2025-12-29 00:00:00+00:00,9616.821375728365
2025-12-29 01:00:00+00:00,9616.821375728365
2025-12-29 02:00:00+00:00,9616.821375728365
2025-12-29 03:00:00+00:00,9616.821375728365
2025-12-29 04:00:00+00:00,9616.821375728365
2025-12-29 05:00:00+00:00,9616.821375728365
2025-12-29 06:00:00+00:00,9616.821375728365
2025-12-29 07:00:00+00:00,9616.821375728365
2025-12-29 08:00:00+00:00,9616.821375728365
2025-12-29 09:00:00+00:00,9616.821375728365
2025-12-29 10:00:00+00:00,9616.821375728365
2025-12-29 11:00:00+00:00,9616.821375728365
2025-12-29 12:00:00+00:00,9616.821375728365
2025-12-29 13:00:00+00:00,9616.821375728365
2025-12-29 14:00:00+00:00,9616.821375728365
2025-12-29 15:00:00+00:00,9616.821375728365
2025-12-29 16:00:00+00:00,9616.821375728365
2025-12-29 17:00:00+00:00,9616.821375728365
2025-12-29 18:00:00+00:00,9616.821375728365
2025-12-29 19:00:00+00:00,9616.821375728365
2025-12-29 20:00:00+00:00,9616.821375728365
2025-12-29 21:00:00+00:00,9616.821375728365
2025-12-29 22:00:00+00:00,9616.821375728365
2025-12-29 23:00:00+00:00,9616.821375728365
2025-12-30 00:00:00+00:00,9616.821375728365
2025-12-30 01:00:00+00:00,9616.821375728365
2025-12-30 02:00:00+00:00,9616.821375728365
2025-12-30 03:00:00+00:00,9616.821375728365
2025-12-30 04:00:00+00:00,9616.821375728365
2025-12-30 05:00:00+00:00,9616.821375728365
2025-12-30 06:00:00+00:00,9616.821375728365
2025-12-30 07:00:00+00:00,9616.821375728365
2025-12-30 08:00:00+00:00,9616.821375728365
2025-12-30 09:00:00+00:00,9616.821375728365
2025-12-30 10:00:00+00:00,9616.821375728365
2025-12-30 11:00:00+00:00,9616.821375728365
2025-12-30 12:00:00+00:00,9616.821375728365
2025-12-30 13:00:00+00:00,9616.821375728365
2025-12-30 14:00:00+00:00,9616.821375728365
2025-12-30 15:00:00+00:00,9616.821375728365
2025-12-30 16:00:00+00:00,9616.821375728365
2025-12-30 17:00:00+00:00,9616.821375728365
2025-12-30 18:00:00+00:00,9616.821375728365
2025-12-30 19:00:00+00:00,9616.821375728365
2025-12-30 20:00:00+00:00,9616.821375728365
2025-12-30 21:00:00+00:00,9616.821375728365
2025-12-30 22:00:00+00:00,9616.821375728365
2025-12-30 23:00:00+00:00,9616.821375728365
2025-12-31 00:00:00+00:00,9616.821375728365
2025-12-31 01:00:00+00:00,9616.821375728365
2025-12-31 02:00:00+00:00,9616.821375728365
2025-12-31 03:00:00+00:00,9616.821375728365
2025-12-31 04:00:00+00:00,9616.821375728365
2025-12-31 05:00:00+00:00,9616.821375728365
2025-12-31 06:00:00+00:00,9616.821375728365
2025-12-31 07:00:00+00:00,9616.821375728365
2025-12-31 08:00:00+00:00,9616.821375728365
2025-12-31 09:00:00+00:00,9616.821375728365
2025-12-31 10:00:00+00:00,9616.821375728365
2025-12-31 11:00:00+00:00,9616.821375728365
2025-12-31 12:00:00+00:00,9616.821375728365
2025-12-31 13:00:00+00:00,9616.821375728365
2025-12-31 14:00:00+00:00,9616.821375728365
2025-12-31 15:00:00+00:00,9616.821375728365
2025-12-31 16:00:00+00:00,9616.821375728365
2025-12-31 17:00:00+00:00,9616.821375728365
2025-12-31 18:00:00+00:00,9616.821375728365
2025-12-31 19:00:00+00:00,9616.821375728365
2025-12-31 20:00:00+00:00,9616.821375728365
2025-12-31 21:00:00+00:00,9616.821375728365
2025-12-31 22:00:00+00:00,9616.821375728365
2025-12-31 23:00:00+00:00,9616.821375728365
2026-01-01 00:00:00+00:00,9616.821375728365
2026-01-01 01:00:00+00:00,9616.821375728365
2026-01-01 02:00:00+00:00,9616.821375728365
2026-01-01 03:00:00+00:00,9616.821375728365
2026-01-01 04:00:00+00:00,9616.821375728365
2026-01-01 05:00:00+00:00,9616.821375728365
2026-01-01 06:00:00+00:00,9616.821375728365
2026-01-01 07:00:00+00:00,9616.821375728365
2026-01-01 08:00:00+00:00,9616.821375728365
2026-01-01 09:00:00+00:00,9616.821375728365
2026-01-01 10:00:00+00:00,9616.821375728365
2026-01-01 11:00:00+00:00,9616.821375728365
2026-01-01 12:00:00+00:00,9616.821375728365
2026-01-01 13:00:00+00:00,9616.821375728365
2026-01-01 14:00:00+00:00,9616.821375728365
2026-01-01 15:00:00+00:00,9616.821375728365
2026-01-01 16:00:00+00:00,9616.821375728365
2026-01-01 17:00:00+00:00,9616.821375728365
2026-01-01 18:00:00+00:00,9616.821375728365
2026-01-01 19:00:00+00:00,9616.821375728365
2026-01-01 20:00:00+00:00,9616.821375728365
2026-01-01 21:00:00+00:00,9616.821375728365
2026-01-01 22:00:00+00:00,9616.821375728365
2026-01-01 23:00:00+00:00,9616.821375728365
2026-01-02 00:00:00+00:00,9616.821375728365
2026-01-02 01:00:00+00:00,9616.821375728365
2026-01-02 02:00:00+00:00,9616.821375728365
2026-01-02 03:00:00+00:00,9616.821375728365
2026-01-02 04:00:00+00:00,9616.821375728365
2026-01-02 05:00:00+00:00,9616.821375728365
2026-01-02 06:00:00+00:00,9616.821375728365
2026-01-02 07:00:00+00:00,9616.821375728365
2026-01-02 08:00:00+00:00,9616.821375728365
2026-01-02 09:00:00+00:00,9616.821375728365
2026-01-02 10:00:00+00:00,9616.821375728365
2026-01-02 11:00:00+00:00,9616.821375728365
2026-01-02 12:00:00+00:00,9616.821375728365
2026-01-02 13:00:00+00:00,9616.821375728365
2026-01-02 14:00:00+00:00,9616.821375728365
2026-01-02 15:00:00+00:00,9616.821375728365
2026-01-02 16:00:00+00:00,9616.821375728365
2026-01-02 17:00:00+00:00,9616.821375728365
2026-01-02 18:00:00+00:00,9616.821375728365
2026-01-02 19:00:00+00:00,9616.821375728365
2026-01-02 20:00:00+00:00,9616.821375728365
2026-01-02 21:00:00+00:00,9616.821375728365
2026-01-02 22:00:00+00:00,9616.821375728365
2026-01-02 23:00:00+00:00,9616.821375728365
2026-01-03 00:00:00+00:00,9616.821375728365
2026-01-03 01:00:00+00:00,9616.821375728365
2026-01-03 02:00:00+00:00,9616.821375728365
2026-01-03 03:00:00+00:00,9616.821375728365
2026-01-03 04:00:00+00:00,9616.821375728365
2026-01-03 05:00:00+00:00,9616.821375728365
2026-01-03 06:00:00+00:00,9616.821375728365
2026-01-03 07:00:00+00:00,9616.821375728365
2026-01-03 08:00:00+00:00,9616.821375728365
2026-01-03 09:00:00+00:00,9616.821375728365
2026-01-03 10:00:00+00:00,9616.821375728365
2026-01-03 11:00:00+00:00,9616.821375728365
2026-01-03 12:00:00+00:00,9616.821375728365
2026-01-03 13:00:00+00:00,9616.821375728365
2026-01-03 14:00:00+00:00,9616.821375728365
2026-01-03 15:00:00+00:00,9616.821375728365
2026-01-03 16:00:00+00:00,9616.821375728365
2026-01-03 17:00:00+00:00,9616.821375728365
2026-01-03 18:00:00+00:00,9616.821375728365
2026-01-03 19:00:00+00:00,9616.821375728365
2026-01-03 20:00:00+00:00,9616.821375728365
2026-01-03 21:00:00+00:00,9616.821375728365
2026-01-03 22:00:00+00:00,9616.821375728365
2026-01-03 23:00:00+00:00,9616.821375728365
2026-01-04 00:00:00+00:00,9616.821375728365
2026-01-04 01:00:00+00:00,9616.821375728365
2026-01-04 02:00:00+00:00,9596.494667831907
2026-01-04 03:00:00+00:00,9586.960667831907
2026-01-04 04:00:00+00:00,9596.778167831906
2026-01-04 05:00:00+00:00,9613.819667831907
2026-01-04 06:00:00+00:00,9622.429667831906
2026-01-04 07:00:00+00:00,9596.190167831906
2026-01-04 08:00:00+00:00,9626.682167831907
2026-01-04 09:00:00+00:00,9610.184821189032
2026-01-04 10:00:00+00:00,9619.424821189032
2026-01-04 11:00:00+00:00,9634.093321189031
2026-01-04 12:00:00+00:00,9603.569821189032
2026-01-04 13:00:00+00:00,9586.10832118903
2026-01-04 14:00:00+00:00,9599.863321189032
2026-01-04 15:00:00+00:00,9608.011321189033
2026-01-04 16:00:00+00:00,9606.730321189032
2026-01-04 17:00:00+00:00,9605.202597585194
2026-01-04 18:00:00+00:00,9606.378597585193
2026-01-04 19:00:00+00:00,9593.201097585194
2026-01-04 20:00:00+00:00,9552.698544064093
2026-01-04 21:00:00+00:00,9552.698544064093
2026-01-04 22:00:00+00:00,9552.698544064093
2026-01-04 23:00:00+00:00,9552.698544064093
2026-01-05 00:00:00+00:00,9552.698544064093
2026-01-05 01:00:00+00:00,9552.698544064093
2026-01-05 02:00:00+00:00,9600.681317961373
2026-01-05 03:00:00+00:00,9608.241517961373
2026-01-05 04:00:00+00:00,9592.255917961373
2026-01-05 05:00:00+00:00,9563.580717961373
2026-01-05 06:00:00+00:00,9539.519917961374
2026-01-05 07:00:00+00:00,9514.828150496465
2026-01-05 08:00:00+00:00,9514.828150496465
2026-01-05 09:00:00+00:00,9514.828150496465
2026-01-05 10:00:00+00:00,9514.828150496465
2026-01-05 11:00:00+00:00,9514.828150496465
2026-01-05 12:00:00+00:00,9514.828150496465
2026-01-05 13:00:00+00:00,9514.828150496465
2026-01-05 14:00:00+00:00,9514.828150496465
2026-01-05 15:00:00+00:00,9514.828150496465
2026-01-05 16:00:00+00:00,9554.439852519541
2026-01-05 17:00:00+00:00,9530.208526098542
2026-01-05 18:00:00+00:00,9588.463726098542
2026-01-05 19:00:00+00:00,9600.31192609854
2026-01-05 20:00:00+00:00,9586.194526098543
2026-01-05 21:00:00+00:00,9575.257726098542
2026-01-05 22:00:00+00:00,9567.641026098543
2026-01-05 23:00:00+00:00,9574.718326098542
2026-01-06 00:00:00+00:00,9546.557926098541
2026-01-06 01:00:00+00:00,9541.693188619405
2026-01-06 02:00:00+00:00,9538.642788619405
2026-01-06 03:00:00+00:00,9524.785788619405
2026-01-06 04:00:00+00:00,9537.694188619405
2026-01-06 05:00:00+00:00,9540.763188619407
2026-01-06 06:00:00+00:00,9521.530788619406
2026-01-06 07:00:00+00:00,9537.852288619406
2026-01-06 08:00:00+00:00,9488.444873221528
2026-01-06 09:00:00+00:00,9488.444873221528
2026-01-06 10:00:00+00:00,9488.444873221528
2026-01-06 11:00:00+00:00,9488.444873221528
2026-01-06 12:00:00+00:00,9488.444873221528
2026-01-06 13:00:00+00:00,9488.444873221528
2026-01-06 14:00:00+00:00,9488.444873221528
2026-01-06 15:00:00+00:00,9488.444873221528
2026-01-06 16:00:00+00:00,9488.444873221528
2026-01-06 17:00:00+00:00,9488.444873221528
2026-01-06 18:00:00+00:00,9488.444873221528
2026-01-06 19:00:00+00:00,9488.444873221528
2026-01-06 20:00:00+00:00,9488.444873221528
2026-01-06 21:00:00+00:00,9488.444873221528
2026-01-06 22:00:00+00:00,9488.444873221528
2026-01-06 23:00:00+00:00,9488.444873221528
2026-01-07 00:00:00+00:00,9488.444873221528
2026-01-07 01:00:00+00:00,9488.444873221528
2026-01-07 02:00:00+00:00,9488.444873221528
2026-01-07 03:00:00+00:00,9488.444873221528
2026-01-07 04:00:00+00:00,9488.444873221528
2026-01-07 05:00:00+00:00,9488.444873221528
2026-01-07 06:00:00+00:00,9488.444873221528
2026-01-07 07:00:00+00:00,9488.444873221528
2026-01-07 08:00:00+00:00,9488.444873221528
2026-01-07 09:00:00+00:00,9488.444873221528
2026-01-07 10:00:00+00:00,9488.444873221528
2026-01-07 11:00:00+00:00,9488.444873221528
2026-01-07 12:00:00+00:00,9488.444873221528
2026-01-07 13:00:00+00:00,9488.444873221528
2026-01-07 14:00:00+00:00,9488.444873221528
2026-01-07 15:00:00+00:00,9488.444873221528
2026-01-07 16:00:00+00:00,9488.444873221528
2026-01-07 17:00:00+00:00,9488.444873221528
2026-01-07 18:00:00+00:00,9488.444873221528
2026-01-07 19:00:00+00:00,9488.444873221528
2026-01-07 20:00:00+00:00,9488.444873221528
2026-01-07 21:00:00+00:00,9488.444873221528
2026-01-07 22:00:00+00:00,9488.444873221528
2026-01-07 23:00:00+00:00,9488.444873221528
2026-01-08 00:00:00+00:00,9488.444873221528
2026-01-08 01:00:00+00:00,9488.444873221528
2026-01-08 02:00:00+00:00,9488.444873221528
2026-01-08 03:00:00+00:00,9488.444873221528
2026-01-08 04:00:00+00:00,9488.444873221528
2026-01-08 05:00:00+00:00,9488.444873221528
2026-01-08 06:00:00+00:00,9488.444873221528
2026-01-08 07:00:00+00:00,9488.444873221528
2026-01-08 08:00:00+00:00,9488.444873221528
2026-01-08 09:00:00+00:00,9488.444873221528
2026-01-08 10:00:00+00:00,9488.444873221528
2026-01-08 11:00:00+00:00,9488.444873221528
2026-01-08 12:00:00+00:00,9488.444873221528
2026-01-08 13:00:00+00:00,9488.444873221528
2026-01-08 14:00:00+00:00,9488.444873221528
2026-01-08 15:00:00+00:00,9488.444873221528
2026-01-08 16:00:00+00:00,9488.444873221528
2026-01-08 17:00:00+00:00,9488.444873221528
2026-01-08 18:00:00+00:00,9488.444873221528
2026-01-08 19:00:00+00:00,9488.444873221528
2026-01-08 20:00:00+00:00,9488.444873221528
2026-01-08 21:00:00+00:00,9488.444873221528
2026-01-08 22:00:00+00:00,9488.444873221528
2026-01-08 23:00:00+00:00,9488.444873221528
2026-01-09 00:00:00+00:00,9488.444873221528
2026-01-09 01:00:00+00:00,9488.444873221528
2026-01-09 02:00:00+00:00,9488.444873221528
2026-01-09 03:00:00+00:00,9488.444873221528
2026-01-09 04:00:00+00:00,9488.444873221528
2026-01-09 05:00:00+00:00,9488.444873221528
2026-01-09 06:00:00+00:00,9488.444873221528
2026-01-09 07:00:00+00:00,9488.444873221528
2026-01-09 08:00:00+00:00,9488.444873221528
2026-01-09 09:00:00+00:00,9488.444873221528
2026-01-09 10:00:00+00:00,9488.444873221528
2026-01-09 11:00:00+00:00,9488.444873221528
2026-01-09 12:00:00+00:00,9488.444873221528
2026-01-09 13:00:00+00:00,9488.444873221528
2026-01-09 14:00:00+00:00,9488.444873221528
2026-01-09 15:00:00+00:00,9488.444873221528
2026-01-09 16:00:00+00:00,9488.444873221528
2026-01-09 17:00:00+00:00,9488.444873221528
2026-01-09 18:00:00+00:00,9488.444873221528
2026-01-09 19:00:00+00:00,9488.444873221528
2026-01-09 20:00:00+00:00,9488.444873221528
2026-01-09 21:00:00+00:00,9488.444873221528
2026-01-09 22:00:00+00:00,9488.444873221528
2026-01-09 23:00:00+00:00,9488.444873221528
2026-01-10 00:00:00+00:00,9488.444873221528
2026-01-10 01:00:00+00:00,9488.444873221528
2026-01-10 02:00:00+00:00,9488.444873221528
2026-01-10 03:00:00+00:00,9488.444873221528
2026-01-10 04:00:00+00:00,9488.444873221528
2026-01-10 05:00:00+00:00,9488.444873221528
2026-01-10 06:00:00+00:00,9488.444873221528
2026-01-10 07:00:00+00:00,9488.444873221528
2026-01-10 08:00:00+00:00,9488.444873221528
2026-01-10 09:00:00+00:00,9488.444873221528
2026-01-10 10:00:00+00:00,9488.444873221528
2026-01-10 11:00:00+00:00,9488.444873221528
2026-01-10 12:00:00+00:00,9488.444873221528
2026-01-10 13:00:00+00:00,9488.444873221528
2026-01-10 14:00:00+00:00,9488.444873221528
2026-01-10 15:00:00+00:00,9488.444873221528
2026-01-10 16:00:00+00:00,9488.444873221528
2026-01-10 17:00:00+00:00,9488.444873221528
2026-01-10 18:00:00+00:00,9488.444873221528
2026-01-10 19:00:00+00:00,9488.444873221528
2026-01-10 20:00:00+00:00,9488.444873221528
2026-01-10 21:00:00+00:00,9488.444873221528
2026-01-10 22:00:00+00:00,9488.444873221528
2026-01-10 23:00:00+00:00,9488.444873221528
2026-01-11 00:00:00+00:00,9488.444873221528
2026-01-11 01:00:00+00:00,9488.444873221528
2026-01-11 02:00:00+00:00,9488.444873221528
2026-01-11 03:00:00+00:00,9488.444873221528
2026-01-11 04:00:00+00:00,9488.444873221528
2026-01-11 05:00:00+00:00,9488.444873221528
2026-01-11 06:00:00+00:00,9488.444873221528
2026-01-11 07:00:00+00:00,9488.444873221528
2026-01-11 08:00:00+00:00,9488.444873221528
2026-01-11 09:00:00+00:00,9488.444873221528
2026-01-11 10:00:00+00:00,9488.444873221528
2026-01-11 11:00:00+00:00,9488.444873221528
2026-01-11 12:00:00+00:00,9488.444873221528
2026-01-11 13:00:00+00:00,9488.444873221528
2026-01-11 14:00:00+00:00,9488.444873221528
2026-01-11 15:00:00+00:00,9488.444873221528
2026-01-11 16:00:00+00:00,9488.444873221528
2026-01-11 17:00:00+00:00,9488.444873221528
2026-01-11 18:00:00+00:00,9488.444873221528
2026-01-11 19:00:00+00:00,9488.444873221528
2026-01-11 20:00:00+00:00,9488.444873221528
2026-01-11 21:00:00+00:00,9488.444873221528
2026-01-11 22:00:00+00:00,9488.444873221528
2026-01-11 23:00:00+00:00,9488.444873221528
2026-01-12 00:00:00+00:00,9488.444873221528
2026-01-12 01:00:00+00:00,9488.444873221528
2026-01-12 02:00:00+00:00,9488.444873221528
2026-01-12 03:00:00+00:00,9488.444873221528
2026-01-12 04:00:00+00:00,9488.444873221528
2026-01-12 05:00:00+00:00,9488.444873221528
2026-01-12 06:00:00+00:00,9488.444873221528
2026-01-12 07:00:00+00:00,9488.444873221528
2026-01-12 08:00:00+00:00,9488.444873221528
2026-01-12 09:00:00+00:00,9488.444873221528
2026-01-12 10:00:00+00:00,9488.444873221528
2026-01-12 11:00:00+00:00,9488.444873221528
2026-01-12 12:00:00+00:00,9488.444873221528
2026-01-12 13:00:00+00:00,9488.444873221528
2026-01-12 14:00:00+00:00,9488.444873221528
2026-01-12 15:00:00+00:00,9488.444873221528
2026-01-12 16:00:00+00:00,9488.444873221528
2026-01-12 17:00:00+00:00,9488.444873221528
2026-01-12 18:00:00+00:00,9488.444873221528
2026-01-12 19:00:00+00:00,9488.444873221528
2026-01-12 20:00:00+00:00,9488.444873221528
2026-01-12 21:00:00+00:00,9488.444873221528
2026-01-12 22:00:00+00:00,9488.444873221528
2026-01-12 23:00:00+00:00,9488.444873221528
2026-01-13 00:00:00+00:00,9488.444873221528
2026-01-13 01:00:00+00:00,9488.444873221528
2026-01-13 02:00:00+00:00,9488.444873221528
2026-01-13 03:00:00+00:00,9488.444873221528
2026-01-13 04:00:00+00:00,9488.444873221528
2026-01-13 05:00:00+00:00,9488.444873221528
2026-01-13 06:00:00+00:00,9488.444873221528
2026-01-13 07:00:00+00:00,9488.444873221528
2026-01-13 08:00:00+00:00,9488.444873221528
2026-01-13 09:00:00+00:00,9488.444873221528
2026-01-13 10:00:00+00:00,9488.444873221528
2026-01-13 11:00:00+00:00,9488.444873221528
2026-01-13 12:00:00+00:00,9488.444873221528
2026-01-13 13:00:00+00:00,9488.444873221528
2026-01-13 14:00:00+00:00,9488.444873221528
2026-01-13 15:00:00+00:00,9488.444873221528
2026-01-13 16:00:00+00:00,9488.444873221528
2026-01-13 17:00:00+00:00,9488.444873221528
2026-01-13 18:00:00+00:00,9488.444873221528
2026-01-13 19:00:00+00:00,9488.444873221528
2026-01-13 20:00:00+00:00,9488.444873221528
2026-01-13 21:00:00+00:00,9494.629535981583
2026-01-13 22:00:00+00:00,9472.065235981583
2026-01-13 23:00:00+00:00,9595.471735981582
2026-01-14 00:00:00+00:00,9569.534835981582
2026-01-14 01:00:00+00:00,9556.458854498998
2026-01-14 02:00:00+00:00,9556.108454498997
2026-01-14 03:00:00+00:00,9564.028954498997
2026-01-14 04:00:00+00:00,9590.732354498998
2026-01-14 05:00:00+00:00,9556.166854498997
2026-01-14 06:00:00+00:00,9539.442554498999
2026-01-14 07:00:00+00:00,9541.026654498999
2026-01-14 08:00:00+00:00,9554.298054498999
2026-01-14 09:00:00+00:00,9532.20268386885
2026-01-14 10:00:00+00:00,9545.729583868851
2026-01-14 11:00:00+00:00,9545.620083868851
2026-01-14 12:00:00+00:00,9524.705583868852
2026-01-14 13:00:00+00:00,9544.99228386885
2026-01-14 14:00:00+00:00,9539.356683868851
2026-01-14 15:00:00+00:00,9647.739783868852
2026-01-14 16:00:00+00:00,9665.47148386885
2026-01-14 17:00:00+00:00,9704.625679054237
2026-01-14 18:00:00+00:00,9680.024679054239
2026-01-14 19:00:00+00:00,9670.483579054238
2026-01-14 20:00:00+00:00,9703.866479054239
2026-01-14 21:00:00+00:00,9743.13520108793
2026-01-14 22:00:00+00:00,9743.13520108793
2026-01-14 23:00:00+00:00,9743.13520108793
2026-01-15 00:00:00+00:00,9743.13520108793
2026-01-15 01:00:00+00:00,9743.13520108793
2026-01-15 02:00:00+00:00,9743.13520108793
2026-01-15 03:00:00+00:00,9743.13520108793
2026-01-15 04:00:00+00:00,9743.13520108793
2026-01-15 05:00:00+00:00,9743.13520108793
2026-01-15 06:00:00+00:00,9743.13520108793
2026-01-15 07:00:00+00:00,9743.13520108793
2026-01-15 08:00:00+00:00,9743.13520108793
2026-01-15 09:00:00+00:00,9743.13520108793
2026-01-15 10:00:00+00:00,9743.13520108793
2026-01-15 11:00:00+00:00,9743.13520108793
2026-01-15 12:00:00+00:00,9743.13520108793
2026-01-15 13:00:00+00:00,9743.13520108793
2026-01-15 14:00:00+00:00,9743.13520108793
2026-01-15 15:00:00+00:00,9743.13520108793
2026-01-15 16:00:00+00:00,9743.13520108793
2026-01-15 17:00:00+00:00,9743.13520108793
2026-01-15 18:00:00+00:00,9743.13520108793
2026-01-15 19:00:00+00:00,9743.13520108793
2026-01-15 20:00:00+00:00,9743.13520108793
2026-01-15 21:00:00+00:00,9743.13520108793
2026-01-15 22:00:00+00:00,9743.13520108793
2026-01-15 23:00:00+00:00,9743.13520108793
2026-01-16 00:00:00+00:00,9743.13520108793
2026-01-16 01:00:00+00:00,9743.13520108793
2026-01-16 02:00:00+00:00,9743.13520108793
2026-01-16 03:00:00+00:00,9743.13520108793
2026-01-16 04:00:00+00:00,9743.13520108793
2026-01-16 05:00:00+00:00,9743.13520108793
2026-01-16 06:00:00+00:00,9743.13520108793
2026-01-16 07:00:00+00:00,9743.13520108793
2026-01-16 08:00:00+00:00,9743.13520108793
2026-01-16 09:00:00+00:00,9743.13520108793
2026-01-16 10:00:00+00:00,9743.13520108793
2026-01-16 11:00:00+00:00,9743.13520108793
2026-01-16 12:00:00+00:00,9743.13520108793
2026-01-16 13:00:00+00:00,9743.13520108793
2026-01-16 14:00:00+00:00,9743.13520108793
2026-01-16 15:00:00+00:00,9743.13520108793
2026-01-16 16:00:00+00:00,9743.13520108793
2026-01-16 17:00:00+00:00,9743.13520108793
2026-01-16 18:00:00+00:00,9743.13520108793
2026-01-16 19:00:00+00:00,9743.13520108793
2026-01-16 20:00:00+00:00,9743.13520108793
2026-01-16 21:00:00+00:00,9743.13520108793
2026-01-16 22:00:00+00:00,9743.13520108793
2026-01-16 23:00:00+00:00,9743.13520108793
2026-01-17 00:00:00+00:00,9743.13520108793
2026-01-17 01:00:00+00:00,9743.13520108793
2026-01-17 02:00:00+00:00,9743.13520108793
2026-01-17 03:00:00+00:00,9743.13520108793
2026-01-17 04:00:00+00:00,9743.13520108793
2026-01-17 05:00:00+00:00,9743.13520108793
2026-01-17 06:00:00+00:00,9743.13520108793
2026-01-17 07:00:00+00:00,9743.13520108793
2026-01-17 08:00:00+00:00,9743.13520108793
2026-01-17 09:00:00+00:00,9743.13520108793
2026-01-17 10:00:00+00:00,9743.13520108793
2026-01-17 11:00:00+00:00,9743.13520108793
2026-01-17 12:00:00+00:00,9743.13520108793
2026-01-17 13:00:00+00:00,9743.13520108793
2026-01-17 14:00:00+00:00,9743.13520108793
2026-01-17 15:00:00+00:00,9743.13520108793
2026-01-17 16:00:00+00:00,9743.13520108793
2026-01-17 17:00:00+00:00,9743.13520108793
2026-01-17 18:00:00+00:00,9743.13520108793
2026-01-17 19:00:00+00:00,9743.13520108793
2026-01-17 20:00:00+00:00,9743.13520108793
2026-01-17 21:00:00+00:00,9743.13520108793
2026-01-17 22:00:00+00:00,9743.13520108793
2026-01-17 23:00:00+00:00,9743.13520108793
2026-01-18 00:00:00+00:00,9743.13520108793
2026-01-18 01:00:00+00:00,9743.13520108793
2026-01-18 02:00:00+00:00,9743.13520108793
2026-01-18 03:00:00+00:00,9743.13520108793
2026-01-18 04:00:00+00:00,9743.13520108793
2026-01-18 05:00:00+00:00,9743.13520108793
2026-01-18 06:00:00+00:00,9743.13520108793
2026-01-18 07:00:00+00:00,9743.13520108793
2026-01-18 08:00:00+00:00,9743.13520108793
2026-01-18 09:00:00+00:00,9743.13520108793
2026-01-18 10:00:00+00:00,9743.13520108793
2026-01-18 11:00:00+00:00,9743.13520108793
2026-01-18 12:00:00+00:00,9743.13520108793
2026-01-18 13:00:00+00:00,9743.13520108793
2026-01-18 14:00:00+00:00,9743.13520108793
2026-01-18 15:00:00+00:00,9743.13520108793
2026-01-18 16:00:00+00:00,9743.13520108793
2026-01-18 17:00:00+00:00,9743.13520108793
2026-01-18 18:00:00+00:00,9743.13520108793
2026-01-18 19:00:00+00:00,9743.13520108793
2026-01-18 20:00:00+00:00,9743.13520108793
2026-01-18 21:00:00+00:00,9743.13520108793
2026-01-18 22:00:00+00:00,9743.13520108793
2026-01-18 23:00:00+00:00,9743.13520108793
2026-01-19 00:00:00+00:00,9743.13520108793
2026-01-19 01:00:00+00:00,9743.13520108793
2026-01-19 02:00:00+00:00,9743.13520108793
2026-01-19 03:00:00+00:00,9743.13520108793
2026-01-19 04:00:00+00:00,9743.13520108793
2026-01-19 05:00:00+00:00,9743.13520108793
2026-01-19 06:00:00+00:00,9743.13520108793
2026-01-19 07:00:00+00:00,9743.13520108793
2026-01-19 08:00:00+00:00,9743.13520108793
2026-01-19 09:00:00+00:00,9743.13520108793
2026-01-19 10:00:00+00:00,9743.13520108793
2026-01-19 11:00:00+00:00,9743.13520108793
2026-01-19 12:00:00+00:00,9743.13520108793
2026-01-19 13:00:00+00:00,9743.13520108793
2026-01-19 14:00:00+00:00,9743.13520108793
2026-01-19 15:00:00+00:00,9743.13520108793
2026-01-19 16:00:00+00:00,9743.13520108793
2026-01-19 17:00:00+00:00,9743.13520108793
2026-01-19 18:00:00+00:00,9743.13520108793
2026-01-19 19:00:00+00:00,9743.13520108793
2026-01-19 20:00:00+00:00,9743.13520108793
2026-01-19 21:00:00+00:00,9743.13520108793
2026-01-19 22:00:00+00:00,9743.13520108793
2026-01-19 23:00:00+00:00,9743.13520108793
2026-01-20 00:00:00+00:00,9743.13520108793
2026-01-20 01:00:00+00:00,9743.13520108793
2026-01-20 02:00:00+00:00,9743.13520108793
2026-01-20 03:00:00+00:00,9743.13520108793
2026-01-20 04:00:00+00:00,9743.13520108793
2026-01-20 05:00:00+00:00,9743.13520108793
2026-01-20 06:00:00+00:00,9743.13520108793
2026-01-20 07:00:00+00:00,9743.13520108793
2026-01-20 08:00:00+00:00,9711.11972087792
2026-01-20 09:00:00+00:00,9717.380349998535
2026-01-20 10:00:00+00:00,9724.904349998535
2026-01-20 11:00:00+00:00,9703.639149998535
2026-01-20 12:00:00+00:00,9706.797249998534
2026-01-20 13:00:00+00:00,9701.431449998534
2026-01-20 14:00:00+00:00,9733.220349998535
2026-01-20 15:00:00+00:00,9775.018149998536
2026-01-20 16:00:00+00:00,9760.415649998535
2026-01-20 17:00:00+00:00,9811.6405483663
2026-01-20 18:00:00+00:00,9850.478248366298
2026-01-20 19:00:00+00:00,9877.010248366298
2026-01-20 20:00:00+00:00,9854.982748366298
2026-01-20 21:00:00+00:00,9854.2996483663
2026-01-20 22:00:00+00:00,9879.584248366298
2026-01-20 23:00:00+00:00,10001.01656271784
2026-01-21 00:00:00+00:00,10000.921218469184
2026-01-21 01:00:00+00:00,9964.708770579186
2026-01-21 02:00:00+00:00,9958.160670579186
2026-01-21 03:00:00+00:00,9955.977970579184
2026-01-21 04:00:00+00:00,9928.172270579185
2026-01-21 05:00:00+00:00,9927.851070579185
2026-01-21 06:00:00+00:00,9901.668774052061
2026-01-21 07:00:00+00:00,9901.668774052061
2026-01-21 08:00:00+00:00,9901.668774052061
2026-01-21 09:00:00+00:00,9901.668774052061
2026-01-21 10:00:00+00:00,9901.668774052061
2026-01-21 11:00:00+00:00,9901.668774052061
2026-01-21 12:00:00+00:00,9901.668774052061
2026-01-21 13:00:00+00:00,9901.668774052061
2026-01-21 14:00:00+00:00,9901.668774052061
2026-01-21 15:00:00+00:00,9901.668774052061
2026-01-21 16:00:00+00:00,9901.668774052061
2026-01-21 17:00:00+00:00,9901.668774052061
2026-01-21 18:00:00+00:00,9877.272845833688
2026-01-21 19:00:00+00:00,9845.170945833688
2026-01-21 20:00:00+00:00,9776.992363165891
2026-01-21 21:00:00+00:00,9776.992363165891
2026-01-21 22:00:00+00:00,9776.992363165891
2026-01-21 23:00:00+00:00,9776.992363165891
2026-01-22 00:00:00+00:00,9776.992363165891
2026-01-22 01:00:00+00:00,9776.992363165891
2026-01-22 02:00:00+00:00,9776.992363165891
2026-01-22 03:00:00+00:00,9776.992363165891
2026-01-22 04:00:00+00:00,9776.992363165891
2026-01-22 05:00:00+00:00,9776.992363165891
2026-01-22 06:00:00+00:00,9776.992363165891
2026-01-22 07:00:00+00:00,9776.992363165891
2026-01-22 08:00:00+00:00,9776.992363165891
2026-01-22 09:00:00+00:00,9776.992363165891
2026-01-22 10:00:00+00:00,9776.992363165891
2026-01-22 11:00:00+00:00,9776.992363165891
2026-01-22 12:00:00+00:00,9776.992363165891
2026-01-22 13:00:00+00:00,9776.992363165891
2026-01-22 14:00:00+00:00,9776.992363165891
2026-01-22 15:00:00+00:00,9776.992363165891
2026-01-22 16:00:00+00:00,9776.992363165891
2026-01-22 17:00:00+00:00,9776.992363165891
2026-01-22 18:00:00+00:00,9776.992363165891
2026-01-22 19:00:00+00:00,9776.992363165891
2026-01-22 20:00:00+00:00,9776.992363165891
2026-01-22 21:00:00+00:00,9776.992363165891
2026-01-22 22:00:00+00:00,9776.992363165891
2026-01-22 23:00:00+00:00,9776.992363165891
2026-01-23 00:00:00+00:00,9776.992363165891
2026-01-23 01:00:00+00:00,9776.992363165891
2026-01-23 02:00:00+00:00,9776.992363165891
2026-01-23 03:00:00+00:00,9776.992363165891
2026-01-23 04:00:00+00:00,9776.992363165891
2026-01-23 05:00:00+00:00,9776.992363165891
2026-01-23 06:00:00+00:00,9776.992363165891
2026-01-23 07:00:00+00:00,9776.992363165891
2026-01-23 08:00:00+00:00,9776.992363165891
2026-01-23 09:00:00+00:00,9776.992363165891
2026-01-23 10:00:00+00:00,9776.992363165891
2026-01-23 11:00:00+00:00,9776.992363165891
2026-01-23 12:00:00+00:00,9776.992363165891
2026-01-23 13:00:00+00:00,9776.992363165891
2026-01-23 14:00:00+00:00,9776.992363165891
2026-01-23 15:00:00+00:00,9776.992363165891
2026-01-23 16:00:00+00:00,9776.992363165891
2026-01-23 17:00:00+00:00,9776.992363165891
2026-01-23 18:00:00+00:00,9776.992363165891
2026-01-23 19:00:00+00:00,9776.992363165891
2026-01-23 20:00:00+00:00,9776.992363165891
2026-01-23 21:00:00+00:00,9776.992363165891
2026-01-23 22:00:00+00:00,9776.992363165891
2026-01-23 23:00:00+00:00,9776.992363165891
2026-01-24 00:00:00+00:00,9776.992363165891
2026-01-24 01:00:00+00:00,9776.992363165891
2026-01-24 02:00:00+00:00,9776.992363165891
2026-01-24 03:00:00+00:00,9776.992363165891
2026-01-24 04:00:00+00:00,9776.992363165891
2026-01-24 05:00:00+00:00,9776.992363165891
2026-01-24 06:00:00+00:00,9776.992363165891
2026-01-24 07:00:00+00:00,9776.992363165891
2026-01-24 08:00:00+00:00,9776.992363165891
2026-01-24 09:00:00+00:00,9776.992363165891
2026-01-24 10:00:00+00:00,9776.992363165891
2026-01-24 11:00:00+00:00,9776.992363165891
2026-01-24 12:00:00+00:00,9776.992363165891
2026-01-24 13:00:00+00:00,9776.992363165891
2026-01-24 14:00:00+00:00,9776.992363165891
2026-01-24 15:00:00+00:00,9776.992363165891
2026-01-24 16:00:00+00:00,9776.992363165891
2026-01-24 17:00:00+00:00,9776.992363165891
2026-01-24 18:00:00+00:00,9776.992363165891
2026-01-24 19:00:00+00:00,9776.992363165891
2026-01-24 20:00:00+00:00,9776.992363165891
2026-01-24 21:00:00+00:00,9776.992363165891
2026-01-24 22:00:00+00:00,9776.992363165891
2026-01-24 23:00:00+00:00,9776.992363165891
2026-01-25 00:00:00+00:00,9776.992363165891
2026-01-25 01:00:00+00:00,9776.992363165891
2026-01-25 02:00:00+00:00,9776.992363165891
2026-01-25 03:00:00+00:00,9776.992363165891
2026-01-25 04:00:00+00:00,9776.992363165891
2026-01-25 05:00:00+00:00,9776.992363165891
2026-01-25 06:00:00+00:00,9776.992363165891
2026-01-25 07:00:00+00:00,9776.992363165891
2026-01-25 08:00:00+00:00,9776.992363165891
2026-01-25 09:00:00+00:00,9776.992363165891
2026-01-25 10:00:00+00:00,9776.992363165891
2026-01-25 11:00:00+00:00,9776.992363165891
2026-01-25 12:00:00+00:00,9776.992363165891
2026-01-25 13:00:00+00:00,9776.992363165891
2026-01-25 14:00:00+00:00,9776.992363165891
2026-01-25 15:00:00+00:00,9776.992363165891
2026-01-25 16:00:00+00:00,9776.992363165891
2026-01-25 17:00:00+00:00,9776.992363165891
2026-01-25 18:00:00+00:00,9776.992363165891
2026-01-25 19:00:00+00:00,9776.992363165891
2026-01-25 20:00:00+00:00,9776.992363165891
2026-01-25 21:00:00+00:00,9753.559271332399
2026-01-25 22:00:00+00:00,9762.786071332399
2026-01-25 23:00:00+00:00,9766.350071332397
2026-01-26 00:00:00+00:00,9752.509871332399
2026-01-26 01:00:00+00:00,9735.088167871338
2026-01-26 02:00:00+00:00,9663.560769604828
2026-01-26 03:00:00+00:00,9663.560769604828
2026-01-26 04:00:00+00:00,9663.560769604828
2026-01-26 05:00:00+00:00,9663.560769604828
2026-01-26 06:00:00+00:00,9663.560769604828
2026-01-26 07:00:00+00:00,9663.560769604828
2026-01-26 08:00:00+00:00,9663.560769604828
2026-01-26 09:00:00+00:00,9663.560769604828
2026-01-26 10:00:00+00:00,9663.560769604828
2026-01-26 11:00:00+00:00,9663.560769604828
2026-01-26 12:00:00+00:00,9663.560769604828
2026-01-26 13:00:00+00:00,9663.560769604828
2026-01-26 14:00:00+00:00,9663.560769604828
2026-01-26 15:00:00+00:00,9663.560769604828
2026-01-26 16:00:00+00:00,9663.560769604828
2026-01-26 17:00:00+00:00,9663.560769604828
2026-01-26 18:00:00+00:00,9663.560769604828
2026-01-26 19:00:00+00:00,9663.560769604828
2026-01-26 20:00:00+00:00,9663.560769604828
2026-01-26 21:00:00+00:00,9663.560769604828
2026-01-26 22:00:00+00:00,9663.560769604828
2026-01-26 23:00:00+00:00,9663.560769604828
2026-01-27 00:00:00+00:00,9663.560769604828
2026-01-27 01:00:00+00:00,9663.560769604828
2026-01-27 02:00:00+00:00,9663.560769604828
2026-01-27 03:00:00+00:00,9663.560769604828
2026-01-27 04:00:00+00:00,9663.560769604828
2026-01-27 05:00:00+00:00,9663.560769604828
2026-01-27 06:00:00+00:00,9663.560769604828
2026-01-27 07:00:00+00:00,9663.560769604828
2026-01-27 08:00:00+00:00,9663.560769604828
2026-01-27 09:00:00+00:00,9663.560769604828
2026-01-27 10:00:00+00:00,9663.560769604828
2026-01-27 11:00:00+00:00,9663.560769604828
2026-01-27 12:00:00+00:00,9663.560769604828
2026-01-27 13:00:00+00:00,9663.560769604828
2026-01-27 14:00:00+00:00,9663.560769604828
2026-01-27 15:00:00+00:00,9663.560769604828
2026-01-27 16:00:00+00:00,9663.560769604828
2026-01-27 17:00:00+00:00,9663.560769604828
2026-01-27 18:00:00+00:00,9663.560769604828
2026-01-27 19:00:00+00:00,9663.560769604828
2026-01-27 20:00:00+00:00,9663.560769604828
2026-01-27 21:00:00+00:00,9663.560769604828
2026-01-27 22:00:00+00:00,9663.560769604828
2026-01-27 23:00:00+00:00,9663.560769604828
2026-01-28 00:00:00+00:00,9663.560769604828
2026-01-28 01:00:00+00:00,9663.560769604828
2026-01-28 02:00:00+00:00,9663.560769604828
2026-01-28 03:00:00+00:00,9663.560769604828
2026-01-28 04:00:00+00:00,9663.560769604828
2026-01-28 05:00:00+00:00,9663.560769604828
2026-01-28 06:00:00+00:00,9663.560769604828
2026-01-28 07:00:00+00:00,9663.560769604828
2026-01-28 08:00:00+00:00,9663.560769604828
2026-01-28 09:00:00+00:00,9663.560769604828
2026-01-28 10:00:00+00:00,9663.560769604828
2026-01-28 11:00:00+00:00,9663.560769604828
2026-01-28 12:00:00+00:00,9663.560769604828
2026-01-28 13:00:00+00:00,9663.560769604828
2026-01-28 14:00:00+00:00,9663.560769604828
2026-01-28 15:00:00+00:00,9663.560769604828
2026-01-28 16:00:00+00:00,9663.560769604828
2026-01-28 17:00:00+00:00,9663.560769604828
2026-01-28 18:00:00+00:00,9663.560769604828
2026-01-28 19:00:00+00:00,9663.560769604828
2026-01-28 20:00:00+00:00,9663.560769604828
2026-01-28 21:00:00+00:00,9663.560769604828
2026-01-28 22:00:00+00:00,9663.560769604828
2026-01-28 23:00:00+00:00,9663.560769604828
2026-01-29 00:00:00+00:00,9663.560769604828
2026-01-29 01:00:00+00:00,9663.560769604828
2026-01-29 02:00:00+00:00,9663.560769604828
2026-01-29 03:00:00+00:00,9663.560769604828
2026-01-29 04:00:00+00:00,9663.560769604828
2026-01-29 05:00:00+00:00,9663.560769604828
2026-01-29 06:00:00+00:00,9663.560769604828
2026-01-29 07:00:00+00:00,9663.560769604828
2026-01-29 08:00:00+00:00,9663.560769604828
2026-01-29 09:00:00+00:00,9663.560769604828
2026-01-29 10:00:00+00:00,9663.560769604828
2026-01-29 11:00:00+00:00,9663.560769604828
2026-01-29 12:00:00+00:00,9663.560769604828
2026-01-29 13:00:00+00:00,9663.560769604828
2026-01-29 14:00:00+00:00,9663.560769604828
2026-01-29 15:00:00+00:00,9663.560769604828
2026-01-29 16:00:00+00:00,9663.560769604828
2026-01-29 17:00:00+00:00,9634.945271618368
2026-01-29 18:00:00+00:00,9705.316271618369
2026-01-29 19:00:00+00:00,9760.20327161837
2026-01-29 20:00:00+00:00,9722.50827161837
2026-01-29 21:00:00+00:00,9708.02527161837
2026-01-29 22:00:00+00:00,9686.696271618368
2026-01-29 23:00:00+00:00,9683.994271618369
2026-01-30 00:00:00+00:00,9678.737271618369
2026-01-30 01:00:00+00:00,9710.313473510989
2026-01-30 02:00:00+00:00,9830.902473510989
2026-01-30 03:00:00+00:00,9852.364473510988
2026-01-30 04:00:00+00:00,9816.46847351099
2026-01-30 05:00:00+00:00,9797.86947351099
2026-01-30 06:00:00+00:00,9800.186473510988
2026-01-30 07:00:00+00:00,9822.07547351099
2026-01-30 08:00:00+00:00,9807.424473510988
2026-01-30 09:00:00+00:00,9817.659781076969
2026-01-30 10:00:00+00:00,9838.99578107697
2026-01-30 11:00:00+00:00,9805.90678107697
2026-01-30 12:00:00+00:00,9784.09478107697
2026-01-30 13:00:00+00:00,9808.73478107697
2026-01-30 14:00:00+00:00,9812.08778107697
2026-01-30 15:00:00+00:00,9787.13278107697
2026-01-30 16:00:00+00:00,9801.91678107697
2026-01-30 17:00:00+00:00,9783.38475954867
2026-01-30 18:00:00+00:00,9797.88875954867
2026-01-30 19:00:00+00:00,9721.353877886728
2026-01-30 20:00:00+00:00,9721.353877886728
2026-01-30 21:00:00+00:00,9721.353877886728
2026-01-30 22:00:00+00:00,9721.353877886728
2026-01-30 23:00:00+00:00,9721.353877886728
2026-01-31 00:00:00+00:00,9721.353877886728
2026-01-31 01:00:00+00:00,9721.353877886728
2026-01-31 02:00:00+00:00,9721.353877886728
2026-01-31 03:00:00+00:00,9721.353877886728
2026-01-31 04:00:00+00:00,9721.353877886728
2026-01-31 05:00:00+00:00,9721.353877886728
2026-01-31 06:00:00+00:00,9721.353877886728
2026-01-31 07:00:00+00:00,9721.353877886728
2026-01-31 08:00:00+00:00,9721.353877886728
2026-01-31 09:00:00+00:00,9721.353877886728
2026-01-31 10:00:00+00:00,9721.353877886728
2026-01-31 11:00:00+00:00,9721.353877886728
2026-01-31 12:00:00+00:00,9721.353877886728
2026-01-31 13:00:00+00:00,9721.353877886728
2026-01-31 14:00:00+00:00,9721.353877886728
2026-01-31 15:00:00+00:00,9721.353877886728
2026-01-31 16:00:00+00:00,9721.353877886728
2026-01-31 17:00:00+00:00,9721.353877886728
2026-01-31 18:00:00+00:00,9804.851411353528
2026-01-31 19:00:00+00:00,9994.164790090768
2026-01-31 20:00:00+00:00,10003.788334545425
2026-01-31 21:00:00+00:00,9992.841134545426
2026-01-31 22:00:00+00:00,9979.830334545426
2026-01-31 23:00:00+00:00,9985.897934545425
2026-02-01 00:00:00+00:00,9959.836734545424
2026-02-01 01:00:00+00:00,9952.92999523831
2026-02-01 02:00:00+00:00,9968.61159523831
2026-02-01 03:00:00+00:00,9953.14119523831
2026-02-01 04:00:00+00:00,9954.46559523831
2026-02-01 05:00:00+00:00,9949.546395238309
2026-02-01 06:00:00+00:00,9965.13119523831
2026-02-01 07:00:00+00:00,9979.25519523831
2026-02-01 08:00:00+00:00,9976.70759523831
2026-02-01 09:00:00+00:00,9965.803486839302
2026-02-01 10:00:00+00:00,9947.072686839301
2026-02-01 11:00:00+00:00,9980.385086839302
2026-02-01 12:00:00+00:00,9959.608286839302
2026-02-01 13:00:00+00:00,9972.434286839301
2026-02-01 14:00:00+00:00,9978.589886839301
2026-02-01 15:00:00+00:00,9983.047086839302
2026-02-01 16:00:00+00:00,10010.133486839302
2026-02-01 17:00:00+00:00,10014.794655379286
2026-02-01 18:00:00+00:00,10003.715455379286
2026-02-01 19:00:00+00:00,9991.179855379287
2026-02-01 20:00:00+00:00,10028.733855379287
2026-02-01 21:00:00+00:00,10031.765455379285
2026-02-01 22:00:00+00:00,10057.483455379286
2026-02-01 23:00:00+00:00,10025.697855379287
2026-02-02 00:00:00+00:00,10038.013455379285
2026-02-02 01:00:00+00:00,10006.903357172758
2026-02-02 02:00:00+00:00,10013.784957172758
2026-02-02 03:00:00+00:00,10059.32495717276
2026-02-02 04:00:00+00:00,10067.728957172758
2026-02-02 05:00:00+00:00,10085.324557172758
2026-02-02 06:00:00+00:00,10103.219357172758
2026-02-02 07:00:00+00:00,10056.504557172759
2026-02-02 08:00:00+00:00,10052.047357172758
2026-02-02 09:00:00+00:00,10042.326379030366
2026-02-02 10:00:00+00:00,10001.097141184595
2026-02-02 11:00:00+00:00,10001.097141184595
2026-02-02 12:00:00+00:00,10001.097141184595
2026-02-02 13:00:00+00:00,10001.097141184595
2026-02-02 14:00:00+00:00,10001.097141184595
2026-02-02 15:00:00+00:00,10001.097141184595
2026-02-02 16:00:00+00:00,10001.097141184595
2026-02-02 17:00:00+00:00,10001.097141184595
2026-02-02 18:00:00+00:00,10001.097141184595
2026-02-02 19:00:00+00:00,10001.097141184595
2026-02-02 20:00:00+00:00,10001.097141184595
2026-02-02 21:00:00+00:00,10001.097141184595
2026-02-02 22:00:00+00:00,10001.097141184595
2026-02-02 23:00:00+00:00,10001.097141184595
2026-02-03 00:00:00+00:00,10001.097141184595
2026-02-03 01:00:00+00:00,10001.097141184595
2026-02-03 02:00:00+00:00,10001.097141184595
2026-02-03 03:00:00+00:00,10001.097141184595
2026-02-03 04:00:00+00:00,10001.097141184595
2026-02-03 05:00:00+00:00,10001.097141184595
2026-02-03 06:00:00+00:00,10001.097141184595
2026-02-03 07:00:00+00:00,10001.097141184595
2026-02-03 08:00:00+00:00,10001.097141184595
2026-02-03 09:00:00+00:00,10001.097141184595
2026-02-03 10:00:00+00:00,10001.097141184595
2026-02-03 11:00:00+00:00,10001.097141184595
2026-02-03 12:00:00+00:00,10001.097141184595
2026-02-03 13:00:00+00:00,10001.097141184595
2026-02-03 14:00:00+00:00,10001.097141184595
2026-02-03 15:00:00+00:00,10001.097141184595
2026-02-03 16:00:00+00:00,10001.097141184595
2026-02-03 17:00:00+00:00,10001.097141184595
2026-02-03 18:00:00+00:00,10001.097141184595
2026-02-03 19:00:00+00:00,10001.097141184595
2026-02-03 20:00:00+00:00,9910.550660059787
2026-02-03 21:00:00+00:00,9835.183760059788
2026-02-03 22:00:00+00:00,9846.551760059789
2026-02-03 23:00:00+00:00,9872.394360059789
2026-02-04 00:00:00+00:00,9869.459260059788
2026-02-04 01:00:00+00:00,9862.672276016032
2026-02-04 02:00:00+00:00,9837.143276016031
2026-02-04 03:00:00+00:00,9859.938076016031
2026-02-04 04:00:00+00:00,9823.957376016031
2026-02-04 05:00:00+00:00,9834.399276016033
2026-02-04 06:00:00+00:00,9843.856276016031
2026-02-04 07:00:00+00:00,9826.123176016032
2026-02-04 08:00:00+00:00,9832.885176016032
2026-02-04 09:00:00+00:00,9829.960648537242
2026-02-04 10:00:00+00:00,9852.471248537242
2026-02-04 11:00:00+00:00,9843.411148537241
2026-02-04 12:00:00+00:00,9857.091948537241
2026-02-04 13:00:00+00:00,9848.644348537242
2026-02-04 14:00:00+00:00,9913.402748537243
2026-02-04 15:00:00+00:00,9938.368248537243
2026-02-04 16:00:00+00:00,9949.241348537242
2026-02-04 17:00:00+00:00,9973.806139338982
2026-02-04 18:00:00+00:00,10025.986239338981
2026-02-04 19:00:00+00:00,9984.130439338982
2026-02-04 20:00:00+00:00,9959.782339338983
2026-02-04 21:00:00+00:00,9979.695939338982
2026-02-04 22:00:00+00:00,10014.784839338981
2026-02-04 23:00:00+00:00,10027.608139338981
2026-02-05 00:00:00+00:00,9996.919439338983
2026-02-05 01:00:00+00:00,10011.874675579858
2026-02-05 02:00:00+00:00,10033.909975579858
2026-02-05 03:00:00+00:00,10080.954875579857
2026-02-05 04:00:00+00:00,10092.234675579857
2026-02-05 05:00:00+00:00,10108.193975579858
2026-02-05 06:00:00+00:00,10116.930675579857
2026-02-05 07:00:00+00:00,10106.322175579859
2026-02-05 08:00:00+00:00,10115.891875579857
2026-02-05 09:00:00+00:00,10100.96700154478
2026-02-05 10:00:00+00:00,10075.93780154478
2026-02-05 11:00:00+00:00,10110.79640154478
2026-02-05 12:00:00+00:00,10137.32010154478
2026-02-05 13:00:00+00:00,10173.87900154478
2026-02-05 14:00:00+00:00,10167.83240154478
2026-02-05 15:00:00+00:00,10182.08160154478
2026-02-05 16:00:00+00:00,10282.820604800861
2026-02-05 17:00:00+00:00,10246.22202913798
2026-02-05 18:00:00+00:00,10334.79162913798
2026-02-05 19:00:00+00:00,10328.14722913798
2026-02-05 20:00:00+00:00,10373.284629137981
2026-02-05 21:00:00+00:00,10435.71762913798
2026-02-05 22:00:00+00:00,10459.32582913798
2026-02-05 23:00:00+00:00,10430.35002913798
2026-02-06 00:00:00+00:00,10472.79522913798
2026-02-06 01:00:00+00:00,10580.402407624464
2026-02-06 02:00:00+00:00,10580.402407624464
2026-02-06 03:00:00+00:00,10580.402407624464
2026-02-06 04:00:00+00:00,10580.402407624464
2026-02-06 05:00:00+00:00,10580.402407624464
2026-02-06 06:00:00+00:00,10580.402407624464
2026-02-06 07:00:00+00:00,10580.402407624464
2026-02-06 08:00:00+00:00,10580.402407624464
2026-02-06 09:00:00+00:00,10580.402407624464
2026-02-06 10:00:00+00:00,10580.402407624464
2026-02-06 11:00:00+00:00,10580.402407624464
2026-02-06 12:00:00+00:00,10580.402407624464
2026-02-06 13:00:00+00:00,10580.402407624464
2026-02-06 14:00:00+00:00,10580.402407624464
2026-02-06 15:00:00+00:00,10580.402407624464
2026-02-06 16:00:00+00:00,10580.402407624464
2026-02-06 17:00:00+00:00,10580.402407624464
2026-02-06 18:00:00+00:00,10580.402407624464
2026-02-06 19:00:00+00:00,10580.402407624464
2026-02-06 20:00:00+00:00,10580.402407624464
2026-02-06 21:00:00+00:00,10580.402407624464
2026-02-06 22:00:00+00:00,10580.402407624464
2026-02-06 23:00:00+00:00,10580.402407624464
2026-02-07 00:00:00+00:00,10580.402407624464
2026-02-07 01:00:00+00:00,10580.402407624464
2026-02-07 02:00:00+00:00,10580.402407624464
2026-02-07 03:00:00+00:00,10580.402407624464
2026-02-07 04:00:00+00:00,10580.402407624464
2026-02-07 05:00:00+00:00,10580.402407624464
2026-02-07 06:00:00+00:00,10580.402407624464
2026-02-07 07:00:00+00:00,10580.402407624464
2026-02-07 08:00:00+00:00,10580.402407624464
2026-02-07 09:00:00+00:00,10580.402407624464
2026-02-07 10:00:00+00:00,10580.402407624464
2026-02-07 11:00:00+00:00,10580.402407624464
2026-02-07 12:00:00+00:00,10580.402407624464
2026-02-07 13:00:00+00:00,10580.402407624464
2026-02-07 14:00:00+00:00,10580.402407624464
2026-02-07 15:00:00+00:00,10580.402407624464
2026-02-07 16:00:00+00:00,10580.402407624464
2026-02-07 17:00:00+00:00,10580.402407624464
2026-02-07 18:00:00+00:00,10580.402407624464
2026-02-07 19:00:00+00:00,10580.402407624464
2026-02-07 20:00:00+00:00,10580.402407624464
2026-02-07 21:00:00+00:00,10580.402407624464
2026-02-07 22:00:00+00:00,10580.402407624464
2026-02-07 23:00:00+00:00,10580.402407624464
2026-02-08 00:00:00+00:00,10580.402407624464
2026-02-08 01:00:00+00:00,10580.402407624464
2026-02-08 02:00:00+00:00,10580.402407624464
2026-02-08 03:00:00+00:00,10580.402407624464
2026-02-08 04:00:00+00:00,10580.402407624464
2026-02-08 05:00:00+00:00,10580.402407624464
2026-02-08 06:00:00+00:00,10580.402407624464
2026-02-08 07:00:00+00:00,10580.402407624464
2026-02-08 08:00:00+00:00,10580.402407624464
2026-02-08 09:00:00+00:00,10580.402407624464
2026-02-08 10:00:00+00:00,10580.402407624464
2026-02-08 11:00:00+00:00,10580.402407624464
2026-02-08 12:00:00+00:00,10580.402407624464
2026-02-08 13:00:00+00:00,10580.402407624464
2026-02-08 14:00:00+00:00,10580.402407624464
2026-02-08 15:00:00+00:00,10580.402407624464
2026-02-08 16:00:00+00:00,10580.402407624464
2026-02-08 17:00:00+00:00,10580.402407624464
2026-02-08 18:00:00+00:00,10580.402407624464
2026-02-08 19:00:00+00:00,10580.402407624464
2026-02-08 20:00:00+00:00,10580.402407624464
2026-02-08 21:00:00+00:00,10580.402407624464
2026-02-08 22:00:00+00:00,10580.402407624464
2026-02-08 23:00:00+00:00,10580.402407624464
2026-02-09 00:00:00+00:00,10580.402407624464
2026-02-09 01:00:00+00:00,10580.402407624464
2026-02-09 02:00:00+00:00,10580.402407624464
2026-02-09 03:00:00+00:00,10580.402407624464
2026-02-09 04:00:00+00:00,10580.402407624464
2026-02-09 05:00:00+00:00,10580.402407624464
2026-02-09 06:00:00+00:00,10580.402407624464
2026-02-09 07:00:00+00:00,10580.402407624464
2026-02-09 08:00:00+00:00,10580.402407624464
2026-02-09 09:00:00+00:00,10580.402407624464
2026-02-09 10:00:00+00:00,10580.402407624464
2026-02-09 11:00:00+00:00,10580.402407624464
2026-02-09 12:00:00+00:00,10580.402407624464
2026-02-09 13:00:00+00:00,10580.402407624464
2026-02-09 14:00:00+00:00,10580.402407624464
2026-02-09 15:00:00+00:00,10580.402407624464
2026-02-09 16:00:00+00:00,10580.402407624464
2026-02-09 17:00:00+00:00,10580.402407624464
2026-02-09 18:00:00+00:00,10580.402407624464
2026-02-09 19:00:00+00:00,10580.402407624464
2026-02-09 20:00:00+00:00,10580.402407624464
2026-02-09 21:00:00+00:00,10580.402407624464
2026-02-09 22:00:00+00:00,10580.402407624464
2026-02-09 23:00:00+00:00,10580.402407624464
2026-02-10 00:00:00+00:00,10580.402407624464
2026-02-10 01:00:00+00:00,10580.402407624464
2026-02-10 02:00:00+00:00,10580.402407624464
2026-02-10 03:00:00+00:00,10580.402407624464
2026-02-10 04:00:00+00:00,10580.402407624464
2026-02-10 05:00:00+00:00,10580.402407624464
2026-02-10 06:00:00+00:00,10580.402407624464
2026-02-10 07:00:00+00:00,10580.402407624464
2026-02-10 08:00:00+00:00,10580.402407624464
2026-02-10 09:00:00+00:00,10580.402407624464
2026-02-10 10:00:00+00:00,10580.402407624464
2026-02-10 11:00:00+00:00,10580.402407624464
2026-02-10 12:00:00+00:00,10580.402407624464
2026-02-10 13:00:00+00:00,10580.402407624464
2026-02-10 14:00:00+00:00,10580.402407624464
2026-02-10 15:00:00+00:00,10580.402407624464
2026-02-10 16:00:00+00:00,10580.402407624464
2026-02-10 17:00:00+00:00,10580.402407624464
2026-02-10 18:00:00+00:00,10580.402407624464
2026-02-10 19:00:00+00:00,10580.402407624464
2026-02-10 20:00:00+00:00,10580.402407624464
2026-02-10 21:00:00+00:00,10580.402407624464
2026-02-10 22:00:00+00:00,10580.402407624464
2026-02-10 23:00:00+00:00,10580.402407624464
2026-02-11 00:00:00+00:00,10580.402407624464
2026-02-11 01:00:00+00:00,10580.402407624464
2026-02-11 02:00:00+00:00,10580.402407624464
2026-02-11 03:00:00+00:00,10580.402407624464
2026-02-11 04:00:00+00:00,10580.402407624464
2026-02-11 05:00:00+00:00,10580.402407624464
2026-02-11 06:00:00+00:00,10580.402407624464
2026-02-11 07:00:00+00:00,10580.402407624464
2026-02-11 08:00:00+00:00,10580.402407624464
2026-02-11 09:00:00+00:00,10580.402407624464
2026-02-11 10:00:00+00:00,10580.402407624464
2026-02-11 11:00:00+00:00,10580.402407624464
2026-02-11 12:00:00+00:00,10580.402407624464
2026-02-11 13:00:00+00:00,10580.402407624464
2026-02-11 14:00:00+00:00,10580.402407624464
2026-02-11 15:00:00+00:00,10580.402407624464
2026-02-11 16:00:00+00:00,10580.402407624464
2026-02-11 17:00:00+00:00,10580.402407624464
2026-02-11 18:00:00+00:00,10580.402407624464
2026-02-11 19:00:00+00:00,10580.402407624464
2026-02-11 20:00:00+00:00,10580.402407624464
2026-02-11 21:00:00+00:00,10580.402407624464
2026-02-11 22:00:00+00:00,10580.402407624464
2026-02-11 23:00:00+00:00,10580.402407624464
2026-02-12 00:00:00+00:00,10580.402407624464
2026-02-12 01:00:00+00:00,10580.402407624464
2026-02-12 02:00:00+00:00,10580.402407624464
2026-02-12 03:00:00+00:00,10580.402407624464
2026-02-12 04:00:00+00:00,10580.402407624464
2026-02-12 05:00:00+00:00,10580.402407624464
2026-02-12 06:00:00+00:00,10580.402407624464
2026-02-12 07:00:00+00:00,10580.402407624464
2026-02-12 08:00:00+00:00,10580.402407624464
2026-02-12 09:00:00+00:00,10580.402407624464
2026-02-12 10:00:00+00:00,10580.402407624464
2026-02-12 11:00:00+00:00,10580.402407624464
2026-02-12 12:00:00+00:00,10580.402407624464
2026-02-12 13:00:00+00:00,10580.402407624464
2026-02-12 14:00:00+00:00,10580.402407624464
2026-02-12 15:00:00+00:00,10580.402407624464
2026-02-12 16:00:00+00:00,10580.402407624464
2026-02-12 17:00:00+00:00,10580.402407624464
2026-02-12 18:00:00+00:00,10580.402407624464
2026-02-12 19:00:00+00:00,10580.402407624464
2026-02-12 20:00:00+00:00,10580.402407624464
2026-02-12 21:00:00+00:00,10580.402407624464
2026-02-12 22:00:00+00:00,10580.402407624464
2026-02-12 23:00:00+00:00,10580.402407624464
2026-02-13 00:00:00+00:00,10580.402407624464
2026-02-13 01:00:00+00:00,10580.402407624464
2026-02-13 02:00:00+00:00,10580.402407624464
2026-02-13 03:00:00+00:00,10580.402407624464
2026-02-13 04:00:00+00:00,10580.402407624464
2026-02-13 05:00:00+00:00,10580.402407624464
2026-02-13 06:00:00+00:00,10580.402407624464
2026-02-13 07:00:00+00:00,10580.402407624464
2026-02-13 08:00:00+00:00,10580.402407624464
2026-02-13 09:00:00+00:00,10580.402407624464
2026-02-13 10:00:00+00:00,10580.402407624464
2026-02-13 11:00:00+00:00,10580.402407624464
2026-02-13 12:00:00+00:00,10580.402407624464
2026-02-13 13:00:00+00:00,10580.402407624464
2026-02-13 14:00:00+00:00,10580.402407624464
2026-02-13 15:00:00+00:00,10580.402407624464
2026-02-13 16:00:00+00:00,10580.402407624464
2026-02-13 17:00:00+00:00,10580.402407624464
2026-02-13 18:00:00+00:00,10580.402407624464
2026-02-13 19:00:00+00:00,10580.402407624464
2026-02-13 20:00:00+00:00,10580.402407624464
2026-02-13 21:00:00+00:00,10580.402407624464
2026-02-13 22:00:00+00:00,10580.402407624464
2026-02-13 23:00:00+00:00,10580.402407624464
2026-02-14 00:00:00+00:00,10580.402407624464
2026-02-14 01:00:00+00:00,10580.402407624464
2026-02-14 02:00:00+00:00,10580.402407624464
2026-02-14 03:00:00+00:00,10580.402407624464
2026-02-14 04:00:00+00:00,10580.402407624464
2026-02-14 05:00:00+00:00,10580.402407624464
2026-02-14 06:00:00+00:00,10580.402407624464
2026-02-14 07:00:00+00:00,10580.402407624464
2026-02-14 08:00:00+00:00,10580.402407624464
2026-02-14 09:00:00+00:00,10580.402407624464
2026-02-14 10:00:00+00:00,10580.402407624464
2026-02-14 11:00:00+00:00,10580.402407624464
2026-02-14 12:00:00+00:00,10580.402407624464
2026-02-14 13:00:00+00:00,10580.402407624464
2026-02-14 14:00:00+00:00,10580.402407624464
2026-02-14 15:00:00+00:00,10580.402407624464
2026-02-14 16:00:00+00:00,10580.402407624464
2026-02-14 17:00:00+00:00,10580.402407624464
2026-02-14 18:00:00+00:00,10580.402407624464
2026-02-14 19:00:00+00:00,10580.402407624464
2026-02-14 20:00:00+00:00,10580.402407624464
2026-02-14 21:00:00+00:00,10580.402407624464
2026-02-14 22:00:00+00:00,10580.402407624464
2026-02-14 23:00:00+00:00,10580.402407624464
2026-02-15 00:00:00+00:00,10580.402407624464
2026-02-15 01:00:00+00:00,10580.402407624464
2026-02-15 02:00:00+00:00,10580.402407624464
2026-02-15 03:00:00+00:00,10580.402407624464
2026-02-15 04:00:00+00:00,10580.402407624464
2026-02-15 05:00:00+00:00,10580.402407624464
2026-02-15 06:00:00+00:00,10580.402407624464
2026-02-15 07:00:00+00:00,10580.402407624464
2026-02-15 08:00:00+00:00,10580.402407624464
2026-02-15 09:00:00+00:00,10580.402407624464
2026-02-15 10:00:00+00:00,10580.402407624464
2026-02-15 11:00:00+00:00,10580.402407624464
2026-02-15 12:00:00+00:00,10580.402407624464
2026-02-15 13:00:00+00:00,10580.402407624464
2026-02-15 14:00:00+00:00,10580.402407624464
2026-02-15 15:00:00+00:00,10580.402407624464
2026-02-15 16:00:00+00:00,10580.402407624464
2026-02-15 17:00:00+00:00,10580.402407624464
2026-02-15 18:00:00+00:00,10580.402407624464
2026-02-15 19:00:00+00:00,10580.402407624464
2026-02-15 20:00:00+00:00,10580.402407624464
2026-02-15 21:00:00+00:00,10580.402407624464
2026-02-15 22:00:00+00:00,10580.402407624464
2026-02-15 23:00:00+00:00,10580.402407624464
2026-02-16 00:00:00+00:00,10580.402407624464
2026-02-16 01:00:00+00:00,10580.402407624464
2026-02-16 02:00:00+00:00,10580.402407624464
2026-02-16 03:00:00+00:00,10580.402407624464
2026-02-16 04:00:00+00:00,10580.402407624464
2026-02-16 05:00:00+00:00,10580.402407624464
2026-02-16 06:00:00+00:00,10580.402407624464
2026-02-16 07:00:00+00:00,10580.402407624464
2026-02-16 08:00:00+00:00,10580.402407624464
2026-02-16 09:00:00+00:00,10580.402407624464
2026-02-16 10:00:00+00:00,10580.402407624464
2026-02-16 11:00:00+00:00,10580.402407624464
2026-02-16 12:00:00+00:00,10580.402407624464
2026-02-16 13:00:00+00:00,10580.402407624464
2026-02-16 14:00:00+00:00,10580.402407624464
2026-02-16 15:00:00+00:00,10580.402407624464
2026-02-16 16:00:00+00:00,10580.402407624464
2026-02-16 17:00:00+00:00,10580.402407624464
2026-02-16 18:00:00+00:00,10580.402407624464
2026-02-16 19:00:00+00:00,10580.402407624464
2026-02-16 20:00:00+00:00,10580.402407624464
2026-02-16 21:00:00+00:00,10580.402407624464
2026-02-16 22:00:00+00:00,10580.402407624464
2026-02-16 23:00:00+00:00,10580.402407624464
2026-02-17 00:00:00+00:00,10580.402407624464
2026-02-17 01:00:00+00:00,10580.402407624464
2026-02-17 02:00:00+00:00,10580.402407624464
2026-02-17 03:00:00+00:00,10580.402407624464
2026-02-17 04:00:00+00:00,10580.402407624464
2026-02-17 05:00:00+00:00,10580.402407624464
2026-02-17 06:00:00+00:00,10580.402407624464
2026-02-17 07:00:00+00:00,10580.402407624464
2026-02-17 08:00:00+00:00,10580.402407624464
2026-02-17 09:00:00+00:00,10580.402407624464
2026-02-17 10:00:00+00:00,10580.402407624464
2026-02-17 11:00:00+00:00,10580.402407624464
2026-02-17 12:00:00+00:00,10580.402407624464
2026-02-17 13:00:00+00:00,10580.402407624464
2026-02-17 14:00:00+00:00,10580.402407624464
2026-02-17 15:00:00+00:00,10580.402407624464
2026-02-17 16:00:00+00:00,10580.402407624464
2026-02-17 17:00:00+00:00,10580.402407624464
2026-02-17 18:00:00+00:00,10580.402407624464
2026-02-17 19:00:00+00:00,10580.402407624464
2026-02-17 20:00:00+00:00,10580.402407624464
2026-02-17 21:00:00+00:00,10580.402407624464
2026-02-17 22:00:00+00:00,10580.402407624464
2026-02-17 23:00:00+00:00,10580.402407624464
2026-02-18 00:00:00+00:00,10580.402407624464
2026-02-18 01:00:00+00:00,10580.402407624464
2026-02-18 02:00:00+00:00,10580.402407624464
2026-02-18 03:00:00+00:00,10580.402407624464
2026-02-18 04:00:00+00:00,10580.402407624464
2026-02-18 05:00:00+00:00,10580.402407624464
2026-02-18 06:00:00+00:00,10580.402407624464
2026-02-18 07:00:00+00:00,10580.402407624464
2026-02-18 08:00:00+00:00,10580.402407624464
2026-02-18 09:00:00+00:00,10580.402407624464
2026-02-18 10:00:00+00:00,10580.402407624464
2026-02-18 11:00:00+00:00,10580.402407624464
2026-02-18 12:00:00+00:00,10580.402407624464
2026-02-18 13:00:00+00:00,10580.402407624464
2026-02-18 14:00:00+00:00,10580.402407624464
2026-02-18 15:00:00+00:00,10580.402407624464
2026-02-18 16:00:00+00:00,10580.402407624464
2026-02-18 17:00:00+00:00,10580.402407624464
2026-02-18 18:00:00+00:00,10580.402407624464
2026-02-18 19:00:00+00:00,10580.402407624464
2026-02-18 20:00:00+00:00,10580.402407624464
2026-02-18 21:00:00+00:00,10580.402407624464
2026-02-18 22:00:00+00:00,10580.402407624464
2026-02-18 23:00:00+00:00,10580.402407624464
2026-02-19 00:00:00+00:00,10580.402407624464
2026-02-19 01:00:00+00:00,10580.402407624464
2026-02-19 02:00:00+00:00,10580.402407624464
2026-02-19 03:00:00+00:00,10580.402407624464
2026-02-19 04:00:00+00:00,10580.402407624464
2026-02-19 05:00:00+00:00,10580.402407624464
2026-02-19 06:00:00+00:00,10580.402407624464
2026-02-19 07:00:00+00:00,10580.402407624464
2026-02-19 08:00:00+00:00,10580.402407624464
2026-02-19 09:00:00+00:00,10580.402407624464
2026-02-19 10:00:00+00:00,10580.402407624464
2026-02-19 11:00:00+00:00,10580.402407624464
2026-02-19 12:00:00+00:00,10580.402407624464
2026-02-19 13:00:00+00:00,10580.402407624464
2026-02-19 14:00:00+00:00,10580.402407624464
2026-02-19 15:00:00+00:00,10580.402407624464
2026-02-19 16:00:00+00:00,10580.402407624464
2026-02-19 17:00:00+00:00,10580.402407624464
2026-02-19 18:00:00+00:00,10580.402407624464
2026-02-19 19:00:00+00:00,10580.402407624464
2026-02-19 20:00:00+00:00,10580.402407624464
2026-02-19 21:00:00+00:00,10580.402407624464
2026-02-19 22:00:00+00:00,10580.402407624464
2026-02-19 23:00:00+00:00,10580.402407624464
2026-02-20 00:00:00+00:00,10580.402407624464
2026-02-20 01:00:00+00:00,10580.402407624464
2026-02-20 02:00:00+00:00,10580.402407624464
2026-02-20 03:00:00+00:00,10580.402407624464
2026-02-20 04:00:00+00:00,10580.402407624464
2026-02-20 05:00:00+00:00,10580.402407624464
2026-02-20 06:00:00+00:00,10580.402407624464
2026-02-20 07:00:00+00:00,10580.402407624464
2026-02-20 08:00:00+00:00,10580.402407624464
2026-02-20 09:00:00+00:00,10580.402407624464
2026-02-20 10:00:00+00:00,10580.402407624464
2026-02-20 11:00:00+00:00,10580.402407624464
2026-02-20 12:00:00+00:00,10580.402407624464
2026-02-20 13:00:00+00:00,10580.402407624464
2026-02-20 14:00:00+00:00,10580.402407624464
2026-02-20 15:00:00+00:00,10580.402407624464
2026-02-20 16:00:00+00:00,10580.402407624464
2026-02-20 17:00:00+00:00,10580.402407624464
2026-02-20 18:00:00+00:00,10580.402407624464
2026-02-20 19:00:00+00:00,10580.402407624464
2026-02-20 20:00:00+00:00,10580.402407624464
2026-02-20 21:00:00+00:00,10580.402407624464
2026-02-20 22:00:00+00:00,10580.402407624464
2026-02-20 23:00:00+00:00,10580.402407624464
2026-02-21 00:00:00+00:00,10580.402407624464
2026-02-21 01:00:00+00:00,10580.402407624464
2026-02-21 02:00:00+00:00,10580.402407624464
2026-02-21 03:00:00+00:00,10580.402407624464
2026-02-21 04:00:00+00:00,10580.402407624464
2026-02-21 05:00:00+00:00,10580.402407624464
2026-02-21 06:00:00+00:00,10580.402407624464
2026-02-21 07:00:00+00:00,10580.402407624464
2026-02-21 08:00:00+00:00,10580.402407624464
2026-02-21 09:00:00+00:00,10580.402407624464
2026-02-21 10:00:00+00:00,10580.402407624464
2026-02-21 11:00:00+00:00,10580.402407624464
2026-02-21 12:00:00+00:00,10580.402407624464
2026-02-21 13:00:00+00:00,10580.402407624464
2026-02-21 14:00:00+00:00,10580.402407624464
2026-02-21 15:00:00+00:00,10580.402407624464
2026-02-21 16:00:00+00:00,10580.402407624464
2026-02-21 17:00:00+00:00,10580.402407624464
2026-02-21 18:00:00+00:00,10580.402407624464
2026-02-21 19:00:00+00:00,10580.402407624464
2026-02-21 20:00:00+00:00,10580.402407624464
2026-02-21 21:00:00+00:00,10580.402407624464
2026-02-21 22:00:00+00:00,10580.402407624464
2026-02-21 23:00:00+00:00,10580.402407624464
2026-02-22 00:00:00+00:00,10580.402407624464
2026-02-22 01:00:00+00:00,10580.402407624464
2026-02-22 02:00:00+00:00,10580.402407624464
2026-02-22 03:00:00+00:00,10580.402407624464
2026-02-22 04:00:00+00:00,10580.402407624464
2026-02-22 05:00:00+00:00,10580.402407624464
2026-02-22 06:00:00+00:00,10580.402407624464
2026-02-22 07:00:00+00:00,10580.402407624464
2026-02-22 08:00:00+00:00,10580.402407624464
2026-02-22 09:00:00+00:00,10580.402407624464
2026-02-22 10:00:00+00:00,10580.402407624464
2026-02-22 11:00:00+00:00,10580.402407624464
2026-02-22 12:00:00+00:00,10580.402407624464
2026-02-22 13:00:00+00:00,10580.402407624464
2026-02-22 14:00:00+00:00,10580.402407624464
2026-02-22 15:00:00+00:00,10580.402407624464
2026-02-22 16:00:00+00:00,10580.402407624464
2026-02-22 17:00:00+00:00,10580.402407624464
2026-02-22 18:00:00+00:00,10580.402407624464
2026-02-22 19:00:00+00:00,10580.402407624464
2026-02-22 20:00:00+00:00,10580.402407624464
2026-02-22 21:00:00+00:00,10580.402407624464
2026-02-22 22:00:00+00:00,10580.402407624464
2026-02-22 23:00:00+00:00,10580.402407624464
2026-02-23 00:00:00+00:00,10580.402407624464
2026-02-23 01:00:00+00:00,10580.402407624464
2026-02-23 02:00:00+00:00,10580.402407624464
2026-02-23 03:00:00+00:00,10536.60989725224
2026-02-23 04:00:00+00:00,10520.54029725224
2026-02-23 05:00:00+00:00,10532.91049725224
2026-02-23 06:00:00+00:00,10505.92289725224
2026-02-23 07:00:00+00:00,10428.598886482676
2026-02-23 08:00:00+00:00,10428.598886482676
2026-02-23 09:00:00+00:00,10428.598886482676
2026-02-23 10:00:00+00:00,10428.598886482676
2026-02-23 11:00:00+00:00,10428.598886482676
2026-02-23 12:00:00+00:00,10428.598886482676
2026-02-23 13:00:00+00:00,10428.598886482676
2026-02-23 14:00:00+00:00,10428.598886482676
2026-02-23 15:00:00+00:00,10428.598886482676
2026-02-23 16:00:00+00:00,10428.598886482676
2026-02-23 17:00:00+00:00,10428.598886482676
2026-02-23 18:00:00+00:00,10428.598886482676
2026-02-23 19:00:00+00:00,10428.598886482676
2026-02-23 20:00:00+00:00,10428.598886482676
2026-02-23 21:00:00+00:00,10428.598886482676
2026-02-23 22:00:00+00:00,10428.598886482676
2026-02-23 23:00:00+00:00,10428.598886482676
2026-02-24 00:00:00+00:00,10428.598886482676
2026-02-24 01:00:00+00:00,10428.598886482676
2026-02-24 02:00:00+00:00,10428.598886482676
2026-02-24 03:00:00+00:00,10428.598886482676
2026-02-24 04:00:00+00:00,10428.598886482676
2026-02-24 05:00:00+00:00,10428.598886482676
2026-02-24 06:00:00+00:00,10428.598886482676
2026-02-24 07:00:00+00:00,10428.598886482676
2026-02-24 08:00:00+00:00,10428.598886482676
2026-02-24 09:00:00+00:00,10428.598886482676
2026-02-24 10:00:00+00:00,10428.598886482676
2026-02-24 11:00:00+00:00,10428.598886482676
2026-02-24 12:00:00+00:00,10428.598886482676
2026-02-24 13:00:00+00:00,10428.598886482676
2026-02-24 14:00:00+00:00,10428.598886482676
2026-02-24 15:00:00+00:00,10428.598886482676
2026-02-24 16:00:00+00:00,10428.598886482676
2026-02-24 17:00:00+00:00,10428.598886482676
2026-02-24 18:00:00+00:00,10428.598886482676
2026-02-24 19:00:00+00:00,10428.598886482676
2026-02-24 20:00:00+00:00,10428.598886482676
2026-02-24 21:00:00+00:00,10428.598886482676
2026-02-24 22:00:00+00:00,10428.598886482676
2026-02-24 23:00:00+00:00,10428.598886482676
2026-02-25 00:00:00+00:00,10428.598886482676
2026-02-25 01:00:00+00:00,10428.598886482676
2026-02-25 02:00:00+00:00,10428.598886482676
2026-02-25 03:00:00+00:00,10428.598886482676
2026-02-25 04:00:00+00:00,10428.598886482676
2026-02-25 05:00:00+00:00,10428.598886482676
2026-02-25 06:00:00+00:00,10428.598886482676
2026-02-25 07:00:00+00:00,10428.598886482676
2026-02-25 08:00:00+00:00,10428.598886482676
2026-02-25 09:00:00+00:00,10428.598886482676
2026-02-25 10:00:00+00:00,10428.598886482676
2026-02-25 11:00:00+00:00,10428.598886482676
2026-02-25 12:00:00+00:00,10428.598886482676
2026-02-25 13:00:00+00:00,10428.598886482676
2026-02-25 14:00:00+00:00,10428.598886482676
2026-02-25 15:00:00+00:00,10428.598886482676
2026-02-25 16:00:00+00:00,10428.598886482676
2026-02-25 17:00:00+00:00,10428.598886482676
2026-02-25 18:00:00+00:00,10428.598886482676
2026-02-25 19:00:00+00:00,10428.598886482676
2026-02-25 20:00:00+00:00,10428.598886482676
2026-02-25 21:00:00+00:00,10428.598886482676
2026-02-25 22:00:00+00:00,10428.598886482676
2026-02-25 23:00:00+00:00,10428.598886482676
2026-02-26 00:00:00+00:00,10428.598886482676
2026-02-26 01:00:00+00:00,10428.598886482676
2026-02-26 02:00:00+00:00,10428.598886482676
2026-02-26 03:00:00+00:00,10428.598886482676
2026-02-26 04:00:00+00:00,10428.598886482676
2026-02-26 05:00:00+00:00,10428.598886482676
2026-02-26 06:00:00+00:00,10428.598886482676
2026-02-26 07:00:00+00:00,10428.598886482676
2026-02-26 08:00:00+00:00,10428.598886482676
2026-02-26 09:00:00+00:00,10428.598886482676
2026-02-26 10:00:00+00:00,10428.598886482676
2026-02-26 11:00:00+00:00,10428.598886482676
2026-02-26 12:00:00+00:00,10428.598886482676
2026-02-26 13:00:00+00:00,10428.598886482676
2026-02-26 14:00:00+00:00,10428.598886482676
2026-02-26 15:00:00+00:00,10428.598886482676
2026-02-26 16:00:00+00:00,10428.598886482676
2026-02-26 17:00:00+00:00,10428.598886482676
2026-02-26 18:00:00+00:00,10428.598886482676
2026-02-26 19:00:00+00:00,10428.598886482676
2026-02-26 20:00:00+00:00,10428.598886482676
2026-02-26 21:00:00+00:00,10428.598886482676
2026-02-26 22:00:00+00:00,10428.598886482676
2026-02-26 23:00:00+00:00,10428.598886482676
2026-02-27 00:00:00+00:00,10428.598886482676
2026-02-27 01:00:00+00:00,10428.598886482676
2026-02-27 02:00:00+00:00,10428.598886482676
2026-02-27 03:00:00+00:00,10428.598886482676
2026-02-27 04:00:00+00:00,10428.598886482676
2026-02-27 05:00:00+00:00,10428.598886482676
2026-02-27 06:00:00+00:00,10428.598886482676
2026-02-27 07:00:00+00:00,10428.598886482676
2026-02-27 08:00:00+00:00,10428.598886482676
2026-02-27 09:00:00+00:00,10428.598886482676
2026-02-27 10:00:00+00:00,10428.598886482676
2026-02-27 11:00:00+00:00,10428.598886482676
2026-02-27 12:00:00+00:00,10428.598886482676
2026-02-27 13:00:00+00:00,10428.598886482676
2026-02-27 14:00:00+00:00,10428.598886482676
2026-02-27 15:00:00+00:00,10428.598886482676
2026-02-27 16:00:00+00:00,10428.598886482676
2026-02-27 17:00:00+00:00,10428.598886482676
2026-02-27 18:00:00+00:00,10428.598886482676
2026-02-27 19:00:00+00:00,10428.598886482676
2026-02-27 20:00:00+00:00,10428.598886482676
2026-02-27 21:00:00+00:00,10428.598886482676
2026-02-27 22:00:00+00:00,10428.598886482676
2026-02-27 23:00:00+00:00,10428.598886482676
2026-02-28 00:00:00+00:00,10428.598886482676
2026-02-28 01:00:00+00:00,10428.598886482676
2026-02-28 02:00:00+00:00,10428.598886482676
2026-02-28 03:00:00+00:00,10428.598886482676
2026-02-28 04:00:00+00:00,10428.598886482676
2026-02-28 05:00:00+00:00,10428.598886482676
2026-02-28 06:00:00+00:00,10428.598886482676
2026-02-28 07:00:00+00:00,10428.598886482676
2026-02-28 08:00:00+00:00,10428.598886482676
2026-02-28 09:00:00+00:00,10428.598886482676
2026-02-28 10:00:00+00:00,10428.598886482676
2026-02-28 11:00:00+00:00,10428.598886482676
2026-02-28 12:00:00+00:00,10428.598886482676
2026-02-28 13:00:00+00:00,10428.598886482676
2026-02-28 14:00:00+00:00,10428.598886482676
2026-02-28 15:00:00+00:00,10428.598886482676
2026-02-28 16:00:00+00:00,10428.598886482676
2026-02-28 17:00:00+00:00,10428.598886482676
2026-02-28 18:00:00+00:00,10428.598886482676
2026-02-28 19:00:00+00:00,10428.598886482676
2026-02-28 20:00:00+00:00,10428.598886482676
2026-02-28 21:00:00+00:00,10428.598886482676
2026-02-28 22:00:00+00:00,10428.598886482676
2026-02-28 23:00:00+00:00,10428.598886482676
2026-03-01 00:00:00+00:00,10428.598886482676
2026-03-01 01:00:00+00:00,10428.598886482676
2026-03-01 02:00:00+00:00,10428.598886482676
2026-03-01 03:00:00+00:00,10428.598886482676
2026-03-01 04:00:00+00:00,10428.598886482676
2026-03-01 05:00:00+00:00,10428.598886482676
2026-03-01 06:00:00+00:00,10428.598886482676
2026-03-01 07:00:00+00:00,10428.598886482676
2026-03-01 08:00:00+00:00,10428.598886482676
2026-03-01 09:00:00+00:00,10428.598886482676
2026-03-01 10:00:00+00:00,10428.598886482676
2026-03-01 11:00:00+00:00,10428.598886482676
2026-03-01 12:00:00+00:00,10428.598886482676
2026-03-01 13:00:00+00:00,10428.598886482676
2026-03-01 14:00:00+00:00,10428.598886482676
2026-03-01 15:00:00+00:00,10428.598886482676
2026-03-01 16:00:00+00:00,10428.598886482676
2026-03-01 17:00:00+00:00,10428.598886482676
2026-03-01 18:00:00+00:00,10428.598886482676
2026-03-01 19:00:00+00:00,10428.598886482676
2026-03-01 20:00:00+00:00,10428.598886482676
2026-03-01 21:00:00+00:00,10428.598886482676
2026-03-01 22:00:00+00:00,10428.598886482676
2026-03-01 23:00:00+00:00,10428.598886482676
2026-03-02 00:00:00+00:00,10428.598886482676
2026-03-02 01:00:00+00:00,10428.598886482676
2026-03-02 02:00:00+00:00,10428.598886482676
2026-03-02 03:00:00+00:00,10428.598886482676
2026-03-02 04:00:00+00:00,10428.598886482676
2026-03-02 05:00:00+00:00,10428.598886482676
2026-03-02 06:00:00+00:00,10428.598886482676
2026-03-02 07:00:00+00:00,10428.598886482676
2026-03-02 08:00:00+00:00,10428.598886482676
2026-03-02 09:00:00+00:00,10428.598886482676
2026-03-02 10:00:00+00:00,10428.598886482676
2026-03-02 11:00:00+00:00,10428.598886482676
2026-03-02 12:00:00+00:00,10428.598886482676
2026-03-02 13:00:00+00:00,10428.598886482676
2026-03-02 14:00:00+00:00,10428.598886482676
2026-03-02 15:00:00+00:00,10428.598886482676
2026-03-02 16:00:00+00:00,10428.598886482676
2026-03-02 17:00:00+00:00,10428.598886482676
2026-03-02 18:00:00+00:00,10428.598886482676
2026-03-02 19:00:00+00:00,10428.598886482676
2026-03-02 20:00:00+00:00,10428.598886482676
2026-03-02 21:00:00+00:00,10428.598886482676
2026-03-02 22:00:00+00:00,10428.598886482676
2026-03-02 23:00:00+00:00,10428.598886482676
2026-03-03 00:00:00+00:00,10428.598886482676
2026-03-03 01:00:00+00:00,10428.598886482676
2026-03-03 02:00:00+00:00,10428.598886482676
2026-03-03 03:00:00+00:00,10428.598886482676
2026-03-03 04:00:00+00:00,10428.598886482676
2026-03-03 05:00:00+00:00,10428.598886482676
2026-03-03 06:00:00+00:00,10428.598886482676
2026-03-03 07:00:00+00:00,10428.598886482676
2026-03-03 08:00:00+00:00,10428.598886482676
2026-03-03 09:00:00+00:00,10428.598886482676
2026-03-03 10:00:00+00:00,10428.598886482676
2026-03-03 11:00:00+00:00,10428.598886482676
2026-03-03 12:00:00+00:00,10428.598886482676
2026-03-03 13:00:00+00:00,10428.598886482676
2026-03-03 14:00:00+00:00,10428.598886482676
2026-03-03 15:00:00+00:00,10428.598886482676
2026-03-03 16:00:00+00:00,10428.598886482676
2026-03-03 17:00:00+00:00,10428.598886482676
2026-03-03 18:00:00+00:00,10428.598886482676
2026-03-03 19:00:00+00:00,10428.598886482676
2026-03-03 20:00:00+00:00,10428.598886482676
2026-03-03 21:00:00+00:00,10428.598886482676
2026-03-03 22:00:00+00:00,10428.598886482676
2026-03-03 23:00:00+00:00,10428.598886482676
2026-03-04 00:00:00+00:00,10428.598886482676
2026-03-04 01:00:00+00:00,10428.598886482676
2026-03-04 02:00:00+00:00,10428.598886482676
2026-03-04 03:00:00+00:00,10428.598886482676
2026-03-04 04:00:00+00:00,10428.598886482676
2026-03-04 05:00:00+00:00,10428.598886482676
2026-03-04 06:00:00+00:00,10428.598886482676
2026-03-04 07:00:00+00:00,10428.598886482676
2026-03-04 08:00:00+00:00,10428.598886482676
2026-03-04 09:00:00+00:00,10428.598886482676
2026-03-04 10:00:00+00:00,10453.079981277315
2026-03-04 11:00:00+00:00,10443.036581277314
2026-03-04 12:00:00+00:00,10430.012081277315
2026-03-04 13:00:00+00:00,10442.859881277314
2026-03-04 14:00:00+00:00,10450.845581277314
2026-03-04 15:00:00+00:00,10458.403781277315
2026-03-04 16:00:00+00:00,10558.678181277313
2026-03-04 17:00:00+00:00,10552.867914882707
2026-03-04 18:00:00+00:00,10549.048914882707
2026-03-04 19:00:00+00:00,10576.249314882707
2026-03-04 20:00:00+00:00,10572.190914882707
2026-03-04 21:00:00+00:00,10537.512114882707
2026-03-04 22:00:00+00:00,10554.709014882708
2026-03-04 23:00:00+00:00,10520.816814882706
2026-03-05 00:00:00+00:00,10518.679314882707
2026-03-05 01:00:00+00:00,10523.296821114642
2026-03-05 02:00:00+00:00,10510.916421114642
2026-03-05 03:00:00+00:00,10508.699121114641
2026-03-05 04:00:00+00:00,10508.739021114643
2026-03-05 05:00:00+00:00,10526.659821114643
2026-03-05 06:00:00+00:00,10503.341121114641
2026-03-05 07:00:00+00:00,10511.628921114641
2026-03-05 08:00:00+00:00,10466.310169671877
2026-03-05 09:00:00+00:00,10466.310169671877
2026-03-05 10:00:00+00:00,10466.310169671877
2026-03-05 11:00:00+00:00,10466.310169671877
2026-03-05 12:00:00+00:00,10466.310169671877
2026-03-05 13:00:00+00:00,10466.310169671877
2026-03-05 14:00:00+00:00,10466.310169671877
2026-03-05 15:00:00+00:00,10466.310169671877
2026-03-05 16:00:00+00:00,10466.310169671877
2026-03-05 17:00:00+00:00,10466.310169671877
2026-03-05 18:00:00+00:00,10466.310169671877
2026-03-05 19:00:00+00:00,10466.310169671877
2026-03-05 20:00:00+00:00,10466.310169671877
2026-03-05 21:00:00+00:00,10466.310169671877
2026-03-05 22:00:00+00:00,10466.310169671877
2026-03-05 23:00:00+00:00,10466.310169671877
2026-03-06 00:00:00+00:00,10466.310169671877
2026-03-06 01:00:00+00:00,10466.310169671877
2026-03-06 02:00:00+00:00,10466.310169671877
2026-03-06 03:00:00+00:00,10466.310169671877
2026-03-06 04:00:00+00:00,10466.310169671877
2026-03-06 05:00:00+00:00,10466.310169671877
2026-03-06 06:00:00+00:00,10466.310169671877
2026-03-06 07:00:00+00:00,10466.310169671877
2026-03-06 08:00:00+00:00,10466.310169671877
2026-03-06 09:00:00+00:00,10466.310169671877
2026-03-06 10:00:00+00:00,10466.310169671877
2026-03-06 11:00:00+00:00,10466.310169671877
2026-03-06 12:00:00+00:00,10466.310169671877
2026-03-06 13:00:00+00:00,10466.310169671877
2026-03-06 14:00:00+00:00,10466.310169671877
2026-03-06 15:00:00+00:00,10466.310169671877
2026-03-06 16:00:00+00:00,10466.310169671877
2026-03-06 17:00:00+00:00,10466.310169671877
2026-03-06 18:00:00+00:00,10466.310169671877
2026-03-06 19:00:00+00:00,10466.310169671877
2026-03-06 20:00:00+00:00,10466.310169671877
2026-03-06 21:00:00+00:00,10466.310169671877
2026-03-06 22:00:00+00:00,10466.310169671877
2026-03-06 23:00:00+00:00,10466.310169671877
2026-03-07 00:00:00+00:00,10466.310169671877
2026-03-07 01:00:00+00:00,10466.310169671877
2026-03-07 02:00:00+00:00,10466.310169671877
2026-03-07 03:00:00+00:00,10466.310169671877
2026-03-07 04:00:00+00:00,10466.310169671877
2026-03-07 05:00:00+00:00,10466.310169671877
2026-03-07 06:00:00+00:00,10466.310169671877
2026-03-07 07:00:00+00:00,10466.310169671877
2026-03-07 08:00:00+00:00,10466.310169671877
2026-03-07 09:00:00+00:00,10466.310169671877
2026-03-07 10:00:00+00:00,10466.310169671877
2026-03-07 11:00:00+00:00,10466.310169671877
2026-03-07 12:00:00+00:00,10466.310169671877
2026-03-07 13:00:00+00:00,10466.310169671877
2026-03-07 14:00:00+00:00,10466.310169671877
2026-03-07 15:00:00+00:00,10466.310169671877
2026-03-07 16:00:00+00:00,10466.310169671877
2026-03-07 17:00:00+00:00,10466.310169671877
2026-03-07 18:00:00+00:00,10466.310169671877
2026-03-07 19:00:00+00:00,10466.310169671877
2026-03-07 20:00:00+00:00,10466.310169671877
2026-03-07 21:00:00+00:00,10466.310169671877
2026-03-07 22:00:00+00:00,10466.310169671877
2026-03-07 23:00:00+00:00,10466.310169671877
2026-03-08 00:00:00+00:00,10466.310169671877
2026-03-08 01:00:00+00:00,10466.310169671877
2026-03-08 02:00:00+00:00,10466.310169671877
2026-03-08 03:00:00+00:00,10466.310169671877
2026-03-08 04:00:00+00:00,10466.310169671877
2026-03-08 05:00:00+00:00,10466.310169671877
2026-03-08 06:00:00+00:00,10466.310169671877
2026-03-08 07:00:00+00:00,10466.310169671877
2026-03-08 08:00:00+00:00,10466.310169671877
2026-03-08 09:00:00+00:00,10466.310169671877
2026-03-08 10:00:00+00:00,10466.310169671877
2026-03-08 11:00:00+00:00,10466.310169671877
2026-03-08 12:00:00+00:00,10466.310169671877
2026-03-08 13:00:00+00:00,10466.310169671877
2026-03-08 14:00:00+00:00,10466.310169671877
2026-03-08 15:00:00+00:00,10466.310169671877
2026-03-08 16:00:00+00:00,10466.310169671877
2026-03-08 17:00:00+00:00,10466.310169671877
2026-03-08 18:00:00+00:00,10466.310169671877
2026-03-08 19:00:00+00:00,10466.310169671877
2026-03-08 20:00:00+00:00,10466.310169671877
2026-03-08 21:00:00+00:00,10466.310169671877
2026-03-08 22:00:00+00:00,10466.310169671877
2026-03-08 23:00:00+00:00,10466.310169671877
2026-03-09 00:00:00+00:00,10466.310169671877
2026-03-09 01:00:00+00:00,10466.310169671877
2026-03-09 02:00:00+00:00,10466.310169671877
2026-03-09 03:00:00+00:00,10466.310169671877
2026-03-09 04:00:00+00:00,10466.310169671877
2026-03-09 05:00:00+00:00,10466.310169671877
2026-03-09 06:00:00+00:00,10466.310169671877
2026-03-09 07:00:00+00:00,10466.310169671877
2026-03-09 08:00:00+00:00,10466.310169671877
2026-03-09 09:00:00+00:00,10466.310169671877
2026-03-09 10:00:00+00:00,10466.310169671877
2026-03-09 11:00:00+00:00,10466.310169671877
2026-03-09 12:00:00+00:00,10466.310169671877
2026-03-09 13:00:00+00:00,10466.310169671877
2026-03-09 14:00:00+00:00,10466.310169671877
2026-03-09 15:00:00+00:00,10466.310169671877
2026-03-09 16:00:00+00:00,10466.310169671877
2026-03-09 17:00:00+00:00,10466.310169671877
2026-03-09 18:00:00+00:00,10466.310169671877
2026-03-09 19:00:00+00:00,10466.310169671877
2026-03-09 20:00:00+00:00,10466.310169671877
2026-03-09 21:00:00+00:00,10466.310169671877
2026-03-09 22:00:00+00:00,10466.310169671877
2026-03-09 23:00:00+00:00,10466.310169671877
2026-03-10 00:00:00+00:00,10466.310169671877
2026-03-10 01:00:00+00:00,10466.310169671877
2026-03-10 02:00:00+00:00,10466.310169671877
2026-03-10 03:00:00+00:00,10466.310169671877
2026-03-10 04:00:00+00:00,10466.310169671877
2026-03-10 05:00:00+00:00,10466.310169671877
2026-03-10 06:00:00+00:00,10466.310169671877
2026-03-10 07:00:00+00:00,10466.310169671877
2026-03-10 08:00:00+00:00,10466.310169671877
2026-03-10 09:00:00+00:00,10466.310169671877
2026-03-10 10:00:00+00:00,10466.310169671877
2026-03-10 11:00:00+00:00,10466.310169671877
2026-03-10 12:00:00+00:00,10466.310169671877
2026-03-10 13:00:00+00:00,10466.310169671877
2026-03-10 14:00:00+00:00,10466.310169671877
2026-03-10 15:00:00+00:00,10466.310169671877
2026-03-10 16:00:00+00:00,10466.310169671877
2026-03-10 17:00:00+00:00,10466.310169671877
2026-03-10 18:00:00+00:00,10466.310169671877
2026-03-10 19:00:00+00:00,10466.310169671877
2026-03-10 20:00:00+00:00,10466.310169671877
2026-03-10 21:00:00+00:00,10466.310169671877
2026-03-10 22:00:00+00:00,10466.310169671877
2026-03-10 23:00:00+00:00,10466.310169671877
2026-03-11 00:00:00+00:00,10466.310169671877
2026-03-11 01:00:00+00:00,10466.310169671877
2026-03-11 02:00:00+00:00,10466.310169671877
2026-03-11 03:00:00+00:00,10466.310169671877
2026-03-11 04:00:00+00:00,10466.310169671877
2026-03-11 05:00:00+00:00,10466.310169671877
2026-03-11 06:00:00+00:00,10466.310169671877
2026-03-11 07:00:00+00:00,10466.310169671877
2026-03-11 08:00:00+00:00,10466.310169671877
2026-03-11 09:00:00+00:00,10466.310169671877
2026-03-11 10:00:00+00:00,10466.310169671877
2026-03-11 11:00:00+00:00,10466.310169671877
2026-03-11 12:00:00+00:00,10466.310169671877
2026-03-11 13:00:00+00:00,10466.310169671877
2026-03-11 14:00:00+00:00,10466.310169671877
2026-03-11 15:00:00+00:00,10466.310169671877
2026-03-11 16:00:00+00:00,10466.310169671877
2026-03-11 17:00:00+00:00,10466.310169671877
2026-03-11 18:00:00+00:00,10466.310169671877
2026-03-11 19:00:00+00:00,10466.310169671877
2026-03-11 20:00:00+00:00,10466.310169671877
2026-03-11 21:00:00+00:00,10466.310169671877
2026-03-11 22:00:00+00:00,10466.310169671877
2026-03-11 23:00:00+00:00,10466.310169671877
2026-03-12 00:00:00+00:00,10466.310169671877
2026-03-12 01:00:00+00:00,10466.310169671877
2026-03-12 02:00:00+00:00,10466.310169671877
2026-03-12 03:00:00+00:00,10466.310169671877
2026-03-12 04:00:00+00:00,10466.310169671877
2026-03-12 05:00:00+00:00,10466.310169671877
2026-03-12 06:00:00+00:00,10466.310169671877
2026-03-12 07:00:00+00:00,10466.310169671877
2026-03-12 08:00:00+00:00,10466.310169671877
2026-03-12 09:00:00+00:00,10466.310169671877
2026-03-12 10:00:00+00:00,10466.310169671877
2026-03-12 11:00:00+00:00,10466.310169671877
2026-03-12 12:00:00+00:00,10466.310169671877
2026-03-12 13:00:00+00:00,10466.310169671877
2026-03-12 14:00:00+00:00,10466.310169671877
2026-03-12 15:00:00+00:00,10466.310169671877
2026-03-12 16:00:00+00:00,10466.310169671877
2026-03-12 17:00:00+00:00,10466.310169671877
2026-03-12 18:00:00+00:00,10466.310169671877
2026-03-12 19:00:00+00:00,10466.310169671877
2026-03-12 20:00:00+00:00,10466.310169671877
2026-03-12 21:00:00+00:00,10466.310169671877
2026-03-12 22:00:00+00:00,10466.310169671877
2026-03-12 23:00:00+00:00,10466.310169671877
2026-03-13 00:00:00+00:00,10466.310169671877
2026-03-13 01:00:00+00:00,10466.310169671877
2026-03-13 02:00:00+00:00,10466.310169671877
2026-03-13 03:00:00+00:00,10466.310169671877
2026-03-13 04:00:00+00:00,10466.310169671877
2026-03-13 05:00:00+00:00,10466.310169671877
2026-03-13 06:00:00+00:00,10466.310169671877
2026-03-13 07:00:00+00:00,10466.310169671877
2026-03-13 08:00:00+00:00,10466.310169671877
2026-03-13 09:00:00+00:00,10466.310169671877
2026-03-13 10:00:00+00:00,10466.310169671877
2026-03-13 11:00:00+00:00,10466.310169671877
2026-03-13 12:00:00+00:00,10441.116847479047
2026-03-13 13:00:00+00:00,10487.475847479047
2026-03-13 14:00:00+00:00,10539.283347479048
2026-03-13 15:00:00+00:00,10455.014347479048
2026-03-13 16:00:00+00:00,10430.904013921021
2026-03-13 17:00:00+00:00,10430.904013921021
2026-03-13 18:00:00+00:00,10430.904013921021
2026-03-13 19:00:00+00:00,10430.904013921021
2026-03-13 20:00:00+00:00,10430.904013921021
2026-03-13 21:00:00+00:00,10430.904013921021
2026-03-13 22:00:00+00:00,10430.904013921021
2026-03-13 23:00:00+00:00,10430.904013921021
2026-03-14 00:00:00+00:00,10430.904013921021
2026-03-14 01:00:00+00:00,10430.904013921021
2026-03-14 02:00:00+00:00,10430.904013921021
2026-03-14 03:00:00+00:00,10430.904013921021
2026-03-14 04:00:00+00:00,10430.904013921021
2026-03-14 05:00:00+00:00,10430.904013921021
2026-03-14 06:00:00+00:00,10430.904013921021
2026-03-14 07:00:00+00:00,10430.904013921021
2026-03-14 08:00:00+00:00,10430.904013921021
2026-03-14 09:00:00+00:00,10430.904013921021
2026-03-14 10:00:00+00:00,10430.904013921021
2026-03-14 11:00:00+00:00,10430.904013921021
2026-03-14 12:00:00+00:00,10430.904013921021
2026-03-14 13:00:00+00:00,10430.904013921021
2026-03-14 14:00:00+00:00,10430.904013921021
2026-03-14 15:00:00+00:00,10430.904013921021
2026-03-14 16:00:00+00:00,10430.904013921021
2026-03-14 17:00:00+00:00,10430.904013921021
2026-03-14 18:00:00+00:00,10430.904013921021
2026-03-14 19:00:00+00:00,10430.904013921021
2026-03-14 20:00:00+00:00,10430.904013921021
2026-03-14 21:00:00+00:00,10430.904013921021
2026-03-14 22:00:00+00:00,10430.904013921021
2026-03-14 23:00:00+00:00,10430.904013921021
2026-03-15 00:00:00+00:00,10430.904013921021
2026-03-15 01:00:00+00:00,10430.904013921021
2026-03-15 02:00:00+00:00,10430.904013921021
2026-03-15 03:00:00+00:00,10430.904013921021
2026-03-15 04:00:00+00:00,10430.904013921021
2026-03-15 05:00:00+00:00,10430.904013921021
2026-03-15 06:00:00+00:00,10430.904013921021
2026-03-15 07:00:00+00:00,10430.904013921021
2026-03-15 08:00:00+00:00,10430.904013921021
2026-03-15 09:00:00+00:00,10430.904013921021
2026-03-15 10:00:00+00:00,10430.904013921021
2026-03-15 11:00:00+00:00,10430.904013921021
2026-03-15 12:00:00+00:00,10430.904013921021
2026-03-15 13:00:00+00:00,10430.904013921021
2026-03-15 14:00:00+00:00,10430.904013921021
2026-03-15 15:00:00+00:00,10430.904013921021
2026-03-15 16:00:00+00:00,10430.904013921021
2026-03-15 17:00:00+00:00,10430.904013921021
2026-03-15 18:00:00+00:00,10430.904013921021
2026-03-15 19:00:00+00:00,10430.904013921021
2026-03-15 20:00:00+00:00,10430.904013921021
2026-03-15 21:00:00+00:00,10430.904013921021
2026-03-15 22:00:00+00:00,10430.904013921021
2026-03-15 23:00:00+00:00,10430.904013921021
2026-03-16 00:00:00+00:00,10430.904013921021
2026-03-16 01:00:00+00:00,10430.904013921021
2026-03-16 02:00:00+00:00,10430.904013921021
2026-03-16 03:00:00+00:00,10430.904013921021
2026-03-16 04:00:00+00:00,10430.904013921021
2026-03-16 05:00:00+00:00,10430.904013921021
2026-03-16 06:00:00+00:00,10430.904013921021
2026-03-16 07:00:00+00:00,10430.904013921021
2026-03-16 08:00:00+00:00,10430.904013921021
2026-03-16 09:00:00+00:00,10430.904013921021
2026-03-16 10:00:00+00:00,10430.904013921021
2026-03-16 11:00:00+00:00,10430.904013921021
2026-03-16 12:00:00+00:00,10430.904013921021
2026-03-16 13:00:00+00:00,10430.904013921021
2026-03-16 14:00:00+00:00,10430.904013921021
2026-03-16 15:00:00+00:00,10430.904013921021
2026-03-16 16:00:00+00:00,10430.904013921021
2026-03-16 17:00:00+00:00,10430.904013921021
2026-03-16 18:00:00+00:00,10430.904013921021
2026-03-16 19:00:00+00:00,10430.904013921021
2026-03-16 20:00:00+00:00,10430.904013921021
2026-03-16 21:00:00+00:00,10430.904013921021
2026-03-16 22:00:00+00:00,10430.904013921021
2026-03-16 23:00:00+00:00,10430.904013921021
2026-03-17 00:00:00+00:00,10430.904013921021
2026-03-17 01:00:00+00:00,10430.904013921021
2026-03-17 02:00:00+00:00,10448.621972118637
2026-03-17 03:00:00+00:00,10416.139572118638
2026-03-17 04:00:00+00:00,10360.477172118637
2026-03-17 05:00:00+00:00,10340.155432010304
2026-03-17 06:00:00+00:00,10340.155432010304
2026-03-17 07:00:00+00:00,10340.155432010304
2026-03-17 08:00:00+00:00,10340.155432010304
2026-03-17 09:00:00+00:00,10340.155432010304
2026-03-17 10:00:00+00:00,10340.155432010304
2026-03-17 11:00:00+00:00,10340.155432010304
2026-03-17 12:00:00+00:00,10340.155432010304
2026-03-17 13:00:00+00:00,10340.155432010304
2026-03-17 14:00:00+00:00,10340.155432010304
2026-03-17 15:00:00+00:00,10340.155432010304
2026-03-17 16:00:00+00:00,10340.155432010304
2026-03-17 17:00:00+00:00,10340.155432010304
2026-03-17 18:00:00+00:00,10340.155432010304
2026-03-17 19:00:00+00:00,10340.155432010304
2026-03-17 20:00:00+00:00,10340.155432010304
2026-03-17 21:00:00+00:00,10340.155432010304
2026-03-17 22:00:00+00:00,10340.155432010304
2026-03-17 23:00:00+00:00,10340.155432010304
2026-03-18 00:00:00+00:00,10340.155432010304
2026-03-18 01:00:00+00:00,10340.155432010304
2026-03-18 02:00:00+00:00,10340.155432010304
2026-03-18 03:00:00+00:00,10340.155432010304
2026-03-18 04:00:00+00:00,10340.155432010304
2026-03-18 05:00:00+00:00,10340.155432010304
2026-03-18 06:00:00+00:00,10340.155432010304
2026-03-18 07:00:00+00:00,10340.155432010304
2026-03-18 08:00:00+00:00,10340.155432010304
2026-03-18 09:00:00+00:00,10340.155432010304
2026-03-18 10:00:00+00:00,10340.155432010304
2026-03-18 11:00:00+00:00,10340.155432010304
2026-03-18 12:00:00+00:00,10340.155432010304
2026-03-18 13:00:00+00:00,10340.155432010304
2026-03-18 14:00:00+00:00,10340.155432010304
2026-03-18 15:00:00+00:00,10340.155432010304
2026-03-18 16:00:00+00:00,10340.155432010304
2026-03-18 17:00:00+00:00,10340.155432010304
2026-03-18 18:00:00+00:00,10340.155432010304
2026-03-18 19:00:00+00:00,10340.155432010304
2026-03-18 20:00:00+00:00,10340.155432010304
2026-03-18 21:00:00+00:00,10340.155432010304
2026-03-18 22:00:00+00:00,10340.155432010304
2026-03-18 23:00:00+00:00,10340.155432010304
2026-03-19 00:00:00+00:00,10340.155432010304
2026-03-19 01:00:00+00:00,10340.155432010304
2026-03-19 02:00:00+00:00,10340.155432010304
2026-03-19 03:00:00+00:00,10340.155432010304
2026-03-19 04:00:00+00:00,10340.155432010304
2026-03-19 05:00:00+00:00,10340.155432010304
2026-03-19 06:00:00+00:00,10340.155432010304
2026-03-19 07:00:00+00:00,10340.155432010304
2026-03-19 08:00:00+00:00,10340.155432010304
2026-03-19 09:00:00+00:00,10340.155432010304
2026-03-19 10:00:00+00:00,10340.155432010304
2026-03-19 11:00:00+00:00,10340.155432010304
2026-03-19 12:00:00+00:00,10340.155432010304
2026-03-19 13:00:00+00:00,10340.155432010304
2026-03-19 14:00:00+00:00,10281.066039160798
2026-03-19 15:00:00+00:00,10318.107839160797
2026-03-19 16:00:00+00:00,10324.996439160797
2026-03-19 17:00:00+00:00,10320.300438020158
2026-03-19 18:00:00+00:00,10285.261138020158
2026-03-19 19:00:00+00:00,10288.153638020158
2026-03-19 20:00:00+00:00,10248.495238020158
2026-03-19 21:00:00+00:00,10229.698438020157
2026-03-19 22:00:00+00:00,10235.768238020159
2026-03-19 23:00:00+00:00,10255.268138020157
2026-03-20 00:00:00+00:00,10279.262538020159
2026-03-20 01:00:00+00:00,10255.048912886408
2026-03-20 02:00:00+00:00,10236.269912886408
2026-03-20 03:00:00+00:00,10236.011812886409
2026-03-20 04:00:00+00:00,10202.86000984952
2026-03-20 05:00:00+00:00,10202.86000984952
2026-03-20 06:00:00+00:00,10202.86000984952
2026-03-20 07:00:00+00:00,10202.86000984952
2026-03-20 08:00:00+00:00,10202.86000984952
2026-03-20 09:00:00+00:00,10202.86000984952
2026-03-20 10:00:00+00:00,10202.86000984952
2026-03-20 11:00:00+00:00,10202.86000984952
2026-03-20 12:00:00+00:00,10202.86000984952
2026-03-20 13:00:00+00:00,10202.86000984952
2026-03-20 14:00:00+00:00,10202.86000984952
2026-03-20 15:00:00+00:00,10202.86000984952
2026-03-20 16:00:00+00:00,10202.86000984952
2026-03-20 17:00:00+00:00,10202.86000984952
2026-03-20 18:00:00+00:00,10202.86000984952
2026-03-20 19:00:00+00:00,10202.86000984952
2026-03-20 20:00:00+00:00,10202.86000984952
2026-03-20 21:00:00+00:00,10202.86000984952
2026-03-20 22:00:00+00:00,10202.86000984952
2026-03-20 23:00:00+00:00,10202.86000984952
2026-03-21 00:00:00+00:00,10202.86000984952
2026-03-21 01:00:00+00:00,10202.86000984952
2026-03-21 02:00:00+00:00,10202.86000984952
2026-03-21 03:00:00+00:00,10202.86000984952
2026-03-21 04:00:00+00:00,10202.86000984952
2026-03-21 05:00:00+00:00,10202.86000984952
2026-03-21 06:00:00+00:00,10202.86000984952
2026-03-21 07:00:00+00:00,10202.86000984952
2026-03-21 08:00:00+00:00,10202.86000984952
2026-03-21 09:00:00+00:00,10202.86000984952
2026-03-21 10:00:00+00:00,10202.86000984952
2026-03-21 11:00:00+00:00,10202.86000984952
2026-03-21 12:00:00+00:00,10202.86000984952
2026-03-21 13:00:00+00:00,10202.86000984952
2026-03-21 14:00:00+00:00,10202.86000984952
2026-03-21 15:00:00+00:00,10202.86000984952
2026-03-21 16:00:00+00:00,10202.86000984952
2026-03-21 17:00:00+00:00,10202.86000984952
2026-03-21 18:00:00+00:00,10202.86000984952
2026-03-21 19:00:00+00:00,10202.86000984952
2026-03-21 20:00:00+00:00,10202.86000984952
2026-03-21 21:00:00+00:00,10202.86000984952
2026-03-21 22:00:00+00:00,10202.86000984952
2026-03-21 23:00:00+00:00,10202.86000984952
2026-03-22 00:00:00+00:00,10202.86000984952
2026-03-22 01:00:00+00:00,10202.86000984952
2026-03-22 02:00:00+00:00,10202.86000984952
2026-03-22 03:00:00+00:00,10202.86000984952
2026-03-22 04:00:00+00:00,10202.86000984952
2026-03-22 05:00:00+00:00,10202.86000984952
2026-03-22 06:00:00+00:00,10202.86000984952
2026-03-22 07:00:00+00:00,10202.86000984952
2026-03-22 08:00:00+00:00,10202.86000984952
2026-03-22 09:00:00+00:00,10202.86000984952
2026-03-22 10:00:00+00:00,10202.86000984952
2026-03-22 11:00:00+00:00,10202.86000984952
2026-03-22 12:00:00+00:00,10202.86000984952
2026-03-22 13:00:00+00:00,10142.99836647272
2026-03-22 14:00:00+00:00,10137.502366472721
2026-03-22 15:00:00+00:00,10135.67836647272
2026-03-22 16:00:00+00:00,10118.950366472722
2026-03-22 17:00:00+00:00,10124.745781507163
2026-03-22 18:00:00+00:00,10139.973781507162
2026-03-22 19:00:00+00:00,10146.53778150716
2026-03-22 20:00:00+00:00,10195.701781507161
2026-03-22 21:00:00+00:00,10199.985781507163
2026-03-22 22:00:00+00:00,10232.445781507162
2026-03-22 23:00:00+00:00,10179.99378150716
2026-03-23 00:00:00+00:00,10236.50178150716
2026-03-23 01:00:00+00:00,10258.9045574768
2026-03-23 02:00:00+00:00,10230.9325574768
2026-03-23 03:00:00+00:00,10182.116557476802
2026-03-23 04:00:00+00:00,10210.5925574768
2026-03-23 05:00:00+00:00,10155.464557476802
2026-03-23 06:00:00+00:00,10134.459377565921
2026-03-23 07:00:00+00:00,10134.459377565921
2026-03-23 08:00:00+00:00,10134.459377565921
2026-03-23 09:00:00+00:00,10134.459377565921
2026-03-23 10:00:00+00:00,10134.459377565921
2026-03-23 11:00:00+00:00,10134.459377565921
2026-03-23 12:00:00+00:00,10134.459377565921
2026-03-23 13:00:00+00:00,10134.459377565921
2026-03-23 14:00:00+00:00,10134.459377565921
2026-03-23 15:00:00+00:00,10134.459377565921
2026-03-23 16:00:00+00:00,10134.459377565921
2026-03-23 17:00:00+00:00,10134.459377565921
2026-03-23 18:00:00+00:00,10134.459377565921
2026-03-23 19:00:00+00:00,10134.459377565921
2026-03-23 20:00:00+00:00,10134.459377565921
2026-03-23 21:00:00+00:00,10134.459377565921
2026-03-23 22:00:00+00:00,10134.459377565921
2026-03-23 23:00:00+00:00,10134.459377565921
2026-03-24 00:00:00+00:00,10134.459377565921
2026-03-24 01:00:00+00:00,10134.459377565921
2026-03-24 02:00:00+00:00,10134.459377565921
2026-03-24 03:00:00+00:00,10134.459377565921
2026-03-24 04:00:00+00:00,10134.459377565921
2026-03-24 05:00:00+00:00,10134.459377565921
2026-03-24 06:00:00+00:00,10134.459377565921
2026-03-24 07:00:00+00:00,10134.459377565921
2026-03-24 08:00:00+00:00,10134.459377565921
2026-03-24 09:00:00+00:00,10134.459377565921
2026-03-24 10:00:00+00:00,10134.459377565921
2026-03-24 11:00:00+00:00,10134.459377565921
2026-03-24 12:00:00+00:00,10134.459377565921
2026-03-24 13:00:00+00:00,10134.459377565921
2026-03-24 14:00:00+00:00,10134.459377565921
2026-03-24 15:00:00+00:00,10134.459377565921
2026-03-24 16:00:00+00:00,10134.459377565921
2026-03-24 17:00:00+00:00,10134.459377565921
2026-03-24 18:00:00+00:00,10134.459377565921
2026-03-24 19:00:00+00:00,10134.459377565921
2026-03-24 20:00:00+00:00,10134.459377565921
2026-03-24 21:00:00+00:00,10134.459377565921
2026-03-24 22:00:00+00:00,10134.459377565921
2026-03-24 23:00:00+00:00,10134.459377565921
2026-03-25 00:00:00+00:00,10134.459377565921
2026-03-25 01:00:00+00:00,10134.459377565921
2026-03-25 02:00:00+00:00,10134.459377565921
2026-03-25 03:00:00+00:00,10134.459377565921
2026-03-25 04:00:00+00:00,10134.459377565921
2026-03-25 05:00:00+00:00,10134.459377565921
2026-03-25 06:00:00+00:00,10134.459377565921
2026-03-25 07:00:00+00:00,10134.459377565921
2026-03-25 08:00:00+00:00,10134.459377565921
2026-03-25 09:00:00+00:00,10134.459377565921
2026-03-25 10:00:00+00:00,10134.459377565921
2026-03-25 11:00:00+00:00,10134.459377565921
2026-03-25 12:00:00+00:00,10134.459377565921
2026-03-25 13:00:00+00:00,10134.459377565921
2026-03-25 14:00:00+00:00,10134.459377565921
2026-03-25 15:00:00+00:00,10134.459377565921
2026-03-25 16:00:00+00:00,10134.459377565921
2026-03-25 17:00:00+00:00,10134.459377565921
2026-03-25 18:00:00+00:00,10134.459377565921
2026-03-25 19:00:00+00:00,10134.459377565921
2026-03-25 20:00:00+00:00,10134.459377565921
2026-03-25 21:00:00+00:00,10134.459377565921
2026-03-25 22:00:00+00:00,10134.459377565921
2026-03-25 23:00:00+00:00,10134.459377565921
2026-03-26 00:00:00+00:00,10134.459377565921
2026-03-26 01:00:00+00:00,10134.459377565921
2026-03-26 02:00:00+00:00,10134.459377565921
2026-03-26 03:00:00+00:00,10134.459377565921
2026-03-26 04:00:00+00:00,10134.459377565921
2026-03-26 05:00:00+00:00,10134.459377565921
2026-03-26 06:00:00+00:00,10134.459377565921
2026-03-26 07:00:00+00:00,10134.459377565921
2026-03-26 08:00:00+00:00,10134.459377565921
2026-03-26 09:00:00+00:00,10134.459377565921
2026-03-26 10:00:00+00:00,10134.459377565921
2026-03-26 11:00:00+00:00,10134.459377565921
2026-03-26 12:00:00+00:00,10134.459377565921
2026-03-26 13:00:00+00:00,10134.459377565921
2026-03-26 14:00:00+00:00,10134.459377565921
2026-03-26 15:00:00+00:00,10134.459377565921
2026-03-26 16:00:00+00:00,10134.459377565921
2026-03-26 17:00:00+00:00,10134.459377565921
2026-03-26 18:00:00+00:00,10134.459377565921
2026-03-26 19:00:00+00:00,10134.459377565921
2026-03-26 20:00:00+00:00,10134.459377565921
2026-03-26 21:00:00+00:00,10134.459377565921
2026-03-26 22:00:00+00:00,10134.459377565921
2026-03-26 23:00:00+00:00,10134.459377565921
2026-03-27 00:00:00+00:00,10134.459377565921
2026-03-27 01:00:00+00:00,10134.459377565921
2026-03-27 02:00:00+00:00,10134.459377565921
2026-03-27 03:00:00+00:00,10134.459377565921
2026-03-27 04:00:00+00:00,10134.459377565921
2026-03-27 05:00:00+00:00,10134.459377565921
2026-03-27 06:00:00+00:00,10134.459377565921
2026-03-27 07:00:00+00:00,10134.459377565921
2026-03-27 08:00:00+00:00,10134.459377565921
2026-03-27 09:00:00+00:00,10134.459377565921
2026-03-27 10:00:00+00:00,10134.459377565921
2026-03-27 11:00:00+00:00,10134.459377565921
2026-03-27 12:00:00+00:00,10111.79847974884
2026-03-27 13:00:00+00:00,10118.921479748842
2026-03-27 14:00:00+00:00,10155.088979748842
2026-03-27 15:00:00+00:00,10154.34097974884
2026-03-27 16:00:00+00:00,10160.35047974884
2026-03-27 17:00:00+00:00,10172.474843379126
2026-03-27 18:00:00+00:00,10201.502343379127
2026-03-27 19:00:00+00:00,10184.502343379127
2026-03-27 20:00:00+00:00,10167.383343379126
2026-03-27 21:00:00+00:00,10169.287343379126
2026-03-27 22:00:00+00:00,10164.416843379126
2026-03-27 23:00:00+00:00,10169.448843379125
2026-03-28 00:00:00+00:00,10136.885343379126
2026-03-28 01:00:00+00:00,10134.244603464447
2026-03-28 02:00:00+00:00,10155.732603464445
2026-03-28 03:00:00+00:00,10165.677603464446
2026-03-28 04:00:00+00:00,10151.083103464445
2026-03-28 05:00:00+00:00,10146.688603464447
2026-03-28 06:00:00+00:00,10141.036103464447
2026-03-28 07:00:00+00:00,10136.939103464447
2026-03-28 08:00:00+00:00,10123.118103464445
2026-03-28 09:00:00+00:00,10135.089652279386
2026-03-28 10:00:00+00:00,10143.929652279387
2026-03-28 11:00:00+00:00,10151.239652279386
2026-03-28 12:00:00+00:00,10142.433652279386
2026-03-28 13:00:00+00:00,10131.536652279387
2026-03-28 14:00:00+00:00,10096.220584786102
2026-03-28 15:00:00+00:00,10096.220584786102
2026-03-28 16:00:00+00:00,10096.220584786102
2026-03-28 17:00:00+00:00,10096.220584786102
2026-03-28 18:00:00+00:00,10096.220584786102
2026-03-28 19:00:00+00:00,10096.220584786102
2026-03-28 20:00:00+00:00,10096.220584786102
2026-03-28 21:00:00+00:00,10096.220584786102
2026-03-28 22:00:00+00:00,10096.220584786102
2026-03-28 23:00:00+00:00,10096.220584786102
2026-03-29 00:00:00+00:00,10096.220584786102
2026-03-29 01:00:00+00:00,10096.220584786102
2026-03-29 02:00:00+00:00,10096.220584786102
2026-03-29 03:00:00+00:00,10096.220584786102
2026-03-29 04:00:00+00:00,10096.220584786102
2026-03-29 05:00:00+00:00,10096.220584786102
2026-03-29 06:00:00+00:00,10096.220584786102
2026-03-29 07:00:00+00:00,10096.220584786102
2026-03-29 08:00:00+00:00,10096.220584786102
2026-03-29 09:00:00+00:00,10096.220584786102
2026-03-29 10:00:00+00:00,10096.220584786102
2026-03-29 11:00:00+00:00,10096.220584786102
2026-03-29 12:00:00+00:00,10096.220584786102
2026-03-29 13:00:00+00:00,10096.220584786102
2026-03-29 14:00:00+00:00,10096.220584786102
2026-03-29 15:00:00+00:00,10096.220584786102
2026-03-29 16:00:00+00:00,10096.220584786102
2026-03-29 17:00:00+00:00,10096.220584786102
2026-03-29 18:00:00+00:00,10096.220584786102
2026-03-29 19:00:00+00:00,10096.220584786102
2026-03-29 20:00:00+00:00,10096.220584786102
2026-03-29 21:00:00+00:00,10096.220584786102
2026-03-29 22:00:00+00:00,10096.220584786102
2026-03-29 23:00:00+00:00,10096.220584786102
2026-03-30 00:00:00+00:00,10096.220584786102
2026-03-30 01:00:00+00:00,10096.220584786102
2026-03-30 02:00:00+00:00,10096.220584786102
2026-03-30 03:00:00+00:00,10096.220584786102
2026-03-30 04:00:00+00:00,10096.220584786102
2026-03-30 05:00:00+00:00,10096.220584786102
2026-03-30 06:00:00+00:00,10096.220584786102
2026-03-30 07:00:00+00:00,10096.220584786102
2026-03-30 08:00:00+00:00,10096.220584786102
2026-03-30 09:00:00+00:00,10096.220584786102
2026-03-30 10:00:00+00:00,10096.220584786102
2026-03-30 11:00:00+00:00,10096.220584786102
2026-03-30 12:00:00+00:00,10096.220584786102
2026-03-30 13:00:00+00:00,10096.220584786102
2026-03-30 14:00:00+00:00,10096.220584786102
2026-03-30 15:00:00+00:00,10096.220584786102
2026-03-30 16:00:00+00:00,10096.220584786102
2026-03-30 17:00:00+00:00,10096.220584786102
2026-03-30 18:00:00+00:00,10096.220584786102
2026-03-30 19:00:00+00:00,10096.220584786102
2026-03-30 20:00:00+00:00,10096.220584786102
2026-03-30 21:00:00+00:00,10096.220584786102
2026-03-30 22:00:00+00:00,10096.220584786102
2026-03-30 23:00:00+00:00,10096.220584786102
2026-03-31 00:00:00+00:00,10096.220584786102
2026-03-31 01:00:00+00:00,10096.220584786102
2026-03-31 02:00:00+00:00,10096.220584786102
2026-03-31 03:00:00+00:00,10096.220584786102
2026-03-31 04:00:00+00:00,10096.220584786102
2026-03-31 05:00:00+00:00,10096.220584786102
2026-03-31 06:00:00+00:00,10096.220584786102
2026-03-31 07:00:00+00:00,10096.220584786102
2026-03-31 08:00:00+00:00,10096.220584786102
2026-03-31 09:00:00+00:00,10096.220584786102
2026-03-31 10:00:00+00:00,10096.220584786102
2026-03-31 11:00:00+00:00,10096.220584786102
2026-03-31 12:00:00+00:00,10096.220584786102
2026-03-31 13:00:00+00:00,10096.220584786102
2026-03-31 14:00:00+00:00,10096.220584786102
2026-03-31 15:00:00+00:00,10096.220584786102
2026-03-31 16:00:00+00:00,10096.220584786102
2026-03-31 17:00:00+00:00,10096.220584786102
2026-03-31 18:00:00+00:00,10096.220584786102
2026-03-31 19:00:00+00:00,10096.220584786102
2026-03-31 20:00:00+00:00,10096.220584786102
2026-03-31 21:00:00+00:00,10096.220584786102
2026-03-31 22:00:00+00:00,10096.220584786102
2026-03-31 23:00:00+00:00,10096.220584786102
2026-04-01 00:00:00+00:00,10096.220584786102
2026-04-01 01:00:00+00:00,10096.220584786102
2026-04-01 02:00:00+00:00,10096.220584786102
2026-04-01 03:00:00+00:00,10096.220584786102
2026-04-01 04:00:00+00:00,10096.220584786102
2026-04-01 05:00:00+00:00,10096.220584786102
2026-04-01 06:00:00+00:00,10096.220584786102
2026-04-01 07:00:00+00:00,10096.220584786102
2026-04-01 08:00:00+00:00,10096.220584786102
2026-04-01 09:00:00+00:00,10096.220584786102
2026-04-01 10:00:00+00:00,10096.220584786102
2026-04-01 11:00:00+00:00,10096.220584786102
2026-04-01 12:00:00+00:00,10096.220584786102
2026-04-01 13:00:00+00:00,10096.220584786102
2026-04-01 14:00:00+00:00,10096.220584786102
2026-04-01 15:00:00+00:00,10096.220584786102
2026-04-01 16:00:00+00:00,10096.220584786102
2026-04-01 17:00:00+00:00,10096.220584786102
2026-04-01 18:00:00+00:00,10096.220584786102
2026-04-01 19:00:00+00:00,10096.220584786102
2026-04-01 20:00:00+00:00,10096.220584786102
2026-04-01 21:00:00+00:00,10096.220584786102
2026-04-01 22:00:00+00:00,10096.220584786102
2026-04-01 23:00:00+00:00,10096.220584786102
2026-04-02 00:00:00+00:00,10096.220584786102
2026-04-02 01:00:00+00:00,10096.220584786102
2026-04-02 02:00:00+00:00,10096.220584786102
2026-04-02 03:00:00+00:00,10096.220584786102
2026-04-02 04:00:00+00:00,10096.220584786102
2026-04-02 05:00:00+00:00,10096.220584786102
2026-04-02 06:00:00+00:00,10096.220584786102
2026-04-02 07:00:00+00:00,10096.220584786102
2026-04-02 08:00:00+00:00,10096.220584786102
2026-04-02 09:00:00+00:00,10096.220584786102
2026-04-02 10:00:00+00:00,10096.220584786102
2026-04-02 11:00:00+00:00,10096.220584786102
2026-04-02 12:00:00+00:00,10096.220584786102
2026-04-02 13:00:00+00:00,10096.220584786102
2026-04-02 14:00:00+00:00,10096.220584786102
2026-04-02 15:00:00+00:00,10096.220584786102
2026-04-02 16:00:00+00:00,10096.220584786102
2026-04-02 17:00:00+00:00,10096.220584786102
2026-04-02 18:00:00+00:00,10096.220584786102
2026-04-02 19:00:00+00:00,10096.220584786102
2026-04-02 20:00:00+00:00,10096.220584786102
2026-04-02 21:00:00+00:00,10096.220584786102
2026-04-02 22:00:00+00:00,10096.220584786102
2026-04-02 23:00:00+00:00,10096.220584786102
2026-04-03 00:00:00+00:00,10096.220584786102
2026-04-03 01:00:00+00:00,10096.220584786102
2026-04-03 02:00:00+00:00,10096.220584786102
2026-04-03 03:00:00+00:00,10096.220584786102
2026-04-03 04:00:00+00:00,10096.220584786102
2026-04-03 05:00:00+00:00,10096.220584786102
2026-04-03 06:00:00+00:00,10096.220584786102
2026-04-03 07:00:00+00:00,10096.220584786102
2026-04-03 08:00:00+00:00,10096.220584786102
2026-04-03 09:00:00+00:00,10096.220584786102
2026-04-03 10:00:00+00:00,10096.220584786102
2026-04-03 11:00:00+00:00,10096.220584786102
2026-04-03 12:00:00+00:00,10096.220584786102
2026-04-03 13:00:00+00:00,10096.220584786102
2026-04-03 14:00:00+00:00,10096.220584786102
2026-04-03 15:00:00+00:00,10096.220584786102
2026-04-03 16:00:00+00:00,10096.220584786102
2026-04-03 17:00:00+00:00,10096.220584786102
2026-04-03 18:00:00+00:00,10096.220584786102
2026-04-03 19:00:00+00:00,10096.220584786102
2026-04-03 20:00:00+00:00,10096.220584786102
2026-04-03 21:00:00+00:00,10096.220584786102
2026-04-03 22:00:00+00:00,10096.220584786102
2026-04-03 23:00:00+00:00,10096.220584786102
2026-04-04 00:00:00+00:00,10096.220584786102
2026-04-04 01:00:00+00:00,10096.220584786102
2026-04-04 02:00:00+00:00,10096.220584786102
2026-04-04 03:00:00+00:00,10096.220584786102
2026-04-04 04:00:00+00:00,10096.220584786102
2026-04-04 05:00:00+00:00,10096.220584786102
2026-04-04 06:00:00+00:00,10096.220584786102
2026-04-04 07:00:00+00:00,10096.220584786102
2026-04-04 08:00:00+00:00,10096.220584786102
2026-04-04 09:00:00+00:00,10096.220584786102
2026-04-04 10:00:00+00:00,10096.220584786102
2026-04-04 11:00:00+00:00,10096.220584786102
2026-04-04 12:00:00+00:00,10096.220584786102
2026-04-04 13:00:00+00:00,10096.220584786102
2026-04-04 14:00:00+00:00,10096.220584786102
2026-04-04 15:00:00+00:00,10096.220584786102
2026-04-04 16:00:00+00:00,10096.220584786102
2026-04-04 17:00:00+00:00,10096.220584786102
2026-04-04 18:00:00+00:00,10096.220584786102
2026-04-04 19:00:00+00:00,10096.220584786102
2026-04-04 20:00:00+00:00,10096.220584786102
2026-04-04 21:00:00+00:00,10096.220584786102
2026-04-04 22:00:00+00:00,10096.220584786102
2026-04-04 23:00:00+00:00,10096.220584786102
2026-04-05 00:00:00+00:00,10096.220584786102
2026-04-05 01:00:00+00:00,10096.220584786102
2026-04-05 02:00:00+00:00,10096.220584786102
2026-04-05 03:00:00+00:00,10096.220584786102
2026-04-05 04:00:00+00:00,10096.220584786102
2026-04-05 05:00:00+00:00,10096.220584786102
2026-04-05 06:00:00+00:00,10096.220584786102
2026-04-05 07:00:00+00:00,10096.220584786102
2026-04-05 08:00:00+00:00,10096.220584786102
2026-04-05 09:00:00+00:00,10096.220584786102
2026-04-05 10:00:00+00:00,10096.220584786102
2026-04-05 11:00:00+00:00,10096.220584786102
2026-04-05 12:00:00+00:00,10096.220584786102
2026-04-05 13:00:00+00:00,10096.220584786102
2026-04-05 14:00:00+00:00,10096.220584786102
2026-04-05 15:00:00+00:00,10096.220584786102
2026-04-05 16:00:00+00:00,10096.220584786102
2026-04-05 17:00:00+00:00,10096.220584786102
2026-04-05 18:00:00+00:00,10096.220584786102
2026-04-05 19:00:00+00:00,10096.220584786102
2026-04-05 20:00:00+00:00,10096.220584786102
2026-04-05 21:00:00+00:00,10096.220584786102
2026-04-05 22:00:00+00:00,10096.220584786102
2026-04-05 23:00:00+00:00,10096.220584786102
2026-04-06 00:00:00+00:00,10096.220584786102
2026-04-06 01:00:00+00:00,10096.220584786102
2026-04-06 02:00:00+00:00,10096.220584786102
2026-04-06 03:00:00+00:00,10096.220584786102
2026-04-06 04:00:00+00:00,10096.220584786102
2026-04-06 05:00:00+00:00,10096.220584786102
2026-04-06 06:00:00+00:00,10096.220584786102
2026-04-06 07:00:00+00:00,10096.220584786102
2026-04-06 08:00:00+00:00,10096.220584786102
2026-04-06 09:00:00+00:00,10096.220584786102
2026-04-06 10:00:00+00:00,10096.220584786102
2026-04-06 11:00:00+00:00,10093.605196114415
2026-04-06 12:00:00+00:00,10075.866796114415
2026-04-06 13:00:00+00:00,10047.788596114415
2026-04-06 14:00:00+00:00,10054.913596114415
2026-04-06 15:00:00+00:00,10080.016396114415
2026-04-06 16:00:00+00:00,10114.501396114414
2026-04-06 17:00:00+00:00,10095.851478134686
2026-04-06 18:00:00+00:00,10070.931078134687
2026-04-06 19:00:00+00:00,10106.533278134686
2026-04-06 20:00:00+00:00,10089.649878134687
2026-04-06 21:00:00+00:00,10098.154278134685
2026-04-06 22:00:00+00:00,10063.623678134687
2026-04-06 23:00:00+00:00,10014.066014981117
2026-04-07 00:00:00+00:00,10014.066014981117
2026-04-07 01:00:00+00:00,10014.066014981117
2026-04-07 02:00:00+00:00,10014.066014981117
2026-04-07 03:00:00+00:00,10014.066014981117
2026-04-07 04:00:00+00:00,10014.066014981117
2026-04-07 05:00:00+00:00,10014.066014981117
2026-04-07 06:00:00+00:00,10014.066014981117
2026-04-07 07:00:00+00:00,10014.066014981117
2026-04-07 08:00:00+00:00,10014.066014981117
2026-04-07 09:00:00+00:00,10014.066014981117
2026-04-07 10:00:00+00:00,10014.066014981117
2026-04-07 11:00:00+00:00,10014.066014981117
2026-04-07 12:00:00+00:00,10014.066014981117
2026-04-07 13:00:00+00:00,10014.066014981117
2026-04-07 14:00:00+00:00,10014.066014981117
2026-04-07 15:00:00+00:00,10014.066014981117
2026-04-07 16:00:00+00:00,10014.066014981117
2026-04-07 17:00:00+00:00,10014.066014981117
2026-04-07 18:00:00+00:00,10014.066014981117
2026-04-07 19:00:00+00:00,10014.066014981117
2026-04-07 20:00:00+00:00,10014.066014981117
2026-04-07 21:00:00+00:00,10014.066014981117
2026-04-07 22:00:00+00:00,10014.066014981117
2026-04-07 23:00:00+00:00,10014.066014981117
2026-04-08 00:00:00+00:00,10041.39647764694
2026-04-08 01:00:00+00:00,10024.59888223378
2026-04-08 02:00:00+00:00,10006.002282233781
2026-04-08 03:00:00+00:00,9996.798782233782
2026-04-08 04:00:00+00:00,9991.237182233781
2026-04-08 05:00:00+00:00,10012.488182233781
2026-04-08 06:00:00+00:00,10026.155182233782
2026-04-08 07:00:00+00:00,10025.831282233781
2026-04-08 08:00:00+00:00,10019.07678223378
2026-04-08 09:00:00+00:00,10031.944357761064
2026-04-08 10:00:00+00:00,10022.416957761065
2026-04-08 11:00:00+00:00,10005.850657761064
2026-04-08 12:00:00+00:00,10022.006157761065
2026-04-08 13:00:00+00:00,10051.504757761066
2026-04-08 14:00:00+00:00,10015.133157761064
2026-04-08 15:00:00+00:00,9968.684970157248
2026-04-08 16:00:00+00:00,9968.684970157248
2026-04-08 17:00:00+00:00,9968.684970157248
2026-04-08 18:00:00+00:00,9968.684970157248
2026-04-08 19:00:00+00:00,9968.684970157248
2026-04-08 20:00:00+00:00,9968.684970157248
2026-04-08 21:00:00+00:00,9968.684970157248
2026-04-08 22:00:00+00:00,9968.684970157248
2026-04-08 23:00:00+00:00,9968.684970157248
2026-04-09 00:00:00+00:00,9968.684970157248
2026-04-09 01:00:00+00:00,9968.684970157248
2026-04-09 02:00:00+00:00,9968.684970157248
2026-04-09 03:00:00+00:00,9968.684970157248
2026-04-09 04:00:00+00:00,9968.684970157248
2026-04-09 05:00:00+00:00,9968.684970157248
2026-04-09 06:00:00+00:00,9968.684970157248
2026-04-09 07:00:00+00:00,9968.684970157248
2026-04-09 08:00:00+00:00,9968.684970157248
2026-04-09 09:00:00+00:00,9968.684970157248
2026-04-09 10:00:00+00:00,9968.684970157248
2026-04-09 11:00:00+00:00,9968.684970157248
2026-04-09 12:00:00+00:00,9968.684970157248
2026-04-09 13:00:00+00:00,9968.684970157248
2026-04-09 14:00:00+00:00,9968.684970157248
2026-04-09 15:00:00+00:00,9968.684970157248
2026-04-09 16:00:00+00:00,9968.684970157248
2026-04-09 17:00:00+00:00,9968.684970157248
2026-04-09 18:00:00+00:00,9968.684970157248
2026-04-09 19:00:00+00:00,9968.684970157248
2026-04-09 20:00:00+00:00,9968.684970157248
2026-04-09 21:00:00+00:00,9968.684970157248
2026-04-09 22:00:00+00:00,9968.684970157248
2026-04-09 23:00:00+00:00,9968.684970157248
2026-04-10 00:00:00+00:00,9968.684970157248
2026-04-10 01:00:00+00:00,9968.684970157248
2026-04-10 02:00:00+00:00,9968.684970157248
2026-04-10 03:00:00+00:00,9968.684970157248
2026-04-10 04:00:00+00:00,9968.684970157248
2026-04-10 05:00:00+00:00,9968.684970157248
2026-04-10 06:00:00+00:00,9968.684970157248
2026-04-10 07:00:00+00:00,9968.684970157248
2026-04-10 08:00:00+00:00,9968.684970157248
2026-04-10 09:00:00+00:00,9968.684970157248
2026-04-10 10:00:00+00:00,9968.684970157248
2026-04-10 11:00:00+00:00,9968.684970157248
2026-04-10 12:00:00+00:00,9968.684970157248
2026-04-10 13:00:00+00:00,9968.684970157248
2026-04-10 14:00:00+00:00,9968.684970157248
2026-04-10 15:00:00+00:00,9968.684970157248
2026-04-10 16:00:00+00:00,9968.684970157248
2026-04-10 17:00:00+00:00,9968.684970157248
2026-04-10 18:00:00+00:00,9968.684970157248
2026-04-10 19:00:00+00:00,9968.684970157248
2026-04-10 20:00:00+00:00,9968.684970157248
2026-04-10 21:00:00+00:00,9968.684970157248
2026-04-10 22:00:00+00:00,9947.757168797698
2026-04-10 23:00:00+00:00,9917.167168797698
2026-04-11 00:00:00+00:00,9925.071168797698
2026-04-11 01:00:00+00:00,9913.706155601949
2026-04-11 02:00:00+00:00,9925.828155601948
2026-04-11 03:00:00+00:00,9926.607155601949
2026-04-11 04:00:00+00:00,9917.75315560195
2026-04-11 05:00:00+00:00,9911.682655601948
2026-04-11 06:00:00+00:00,9903.018655601949
2026-04-11 07:00:00+00:00,9907.531155601948
2026-04-11 08:00:00+00:00,9905.650155601948
2026-04-11 09:00:00+00:00,9898.251823071978
2026-04-11 10:00:00+00:00,9921.86882307198
2026-04-11 11:00:00+00:00,9914.952823071979
2026-04-11 12:00:00+00:00,9921.317823071979
2026-04-11 13:00:00+00:00,9923.92082307198
2026-04-11 14:00:00+00:00,9896.997823071979
2026-04-11 15:00:00+00:00,9901.62432307198
2026-04-11 16:00:00+00:00,9916.48232307198
2026-04-11 17:00:00+00:00,9933.479609890404
2026-04-11 18:00:00+00:00,9939.645109890404
2026-04-11 19:00:00+00:00,9983.316609890402
2026-04-11 20:00:00+00:00,9994.716609890404
2026-04-11 21:00:00+00:00,9958.331609890403
2026-04-11 22:00:00+00:00,9970.852609890404
2026-04-11 23:00:00+00:00,9965.969609890404
2026-04-12 00:00:00+00:00,9925.11048687587
2026-04-12 01:00:00+00:00,9925.11048687587
2026-04-12 02:00:00+00:00,9925.11048687587
2026-04-12 03:00:00+00:00,9925.11048687587
2026-04-12 04:00:00+00:00,9925.11048687587
2026-04-12 05:00:00+00:00,9925.11048687587
2026-04-12 06:00:00+00:00,9925.11048687587
2026-04-12 07:00:00+00:00,9925.11048687587
2026-04-12 08:00:00+00:00,9925.11048687587
2026-04-12 09:00:00+00:00,9925.11048687587
2026-04-12 10:00:00+00:00,9925.11048687587
2026-04-12 11:00:00+00:00,9925.11048687587
2026-04-12 12:00:00+00:00,9925.11048687587
2026-04-12 13:00:00+00:00,9925.11048687587
2026-04-12 14:00:00+00:00,9925.11048687587
2026-04-12 15:00:00+00:00,9925.11048687587
2026-04-12 16:00:00+00:00,9925.11048687587
2026-04-12 17:00:00+00:00,9925.11048687587
2026-04-12 18:00:00+00:00,9925.11048687587
2026-04-12 19:00:00+00:00,9925.11048687587
2026-04-12 20:00:00+00:00,9925.11048687587
2026-04-12 21:00:00+00:00,9925.11048687587
2026-04-12 22:00:00+00:00,9925.11048687587
2026-04-12 23:00:00+00:00,9925.11048687587
2026-04-13 00:00:00+00:00,9925.11048687587
2026-04-13 01:00:00+00:00,9925.11048687587
2026-04-13 02:00:00+00:00,9925.11048687587
2026-04-13 03:00:00+00:00,9925.11048687587
2026-04-13 04:00:00+00:00,9925.11048687587
2026-04-13 05:00:00+00:00,9925.11048687587
2026-04-13 06:00:00+00:00,9925.11048687587
2026-04-13 07:00:00+00:00,9925.11048687587
2026-04-13 08:00:00+00:00,9925.11048687587
2026-04-13 09:00:00+00:00,9925.11048687587
2026-04-13 10:00:00+00:00,9925.11048687587
2026-04-13 11:00:00+00:00,9925.11048687587
2026-04-13 12:00:00+00:00,9925.11048687587
2026-04-13 13:00:00+00:00,9925.11048687587
2026-04-13 14:00:00+00:00,9925.11048687587
2026-04-13 15:00:00+00:00,9925.11048687587
2026-04-13 16:00:00+00:00,9925.11048687587
2026-04-13 17:00:00+00:00,9925.11048687587
2026-04-13 18:00:00+00:00,9925.11048687587
2026-04-13 19:00:00+00:00,9925.11048687587
2026-04-13 20:00:00+00:00,9925.11048687587
2026-04-13 21:00:00+00:00,9925.11048687587
2026-04-13 22:00:00+00:00,9925.11048687587
2026-04-13 23:00:00+00:00,9925.11048687587
2026-04-14 00:00:00+00:00,9902.25605920787
2026-04-14 01:00:00+00:00,9881.783673063595
2026-04-14 02:00:00+00:00,9899.409273063597
2026-04-14 03:00:00+00:00,9895.270173063596
2026-04-14 04:00:00+00:00,9904.536573063597
2026-04-14 05:00:00+00:00,9900.219273063596
2026-04-14 06:00:00+00:00,9886.368273063596
2026-04-14 07:00:00+00:00,9910.708773063596
2026-04-14 08:00:00+00:00,9913.009173063596
2026-04-14 09:00:00+00:00,9929.08478109176
2026-04-14 10:00:00+00:00,9909.48278109176
2026-04-14 11:00:00+00:00,9896.352681091761
2026-04-14 12:00:00+00:00,9898.99328109176
2026-04-14 13:00:00+00:00,9905.01158109176
2026-04-14 14:00:00+00:00,9990.42608109176
2026-04-14 15:00:00+00:00,9949.52918109176
2026-04-14 16:00:00+00:00,9909.391719247371
2026-04-14 17:00:00+00:00,9909.391719247371
2026-04-14 18:00:00+00:00,9909.391719247371
2026-04-14 19:00:00+00:00,9909.391719247371
2026-04-14 20:00:00+00:00,9909.391719247371
2026-04-14 21:00:00+00:00,9909.391719247371
2026-04-14 22:00:00+00:00,9909.391719247371
2026-04-14 23:00:00+00:00,9909.391719247371
2026-04-15 00:00:00+00:00,9909.391719247371
2026-04-15 01:00:00+00:00,9909.391719247371
2026-04-15 02:00:00+00:00,9909.391719247371
2026-04-15 03:00:00+00:00,9909.391719247371
2026-04-15 04:00:00+00:00,9909.391719247371
2026-04-15 05:00:00+00:00,9909.391719247371
2026-04-15 06:00:00+00:00,9909.391719247371
2026-04-15 07:00:00+00:00,9909.391719247371
2026-04-15 08:00:00+00:00,9909.391719247371
2026-04-15 09:00:00+00:00,9909.391719247371
2026-04-15 10:00:00+00:00,9909.391719247371
2026-04-15 11:00:00+00:00,9909.391719247371
2026-04-15 12:00:00+00:00,9909.391719247371
2026-04-15 13:00:00+00:00,9909.391719247371
2026-04-15 14:00:00+00:00,9909.391719247371
2026-04-15 15:00:00+00:00,9909.391719247371
2026-04-15 16:00:00+00:00,9909.391719247371
2026-04-15 17:00:00+00:00,9909.391719247371
2026-04-15 18:00:00+00:00,9909.391719247371
2026-04-15 19:00:00+00:00,9909.391719247371
2026-04-15 20:00:00+00:00,9909.391719247371
2026-04-15 21:00:00+00:00,9909.391719247371
2026-04-15 22:00:00+00:00,9909.391719247371
2026-04-15 23:00:00+00:00,9909.391719247371
2026-04-16 00:00:00+00:00,9909.391719247371
2026-04-16 01:00:00+00:00,9909.391719247371
2026-04-16 02:00:00+00:00,9909.391719247371
2026-04-16 03:00:00+00:00,9909.391719247371
2026-04-16 04:00:00+00:00,9909.391719247371
2026-04-16 05:00:00+00:00,9909.391719247371
2026-04-16 06:00:00+00:00,9909.391719247371
2026-04-16 07:00:00+00:00,9909.391719247371
2026-04-16 08:00:00+00:00,9909.391719247371
2026-04-16 09:00:00+00:00,9909.391719247371
2026-04-16 10:00:00+00:00,9909.391719247371
2026-04-16 11:00:00+00:00,9909.391719247371
2026-04-16 12:00:00+00:00,9909.391719247371
2026-04-16 13:00:00+00:00,9909.391719247371
2026-04-16 14:00:00+00:00,9909.391719247371
2026-04-16 15:00:00+00:00,9909.391719247371
2026-04-16 16:00:00+00:00,9909.391719247371
2026-04-16 17:00:00+00:00,9909.391719247371
2026-04-16 18:00:00+00:00,9909.391719247371
2026-04-16 19:00:00+00:00,9909.391719247371
2026-04-16 20:00:00+00:00,9909.391719247371
2026-04-16 21:00:00+00:00,9909.391719247371
2026-04-16 22:00:00+00:00,9909.391719247371
2026-04-16 23:00:00+00:00,9909.391719247371
2026-04-17 00:00:00+00:00,9909.391719247371
2026-04-17 01:00:00+00:00,9909.391719247371
2026-04-17 02:00:00+00:00,9909.391719247371
2026-04-17 03:00:00+00:00,9909.391719247371
2026-04-17 04:00:00+00:00,9909.391719247371
2026-04-17 05:00:00+00:00,9909.391719247371
2026-04-17 06:00:00+00:00,9909.391719247371
2026-04-17 07:00:00+00:00,9909.391719247371
2026-04-17 08:00:00+00:00,9909.391719247371
2026-04-17 09:00:00+00:00,9909.391719247371
2026-04-17 10:00:00+00:00,9909.391719247371
2026-04-17 11:00:00+00:00,9909.391719247371
2026-04-17 12:00:00+00:00,9909.391719247371
2026-04-17 13:00:00+00:00,9909.391719247371
2026-04-17 14:00:00+00:00,9909.391719247371
2026-04-17 15:00:00+00:00,9946.297423810893
2026-04-17 16:00:00+00:00,9939.185423810892
2026-04-17 17:00:00+00:00,9945.368380500333
2026-04-17 18:00:00+00:00,9918.184380500334
2026-04-17 19:00:00+00:00,9889.928380500332
2026-04-17 20:00:00+00:00,9908.864380500334
2026-04-17 21:00:00+00:00,9903.656380500333
2026-04-17 22:00:00+00:00,9912.968380500333
2026-04-17 23:00:00+00:00,9901.904380500333
2026-04-18 00:00:00+00:00,9883.408380500334
2026-04-18 01:00:00+00:00,9892.267415539372
2026-04-18 02:00:00+00:00,9895.531415539372
2026-04-18 03:00:00+00:00,9901.419415539372
2026-04-18 04:00:00+00:00,9878.603415539374
2026-04-18 05:00:00+00:00,9886.731415539372
2026-04-18 06:00:00+00:00,9888.259415539373
2026-04-18 07:00:00+00:00,9887.755415539372
2026-04-18 08:00:00+00:00,9877.539415539373
2026-04-18 09:00:00+00:00,9843.008992466379
2026-04-18 10:00:00+00:00,9843.008992466379
2026-04-18 11:00:00+00:00,9843.008992466379
2026-04-18 12:00:00+00:00,9843.008992466379
2026-04-18 13:00:00+00:00,9843.008992466379
2026-04-18 14:00:00+00:00,9843.008992466379
2026-04-18 15:00:00+00:00,9843.008992466379
2026-04-18 16:00:00+00:00,9843.008992466379
2026-04-18 17:00:00+00:00,9843.008992466379
2026-04-18 18:00:00+00:00,9843.008992466379
2026-04-18 19:00:00+00:00,9843.008992466379
2026-04-18 20:00:00+00:00,9843.008992466379
2026-04-18 21:00:00+00:00,9843.008992466379
2026-04-18 22:00:00+00:00,9843.008992466379
2026-04-18 23:00:00+00:00,9843.008992466379
2026-04-19 00:00:00+00:00,9843.008992466379
2026-04-19 01:00:00+00:00,9843.008992466379
2026-04-19 02:00:00+00:00,9843.008992466379
2026-04-19 03:00:00+00:00,9843.008992466379
2026-04-19 04:00:00+00:00,9843.008992466379
2026-04-19 05:00:00+00:00,9843.008992466379
2026-04-19 06:00:00+00:00,9843.008992466379
2026-04-19 07:00:00+00:00,9843.008992466379
2026-04-19 08:00:00+00:00,9843.008992466379
2026-04-19 09:00:00+00:00,9843.008992466379
2026-04-19 10:00:00+00:00,9843.008992466379
2026-04-19 11:00:00+00:00,9843.008992466379
2026-04-19 12:00:00+00:00,9843.008992466379
2026-04-19 13:00:00+00:00,9843.008992466379
2026-04-19 14:00:00+00:00,9843.008992466379
2026-04-19 15:00:00+00:00,9843.008992466379
2026-04-19 16:00:00+00:00,9843.008992466379
2026-04-19 17:00:00+00:00,9843.008992466379
2026-04-19 18:00:00+00:00,9843.008992466379
2026-04-19 19:00:00+00:00,9843.008992466379
2026-04-19 20:00:00+00:00,9843.008992466379
2026-04-19 21:00:00+00:00,9843.008992466379
2026-04-19 22:00:00+00:00,9843.008992466379
2026-04-19 23:00:00+00:00,9843.008992466379
2026-04-20 00:00:00+00:00,9843.008992466379
2026-04-20 01:00:00+00:00,9843.008992466379
2026-04-20 02:00:00+00:00,9843.008992466379
2026-04-20 03:00:00+00:00,9843.008992466379
2026-04-20 04:00:00+00:00,9843.008992466379
2026-04-20 05:00:00+00:00,9843.008992466379
2026-04-20 06:00:00+00:00,9843.008992466379
2026-04-20 07:00:00+00:00,9843.008992466379
2026-04-20 08:00:00+00:00,9843.008992466379
2026-04-20 09:00:00+00:00,9843.008992466379
2026-04-20 10:00:00+00:00,9843.008992466379
2026-04-20 11:00:00+00:00,9843.008992466379
2026-04-20 12:00:00+00:00,9843.008992466379
2026-04-20 13:00:00+00:00,9843.008992466379
2026-04-20 14:00:00+00:00,9843.008992466379
2026-04-20 15:00:00+00:00,9843.008992466379
2026-04-20 16:00:00+00:00,9843.008992466379
2026-04-20 17:00:00+00:00,9843.008992466379
2026-04-20 18:00:00+00:00,9843.008992466379
2026-04-20 19:00:00+00:00,9843.008992466379
2026-04-20 20:00:00+00:00,9843.008992466379
2026-04-20 21:00:00+00:00,9843.008992466379
2026-04-20 22:00:00+00:00,9843.008992466379
2026-04-20 23:00:00+00:00,9843.008992466379
2026-04-21 00:00:00+00:00,9843.008992466379
2026-04-21 01:00:00+00:00,9843.008992466379
2026-04-21 02:00:00+00:00,9843.008992466379
2026-04-21 03:00:00+00:00,9843.008992466379
2026-04-21 04:00:00+00:00,9843.008992466379
2026-04-21 05:00:00+00:00,9843.008992466379
2026-04-21 06:00:00+00:00,9843.008992466379
2026-04-21 07:00:00+00:00,9843.008992466379
2026-04-21 08:00:00+00:00,9843.008992466379
2026-04-21 09:00:00+00:00,9843.008992466379
2026-04-21 10:00:00+00:00,9843.008992466379
2026-04-21 11:00:00+00:00,9843.008992466379
2026-04-21 12:00:00+00:00,9843.008992466379
2026-04-21 13:00:00+00:00,9843.008992466379
2026-04-21 14:00:00+00:00,9843.008992466379
2026-04-21 15:00:00+00:00,9843.008992466379
2026-04-21 16:00:00+00:00,9843.008992466379
2026-04-21 17:00:00+00:00,9843.008992466379
2026-04-21 18:00:00+00:00,9843.008992466379
2026-04-21 19:00:00+00:00,9843.008992466379
2026-04-21 20:00:00+00:00,9843.008992466379
2026-04-21 21:00:00+00:00,9843.008992466379
2026-04-21 22:00:00+00:00,9843.008992466379
2026-04-21 23:00:00+00:00,9843.008992466379
2026-04-22 00:00:00+00:00,9843.008992466379
2026-04-22 01:00:00+00:00,9843.008992466379
2026-04-22 02:00:00+00:00,9843.008992466379
2026-04-22 03:00:00+00:00,9843.008992466379
2026-04-22 04:00:00+00:00,9843.008992466379
2026-04-22 05:00:00+00:00,9843.008992466379
2026-04-22 06:00:00+00:00,9843.008992466379
2026-04-22 07:00:00+00:00,9843.008992466379
2026-04-22 08:00:00+00:00,9843.008992466379
2026-04-22 09:00:00+00:00,9843.008992466379
2026-04-22 10:00:00+00:00,9843.008992466379
2026-04-22 11:00:00+00:00,9843.008992466379
2026-04-22 12:00:00+00:00,9843.008992466379
2026-04-22 13:00:00+00:00,9843.008992466379
2026-04-22 14:00:00+00:00,9843.008992466379
2026-04-22 15:00:00+00:00,9855.235782168123
2026-04-22 16:00:00+00:00,9877.323282168125
2026-04-22 17:00:00+00:00,9828.162874404476
2026-04-22 18:00:00+00:00,9843.479974404474
2026-04-22 19:00:00+00:00,9854.612074404475
2026-04-22 20:00:00+00:00,9836.179474404475
2026-04-22 21:00:00+00:00,9799.397974404474
2026-04-22 22:00:00+00:00,9828.971974404474
2026-04-22 23:00:00+00:00,9813.933874404474
2026-04-23 00:00:00+00:00,9776.116695046956
2026-04-23 01:00:00+00:00,9776.116695046956
2026-04-23 02:00:00+00:00,9776.116695046956
2026-04-23 03:00:00+00:00,9776.116695046956
2026-04-23 04:00:00+00:00,9776.116695046956
2026-04-23 05:00:00+00:00,9776.116695046956
2026-04-23 06:00:00+00:00,9776.116695046956
2026-04-23 07:00:00+00:00,9776.116695046956
2026-04-23 08:00:00+00:00,9776.116695046956
2026-04-23 09:00:00+00:00,9776.116695046956
2026-04-23 10:00:00+00:00,9776.116695046956
2026-04-23 11:00:00+00:00,9776.116695046956
2026-04-23 12:00:00+00:00,9776.116695046956
2026-04-23 13:00:00+00:00,9776.116695046956
2026-04-23 14:00:00+00:00,9776.116695046956
2026-04-23 15:00:00+00:00,9776.116695046956
2026-04-23 16:00:00+00:00,9776.116695046956
2026-04-23 17:00:00+00:00,9776.116695046956
2026-04-23 18:00:00+00:00,9776.116695046956
2026-04-23 19:00:00+00:00,9776.116695046956
2026-04-23 20:00:00+00:00,9776.116695046956
2026-04-23 21:00:00+00:00,9776.116695046956
2026-04-23 22:00:00+00:00,9776.116695046956
2026-04-23 23:00:00+00:00,9776.116695046956
2026-04-24 00:00:00+00:00,9776.116695046956
2026-04-24 01:00:00+00:00,9776.116695046956
2026-04-24 02:00:00+00:00,9776.116695046956
2026-04-24 03:00:00+00:00,9776.116695046956
2026-04-24 04:00:00+00:00,9776.116695046956
2026-04-24 05:00:00+00:00,9776.116695046956
2026-04-24 06:00:00+00:00,9776.116695046956
2026-04-24 07:00:00+00:00,9776.116695046956
2026-04-24 08:00:00+00:00,9776.116695046956
2026-04-24 09:00:00+00:00,9776.116695046956
2026-04-24 10:00:00+00:00,9776.116695046956
2026-04-24 11:00:00+00:00,9776.116695046956
2026-04-24 12:00:00+00:00,9776.116695046956
2026-04-24 13:00:00+00:00,9776.116695046956
2026-04-24 14:00:00+00:00,9776.116695046956
2026-04-24 15:00:00+00:00,9776.116695046956
2026-04-24 16:00:00+00:00,9776.116695046956
2026-04-24 17:00:00+00:00,9776.116695046956
2026-04-24 18:00:00+00:00,9776.116695046956
2026-04-24 19:00:00+00:00,9776.116695046956
2026-04-24 20:00:00+00:00,9776.116695046956
2026-04-24 21:00:00+00:00,9776.116695046956
2026-04-24 22:00:00+00:00,9776.116695046956
2026-04-24 23:00:00+00:00,9776.116695046956
2026-04-25 00:00:00+00:00,9776.116695046956
2026-04-25 01:00:00+00:00,9776.116695046956
2026-04-25 02:00:00+00:00,9776.116695046956
2026-04-25 03:00:00+00:00,9776.116695046956
2026-04-25 04:00:00+00:00,9776.116695046956
2026-04-25 05:00:00+00:00,9776.116695046956
2026-04-25 06:00:00+00:00,9776.116695046956
2026-04-25 07:00:00+00:00,9776.116695046956
2026-04-25 08:00:00+00:00,9776.116695046956
2026-04-25 09:00:00+00:00,9776.116695046956
2026-04-25 10:00:00+00:00,9776.116695046956
2026-04-25 11:00:00+00:00,9776.116695046956
2026-04-25 12:00:00+00:00,9776.116695046956
2026-04-25 13:00:00+00:00,9776.116695046956
2026-04-25 14:00:00+00:00,9776.116695046956
2026-04-25 15:00:00+00:00,9776.116695046956
2026-04-25 16:00:00+00:00,9776.116695046956
2026-04-25 17:00:00+00:00,9776.116695046956
2026-04-25 18:00:00+00:00,9776.116695046956
2026-04-25 19:00:00+00:00,9776.116695046956
2026-04-25 20:00:00+00:00,9776.116695046956
2026-04-25 21:00:00+00:00,9776.116695046956
2026-04-25 22:00:00+00:00,9776.116695046956
2026-04-25 23:00:00+00:00,9776.116695046956
2026-04-26 00:00:00+00:00,9776.116695046956
2026-04-26 01:00:00+00:00,9776.116695046956
2026-04-26 02:00:00+00:00,9776.116695046956
2026-04-26 03:00:00+00:00,9776.116695046956
2026-04-26 04:00:00+00:00,9776.116695046956
2026-04-26 05:00:00+00:00,9776.116695046956
2026-04-26 06:00:00+00:00,9776.116695046956
2026-04-26 07:00:00+00:00,9776.116695046956
2026-04-26 08:00:00+00:00,9776.116695046956
2026-04-26 09:00:00+00:00,9776.116695046956
2026-04-26 10:00:00+00:00,9776.116695046956
2026-04-26 11:00:00+00:00,9776.116695046956
2026-04-26 12:00:00+00:00,9776.116695046956
2026-04-26 13:00:00+00:00,9776.116695046956
2026-04-26 14:00:00+00:00,9776.116695046956
2026-04-26 15:00:00+00:00,9776.116695046956
2026-04-26 16:00:00+00:00,9776.116695046956
2026-04-26 17:00:00+00:00,9776.116695046956
2026-04-26 18:00:00+00:00,9776.116695046956
2026-04-26 19:00:00+00:00,9776.116695046956
2026-04-26 20:00:00+00:00,9776.116695046956
2026-04-26 21:00:00+00:00,9776.116695046956
2026-04-26 22:00:00+00:00,9776.116695046956
2026-04-26 23:00:00+00:00,9776.116695046956
2026-04-27 00:00:00+00:00,9776.116695046956
2026-04-27 01:00:00+00:00,9776.116695046956
2026-04-27 02:00:00+00:00,9776.116695046956
2026-04-27 03:00:00+00:00,9776.116695046956
2026-04-27 04:00:00+00:00,9776.116695046956
2026-04-27 05:00:00+00:00,9776.116695046956
2026-04-27 06:00:00+00:00,9776.116695046956
2026-04-27 07:00:00+00:00,9776.116695046956
2026-04-27 08:00:00+00:00,9776.116695046956
2026-04-27 09:00:00+00:00,9776.116695046956
2026-04-27 10:00:00+00:00,9776.116695046956
2026-04-27 11:00:00+00:00,9776.116695046956
2026-04-27 12:00:00+00:00,9776.116695046956
2026-04-27 13:00:00+00:00,9776.116695046956
2026-04-27 14:00:00+00:00,9776.116695046956
2026-04-27 15:00:00+00:00,9776.116695046956
2026-04-27 16:00:00+00:00,9776.116695046956
2026-04-27 17:00:00+00:00,9776.116695046956
2026-04-27 18:00:00+00:00,9776.116695046956
2026-04-27 19:00:00+00:00,9776.116695046956
2026-04-27 20:00:00+00:00,9776.116695046956
2026-04-27 21:00:00+00:00,9776.116695046956
2026-04-27 22:00:00+00:00,9776.116695046956
2026-04-27 23:00:00+00:00,9776.116695046956
2026-04-28 00:00:00+00:00,9776.116695046956
2026-04-28 01:00:00+00:00,9776.116695046956
2026-04-28 02:00:00+00:00,9776.116695046956
2026-04-28 03:00:00+00:00,9776.116695046956
2026-04-28 04:00:00+00:00,9776.116695046956
2026-04-28 05:00:00+00:00,9776.116695046956
2026-04-28 06:00:00+00:00,9776.116695046956
2026-04-28 07:00:00+00:00,9776.116695046956
2026-04-28 08:00:00+00:00,9776.116695046956
2026-04-28 09:00:00+00:00,9776.116695046956
2026-04-28 10:00:00+00:00,9776.116695046956
2026-04-28 11:00:00+00:00,9776.116695046956
2026-04-28 12:00:00+00:00,9776.116695046956
2026-04-28 13:00:00+00:00,9776.116695046956
2026-04-28 14:00:00+00:00,9776.116695046956
2026-04-28 15:00:00+00:00,9776.116695046956
2026-04-28 16:00:00+00:00,9776.116695046956
2026-04-28 17:00:00+00:00,9776.116695046956
2026-04-28 18:00:00+00:00,9776.116695046956
2026-04-28 19:00:00+00:00,9776.116695046956
2026-04-28 20:00:00+00:00,9776.116695046956
2026-04-28 21:00:00+00:00,9776.116695046956
2026-04-28 22:00:00+00:00,9776.116695046956
2026-04-28 23:00:00+00:00,9776.116695046956
2026-04-29 00:00:00+00:00,9776.116695046956
2026-04-29 01:00:00+00:00,9776.116695046956
2026-04-29 02:00:00+00:00,9776.116695046956
2026-04-29 03:00:00+00:00,9776.116695046956
2026-04-29 04:00:00+00:00,9776.116695046956
2026-04-29 05:00:00+00:00,9776.116695046956
2026-04-29 06:00:00+00:00,9776.116695046956
2026-04-29 07:00:00+00:00,9776.116695046956
2026-04-29 08:00:00+00:00,9776.116695046956
2026-04-29 09:00:00+00:00,9776.116695046956
2026-04-29 10:00:00+00:00,9776.116695046956
2026-04-29 11:00:00+00:00,9776.116695046956
2026-04-29 12:00:00+00:00,9776.116695046956
2026-04-29 13:00:00+00:00,9776.116695046956
2026-04-29 14:00:00+00:00,9776.116695046956
2026-04-29 15:00:00+00:00,9776.116695046956
2026-04-29 16:00:00+00:00,9776.116695046956
2026-04-29 17:00:00+00:00,9776.116695046956
2026-04-29 18:00:00+00:00,9776.116695046956
2026-04-29 19:00:00+00:00,9776.116695046956
2026-04-29 20:00:00+00:00,9765.648839562577
2026-04-29 21:00:00+00:00,9755.073839562576
2026-04-29 22:00:00+00:00,9732.834839562576
2026-04-29 23:00:00+00:00,9732.708839562576
2026-04-30 00:00:00+00:00,9744.822839562577
2026-04-30 01:00:00+00:00,9704.107141442375
2026-04-30 02:00:00+00:00,9704.575141442376
2026-04-30 03:00:00+00:00,9752.302141442375
2026-04-30 04:00:00+00:00,9732.637141442376
2026-04-30 05:00:00+00:00,9770.779141442375
2026-04-30 06:00:00+00:00,9760.762141442376
2026-04-30 07:00:00+00:00,9747.172141442376
2026-04-30 08:00:00+00:00,9710.335141442376
2026-04-30 09:00:00+00:00,9719.587275878706
2026-04-30 10:00:00+00:00,9716.257275878706
2026-04-30 11:00:00+00:00,9721.756275878704
2026-04-30 12:00:00+00:00,9718.939275878707
2026-04-30 13:00:00+00:00,9698.590275878705
2026-04-30 14:00:00+00:00,9677.099142446057
2026-04-30 15:00:00+00:00,9677.099142446057
2026-04-30 16:00:00+00:00,9677.099142446057
2026-04-30 17:00:00+00:00,9677.099142446057
2026-04-30 18:00:00+00:00,9677.099142446057
2026-04-30 19:00:00+00:00,9677.099142446057
2026-04-30 20:00:00+00:00,9677.099142446057
2026-04-30 21:00:00+00:00,9677.099142446057
2026-04-30 22:00:00+00:00,9677.099142446057
2026-04-30 23:00:00+00:00,9677.099142446057
2026-05-01 00:00:00+00:00,9677.099142446057
2026-05-01 01:00:00+00:00,9677.099142446057
2026-05-01 02:00:00+00:00,9677.099142446057
2026-05-01 03:00:00+00:00,9677.099142446057
2026-05-01 04:00:00+00:00,9677.099142446057
2026-05-01 05:00:00+00:00,9677.099142446057
2026-05-01 06:00:00+00:00,9677.099142446057
2026-05-01 07:00:00+00:00,9677.099142446057
2026-05-01 08:00:00+00:00,9677.099142446057
2026-05-01 09:00:00+00:00,9677.099142446057
2026-05-01 10:00:00+00:00,9677.099142446057
2026-05-01 11:00:00+00:00,9677.099142446057
2026-05-01 12:00:00+00:00,9677.099142446057
2026-05-01 13:00:00+00:00,9677.099142446057
2026-05-01 14:00:00+00:00,9677.099142446057
2026-05-01 15:00:00+00:00,9677.099142446057
2026-05-01 16:00:00+00:00,9677.099142446057
2026-05-01 17:00:00+00:00,9677.099142446057
2026-05-01 18:00:00+00:00,9677.099142446057
2026-05-01 19:00:00+00:00,9677.099142446057
2026-05-01 20:00:00+00:00,9677.099142446057
2026-05-01 21:00:00+00:00,9677.099142446057
2026-05-01 22:00:00+00:00,9677.099142446057
2026-05-01 23:00:00+00:00,9677.099142446057
2026-05-02 00:00:00+00:00,9677.099142446057
2026-05-02 01:00:00+00:00,9677.099142446057
2026-05-02 02:00:00+00:00,9677.099142446057
2026-05-02 03:00:00+00:00,9677.099142446057
2026-05-02 04:00:00+00:00,9677.099142446057
2026-05-02 05:00:00+00:00,9677.099142446057
2026-05-02 06:00:00+00:00,9677.099142446057
2026-05-02 07:00:00+00:00,9677.099142446057
2026-05-02 08:00:00+00:00,9677.099142446057
2026-05-02 09:00:00+00:00,9677.099142446057
2026-05-02 10:00:00+00:00,9677.099142446057
2026-05-02 11:00:00+00:00,9677.099142446057
2026-05-02 12:00:00+00:00,9677.099142446057
2026-05-02 13:00:00+00:00,9677.099142446057
2026-05-02 14:00:00+00:00,9677.099142446057
2026-05-02 15:00:00+00:00,9677.099142446057
2026-05-02 16:00:00+00:00,9677.099142446057
2026-05-02 17:00:00+00:00,9677.099142446057
2026-05-02 18:00:00+00:00,9677.099142446057
2026-05-02 19:00:00+00:00,9677.099142446057
2026-05-02 20:00:00+00:00,9677.099142446057
2026-05-02 21:00:00+00:00,9677.099142446057
2026-05-02 22:00:00+00:00,9677.099142446057
2026-05-02 23:00:00+00:00,9677.099142446057
2026-05-03 00:00:00+00:00,9677.099142446057
2026-05-03 01:00:00+00:00,9677.099142446057
2026-05-03 02:00:00+00:00,9677.099142446057
2026-05-03 03:00:00+00:00,9677.099142446057
2026-05-03 04:00:00+00:00,9677.099142446057
2026-05-03 05:00:00+00:00,9677.099142446057
2026-05-03 06:00:00+00:00,9677.099142446057
2026-05-03 07:00:00+00:00,9677.099142446057
2026-05-03 08:00:00+00:00,9677.099142446057
2026-05-03 09:00:00+00:00,9677.099142446057
2026-05-03 10:00:00+00:00,9677.099142446057
2026-05-03 11:00:00+00:00,9677.099142446057
2026-05-03 12:00:00+00:00,9677.099142446057
2026-05-03 13:00:00+00:00,9677.099142446057
2026-05-03 14:00:00+00:00,9677.099142446057
2026-05-03 15:00:00+00:00,9677.099142446057
2026-05-03 16:00:00+00:00,9677.099142446057
2026-05-03 17:00:00+00:00,9677.099142446057
2026-05-03 18:00:00+00:00,9677.099142446057
2026-05-03 19:00:00+00:00,9677.099142446057
2026-05-03 20:00:00+00:00,9677.099142446057
2026-05-03 21:00:00+00:00,9677.099142446057
2026-05-03 22:00:00+00:00,9677.099142446057
2026-05-03 23:00:00+00:00,9677.099142446057
2026-05-04 00:00:00+00:00,9677.099142446057
2026-05-04 01:00:00+00:00,9677.099142446057
2026-05-04 02:00:00+00:00,9677.099142446057
2026-05-04 03:00:00+00:00,9711.067719277256
2026-05-04 04:00:00+00:00,9726.698719277256
2026-05-04 05:00:00+00:00,9729.041719277257
2026-05-04 06:00:00+00:00,9694.270719277256
2026-05-04 07:00:00+00:00,9676.758719277255
2026-05-04 08:00:00+00:00,9659.026719277257
2026-05-04 09:00:00+00:00,9659.370564776176
2026-05-04 10:00:00+00:00,9674.066564776176
2026-05-04 11:00:00+00:00,9622.758085173979
2026-05-04 12:00:00+00:00,9622.758085173979
2026-05-04 13:00:00+00:00,9622.758085173979
2026-05-04 14:00:00+00:00,9622.758085173979
2026-05-04 15:00:00+00:00,9622.758085173979
2026-05-04 16:00:00+00:00,9622.758085173979
2026-05-04 17:00:00+00:00,9622.758085173979
2026-05-04 18:00:00+00:00,9622.758085173979
2026-05-04 19:00:00+00:00,9622.758085173979
2026-05-04 20:00:00+00:00,9622.758085173979
2026-05-04 21:00:00+00:00,9622.758085173979
2026-05-04 22:00:00+00:00,9622.758085173979
2026-05-04 23:00:00+00:00,9622.758085173979
2026-05-05 00:00:00+00:00,9622.758085173979
2026-05-05 01:00:00+00:00,9622.758085173979
2026-05-05 02:00:00+00:00,9622.758085173979
2026-05-05 03:00:00+00:00,9622.758085173979
2026-05-05 04:00:00+00:00,9622.758085173979
2026-05-05 05:00:00+00:00,9622.758085173979
2026-05-05 06:00:00+00:00,9622.758085173979
2026-05-05 07:00:00+00:00,9622.758085173979
2026-05-05 08:00:00+00:00,9622.758085173979
2026-05-05 09:00:00+00:00,9622.758085173979
2026-05-05 10:00:00+00:00,9622.758085173979
2026-05-05 11:00:00+00:00,9622.758085173979
2026-05-05 12:00:00+00:00,9622.758085173979
2026-05-05 13:00:00+00:00,9622.758085173979
2026-05-05 14:00:00+00:00,9622.758085173979
2026-05-05 15:00:00+00:00,9615.819479864298
2026-05-05 16:00:00+00:00,9636.893279864298
2026-05-05 17:00:00+00:00,9613.070890758938
2026-05-05 18:00:00+00:00,9610.279590758939
2026-05-05 19:00:00+00:00,9634.999590758938
2026-05-05 20:00:00+00:00,9644.351990758938
2026-05-05 21:00:00+00:00,9649.790390758939
2026-05-05 22:00:00+00:00,9624.66869075894
2026-05-05 23:00:00+00:00,9557.081730461518
2026-05-06 00:00:00+00:00,9557.081730461518
2026-05-06 01:00:00+00:00,9557.081730461518
2026-05-06 02:00:00+00:00,9557.081730461518
2026-05-06 03:00:00+00:00,9557.081730461518
2026-05-06 04:00:00+00:00,9557.081730461518
2026-05-06 05:00:00+00:00,9557.081730461518
2026-05-06 06:00:00+00:00,9557.081730461518
2026-05-06 07:00:00+00:00,9557.081730461518
2026-05-06 08:00:00+00:00,9557.081730461518
2026-05-06 09:00:00+00:00,9557.081730461518
2026-05-06 10:00:00+00:00,9555.25079512225
2026-05-06 11:00:00+00:00,9583.813595122252
2026-05-06 12:00:00+00:00,9608.38689512225
2026-05-06 13:00:00+00:00,9578.349495122251
2026-05-06 14:00:00+00:00,9510.377604216596
2026-05-06 15:00:00+00:00,9510.377604216596
2026-05-06 16:00:00+00:00,9510.377604216596
2026-05-06 17:00:00+00:00,9510.377604216596
2026-05-06 18:00:00+00:00,9510.377604216596
2026-05-06 19:00:00+00:00,9510.377604216596
2026-05-06 20:00:00+00:00,9510.377604216596
2026-05-06 21:00:00+00:00,9510.377604216596
2026-05-06 22:00:00+00:00,9510.377604216596
2026-05-06 23:00:00+00:00,9510.377604216596
2026-05-07 00:00:00+00:00,9510.377604216596
2026-05-07 01:00:00+00:00,9510.377604216596
2026-05-07 02:00:00+00:00,9510.377604216596
2026-05-07 03:00:00+00:00,9510.377604216596
2026-05-07 04:00:00+00:00,9510.377604216596
2026-05-07 05:00:00+00:00,9510.377604216596
2026-05-07 06:00:00+00:00,9510.377604216596
2026-05-07 07:00:00+00:00,9510.377604216596
2026-05-07 08:00:00+00:00,9510.377604216596
2026-05-07 09:00:00+00:00,9510.377604216596
2026-05-07 10:00:00+00:00,9510.377604216596
2026-05-07 11:00:00+00:00,9510.377604216596
2026-05-07 12:00:00+00:00,9510.377604216596
2026-05-07 13:00:00+00:00,9510.377604216596
2026-05-07 14:00:00+00:00,9510.377604216596
2026-05-07 15:00:00+00:00,9510.377604216596
2026-05-07 16:00:00+00:00,9510.377604216596
2026-05-07 17:00:00+00:00,9510.377604216596
2026-05-07 18:00:00+00:00,9510.377604216596
2026-05-07 19:00:00+00:00,9510.377604216596
2026-05-07 20:00:00+00:00,9510.377604216596
2026-05-07 21:00:00+00:00,9510.377604216596
2026-05-07 22:00:00+00:00,9510.377604216596
2026-05-07 23:00:00+00:00,9510.377604216596
2026-05-08 00:00:00+00:00,9510.377604216596
2026-05-08 01:00:00+00:00,9510.377604216596
2026-05-08 02:00:00+00:00,9510.377604216596
2026-05-08 03:00:00+00:00,9510.377604216596
2026-05-08 04:00:00+00:00,9510.377604216596
2026-05-08 05:00:00+00:00,9510.377604216596
2026-05-08 06:00:00+00:00,9510.377604216596
2026-05-08 07:00:00+00:00,9510.377604216596
2026-05-08 08:00:00+00:00,9510.377604216596
2026-05-08 09:00:00+00:00,9510.377604216596
2026-05-08 10:00:00+00:00,9510.377604216596
2026-05-08 11:00:00+00:00,9510.377604216596
2026-05-08 12:00:00+00:00,9510.377604216596
2026-05-08 13:00:00+00:00,9510.377604216596
2026-05-08 14:00:00+00:00,9510.377604216596
2026-05-08 15:00:00+00:00,9510.377604216596
2026-05-08 16:00:00+00:00,9510.377604216596
2026-05-08 17:00:00+00:00,9510.377604216596
2026-05-08 18:00:00+00:00,9510.377604216596
2026-05-08 19:00:00+00:00,9510.377604216596
2026-05-08 20:00:00+00:00,9510.377604216596
2026-05-08 21:00:00+00:00,9510.377604216596
2026-05-08 22:00:00+00:00,9510.377604216596
2026-05-08 23:00:00+00:00,9510.377604216596
2026-05-09 00:00:00+00:00,9510.377604216596
2026-05-09 01:00:00+00:00,9510.377604216596
2026-05-09 02:00:00+00:00,9510.377604216596
2026-05-09 03:00:00+00:00,9510.377604216596
2026-05-09 04:00:00+00:00,9510.377604216596
2026-05-09 05:00:00+00:00,9510.377604216596
2026-05-09 06:00:00+00:00,9510.377604216596
2026-05-09 07:00:00+00:00,9510.377604216596
2026-05-09 08:00:00+00:00,9510.377604216596
2026-05-09 09:00:00+00:00,9510.377604216596
2026-05-09 10:00:00+00:00,9510.377604216596
2026-05-09 11:00:00+00:00,9510.377604216596
2026-05-09 12:00:00+00:00,9510.377604216596
2026-05-09 13:00:00+00:00,9510.377604216596
2026-05-09 14:00:00+00:00,9510.377604216596
2026-05-09 15:00:00+00:00,9510.377604216596
2026-05-09 16:00:00+00:00,9510.377604216596
2026-05-09 17:00:00+00:00,9510.377604216596
2026-05-09 18:00:00+00:00,9510.377604216596
2026-05-09 19:00:00+00:00,9510.377604216596
2026-05-09 20:00:00+00:00,9510.377604216596
2026-05-09 21:00:00+00:00,9510.377604216596
2026-05-09 22:00:00+00:00,9510.377604216596
2026-05-09 23:00:00+00:00,9510.377604216596
2026-05-10 00:00:00+00:00,9510.377604216596
2026-05-10 01:00:00+00:00,9510.377604216596
2026-05-10 02:00:00+00:00,9510.377604216596
2026-05-10 03:00:00+00:00,9510.377604216596
2026-05-10 04:00:00+00:00,9510.377604216596
2026-05-10 05:00:00+00:00,9510.377604216596
2026-05-10 06:00:00+00:00,9510.377604216596
2026-05-10 07:00:00+00:00,9510.377604216596
2026-05-10 08:00:00+00:00,9510.377604216596
2026-05-10 09:00:00+00:00,9510.377604216596
2026-05-10 10:00:00+00:00,9510.377604216596
2026-05-10 11:00:00+00:00,9510.377604216596
2026-05-10 12:00:00+00:00,9510.377604216596
2026-05-10 13:00:00+00:00,9510.377604216596
2026-05-10 14:00:00+00:00,9510.377604216596
2026-05-10 15:00:00+00:00,9510.377604216596
2026-05-10 16:00:00+00:00,9510.377604216596
2026-05-10 17:00:00+00:00,9510.377604216596
2026-05-10 18:00:00+00:00,9510.377604216596
2026-05-10 19:00:00+00:00,9510.377604216596
2026-05-10 20:00:00+00:00,9510.377604216596
2026-05-10 21:00:00+00:00,9510.377604216596
2026-05-10 22:00:00+00:00,9510.377604216596
2026-05-10 23:00:00+00:00,9510.377604216596
2026-05-11 00:00:00+00:00,9510.377604216596
2026-05-11 01:00:00+00:00,9510.377604216596
2026-05-11 02:00:00+00:00,9510.377604216596
2026-05-11 03:00:00+00:00,9510.377604216596
2026-05-11 04:00:00+00:00,9510.377604216596
2026-05-11 05:00:00+00:00,9510.377604216596
2026-05-11 06:00:00+00:00,9510.377604216596
2026-05-11 07:00:00+00:00,9510.377604216596
2026-05-11 08:00:00+00:00,9510.377604216596
2026-05-11 09:00:00+00:00,9510.377604216596
2026-05-11 10:00:00+00:00,9510.377604216596
2026-05-11 11:00:00+00:00,9510.377604216596
2026-05-11 12:00:00+00:00,9510.377604216596
2026-05-11 13:00:00+00:00,9510.377604216596
2026-05-11 14:00:00+00:00,9510.377604216596
2026-05-11 15:00:00+00:00,9510.377604216596
2026-05-11 16:00:00+00:00,9510.377604216596
2026-05-11 17:00:00+00:00,9510.377604216596
2026-05-11 18:00:00+00:00,9510.377604216596
2026-05-11 19:00:00+00:00,9510.377604216596
2026-05-11 20:00:00+00:00,9510.377604216596
2026-05-11 21:00:00+00:00,9510.377604216596
2026-05-11 22:00:00+00:00,9510.377604216596
2026-05-11 23:00:00+00:00,9510.377604216596
2026-05-12 00:00:00+00:00,9510.377604216596
2026-05-12 01:00:00+00:00,9510.377604216596
2026-05-12 02:00:00+00:00,9510.377604216596
2026-05-12 03:00:00+00:00,9510.377604216596
2026-05-12 04:00:00+00:00,9510.377604216596
2026-05-12 05:00:00+00:00,9510.377604216596
2026-05-12 06:00:00+00:00,9510.377604216596
2026-05-12 07:00:00+00:00,9510.377604216596
2026-05-12 08:00:00+00:00,9510.377604216596
2026-05-12 09:00:00+00:00,9510.377604216596
2026-05-12 10:00:00+00:00,9510.377604216596
2026-05-12 11:00:00+00:00,9510.377604216596
2026-05-12 12:00:00+00:00,9510.377604216596
2026-05-12 13:00:00+00:00,9510.377604216596
2026-05-12 14:00:00+00:00,9510.377604216596
2026-05-12 15:00:00+00:00,9510.377604216596
2026-05-12 16:00:00+00:00,9510.377604216596
2026-05-12 17:00:00+00:00,9510.377604216596
2026-05-12 18:00:00+00:00,9510.377604216596
2026-05-12 19:00:00+00:00,9510.377604216596
2026-05-12 20:00:00+00:00,9510.377604216596
2026-05-12 21:00:00+00:00,9510.377604216596
2026-05-12 22:00:00+00:00,9510.377604216596
2026-05-12 23:00:00+00:00,9510.377604216596
2026-05-13 00:00:00+00:00,9510.377604216596
2026-05-13 01:00:00+00:00,9510.377604216596
2026-05-13 02:00:00+00:00,9510.377604216596
2026-05-13 03:00:00+00:00,9510.377604216596
2026-05-13 04:00:00+00:00,9510.377604216596
2026-05-13 05:00:00+00:00,9510.377604216596
2026-05-13 06:00:00+00:00,9510.377604216596
2026-05-13 07:00:00+00:00,9510.377604216596
2026-05-13 08:00:00+00:00,9510.377604216596
2026-05-13 09:00:00+00:00,9510.377604216596
2026-05-13 10:00:00+00:00,9510.377604216596
2026-05-13 11:00:00+00:00,9510.377604216596
2026-05-13 12:00:00+00:00,9510.377604216596
2026-05-13 13:00:00+00:00,9510.377604216596
2026-05-13 14:00:00+00:00,9510.377604216596
2026-05-13 15:00:00+00:00,9510.377604216596
2026-05-13 16:00:00+00:00,9510.377604216596
2026-05-13 17:00:00+00:00,9510.377604216596
2026-05-13 18:00:00+00:00,9510.377604216596
2026-05-13 19:00:00+00:00,9510.377604216596
2026-05-13 20:00:00+00:00,9510.377604216596
2026-05-13 21:00:00+00:00,9510.377604216596
2026-05-13 22:00:00+00:00,9510.377604216596
2026-05-13 23:00:00+00:00,9510.377604216596
2026-05-14 00:00:00+00:00,9510.377604216596
2026-05-14 01:00:00+00:00,9510.377604216596
2026-05-14 02:00:00+00:00,9510.377604216596
2026-05-14 03:00:00+00:00,9510.377604216596
2026-05-14 04:00:00+00:00,9510.377604216596
2026-05-14 05:00:00+00:00,9510.377604216596
2026-05-14 06:00:00+00:00,9510.377604216596
2026-05-14 07:00:00+00:00,9510.377604216596
2026-05-14 08:00:00+00:00,9510.377604216596
2026-05-14 09:00:00+00:00,9510.377604216596
2026-05-14 10:00:00+00:00,9510.377604216596
2026-05-14 11:00:00+00:00,9510.377604216596
2026-05-14 12:00:00+00:00,9510.377604216596
2026-05-14 13:00:00+00:00,9510.377604216596
2026-05-14 14:00:00+00:00,9510.377604216596
2026-05-14 15:00:00+00:00,9510.377604216596
2026-05-14 16:00:00+00:00,9510.377604216596
2026-05-14 17:00:00+00:00,9510.377604216596
2026-05-14 18:00:00+00:00,9510.377604216596
2026-05-14 19:00:00+00:00,9510.377604216596
2026-05-14 20:00:00+00:00,9510.377604216596
2026-05-14 21:00:00+00:00,9510.377604216596
2026-05-14 22:00:00+00:00,9510.377604216596
2026-05-14 23:00:00+00:00,9510.377604216596
2026-05-15 00:00:00+00:00,9510.377604216596
2026-05-15 01:00:00+00:00,9510.377604216596
2026-05-15 02:00:00+00:00,9510.377604216596
2026-05-15 03:00:00+00:00,9510.377604216596
2026-05-15 04:00:00+00:00,9510.377604216596
2026-05-15 05:00:00+00:00,9510.377604216596
2026-05-15 06:00:00+00:00,9510.377604216596
2026-05-15 07:00:00+00:00,9510.377604216596
2026-05-15 08:00:00+00:00,9510.377604216596
2026-05-15 09:00:00+00:00,9510.377604216596
2026-05-15 10:00:00+00:00,9510.377604216596
2026-05-15 11:00:00+00:00,9510.377604216596
2026-05-15 12:00:00+00:00,9510.377604216596
2026-05-15 13:00:00+00:00,9510.377604216596
2026-05-15 14:00:00+00:00,9510.377604216596
2026-05-15 15:00:00+00:00,9510.377604216596
2026-05-15 16:00:00+00:00,9510.377604216596
2026-05-15 17:00:00+00:00,9510.377604216596
2026-05-15 18:00:00+00:00,9510.377604216596
2026-05-15 19:00:00+00:00,9510.377604216596
2026-05-15 20:00:00+00:00,9510.377604216596
2026-05-15 21:00:00+00:00,9510.377604216596
2026-05-15 22:00:00+00:00,9510.377604216596
2026-05-15 23:00:00+00:00,9510.377604216596
2026-05-16 00:00:00+00:00,9510.377604216596
2026-05-16 01:00:00+00:00,9510.377604216596
2026-05-16 02:00:00+00:00,9510.377604216596
2026-05-16 03:00:00+00:00,9510.377604216596
2026-05-16 04:00:00+00:00,9510.377604216596
2026-05-16 05:00:00+00:00,9510.377604216596
2026-05-16 06:00:00+00:00,9510.377604216596
2026-05-16 07:00:00+00:00,9510.377604216596
2026-05-16 08:00:00+00:00,9510.377604216596
2026-05-16 09:00:00+00:00,9495.169505067652
2026-05-16 10:00:00+00:00,9535.99490506765
2026-05-16 11:00:00+00:00,9549.84940506765
2026-05-16 12:00:00+00:00,9537.15650506765
2026-05-16 13:00:00+00:00,9544.71900506765
2026-05-16 14:00:00+00:00,9543.763105067652
2026-05-16 15:00:00+00:00,9531.372705067652
2026-05-16 16:00:00+00:00,9518.81290506765
2026-05-16 17:00:00+00:00,9522.476121104351
2026-05-16 18:00:00+00:00,9523.504621104352
2026-05-16 19:00:00+00:00,9518.567821104352
2026-05-16 20:00:00+00:00,9515.688021104352
2026-05-16 21:00:00+00:00,9516.789121104352
2026-05-16 22:00:00+00:00,9515.034621104352
2026-05-16 23:00:00+00:00,9525.404321104352
2026-05-17 00:00:00+00:00,9530.159621104352
2026-05-17 01:00:00+00:00,9553.385942645862
2026-05-17 02:00:00+00:00,9580.889242645862
2026-05-17 03:00:00+00:00,9560.537042645861
2026-05-17 04:00:00+00:00,9544.335142645863
2026-05-17 05:00:00+00:00,9528.943942645863
2026-05-17 06:00:00+00:00,9505.411123230471
2026-05-17 07:00:00+00:00,9505.411123230471
2026-05-17 08:00:00+00:00,9505.411123230471
2026-05-17 09:00:00+00:00,9505.411123230471
2026-05-17 10:00:00+00:00,9505.411123230471
2026-05-17 11:00:00+00:00,9505.411123230471
2026-05-17 12:00:00+00:00,9505.411123230471
2026-05-17 13:00:00+00:00,9505.411123230471
2026-05-17 14:00:00+00:00,9505.411123230471
2026-05-17 15:00:00+00:00,9505.411123230471
2026-05-17 16:00:00+00:00,9505.411123230471
2026-05-17 17:00:00+00:00,9505.411123230471
2026-05-17 18:00:00+00:00,9505.411123230471
2026-05-17 19:00:00+00:00,9505.411123230471
2026-05-17 20:00:00+00:00,9505.411123230471
2026-05-17 21:00:00+00:00,9505.411123230471
2026-05-17 22:00:00+00:00,9505.411123230471
2026-05-17 23:00:00+00:00,9505.411123230471
2026-05-18 00:00:00+00:00,9505.411123230471
2026-05-18 01:00:00+00:00,9527.984365682056
2026-05-18 02:00:00+00:00,9539.110765682055
2026-05-18 03:00:00+00:00,9572.672965682055
2026-05-18 04:00:00+00:00,9561.619765682055
2026-05-18 05:00:00+00:00,9549.395365682056
2026-05-18 06:00:00+00:00,9563.266765682054
2026-05-18 07:00:00+00:00,9563.901165682055
2026-05-18 08:00:00+00:00,9544.612965682056
2026-05-18 09:00:00+00:00,9549.840829443874
2026-05-18 10:00:00+00:00,9561.992029443874
2026-05-18 11:00:00+00:00,9582.512429443874
2026-05-18 12:00:00+00:00,9518.852829443875
2026-05-18 13:00:00+00:00,9491.259877552015
2026-05-18 14:00:00+00:00,9491.259877552015
2026-05-18 15:00:00+00:00,9491.259877552015
2026-05-18 16:00:00+00:00,9482.007979206614
2026-05-18 17:00:00+00:00,9484.176332467414
2026-05-18 18:00:00+00:00,9454.796332467413
2026-05-18 19:00:00+00:00,9499.746332467414
2026-05-18 20:00:00+00:00,9432.056332467413
2026-05-18 21:00:00+00:00,9402.70455879338
2026-05-18 22:00:00+00:00,9402.70455879338
2026-05-18 23:00:00+00:00,9402.70455879338
2026-05-19 00:00:00+00:00,9402.70455879338
2026-05-19 01:00:00+00:00,9402.70455879338
2026-05-19 02:00:00+00:00,9402.70455879338
2026-05-19 03:00:00+00:00,9402.70455879338
2026-05-19 04:00:00+00:00,9402.70455879338
2026-05-19 05:00:00+00:00,9402.70455879338
2026-05-19 06:00:00+00:00,9402.70455879338
2026-05-19 07:00:00+00:00,9402.70455879338
2026-05-19 08:00:00+00:00,9402.70455879338
2026-05-19 09:00:00+00:00,9402.70455879338
2026-05-19 10:00:00+00:00,9402.70455879338
2026-05-19 11:00:00+00:00,9402.70455879338
2026-05-19 12:00:00+00:00,9402.70455879338
2026-05-19 13:00:00+00:00,9402.70455879338
2026-05-19 14:00:00+00:00,9402.70455879338
2026-05-19 15:00:00+00:00,9402.70455879338
2026-05-19 16:00:00+00:00,9402.70455879338
2026-05-19 17:00:00+00:00,9402.70455879338
2026-05-19 18:00:00+00:00,9402.70455879338
2026-05-19 19:00:00+00:00,9402.70455879338
2026-05-19 20:00:00+00:00,9402.70455879338
2026-05-19 21:00:00+00:00,9402.70455879338
2026-05-19 22:00:00+00:00,9402.70455879338
2026-05-19 23:00:00+00:00,9402.70455879338
2026-05-20 00:00:00+00:00,9402.70455879338
2026-05-20 01:00:00+00:00,9402.70455879338
2026-05-20 02:00:00+00:00,9402.70455879338
2026-05-20 03:00:00+00:00,9402.70455879338
2026-05-20 04:00:00+00:00,9402.70455879338
2026-05-20 05:00:00+00:00,9402.70455879338
2026-05-20 06:00:00+00:00,9402.70455879338
2026-05-20 07:00:00+00:00,9402.70455879338
2026-05-20 08:00:00+00:00,9402.70455879338
2026-05-20 09:00:00+00:00,9402.70455879338
2026-05-20 10:00:00+00:00,9402.70455879338
2026-05-20 11:00:00+00:00,9402.70455879338
2026-05-20 12:00:00+00:00,9402.70455879338
2026-05-20 13:00:00+00:00,9402.70455879338
2026-05-20 14:00:00+00:00,9402.70455879338
2026-05-20 15:00:00+00:00,9402.70455879338
2026-05-20 16:00:00+00:00,9402.70455879338
2026-05-20 17:00:00+00:00,9402.70455879338
2026-05-20 18:00:00+00:00,9402.70455879338
2026-05-20 19:00:00+00:00,9402.70455879338
2026-05-20 20:00:00+00:00,9402.70455879338
2026-05-20 21:00:00+00:00,9402.70455879338
2026-05-20 22:00:00+00:00,9402.70455879338
2026-05-20 23:00:00+00:00,9402.70455879338
2026-05-21 00:00:00+00:00,9402.70455879338
2026-05-21 01:00:00+00:00,9402.70455879338
2026-05-21 02:00:00+00:00,9402.70455879338
2026-05-21 03:00:00+00:00,9402.70455879338
2026-05-21 04:00:00+00:00,9402.70455879338
2026-05-21 05:00:00+00:00,9402.70455879338
2026-05-21 06:00:00+00:00,9402.70455879338
2026-05-21 07:00:00+00:00,9402.70455879338
2026-05-21 08:00:00+00:00,9402.70455879338
2026-05-21 09:00:00+00:00,9402.70455879338
2026-05-21 10:00:00+00:00,9402.70455879338
2026-05-21 11:00:00+00:00,9402.70455879338
2026-05-21 12:00:00+00:00,9402.70455879338
2026-05-21 13:00:00+00:00,9402.70455879338
2026-05-21 14:00:00+00:00,9402.70455879338
2026-05-21 15:00:00+00:00,9402.70455879338
2026-05-21 16:00:00+00:00,9402.70455879338
2026-05-21 17:00:00+00:00,9402.70455879338
2026-05-21 18:00:00+00:00,9402.70455879338
2026-05-21 19:00:00+00:00,9402.70455879338
2026-05-21 20:00:00+00:00,9402.70455879338
2026-05-21 21:00:00+00:00,9402.70455879338
2026-05-21 22:00:00+00:00,9402.70455879338
2026-05-21 23:00:00+00:00,9402.70455879338
2026-05-22 00:00:00+00:00,9402.70455879338
2026-05-22 01:00:00+00:00,9402.70455879338
2026-05-22 02:00:00+00:00,9402.70455879338
2026-05-22 03:00:00+00:00,9402.70455879338
2026-05-22 04:00:00+00:00,9402.70455879338
2026-05-22 05:00:00+00:00,9402.70455879338
2026-05-22 06:00:00+00:00,9402.70455879338
2026-05-22 07:00:00+00:00,9402.70455879338
2026-05-22 08:00:00+00:00,9402.70455879338
2026-05-22 09:00:00+00:00,9402.70455879338
2026-05-22 10:00:00+00:00,9402.70455879338
2026-05-22 11:00:00+00:00,9402.70455879338
2026-05-22 12:00:00+00:00,9402.70455879338
2026-05-22 13:00:00+00:00,9402.70455879338
2026-05-22 14:00:00+00:00,9402.70455879338
2026-05-22 15:00:00+00:00,9402.70455879338
2026-05-22 16:00:00+00:00,9402.70455879338
2026-05-22 17:00:00+00:00,9402.70455879338
2026-05-22 18:00:00+00:00,9402.70455879338
2026-05-22 19:00:00+00:00,9402.70455879338
2026-05-22 20:00:00+00:00,9402.70455879338
2026-05-22 21:00:00+00:00,9382.846177269963
2026-05-22 22:00:00+00:00,9382.780177269962
2026-05-22 23:00:00+00:00,9408.740177269961
2026-05-23 00:00:00+00:00,9429.739177269961
2026-05-23 01:00:00+00:00,9450.116281112993
2026-05-23 02:00:00+00:00,9435.629281112993
2026-05-23 03:00:00+00:00,9426.609281112993
2026-05-23 04:00:00+00:00,9420.427281112992
2026-05-23 05:00:00+00:00,9430.668281112992
2026-05-23 06:00:00+00:00,9437.048281112991
2026-05-23 07:00:00+00:00,9445.848281112992
2026-05-23 08:00:00+00:00,9533.287281112991
2026-05-23 09:00:00+00:00,9524.362362395992
2026-05-23 10:00:00+00:00,9527.090362395991
2026-05-23 11:00:00+00:00,9520.765362395992
2026-05-23 12:00:00+00:00,9512.449362395992
2026-05-23 13:00:00+00:00,9516.55236239599
2026-05-23 14:00:00+00:00,9466.535362395993
2026-05-23 15:00:00+00:00,9446.240167673932
2026-05-23 16:00:00+00:00,9446.240167673932
2026-05-23 17:00:00+00:00,9446.240167673932
2026-05-23 18:00:00+00:00,9446.240167673932
2026-05-23 19:00:00+00:00,9446.240167673932
2026-05-23 20:00:00+00:00,9446.240167673932
2026-05-23 21:00:00+00:00,9446.240167673932
2026-05-23 22:00:00+00:00,9446.240167673932
2026-05-23 23:00:00+00:00,9446.240167673932
2026-05-24 00:00:00+00:00,9446.240167673932
2026-05-24 01:00:00+00:00,9446.240167673932
2026-05-24 02:00:00+00:00,9446.240167673932
2026-05-24 03:00:00+00:00,9446.240167673932
2026-05-24 04:00:00+00:00,9446.240167673932
2026-05-24 05:00:00+00:00,9446.240167673932
2026-05-24 06:00:00+00:00,9446.240167673932
2026-05-24 07:00:00+00:00,9446.240167673932
2026-05-24 08:00:00+00:00,9446.240167673932
2026-05-24 09:00:00+00:00,9446.240167673932
2026-05-24 10:00:00+00:00,9446.240167673932
2026-05-24 11:00:00+00:00,9446.240167673932
2026-05-24 12:00:00+00:00,9446.240167673932
2026-05-24 13:00:00+00:00,9446.240167673932
2026-05-24 14:00:00+00:00,9446.240167673932
2026-05-24 15:00:00+00:00,9446.240167673932
2026-05-24 16:00:00+00:00,9446.240167673932
2026-05-24 17:00:00+00:00,9446.240167673932
2026-05-24 18:00:00+00:00,9446.240167673932
2026-05-24 19:00:00+00:00,9446.240167673932
2026-05-24 20:00:00+00:00,9446.240167673932
2026-05-24 21:00:00+00:00,9446.240167673932
2026-05-24 22:00:00+00:00,9446.240167673932
2026-05-24 23:00:00+00:00,9446.240167673932
2026-05-25 00:00:00+00:00,9446.240167673932
2026-05-25 01:00:00+00:00,9446.240167673932
2026-05-25 02:00:00+00:00,9446.240167673932
2026-05-25 03:00:00+00:00,9446.240167673932
2026-05-25 04:00:00+00:00,9446.240167673932
2026-05-25 05:00:00+00:00,9446.240167673932
2026-05-25 06:00:00+00:00,9446.240167673932
2026-05-25 07:00:00+00:00,9446.240167673932
2026-05-25 08:00:00+00:00,9446.240167673932
2026-05-25 09:00:00+00:00,9446.240167673932
2026-05-25 10:00:00+00:00,9446.240167673932
2026-05-25 11:00:00+00:00,9446.240167673932
2026-05-25 12:00:00+00:00,9446.240167673932
2026-05-25 13:00:00+00:00,9446.240167673932
2026-05-25 14:00:00+00:00,9446.240167673932
2026-05-25 15:00:00+00:00,9446.240167673932
2026-05-25 16:00:00+00:00,9446.240167673932
2026-05-25 17:00:00+00:00,9446.240167673932
2026-05-25 18:00:00+00:00,9446.240167673932
2026-05-25 19:00:00+00:00,9446.240167673932
2026-05-25 20:00:00+00:00,9446.240167673932
2026-05-25 21:00:00+00:00,9446.240167673932
2026-05-25 22:00:00+00:00,9446.240167673932
2026-05-25 23:00:00+00:00,9446.240167673932
2026-05-26 00:00:00+00:00,9446.240167673932
2026-05-26 01:00:00+00:00,9446.240167673932
2026-05-26 02:00:00+00:00,9446.240167673932
2026-05-26 03:00:00+00:00,9446.240167673932
2026-05-26 04:00:00+00:00,9446.240167673932
2026-05-26 05:00:00+00:00,9446.240167673932
2026-05-26 06:00:00+00:00,9446.240167673932
2026-05-26 07:00:00+00:00,9446.240167673932
2026-05-26 08:00:00+00:00,9446.240167673932
2026-05-26 09:00:00+00:00,9446.240167673932
2026-05-26 10:00:00+00:00,9446.240167673932
2026-05-26 11:00:00+00:00,9446.240167673932
2026-05-26 12:00:00+00:00,9446.240167673932
2026-05-26 13:00:00+00:00,9446.240167673932
2026-05-26 14:00:00+00:00,9446.240167673932
2026-05-26 15:00:00+00:00,9446.240167673932
2026-05-26 16:00:00+00:00,9446.240167673932
2026-05-26 17:00:00+00:00,9446.240167673932
2026-05-26 18:00:00+00:00,9446.240167673932
2026-05-26 19:00:00+00:00,9446.240167673932
2026-05-26 20:00:00+00:00,9446.240167673932
2026-05-26 21:00:00+00:00,9446.240167673932
2026-05-26 22:00:00+00:00,9446.240167673932
2026-05-26 23:00:00+00:00,9446.240167673932
2026-05-27 00:00:00+00:00,9446.240167673932
2026-05-27 01:00:00+00:00,9446.240167673932
2026-05-27 02:00:00+00:00,9446.240167673932
2026-05-27 03:00:00+00:00,9446.240167673932
2026-05-27 04:00:00+00:00,9446.240167673932
2026-05-27 05:00:00+00:00,9446.240167673932
2026-05-27 06:00:00+00:00,9446.240167673932
2026-05-27 07:00:00+00:00,9446.240167673932
2026-05-27 08:00:00+00:00,9446.240167673932
2026-05-27 09:00:00+00:00,9446.240167673932
2026-05-27 10:00:00+00:00,9446.240167673932
2026-05-27 11:00:00+00:00,9446.240167673932
2026-05-27 12:00:00+00:00,9446.240167673932
2026-05-27 13:00:00+00:00,9446.240167673932
2026-05-27 14:00:00+00:00,9446.240167673932
2026-05-27 15:00:00+00:00,9446.240167673932
2026-05-27 16:00:00+00:00,9446.240167673932
2026-05-27 17:00:00+00:00,9446.240167673932
2026-05-27 18:00:00+00:00,9446.240167673932
2026-05-27 19:00:00+00:00,9446.240167673932
2026-05-27 20:00:00+00:00,9446.240167673932
2026-05-27 21:00:00+00:00,9446.240167673932
2026-05-27 22:00:00+00:00,9446.240167673932
2026-05-27 23:00:00+00:00,9446.240167673932
2026-05-28 00:00:00+00:00,9446.240167673932
2026-05-28 01:00:00+00:00,9446.240167673932
2026-05-28 02:00:00+00:00,9446.240167673932
2026-05-28 03:00:00+00:00,9446.240167673932
2026-05-28 04:00:00+00:00,9446.240167673932
2026-05-28 05:00:00+00:00,9447.487411170387
2026-05-28 06:00:00+00:00,9464.711011170388
2026-05-28 07:00:00+00:00,9445.088011170388
2026-05-28 08:00:00+00:00,9417.550711170388
2026-05-28 09:00:00+00:00,9433.982084287798
2026-05-28 10:00:00+00:00,9413.512784287797
2026-05-28 11:00:00+00:00,9426.430484287797
2026-05-28 12:00:00+00:00,9416.767784287797
2026-05-28 13:00:00+00:00,9415.149584287798
2026-05-28 14:00:00+00:00,9462.393584287798
2026-05-28 15:00:00+00:00,9461.556584287797
2026-05-28 16:00:00+00:00,9470.707784287797
2026-05-28 17:00:00+00:00,9423.407044987798
2026-05-28 18:00:00+00:00,9413.809444987799
2026-05-28 19:00:00+00:00,9403.746844987798
2026-05-28 20:00:00+00:00,9425.406544987798
2026-05-28 21:00:00+00:00,9410.526544987799
2026-05-28 22:00:00+00:00,9376.049960952196
2026-05-28 23:00:00+00:00,9376.049960952196
2026-05-29 00:00:00+00:00,9376.049960952196
2026-05-29 01:00:00+00:00,9376.049960952196
2026-05-29 02:00:00+00:00,9376.049960952196
2026-05-29 03:00:00+00:00,9376.049960952196
2026-05-29 04:00:00+00:00,9376.049960952196
2026-05-29 05:00:00+00:00,9376.049960952196
2026-05-29 06:00:00+00:00,9376.049960952196
2026-05-29 07:00:00+00:00,9376.049960952196
2026-05-29 08:00:00+00:00,9376.049960952196
2026-05-29 09:00:00+00:00,9376.049960952196
2026-05-29 10:00:00+00:00,9376.049960952196
2026-05-29 11:00:00+00:00,9376.049960952196
2026-05-29 12:00:00+00:00,9376.049960952196
2026-05-29 13:00:00+00:00,9376.049960952196
2026-05-29 14:00:00+00:00,9376.049960952196
2026-05-29 15:00:00+00:00,9376.049960952196
2026-05-29 16:00:00+00:00,9376.049960952196
2026-05-29 17:00:00+00:00,9376.049960952196
2026-05-29 18:00:00+00:00,9376.049960952196
2026-05-29 19:00:00+00:00,9376.049960952196
2026-05-29 20:00:00+00:00,9376.049960952196
2026-05-29 21:00:00+00:00,9376.049960952196
2026-05-29 22:00:00+00:00,9376.049960952196
2026-05-29 23:00:00+00:00,9376.049960952196
2026-05-30 00:00:00+00:00,9376.049960952196
2026-05-30 01:00:00+00:00,9376.049960952196
2026-05-30 02:00:00+00:00,9376.049960952196
2026-05-30 03:00:00+00:00,9376.049960952196
2026-05-30 04:00:00+00:00,9376.049960952196
2026-05-30 05:00:00+00:00,9376.049960952196
2026-05-30 06:00:00+00:00,9376.049960952196
2026-05-30 07:00:00+00:00,9376.049960952196
2026-05-30 08:00:00+00:00,9376.049960952196
2026-05-30 09:00:00+00:00,9376.049960952196
2026-05-30 10:00:00+00:00,9376.049960952196
2026-05-30 11:00:00+00:00,9376.049960952196
2026-05-30 12:00:00+00:00,9376.049960952196
2026-05-30 13:00:00+00:00,9376.049960952196
2026-05-30 14:00:00+00:00,9376.049960952196
2026-05-30 15:00:00+00:00,9376.049960952196
2026-05-30 16:00:00+00:00,9376.049960952196
2026-05-30 17:00:00+00:00,9376.049960952196
2026-05-30 18:00:00+00:00,9376.049960952196
2026-05-30 19:00:00+00:00,9376.049960952196
2026-05-30 20:00:00+00:00,9376.049960952196
2026-05-30 21:00:00+00:00,9376.049960952196
2026-05-30 22:00:00+00:00,9376.049960952196
2026-05-30 23:00:00+00:00,9376.049960952196
2026-05-31 00:00:00+00:00,9376.049960952196
2026-05-31 01:00:00+00:00,9376.049960952196
2026-05-31 02:00:00+00:00,9376.049960952196
2026-05-31 03:00:00+00:00,9376.049960952196
2026-05-31 04:00:00+00:00,9376.049960952196
2026-05-31 05:00:00+00:00,9376.049960952196
2026-05-31 06:00:00+00:00,9376.049960952196
2026-05-31 07:00:00+00:00,9376.049960952196
2026-05-31 08:00:00+00:00,9376.049960952196
2026-05-31 09:00:00+00:00,9376.049960952196
2026-05-31 10:00:00+00:00,9376.049960952196
2026-05-31 11:00:00+00:00,9376.049960952196
2026-05-31 12:00:00+00:00,9376.049960952196
2026-05-31 13:00:00+00:00,9376.049960952196
2026-05-31 14:00:00+00:00,9376.049960952196
2026-05-31 15:00:00+00:00,9376.049960952196
2026-05-31 16:00:00+00:00,9376.049960952196
2026-05-31 17:00:00+00:00,9376.049960952196
2026-05-31 18:00:00+00:00,9376.049960952196
2026-05-31 19:00:00+00:00,9376.049960952196
2026-05-31 20:00:00+00:00,9376.049960952196
2026-05-31 21:00:00+00:00,9376.049960952196
2026-05-31 22:00:00+00:00,9376.049960952196
2026-05-31 23:00:00+00:00,9376.049960952196
2026-06-01 00:00:00+00:00,9376.049960952196
2026-06-01 01:00:00+00:00,9376.049960952196
2026-06-01 02:00:00+00:00,9376.049960952196
2026-06-01 03:00:00+00:00,9376.049960952196
2026-06-01 04:00:00+00:00,9376.049960952196
2026-06-01 05:00:00+00:00,9376.049960952196
2026-06-01 06:00:00+00:00,9376.049960952196
2026-06-01 07:00:00+00:00,9376.049960952196
2026-06-01 08:00:00+00:00,9376.049960952196
2026-06-01 09:00:00+00:00,9376.049960952196
2026-06-01 10:00:00+00:00,9376.049960952196
2026-06-01 11:00:00+00:00,9376.049960952196
2026-06-01 12:00:00+00:00,9376.049960952196
2026-06-01 13:00:00+00:00,9376.049960952196
2026-06-01 14:00:00+00:00,9376.049960952196
2026-06-01 15:00:00+00:00,9384.885711487948
2026-06-01 16:00:00+00:00,9431.14301148795
2026-06-01 17:00:00+00:00,9386.730436337948
2026-06-01 18:00:00+00:00,9378.469836337948
2026-06-01 19:00:00+00:00,9393.693236337947
2026-06-01 20:00:00+00:00,9383.300536337949
2026-06-01 21:00:00+00:00,9398.874136337949
2026-06-01 22:00:00+00:00,9441.639736337947
2026-06-01 23:00:00+00:00,9403.323736337947
2026-06-02 00:00:00+00:00,9401.789036337948
2026-06-02 01:00:00+00:00,9415.389068787947
2026-06-02 02:00:00+00:00,9482.483268787948
2026-06-02 03:00:00+00:00,9461.388868787948
2026-06-02 04:00:00+00:00,9451.016768787948
2026-06-02 05:00:00+00:00,9465.271968787947
2026-06-02 06:00:00+00:00,9521.633568787947
2026-06-02 07:00:00+00:00,9537.948768787948
2026-06-02 08:00:00+00:00,9537.670668787949
2026-06-02 09:00:00+00:00,9567.4580382791
2026-06-02 10:00:00+00:00,9608.781638279099
2026-06-02 11:00:00+00:00,9585.338838279098
2026-06-02 12:00:00+00:00,9604.9706382791
2026-06-02 13:00:00+00:00,9630.302260516495
2026-06-02 14:00:00+00:00,9643.207114024208
2026-06-02 15:00:00+00:00,9719.901514024206
2026-06-02 16:00:00+00:00,9788.637514024207
2026-06-02 17:00:00+00:00,9777.752459493006
2026-06-02 18:00:00+00:00,9770.744459493006
2026-06-02 19:00:00+00:00,9785.192459493006
2026-06-02 20:00:00+00:00,9787.957259493007
2026-06-02 21:00:00+00:00,9762.104459493006
2026-06-02 22:00:00+00:00,9764.398859493005
2026-06-02 23:00:00+00:00,9877.477259493005
2026-06-03 00:00:00+00:00,9841.400459493007
2026-06-03 01:00:00+00:00,9825.520255812846
2026-06-03 02:00:00+00:00,9826.422655812845
2026-06-03 03:00:00+00:00,9855.491455812846
2026-06-03 04:00:00+00:00,9894.813506111775
2026-06-03 05:00:00+00:00,9847.884907145062
2026-06-03 06:00:00+00:00,9789.165907145061
2026-06-03 07:00:00+00:00,9812.688007145061
2026-06-03 08:00:00+00:00,9796.307407145063
2026-06-03 09:00:00+00:00,9810.28081743053
2026-06-03 10:00:00+00:00,9806.61001743053
2026-06-03 11:00:00+00:00,9791.49211743053
2026-06-03 12:00:00+00:00,9806.665217430529
2026-06-03 13:00:00+00:00,9805.92691743053
2026-06-03 14:00:00+00:00,9817.38091743053
2026-06-03 15:00:00+00:00,9820.41001743053
2026-06-03 16:00:00+00:00,9875.223617430529
2026-06-03 17:00:00+00:00,9876.30723897053
2026-06-03 18:00:00+00:00,9883.44183897053
2026-06-03 19:00:00+00:00,9878.432438970529
2026-06-03 20:00:00+00:00,9918.31443897053
2026-06-03 21:00:00+00:00,9949.84053897053
2026-06-03 22:00:00+00:00,9896.924438970529
2026-06-03 23:00:00+00:00,9956.02293897053
2026-06-04 00:00:00+00:00,10008.766538970529
2026-06-04 01:00:00+00:00,10064.313911451694
2026-06-04 02:00:00+00:00,10145.326811451694
2026-06-04 03:00:00+00:00,10172.22746248742
2026-06-04 04:00:00+00:00,10172.22746248742
2026-06-04 05:00:00+00:00,10172.22746248742
2026-06-04 06:00:00+00:00,10172.22746248742
2026-06-04 07:00:00+00:00,10172.22746248742
2026-06-04 08:00:00+00:00,10172.22746248742
2026-06-04 09:00:00+00:00,10172.22746248742
2026-06-04 10:00:00+00:00,10172.22746248742
2026-06-04 11:00:00+00:00,10172.22746248742
2026-06-04 12:00:00+00:00,10172.22746248742
2026-06-04 13:00:00+00:00,10172.22746248742
2026-06-04 14:00:00+00:00,10172.22746248742
2026-06-04 15:00:00+00:00,10172.22746248742
2026-06-04 16:00:00+00:00,10172.22746248742
2026-06-04 17:00:00+00:00,10172.22746248742
2026-06-04 18:00:00+00:00,10172.22746248742
2026-06-04 19:00:00+00:00,10172.22746248742
2026-06-04 20:00:00+00:00,10172.22746248742
2026-06-04 21:00:00+00:00,10172.22746248742
2026-06-04 22:00:00+00:00,10172.22746248742
2026-06-04 23:00:00+00:00,10172.22746248742
2026-06-05 00:00:00+00:00,10172.22746248742
2026-06-05 01:00:00+00:00,10172.22746248742
2026-06-05 02:00:00+00:00,10172.22746248742
2026-06-05 03:00:00+00:00,10172.22746248742
2026-06-05 04:00:00+00:00,10172.22746248742
2026-06-05 05:00:00+00:00,10172.22746248742
2026-06-05 06:00:00+00:00,10172.22746248742
2026-06-05 07:00:00+00:00,10172.22746248742
2026-06-05 08:00:00+00:00,10172.22746248742
2026-06-05 09:00:00+00:00,10172.22746248742
2026-06-05 10:00:00+00:00,10172.22746248742
2026-06-05 11:00:00+00:00,10172.22746248742
2026-06-05 12:00:00+00:00,10172.22746248742
2026-06-05 13:00:00+00:00,10172.22746248742
2026-06-05 14:00:00+00:00,10172.22746248742
2026-06-05 15:00:00+00:00,10162.507651923164
2026-06-05 16:00:00+00:00,10184.966451923165
2026-06-05 17:00:00+00:00,10135.159746460156
2026-06-05 18:00:00+00:00,10164.882946460157
2026-06-05 19:00:00+00:00,10238.946546460156
2026-06-05 20:00:00+00:00,10191.860546460157
2026-06-05 21:00:00+00:00,10125.951995891515
2026-06-05 22:00:00+00:00,10125.951995891515
2026-06-05 23:00:00+00:00,10125.951995891515
2026-06-06 00:00:00+00:00,10125.951995891515
2026-06-06 01:00:00+00:00,10125.951995891515
2026-06-06 02:00:00+00:00,10125.951995891515
2026-06-06 03:00:00+00:00,10125.951995891515
2026-06-06 04:00:00+00:00,10125.951995891515
2026-06-06 05:00:00+00:00,10125.951995891515
2026-06-06 06:00:00+00:00,10125.951995891515
2026-06-06 07:00:00+00:00,10125.951995891515
2026-06-06 08:00:00+00:00,10125.951995891515
2026-06-06 09:00:00+00:00,10125.951995891515
2026-06-06 10:00:00+00:00,10125.951995891515
2026-06-06 11:00:00+00:00,10125.951995891515
2026-06-06 12:00:00+00:00,10125.951995891515
2026-06-06 13:00:00+00:00,10125.951995891515
2026-06-06 14:00:00+00:00,10125.951995891515
2026-06-06 15:00:00+00:00,10125.951995891515
2026-06-06 16:00:00+00:00,10125.951995891515
2026-06-06 17:00:00+00:00,10125.951995891515
2026-06-06 18:00:00+00:00,10125.951995891515
2026-06-06 19:00:00+00:00,10125.951995891515
2026-06-06 20:00:00+00:00,10125.951995891515
2026-06-06 21:00:00+00:00,10125.951995891515
2026-06-06 22:00:00+00:00,10125.951995891515
2026-06-06 23:00:00+00:00,10125.951995891515
2026-06-07 00:00:00+00:00,10125.951995891515
2026-06-07 01:00:00+00:00,10125.951995891515
2026-06-07 02:00:00+00:00,10125.951995891515
2026-06-07 03:00:00+00:00,10125.951995891515
2026-06-07 04:00:00+00:00,10125.951995891515
2026-06-07 05:00:00+00:00,10125.951995891515
2026-06-07 06:00:00+00:00,10125.951995891515
2026-06-07 07:00:00+00:00,10125.951995891515
2026-06-07 08:00:00+00:00,10125.951995891515
2026-06-07 09:00:00+00:00,10125.951995891515
2026-06-07 10:00:00+00:00,10125.951995891515
2026-06-07 11:00:00+00:00,10125.951995891515
2026-06-07 12:00:00+00:00,10125.951995891515
2026-06-07 13:00:00+00:00,10125.951995891515
2026-06-07 14:00:00+00:00,10125.951995891515
2026-06-07 15:00:00+00:00,10125.951995891515
2026-06-07 16:00:00+00:00,10125.951995891515
2026-06-07 17:00:00+00:00,10125.951995891515
2026-06-07 18:00:00+00:00,10125.951995891515
2026-06-07 19:00:00+00:00,10125.951995891515
2026-06-07 20:00:00+00:00,10125.951995891515
2026-06-07 21:00:00+00:00,10125.951995891515
2026-06-07 22:00:00+00:00,10125.951995891515
2026-06-07 23:00:00+00:00,10125.951995891515
2026-06-08 00:00:00+00:00,10125.951995891515
2026-06-08 01:00:00+00:00,10125.951995891515
2026-06-08 02:00:00+00:00,10125.951995891515
2026-06-08 03:00:00+00:00,10125.951995891515
2026-06-08 04:00:00+00:00,10125.951995891515
2026-06-08 05:00:00+00:00,10125.951995891515
2026-06-08 06:00:00+00:00,10125.951995891515
2026-06-08 07:00:00+00:00,10125.951995891515
2026-06-08 08:00:00+00:00,10125.951995891515
2026-06-08 09:00:00+00:00,10125.951995891515
2026-06-08 10:00:00+00:00,10125.951995891515
2026-06-08 11:00:00+00:00,10125.951995891515
2026-06-08 12:00:00+00:00,10125.951995891515
2026-06-08 13:00:00+00:00,10125.951995891515
2026-06-08 14:00:00+00:00,10125.951995891515
2026-06-08 15:00:00+00:00,10125.951995891515
2026-06-08 16:00:00+00:00,10125.951995891515
2026-06-08 17:00:00+00:00,10125.951995891515
2026-06-08 18:00:00+00:00,10125.951995891515
2026-06-08 19:00:00+00:00,10125.951995891515
2026-06-08 20:00:00+00:00,10125.951995891515
2026-06-08 21:00:00+00:00,10125.951995891515
2026-06-08 22:00:00+00:00,10125.951995891515
2026-06-08 23:00:00+00:00,10125.951995891515
2026-06-09 00:00:00+00:00,10125.951995891515
2026-06-09 01:00:00+00:00,10125.951995891515
2026-06-09 02:00:00+00:00,10125.951995891515
2026-06-09 03:00:00+00:00,10125.951995891515
2026-06-09 04:00:00+00:00,10125.951995891515
2026-06-09 05:00:00+00:00,10125.951995891515
2026-06-09 06:00:00+00:00,10125.951995891515
2026-06-09 07:00:00+00:00,10125.951995891515
2026-06-09 08:00:00+00:00,10125.951995891515
2026-06-09 09:00:00+00:00,10125.951995891515
2026-06-09 10:00:00+00:00,10125.951995891515
2026-06-09 11:00:00+00:00,10125.951995891515
2026-06-09 12:00:00+00:00,10125.951995891515
2026-06-09 13:00:00+00:00,10125.951995891515
2026-06-09 14:00:00+00:00,10125.951995891515
2026-06-09 15:00:00+00:00,10125.951995891515
2026-06-09 16:00:00+00:00,10125.951995891515
2026-06-09 17:00:00+00:00,10125.951995891515
2026-06-09 18:00:00+00:00,10125.951995891515
2026-06-09 19:00:00+00:00,10125.951995891515
2026-06-09 20:00:00+00:00,10125.951995891515
2026-06-09 21:00:00+00:00,10125.951995891515
2026-06-09 22:00:00+00:00,10125.951995891515
2026-06-09 23:00:00+00:00,10125.951995891515
2026-06-10 00:00:00+00:00,10125.951995891515
2026-06-10 01:00:00+00:00,10125.951995891515
2026-06-10 02:00:00+00:00,10125.951995891515
2026-06-10 03:00:00+00:00,10125.951995891515
2026-06-10 04:00:00+00:00,10125.951995891515
2026-06-10 05:00:00+00:00,10125.951995891515
2026-06-10 06:00:00+00:00,10125.951995891515
2026-06-10 07:00:00+00:00,10125.951995891515
2026-06-10 08:00:00+00:00,10125.951995891515
2026-06-10 09:00:00+00:00,10125.951995891515
2026-06-10 10:00:00+00:00,10125.951995891515
2026-06-10 11:00:00+00:00,10125.951995891515
2026-06-10 12:00:00+00:00,10125.951995891515
2026-06-10 13:00:00+00:00,10125.951995891515
2026-06-10 14:00:00+00:00,10125.951995891515
2026-06-10 15:00:00+00:00,10125.951995891515
2026-06-10 16:00:00+00:00,10125.951995891515
2026-06-10 17:00:00+00:00,10125.951995891515
2026-06-10 18:00:00+00:00,10125.951995891515
2026-06-10 19:00:00+00:00,10125.951995891515
2026-06-10 20:00:00+00:00,10125.951995891515
2026-06-10 21:00:00+00:00,10125.951995891515
2026-06-10 22:00:00+00:00,10125.951995891515
2026-06-10 23:00:00+00:00,10125.951995891515
2026-06-11 00:00:00+00:00,10125.951995891515
2026-06-11 01:00:00+00:00,10125.951995891515
2026-06-11 02:00:00+00:00,10125.951995891515
2026-06-11 03:00:00+00:00,10125.951995891515
2026-06-11 04:00:00+00:00,10125.951995891515
2026-06-11 05:00:00+00:00,10125.951995891515
2026-06-11 06:00:00+00:00,10125.951995891515
2026-06-11 07:00:00+00:00,10125.951995891515
2026-06-11 08:00:00+00:00,10125.951995891515
2026-06-11 09:00:00+00:00,10125.951995891515
2026-06-11 10:00:00+00:00,10125.951995891515
2026-06-11 11:00:00+00:00,10125.951995891515
2026-06-11 12:00:00+00:00,10125.951995891515
2026-06-11 13:00:00+00:00,10125.951995891515
2026-06-11 14:00:00+00:00,10125.951995891515
2026-06-11 15:00:00+00:00,10125.951995891515
2026-06-11 16:00:00+00:00,10125.951995891515
2026-06-11 17:00:00+00:00,10125.951995891515
2026-06-11 18:00:00+00:00,10125.951995891515
2026-06-11 19:00:00+00:00,10125.951995891515
2026-06-11 20:00:00+00:00,10125.951995891515
2026-06-11 21:00:00+00:00,10125.951995891515
2026-06-11 22:00:00+00:00,10125.951995891515
2026-06-11 23:00:00+00:00,10125.951995891515
2026-06-12 00:00:00+00:00,10125.951995891515
2026-06-12 01:00:00+00:00,10125.951995891515
2026-06-12 02:00:00+00:00,10125.951995891515
2026-06-12 03:00:00+00:00,10125.951995891515
2026-06-12 04:00:00+00:00,10125.951995891515
2026-06-12 05:00:00+00:00,10125.951995891515
2026-06-12 06:00:00+00:00,10125.951995891515
2026-06-12 07:00:00+00:00,10125.951995891515
2026-06-12 08:00:00+00:00,10125.951995891515
2026-06-12 09:00:00+00:00,10125.951995891515
2026-06-12 10:00:00+00:00,10125.951995891515
2026-06-12 11:00:00+00:00,10125.951995891515
2026-06-12 12:00:00+00:00,10125.951995891515
2026-06-12 13:00:00+00:00,10125.951995891515
2026-06-12 14:00:00+00:00,10125.951995891515
2026-06-12 15:00:00+00:00,10125.951995891515
2026-06-12 16:00:00+00:00,10125.951995891515
2026-06-12 17:00:00+00:00,10125.951995891515
2026-06-12 18:00:00+00:00,10125.951995891515
2026-06-12 19:00:00+00:00,10125.951995891515
2026-06-12 20:00:00+00:00,10125.951995891515
2026-06-12 21:00:00+00:00,10125.951995891515
2026-06-12 22:00:00+00:00,10125.951995891515
2026-06-12 23:00:00+00:00,10125.951995891515
2026-06-13 00:00:00+00:00,10125.951995891515
2026-06-13 01:00:00+00:00,10125.951995891515
2026-06-13 02:00:00+00:00,10125.951995891515
2026-06-13 03:00:00+00:00,10125.951995891515
2026-06-13 04:00:00+00:00,10125.951995891515
2026-06-13 05:00:00+00:00,10125.951995891515
2026-06-13 06:00:00+00:00,10125.951995891515
2026-06-13 07:00:00+00:00,10125.951995891515
2026-06-13 08:00:00+00:00,10125.951995891515
2026-06-13 09:00:00+00:00,10125.951995891515
2026-06-13 10:00:00+00:00,10125.951995891515
2026-06-13 11:00:00+00:00,10125.951995891515
2026-06-13 12:00:00+00:00,10125.951995891515
2026-06-13 13:00:00+00:00,10125.951995891515
2026-06-13 14:00:00+00:00,10125.951995891515
2026-06-13 15:00:00+00:00,10125.951995891515
2026-06-13 16:00:00+00:00,10125.951995891515
2026-06-13 17:00:00+00:00,10125.951995891515
2026-06-13 18:00:00+00:00,10125.951995891515
2026-06-13 19:00:00+00:00,10125.951995891515
2026-06-13 20:00:00+00:00,10125.951995891515
2026-06-13 21:00:00+00:00,10125.951995891515
2026-06-13 22:00:00+00:00,10125.951995891515
2026-06-13 23:00:00+00:00,10125.951995891515
2026-06-14 00:00:00+00:00,10125.951995891515
2026-06-14 01:00:00+00:00,10125.951995891515
2026-06-14 02:00:00+00:00,10125.951995891515
2026-06-14 03:00:00+00:00,10125.951995891515
2026-06-14 04:00:00+00:00,10125.951995891515
2026-06-14 05:00:00+00:00,10125.951995891515
2026-06-14 06:00:00+00:00,10125.951995891515
2026-06-14 07:00:00+00:00,10125.951995891515
2026-06-14 08:00:00+00:00,10125.951995891515
2026-06-14 09:00:00+00:00,10125.951995891515
2026-06-14 10:00:00+00:00,10125.951995891515
2026-06-14 11:00:00+00:00,10125.951995891515
2026-06-14 12:00:00+00:00,10125.951995891515
2026-06-14 13:00:00+00:00,10125.951995891515
2026-06-14 14:00:00+00:00,10125.951995891515
2026-06-14 15:00:00+00:00,10125.951995891515
2026-06-14 16:00:00+00:00,10125.951995891515
2026-06-14 17:00:00+00:00,10125.951995891515
2026-06-14 18:00:00+00:00,10125.951995891515
2026-06-14 19:00:00+00:00,10125.951995891515
2026-06-14 20:00:00+00:00,10125.951995891515
2026-06-14 21:00:00+00:00,10125.951995891515
2026-06-14 22:00:00+00:00,10125.951995891515
2026-06-14 23:00:00+00:00,10125.951995891515
2026-06-15 00:00:00+00:00,10125.951995891515
2026-06-15 01:00:00+00:00,10104.551687627885
2026-06-15 02:00:00+00:00,10090.842887627885
2026-06-15 03:00:00+00:00,10084.127087627885
2026-06-15 04:00:00+00:00,10142.767487627885
2026-06-15 05:00:00+00:00,10107.172487627886
2026-06-15 06:00:00+00:00,10134.375887627886
2026-06-15 07:00:00+00:00,10127.433287627886
2026-06-15 08:00:00+00:00,10110.965087627887
2026-06-15 09:00:00+00:00,10108.091325075582
2026-06-15 10:00:00+00:00,10100.53132507558
2026-06-15 11:00:00+00:00,10141.456125075581
2026-06-15 12:00:00+00:00,10180.175925075582
2026-06-15 13:00:00+00:00,10222.574925075582
2026-06-15 14:00:00+00:00,10207.744725075583
2026-06-15 15:00:00+00:00,10225.573725075583
2026-06-15 16:00:00+00:00,10313.294925075581
2026-06-15 17:00:00+00:00,10297.908817651272
2026-06-15 18:00:00+00:00,10259.907217651271
2026-06-15 19:00:00+00:00,10247.987617651272
2026-06-15 20:00:00+00:00,10202.534943512785
2026-06-15 21:00:00+00:00,10202.534943512785
2026-06-15 22:00:00+00:00,10202.534943512785
2026-06-15 23:00:00+00:00,10202.534943512785
2026-06-16 00:00:00+00:00,10202.534943512785
2026-06-16 01:00:00+00:00,10202.534943512785
2026-06-16 02:00:00+00:00,10202.534943512785
2026-06-16 03:00:00+00:00,10202.534943512785
2026-06-16 04:00:00+00:00,10202.534943512785
2026-06-16 05:00:00+00:00,10202.534943512785
2026-06-16 06:00:00+00:00,10202.534943512785
2026-06-16 07:00:00+00:00,10202.534943512785
2026-06-16 08:00:00+00:00,10202.534943512785
2026-06-16 09:00:00+00:00,10202.534943512785
2026-06-16 10:00:00+00:00,10202.534943512785
2026-06-16 11:00:00+00:00,10202.534943512785
2026-06-16 12:00:00+00:00,10202.534943512785
2026-06-16 13:00:00+00:00,10202.534943512785
2026-06-16 14:00:00+00:00,10202.534943512785
2026-06-16 15:00:00+00:00,10202.534943512785
2026-06-16 16:00:00+00:00,10202.534943512785
2026-06-16 17:00:00+00:00,10202.534943512785
2026-06-16 18:00:00+00:00,10202.534943512785
2026-06-16 19:00:00+00:00,10202.534943512785
2026-06-16 20:00:00+00:00,10202.534943512785
2026-06-16 21:00:00+00:00,10202.534943512785
2026-06-16 22:00:00+00:00,10202.534943512785
2026-06-16 23:00:00+00:00,10202.534943512785
2026-06-17 00:00:00+00:00,10202.534943512785
2026-06-17 01:00:00+00:00,10202.534943512785
2026-06-17 02:00:00+00:00,10202.534943512785
2026-06-17 03:00:00+00:00,10202.534943512785
2026-06-17 04:00:00+00:00,10202.534943512785
2026-06-17 05:00:00+00:00,10202.534943512785
2026-06-17 06:00:00+00:00,10202.534943512785
2026-06-17 07:00:00+00:00,10202.534943512785
2026-06-17 08:00:00+00:00,10202.534943512785
2026-06-17 09:00:00+00:00,10202.534943512785
2026-06-17 10:00:00+00:00,10202.534943512785
2026-06-17 11:00:00+00:00,10202.534943512785
2026-06-17 12:00:00+00:00,10202.534943512785
2026-06-17 13:00:00+00:00,10202.534943512785
2026-06-17 14:00:00+00:00,10202.534943512785
2026-06-17 15:00:00+00:00,10202.534943512785
2026-06-17 16:00:00+00:00,10202.534943512785
2026-06-17 17:00:00+00:00,10202.534943512785
2026-06-17 18:00:00+00:00,10202.534943512785
2026-06-17 19:00:00+00:00,10202.534943512785
2026-06-17 20:00:00+00:00,10202.534943512785
2026-06-17 21:00:00+00:00,10202.534943512785
2026-06-17 22:00:00+00:00,10202.534943512785
2026-06-17 23:00:00+00:00,10202.534943512785
2026-06-18 00:00:00+00:00,10202.534943512785
2026-06-18 01:00:00+00:00,10202.534943512785
2026-06-18 02:00:00+00:00,10202.534943512785
2026-06-18 03:00:00+00:00,10202.534943512785
2026-06-18 04:00:00+00:00,10202.534943512785
2026-06-18 05:00:00+00:00,10202.534943512785
2026-06-18 06:00:00+00:00,10202.534943512785
2026-06-18 07:00:00+00:00,10202.534943512785
2026-06-18 08:00:00+00:00,10202.534943512785
2026-06-18 09:00:00+00:00,10202.534943512785
2026-06-18 10:00:00+00:00,10202.534943512785
2026-06-18 11:00:00+00:00,10202.534943512785
2026-06-18 12:00:00+00:00,10202.534943512785
2026-06-18 13:00:00+00:00,10202.534943512785
2026-06-18 14:00:00+00:00,10202.534943512785
2026-06-18 15:00:00+00:00,10202.534943512785
2026-06-18 16:00:00+00:00,10202.534943512785
2026-06-18 17:00:00+00:00,10202.534943512785
2026-06-18 18:00:00+00:00,10202.534943512785
2026-06-18 19:00:00+00:00,10202.534943512785
2026-06-18 20:00:00+00:00,10202.534943512785
2026-06-18 21:00:00+00:00,10202.534943512785
2026-06-18 22:00:00+00:00,10202.534943512785
2026-06-18 23:00:00+00:00,10202.534943512785
2026-06-19 00:00:00+00:00,10202.534943512785
2026-06-19 01:00:00+00:00,10202.534943512785
2026-06-19 02:00:00+00:00,10202.534943512785
2026-06-19 03:00:00+00:00,10202.534943512785
2026-06-19 04:00:00+00:00,10202.534943512785
2026-06-19 05:00:00+00:00,10202.534943512785
2026-06-19 06:00:00+00:00,10202.534943512785
2026-06-19 07:00:00+00:00,10202.534943512785
2026-06-19 08:00:00+00:00,10202.534943512785
2026-06-19 09:00:00+00:00,10202.534943512785
2026-06-19 10:00:00+00:00,10202.534943512785
2026-06-19 11:00:00+00:00,10202.534943512785
2026-06-19 12:00:00+00:00,10202.534943512785
2026-06-19 13:00:00+00:00,10202.534943512785
2026-06-19 14:00:00+00:00,10202.534943512785
2026-06-19 15:00:00+00:00,10202.534943512785
2026-06-19 16:00:00+00:00,10202.534943512785
2026-06-19 17:00:00+00:00,10202.534943512785
2026-06-19 18:00:00+00:00,10202.534943512785
2026-06-19 19:00:00+00:00,10202.534943512785
2026-06-19 20:00:00+00:00,10202.534943512785
2026-06-19 21:00:00+00:00,10202.534943512785
2026-06-19 22:00:00+00:00,10202.534943512785
2026-06-19 23:00:00+00:00,10202.534943512785
2026-06-20 00:00:00+00:00,10202.534943512785
2026-06-20 01:00:00+00:00,10202.534943512785
2026-06-20 02:00:00+00:00,10202.534943512785
2026-06-20 03:00:00+00:00,10202.534943512785
2026-06-20 04:00:00+00:00,10202.534943512785
2026-06-20 05:00:00+00:00,10202.534943512785
2026-06-20 06:00:00+00:00,10202.534943512785
2026-06-20 07:00:00+00:00,10202.534943512785
2026-06-20 08:00:00+00:00,10202.534943512785
2026-06-20 09:00:00+00:00,10202.534943512785
2026-06-20 10:00:00+00:00,10202.534943512785
2026-06-20 11:00:00+00:00,10202.534943512785
2026-06-20 12:00:00+00:00,10202.534943512785
2026-06-20 13:00:00+00:00,10202.534943512785
2026-06-20 14:00:00+00:00,10202.534943512785
2026-06-20 15:00:00+00:00,10202.534943512785
2026-06-20 16:00:00+00:00,10202.534943512785
2026-06-20 17:00:00+00:00,10202.534943512785
2026-06-20 18:00:00+00:00,10202.534943512785
2026-06-20 19:00:00+00:00,10202.534943512785
2026-06-20 20:00:00+00:00,10202.534943512785
2026-06-20 21:00:00+00:00,10202.534943512785
2026-06-20 22:00:00+00:00,10202.534943512785
2026-06-20 23:00:00+00:00,10202.534943512785
2026-06-21 00:00:00+00:00,10202.534943512785
2026-06-21 01:00:00+00:00,10202.534943512785
2026-06-21 02:00:00+00:00,10202.534943512785
2026-06-21 03:00:00+00:00,10202.534943512785
2026-06-21 04:00:00+00:00,10202.534943512785
2026-06-21 05:00:00+00:00,10202.534943512785
2026-06-21 06:00:00+00:00,10202.534943512785
2026-06-21 07:00:00+00:00,10202.534943512785
2026-06-21 08:00:00+00:00,10202.534943512785
2026-06-21 09:00:00+00:00,10202.534943512785
2026-06-21 10:00:00+00:00,10202.534943512785
2026-06-21 11:00:00+00:00,10202.534943512785
2026-06-21 12:00:00+00:00,10202.534943512785
2026-06-21 13:00:00+00:00,10202.534943512785
2026-06-21 14:00:00+00:00,10202.534943512785
2026-06-21 15:00:00+00:00,10202.534943512785
2026-06-21 16:00:00+00:00,10202.534943512785
2026-06-21 17:00:00+00:00,10202.534943512785
2026-06-21 18:00:00+00:00,10202.534943512785
2026-06-21 19:00:00+00:00,10202.534943512785
2026-06-21 20:00:00+00:00,10202.534943512785
2026-06-21 21:00:00+00:00,10202.534943512785
2026-06-21 22:00:00+00:00,10202.534943512785
2026-06-21 23:00:00+00:00,10202.534943512785
2026-06-22 00:00:00+00:00,10202.534943512785
2026-06-22 01:00:00+00:00,10202.534943512785
2026-06-22 02:00:00+00:00,10202.534943512785
2026-06-22 03:00:00+00:00,10202.534943512785
2026-06-22 04:00:00+00:00,10202.534943512785
2026-06-22 05:00:00+00:00,10202.534943512785
2026-06-22 06:00:00+00:00,10202.534943512785
2026-06-22 07:00:00+00:00,10202.534943512785
2026-06-22 08:00:00+00:00,10202.534943512785
2026-06-22 09:00:00+00:00,10202.534943512785
2026-06-22 10:00:00+00:00,10202.534943512785
2026-06-22 11:00:00+00:00,10202.534943512785
2026-06-22 12:00:00+00:00,10202.534943512785
2026-06-22 13:00:00+00:00,10202.534943512785
2026-06-22 14:00:00+00:00,10202.534943512785
2026-06-22 15:00:00+00:00,10202.534943512785
2026-06-22 16:00:00+00:00,10202.534943512785
2026-06-22 17:00:00+00:00,10202.534943512785
2026-06-22 18:00:00+00:00,10202.534943512785
2026-06-22 19:00:00+00:00,10202.534943512785
2026-06-22 20:00:00+00:00,10202.534943512785
2026-06-22 21:00:00+00:00,10202.534943512785
2026-06-22 22:00:00+00:00,10202.534943512785
2026-06-22 23:00:00+00:00,10202.534943512785
2026-06-23 00:00:00+00:00,10202.534943512785
2026-06-23 01:00:00+00:00,10202.534943512785
2026-06-23 02:00:00+00:00,10202.534943512785
2026-06-23 03:00:00+00:00,10202.534943512785
2026-06-23 04:00:00+00:00,10202.534943512785
2026-06-23 05:00:00+00:00,10202.534943512785
2026-06-23 06:00:00+00:00,10202.534943512785
2026-06-23 07:00:00+00:00,10202.534943512785
2026-06-23 08:00:00+00:00,10202.534943512785
2026-06-23 09:00:00+00:00,10202.534943512785
2026-06-23 10:00:00+00:00,10202.534943512785
2026-06-23 11:00:00+00:00,10202.534943512785
2026-06-23 12:00:00+00:00,10202.534943512785
2026-06-23 13:00:00+00:00,10202.534943512785
2026-06-23 14:00:00+00:00,10202.534943512785
2026-06-23 15:00:00+00:00,10202.534943512785
2026-06-23 16:00:00+00:00,10202.534943512785
2026-06-23 17:00:00+00:00,10202.534943512785
2026-06-23 18:00:00+00:00,10202.534943512785
2026-06-23 19:00:00+00:00,10202.534943512785
2026-06-23 20:00:00+00:00,10202.534943512785
2026-06-23 21:00:00+00:00,10202.534943512785
2026-06-23 22:00:00+00:00,10202.534943512785
2026-06-23 23:00:00+00:00,10202.534943512785
2026-06-24 00:00:00+00:00,10202.534943512785
2026-06-24 01:00:00+00:00,10202.534943512785
2026-06-24 02:00:00+00:00,10202.534943512785
2026-06-24 03:00:00+00:00,10202.534943512785
2026-06-24 04:00:00+00:00,10202.534943512785
2026-06-24 05:00:00+00:00,10202.534943512785
2026-06-24 06:00:00+00:00,10202.534943512785
2026-06-24 07:00:00+00:00,10202.534943512785
2026-06-24 08:00:00+00:00,10202.534943512785
2026-06-24 09:00:00+00:00,10202.534943512785
2026-06-24 10:00:00+00:00,10202.534943512785
2026-06-24 11:00:00+00:00,10202.534943512785
2026-06-24 12:00:00+00:00,10202.534943512785
2026-06-24 13:00:00+00:00,10202.534943512785
2026-06-24 14:00:00+00:00,10202.534943512785
2026-06-24 15:00:00+00:00,10220.985645615145
2026-06-24 16:00:00+00:00,10312.329645615144
2026-06-24 17:00:00+00:00,10361.468435185674
2026-06-24 18:00:00+00:00,10410.363435185674
2026-06-24 19:00:00+00:00,10387.725435185674
2026-06-24 20:00:00+00:00,10348.752435185674
2026-06-24 21:00:00+00:00,10278.258140075859
2026-06-24 22:00:00+00:00,10278.258140075859
2026-06-24 23:00:00+00:00,10278.258140075859
2026-06-25 00:00:00+00:00,10278.258140075859
2026-06-25 01:00:00+00:00,10278.258140075859
2026-06-25 02:00:00+00:00,10278.258140075859
2026-06-25 03:00:00+00:00,10278.258140075859
2026-06-25 04:00:00+00:00,10278.258140075859
2026-06-25 05:00:00+00:00,10278.258140075859
2026-06-25 06:00:00+00:00,10278.258140075859
2026-06-25 07:00:00+00:00,10278.258140075859
2026-06-25 08:00:00+00:00,10278.258140075859
2026-06-25 09:00:00+00:00,10278.258140075859
2026-06-25 10:00:00+00:00,10278.258140075859
2026-06-25 11:00:00+00:00,10278.258140075859
2026-06-25 12:00:00+00:00,10278.258140075859
2026-06-25 13:00:00+00:00,10278.258140075859
2026-06-25 14:00:00+00:00,10278.258140075859
2026-06-25 15:00:00+00:00,10185.557372504549
2026-06-25 16:00:00+00:00,10179.082372504548
2026-06-25 17:00:00+00:00,10197.814782229589
2026-06-25 18:00:00+00:00,10170.264582229589
2026-06-25 19:00:00+00:00,10182.49678222959
2026-06-25 20:00:00+00:00,10196.645582229588
2026-06-25 21:00:00+00:00,10187.099582229588
2026-06-25 22:00:00+00:00,10131.45898222959
2026-06-25 23:00:00+00:00,10158.513382229588
2026-06-26 00:00:00+00:00,10161.710182229588
2026-06-26 01:00:00+00:00,10171.838319551029
2026-06-26 02:00:00+00:00,10188.50311955103
2026-06-26 03:00:00+00:00,10253.401119551028
2026-06-26 04:00:00+00:00,10149.377779189466
2026-06-26 05:00:00+00:00,10149.377779189466
2026-06-26 06:00:00+00:00,10149.377779189466
2026-06-26 07:00:00+00:00,10149.377779189466
2026-06-26 08:00:00+00:00,10149.377779189466
2026-06-26 09:00:00+00:00,10149.377779189466
2026-06-26 10:00:00+00:00,10149.377779189466
2026-06-26 11:00:00+00:00,10149.377779189466
2026-06-26 12:00:00+00:00,10149.377779189466
2026-06-26 13:00:00+00:00,10149.377779189466
2026-06-26 14:00:00+00:00,10149.377779189466
2026-06-26 15:00:00+00:00,10149.377779189466
2026-06-26 16:00:00+00:00,10149.377779189466
2026-06-26 17:00:00+00:00,10149.377779189466
2026-06-26 18:00:00+00:00,10149.377779189466
2026-06-26 19:00:00+00:00,10149.377779189466
2026-06-26 20:00:00+00:00,10149.377779189466
2026-06-26 21:00:00+00:00,10149.377779189466
2026-06-26 22:00:00+00:00,10149.377779189466
2026-06-26 23:00:00+00:00,10149.377779189466
2026-06-27 00:00:00+00:00,10149.377779189466
2026-06-27 01:00:00+00:00,10149.377779189466
2026-06-27 02:00:00+00:00,10149.377779189466
2026-06-27 03:00:00+00:00,10149.377779189466
2026-06-27 04:00:00+00:00,10149.377779189466
2026-06-27 05:00:00+00:00,10149.377779189466
2026-06-27 06:00:00+00:00,10149.377779189466
2026-06-27 07:00:00+00:00,10149.377779189466
2026-06-27 08:00:00+00:00,10149.377779189466
2026-06-27 09:00:00+00:00,10149.377779189466
2026-06-27 10:00:00+00:00,10149.377779189466
2026-06-27 11:00:00+00:00,10149.377779189466
2026-06-27 12:00:00+00:00,10149.377779189466
2026-06-27 13:00:00+00:00,10149.377779189466
2026-06-27 14:00:00+00:00,10149.377779189466
2026-06-27 15:00:00+00:00,10149.377779189466
2026-06-27 16:00:00+00:00,10149.377779189466
2026-06-27 17:00:00+00:00,10149.377779189466
2026-06-27 18:00:00+00:00,10149.377779189466
2026-06-27 19:00:00+00:00,10149.377779189466
2026-06-27 20:00:00+00:00,10149.377779189466
2026-06-27 21:00:00+00:00,10149.377779189466
2026-06-27 22:00:00+00:00,10149.377779189466
2026-06-27 23:00:00+00:00,10149.377779189466
2026-06-28 00:00:00+00:00,10149.377779189466
2026-06-28 01:00:00+00:00,10149.377779189466
2026-06-28 02:00:00+00:00,10149.377779189466
2026-06-28 03:00:00+00:00,10149.377779189466
2026-06-28 04:00:00+00:00,10149.377779189466
2026-06-28 05:00:00+00:00,10149.377779189466
2026-06-28 06:00:00+00:00,10149.377779189466
2026-06-28 07:00:00+00:00,10149.377779189466
2026-06-28 08:00:00+00:00,10149.377779189466
2026-06-28 09:00:00+00:00,10149.377779189466
2026-06-28 10:00:00+00:00,10149.377779189466
2026-06-28 11:00:00+00:00,10149.377779189466
2026-06-28 12:00:00+00:00,10149.377779189466
2026-06-28 13:00:00+00:00,10149.377779189466
2026-06-28 14:00:00+00:00,10149.377779189466
2026-06-28 15:00:00+00:00,10149.377779189466
2026-06-28 16:00:00+00:00,10149.377779189466
2026-06-28 17:00:00+00:00,10149.377779189466
2026-06-28 18:00:00+00:00,10149.377779189466
2026-06-28 19:00:00+00:00,10149.377779189466
2026-06-28 20:00:00+00:00,10149.377779189466
2026-06-28 21:00:00+00:00,10149.377779189466
2026-06-28 22:00:00+00:00,10149.377779189466
2026-06-28 23:00:00+00:00,10149.377779189466
2026-06-29 00:00:00+00:00,10149.377779189466
2026-06-29 01:00:00+00:00,10149.377779189466
2026-06-29 02:00:00+00:00,10149.377779189466
2026-06-29 03:00:00+00:00,10149.377779189466
2026-06-29 04:00:00+00:00,10149.377779189466
2026-06-29 05:00:00+00:00,10149.377779189466
2026-06-29 06:00:00+00:00,10149.377779189466
2026-06-29 07:00:00+00:00,10149.377779189466
2026-06-29 08:00:00+00:00,10149.377779189466
2026-06-29 09:00:00+00:00,10149.377779189466
2026-06-29 10:00:00+00:00,10149.377779189466
2026-06-29 11:00:00+00:00,10149.377779189466
2026-06-29 12:00:00+00:00,10149.377779189466
2026-06-29 13:00:00+00:00,10149.377779189466
2026-06-29 14:00:00+00:00,10149.377779189466
2026-06-29 15:00:00+00:00,10149.377779189466
2026-06-29 16:00:00+00:00,10149.377779189466
2026-06-29 17:00:00+00:00,10149.377779189466
2026-06-29 18:00:00+00:00,10149.377779189466
2026-06-29 19:00:00+00:00,10149.377779189466
2026-06-29 20:00:00+00:00,10149.377779189466
2026-06-29 21:00:00+00:00,10149.377779189466
2026-06-29 22:00:00+00:00,10149.377779189466
2026-06-29 23:00:00+00:00,10149.377779189466
2026-06-30 00:00:00+00:00,10149.377779189466
2026-06-30 01:00:00+00:00,10149.377779189466
2026-06-30 02:00:00+00:00,10149.377779189466
2026-06-30 03:00:00+00:00,10149.377779189466
2026-06-30 04:00:00+00:00,10149.377779189466
2026-06-30 05:00:00+00:00,10149.377779189466
2026-06-30 06:00:00+00:00,10149.377779189466
2026-06-30 07:00:00+00:00,10149.377779189466
2026-06-30 08:00:00+00:00,10149.377779189466
2026-06-30 09:00:00+00:00,10149.377779189466
2026-06-30 10:00:00+00:00,10149.377779189466
2026-06-30 11:00:00+00:00,10149.377779189466
2026-06-30 12:00:00+00:00,10149.377779189466
2026-06-30 13:00:00+00:00,10149.377779189466
2026-06-30 14:00:00+00:00,10149.377779189466
2026-06-30 15:00:00+00:00,10149.377779189466
2026-06-30 16:00:00+00:00,10149.377779189466
2026-06-30 17:00:00+00:00,10149.377779189466
2026-06-30 18:00:00+00:00,10149.377779189466
2026-06-30 19:00:00+00:00,10149.377779189466
2026-06-30 20:00:00+00:00,10149.377779189466
2026-06-30 21:00:00+00:00,10149.377779189466
2026-06-30 22:00:00+00:00,10149.377779189466
2026-06-30 23:00:00+00:00,10149.377779189466
2026-07-01 00:00:00+00:00,10149.377779189466
2026-07-01 01:00:00+00:00,10149.377779189466
2026-07-01 02:00:00+00:00,10149.377779189466
2026-07-01 03:00:00+00:00,10149.377779189466
2026-07-01 04:00:00+00:00,10149.377779189466
2026-07-01 05:00:00+00:00,10149.377779189466
2026-07-01 06:00:00+00:00,10149.377779189466
2026-07-01 07:00:00+00:00,10149.377779189466
2026-07-01 08:00:00+00:00,10149.377779189466
2026-07-01 09:00:00+00:00,10149.377779189466
2026-07-01 10:00:00+00:00,10149.377779189466
2026-07-01 11:00:00+00:00,10149.377779189466
2026-07-01 12:00:00+00:00,10149.377779189466
2026-07-01 13:00:00+00:00,10149.377779189466
2026-07-01 14:00:00+00:00,10149.377779189466
2026-07-01 15:00:00+00:00,10149.377779189466
2026-07-01 16:00:00+00:00,10149.377779189466
2026-07-01 17:00:00+00:00,10149.377779189466
2026-07-01 18:00:00+00:00,10149.377779189466
2026-07-01 19:00:00+00:00,10149.377779189466
2026-07-01 20:00:00+00:00,10149.377779189466
2026-07-01 21:00:00+00:00,10149.377779189466
2026-07-01 22:00:00+00:00,10149.377779189466
2026-07-01 23:00:00+00:00,10149.377779189466
2026-07-02 00:00:00+00:00,10149.377779189466
2026-07-02 01:00:00+00:00,10149.377779189466
2026-07-02 02:00:00+00:00,10149.377779189466
2026-07-02 03:00:00+00:00,10149.377779189466
2026-07-02 04:00:00+00:00,10149.377779189466
2026-07-02 05:00:00+00:00,10149.377779189466
2026-07-02 06:00:00+00:00,10149.377779189466
2026-07-02 07:00:00+00:00,10149.377779189466
2026-07-02 08:00:00+00:00,10149.377779189466
2026-07-02 09:00:00+00:00,10149.377779189466
2026-07-02 10:00:00+00:00,10149.377779189466
2026-07-02 11:00:00+00:00,10149.377779189466
2026-07-02 12:00:00+00:00,10149.377779189466
2026-07-02 13:00:00+00:00,10149.377779189466
2026-07-02 14:00:00+00:00,10149.377779189466
2026-07-02 15:00:00+00:00,10149.377779189466
2026-07-02 16:00:00+00:00,10149.377779189466
2026-07-02 17:00:00+00:00,10149.377779189466
2026-07-02 18:00:00+00:00,10149.377779189466
2026-07-02 19:00:00+00:00,10149.377779189466
2026-07-02 20:00:00+00:00,10149.377779189466
2026-07-02 21:00:00+00:00,10149.377779189466
2026-07-02 22:00:00+00:00,10149.377779189466
2026-07-02 23:00:00+00:00,10149.377779189466
2026-07-03 00:00:00+00:00,10149.377779189466
2026-07-03 01:00:00+00:00,10149.377779189466
2026-07-03 02:00:00+00:00,10149.377779189466
2026-07-03 03:00:00+00:00,10149.377779189466
2026-07-03 04:00:00+00:00,10149.377779189466
2026-07-03 05:00:00+00:00,10149.377779189466
2026-07-03 06:00:00+00:00,10149.377779189466
2026-07-03 07:00:00+00:00,10149.377779189466
2026-07-03 08:00:00+00:00,10149.377779189466
2026-07-03 09:00:00+00:00,10149.377779189466
2026-07-03 10:00:00+00:00,10149.377779189466
2026-07-03 11:00:00+00:00,10149.377779189466
2026-07-03 12:00:00+00:00,10149.377779189466
2026-07-03 13:00:00+00:00,10149.377779189466
2026-07-03 14:00:00+00:00,10149.377779189466
2026-07-03 15:00:00+00:00,10149.377779189466
2026-07-03 16:00:00+00:00,10149.377779189466
2026-07-03 17:00:00+00:00,10149.377779189466
2026-07-03 18:00:00+00:00,10149.377779189466
2026-07-03 19:00:00+00:00,10149.377779189466
2026-07-03 20:00:00+00:00,10149.377779189466
2026-07-03 21:00:00+00:00,10149.377779189466
2026-07-03 22:00:00+00:00,10135.099477855172
2026-07-03 23:00:00+00:00,10114.466977855172
2026-07-04 00:00:00+00:00,10116.589177855172
2026-07-04 01:00:00+00:00,10137.987169805172
2026-07-04 02:00:00+00:00,10100.639069805173
2026-07-04 03:00:00+00:00,10109.023069805173
2026-07-04 04:00:00+00:00,10121.546669805171
2026-07-04 05:00:00+00:00,10128.345569805173
2026-07-04 06:00:00+00:00,10100.062669805173
2026-07-04 07:00:00+00:00,10103.678269805172
2026-07-04 08:00:00+00:00,10113.608069805172
2026-07-04 09:00:00+00:00,10110.037676595171
2026-07-04 10:00:00+00:00,10101.915676595172
2026-07-04 11:00:00+00:00,10104.260576595172
2026-07-04 12:00:00+00:00,10100.959376595172
2026-07-04 13:00:00+00:00,10123.936776595172
2026-07-04 14:00:00+00:00,10114.622676595172
2026-07-04 15:00:00+00:00,10128.888576595173
2026-07-04 16:00:00+00:00,10159.922476595173
2026-07-04 17:00:00+00:00,10157.359626031612
2026-07-04 18:00:00+00:00,10203.262026031613
2026-07-04 19:00:00+00:00,10189.100926031613
2026-07-04 20:00:00+00:00,10206.209526031613
2026-07-04 21:00:00+00:00,10198.454326031613
2026-07-04 22:00:00+00:00,10207.074126031612
2026-07-04 23:00:00+00:00,10193.057126031612
2026-07-05 00:00:00+00:00,10186.127226031613
2026-07-05 01:00:00+00:00,10165.387732643985
2026-07-05 02:00:00+00:00,10151.934032643987
2026-07-05 03:00:00+00:00,10125.448502629073
2026-07-05 04:00:00+00:00,10125.448502629073
2026-07-05 05:00:00+00:00,10125.448502629073
2026-07-05 06:00:00+00:00,10125.448502629073
2026-07-05 07:00:00+00:00,10125.448502629073
2026-07-05 08:00:00+00:00,10125.448502629073
2026-07-05 09:00:00+00:00,10125.448502629073
2026-07-05 10:00:00+00:00,10125.448502629073
2026-07-05 11:00:00+00:00,10125.448502629073
2026-07-05 12:00:00+00:00,10125.448502629073
2026-07-05 13:00:00+00:00,10125.448502629073
2026-07-05 14:00:00+00:00,10125.448502629073
2026-07-05 15:00:00+00:00,10125.448502629073
2026-07-05 16:00:00+00:00,10125.448502629073
2026-07-05 17:00:00+00:00,10125.448502629073
2026-07-05 18:00:00+00:00,10125.448502629073
2026-07-05 19:00:00+00:00,10125.448502629073
2026-07-05 20:00:00+00:00,10125.448502629073
2026-07-05 21:00:00+00:00,10125.448502629073
2026-07-05 22:00:00+00:00,10125.448502629073
2026-07-05 23:00:00+00:00,10125.448502629073
2026-07-06 00:00:00+00:00,10102.159687485528
2026-07-06 01:00:00+00:00,10117.907105874328
2026-07-06 02:00:00+00:00,10090.645505874329
2026-07-06 03:00:00+00:00,10073.018705874329
2026-07-06 04:00:00+00:00,10050.507905874329
2026-07-06 05:00:00+00:00,10046.053105874329
2026-07-06 06:00:00+00:00,10010.068982252786
2026-07-06 07:00:00+00:00,10010.068982252786
2026-07-06 08:00:00+00:00,10010.068982252786
2026-07-06 09:00:00+00:00,10010.068982252786
2026-07-06 10:00:00+00:00,10010.068982252786
2026-07-06 11:00:00+00:00,10010.068982252786
2026-07-06 12:00:00+00:00,10010.068982252786
2026-07-06 13:00:00+00:00,10010.068982252786
2026-07-06 14:00:00+00:00,10010.068982252786
2026-07-06 15:00:00+00:00,10010.068982252786
2026-07-06 16:00:00+00:00,10010.068982252786
2026-07-06 17:00:00+00:00,10010.068982252786
2026-07-06 18:00:00+00:00,10010.068982252786
2026-07-06 19:00:00+00:00,10010.068982252786
2026-07-06 20:00:00+00:00,10010.068982252786
2026-07-06 21:00:00+00:00,10010.068982252786
2026-07-06 22:00:00+00:00,10010.068982252786
2026-07-06 23:00:00+00:00,9980.00847051791
2026-07-07 00:00:00+00:00,9960.05567051791
2026-07-07 01:00:00+00:00,9974.285040217912
2026-07-07 02:00:00+00:00,9938.985440217912
2026-07-07 03:00:00+00:00,9880.226404758974
2026-07-07 04:00:00+00:00,9880.226404758974
2026-07-07 05:00:00+00:00,9880.226404758974
2026-07-07 06:00:00+00:00,9880.226404758974
2026-07-07 07:00:00+00:00,9880.226404758974
2026-07-07 08:00:00+00:00,9880.226404758974
2026-07-07 09:00:00+00:00,9880.226404758974
2026-07-07 10:00:00+00:00,9880.226404758974
2026-07-07 11:00:00+00:00,9880.226404758974
2026-07-07 12:00:00+00:00,9880.226404758974
2026-07-07 13:00:00+00:00,9880.226404758974
2026-07-07 14:00:00+00:00,9880.226404758974
2026-07-07 15:00:00+00:00,9880.226404758974
2026-07-07 16:00:00+00:00,9880.226404758974
2026-07-07 17:00:00+00:00,9880.226404758974
2026-07-07 18:00:00+00:00,9880.226404758974
2026-07-07 19:00:00+00:00,9880.226404758974
2026-07-07 20:00:00+00:00,9880.226404758974
2026-07-07 21:00:00+00:00,9880.226404758974
2026-07-07 22:00:00+00:00,9880.226404758974
2026-07-07 23:00:00+00:00,9880.226404758974
2026-07-08 00:00:00+00:00,9880.226404758974
2026-07-08 01:00:00+00:00,9880.226404758974
2026-07-08 02:00:00+00:00,9880.226404758974
2026-07-08 03:00:00+00:00,9880.226404758974
2026-07-08 04:00:00+00:00,9880.226404758974
2026-07-08 05:00:00+00:00,9880.226404758974
2026-07-08 06:00:00+00:00,9880.226404758974
2026-07-08 07:00:00+00:00,9880.226404758974
2026-07-08 08:00:00+00:00,9880.226404758974
2026-07-08 09:00:00+00:00,9880.226404758974
2026-07-08 10:00:00+00:00,9880.226404758974
2026-07-08 11:00:00+00:00,9880.226404758974
2026-07-08 12:00:00+00:00,9880.226404758974
2026-07-08 13:00:00+00:00,9880.226404758974
2026-07-08 14:00:00+00:00,9880.226404758974
2026-07-08 15:00:00+00:00,9880.226404758974
2026-07-08 16:00:00+00:00,9880.226404758974
2026-07-08 17:00:00+00:00,9880.226404758974
2026-07-08 18:00:00+00:00,9880.226404758974
2026-07-08 19:00:00+00:00,9880.226404758974
2026-07-08 20:00:00+00:00,9880.226404758974
2026-07-08 21:00:00+00:00,9880.226404758974
2026-07-08 22:00:00+00:00,9880.226404758974
2026-07-08 23:00:00+00:00,9880.226404758974
2026-07-09 00:00:00+00:00,9880.226404758974
2026-07-09 01:00:00+00:00,9880.226404758974
2026-07-09 02:00:00+00:00,9880.226404758974
2026-07-09 03:00:00+00:00,9880.226404758974
2026-07-09 04:00:00+00:00,9880.226404758974
2026-07-09 05:00:00+00:00,9880.226404758974
2026-07-09 06:00:00+00:00,9880.226404758974
2026-07-09 07:00:00+00:00,9880.226404758974
2026-07-09 08:00:00+00:00,9880.226404758974
2026-07-09 09:00:00+00:00,9880.226404758974
2026-07-09 10:00:00+00:00,9880.226404758974
2026-07-09 11:00:00+00:00,9880.226404758974
2026-07-09 12:00:00+00:00,9880.226404758974
2026-07-09 13:00:00+00:00,9880.226404758974
2026-07-09 14:00:00+00:00,9880.226404758974
2026-07-09 15:00:00+00:00,9880.226404758974
2026-07-09 16:00:00+00:00,9880.226404758974
2026-07-09 17:00:00+00:00,9880.226404758974
2026-07-09 18:00:00+00:00,9880.226404758974
2026-07-09 19:00:00+00:00,9880.226404758974
2026-07-09 20:00:00+00:00,9880.226404758974
2026-07-09 21:00:00+00:00,9880.226404758974
2026-07-09 22:00:00+00:00,9880.226404758974
2026-07-09 23:00:00+00:00,9880.226404758974
2026-07-10 00:00:00+00:00,9880.226404758974
2026-07-10 01:00:00+00:00,9880.226404758974
2026-07-10 02:00:00+00:00,9880.226404758974
2026-07-10 03:00:00+00:00,9880.226404758974
2026-07-10 04:00:00+00:00,9880.226404758974
2026-07-10 05:00:00+00:00,9880.226404758974
2026-07-10 06:00:00+00:00,9880.226404758974
2026-07-10 07:00:00+00:00,9880.226404758974
2026-07-10 08:00:00+00:00,9880.226404758974
2026-07-10 09:00:00+00:00,9880.226404758974
2026-07-10 10:00:00+00:00,9880.226404758974
2026-07-10 11:00:00+00:00,9880.226404758974
2026-07-10 12:00:00+00:00,9880.226404758974
2026-07-10 13:00:00+00:00,9880.226404758974
2026-07-10 14:00:00+00:00,9880.226404758974
2026-07-10 15:00:00+00:00,9880.226404758974
2026-07-10 16:00:00+00:00,9880.226404758974
2026-07-10 17:00:00+00:00,9880.226404758974
2026-07-10 18:00:00+00:00,9880.226404758974
2026-07-10 19:00:00+00:00,9880.226404758974
2026-07-10 20:00:00+00:00,9880.226404758974
2026-07-10 21:00:00+00:00,9880.226404758974
2026-07-10 22:00:00+00:00,9880.226404758974
2026-07-10 23:00:00+00:00,9880.226404758974
2026-07-11 00:00:00+00:00,9880.226404758974
2026-07-11 01:00:00+00:00,9880.226404758974
2026-07-11 02:00:00+00:00,9880.226404758974
2026-07-11 03:00:00+00:00,9880.226404758974
2026-07-11 04:00:00+00:00,9880.226404758974
2026-07-11 05:00:00+00:00,9880.226404758974
2026-07-11 06:00:00+00:00,9880.226404758974
2026-07-11 07:00:00+00:00,9880.226404758974
2026-07-11 08:00:00+00:00,9880.226404758974
2026-07-11 09:00:00+00:00,9880.226404758974
2026-07-11 10:00:00+00:00,9880.226404758974
2026-07-11 11:00:00+00:00,9880.226404758974
2026-07-11 12:00:00+00:00,9880.226404758974
2026-07-11 13:00:00+00:00,9880.226404758974
2026-07-11 14:00:00+00:00,9880.226404758974
2026-07-11 15:00:00+00:00,9880.226404758974
2026-07-11 16:00:00+00:00,9880.226404758974
2026-07-11 17:00:00+00:00,9880.226404758974
2026-07-11 18:00:00+00:00,9880.226404758974
2026-07-11 19:00:00+00:00,9880.226404758974
2026-07-11 20:00:00+00:00,9880.226404758974
2026-07-11 21:00:00+00:00,9880.226404758974
2026-07-11 22:00:00+00:00,9880.226404758974
2026-07-11 23:00:00+00:00,9880.226404758974
2026-07-12 00:00:00+00:00,9880.226404758974
2026-07-12 01:00:00+00:00,9880.226404758974
2026-07-12 02:00:00+00:00,9880.226404758974
2026-07-12 03:00:00+00:00,9880.226404758974
2026-07-12 04:00:00+00:00,9880.226404758974
2026-07-12 05:00:00+00:00,9880.226404758974
2026-07-12 06:00:00+00:00,9880.226404758974
2026-07-12 07:00:00+00:00,9880.226404758974
2026-07-12 08:00:00+00:00,9880.226404758974
2026-07-12 09:00:00+00:00,9880.226404758974
2026-07-12 10:00:00+00:00,9880.226404758974
2026-07-12 11:00:00+00:00,9880.226404758974
2026-07-12 12:00:00+00:00,9880.226404758974
2026-07-12 13:00:00+00:00,9880.226404758974
2026-07-12 14:00:00+00:00,9880.226404758974
2026-07-12 15:00:00+00:00,9880.226404758974
2026-07-12 16:00:00+00:00,9880.226404758974
2026-07-12 17:00:00+00:00,9880.226404758974
2026-07-12 18:00:00+00:00,9880.226404758974
2026-07-12 19:00:00+00:00,9880.226404758974
2026-07-12 20:00:00+00:00,9880.226404758974
2026-07-12 21:00:00+00:00,9880.226404758974
2026-07-12 22:00:00+00:00,9880.226404758974
2026-07-12 23:00:00+00:00,9880.226404758974
2026-07-13 00:00:00+00:00,9880.226404758974
2026-07-13 01:00:00+00:00,9880.226404758974
2026-07-13 02:00:00+00:00,9880.226404758974
2026-07-13 03:00:00+00:00,9880.226404758974
2026-07-13 04:00:00+00:00,9880.226404758974
2026-07-13 05:00:00+00:00,9880.226404758974
2026-07-13 06:00:00+00:00,9880.226404758974
2026-07-13 07:00:00+00:00,9880.226404758974
2026-07-13 08:00:00+00:00,9880.226404758974
2026-07-13 09:00:00+00:00,9880.226404758974
2026-07-13 10:00:00+00:00,9880.226404758974
2026-07-13 11:00:00+00:00,9880.226404758974
2026-07-13 12:00:00+00:00,9880.226404758974
2026-07-13 13:00:00+00:00,9880.226404758974
2026-07-13 14:00:00+00:00,9880.226404758974
2026-07-13 15:00:00+00:00,9880.226404758974
2026-07-13 16:00:00+00:00,9880.226404758974
2026-07-13 17:00:00+00:00,9880.226404758974
2026-07-13 18:00:00+00:00,9880.226404758974
2026-07-13 19:00:00+00:00,9880.226404758974
2026-07-13 20:00:00+00:00,9880.226404758974
2026-07-13 21:00:00+00:00,9880.226404758974
2026-07-13 22:00:00+00:00,9880.226404758974
2026-07-13 23:00:00+00:00,9880.226404758974
2026-07-14 00:00:00+00:00,9880.226404758974
2026-07-14 01:00:00+00:00,9880.226404758974
2026-07-14 02:00:00+00:00,9880.226404758974
2026-07-14 03:00:00+00:00,9880.226404758974
2026-07-14 04:00:00+00:00,9880.226404758974
2026-07-14 05:00:00+00:00,9880.226404758974
2026-07-14 06:00:00+00:00,9880.226404758974
2026-07-14 07:00:00+00:00,9880.226404758974
2026-07-14 08:00:00+00:00,9880.226404758974
2026-07-14 09:00:00+00:00,9880.226404758974
2026-07-14 10:00:00+00:00,9880.226404758974
2026-07-14 11:00:00+00:00,9880.226404758974
2026-07-14 12:00:00+00:00,9880.226404758974
2026-07-14 13:00:00+00:00,9880.226404758974
2026-07-14 14:00:00+00:00,9880.226404758974
2026-07-14 15:00:00+00:00,9880.226404758974
2026-07-14 16:00:00+00:00,9880.226404758974
2026-07-14 17:00:00+00:00,9871.232110556453
2026-07-14 18:00:00+00:00,9859.528110556454
2026-07-14 19:00:00+00:00,9853.643110556453
2026-07-14 20:00:00+00:00,9853.533110556455
2026-07-14 21:00:00+00:00,9853.049110556454
2026-07-14 22:00:00+00:00,9865.303110556453
2026-07-14 23:00:00+00:00,9885.884110556453
2026-07-15 00:00:00+00:00,9905.420110556453
2026-07-15 01:00:00+00:00,9880.878949956454
2026-07-15 02:00:00+00:00,9863.894949956453
2026-07-15 03:00:00+00:00,9845.117949956453
2026-07-15 04:00:00+00:00,9876.775949956453
2026-07-15 05:00:00+00:00,9872.672949956454
2026-07-15 06:00:00+00:00,9894.342949956454
2026-07-15 07:00:00+00:00,9879.404949956453
2026-07-15 08:00:00+00:00,9851.167949956453
2026-07-15 09:00:00+00:00,9874.328141956454
2026-07-15 10:00:00+00:00,9863.284141956454
2026-07-15 11:00:00+00:00,9862.008141956454
2026-07-15 12:00:00+00:00,9870.203141956454
2026-07-15 13:00:00+00:00,9917.085141956453
2026-07-15 14:00:00+00:00,9912.300141956453
2026-07-15 15:00:00+00:00,9942.506141956454
2026-07-15 16:00:00+00:00,9945.454141956454
2026-07-15 17:00:00+00:00,9911.902547049403
2026-07-15 18:00:00+00:00,9904.598547049403
2026-07-15 19:00:00+00:00,9884.171547049404
2026-07-15 20:00:00+00:00,9895.677547049403
2026-07-15 21:00:00+00:00,9895.446547049403
2026-07-15 22:00:00+00:00,9880.057547049402
2026-07-15 23:00:00+00:00,9883.522547049402
2026-07-16 00:00:00+00:00,9871.411547049403
2026-07-16 01:00:00+00:00,9854.697711830597
2026-07-16 02:00:00+00:00,9854.697711830597
2026-07-16 03:00:00+00:00,9854.697711830597
2026-07-16 04:00:00+00:00,9854.697711830597
2026-07-16 05:00:00+00:00,9854.697711830597
2026-07-16 06:00:00+00:00,9854.697711830597
2026-07-16 07:00:00+00:00,9854.697711830597
2026-07-16 08:00:00+00:00,9854.697711830597
2026-07-16 09:00:00+00:00,9854.697711830597
2026-07-16 10:00:00+00:00,9854.697711830597
2026-07-16 11:00:00+00:00,9854.697711830597
2026-07-16 12:00:00+00:00,9854.697711830597
2026-07-16 13:00:00+00:00,9854.697711830597
2026-07-16 14:00:00+00:00,9854.697711830597
2026-07-16 15:00:00+00:00,9854.697711830597
2026-07-16 16:00:00+00:00,9854.697711830597
2026-07-16 17:00:00+00:00,9854.697711830597
2026-07-16 18:00:00+00:00,9854.697711830597
2026-07-16 19:00:00+00:00,9854.697711830597
2026-07-16 20:00:00+00:00,9854.697711830597
2026-07-16 21:00:00+00:00,9854.697711830597
2026-07-16 22:00:00+00:00,9854.697711830597
2026-07-16 23:00:00+00:00,9854.697711830597
2026-07-17 00:00:00+00:00,9854.697711830597
2026-07-17 01:00:00+00:00,9854.697711830597
2026-07-17 02:00:00+00:00,9854.697711830597
2026-07-17 03:00:00+00:00,9854.697711830597
2026-07-17 04:00:00+00:00,9854.697711830597
2026-07-17 05:00:00+00:00,9854.697711830597
2026-07-17 06:00:00+00:00,9854.697711830597
2026-07-17 07:00:00+00:00,9854.697711830597
2026-07-17 08:00:00+00:00,9854.697711830597
2026-07-17 09:00:00+00:00,9854.697711830597
2026-07-17 10:00:00+00:00,9854.697711830597
2026-07-17 11:00:00+00:00,9854.697711830597
2026-07-17 12:00:00+00:00,9854.697711830597
2026-07-17 13:00:00+00:00,9854.697711830597
2026-07-17 14:00:00+00:00,9854.697711830597
2026-07-17 15:00:00+00:00,9854.697711830597
2026-07-17 16:00:00+00:00,9854.697711830597
2026-07-17 17:00:00+00:00,9854.697711830597
2026-07-17 18:00:00+00:00,9854.697711830597
2026-07-17 19:00:00+00:00,9854.697711830597
2026-07-17 20:00:00+00:00,9854.697711830597
2026-07-17 21:00:00+00:00,9854.697711830597
2026-07-17 22:00:00+00:00,9854.697711830597
2026-07-17 23:00:00+00:00,9854.697711830597
2026-07-18 00:00:00+00:00,9854.697711830597
2026-07-18 01:00:00+00:00,9854.697711830597
2026-07-18 02:00:00+00:00,9854.697711830597
2026-07-18 03:00:00+00:00,9854.697711830597
2026-07-18 04:00:00+00:00,9854.697711830597
2026-07-18 05:00:00+00:00,9854.697711830597
2026-07-18 06:00:00+00:00,9854.697711830597
2026-07-18 07:00:00+00:00,9854.697711830597
2026-07-18 08:00:00+00:00,9854.697711830597
2026-07-18 09:00:00+00:00,9854.697711830597
2026-07-18 10:00:00+00:00,9854.697711830597
2026-07-18 11:00:00+00:00,9854.697711830597
2026-07-18 12:00:00+00:00,9854.697711830597
2026-07-18 13:00:00+00:00,9854.697711830597
2026-07-18 14:00:00+00:00,9854.697711830597
2026-07-18 15:00:00+00:00,9854.697711830597
2026-07-18 16:00:00+00:00,9854.697711830597
2026-07-18 17:00:00+00:00,9854.697711830597
2026-07-18 18:00:00+00:00,9854.697711830597
2026-07-18 19:00:00+00:00,9854.697711830597
2026-07-18 20:00:00+00:00,9854.697711830597
2026-07-18 21:00:00+00:00,9854.697711830597
2026-07-18 22:00:00+00:00,9854.697711830597
2026-07-18 23:00:00+00:00,9854.697711830597
2026-07-19 00:00:00+00:00,9854.697711830597
2026-07-19 01:00:00+00:00,9854.697711830597
2026-07-19 02:00:00+00:00,9854.697711830597
2026-07-19 03:00:00+00:00,9854.697711830597
2026-07-19 04:00:00+00:00,9854.697711830597
2026-07-19 05:00:00+00:00,9854.697711830597
2026-07-19 06:00:00+00:00,9854.697711830597
2026-07-19 07:00:00+00:00,9854.697711830597
2026-07-19 08:00:00+00:00,9854.697711830597
2026-07-19 09:00:00+00:00,9854.697711830597
2026-07-19 10:00:00+00:00,9854.697711830597
2026-07-19 11:00:00+00:00,9854.697711830597
2026-07-19 12:00:00+00:00,9854.697711830597
2026-07-19 13:00:00+00:00,9854.697711830597
2026-07-19 14:00:00+00:00,9854.697711830597
2026-07-19 15:00:00+00:00,9854.697711830597
2026-07-19 16:00:00+00:00,9854.697711830597
2026-07-19 17:00:00+00:00,9854.697711830597
2026-07-19 18:00:00+00:00,9854.697711830597
2026-07-19 19:00:00+00:00,9854.697711830597
2026-07-19 20:00:00+00:00,9854.697711830597
2026-07-19 21:00:00+00:00,9854.697711830597
2026-07-19 22:00:00+00:00,9854.697711830597
2026-07-19 23:00:00+00:00,9854.697711830597
2026-07-20 00:00:00+00:00,9854.697711830597
2026-07-20 01:00:00+00:00,9854.697711830597
2026-07-20 02:00:00+00:00,9854.697711830597
2026-07-20 03:00:00+00:00,9854.697711830597
2026-07-20 04:00:00+00:00,9854.697711830597
2026-07-20 05:00:00+00:00,9854.697711830597
2026-07-20 06:00:00+00:00,9854.697711830597
2026-07-20 07:00:00+00:00,9854.697711830597
2026-07-20 08:00:00+00:00,9854.697711830597
2026-07-20 09:00:00+00:00,9854.697711830597
2026-07-20 10:00:00+00:00,9854.697711830597
2026-07-20 11:00:00+00:00,9854.697711830597
2026-07-20 12:00:00+00:00,9854.697711830597
2026-07-20 13:00:00+00:00,9854.697711830597
2026-07-20 14:00:00+00:00,9854.697711830597
2026-07-20 15:00:00+00:00,9854.697711830597
2026-07-20 16:00:00+00:00,9854.697711830597
2026-07-20 17:00:00+00:00,9854.697711830597
2026-07-20 18:00:00+00:00,9854.697711830597
2026-07-20 19:00:00+00:00,9854.697711830597
2026-07-20 20:00:00+00:00,9854.697711830597
2026-07-20 21:00:00+00:00,9854.697711830597
2026-07-20 22:00:00+00:00,9854.697711830597
2026-07-20 23:00:00+00:00,9854.697711830597
2026-07-21 00:00:00+00:00,9854.697711830597
2026-07-21 01:00:00+00:00,9854.697711830597
2026-07-21 02:00:00+00:00,9854.697711830597
2026-07-21 03:00:00+00:00,9854.697711830597
2026-07-21 04:00:00+00:00,9854.697711830597
2026-07-21 05:00:00+00:00,9854.697711830597
2026-07-21 06:00:00+00:00,9854.697711830597
2026-07-21 07:00:00+00:00,9854.697711830597
2026-07-21 08:00:00+00:00,9854.697711830597
2026-07-21 09:00:00+00:00,9851.42882010762
2026-07-21 10:00:00+00:00,9859.01762010762
2026-07-21 11:00:00+00:00,9846.60522010762
2026-07-21 12:00:00+00:00,9866.048420107618
2026-07-21 13:00:00+00:00,9892.06362010762
2026-07-21 14:00:00+00:00,9919.48002010762
2026-07-21 15:00:00+00:00,9926.36202010762
2026-07-21 16:00:00+00:00,9907.04282010762
2026-07-21 17:00:00+00:00,9889.35269210646
2026-07-21 18:00:00+00:00,9832.950719161981
2026-07-21 19:00:00+00:00,9832.950719161981
2026-07-21 20:00:00+00:00,9832.950719161981
2026-07-21 21:00:00+00:00,9832.950719161981
2026-07-21 22:00:00+00:00,9832.950719161981
2026-07-21 23:00:00+00:00,9832.950719161981
2026-07-22 00:00:00+00:00,9832.950719161981
2026-07-22 01:00:00+00:00,9832.950719161981
2026-07-22 02:00:00+00:00,9832.950719161981
2026-07-22 03:00:00+00:00,9832.950719161981
2026-07-22 04:00:00+00:00,9832.950719161981
2026-07-22 05:00:00+00:00,9832.950719161981
2026-07-22 06:00:00+00:00,9832.950719161981
2026-07-22 07:00:00+00:00,9832.950719161981
2026-07-22 08:00:00+00:00,9832.950719161981
2026-07-22 09:00:00+00:00,9832.950719161981
2026-07-22 10:00:00+00:00,9832.950719161981
2026-07-22 11:00:00+00:00,9832.950719161981
2026-07-22 12:00:00+00:00,9832.950719161981
2026-07-22 13:00:00+00:00,9832.950719161981
2026-07-22 14:00:00+00:00,9832.950719161981
2026-07-22 15:00:00+00:00,9832.950719161981
2026-07-22 16:00:00+00:00,9832.950719161981
2026-07-22 17:00:00+00:00,9832.950719161981
2026-07-22 18:00:00+00:00,9832.950719161981
2026-07-22 19:00:00+00:00,9832.950719161981
2026-07-22 20:00:00+00:00,9832.950719161981
2026-07-22 21:00:00+00:00,9832.950719161981
2026-07-22 22:00:00+00:00,9832.950719161981
2026-07-22 23:00:00+00:00,9832.950719161981
2026-07-23 00:00:00+00:00,9832.950719161981
2026-07-23 01:00:00+00:00,9832.950719161981
2026-07-23 02:00:00+00:00,9832.950719161981
2026-07-23 03:00:00+00:00,9832.950719161981
2026-07-23 04:00:00+00:00,9832.950719161981
2026-07-23 05:00:00+00:00,9832.950719161981
2026-07-23 06:00:00+00:00,9832.950719161981
2026-07-23 07:00:00+00:00,9832.950719161981
2026-07-23 08:00:00+00:00,9832.950719161981
2026-07-23 09:00:00+00:00,9832.950719161981
2026-07-23 10:00:00+00:00,9832.950719161981
2026-07-23 11:00:00+00:00,9832.950719161981
2026-07-23 12:00:00+00:00,9832.950719161981
2026-07-23 13:00:00+00:00,9832.950719161981
2026-07-23 14:00:00+00:00,9832.950719161981
2026-07-23 15:00:00+00:00,9832.950719161981
2026-07-23 16:00:00+00:00,9832.950719161981
2026-07-23 17:00:00+00:00,9832.950719161981
2026-07-23 18:00:00+00:00,9832.950719161981
2026-07-23 19:00:00+00:00,9832.950719161981
2026-07-23 20:00:00+00:00,9832.950719161981
2026-07-23 21:00:00+00:00,9832.950719161981
2026-07-23 22:00:00+00:00,9832.950719161981
2026-07-23 23:00:00+00:00,9832.950719161981
2026-07-24 00:00:00+00:00,9832.950719161981
2026-07-24 01:00:00+00:00,9832.950719161981
2026-07-24 02:00:00+00:00,9832.950719161981
2026-07-24 03:00:00+00:00,9832.950719161981
2026-07-24 04:00:00+00:00,9832.950719161981
2026-07-24 05:00:00+00:00,9832.950719161981
2026-07-24 06:00:00+00:00,9832.950719161981
2026-07-24 07:00:00+00:00,9832.950719161981
2026-07-24 08:00:00+00:00,9832.950719161981
2026-07-24 09:00:00+00:00,9832.950719161981
2026-07-24 10:00:00+00:00,9832.950719161981
2026-07-24 11:00:00+00:00,9832.950719161981
2026-07-24 12:00:00+00:00,9832.950719161981
2026-07-24 13:00:00+00:00,9832.950719161981
2026-07-24 14:00:00+00:00,9832.950719161981
2026-07-24 15:00:00+00:00,9832.950719161981
2026-07-24 16:00:00+00:00,9832.950719161981
2026-07-24 17:00:00+00:00,9832.950719161981
2026-07-24 18:00:00+00:00,9832.950719161981
2026-07-24 19:00:00+00:00,9832.950719161981
2026-07-24 20:00:00+00:00,9832.950719161981
2026-07-24 21:00:00+00:00,9832.950719161981
2026-07-24 22:00:00+00:00,9832.950719161981
2026-07-24 23:00:00+00:00,9832.950719161981
2026-07-25 00:00:00+00:00,9832.950719161981
2026-07-25 01:00:00+00:00,9832.950719161981
2026-07-25 02:00:00+00:00,9832.950719161981
2026-07-25 03:00:00+00:00,9832.950719161981
2026-07-25 04:00:00+00:00,9832.950719161981
2026-07-25 05:00:00+00:00,9832.950719161981
2026-07-25 06:00:00+00:00,9832.950719161981
2026-07-25 07:00:00+00:00,9832.950719161981
2026-07-25 08:00:00+00:00,9832.950719161981
2026-07-25 09:00:00+00:00,9832.950719161981
2026-07-25 10:00:00+00:00,9832.950719161981
2026-07-25 11:00:00+00:00,9832.950719161981
2026-07-25 12:00:00+00:00,9832.950719161981
2026-07-25 13:00:00+00:00,9832.950719161981
2026-07-25 14:00:00+00:00,9832.950719161981
2026-07-25 15:00:00+00:00,9832.950719161981
2026-07-25 16:00:00+00:00,9832.950719161981
2026-07-25 17:00:00+00:00,9832.950719161981
2026-07-25 18:00:00+00:00,9832.950719161981
2026-07-25 19:00:00+00:00,9832.950719161981
2026-07-25 20:00:00+00:00,9832.950719161981
2026-07-25 21:00:00+00:00,9832.950719161981
2026-07-25 22:00:00+00:00,9832.950719161981
2026-07-25 23:00:00+00:00,9832.950719161981
2026-07-26 00:00:00+00:00,9832.950719161981
2026-07-26 01:00:00+00:00,9832.950719161981
2026-07-26 02:00:00+00:00,9832.950719161981
2026-07-26 03:00:00+00:00,9832.950719161981
2026-07-26 04:00:00+00:00,9832.950719161981
2026-07-26 05:00:00+00:00,9832.950719161981
2026-07-26 06:00:00+00:00,9832.950719161981
2026-07-26 07:00:00+00:00,9832.950719161981
2026-07-26 08:00:00+00:00,9832.950719161981
2026-07-26 09:00:00+00:00,9832.950719161981
2026-07-26 10:00:00+00:00,9832.950719161981
2026-07-26 11:00:00+00:00,9832.950719161981
2026-07-26 12:00:00+00:00,9832.950719161981
2026-07-26 13:00:00+00:00,9832.950719161981
2026-07-26 14:00:00+00:00,9832.950719161981
2026-07-26 15:00:00+00:00,9832.950719161981
2026-07-26 16:00:00+00:00,9832.950719161981
2026-07-26 17:00:00+00:00,9832.950719161981
2026-07-26 18:00:00+00:00,9832.950719161981
2026-07-26 19:00:00+00:00,9832.950719161981
2026-07-26 20:00:00+00:00,9832.950719161981
2026-07-26 21:00:00+00:00,9832.950719161981
2026-07-26 22:00:00+00:00,9832.950719161981
2026-07-26 23:00:00+00:00,9832.950719161981
2026-07-27 00:00:00+00:00,9832.950719161981
2026-07-27 01:00:00+00:00,9832.950719161981
2026-07-27 02:00:00+00:00,9832.950719161981
2026-07-27 03:00:00+00:00,9832.950719161981
2026-07-27 04:00:00+00:00,9832.950719161981
2026-07-27 05:00:00+00:00,9832.950719161981
2026-07-27 06:00:00+00:00,9832.950719161981
2026-07-27 07:00:00+00:00,9832.950719161981
2026-07-27 08:00:00+00:00,9832.950719161981
2026-07-27 09:00:00+00:00,9832.950719161981
2026-07-27 10:00:00+00:00,9832.950719161981
2026-07-27 11:00:00+00:00,9832.950719161981
2026-07-27 12:00:00+00:00,9832.950719161981
2026-07-27 13:00:00+00:00,9832.950719161981
2026-07-27 14:00:00+00:00,9832.950719161981
2026-07-27 15:00:00+00:00,9832.950719161981
2026-07-27 16:00:00+00:00,9832.950719161981
2026-07-27 17:00:00+00:00,9832.950719161981
2026-07-27 18:00:00+00:00,9832.950719161981
2026-07-27 19:00:00+00:00,9832.950719161981
2026-07-27 20:00:00+00:00,9832.950719161981
2026-07-27 21:00:00+00:00,9832.950719161981
2026-07-27 22:00:00+00:00,9832.950719161981
2026-07-27 23:00:00+00:00,9832.950719161981
2026-07-28 00:00:00+00:00,9832.950719161981
2026-07-28 01:00:00+00:00,9832.950719161981
2026-07-28 02:00:00+00:00,9858.563984001405
2026-07-28 03:00:00+00:00,9864.669584001405
2026-07-28 04:00:00+00:00,9843.946384001405
2026-07-28 05:00:00+00:00,9842.231184001404
2026-07-28 06:00:00+00:00,9830.211984001406
2026-07-28 07:00:00+00:00,9805.635984001405
2026-07-28 08:00:00+00:00,9822.608784001404
2026-07-28 09:00:00+00:00,9832.231740289406
2026-07-28 10:00:00+00:00,9836.570940289406
2026-07-28 11:00:00+00:00,9827.380540289407
2026-07-28 12:00:00+00:00,9828.506940289406
2026-07-28 13:00:00+00:00,9817.076540289407
2026-07-28 14:00:00+00:00,9873.550140289406
2026-07-28 15:00:00+00:00,9834.484540289406
2026-07-28 16:00:00+00:00,9781.685739225913
2026-07-28 17:00:00+00:00,9781.685739225913
2026-07-28 18:00:00+00:00,9781.685739225913
2026-07-28 19:00:00+00:00,9781.685739225913
2026-07-28 20:00:00+00:00,9781.685739225913
2026-07-28 21:00:00+00:00,9781.685739225913
2026-07-28 22:00:00+00:00,9781.685739225913
2026-07-28 23:00:00+00:00,9781.685739225913
2026-07-29 00:00:00+00:00,9781.685739225913
2026-07-29 01:00:00+00:00,9781.685739225913
2026-07-29 02:00:00+00:00,9781.685739225913
2026-07-29 03:00:00+00:00,9781.685739225913
2026-07-29 04:00:00+00:00,9781.685739225913
2026-07-29 05:00:00+00:00,9781.685739225913
2026-07-29 06:00:00+00:00,9781.685739225913
2026-07-29 07:00:00+00:00,9781.685739225913
2026-07-29 08:00:00+00:00,9781.685739225913
2026-07-29 09:00:00+00:00,9781.685739225913
2026-07-29 10:00:00+00:00,9781.685739225913
2026-07-29 11:00:00+00:00,9781.685739225913
2026-07-29 12:00:00+00:00,9781.685739225913
2026-07-29 13:00:00+00:00,9781.685739225913
2026-07-29 14:00:00+00:00,9781.685739225913
2026-07-29 15:00:00+00:00,9781.685739225913
2026-07-29 16:00:00+00:00,9781.685739225913
2026-07-29 17:00:00+00:00,9781.685739225913
2026-07-29 18:00:00+00:00,9781.685739225913
2026-07-29 19:00:00+00:00,9781.685739225913
2026-07-29 20:00:00+00:00,9781.685739225913
2026-07-29 21:00:00+00:00,9781.685739225913
2026-07-29 22:00:00+00:00,9781.685739225913
2026-07-29 23:00:00+00:00,9781.685739225913
2026-07-30 00:00:00+00:00,9781.685739225913
2026-07-30 01:00:00+00:00,9781.685739225913
2026-07-30 02:00:00+00:00,9781.685739225913
2026-07-30 03:00:00+00:00,9781.685739225913
2026-07-30 04:00:00+00:00,9781.685739225913
2026-07-30 05:00:00+00:00,9781.685739225913
2026-07-30 06:00:00+00:00,9781.685739225913
2026-07-30 07:00:00+00:00,9781.685739225913
2026-07-30 08:00:00+00:00,9781.685739225913
2026-07-30 09:00:00+00:00,9781.685739225913
2026-07-30 10:00:00+00:00,9781.685739225913
2026-07-30 11:00:00+00:00,9781.685739225913
2026-07-30 12:00:00+00:00,9781.685739225913
2026-07-30 13:00:00+00:00,9781.685739225913
2026-07-30 14:00:00+00:00,9781.685739225913
2026-07-30 15:00:00+00:00,9781.685739225913
2026-07-30 16:00:00+00:00,9781.685739225913
2026-07-30 17:00:00+00:00,9781.685739225913
2026-07-30 18:00:00+00:00,9781.685739225913
2026-07-30 19:00:00+00:00,9781.685739225913
2026-07-30 20:00:00+00:00,9781.685739225913
2026-07-30 21:00:00+00:00,9781.685739225913
2026-07-30 22:00:00+00:00,9781.685739225913
2026-07-30 23:00:00+00:00,9781.685739225913
2026-07-31 00:00:00+00:00,9781.685739225913
2026-07-31 01:00:00+00:00,9781.685739225913
2026-07-31 02:00:00+00:00,9781.685739225913
2026-07-31 03:00:00+00:00,9781.685739225913
2026-07-31 04:00:00+00:00,9781.685739225913
2026-07-31 05:00:00+00:00,9781.685739225913
2026-07-31 06:00:00+00:00,9781.685739225913
2026-07-31 07:00:00+00:00,9781.685739225913
2026-07-31 08:00:00+00:00,9781.685739225913
2026-07-31 09:00:00+00:00,9781.685739225913
2026-07-31 10:00:00+00:00,9781.685739225913
2026-07-31 11:00:00+00:00,9781.685739225913
2026-07-31 12:00:00+00:00,9781.685739225913
2026-07-31 13:00:00+00:00,9781.685739225913
2026-07-31 14:00:00+00:00,9781.685739225913
2026-07-31 15:00:00+00:00,9781.685739225913
2026-07-31 16:00:00+00:00,9781.685739225913
2026-07-31 17:00:00+00:00,9781.685739225913
2026-07-31 18:00:00+00:00,9781.685739225913
2026-07-31 19:00:00+00:00,9781.685739225913
2026-07-31 20:00:00+00:00,9781.685739225913
2026-07-31 21:00:00+00:00,9781.685739225913
2026-07-31 22:00:00+00:00,9781.685739225913
2026-07-31 23:00:00+00:00,9781.685739225913
2026-08-01 00:00:00+00:00,9781.685739225913
2026-08-01 01:00:00+00:00,9781.685739225913
2026-08-01 02:00:00+00:00,9781.685739225913
2026-08-01 03:00:00+00:00,9781.685739225913
2026-08-01 04:00:00+00:00,9781.685739225913
2026-08-01 05:00:00+00:00,9781.685739225913
2026-08-01 06:00:00+00:00,9781.685739225913
2026-08-01 07:00:00+00:00,9781.685739225913
2026-08-01 08:00:00+00:00,9781.685739225913
2026-08-01 09:00:00+00:00,9781.685739225913
2026-08-01 10:00:00+00:00,9781.685739225913
2026-08-01 11:00:00+00:00,9781.685739225913
2026-08-01 12:00:00+00:00,9781.685739225913
2026-08-01 13:00:00+00:00,9781.685739225913
2026-08-01 14:00:00+00:00,9781.685739225913
2026-08-01 15:00:00+00:00,9781.685739225913
2026-08-01 16:00:00+00:00,9781.685739225913
2026-08-01 17:00:00+00:00,9781.685739225913
2026-08-01 18:00:00+00:00,9781.685739225913
2026-08-01 19:00:00+00:00,9781.685739225913
2026-08-01 20:00:00+00:00,9781.685739225913
2026-08-01 21:00:00+00:00,9781.685739225913
2026-08-01 22:00:00+00:00,9781.685739225913
2026-08-01 23:00:00+00:00,9781.685739225913
2026-08-02 00:00:00+00:00,9781.685739225913
2026-08-02 01:00:00+00:00,9781.685739225913
2026-08-02 02:00:00+00:00,9781.685739225913
2026-08-02 03:00:00+00:00,9781.685739225913
2026-08-02 04:00:00+00:00,9781.685739225913
2026-08-02 05:00:00+00:00,9781.685739225913
2026-08-02 06:00:00+00:00,9781.685739225913
2026-08-02 07:00:00+00:00,9781.685739225913
2026-08-02 08:00:00+00:00,9781.685739225913
2026-08-02 09:00:00+00:00,9781.685739225913
2026-08-02 10:00:00+00:00,9781.685739225913
2026-08-02 11:00:00+00:00,9781.685739225913
2026-08-02 12:00:00+00:00,9781.685739225913
2026-08-02 13:00:00+00:00,9781.685739225913
2026-08-02 14:00:00+00:00,9781.685739225913
2026-08-02 15:00:00+00:00,9781.685739225913
2026-08-02 16:00:00+00:00,9781.685739225913
2026-08-02 17:00:00+00:00,9781.685739225913
2026-08-02 18:00:00+00:00,9781.685739225913
2026-08-02 19:00:00+00:00,9781.685739225913
2026-08-02 20:00:00+00:00,9781.685739225913
2026-08-02 21:00:00+00:00,9781.685739225913
2026-08-02 22:00:00+00:00,9781.685739225913
2026-08-02 23:00:00+00:00,9781.685739225913
2026-08-03 00:00:00+00:00,9781.685739225913
2026-08-03 01:00:00+00:00,9781.685739225913
2026-08-03 02:00:00+00:00,9781.685739225913
2026-08-03 03:00:00+00:00,9781.685739225913
2026-08-03 04:00:00+00:00,9781.685739225913
2026-08-03 05:00:00+00:00,9781.685739225913
2026-08-03 06:00:00+00:00,9781.685739225913
2026-08-03 07:00:00+00:00,9781.685739225913
2026-08-03 08:00:00+00:00,9781.685739225913
2026-08-03 09:00:00+00:00,9781.685739225913
2026-08-03 10:00:00+00:00,9781.685739225913
2026-08-03 11:00:00+00:00,9781.685739225913
2026-08-03 12:00:00+00:00,9781.685739225913
2026-08-03 13:00:00+00:00,9781.685739225913
2026-08-03 14:00:00+00:00,9781.685739225913
2026-08-03 15:00:00+00:00,9781.685739225913
2026-08-03 16:00:00+00:00,9781.685739225913
2026-08-03 17:00:00+00:00,9781.685739225913
2026-08-03 18:00:00+00:00,9781.685739225913
2026-08-03 19:00:00+00:00,9781.685739225913
2026-08-03 20:00:00+00:00,9781.685739225913
2026-08-03 21:00:00+00:00,9781.685739225913
2026-08-03 22:00:00+00:00,9781.685739225913
2026-08-03 23:00:00+00:00,9781.685739225913
2026-08-04 00:00:00+00:00,9781.685739225913
2026-08-04 01:00:00+00:00,9781.685739225913
2026-08-04 02:00:00+00:00,9781.685739225913
2026-08-04 03:00:00+00:00,9781.685739225913
2026-08-04 04:00:00+00:00,9781.685739225913
2026-08-04 05:00:00+00:00,9781.685739225913
2026-08-04 06:00:00+00:00,9781.685739225913
2026-08-04 07:00:00+00:00,9781.685739225913
2026-08-04 08:00:00+00:00,9781.685739225913
2026-08-04 09:00:00+00:00,9781.685739225913
2026-08-04 10:00:00+00:00,9781.685739225913
2026-08-04 11:00:00+00:00,9781.685739225913
2026-08-04 12:00:00+00:00,9781.685739225913
2026-08-04 13:00:00+00:00,9781.685739225913
2026-08-04 14:00:00+00:00,9781.685739225913
2026-08-04 15:00:00+00:00,9781.685739225913
2026-08-04 16:00:00+00:00,9781.685739225913
2026-08-04 17:00:00+00:00,9781.685739225913
2026-08-04 18:00:00+00:00,9781.685739225913
2026-08-04 19:00:00+00:00,9781.685739225913
2026-08-04 20:00:00+00:00,9781.685739225913
2026-08-04 21:00:00+00:00,9781.685739225913
2026-08-04 22:00:00+00:00,9781.685739225913
2026-08-04 23:00:00+00:00,9781.685739225913
2026-08-05 00:00:00+00:00,9781.685739225913
2026-08-05 01:00:00+00:00,9781.685739225913
2026-08-05 02:00:00+00:00,9781.685739225913
2026-08-05 03:00:00+00:00,9781.685739225913
2026-08-05 04:00:00+00:00,9781.685739225913
2026-08-05 05:00:00+00:00,9781.685739225913
2026-08-05 06:00:00+00:00,9781.685739225913
2026-08-05 07:00:00+00:00,9781.685739225913
2026-08-05 08:00:00+00:00,9781.685739225913
2026-08-05 09:00:00+00:00,9781.685739225913
2026-08-05 10:00:00+00:00,9781.685739225913
2026-08-05 11:00:00+00:00,9781.685739225913
2026-08-05 12:00:00+00:00,9781.685739225913
2026-08-05 13:00:00+00:00,9781.685739225913
2026-08-05 14:00:00+00:00,9781.685739225913
2026-08-05 15:00:00+00:00,9781.685739225913
2026-08-05 16:00:00+00:00,9781.685739225913
2026-08-05 17:00:00+00:00,9781.685739225913
2026-08-05 18:00:00+00:00,9781.685739225913
2026-08-05 19:00:00+00:00,9781.685739225913
2026-08-05 20:00:00+00:00,9781.685739225913
2026-08-05 21:00:00+00:00,9781.685739225913
2026-08-05 22:00:00+00:00,9781.685739225913
2026-08-05 23:00:00+00:00,9781.685739225913
2026-08-06 00:00:00+00:00,9781.685739225913
2026-08-06 01:00:00+00:00,9781.685739225913
2026-08-06 02:00:00+00:00,9781.685739225913
2026-08-06 03:00:00+00:00,9781.685739225913
2026-08-06 04:00:00+00:00,9781.685739225913
2026-08-06 05:00:00+00:00,9781.685739225913
2026-08-06 06:00:00+00:00,9781.685739225913
2026-08-06 07:00:00+00:00,9781.685739225913
2026-08-06 08:00:00+00:00,9781.685739225913
2026-08-06 09:00:00+00:00,9781.685739225913
2026-08-06 10:00:00+00:00,9781.685739225913
2026-08-06 11:00:00+00:00,9781.685739225913
2026-08-06 12:00:00+00:00,9781.685739225913
2026-08-06 13:00:00+00:00,9781.685739225913
2026-08-06 14:00:00+00:00,9781.685739225913
2026-08-06 15:00:00+00:00,9781.685739225913
2026-08-06 16:00:00+00:00,9781.685739225913
2026-08-06 17:00:00+00:00,9781.685739225913
2026-08-06 18:00:00+00:00,9781.685739225913
2026-08-06 19:00:00+00:00,9781.685739225913
2026-08-06 20:00:00+00:00,9781.685739225913
2026-08-06 21:00:00+00:00,9781.685739225913
2026-08-06 22:00:00+00:00,9781.685739225913
2026-08-06 23:00:00+00:00,9781.685739225913
2026-08-07 00:00:00+00:00,9781.685739225913
2026-08-07 01:00:00+00:00,9781.685739225913
2026-08-07 02:00:00+00:00,9781.685739225913
2026-08-07 03:00:00+00:00,9781.685739225913
2026-08-07 04:00:00+00:00,9781.685739225913
2026-08-07 05:00:00+00:00,9781.685739225913
2026-08-07 06:00:00+00:00,9781.685739225913
2026-08-07 07:00:00+00:00,9781.685739225913
2026-08-07 08:00:00+00:00,9781.685739225913
2026-08-07 09:00:00+00:00,9781.685739225913
2026-08-07 10:00:00+00:00,9781.685739225913
2026-08-07 11:00:00+00:00,9781.685739225913
2026-08-07 12:00:00+00:00,9781.685739225913
2026-08-07 13:00:00+00:00,9781.685739225913
2026-08-07 14:00:00+00:00,9732.076957079535
2026-08-07 15:00:00+00:00,9723.509457079534
2026-08-07 16:00:00+00:00,9717.266357079534
2026-08-07 17:00:00+00:00,9700.937003455872
2026-08-07 18:00:00+00:00,9695.036603455874
2026-08-07 19:00:00+00:00,9690.834803455873
2026-08-07 20:00:00+00:00,9723.734003455873
2026-08-07 21:00:00+00:00,9725.104803455873
2026-08-07 22:00:00+00:00,9718.131603455873
2026-08-07 23:00:00+00:00,9712.469603455873
2026-08-08 00:00:00+00:00,9716.656503455873
2026-08-08 01:00:00+00:00,9716.849356057859
2026-08-08 02:00:00+00:00,9715.404056057858
2026-08-08 03:00:00+00:00,9716.730156057858
2026-08-08 04:00:00+00:00,9733.194656057858
2026-08-08 05:00:00+00:00,9729.693156057858
2026-08-08 06:00:00+00:00,9728.277656057859
2026-08-08 07:00:00+00:00,9729.946456057858
2026-08-08 08:00:00+00:00,9723.703356057858
2026-08-08 09:00:00+00:00,9727.187333751579
2026-08-08 10:00:00+00:00,9726.725433751579
2026-08-08 11:00:00+00:00,9729.779933751579
2026-08-08 12:00:00+00:00,9723.507033751579
2026-08-08 13:00:00+00:00,9728.76673375158
2026-08-08 14:00:00+00:00,9730.49513375158
2026-08-08 15:00:00+00:00,9747.57053375158
2026-08-08 16:00:00+00:00,9740.01623375158
2026-08-08 17:00:00+00:00,9740.467179913172
2026-08-08 18:00:00+00:00,9744.952079913171
2026-08-08 19:00:00+00:00,9734.387979913174
2026-08-08 20:00:00+00:00,9738.887779913173
2026-08-08 21:00:00+00:00,9739.096379913173
2026-08-08 22:00:00+00:00,9730.588479913173
2026-08-08 23:00:00+00:00,9719.473079913172
2026-08-09 00:00:00+00:00,9721.454779913172
2026-08-09 01:00:00+00:00,9724.66248290845
2026-08-09 02:00:00+00:00,9699.059626583921
2026-08-09 03:00:00+00:00,9699.059626583921
2026-08-09 04:00:00+00:00,9699.059626583921
2026-08-09 05:00:00+00:00,9699.059626583921
2026-08-09 06:00:00+00:00,9699.059626583921
2026-08-09 07:00:00+00:00,9699.059626583921
2026-08-09 08:00:00+00:00,9699.059626583921
2026-08-09 09:00:00+00:00,9699.059626583921
2026-08-09 10:00:00+00:00,9699.059626583921
2026-08-09 11:00:00+00:00,9699.059626583921
2026-08-09 12:00:00+00:00,9699.059626583921
2026-08-09 13:00:00+00:00,9699.059626583921
2026-08-09 14:00:00+00:00,9699.059626583921
2026-08-09 15:00:00+00:00,9699.059626583921
2026-08-09 16:00:00+00:00,9699.059626583921
2026-08-09 17:00:00+00:00,9699.059626583921
2026-08-09 18:00:00+00:00,9699.059626583921
2026-08-09 19:00:00+00:00,9699.059626583921
2026-08-09 20:00:00+00:00,9699.059626583921
2026-08-09 21:00:00+00:00,9699.059626583921
2026-08-09 22:00:00+00:00,9699.059626583921
2026-08-09 23:00:00+00:00,9699.059626583921
2026-08-10 00:00:00+00:00,9699.059626583921
2026-08-10 01:00:00+00:00,9699.059626583921
2026-08-10 02:00:00+00:00,9699.059626583921
2026-08-10 03:00:00+00:00,9699.059626583921
2026-08-10 04:00:00+00:00,9699.059626583921
2026-08-10 05:00:00+00:00,9699.059626583921
2026-08-10 06:00:00+00:00,9699.059626583921
2026-08-10 07:00:00+00:00,9699.059626583921
2026-08-10 08:00:00+00:00,9699.059626583921
2026-08-10 09:00:00+00:00,9699.059626583921
2026-08-10 10:00:00+00:00,9699.059626583921
2026-08-10 11:00:00+00:00,9699.059626583921
2026-08-10 12:00:00+00:00,9699.059626583921
2026-08-10 13:00:00+00:00,9699.059626583921
2026-08-10 14:00:00+00:00,9699.059626583921
2026-08-10 15:00:00+00:00,9699.059626583921
2026-08-10 16:00:00+00:00,9699.059626583921
2026-08-10 17:00:00+00:00,9699.059626583921
2026-08-10 18:00:00+00:00,9699.059626583921
2026-08-10 19:00:00+00:00,9699.059626583921
2026-08-10 20:00:00+00:00,9699.059626583921
2026-08-10 21:00:00+00:00,9699.059626583921
2026-08-10 22:00:00+00:00,9699.059626583921
2026-08-10 23:00:00+00:00,9699.059626583921
2026-08-11 00:00:00+00:00,9699.059626583921
2026-08-11 01:00:00+00:00,9699.059626583921
2026-08-11 02:00:00+00:00,9699.059626583921
2026-08-11 03:00:00+00:00,9699.059626583921
2026-08-11 04:00:00+00:00,9699.059626583921
2026-08-11 05:00:00+00:00,9699.059626583921
2026-08-11 06:00:00+00:00,9699.059626583921
2026-08-11 07:00:00+00:00,9699.059626583921
2026-08-11 08:00:00+00:00,9699.059626583921
2026-08-11 09:00:00+00:00,9699.059626583921
2026-08-11 10:00:00+00:00,9699.059626583921
2026-08-11 11:00:00+00:00,9699.059626583921
2026-08-11 12:00:00+00:00,9699.059626583921
2026-08-11 13:00:00+00:00,9699.059626583921
2026-08-11 14:00:00+00:00,9699.059626583921
2026-08-11 15:00:00+00:00,9699.059626583921
2026-08-11 16:00:00+00:00,9699.059626583921
2026-08-11 17:00:00+00:00,9705.07649723773
2026-08-11 18:00:00+00:00,9691.15329723773
2026-08-11 19:00:00+00:00,9725.74849723773
2026-08-11 20:00:00+00:00,9702.03649723773
2026-08-11 21:00:00+00:00,9669.766897237729
2026-08-11 22:00:00+00:00,9681.82049723773
2026-08-11 23:00:00+00:00,9681.80529723773
2026-08-12 00:00:00+00:00,9692.38449723773
2026-08-12 01:00:00+00:00,9671.28039011773
2026-08-12 02:00:00+00:00,9659.30279011773
2026-08-12 03:00:00+00:00,9645.138541311837
2026-08-12 04:00:00+00:00,9645.138541311837
2026-08-12 05:00:00+00:00,9645.138541311837
2026-08-12 06:00:00+00:00,9645.138541311837
2026-08-12 07:00:00+00:00,9645.138541311837
2026-08-12 08:00:00+00:00,9645.138541311837
2026-08-12 09:00:00+00:00,9645.138541311837
2026-08-12 10:00:00+00:00,9645.138541311837
2026-08-12 11:00:00+00:00,9645.138541311837
2026-08-12 12:00:00+00:00,9645.138541311837
2026-08-12 13:00:00+00:00,9645.138541311837
2026-08-12 14:00:00+00:00,9645.138541311837
2026-08-12 15:00:00+00:00,9645.138541311837
2026-08-12 16:00:00+00:00,9645.138541311837
2026-08-12 17:00:00+00:00,9645.138541311837
2026-08-12 18:00:00+00:00,9645.138541311837
2026-08-12 19:00:00+00:00,9645.138541311837
2026-08-12 20:00:00+00:00,9645.138541311837
2026-08-12 21:00:00+00:00,9645.138541311837
2026-08-12 22:00:00+00:00,9645.138541311837
2026-08-12 23:00:00+00:00,9645.138541311837
2026-08-13 00:00:00+00:00,9645.138541311837
2026-08-13 01:00:00+00:00,9645.138541311837
2026-08-13 02:00:00+00:00,9645.138541311837
2026-08-13 03:00:00+00:00,9645.138541311837
2026-08-13 04:00:00+00:00,9645.138541311837
2026-08-13 05:00:00+00:00,9645.138541311837
2026-08-13 06:00:00+00:00,9645.138541311837
2026-08-13 07:00:00+00:00,9645.138541311837
2026-08-13 08:00:00+00:00,9645.138541311837
2026-08-13 09:00:00+00:00,9645.138541311837
2026-08-13 10:00:00+00:00,9645.138541311837
2026-08-13 11:00:00+00:00,9645.138541311837
2026-08-13 12:00:00+00:00,9645.138541311837
2026-08-13 13:00:00+00:00,9645.138541311837
2026-08-13 14:00:00+00:00,9645.138541311837
2026-08-13 15:00:00+00:00,9645.138541311837
2026-08-13 16:00:00+00:00,9645.138541311837
2026-08-13 17:00:00+00:00,9645.138541311837
2026-08-13 18:00:00+00:00,9639.20218091714
2026-08-13 19:00:00+00:00,9614.54388091714
2026-08-13 20:00:00+00:00,9599.036180917139
2026-08-13 21:00:00+00:00,9599.30798091714
2026-08-13 22:00:00+00:00,9590.38388091714
2026-08-13 23:00:00+00:00,9582.38088091714
2026-08-14 00:00:00+00:00,9588.57188091714
2026-08-14 01:00:00+00:00,9580.194759544405
2026-08-14 02:00:00+00:00,9575.981859544405
2026-08-14 03:00:00+00:00,9592.350259544404
2026-08-14 04:00:00+00:00,9614.849259544404
2026-08-14 05:00:00+00:00,9605.517459544404
2026-08-14 06:00:00+00:00,9604.324559544404
2026-08-14 07:00:00+00:00,9666.717759544405
2026-08-14 08:00:00+00:00,9675.249259544404
2026-08-14 09:00:00+00:00,9673.282129863524
2026-08-14 10:00:00+00:00,9694.573129863526
2026-08-14 11:00:00+00:00,9690.979329863525
2026-08-14 12:00:00+00:00,9683.474629863525
2026-08-14 13:00:00+00:00,9703.316029863525
2026-08-14 14:00:00+00:00,9713.342429863525
2026-08-14 15:00:00+00:00,9722.191029863525
2026-08-14 16:00:00+00:00,9644.193525370232
2026-08-14 17:00:00+00:00,9644.193525370232
2026-08-14 18:00:00+00:00,9644.193525370232
2026-08-14 19:00:00+00:00,9644.193525370232
2026-08-14 20:00:00+00:00,9644.193525370232
2026-08-14 21:00:00+00:00,9644.193525370232
2026-08-14 22:00:00+00:00,9644.193525370232
2026-08-14 23:00:00+00:00,9644.193525370232
2026-08-15 00:00:00+00:00,9644.193525370232
2026-08-15 01:00:00+00:00,9644.193525370232
2026-08-15 02:00:00+00:00,9644.193525370232
2026-08-15 03:00:00+00:00,9644.193525370232
2026-08-15 04:00:00+00:00,9644.193525370232
2026-08-15 05:00:00+00:00,9644.193525370232
2026-08-15 06:00:00+00:00,9644.193525370232
2026-08-15 07:00:00+00:00,9644.193525370232
2026-08-15 08:00:00+00:00,9644.193525370232
2026-08-15 09:00:00+00:00,9644.193525370232
2026-08-15 10:00:00+00:00,9644.193525370232
2026-08-15 11:00:00+00:00,9644.193525370232
2026-08-15 12:00:00+00:00,9644.193525370232
2026-08-15 13:00:00+00:00,9644.193525370232
2026-08-15 14:00:00+00:00,9644.193525370232
2026-08-15 15:00:00+00:00,9644.193525370232
2026-08-15 16:00:00+00:00,9644.193525370232
2026-08-15 17:00:00+00:00,9644.193525370232
2026-08-15 18:00:00+00:00,9644.193525370232
2026-08-15 19:00:00+00:00,9644.193525370232
2026-08-15 20:00:00+00:00,9644.193525370232
2026-08-15 21:00:00+00:00,9644.193525370232
2026-08-15 22:00:00+00:00,9644.193525370232
2026-08-15 23:00:00+00:00,9644.193525370232
2026-08-16 00:00:00+00:00,9644.193525370232
2026-08-16 01:00:00+00:00,9644.193525370232
2026-08-16 02:00:00+00:00,9644.193525370232
2026-08-16 03:00:00+00:00,9644.193525370232
2026-08-16 04:00:00+00:00,9644.193525370232
2026-08-16 05:00:00+00:00,9644.193525370232
2026-08-16 06:00:00+00:00,9644.193525370232
2026-08-16 07:00:00+00:00,9644.193525370232
2026-08-16 08:00:00+00:00,9644.193525370232
2026-08-16 09:00:00+00:00,9644.193525370232
2026-08-16 10:00:00+00:00,9644.193525370232
2026-08-16 11:00:00+00:00,9644.193525370232
2026-08-16 12:00:00+00:00,9644.193525370232
2026-08-16 13:00:00+00:00,9644.193525370232
2026-08-16 14:00:00+00:00,9644.193525370232
2026-08-16 15:00:00+00:00,9644.193525370232
2026-08-16 16:00:00+00:00,9644.193525370232
2026-08-16 17:00:00+00:00,9644.193525370232
2026-08-16 18:00:00+00:00,9644.193525370232
2026-08-16 19:00:00+00:00,9644.193525370232
2026-08-16 20:00:00+00:00,9644.193525370232
2026-08-16 21:00:00+00:00,9644.193525370232
2026-08-16 22:00:00+00:00,9644.193525370232
2026-08-16 23:00:00+00:00,9644.193525370232
2026-08-17 00:00:00+00:00,9644.193525370232
2026-08-17 01:00:00+00:00,9644.193525370232
2026-08-17 02:00:00+00:00,9644.193525370232
2026-08-17 03:00:00+00:00,9644.193525370232
2026-08-17 04:00:00+00:00,9644.193525370232
2026-08-17 05:00:00+00:00,9644.193525370232
2026-08-17 06:00:00+00:00,9644.193525370232
2026-08-17 07:00:00+00:00,9644.193525370232
2026-08-17 08:00:00+00:00,9644.193525370232
2026-08-17 09:00:00+00:00,9644.193525370232
2026-08-17 10:00:00+00:00,9644.193525370232
2026-08-17 11:00:00+00:00,9644.193525370232
2026-08-17 12:00:00+00:00,9644.193525370232
2026-08-17 13:00:00+00:00,9644.193525370232
2026-08-17 14:00:00+00:00,9644.193525370232
2026-08-17 15:00:00+00:00,9644.193525370232
2026-08-17 16:00:00+00:00,9644.193525370232
2026-08-17 17:00:00+00:00,9644.193525370232
2026-08-17 18:00:00+00:00,9644.193525370232
2026-08-17 19:00:00+00:00,9644.193525370232
2026-08-17 20:00:00+00:00,9644.193525370232
2026-08-17 21:00:00+00:00,9644.193525370232
2026-08-17 22:00:00+00:00,9644.193525370232
2026-08-17 23:00:00+00:00,9644.193525370232
2026-08-18 00:00:00+00:00,9644.193525370232
2026-08-18 01:00:00+00:00,9644.193525370232
2026-08-18 02:00:00+00:00,9644.193525370232
2026-08-18 03:00:00+00:00,9644.193525370232
2026-08-18 04:00:00+00:00,9644.193525370232
2026-08-18 05:00:00+00:00,9644.193525370232
2026-08-18 06:00:00+00:00,9644.193525370232
2026-08-18 07:00:00+00:00,9644.193525370232
2026-08-18 08:00:00+00:00,9644.193525370232
2026-08-18 09:00:00+00:00,9644.193525370232
2026-08-18 10:00:00+00:00,9644.193525370232
2026-08-18 11:00:00+00:00,9644.193525370232
2026-08-18 12:00:00+00:00,9644.193525370232
2026-08-18 13:00:00+00:00,9644.193525370232
2026-08-18 14:00:00+00:00,9644.193525370232
2026-08-18 15:00:00+00:00,9644.193525370232
2026-08-18 16:00:00+00:00,9656.437333208763
2026-08-18 17:00:00+00:00,9653.223988428612
2026-08-18 18:00:00+00:00,9627.834388428613
2026-08-18 19:00:00+00:00,9644.283988428613
2026-08-18 20:00:00+00:00,9625.658988428613
2026-08-18 21:00:00+00:00,9614.901188428614
2026-08-18 22:00:00+00:00,9619.147688428613
2026-08-18 23:00:00+00:00,9623.766688428614
2026-08-19 00:00:00+00:00,9636.729688428613
2026-08-19 01:00:00+00:00,9601.618418992659
2026-08-19 02:00:00+00:00,9588.53621899266
2026-08-19 03:00:00+00:00,9581.16071899266
2026-08-19 04:00:00+00:00,9571.175544891337
2026-08-19 05:00:00+00:00,9571.175544891337
2026-08-19 06:00:00+00:00,9571.175544891337
2026-08-19 07:00:00+00:00,9571.175544891337
2026-08-19 08:00:00+00:00,9571.175544891337
2026-08-19 09:00:00+00:00,9571.175544891337
2026-08-19 10:00:00+00:00,9571.175544891337
2026-08-19 11:00:00+00:00,9571.175544891337
2026-08-19 12:00:00+00:00,9571.175544891337
2026-08-19 13:00:00+00:00,9571.175544891337
2026-08-19 14:00:00+00:00,9571.175544891337
2026-08-19 15:00:00+00:00,9571.175544891337
2026-08-19 16:00:00+00:00,9788.556228347497
2026-08-19 17:00:00+00:00,9776.026851541952
2026-08-19 18:00:00+00:00,9754.958751541953
2026-08-19 19:00:00+00:00,9770.356851541952
2026-08-19 20:00:00+00:00,9773.872251541952
2026-08-19 21:00:00+00:00,9823.444251541952
2026-08-19 22:00:00+00:00,9877.633251541953
2026-08-19 23:00:00+00:00,9840.535251541953
2026-08-20 00:00:00+00:00,9847.250151541952
2026-08-20 01:00:00+00:00,9853.115208439396
2026-08-20 02:00:00+00:00,9877.601508439397
2026-08-20 03:00:00+00:00,9844.650708439396
2026-08-20 04:00:00+00:00,9836.461608439397
2026-08-20 05:00:00+00:00,9860.486208439397
2026-08-20 06:00:00+00:00,9854.670408439397
2026-08-20 07:00:00+00:00,9889.540908439396
2026-08-20 08:00:00+00:00,9887.686008439396
2026-08-20 09:00:00+00:00,10028.441199649396
2026-08-20 10:00:00+00:00,10058.401057392477
2026-08-20 11:00:00+00:00,10058.401057392477
2026-08-20 12:00:00+00:00,10058.401057392477
2026-08-20 13:00:00+00:00,10058.401057392477
2026-08-20 14:00:00+00:00,10058.401057392477
2026-08-20 15:00:00+00:00,10058.401057392477
2026-08-20 16:00:00+00:00,10058.401057392477
2026-08-20 17:00:00+00:00,10058.401057392477
2026-08-20 18:00:00+00:00,10058.401057392477
2026-08-20 19:00:00+00:00,10058.401057392477
2026-08-20 20:00:00+00:00,10058.401057392477
2026-08-20 21:00:00+00:00,10058.401057392477
2026-08-20 22:00:00+00:00,10058.401057392477
2026-08-20 23:00:00+00:00,10058.401057392477
2026-08-21 00:00:00+00:00,10058.401057392477
2026-08-21 01:00:00+00:00,10058.401057392477
2026-08-21 02:00:00+00:00,10158.661648086905
2026-08-21 03:00:00+00:00,10107.401848086905
2026-08-21 04:00:00+00:00,10112.752048086904
2026-08-21 05:00:00+00:00,10150.299648086904
2026-08-21 06:00:00+00:00,10183.059448086904
2026-08-21 07:00:00+00:00,10196.401648086905
2026-08-21 08:00:00+00:00,10247.987048086905
2026-08-21 09:00:00+00:00,10338.675662709747
2026-08-21 10:00:00+00:00,10262.373879954443
2026-08-21 11:00:00+00:00,10257.216979954443
2026-08-21 12:00:00+00:00,10201.339079954441
2026-08-21 13:00:00+00:00,10226.731379954443
2026-08-21 14:00:00+00:00,10227.589979954442
2026-08-21 15:00:00+00:00,10235.190179954441
2026-08-21 16:00:00+00:00,10226.291479954441
2026-08-21 17:00:00+00:00,10238.734715014441
2026-08-21 18:00:00+00:00,10234.468215014442
2026-08-21 19:00:00+00:00,10220.34901501444
2026-08-21 20:00:00+00:00,10213.98901501444
2026-08-21 21:00:00+00:00,10239.67281501444
2026-08-21 22:00:00+00:00,10293.282315014441
2026-08-21 23:00:00+00:00,10290.38321501444
2026-08-22 00:00:00+00:00,10283.615115014441
2026-08-22 01:00:00+00:00,10262.662576784442
2026-08-22 02:00:00+00:00,10256.625876784441
2026-08-22 03:00:00+00:00,10291.61647678444
2026-08-22 04:00:00+00:00,10287.75277678444
2026-08-22 05:00:00+00:00,10290.842676784441
2026-08-22 06:00:00+00:00,10199.719063313361
2026-08-22 07:00:00+00:00,10199.719063313361
2026-08-22 08:00:00+00:00,10199.719063313361
2026-08-22 09:00:00+00:00,10199.719063313361
2026-08-22 10:00:00+00:00,10199.719063313361
2026-08-22 11:00:00+00:00,10199.719063313361
2026-08-22 12:00:00+00:00,10199.719063313361
2026-08-22 13:00:00+00:00,10199.719063313361
2026-08-22 14:00:00+00:00,10199.719063313361
2026-08-22 15:00:00+00:00,10199.719063313361
2026-08-22 16:00:00+00:00,10199.719063313361
2026-08-22 17:00:00+00:00,10199.719063313361
2026-08-22 18:00:00+00:00,10199.719063313361
2026-08-22 19:00:00+00:00,10199.719063313361
2026-08-22 20:00:00+00:00,10199.719063313361
2026-08-22 21:00:00+00:00,10199.719063313361
2026-08-22 22:00:00+00:00,10199.719063313361
2026-08-22 23:00:00+00:00,10199.719063313361
2026-08-23 00:00:00+00:00,10199.719063313361
2026-08-23 01:00:00+00:00,10199.719063313361
2026-08-23 02:00:00+00:00,10199.719063313361
2026-08-23 03:00:00+00:00,10199.719063313361
2026-08-23 04:00:00+00:00,10199.719063313361
2026-08-23 05:00:00+00:00,10199.719063313361
2026-08-23 06:00:00+00:00,10199.719063313361
2026-08-23 07:00:00+00:00,10199.719063313361
2026-08-23 08:00:00+00:00,10199.719063313361
2026-08-23 09:00:00+00:00,10199.719063313361
2026-08-23 10:00:00+00:00,10199.719063313361
2026-08-23 11:00:00+00:00,10199.719063313361
2026-08-23 12:00:00+00:00,10199.719063313361
2026-08-23 13:00:00+00:00,10199.719063313361
2026-08-23 14:00:00+00:00,10199.719063313361
2026-08-23 15:00:00+00:00,10199.719063313361
2026-08-23 16:00:00+00:00,10199.719063313361
2026-08-23 17:00:00+00:00,10199.719063313361
2026-08-23 18:00:00+00:00,10199.719063313361
2026-08-23 19:00:00+00:00,10199.719063313361
2026-08-23 20:00:00+00:00,10199.719063313361
2026-08-23 21:00:00+00:00,10199.719063313361
2026-08-23 22:00:00+00:00,10199.719063313361
2026-08-23 23:00:00+00:00,10199.719063313361
2026-08-24 00:00:00+00:00,10199.719063313361
2026-08-24 01:00:00+00:00,10199.719063313361
2026-08-24 02:00:00+00:00,10199.719063313361
2026-08-24 03:00:00+00:00,10199.719063313361
2026-08-24 04:00:00+00:00,10199.719063313361
2026-08-24 05:00:00+00:00,10199.719063313361
2026-08-24 06:00:00+00:00,10199.719063313361
2026-08-24 07:00:00+00:00,10199.719063313361
2026-08-24 08:00:00+00:00,10199.719063313361
2026-08-24 09:00:00+00:00,10199.719063313361
2026-08-24 10:00:00+00:00,10199.719063313361
2026-08-24 11:00:00+00:00,10199.719063313361
2026-08-24 12:00:00+00:00,10199.719063313361
2026-08-24 13:00:00+00:00,10199.719063313361
2026-08-24 14:00:00+00:00,10199.719063313361
2026-08-24 15:00:00+00:00,10199.719063313361
2026-08-24 16:00:00+00:00,10199.719063313361
2026-08-24 17:00:00+00:00,10199.719063313361
2026-08-24 18:00:00+00:00,10199.719063313361
2026-08-24 19:00:00+00:00,10199.719063313361
2026-08-24 20:00:00+00:00,10199.719063313361
2026-08-24 21:00:00+00:00,10199.719063313361
2026-08-24 22:00:00+00:00,10199.719063313361
2026-08-24 23:00:00+00:00,10199.719063313361
2026-08-25 00:00:00+00:00,10199.719063313361
2026-08-25 01:00:00+00:00,10199.719063313361
2026-08-25 02:00:00+00:00,10199.719063313361
2026-08-25 03:00:00+00:00,10199.719063313361
2026-08-25 04:00:00+00:00,10183.52385966421
2026-08-25 05:00:00+00:00,10176.349659664209
2026-08-25 06:00:00+00:00,10200.162459664209
2026-08-25 07:00:00+00:00,10189.556259664208
2026-08-25 08:00:00+00:00,10104.198690550014
2026-08-25 09:00:00+00:00,10104.198690550014
2026-08-25 10:00:00+00:00,10104.198690550014
2026-08-25 11:00:00+00:00,10104.198690550014
2026-08-25 12:00:00+00:00,10104.198690550014
2026-08-25 13:00:00+00:00,10104.198690550014
2026-08-25 14:00:00+00:00,10104.198690550014
2026-08-25 15:00:00+00:00,10104.198690550014
2026-08-25 16:00:00+00:00,10104.198690550014
2026-08-25 17:00:00+00:00,10104.198690550014
2026-08-25 18:00:00+00:00,10104.198690550014
2026-08-25 19:00:00+00:00,10104.198690550014
2026-08-25 20:00:00+00:00,10104.198690550014
2026-08-25 21:00:00+00:00,10104.198690550014
2026-08-25 22:00:00+00:00,10104.198690550014
2026-08-25 23:00:00+00:00,10104.198690550014
2026-08-26 00:00:00+00:00,10104.198690550014
2026-08-26 01:00:00+00:00,10104.198690550014
2026-08-26 02:00:00+00:00,10104.198690550014
2026-08-26 03:00:00+00:00,10104.198690550014
2026-08-26 04:00:00+00:00,10104.198690550014
2026-08-26 05:00:00+00:00,10104.198690550014
2026-08-26 06:00:00+00:00,10104.198690550014
2026-08-26 07:00:00+00:00,10104.198690550014
2026-08-26 08:00:00+00:00,10104.198690550014
2026-08-26 09:00:00+00:00,10104.198690550014
2026-08-26 10:00:00+00:00,10104.198690550014
2026-08-26 11:00:00+00:00,10104.198690550014
2026-08-26 12:00:00+00:00,10104.198690550014
2026-08-26 13:00:00+00:00,10104.198690550014
2026-08-26 14:00:00+00:00,10104.198690550014
2026-08-26 15:00:00+00:00,10104.198690550014
2026-08-26 16:00:00+00:00,10104.198690550014
2026-08-26 17:00:00+00:00,10104.198690550014
2026-08-26 18:00:00+00:00,10104.198690550014
2026-08-26 19:00:00+00:00,10104.198690550014
2026-08-26 20:00:00+00:00,10104.198690550014
2026-08-26 21:00:00+00:00,10104.198690550014
2026-08-26 22:00:00+00:00,10104.198690550014
2026-08-26 23:00:00+00:00,10104.198690550014
2026-08-27 00:00:00+00:00,10104.198690550014
2026-08-27 01:00:00+00:00,10104.198690550014
2026-08-27 02:00:00+00:00,10104.198690550014
2026-08-27 03:00:00+00:00,10104.198690550014
2026-08-27 04:00:00+00:00,10104.198690550014
2026-08-27 05:00:00+00:00,10104.198690550014
2026-08-27 06:00:00+00:00,10104.198690550014
2026-08-27 07:00:00+00:00,10104.198690550014
2026-08-27 08:00:00+00:00,10104.198690550014
2026-08-27 09:00:00+00:00,10104.198690550014
2026-08-27 10:00:00+00:00,10104.198690550014
2026-08-27 11:00:00+00:00,10104.198690550014
2026-08-27 12:00:00+00:00,10104.198690550014
2026-08-27 13:00:00+00:00,10104.198690550014
2026-08-27 14:00:00+00:00,10104.198690550014
2026-08-27 15:00:00+00:00,10104.198690550014
2026-08-27 16:00:00+00:00,10104.198690550014
2026-08-27 17:00:00+00:00,10104.198690550014
2026-08-27 18:00:00+00:00,10104.198690550014
2026-08-27 19:00:00+00:00,10104.198690550014
2026-08-27 20:00:00+00:00,10104.198690550014
2026-08-27 21:00:00+00:00,10104.198690550014
2026-08-27 22:00:00+00:00,10104.198690550014
2026-08-27 23:00:00+00:00,10104.198690550014
2026-08-28 00:00:00+00:00,10104.198690550014
2026-08-28 01:00:00+00:00,10104.198690550014
2026-08-28 02:00:00+00:00,10104.198690550014
2026-08-28 03:00:00+00:00,10104.198690550014
2026-08-28 04:00:00+00:00,10104.198690550014
2026-08-28 05:00:00+00:00,10104.198690550014
2026-08-28 06:00:00+00:00,10104.198690550014
2026-08-28 07:00:00+00:00,10104.198690550014
2026-08-28 08:00:00+00:00,10104.198690550014
2026-08-28 09:00:00+00:00,10104.198690550014
2026-08-28 10:00:00+00:00,10104.198690550014
2026-08-28 11:00:00+00:00,10104.198690550014
2026-08-28 12:00:00+00:00,10104.198690550014
2026-08-28 13:00:00+00:00,10104.198690550014
2026-08-28 14:00:00+00:00,10104.198690550014
2026-08-28 15:00:00+00:00,10104.198690550014
2026-08-28 16:00:00+00:00,10104.198690550014
2026-08-28 17:00:00+00:00,10104.198690550014
2026-08-28 18:00:00+00:00,10104.198690550014
2026-08-28 19:00:00+00:00,10104.198690550014
2026-08-28 20:00:00+00:00,10104.198690550014
2026-08-28 21:00:00+00:00,10104.198690550014
2026-08-28 22:00:00+00:00,10104.198690550014
2026-08-28 23:00:00+00:00,10104.198690550014
2026-08-29 00:00:00+00:00,10104.198690550014
2026-08-29 01:00:00+00:00,10104.198690550014
2026-08-29 02:00:00+00:00,10104.198690550014
2026-08-29 03:00:00+00:00,10104.198690550014
2026-08-29 04:00:00+00:00,10104.198690550014
2026-08-29 05:00:00+00:00,10104.198690550014
2026-08-29 06:00:00+00:00,10104.198690550014
2026-08-29 07:00:00+00:00,10104.198690550014
2026-08-29 08:00:00+00:00,10104.198690550014
2026-08-29 09:00:00+00:00,10104.198690550014
2026-08-29 10:00:00+00:00,10104.198690550014
2026-08-29 11:00:00+00:00,10104.198690550014
2026-08-29 12:00:00+00:00,10104.198690550014
2026-08-29 13:00:00+00:00,10104.198690550014
2026-08-29 14:00:00+00:00,10104.198690550014
2026-08-29 15:00:00+00:00,10104.198690550014
2026-08-29 16:00:00+00:00,10104.198690550014
2026-08-29 17:00:00+00:00,10104.198690550014
2026-08-29 18:00:00+00:00,10104.198690550014
2026-08-29 19:00:00+00:00,10104.198690550014
2026-08-29 20:00:00+00:00,10104.198690550014
2026-08-29 21:00:00+00:00,10104.198690550014
2026-08-29 22:00:00+00:00,10104.198690550014
2026-08-29 23:00:00+00:00,10104.198690550014
2026-08-30 00:00:00+00:00,10104.198690550014
2026-08-30 01:00:00+00:00,10104.198690550014
2026-08-30 02:00:00+00:00,10104.198690550014
2026-08-30 03:00:00+00:00,10104.198690550014
2026-08-30 04:00:00+00:00,10104.198690550014
2026-08-30 05:00:00+00:00,10104.198690550014
2026-08-30 06:00:00+00:00,10104.198690550014
2026-08-30 07:00:00+00:00,10104.198690550014
2026-08-30 08:00:00+00:00,10104.198690550014
2026-08-30 09:00:00+00:00,10104.198690550014
2026-08-30 10:00:00+00:00,10104.198690550014
2026-08-30 11:00:00+00:00,10104.198690550014
2026-08-30 12:00:00+00:00,10104.198690550014
2026-08-30 13:00:00+00:00,10104.198690550014
2026-08-30 14:00:00+00:00,10104.198690550014
2026-08-30 15:00:00+00:00,10104.198690550014
2026-08-30 16:00:00+00:00,10104.198690550014
2026-08-30 17:00:00+00:00,10104.198690550014
2026-08-30 18:00:00+00:00,10104.198690550014
2026-08-30 19:00:00+00:00,10104.198690550014
2026-08-30 20:00:00+00:00,10104.198690550014
2026-08-30 21:00:00+00:00,10104.198690550014
2026-08-30 22:00:00+00:00,10104.198690550014
2026-08-30 23:00:00+00:00,10104.198690550014
2026-08-31 00:00:00+00:00,10104.198690550014
2026-08-31 01:00:00+00:00,10104.198690550014
2026-08-31 02:00:00+00:00,10104.198690550014
2026-08-31 03:00:00+00:00,10104.198690550014
2026-08-31 04:00:00+00:00,10104.198690550014
2026-08-31 05:00:00+00:00,10104.198690550014
2026-08-31 06:00:00+00:00,10104.198690550014
2026-08-31 07:00:00+00:00,10104.198690550014
2026-08-31 08:00:00+00:00,10104.198690550014
2026-08-31 09:00:00+00:00,10104.198690550014
2026-08-31 10:00:00+00:00,10104.198690550014
2026-08-31 11:00:00+00:00,10104.198690550014
2026-08-31 12:00:00+00:00,10104.198690550014
2026-08-31 13:00:00+00:00,10104.198690550014
2026-08-31 14:00:00+00:00,10104.198690550014
2026-08-31 15:00:00+00:00,10104.198690550014
2026-08-31 16:00:00+00:00,10104.198690550014
2026-08-31 17:00:00+00:00,10104.198690550014
2026-08-31 18:00:00+00:00,10104.198690550014
2026-08-31 19:00:00+00:00,10104.198690550014
2026-08-31 20:00:00+00:00,10104.198690550014
2026-08-31 21:00:00+00:00,10104.198690550014
2026-08-31 22:00:00+00:00,10104.198690550014
2026-08-31 23:00:00+00:00,10104.198690550014
2026-09-01 00:00:00+00:00,10104.198690550014
