time,AAVE-USDT-SWAP,ADA-USDT-SWAP,AGLD-USDT-SWAP,ALGO-USDT-SWAP,APE-USDT-SWAP,API3-USDT-SWAP,APT-USDT-SWAP,AR-USDT-SWAP,ARB-USDT-SWAP,ATOM-USDT-SWAP,AVAX-USDT-SWAP,AXS-USDT-SWAP,BAT-USDT-SWAP,BCH-USDT-SWAP,BLUR-USDT-SWAP,BNB-USDT-SWAP,BONK-USDT-SWAP,BTC-USDT-SWAP,CELO-USDT-SWAP,CFX-USDT-SWAP,CHZ-USDT-SWAP,COMP-USDT-SWAP,CORE-USDT-SWAP,CRO-USDT-SWAP,CRV-USDT-SWAP,DOGE-USDT-SWAP,DOT-USDT-SWAP,DYDX-USDT-SWAP,ENS-USDT-SWAP,ETC-USDT-SWAP,ETH-USDT-SWAP,ETHFI-USDT-SWAP,FIL-USDT-SWAP,FLOKI-USDT-SWAP,FLOW-USDT-SWAP,GALA-USDT-SWAP,GMT-USDT-SWAP,HBAR-USDT-SWAP,ICP-USDT-SWAP,IMX-USDT-SWAP,INJ-USDT-SWAP,IOTA-USDT-SWAP,JTO-USDT-SWAP,LDO-USDT-SWAP,LINK-USDT-SWAP,LPT-USDT-SWAP,LTC-USDT-SWAP,LUNA-USDT-SWAP,MAGIC-USDT-SWAP,MANA-USDT-SWAP,MASK-USDT-SWAP,MEME-USDT-SWAP,NEAR-USDT-SWAP,NEO-USDT-SWAP,ONDO-USDT-SWAP,OP-USDT-SWAP,ORDI-USDT-SWAP,PEOPLE-USDT-SWAP,PEPE-USDT-SWAP,PYTH-USDT-SWAP,RSR-USDT-SWAP,SAND-USDT-SWAP,SATS-USDT-SWAP,SHIB-USDT-SWAP,SNX-USDT-SWAP,SOL-USDT-SWAP,STRK-USDT-SWAP,STX-USDT-SWAP,SUI-USDT-SWAP,SUSHI-USDT-SWAP,THETA-USDT-SWAP,TIA-USDT-SWAP,TRB-USDT-SWAP,TRX-USDT-SWAP,TURBO-USDT-SWAP,UNI-USDT-SWAP,WIF-USDT-SWAP,WLD-USDT-SWAP,XLM-USDT-SWAP,XRP-USDT-SWAP,XTZ-USDT-SWAP,YGG-USDT-SWAP
2025-03-01 00:00:00+00:00,0.24,0.16666666666666666,0.9733333333333333,0.26,0.7066666666666667,,0.9733333333333333,0.7333333333333334,,0.8466666666666667,0.37333333333333335,,,0.68,0.7533333333333333,0.5066666666666667,,0.02,,0.7066666666666667,,,0.41333333333333333,,0.62,0.07333333333333335,0.7533333333333333,0.56,0.2066666666666667,0.6733333333333333,0.09333333333333334,,0.7866666666666666,0.46,,0.5333333333333333,0.6000000000000001,,0.6000000000000001,,,0.49333333333333335,,0.35333333333333333,0.09999999999999999,0.45333333333333337,0.9533333333333333,0.6000000000000001,,0.5066666666666667,,,0.52,,,0.86,,0.94,,,0.3,0.2933333333333333,,0.5333333333333333,,0.16,,0.56,,0.54,0.2333333333333333,,0.9199999999999999,0.9066666666666666,,0.18000000000000002,,,0.3333333333333333,0.16,0.2866666666666667,
2025-03-02 00:00:00+00:00,0.21333333333333335,0.34,0.94,0.6333333333333333,0.6333333333333334,,0.9666666666666667,0.4466666666666666,,0.7399999999999999,0.2733333333333334,,,0.6533333333333333,0.66,0.6,,0.04,,0.7266666666666667,,,0.46666666666666673,,0.43333333333333335,0.10666666666666667,0.7866666666666666,0.42,0.17333333333333334,0.6,0.06,,0.7933333333333333,0.4466666666666667,,0.47333333333333333,0.5,,0.62,,,0.6066666666666667,,0.25333333333333335,0.07333333333333333,0.32,0.9266666666666667,0.48666666666666664,,0.48,,,0.86,,,0.84,,0.8933333333333332,,,0.36666666666666664,0.32666666666666666,,0.48666666666666664,,0.08666666666666667,,0.49333333333333335,,0.6,0.3,,0.9133333333333332,0.9466666666666667,,0.2333333333333333,,,0.6866666666666666,0.2733333333333334,0.3,
2025-03-03 00:00:00+00:00,0.11333333333333333,0.9933333333333333,0.6999999999999998,0.84,0.36000000000000004,,0.9199999999999999,0.24666666666666667,,0.6466666666666666,0.5266666666666667,,,0.5866666666666667,0.43333333333333335,0.3466666666666667,,0.48,,0.6066666666666667,,,0.5800000000000001,,0.39333333333333337,0.3133333333333333,0.8333333333333334,0.4266666666666667,0.14,0.6266666666666666,0.16666666666666666,,0.7466666666666666,0.19333333333333336,,0.5066666666666667,0.20666666666666667,,0.68,,,0.94,,0.02666666666666667,0.3,0.3466666666666667,0.66,0.39999999999999997,,0.36000000000000004,,,0.7466666666666667,,,0.7133333333333334,,0.8666666666666667,,,0.27999999999999997,0.4066666666666667,,0.4266666666666667,,0.6466666666666666,,0.22,,0.5866666666666667,0.27999999999999997,,0.7266666666666666,0.64,,0.13333333333333333,,,0.7866666666666667,0.9133333333333334,0.48,
2025-03-04 00:00:00+00:00,0.14,0.9933333333333333,0.6533333333333333,0.7666666666666667,0.4533333333333333,,0.9199999999999999,0.26666666666666666,,0.6400000000000001,0.4466666666666667,,,0.8466666666666667,0.4666666666666666,0.3866666666666667,,0.37999999999999995,,0.4266666666666667,,,0.68,,0.4266666666666667,0.26666666666666666,0.7866666666666667,0.5533333333333333,0.11333333333333334,0.6333333333333333,0.09333333333333334,,0.7133333333333334,0.18000000000000002,,0.5533333333333333,0.26,,0.5333333333333333,,,0.9133333333333334,,0.02666666666666667,0.22666666666666666,0.43333333333333335,0.7200000000000001,0.4666666666666666,,0.26,,,0.6666666666666666,,,0.6933333333333334,,0.9199999999999999,,,0.29333333333333333,0.3933333333333333,,0.4533333333333333,,0.6866666666666666,,0.22666666666666668,,0.5266666666666667,0.27999999999999997,,0.84,0.6933333333333334,,0.15333333333333335,,,0.7066666666666667,0.88,0.45999999999999996,
2025-03-05 00:00:00+00:00,0.7200000000000001,0.98,0.6466666666666666,0.7799999999999999,0.2866666666666667,,0.8266666666666667,0.3866666666666667,,0.6133333333333334,0.32,,,0.88,0.38000000000000006,0.5133333333333333,,0.56,,0.31333333333333335,,,0.7866666666666667,,0.5133333333333333,0.3666666666666667,0.6266666666666666,0.2733333333333333,0.17333333333333334,0.7266666666666667,0.10666666666666667,,0.7066666666666667,0.13333333333333333,,0.32,0.26666666666666666,,0.5533333333333333,,,0.9133333333333332,,0.02,0.46,0.4333333333333334,0.4466666666666667,0.4000000000000001,,0.4666666666666666,,,0.5533333333333332,,,0.5666666666666667,,0.7733333333333333,,,0.22666666666666668,0.5066666666666667,,0.5733333333333334,,0.6666666666666666,,0.19999999999999998,,0.41333333333333333,0.15333333333333335,,0.6466666666666666,0.98,,0.14666666666666667,,,0.7666666666666666,0.9333333333333332,0.49333333333333335,
2025-03-06 00:00:00+00:00,0.7066666666666667,0.9733333333333333,0.6266666666666666,0.7533333333333333,0.3466666666666667,,0.88,0.24,,0.5866666666666667,0.5399999999999999,,,0.9933333333333333,0.32666666666666666,0.62,,0.68,,0.4066666666666667,,,0.66,,0.4066666666666667,0.31333333333333335,0.64,0.30666666666666664,0.25333333333333335,0.8666666666666667,0.2866666666666667,,0.7266666666666666,0.09999999999999999,,0.45333333333333337,0.18000000000000002,,0.6266666666666667,,,0.8466666666666667,,0.07333333333333332,0.66,0.3666666666666667,0.32666666666666666,0.40666666666666673,,0.5866666666666666,,,0.6466666666666666,,,0.43333333333333335,,0.6266666666666667,,,0.19333333333333333,0.41333333333333333,,0.30666666666666664,,0.5666666666666667,,0.20666666666666667,,0.36000000000000004,0.19333333333333336,,0.5599999999999999,0.9733333333333333,,0.2333333333333333,,,0.6,0.8533333333333334,0.5666666666666667,
2025-03-07 00:00:00+00:00,0.5466666666666667,0.9666666666666667,0.68,0.6866666666666666,0.28,,0.8333333333333334,0.08666666666666667,,0.5866666666666668,0.45333333333333337,,,1.0,0.26666666666666666,0.7466666666666667,,0.6933333333333334,,0.36666666666666664,,,0.5933333333333333,,0.40666666666666673,0.36000000000000004,0.6,0.47333333333333333,0.30666666666666664,0.8733333333333334,0.36000000000000004,,0.68,0.10666666666666667,,0.48,0.17333333333333334,,0.5066666666666667,,,0.84,,0.12000000000000001,0.8133333333333334,0.35333333333333333,0.37333333333333335,0.3866666666666667,,0.48,,,0.7466666666666667,,,0.48,,0.64,,,0.15333333333333332,0.4533333333333333,,0.54,,0.5733333333333334,,0.09333333333333334,,0.26,0.22666666666666666,,0.5066666666666667,0.9333333333333332,,0.17333333333333334,,,0.7200000000000001,0.9333333333333332,0.5866666666666667,
2025-03-08 00:00:00+00:00,0.5533333333333333,0.9466666666666667,0.66,0.6533333333333333,0.35333333333333333,,0.84,0.10666666666666667,,0.5933333333333334,0.3333333333333333,,,1.0,0.36000000000000004,0.7866666666666666,,0.54,,0.34,,,0.35333333333333333,,0.6133333333333334,0.44,0.5866666666666667,0.5,0.22000000000000006,0.8866666666666667,0.2533333333333333,,0.7599999999999999,0.08666666666666667,,0.47333333333333333,0.21333333333333335,,0.4466666666666667,,,0.84,,0.08,0.7600000000000001,0.41333333333333333,0.37333333333333335,0.3066666666666667,,0.7000000000000001,,,0.6999999999999998,,,0.5933333333333334,,0.5533333333333333,,,0.17333333333333334,0.5599999999999999,,0.49333333333333335,,0.48666666666666664,,0.12,,0.3466666666666667,0.20666666666666667,,0.47333333333333333,0.9733333333333333,,0.25333333333333335,,,0.6666666666666666,0.8933333333333332,0.6333333333333333,
2025-03-09 00:00:00+00:00,0.6333333333333333,0.9466666666666667,0.64,0.54,0.2733333333333334,,0.8266666666666667,0.20666666666666667,,0.5466666666666666,0.47333333333333333,,,1.0,0.3,0.7533333333333333,,0.5599999999999999,,0.3333333333333333,,,0.64,,0.7799999999999999,0.34,0.64,0.5333333333333333,0.32,0.9133333333333332,0.4533333333333333,,0.7933333333333333,0.09999999999999999,,0.42,0.20000000000000004,,0.3933333333333333,,,0.8066666666666666,,0.14666666666666667,0.7066666666666667,0.4266666666666667,0.45999999999999996,0.25333333333333335,,0.62,,,0.58,,,0.62,,0.54,,,0.06666666666666667,0.5533333333333333,,0.41333333333333333,,0.5933333333333334,,0.09999999999999999,,0.2733333333333334,0.09333333333333332,,0.3666666666666667,0.98,,0.3666666666666667,,,0.49333333333333335,0.8866666666666667,0.5933333333333334,
2025-03-10 00:00:00+00:00,0.7466666666666667,0.9666666666666667,0.7066666666666667,0.5066666666666667,0.32666666666666666,,0.9466666666666667,0.3933333333333333,,0.6066666666666667,0.4466666666666667,,,1.0,0.24,0.7733333333333333,,0.3733333333333333,,0.1466666666666667,,,0.28,,0.7133333333333334,0.21333333333333335,0.6866666666666666,0.5266666666666667,0.18666666666666668,0.88,0.4466666666666666,,0.7733333333333333,0.06,,0.48666666666666664,0.30666666666666664,,0.3333333333333333,,,0.7533333333333333,,0.34,0.7600000000000001,0.5066666666666667,0.5133333333333333,0.22,,0.6866666666666666,,,0.5266666666666667,,,0.6933333333333334,,0.54,,,0.02666666666666667,0.5133333333333333,,0.4466666666666666,,0.62,,0.2333333333333333,,0.25333333333333335,0.09333333333333334,,0.39999999999999997,0.96,,0.2866666666666667,,,0.5733333333333334,0.8866666666666666,0.5933333333333334,
2025-03-11 00:00:00+00:00,0.8866666666666666,0.9666666666666667,0.47333333333333333,0.4533333333333333,0.48666666666666664,,0.94,0.13999999999999999,,0.5666666666666667,0.3666666666666667,,,1.0,0.16,0.64,,0.43333333333333335,,0.12666666666666668,,,0.25333333333333335,,0.7600000000000001,0.18000000000000002,0.7466666666666667,0.5466666666666667,0.20666666666666667,0.86,0.42,,0.7133333333333333,0.08666666666666667,,0.5533333333333333,0.44,,0.2866666666666667,,,0.7799999999999999,,0.37333333333333335,0.7533333333333334,0.43333333333333335,0.49333333333333335,0.2733333333333333,,0.7000000000000001,,,0.37333333333333335,,,0.6733333333333335,,0.7000000000000001,,,0.03333333333333333,0.58,,0.6,,0.6666666666666666,,0.2466666666666667,,0.4466666666666667,0.10666666666666667,,0.41333333333333333,0.9466666666666667,,0.23333333333333336,,,0.54,0.9199999999999999,0.52,
2025-03-12 00:00:00+00:00,0.7333333333333334,0.9066666666666666,0.3133333333333333,0.34,0.48666666666666664,,0.9466666666666667,0.19333333333333333,,0.7933333333333333,0.48,,,1.0,0.2733333333333334,0.6266666666666667,,0.7133333333333334,,0.12,,,0.21333333333333335,,0.7733333333333333,0.20666666666666667,0.7733333333333334,0.7200000000000001,0.08666666666666667,0.9,0.2733333333333334,,0.6666666666666666,0.13333333333333333,,0.5533333333333333,0.3466666666666667,,0.5066666666666667,,,0.7133333333333334,,0.2733333333333334,0.6266666666666666,0.38666666666666666,0.48666666666666664,0.2733333333333334,,0.7866666666666667,,,0.5533333333333333,,,0.6533333333333333,,0.56,,,0.08,0.7333333333333334,,0.5866666666666666,,0.5533333333333333,,0.27999999999999997,,0.3733333333333333,0.14666666666666667,,0.52,0.6933333333333334,,0.10666666666666667,,,0.56,0.9133333333333332,0.5599999999999999,
2025-03-13 00:00:00+00:00,0.45333333333333337,0.9466666666666667,0.3133333333333333,0.2733333333333334,0.5733333333333334,,0.6733333333333333,0.20000000000000004,,0.5866666666666668,0.6533333333333333,,,0.9333333333333332,0.24666666666666667,0.8666666666666666,,0.7066666666666667,,0.12,,,0.36000000000000004,,0.8066666666666666,0.3933333333333333,0.5266666666666667,0.7666666666666666,0.08,0.7466666666666667,0.2466666666666667,,0.66,0.12,,0.6,0.5133333333333333,,0.44,,,0.7599999999999999,,0.12666666666666668,0.56,0.35333333333333333,0.2866666666666667,0.48666666666666664,,0.7999999999999999,,,0.6466666666666667,,,0.64,,0.6066666666666666,,,0.20666666666666667,0.6466666666666667,,0.6533333333333333,,0.6533333333333334,,0.3066666666666667,,0.35333333333333333,0.16666666666666666,,0.6133333333333334,0.5733333333333334,,0.04,,,0.6933333333333334,0.96,0.5599999999999999,
2025-03-14 00:00:00+00:00,0.3733333333333333,0.94,0.2333333333333333,0.3733333333333333,0.5666666666666667,,0.7066666666666667,0.16666666666666666,,0.7266666666666666,0.6733333333333333,,,0.7466666666666667,0.3066666666666667,0.8999999999999999,,0.5866666666666667,,0.15333333333333335,,,0.2333333333333333,,0.7799999999999999,0.32,0.5666666666666667,0.8133333333333334,0.11333333333333334,0.8066666666666666,0.29333333333333333,,0.6066666666666667,0.12666666666666668,,0.5666666666666668,0.6333333333333333,,0.4266666666666667,,,0.7133333333333334,,0.13333333333333333,0.45333333333333337,0.3666666666666667,0.24,0.5599999999999999,,0.8333333333333334,,,0.6466666666666666,,,0.62,,0.68,,,0.26666666666666666,0.6133333333333333,,0.54,,0.6266666666666667,,0.24000000000000002,,0.32,0.12666666666666668,,0.52,0.7466666666666667,,0.08,,,0.9199999999999999,0.9199999999999999,0.5933333333333334,
2025-03-15 00:00:00+00:00,0.6133333333333334,0.9466666666666667,0.26666666666666666,0.2866666666666666,0.52,,0.45999999999999996,0.37333333333333335,,0.9,0.5866666666666667,,,0.6933333333333334,0.19999999999999998,0.7466666666666666,,0.8133333333333335,,0.18000000000000002,,,0.41333333333333333,,0.7733333333333334,0.3733333333333333,0.6933333333333334,0.6533333333333333,0.08666666666666667,0.6066666666666666,0.3066666666666667,,0.6866666666666666,0.11333333333333334,,0.42,0.48,,0.5466666666666667,,,0.7200000000000001,,0.2866666666666667,0.6,0.43999999999999995,0.25333333333333335,0.5733333333333334,,0.7066666666666667,,,0.5666666666666668,,,0.5933333333333333,,0.5666666666666667,,,0.19333333333333336,0.5533333333333333,,0.6733333333333333,,0.7933333333333333,,0.23333333333333336,,0.26,0.11333333333333334,,0.48,0.52,,0.10666666666666667,,,0.9133333333333332,0.9866666666666667,0.6266666666666666,
2025-03-16 00:00:00+00:00,0.41333333333333333,0.8666666666666667,0.32,0.18000000000000002,0.5066666666666667,,0.5133333333333333,0.3733333333333333,,0.9533333333333333,0.56,,,0.7200000000000001,0.2733333333333334,0.9333333333333332,,0.6933333333333334,,0.22,,,0.2933333333333334,,0.7600000000000001,0.31333333333333335,0.8066666666666666,0.7533333333333333,0.06666666666666667,0.56,0.22,,0.6333333333333333,0.14666666666666667,,0.5533333333333333,0.5266666666666667,,0.5599999999999999,,,0.6733333333333335,,0.19333333333333333,0.5933333333333334,0.43999999999999995,0.14,0.8066666666666666,,0.7600000000000001,,,0.3933333333333333,,,0.58,,0.6933333333333334,,,0.3466666666666667,0.49333333333333335,,0.7000000000000001,,0.7266666666666666,,0.3066666666666667,,0.41333333333333333,0.13333333333333333,,0.56,0.48,,0.12666666666666668,,,0.6999999999999998,0.96,0.5599999999999999,
2025-03-17 00:00:00+00:00,0.41333333333333333,0.7799999999999999,0.3,0.12,0.5666666666666665,,0.5666666666666667,0.6266666666666666,,0.9733333333333333,0.6066666666666667,,,0.7133333333333334,0.26,0.9466666666666667,,0.7333333333333334,,0.4066666666666667,,,0.41333333333333333,,0.8733333333333334,0.34,0.8466666666666667,0.7666666666666667,0.04666666666666667,0.6333333333333334,0.20000000000000004,,0.6866666666666666,0.20666666666666667,,0.4933333333333334,0.4666666666666666,,0.5533333333333333,,,0.5066666666666667,,0.15333333333333335,0.5466666666666667,0.4000000000000001,0.21333333333333335,0.8533333333333332,,0.5133333333333333,,,0.4066666666666667,,,0.5266666666666667,,0.7199999999999999,,,0.39999999999999997,0.46666666666666673,,0.8266666666666667,,0.5533333333333333,,0.24000000000000002,,0.39999999999999997,0.14666666666666664,,0.6133333333333333,0.36000000000000004,,0.19333333333333336,,,0.5133333333333333,0.88,0.5266666666666667,
2025-03-18 00:00:00+00:00,0.38000000000000006,0.5599999999999999,0.3,0.15333333333333335,0.6466666666666666,,0.54,0.6266666666666666,,0.96,0.5133333333333333,,,0.68,0.36000000000000004,0.9733333333333333,,0.5466666666666666,,0.48,,,0.5,,0.86,0.27999999999999997,0.7799999999999999,0.7466666666666667,0.05333333333333334,0.5333333333333333,0.20000000000000004,,0.8266666666666667,0.17333333333333334,,0.54,0.48666666666666664,,0.7200000000000001,,,0.44,,0.18000000000000002,0.58,0.5533333333333333,0.12666666666666668,0.9533333333333333,,0.7333333333333334,,,0.54,,,0.49333333333333335,,0.5266666666666667,,,0.41333333333333333,0.46,,0.6666666666666666,,0.32666666666666666,,0.20000000000000004,,0.4666666666666666,0.26,,0.6733333333333333,0.38000000000000006,,0.18000000000000002,,,0.54,0.7266666666666667,0.66,
2025-03-19 00:00:00+00:00,0.1466666666666667,0.4666666666666666,0.2866666666666667,0.10666666666666667,0.5666666666666665,,0.6933333333333334,0.6,,0.9866666666666667,0.6533333333333333,,,0.68,0.30666666666666664,0.94,,0.34,,0.5933333333333333,,,0.7333333333333334,,0.8933333333333332,0.17333333333333334,0.9,0.8000000000000002,0.05333333333333334,0.4266666666666667,0.20666666666666667,,0.7333333333333334,0.14666666666666667,,0.7133333333333334,0.5733333333333334,,0.6933333333333334,,,0.48666666666666664,,0.21333333333333337,0.5333333333333333,0.4733333333333334,0.12666666666666668,0.7999999999999999,,0.5933333333333333,,,0.48,,,0.5,,0.7266666666666666,,,0.3266666666666667,0.46,,0.47333333333333333,,0.28,,0.16666666666666666,,0.5666666666666667,0.32666666666666666,,0.7600000000000001,0.8133333333333334,,0.26666666666666666,,,0.54,0.6266666666666666,0.5466666666666667,
2025-03-20 00:00:00+00:00,0.16,0.45999999999999996,0.08,0.12,0.4333333333333333,,0.5933333333333334,0.7133333333333333,,0.9933333333333333,0.3866666666666667,,,0.39999999999999997,0.36000000000000004,0.8733333333333334,,0.5266666666666667,,0.48666666666666664,,,0.8666666666666667,,0.9066666666666666,0.10666666666666667,0.9133333333333332,0.7999999999999999,0.21333333333333337,0.35333333333333333,0.39333333333333337,,0.82,0.12666666666666668,,0.5133333333333333,0.64,,0.62,,,0.46,,0.34,0.5733333333333334,0.3666666666666667,0.1466666666666667,0.6666666666666666,,0.45999999999999996,,,0.6333333333333334,,,0.44,,0.6466666666666667,,,0.39999999999999997,0.48666666666666664,,0.5066666666666667,,0.5133333333333333,,0.20666666666666667,,0.68,0.2733333333333334,,0.7066666666666667,0.5333333333333333,,0.5066666666666667,,,0.7799999999999999,0.8466666666666667,0.4666666666666666,
2025-03-21 00:00:00+00:00,0.37333333333333335,0.52,0.06666666666666667,0.12,0.39999999999999997,,0.7866666666666666,0.66,,0.9933333333333333,0.36000000000000004,,,0.41333333333333333,0.3866666666666667,0.9333333333333332,,0.4266666666666667,,0.48,,,0.8733333333333332,,0.8533333333333332,0.12,0.8733333333333334,0.7933333333333333,0.10666666666666665,0.3,0.32666666666666666,,0.8666666666666667,0.22,,0.4266666666666667,0.62,,0.52,,,0.4266666666666667,,0.4266666666666667,0.44,0.32666666666666666,0.28,0.6866666666666666,,0.4533333333333333,,,0.5533333333333333,,,0.5066666666666667,,0.7799999999999999,,,0.25333333333333335,0.4466666666666666,,0.6866666666666666,,0.3933333333333333,,0.25333333333333335,,0.68,0.4266666666666667,,0.6133333333333334,0.7333333333333334,,0.6466666666666666,,,0.5333333333333333,0.6933333333333334,0.44,
2025-03-22 00:00:00+00:00,0.4733333333333334,0.6266666666666666,0.34,0.09333333333333334,0.3266666666666667,,0.6933333333333334,0.5933333333333334,,0.9333333333333332,0.6999999999999998,,,0.42,0.3333333333333333,0.98,,0.5466666666666667,,0.4266666666666667,,,0.8666666666666666,,0.8466666666666667,0.13333333333333333,0.9199999999999999,0.8466666666666667,0.09333333333333334,0.3,0.39333333333333337,,0.6,0.19999999999999998,,0.38000000000000006,0.5333333333333333,,0.46666666666666673,,,0.4533333333333333,,0.4466666666666666,0.49333333333333335,0.48,0.15333333333333335,0.6866666666666666,,0.2733333333333334,,,0.6933333333333334,,,0.3333333333333333,,0.7266666666666667,,,0.6933333333333334,0.36000000000000004,,0.4066666666666667,,0.45999999999999996,,0.13333333333333333,,0.62,0.34,,0.7000000000000001,0.7866666666666666,,0.64,,,0.6133333333333333,0.7466666666666667,0.19333333333333336,
2025-03-23 00:00:00+00:00,0.43333333333333335,0.5533333333333333,0.26666666666666666,0.12,0.5333333333333333,,0.7466666666666666,0.68,,0.9466666666666667,0.56,,,0.35333333333333333,0.38000000000000006,0.82,,0.4666666666666666,,0.5266666666666667,,,0.82,,0.9733333333333333,0.13333333333333333,0.7933333333333333,0.8466666666666667,0.07333333333333332,0.3466666666666667,0.32666666666666666,,0.6466666666666667,0.18666666666666668,,0.5066666666666667,0.6533333333333334,,0.48666666666666664,,,0.52,,0.49333333333333335,0.54,0.52,0.14666666666666667,0.54,,0.28,,,0.6,,,0.29333333333333333,,0.7866666666666666,,,0.7066666666666667,0.30666666666666664,,0.5933333333333333,,0.43333333333333335,,0.12,,0.5933333333333333,0.3333333333333333,,0.7933333333333333,0.7733333333333333,,0.48,,,0.56,0.6866666666666666,0.22,
2025-03-24 00:00:00+00:00,0.5333333333333333,0.3933333333333333,0.2066666666666667,0.16,0.5866666666666666,,0.6866666666666666,0.5933333333333334,,0.7533333333333333,0.6,,,0.3466666666666667,0.64,0.7533333333333333,,0.5800000000000001,,0.4933333333333334,,,0.8266666666666667,,0.9933333333333333,0.21999999999999997,0.6733333333333333,0.82,0.18000000000000002,0.3333333333333333,0.2866666666666667,,0.7066666666666667,0.4000000000000001,,0.4266666666666667,0.68,,0.48,,,0.52,,0.46666666666666673,0.5733333333333334,0.2333333333333333,0.07333333333333333,0.5333333333333333,,0.3866666666666667,,,0.6666666666666666,,,0.3,,0.82,,,0.8133333333333334,0.43333333333333335,,0.45333333333333337,,0.41333333333333333,,0.17333333333333334,,0.5933333333333334,0.3066666666666667,,0.7200000000000001,0.6533333333333333,,0.48,,,0.6666666666666666,0.6133333333333333,0.25333333333333335,
2025-03-25 00:00:00+00:00,0.42,0.35333333333333333,0.13333333333333333,0.3133333333333333,0.3666666666666667,,0.7733333333333333,0.6133333333333334,,0.8733333333333334,0.7933333333333333,,,0.36000000000000004,0.64,0.6533333333333333,,0.5266666666666667,,0.5,,,0.7266666666666667,,0.9666666666666667,0.3466666666666667,0.7333333333333333,0.8866666666666667,0.26666666666666666,0.4066666666666667,0.38000000000000006,,0.6,0.47333333333333333,,0.4266666666666667,0.5533333333333333,,0.45999999999999996,,,0.37333333333333335,,0.45999999999999996,0.5533333333333333,0.3066666666666667,0.13333333333333333,0.4466666666666666,,0.35333333333333333,,,0.7600000000000001,,,0.26,,0.5933333333333334,,,0.8266666666666667,0.41333333333333333,,0.52,,0.5599999999999999,,0.4666666666666666,,0.49333333333333335,0.45999999999999996,,0.5266666666666667,0.48,,0.62,,,0.6333333333333334,0.48666666666666664,0.22666666666666666,
2025-03-26 00:00:00+00:00,0.2933333333333334,0.36000000000000004,0.20666666666666667,0.5399999999999999,0.39333333333333337,,0.6466666666666666,0.6466666666666666,,0.6933333333333334,0.9333333333333332,,,0.35333333333333333,0.6599999999999999,0.6,,0.4533333333333333,,0.44,,,0.3866666666666667,,0.86,0.5533333333333333,0.64,0.9133333333333332,0.2933333333333334,0.3066666666666667,0.26666666666666666,,0.66,0.4333333333333334,,0.5266666666666667,0.6,,0.5599999999999999,,,0.6133333333333333,,0.43333333333333335,0.66,0.34,0.18666666666666668,0.48666666666666664,,0.4133333333333334,,,0.84,,,0.16666666666666666,,0.62,,,0.9266666666666667,0.4333333333333333,,0.7466666666666667,,0.62,,0.5199999999999999,,0.42,0.4466666666666666,,0.3866666666666667,0.19999999999999998,,0.48,,,0.5800000000000001,0.48,0.28,
2025-03-27 00:00:00+00:00,0.14666666666666667,0.4066666666666667,0.3466666666666667,0.3866666666666667,0.48,,0.8133333333333334,0.62,,0.8466666666666667,0.7799999999999999,,,0.3733333333333333,0.6,0.6466666666666667,,0.34,,0.48666666666666664,,,0.3066666666666667,,0.9933333333333333,0.62,0.8466666666666667,0.94,0.18000000000000002,0.24000000000000002,0.17333333333333334,,0.43999999999999995,0.5800000000000001,,0.5800000000000001,0.66,,0.5533333333333333,,,0.5266666666666667,,0.2733333333333334,0.58,0.26,0.13333333333333333,0.49333333333333335,,0.44,,,0.7333333333333334,,,0.13333333333333333,,0.8266666666666667,,,0.9266666666666667,0.6666666666666666,,0.9066666666666666,,0.47333333333333333,,0.6266666666666667,,0.3466666666666667,0.5266666666666666,,0.48666666666666664,0.3866666666666667,,0.3,,,0.4266666666666667,0.3333333333333333,0.30666666666666664,
2025-03-28 00:00:00+00:00,0.36000000000000004,0.3666666666666667,0.46,0.43999999999999995,0.4066666666666667,,0.7733333333333333,0.6866666666666666,,0.7599999999999999,0.8133333333333334,,,0.36000000000000004,0.7933333333333333,0.6666666666666666,,0.5133333333333333,,0.36000000000000004,,,0.24666666666666667,,0.9933333333333333,0.6066666666666667,0.7533333333333333,0.9066666666666666,0.2733333333333333,0.22,0.18000000000000002,,0.36000000000000004,0.6,,0.5399999999999999,0.4933333333333334,,0.6133333333333333,,,0.48666666666666664,,0.21333333333333335,0.7599999999999999,0.2333333333333333,0.10666666666666667,0.41333333333333333,,0.4533333333333333,,,0.7666666666666666,,,0.2333333333333333,,0.6133333333333333,,,0.9133333333333334,0.7533333333333333,,0.7933333333333333,,0.52,,0.7333333333333334,,0.37333333333333335,0.3733333333333333,,0.45333333333333337,0.44,,0.28,,,0.3133333333333333,0.32,0.4066666666666667,
2025-03-29 00:00:00+00:00,0.56,0.6266666666666666,0.12000000000000001,0.62,0.27999999999999997,,0.6666666666666666,0.7333333333333334,,0.7199999999999999,0.8333333333333334,,,0.39999999999999997,0.6933333333333334,0.7066666666666667,,0.7200000000000001,,0.4666666666666666,,,0.26666666666666666,,0.9866666666666667,0.7799999999999999,0.4466666666666667,0.8733333333333332,0.40666666666666673,0.32666666666666666,0.3,,0.38000000000000006,0.5066666666666667,,0.52,0.35333333333333333,,0.4466666666666667,,,0.6866666666666666,,0.12666666666666668,0.7666666666666666,0.09999999999999999,0.08,0.25333333333333335,,0.3133333333333333,,,0.7266666666666667,,,0.22,,0.5533333333333333,,,0.9133333333333334,0.5533333333333333,,0.7866666666666666,,0.58,,0.6666666666666666,,0.36666666666666664,0.3333333333333333,,0.2866666666666667,0.7933333333333333,,0.2866666666666667,,,0.6066666666666667,0.39999999999999997,0.36000000000000004,
2025-03-30 00:00:00+00:00,0.7133333333333334,0.8466666666666667,0.03333333333333333,0.6066666666666666,0.18000000000000002,,0.6133333333333333,0.35333333333333333,,0.37999999999999995,0.8799999999999999,,,0.5666666666666667,0.5599999999999999,0.7000000000000001,,0.8266666666666667,,0.18666666666666668,,,0.7399999999999999,,0.9733333333333333,0.7666666666666666,0.3466666666666667,0.8000000000000002,0.41333333333333333,0.48,0.4266666666666667,,0.41333333333333333,0.36000000000000004,,0.30666666666666664,0.35333333333333333,,0.37333333333333335,,,0.7266666666666666,,0.17333333333333334,0.7866666666666667,0.06666666666666667,0.18000000000000002,0.34,,0.3466666666666667,,,0.68,,,0.12666666666666668,,0.4133333333333334,,,0.8799999999999999,0.66,,0.8066666666666666,,0.7399999999999999,,0.5933333333333334,,0.2333333333333333,0.26666666666666666,,0.15333333333333335,0.8933333333333332,,0.35333333333333333,,,0.8133333333333334,0.6266666666666666,0.44,
2025-03-31 00:00:00+00:00,0.6,0.8333333333333334,0.060000000000000005,0.5333333333333333,0.21333333333333335,,0.6466666666666666,0.4466666666666667,,0.4066666666666667,0.8066666666666666,,,0.45999999999999996,0.5133333333333333,0.8066666666666666,,0.7533333333333333,,0.32,,,0.98,,0.9,0.7266666666666667,0.26,0.84,0.43333333333333335,0.35333333333333333,0.3,,0.43333333333333335,0.38000000000000006,,0.32666666666666666,0.5333333333333333,,0.30666666666666664,,,0.68,,0.09999999999999999,0.7666666666666666,0.21333333333333335,0.24,0.3333333333333333,,0.5133333333333333,,,0.7333333333333334,,,0.06,,0.35333333333333333,,,0.8866666666666667,0.7133333333333334,,0.5866666666666668,,0.7466666666666667,,0.5733333333333334,,0.3066666666666667,0.22,,0.14,0.9533333333333333,,0.25333333333333335,,,0.8066666666666666,0.6133333333333334,0.5333333333333333,
2025-04-01 00:00:00+00:00,0.45999999999999996,0.8999999999999999,0.04666666666666667,0.45999999999999996,0.19333333333333333,,0.5599999999999999,0.3866666666666667,0.28,0.6466666666666666,0.7466666666666667,,,0.6466666666666666,0.52,0.6866666666666666,,0.84,,0.36000000000000004,,,0.9733333333333333,,0.9733333333333333,0.7266666666666667,0.3266666666666667,0.6866666666666666,0.49999999999999994,0.5666666666666668,0.41333333333333333,,0.47333333333333333,0.36000000000000004,,0.24,0.5266666666666667,,0.26666666666666666,0.4666666666666666,,0.7066666666666667,,0.15333333333333335,0.82,0.13999999999999999,0.08,0.34,,,,,0.46,,,0.04,,0.2866666666666667,,,0.8666666666666666,0.6466666666666666,,0.6933333333333334,,0.8133333333333335,,0.5266666666666666,,0.25333333333333335,,,0.12,0.9933333333333333,,0.34,,,0.6733333333333333,0.6866666666666666,,0.6266666666666666
2025-04-02 00:00:00+00:00,0.6999999999999998,0.5599999999999999,0.04,0.56,0.19333333333333336,,0.7533333333333333,0.32666666666666666,0.24,0.6266666666666666,0.7466666666666667,,,0.6733333333333333,0.5733333333333333,0.7866666666666667,,0.9133333333333332,,0.38000000000000006,,,0.96,,0.9866666666666667,0.7399999999999999,0.36000000000000004,0.6466666666666666,0.5066666666666667,0.54,0.5599999999999999,,0.6000000000000001,0.4266666666666667,,0.26,0.5466666666666667,,0.29333333333333333,0.3666666666666667,,0.32666666666666666,,0.32666666666666666,0.8266666666666667,0.06,0.15333333333333335,0.41333333333333333,,,,,0.7200000000000001,,,0.07333333333333333,,0.11333333333333333,,,0.7399999999999999,0.5933333333333334,,0.7666666666666666,,0.6066666666666666,,0.5466666666666667,,0.32666666666666666,,,0.12666666666666668,0.9066666666666666,,0.6066666666666667,,,0.6666666666666666,0.4466666666666667,,0.2866666666666667
2025-04-03 00:00:00+00:00,0.6733333333333333,0.5866666666666667,0.08,0.5333333333333333,0.17333333333333334,,0.7333333333333334,0.2866666666666667,0.35333333333333333,0.7666666666666666,0.7799999999999999,,,0.8066666666666666,0.5666666666666667,0.9466666666666667,,0.8933333333333334,,0.7000000000000001,,,0.9666666666666667,,0.98,0.6666666666666666,0.35333333333333333,0.5733333333333334,0.36000000000000004,0.5666666666666668,0.48666666666666664,,0.6999999999999998,0.3,,0.2933333333333334,0.38000000000000006,,0.30000000000000004,0.4466666666666667,,0.35333333333333333,,0.21333333333333335,0.7466666666666666,0.16666666666666666,0.22666666666666668,0.5333333333333333,,,,,0.6666666666666666,,,0.08,,0.08666666666666667,,,0.7666666666666666,0.4666666666666666,,0.6133333333333333,,0.5666666666666667,,0.42,,0.2866666666666667,,,0.06,0.9733333333333333,,0.5533333333333333,,,0.6999999999999998,0.4533333333333333,,0.31333333333333335
2025-04-04 00:00:00+00:00,0.19999999999999998,0.47333333333333333,0.06666666666666667,0.5466666666666666,0.2333333333333333,,0.6266666666666666,0.3,0.30666666666666664,0.9533333333333333,0.7999999999999999,,,0.84,0.5800000000000001,0.7799999999999999,,0.8733333333333334,,0.7333333333333334,,,0.94,,0.9666666666666667,0.64,0.6,0.7000000000000001,0.3333333333333333,0.58,0.5266666666666667,,0.64,0.24,,0.4066666666666667,0.42666666666666675,,0.46,0.3866666666666667,,0.35333333333333333,,0.27999999999999997,0.6599999999999999,0.12666666666666668,0.28,0.39333333333333337,,,,,0.7133333333333333,,,0.08,,0.06666666666666667,,,0.9333333333333332,0.5466666666666667,,0.66,,0.5133333333333334,,0.3733333333333333,,0.4133333333333334,,,0.12666666666666668,0.9466666666666667,,0.4666666666666666,,,0.6933333333333334,0.47333333333333333,,0.24
2025-04-05 00:00:00+00:00,0.13333333333333333,0.46,0.05333333333333332,0.6,0.35333333333333333,,0.13333333333333333,0.26666666666666666,0.2866666666666667,0.9866666666666667,0.6733333333333333,,,0.48666666666666664,0.6666666666666666,0.7066666666666667,,0.88,,0.6866666666666666,,,0.9066666666666666,,0.96,0.8133333333333335,0.5,0.6533333333333333,0.35333333333333333,0.37333333333333335,0.49333333333333335,,0.7933333333333333,0.52,,0.45333333333333337,0.52,,0.32,0.24,,0.36000000000000004,,0.24,0.52,0.11333333333333334,0.45999999999999996,0.3466666666666667,,,,,0.6666666666666666,,,0.13333333333333333,,0.13333333333333333,,,0.9666666666666667,0.6533333333333333,,0.6866666666666666,,0.7200000000000001,,0.6266666666666666,,0.44,,,0.18666666666666668,0.94,,0.49333333333333335,,,0.6000000000000001,0.6733333333333333,,0.26666666666666666
2025-04-06 00:00:00+00:00,0.16,0.5,0.04666666666666666,0.6533333333333334,0.3333333333333333,,0.17333333333333334,0.2866666666666667,0.3066666666666667,0.96,0.6066666666666666,,,0.5333333333333333,0.7200000000000001,0.7733333333333333,,0.8933333333333334,,0.7733333333333334,,,0.88,,0.9466666666666667,0.8399999999999999,0.5666666666666667,0.6666666666666666,0.34,0.2866666666666667,0.52,,0.6466666666666666,0.48666666666666664,,0.49333333333333335,0.5266666666666667,,0.35999999999999993,0.11333333333333334,,0.48000000000000004,,0.24,0.4066666666666667,0.11333333333333333,0.3066666666666667,0.3066666666666667,,,,,0.5666666666666668,,,0.15333333333333335,,0.16666666666666666,,,0.98,0.7000000000000001,,0.7466666666666666,,0.7000000000000001,,0.7000000000000001,,0.3933333333333333,,,0.20000000000000004,0.94,,0.58,,,0.43333333333333335,0.6733333333333333,,0.32
2025-04-07 00:00:00+00:00,0.13333333333333333,0.49333333333333335,0.06,0.6866666666666666,0.3133333333333333,,0.05333333333333334,0.4266666666666667,0.26666666666666666,0.9866666666666667,0.7933333333333333,,,0.5,0.7399999999999999,0.7933333333333333,,0.8866666666666667,,0.7733333333333334,,,0.7866666666666666,,0.9466666666666667,0.84,0.5933333333333334,0.6733333333333333,0.3466666666666667,0.17333333333333334,0.38000000000000006,,0.4666666666666666,0.5333333333333333,,0.4466666666666666,0.4266666666666667,,0.5,0.25333333333333335,,0.5333333333333333,,0.16666666666666666,0.46666666666666673,0.16666666666666666,0.11333333333333334,0.45999999999999996,,,,,0.6266666666666667,,,0.15333333333333332,,0.1466666666666667,,,0.9733333333333333,0.6,,0.8066666666666666,,0.6666666666666666,,0.7400000000000001,,0.5133333333333333,,,0.2066666666666667,0.96,,0.56,,,0.39333333333333337,0.7266666666666666,,0.24666666666666667
2025-04-08 00:00:00+00:00,0.19999999999999998,0.5399999999999999,0.09333333333333334,0.7000000000000001,0.42,,0.06666666666666667,0.35333333333333333,0.25333333333333335,0.96,0.8333333333333334,,,0.48,0.66,0.7333333333333334,,0.8933333333333332,,0.64,,,0.82,,0.9733333333333333,0.8133333333333334,0.35333333333333333,0.7200000000000001,0.27999999999999997,0.19999999999999998,0.10000000000000002,,0.2866666666666667,0.6,,0.5266666666666667,0.5933333333333334,,0.39999999999999997,0.30000000000000004,,0.64,,0.10666666666666667,0.47333333333333333,0.07333333333333335,0.12666666666666665,0.43999999999999995,,,,,0.5066666666666667,,,0.21333333333333335,,0.4066666666666667,,,0.98,0.7333333333333334,,0.8266666666666667,,0.5933333333333334,,0.84,,0.66,,,0.26,0.9333333333333332,,0.35333333333333333,,,0.5666666666666667,0.6999999999999998,,0.2733333333333334
2025-04-09 00:00:00+00:00,0.2866666666666667,0.5266666666666666,0.1466666666666667,0.6,0.48666666666666664,,0.17333333333333334,0.4533333333333333,0.3333333333333333,0.9466666666666667,0.8333333333333334,,,0.58,0.68,0.8933333333333334,,0.8066666666666666,,0.5333333333333333,,,1.0,,0.9533333333333333,0.7733333333333334,0.1466666666666667,0.58,0.20000000000000004,0.16,0.06666666666666667,,0.29333333333333333,0.5133333333333333,,0.52,0.6733333333333333,,0.66,0.29333333333333333,,0.5133333333333333,,0.09999999999999999,0.45999999999999996,0.03333333333333333,0.22,0.5333333333333333,,,,,0.21333333333333335,,,0.26666666666666666,,0.4666666666666666,,,0.9533333333333333,0.7399999999999999,,0.5599999999999999,,0.7933333333333333,,0.8466666666666667,,0.6999999999999998,,,0.32,0.94,,0.26,,,0.48,0.7133333333333334,,0.2733333333333334
2025-04-10 00:00:00+00:00,0.3666666666666667,0.6266666666666666,0.1466666666666667,0.7666666666666666,0.3466666666666667,,0.14666666666666667,0.38000000000000006,0.32,0.9466666666666667,0.84,,,0.6666666666666666,0.5800000000000001,0.7733333333333333,,0.84,,0.4666666666666666,,,0.9466666666666667,,0.9533333333333333,0.6666666666666666,0.14666666666666667,0.4266666666666667,0.4533333333333333,0.2733333333333334,0.2933333333333334,,0.29333333333333333,0.54,,0.47333333333333333,0.5533333333333333,,0.54,0.15333333333333332,,0.6066666666666666,,0.21333333333333335,0.6666666666666666,0.08666666666666667,0.19333333333333336,0.32,,,,,0.15333333333333335,,,0.2333333333333333,,0.23333333333333336,,,0.9866666666666667,0.7066666666666667,,0.6666666666666666,,0.7733333333333334,,0.84,,0.6333333333333333,,,0.3,0.9266666666666666,,0.38000000000000006,,,0.49333333333333335,0.7999999999999999,,0.36000000000000004
2025-04-11 00:00:00+00:00,0.25999999999999995,0.54,0.16,0.8266666666666667,0.3666666666666667,,0.24666666666666667,0.3,0.37333333333333335,0.7999999999999999,0.88,,,0.64,0.48,0.8266666666666667,,0.7200000000000001,,0.45333333333333337,,,1.0,,0.9666666666666667,0.7399999999999999,0.06666666666666667,0.4266666666666667,0.4066666666666667,0.20000000000000004,0.18000000000000002,,0.2733333333333334,0.6266666666666666,,0.5533333333333333,0.6666666666666666,,0.3733333333333333,0.19333333333333333,,0.68,,0.3,0.6933333333333334,0.13999999999999999,0.19999999999999998,0.54,,,,,0.12666666666666668,,,0.22,,0.3333333333333333,,,0.96,0.7799999999999999,,0.7000000000000001,,0.7533333333333334,,0.8533333333333334,,0.64,,,0.32666666666666666,0.9333333333333332,,0.32,,,0.36000000000000004,0.7266666666666667,,0.36666666666666664
2025-04-12 00:00:00+00:00,0.19333333333333336,0.4000000000000001,0.32,0.6933333333333334,0.36000000000000004,,0.49333333333333335,0.5333333333333333,0.35333333333333333,0.6,0.8999999999999999,,,0.7599999999999999,0.5466666666666667,0.7200000000000001,,0.8666666666666667,,0.34,,,0.9933333333333333,,0.9866666666666667,0.5533333333333333,0.14666666666666667,0.3133333333333333,0.45333333333333337,0.21333333333333337,0.13333333333333333,,0.31333333333333335,0.6133333333333334,,0.4266666666666666,0.7200000000000001,,0.68,0.2733333333333334,,0.58,,0.26666666666666666,0.7266666666666666,0.12,0.22,0.4733333333333334,,,,,0.08666666666666667,,,0.16666666666666666,,0.2733333333333333,,,0.94,0.7533333333333334,,0.7999999999999999,,0.8266666666666668,,0.8466666666666667,,0.6933333333333334,,,0.3466666666666667,0.9333333333333332,,0.39333333333333337,,,0.26666666666666666,0.6,,0.2866666666666667
2025-04-13 00:00:00+00:00,0.27999999999999997,0.5,0.32,0.7466666666666667,0.3666666666666667,,0.52,0.4066666666666667,0.3933333333333333,0.5733333333333334,0.8999999999999999,,,0.9266666666666666,0.6466666666666666,0.6533333333333333,,0.8266666666666667,,0.3133333333333333,,,0.9933333333333333,,0.9866666666666667,0.6,0.17333333333333334,0.25333333333333335,0.38000000000000006,0.19333333333333336,0.14,,0.31333333333333335,0.7866666666666667,,0.6066666666666667,0.62,,0.6333333333333333,0.29333333333333333,,0.6866666666666666,,0.13333333333333333,0.6266666666666667,0.11333333333333333,0.17333333333333334,0.3333333333333333,,,,,0.08666666666666667,,,0.21333333333333337,,0.13333333333333333,,,0.8866666666666667,0.7333333333333334,,0.66,,0.8866666666666667,,0.84,,0.7466666666666667,,,0.29333333333333333,0.9133333333333334,,0.34,,,0.21333333333333335,0.6066666666666666,,0.5333333333333333
2025-04-14 00:00:00+00:00,0.30000000000000004,0.6466666666666666,0.44,0.7266666666666666,0.32,,0.6,0.18000000000000002,0.5266666666666667,0.5133333333333333,0.9133333333333334,,,0.9466666666666667,0.5,0.6466666666666666,,0.8133333333333334,,0.24666666666666667,,,0.9466666666666667,,0.9933333333333333,0.66,0.21999999999999997,0.28,0.44,0.32666666666666666,0.22666666666666668,,0.34,0.8133333333333335,,0.5266666666666667,0.49333333333333335,,0.5599999999999999,0.17333333333333334,,0.5933333333333334,,0.17333333333333334,0.6466666666666666,0.04666666666666666,0.4466666666666667,0.14666666666666664,,,,,0.10666666666666667,,,0.40666666666666673,,0.06,,,0.7799999999999999,0.6533333333333333,,0.6066666666666667,,0.86,,0.8266666666666667,,0.7266666666666667,,,0.26,0.9733333333333333,,0.44,,,0.26,0.6466666666666666,,0.5199999999999999
2025-04-15 00:00:00+00:00,0.2733333333333334,0.58,0.5933333333333334,0.86,0.26666666666666666,,0.5800000000000001,0.12,0.42,0.39333333333333337,0.9133333333333334,,,0.8999999999999999,0.5599999999999999,0.6333333333333333,,0.86,,0.18666666666666668,,,0.9333333333333332,,0.9866666666666667,0.5733333333333334,0.18000000000000002,0.28,0.5733333333333334,0.2533333333333333,0.32,,0.44,0.7200000000000001,,0.6533333333333333,0.8333333333333334,,0.3666666666666667,0.17333333333333334,,0.5866666666666668,,0.13333333333333333,0.68,0.07333333333333333,0.48666666666666664,0.16,,,,,0.18000000000000002,,,0.32666666666666666,,0.02,,,0.7666666666666666,0.6133333333333334,,0.6333333333333334,,0.8933333333333332,,0.7266666666666666,,0.6066666666666667,,,0.2333333333333333,0.98,,0.38000000000000006,,,0.3333333333333333,0.7733333333333333,,0.48666666666666664
2025-04-16 00:00:00+00:00,0.29333333333333333,0.5333333333333333,0.7000000000000001,0.84,0.32666666666666666,,0.36000000000000004,0.08666666666666667,0.24,0.3666666666666667,0.8933333333333334,,,0.9199999999999999,0.7399999999999999,0.6333333333333334,,0.8866666666666667,,0.17333333333333334,,,0.88,,0.9666666666666667,0.5533333333333333,0.08666666666666667,0.3466666666666667,0.56,0.26,0.3666666666666667,,0.31333333333333335,0.7333333333333334,,0.5866666666666667,0.8066666666666666,,0.26666666666666666,0.14666666666666667,,0.64,,0.18666666666666668,0.6733333333333333,0.19333333333333336,0.45999999999999996,0.22,,,,,0.19333333333333336,,,0.27999999999999997,,0.02,,,0.8466666666666667,0.47333333333333333,,0.66,,0.9066666666666666,,0.7066666666666667,,0.6200000000000001,,,0.5333333333333333,0.9866666666666667,,0.41333333333333333,,,0.43333333333333335,0.8133333333333334,,0.37333333333333335
2025-04-17 00:00:00+00:00,0.3466666666666667,0.5333333333333333,0.6066666666666666,0.8333333333333334,0.4266666666666667,,0.4266666666666666,0.10666666666666667,0.28,0.4133333333333334,0.88,,,0.8933333333333334,0.7066666666666667,0.6533333333333333,,0.8866666666666667,,0.07333333333333335,,,1.0,,0.98,0.5866666666666667,0.2866666666666667,0.5466666666666667,0.43999999999999995,0.3066666666666667,0.2866666666666667,,0.26,0.7399999999999999,,0.48,0.7266666666666667,,0.21333333333333335,0.4466666666666666,,0.5666666666666668,,0.21999999999999997,0.68,0.13999999999999999,0.42,0.16,,,,,0.15333333333333335,,,0.27999999999999997,,0.04666666666666667,,,0.68,0.43999999999999995,,0.7399999999999999,,0.94,,0.6533333333333333,,0.6533333333333333,,,0.5199999999999999,0.9533333333333333,,0.3866666666666667,,,0.4466666666666667,0.82,,0.2333333333333333
2025-04-18 00:00:00+00:00,0.5733333333333334,0.5333333333333333,0.6,0.84,0.3933333333333333,,0.3066666666666667,0.10666666666666669,0.24,0.27999999999999997,0.8133333333333334,,,0.9266666666666666,0.7133333333333333,0.7200000000000001,,0.8999999999999999,,0.04,,,0.9733333333333333,,0.9133333333333334,0.6266666666666667,0.38666666666666666,0.54,0.5333333333333333,0.39999999999999997,0.43333333333333335,,0.26,0.6999999999999998,,0.35333333333333333,0.5066666666666667,,0.2133333333333333,0.56,,0.5066666666666667,,0.14,0.7066666666666667,0.14666666666666667,0.3333333333333333,0.16666666666666666,,,,,0.3333333333333333,,,0.3066666666666667,,0.09333333333333334,,,0.66,0.39333333333333337,,0.6133333333333334,,0.9666666666666667,,0.6066666666666666,,0.5533333333333333,,,0.5533333333333333,0.9466666666666667,,0.44,,,0.54,0.7733333333333334,,0.3333333333333333
2025-04-19 00:00:00+00:00,0.41999999999999993,0.54,0.82,0.8533333333333334,0.62,,0.36000000000000004,0.18000000000000002,0.28,0.2733333333333334,0.7599999999999999,,,0.9199999999999999,0.7066666666666667,0.6933333333333334,,0.7799999999999999,,0.12666666666666668,,,1.0,,0.7600000000000001,0.4000000000000001,0.4066666666666667,0.5333333333333333,0.37999999999999995,0.4733333333333334,0.35333333333333333,,0.29333333333333333,0.7266666666666666,,0.5066666666666667,0.9,,0.15333333333333335,0.6533333333333333,,0.44,,0.08666666666666667,0.5333333333333333,0.21333333333333335,0.30000000000000004,0.2733333333333334,,,,,0.16666666666666666,,,0.34,,0.12666666666666668,,,0.6666666666666666,0.6000000000000001,,0.7133333333333333,,0.94,,0.5133333333333333,,0.6333333333333333,,,0.7866666666666666,0.62,,0.22666666666666668,,,0.46666666666666673,0.54,,0.44
2025-04-20 00:00:00+00:00,0.24,0.25333333333333335,0.8333333333333334,0.7866666666666666,0.6933333333333334,,0.5133333333333333,0.45333333333333337,0.26,0.2733333333333334,0.7066666666666667,,,0.6933333333333334,0.6666666666666666,0.43333333333333335,,0.7399999999999999,,0.07333333333333335,,,1.0,,0.8333333333333334,0.3,0.5533333333333333,0.5133333333333333,0.3933333333333333,0.5933333333333333,0.2333333333333333,,0.54,0.6133333333333334,,0.6866666666666666,0.96,,0.18000000000000002,0.7999999999999999,,0.4666666666666666,,0.06666666666666667,0.5666666666666668,0.24666666666666667,0.12000000000000001,0.4533333333333333,,,,,0.3,,,0.5199999999999999,,0.09333333333333332,,,0.5333333333333333,0.6266666666666667,,0.5733333333333334,,0.9066666666666666,,0.54,,0.6666666666666666,,,0.82,0.7133333333333333,,0.17333333333333334,,,0.43333333333333335,0.2866666666666667,,0.5733333333333334
2025-04-21 00:00:00+00:00,0.22666666666666668,0.25333333333333335,0.66,0.7000000000000001,0.8133333333333334,,0.6466666666666666,0.30666666666666664,0.38000000000000006,0.25333333333333335,0.5933333333333334,,,0.64,0.7133333333333333,0.4466666666666667,,0.6133333333333333,,0.2333333333333333,,,1.0,,0.7333333333333334,0.26666666666666666,0.36666666666666664,0.5866666666666667,0.3466666666666667,0.6666666666666666,0.09333333333333334,,0.5599999999999999,0.5599999999999999,,0.7133333333333334,0.96,,0.16666666666666666,0.7333333333333334,,0.4666666666666666,,0.09333333333333334,0.6266666666666667,0.3133333333333333,0.28,0.48666666666666664,,,,,0.3466666666666667,,,0.5666666666666667,,0.40666666666666673,,,0.5466666666666667,0.64,,0.52,,0.84,,0.6866666666666666,,0.6666666666666666,,,0.7999999999999999,0.5133333333333333,,0.09333333333333334,,,0.36000000000000004,0.26666666666666666,,0.7466666666666667
2025-04-22 00:00:00+00:00,0.3,0.3066666666666667,0.56,0.5933333333333333,0.7133333333333334,,0.43999999999999995,0.4066666666666667,0.2733333333333334,0.11333333333333334,0.5733333333333334,,,0.8733333333333334,0.7200000000000001,0.6466666666666666,,0.7999999999999999,,0.28,,,1.0,,0.6733333333333333,0.38000000000000006,0.2866666666666667,0.47333333333333333,0.3866666666666667,0.39999999999999997,0.08666666666666667,,0.4533333333333333,0.48666666666666664,,0.6866666666666666,0.9533333333333333,,0.09333333333333334,0.58,,0.56,,0.11333333333333334,0.5466666666666667,0.26666666666666666,0.36000000000000004,0.3866666666666667,,,,,0.3466666666666667,,,0.4933333333333334,,0.3066666666666667,,,0.8733333333333334,0.6866666666666666,,0.5,,0.7933333333333333,,0.94,,0.68,,,0.7599999999999999,0.6133333333333334,,0.13333333333333333,,,0.5066666666666667,0.31333333333333335,,0.7799999999999999
2025-04-23 00:00:00+00:00,0.25333333333333335,0.32666666666666666,0.32666666666666666,0.6466666666666667,0.6533333333333333,,0.4200000000000001,0.38000000000000006,0.26,0.13333333333333333,0.6266666666666666,,,0.7066666666666667,0.6533333333333333,0.5133333333333333,,0.88,,0.15333333333333335,,,0.9400000000000001,,0.6733333333333333,0.5266666666666667,0.3666666666666667,0.45999999999999996,0.5,0.48,0.14,,0.26,0.7133333333333333,,0.6466666666666666,0.9199999999999999,,0.06666666666666667,0.7933333333333333,,0.6466666666666666,,0.11333333333333334,0.5,0.8533333333333332,0.3133333333333333,0.2733333333333334,,,,,0.35333333333333333,,,0.35999999999999993,,0.3,,,0.7999999999999999,0.7266666666666666,,0.7600000000000001,,0.8066666666666666,,0.9866666666666667,,0.6066666666666667,,,0.6666666666666666,0.38000000000000006,,0.16,,,0.4666666666666666,0.2866666666666667,,0.7200000000000001
2025-04-24 00:00:00+00:00,0.4666666666666666,0.3666666666666667,0.6,0.5866666666666666,0.7333333333333334,,0.35333333333333333,0.6466666666666667,0.44,0.14666666666666664,0.64,,,0.6066666666666667,0.6466666666666666,0.20000000000000004,,0.7533333333333334,,0.25999999999999995,,,0.7000000000000001,,0.5333333333333333,0.38000000000000006,0.34,0.46666666666666673,0.6466666666666666,0.3666666666666667,0.14666666666666667,,0.3866666666666667,0.8333333333333334,,0.6533333333333333,0.7866666666666666,,0.08666666666666667,0.86,,0.8066666666666666,,0.12666666666666668,0.6466666666666666,0.5533333333333333,0.24,0.48666666666666664,,,,,0.48,,,0.4200000000000001,,0.47333333333333333,,,0.47333333333333333,0.64,,0.52,,0.6733333333333333,,0.9199999999999999,,0.7533333333333333,,,0.7733333333333333,0.3933333333333333,,0.22666666666666666,,,0.3466666666666667,0.19999999999999998,,0.7133333333333334
2025-04-25 00:00:00+00:00,0.44,0.47333333333333333,0.2866666666666667,0.6866666666666666,0.7200000000000001,,0.5933333333333334,0.6866666666666666,0.3666666666666667,0.2333333333333333,0.48,,,0.5533333333333333,0.52,0.14666666666666667,,0.7466666666666667,,0.34,,,0.7000000000000001,,0.42,0.4266666666666667,0.62,0.3466666666666667,0.7133333333333334,0.2733333333333334,0.16666666666666666,,0.5933333333333333,0.86,,0.6733333333333333,0.7066666666666667,,0.09333333333333334,0.7666666666666666,,0.8399999999999999,,0.22,0.5866666666666668,0.46666666666666673,0.2333333333333333,0.4000000000000001,,,,,0.4666666666666666,,,0.5066666666666667,,0.4466666666666667,,,0.41333333333333333,0.5933333333333334,,0.6,,0.66,,0.9733333333333333,,0.8466666666666667,,,0.7733333333333333,0.35333333333333333,,0.13333333333333333,,,0.6466666666666666,0.16,,0.5466666666666667
2025-04-26 00:00:00+00:00,0.45999999999999996,0.39333333333333337,0.12666666666666668,0.7200000000000001,0.7000000000000001,,0.5266666666666667,0.7466666666666667,0.42,0.19333333333333336,0.4466666666666667,,,0.5666666666666668,0.4066666666666667,0.15333333333333335,,0.7799999999999999,,0.2333333333333333,,,0.7533333333333333,,0.37999999999999995,0.2866666666666667,0.5466666666666666,0.3666666666666667,0.8466666666666667,0.4266666666666667,0.22666666666666666,,0.5133333333333333,0.9466666666666667,,0.5933333333333333,0.48666666666666664,,0.10666666666666667,0.7733333333333333,,0.8866666666666667,,0.2866666666666667,0.49333333333333335,0.7000000000000001,0.3466666666666667,0.3466666666666667,,,,,0.6133333333333334,,,0.5533333333333333,,0.41333333333333333,,,0.52,0.5466666666666667,,0.54,,0.5933333333333333,,0.9866666666666667,,0.6866666666666666,,,0.7799999999999999,0.31333333333333335,,0.14,,,0.7866666666666666,0.16666666666666666,,0.6733333333333333
2025-04-27 00:00:00+00:00,0.5466666666666666,0.34,0.13999999999999999,0.6733333333333333,0.7866666666666666,,0.5,0.7999999999999999,0.4466666666666667,0.2866666666666667,0.40666666666666673,,,0.34,0.35333333333333333,0.10000000000000002,,0.7999999999999999,,0.21999999999999997,,,0.7200000000000001,,0.3666666666666667,0.3933333333333333,0.39999999999999997,0.4466666666666667,0.7866666666666667,0.35333333333333333,0.2866666666666667,,0.3666666666666667,0.94,,0.5066666666666667,0.5133333333333333,,0.08,0.82,,0.8733333333333334,,0.3666666666666667,0.39999999999999997,0.7266666666666667,0.42,0.48666666666666664,,,,,0.4666666666666666,,,0.6533333333333333,,0.62,,,0.68,0.5733333333333334,,0.5733333333333334,,0.44,,0.9333333333333332,,0.6733333333333333,,,0.84,0.43999999999999995,,0.12666666666666665,,,0.8133333333333334,0.14,,0.5333333333333333
2025-04-28 00:00:00+00:00,0.5933333333333334,0.54,0.12000000000000001,0.7733333333333334,0.6533333333333333,,0.38000000000000006,0.66,0.4533333333333333,0.2333333333333333,0.5133333333333333,,,0.32666666666666666,0.39999999999999997,0.17333333333333334,,0.8666666666666667,,0.17333333333333334,,,0.8533333333333334,,0.4466666666666666,0.5466666666666667,0.34,0.3866666666666667,0.8666666666666666,0.26,0.44,,0.19333333333333336,0.9199999999999999,,0.3866666666666667,0.47333333333333333,,0.06,0.7599999999999999,,0.9733333333333333,,0.44,0.5133333333333333,0.6733333333333333,0.4533333333333333,0.4666666666666666,,,,,0.4400000000000001,,,0.35333333333333333,,0.52,,,0.66,0.6,,0.49333333333333335,,0.5733333333333334,,0.9733333333333333,,0.7333333333333334,,,0.7400000000000001,0.30666666666666664,,0.09999999999999999,,,0.8133333333333334,0.4000000000000001,,0.48
2025-04-29 00:00:00+00:00,0.37333333333333335,0.39999999999999997,0.08666666666666667,0.8133333333333334,0.82,,0.5933333333333333,0.8466666666666667,0.36000000000000004,0.30666666666666664,0.3333333333333333,,,0.4066666666666667,0.39333333333333337,0.16666666666666666,,0.7533333333333333,,0.42,,,0.96,,0.3666666666666667,0.38000000000000006,0.6,0.52,0.82,0.37333333333333335,0.29333333333333333,,0.18666666666666668,0.9866666666666667,,0.48,0.38000000000000006,,0.11333333333333333,0.7200000000000001,,0.9533333333333333,,0.3666666666666667,0.5933333333333334,0.6333333333333333,0.2933333333333333,0.4533333333333333,,,,,0.5333333333333333,,,0.4000000000000001,,0.64,,,0.58,0.52,,0.49333333333333335,,0.4466666666666666,,0.8999999999999999,,0.7466666666666667,,,0.8133333333333335,0.2866666666666667,,0.04,,,0.6733333333333333,0.34,,0.54
2025-04-30 00:00:00+00:00,0.4933333333333334,0.45999999999999996,0.7533333333333333,0.84,0.7866666666666666,,0.5733333333333333,0.7466666666666667,0.3666666666666667,0.3,0.37333333333333335,,,0.45999999999999996,0.3066666666666667,0.12666666666666668,,0.6666666666666666,,0.5666666666666667,,,0.9933333333333333,,0.38666666666666666,0.28,0.62,0.4466666666666667,0.8533333333333332,0.35333333333333333,0.3133333333333333,,0.2866666666666667,0.9866666666666667,,0.4266666666666666,0.35333333333333333,,0.06666666666666667,0.6266666666666667,,0.9199999999999999,,0.4000000000000001,0.5933333333333334,0.3,0.36666666666666664,0.49333333333333335,,,,,0.5266666666666667,,,0.45333333333333337,,0.6266666666666666,,,0.56,0.49333333333333335,,0.42,,0.4466666666666666,,0.7599999999999999,,0.5066666666666667,,,0.82,0.3,,0.02666666666666667,,,0.66,0.3333333333333333,,0.68
2025-05-01 00:00:00+00:00,0.4305555555555555,0.3125,0.8055555555555555,0.75,0.8055555555555555,0.24305555555555558,0.4861111111111111,0.8472222222222222,0.27777777777777773,0.16666666666666666,0.3194444444444444,,,0.6527777777777778,0.28472222222222227,0.1527777777777778,,0.7291666666666666,,0.5625,,,0.9513888888888888,,0.6805555555555555,0.27777777777777773,0.4236111111111111,0.48611111111111116,0.8958333333333334,0.28472222222222227,0.34722222222222215,,0.40277777777777773,0.9930555555555555,,0.6111111111111112,0.75,,0.08333333333333333,0.5,,,,0.40972222222222227,0.3611111111111111,,0.4305555555555555,0.40277777777777773,,,,,0.4930555555555556,,,0.23611111111111113,,0.7847222222222223,,,,0.5902777777777778,,0.3680555555555556,,0.4583333333333333,,0.8958333333333334,,0.576388888888889,,,0.7986111111111112,0.40277777777777785,,0.03472222222222222,,,0.5625,0.3333333333333333,,0.8472222222222222
2025-05-02 00:00:00+00:00,0.5347222222222222,0.34027777777777773,0.8958333333333334,0.3958333333333333,0.7847222222222222,0.20833333333333337,0.5555555555555556,0.9097222222222222,0.4236111111111111,0.22916666666666666,0.3541666666666667,,,0.5416666666666666,0.2847222222222222,0.18055555555555555,,0.7847222222222222,,0.5069444444444444,,,0.9861111111111112,,0.625,0.375,0.3194444444444444,0.5069444444444444,0.8541666666666666,0.40972222222222227,0.4236111111111111,,0.4305555555555556,0.986111111111111,,0.5416666666666666,0.8472222222222222,,0.0763888888888889,0.5694444444444444,,,,0.4444444444444444,0.40277777777777785,,0.6666666666666666,0.4305555555555555,,,,,0.4305555555555555,,,0.14583333333333334,,0.7638888888888888,,,,0.6319444444444445,,0.4166666666666667,,0.4791666666666667,,0.6736111111111112,,0.5208333333333334,,,0.8055555555555557,0.34027777777777773,,0.03472222222222222,,,0.2916666666666667,0.3819444444444445,,0.7569444444444445
2025-05-03 00:00:00+00:00,0.7291666666666666,0.34027777777777773,0.8680555555555557,0.3680555555555556,0.8402777777777778,0.2222222222222222,0.4513888888888889,0.9791666666666666,0.4375,0.125,0.36111111111111116,,,0.6597222222222222,0.28472222222222227,0.2777777777777778,,0.8472222222222223,,0.3125,,,0.9375,,0.7777777777777778,0.45138888888888884,0.3541666666666667,0.3055555555555555,0.7847222222222222,0.4305555555555556,0.45833333333333326,,0.34027777777777773,0.9444444444444443,,0.48611111111111116,0.5833333333333334,,0.08333333333333333,0.8958333333333334,,,,0.513888888888889,0.46527777777777785,,0.5694444444444445,0.4583333333333333,,,,,0.3611111111111111,,,0.08333333333333333,,0.7430555555555557,,,,0.5555555555555555,,0.2708333333333333,,0.45138888888888884,,0.6736111111111112,,0.6319444444444443,,,0.736111111111111,0.548611111111111,,0.027777777777777776,,,0.3680555555555556,0.40972222222222227,,0.6944444444444445
2025-05-04 00:00:00+00:00,0.8888888888888888,0.6944444444444445,0.6736111111111112,0.5694444444444445,0.5625,0.16666666666666666,0.375,0.875,0.38888888888888884,0.11805555555555557,0.45138888888888884,,,0.7916666666666666,0.14583333333333334,0.4444444444444444,,0.923611111111111,,0.31249999999999994,,,0.5972222222222222,,0.875,0.6736111111111112,0.3680555555555555,0.23611111111111108,0.9513888888888888,0.4930555555555556,0.6666666666666666,,0.24305555555555558,0.9166666666666666,,0.2638888888888889,0.4513888888888889,,0.05555555555555555,0.7152777777777778,,,,0.5555555555555556,0.6597222222222222,,0.7013888888888888,0.20833333333333334,,,,,0.4444444444444445,,,0.09027777777777778,,0.5694444444444444,,,,0.4305555555555555,,0.40277777777777773,,0.6597222222222222,,0.7847222222222223,,0.46527777777777785,,,0.5347222222222222,0.4305555555555556,,0.06250000000000001,,,0.4861111111111111,0.5972222222222222,,0.5277777777777778
2025-05-05 00:00:00+00:00,0.8680555555555555,0.6041666666666666,0.8819444444444443,0.40277777777777785,0.5833333333333334,0.2708333333333333,0.40972222222222215,0.9791666666666666,0.3194444444444444,0.11805555555555554,0.42361111111111116,,,0.8263888888888888,0.09027777777777779,0.2152777777777778,,0.8958333333333334,,0.2708333333333333,,,0.75,,0.9166666666666666,0.5416666666666666,0.3541666666666667,0.11805555555555557,0.861111111111111,0.3888888888888889,0.7013888888888888,,0.3680555555555556,0.9027777777777778,,0.3194444444444444,0.5277777777777778,,0.0625,0.7847222222222222,,,,0.5555555555555555,0.5972222222222223,,0.6666666666666666,0.3194444444444444,,,,,0.34027777777777773,,,0.08333333333333333,,0.6180555555555555,,,,0.4375,,0.4444444444444445,,0.7430555555555555,,0.6736111111111112,,0.38888888888888884,,,0.5972222222222222,0.6944444444444445,,0.09027777777777779,,,0.5000000000000001,0.5208333333333334,,0.47222222222222227
2025-05-06 00:00:00+00:00,0.8958333333333334,0.576388888888889,0.8680555555555557,0.40277777777777785,0.5208333333333334,0.2847222222222222,0.3055555555555555,0.8958333333333334,0.4791666666666667,0.15277777777777776,0.3958333333333333,,,0.6805555555555557,0.13888888888888887,0.4930555555555556,,0.9027777777777778,,0.1527777777777778,,,0.8125,,0.9375,0.611111111111111,0.38888888888888884,0.11111111111111112,0.8680555555555557,0.47222222222222227,0.736111111111111,,0.375,0.8125,,0.2638888888888889,0.4791666666666667,,0.08333333333333333,0.8194444444444443,,,,0.5555555555555556,0.5208333333333334,,0.611111111111111,0.2638888888888889,,,,,0.34722222222222227,,,0.05555555555555555,,0.6041666666666666,,,,0.4444444444444445,,0.4791666666666667,,0.8333333333333334,,0.7638888888888888,,0.4166666666666667,,,0.5972222222222222,0.6805555555555555,,0.20138888888888887,,,0.4305555555555556,0.38888888888888884,,0.3888888888888889
2025-05-07 00:00:00+00:00,0.9236111111111112,0.6805555555555555,0.6388888888888888,0.38888888888888884,0.48611111111111116,0.3055555555555555,0.1527777777777778,0.8263888888888888,0.4305555555555556,0.18750000000000003,0.4305555555555556,,,0.8680555555555555,0.09722222222222221,0.5902777777777778,,0.9236111111111112,,0.19444444444444442,,,0.7361111111111112,,0.861111111111111,0.5625,0.5069444444444444,0.09722222222222221,0.8333333333333334,0.5694444444444444,0.7083333333333334,,0.34722222222222215,0.7916666666666666,,0.23611111111111108,0.42361111111111116,,0.1875,0.6458333333333334,,,,0.5416666666666666,0.6111111111111112,,0.9583333333333334,0.1875,,,,,0.34722222222222227,,,0.05555555555555555,,0.5347222222222222,,,,0.3263888888888889,,0.38888888888888884,,0.8125,,0.7638888888888888,,0.4791666666666667,,,0.5902777777777778,0.638888888888889,,0.20833333333333334,,,0.5416666666666666,0.5277777777777778,,0.3541666666666667
2025-05-08 00:00:00+00:00,0.8402777777777777,0.6041666666666667,0.6805555555555555,0.42361111111111116,0.4930555555555556,0.4513888888888889,0.14583333333333334,0.8055555555555555,0.3819444444444444,0.31250000000000006,0.3680555555555555,,,0.9444444444444445,0.11111111111111112,0.7847222222222222,,0.9236111111111112,,0.23611111111111113,,,0.7083333333333334,,0.7430555555555555,0.6111111111111112,0.5416666666666666,0.08333333333333333,0.8263888888888888,0.6041666666666666,0.7430555555555555,,0.27777777777777773,0.6666666666666666,,0.22916666666666666,0.5,,0.1875,0.6180555555555555,,,,0.46527777777777785,0.5347222222222222,,0.9375,0.1875,,,,,0.3125,,,0.03472222222222222,,0.24305555555555555,,,,0.34722222222222215,,0.46527777777777773,,0.8194444444444445,,0.986111111111111,,0.3263888888888889,,,0.6597222222222222,0.7986111111111112,,0.14583333333333334,,,0.5416666666666666,0.5208333333333334,,0.3263888888888889
2025-05-09 00:00:00+00:00,0.9027777777777778,0.638888888888889,0.34722222222222227,0.40277777777777785,0.6180555555555555,0.2569444444444445,0.15972222222222224,0.611111111111111,0.4791666666666667,0.125,0.20833333333333334,,,0.923611111111111,0.09722222222222221,0.7083333333333334,,0.9027777777777778,,0.3888888888888889,,,0.5694444444444444,,0.6666666666666666,0.6319444444444444,0.5416666666666666,0.10416666666666667,0.9444444444444443,0.7222222222222222,0.8888888888888888,,0.2986111111111111,0.7708333333333334,,0.2916666666666667,0.17361111111111108,,0.2638888888888889,0.40972222222222215,,,,0.7361111111111112,0.5694444444444444,,0.7847222222222222,0.24305555555555555,,,,,0.5069444444444444,,,0.05555555555555555,,0.27777777777777773,,,,0.375,,0.5138888888888888,,0.763888888888889,,0.8888888888888888,,0.6319444444444445,,,0.6666666666666666,0.6319444444444444,,0.4166666666666667,,,0.5277777777777778,0.47222222222222227,,0.38888888888888884
2025-05-10 00:00:00+00:00,0.8819444444444445,0.45833333333333326,0.46527777777777785,0.3055555555555556,0.8333333333333334,0.11805555555555557,0.09027777777777779,0.4861111111111111,0.4305555555555556,0.4930555555555555,0.2708333333333333,,,0.5208333333333334,0.2222222222222222,0.8958333333333334,,0.7777777777777778,,0.3680555555555556,,,0.625,,0.45138888888888884,0.5694444444444445,0.7777777777777778,0.18055555555555555,0.9097222222222222,0.6180555555555555,0.875,,0.2569444444444445,0.7430555555555555,,0.5972222222222222,0.25,,0.19444444444444442,0.36111111111111116,,,,0.75,0.375,,0.9097222222222223,0.2986111111111111,,,,,0.5208333333333334,,,0.09722222222222222,,0.7222222222222222,,,,0.4930555555555556,,0.4791666666666667,,0.8888888888888888,,0.6666666666666666,,0.4375,,,0.7777777777777778,0.5486111111111112,,0.375,,,0.3194444444444444,0.375,,0.4375
2025-05-11 00:00:00+00:00,0.7152777777777778,0.42361111111111116,0.2569444444444444,0.2916666666666667,0.6944444444444445,0.09027777777777778,0.09027777777777779,0.3611111111111111,0.7777777777777778,0.5069444444444445,0.28472222222222227,,,0.5208333333333334,0.2569444444444444,0.513888888888889,,0.5972222222222222,,0.6597222222222222,,,0.5972222222222222,,0.24305555555555555,0.8472222222222222,0.8888888888888888,0.24305555555555555,0.7708333333333334,0.6666666666666666,0.9513888888888888,,0.375,0.7777777777777778,,0.7152777777777777,0.1111111111111111,,0.2638888888888889,0.4444444444444445,,,,0.7777777777777778,0.4166666666666667,,0.7916666666666666,0.5,,,,,0.7152777777777777,,,0.1875,,0.6319444444444444,,,,0.5069444444444445,,0.6875,,0.7291666666666666,,0.6180555555555556,,0.46527777777777785,,,0.6180555555555555,0.16666666666666666,,0.5208333333333333,,,0.4166666666666667,0.3333333333333333,,0.4791666666666667
2025-05-12 00:00:00+00:00,0.7916666666666666,0.3541666666666667,0.27777777777777785,0.2708333333333333,0.8541666666666666,0.17361111111111108,0.14583333333333334,0.3263888888888889,0.7291666666666666,0.75,0.3055555555555556,,,0.375,0.20138888888888887,0.4861111111111111,,0.7569444444444445,,0.5763888888888888,,,0.4305555555555555,,0.1875,0.638888888888889,0.8819444444444443,0.20833333333333334,0.8680555555555555,0.7152777777777778,0.9583333333333334,,0.40277777777777773,0.7847222222222223,,0.861111111111111,0.16666666666666666,,0.40972222222222227,0.4166666666666667,,,,0.75,0.5972222222222222,,0.6180555555555555,0.5347222222222222,,,,,0.6319444444444445,,,0.15972222222222224,,0.9097222222222222,,,,0.7083333333333334,,0.4444444444444444,,0.6666666666666666,,0.5208333333333334,,0.3819444444444444,,,0.7847222222222223,0.3125,,0.3611111111111111,,,0.3125,0.11111111111111112,,0.38888888888888884
2025-05-13 00:00:00+00:00,0.7013888888888888,0.5347222222222222,0.2569444444444445,0.2708333333333333,0.8472222222222222,0.17361111111111113,0.10416666666666667,0.2708333333333333,0.4583333333333334,0.6527777777777778,0.3194444444444445,,,0.2569444444444445,0.2847222222222222,0.5833333333333334,,0.5555555555555556,,0.4861111111111111,,,0.3888888888888889,,0.1388888888888889,0.6736111111111112,0.7916666666666666,0.1875,0.7847222222222222,0.6388888888888888,0.9444444444444443,,0.3611111111111111,0.8263888888888888,,0.8263888888888888,0.25,,0.40972222222222227,0.4236111111111111,,,,0.7222222222222223,0.3958333333333333,,0.8819444444444445,0.4583333333333333,,,,,0.6875,,,0.09722222222222222,,0.9236111111111112,,,,0.7152777777777778,,0.3541666666666667,,0.7291666666666666,,0.40277777777777785,,0.3680555555555555,,,0.7708333333333334,0.5416666666666666,,0.375,,,0.5347222222222222,0.5416666666666666,,0.5972222222222222
2025-05-14 00:00:00+00:00,0.7847222222222223,0.36111111111111116,0.11111111111111112,0.2708333333333333,0.8819444444444445,0.2847222222222222,0.2708333333333333,0.4375,0.548611111111111,0.5833333333333334,0.2777777777777778,,,0.11805555555555554,0.45138888888888884,0.46527777777777773,,0.5069444444444445,,0.48611111111111116,,,0.3263888888888889,,0.09027777777777779,0.611111111111111,0.736111111111111,0.3055555555555555,0.8958333333333334,0.625,0.9444444444444443,,0.3263888888888889,0.75,,0.8333333333333334,0.2569444444444444,,0.47222222222222215,0.4305555555555555,,,,0.8402777777777778,0.47222222222222227,,0.5069444444444445,0.6111111111111112,,,,,0.5069444444444445,,,0.3333333333333333,,1.0,,,,0.7291666666666666,,0.4236111111111111,,0.8472222222222222,,0.3819444444444445,,0.5833333333333334,,,0.7916666666666666,0.39583333333333326,,0.34027777777777773,,,0.3263888888888889,0.3958333333333333,,0.5694444444444445
2025-05-15 00:00:00+00:00,0.9444444444444445,0.42361111111111116,0.1527777777777778,0.21527777777777776,0.8263888888888888,0.2152777777777778,0.12500000000000003,0.3819444444444445,0.47222222222222215,0.5902777777777778,0.513888888888889,,,0.22916666666666666,0.3194444444444444,0.4583333333333333,,0.5902777777777778,,0.5833333333333334,,,0.3819444444444444,,0.06944444444444443,0.75,0.7361111111111112,0.22916666666666666,0.7777777777777778,0.6388888888888888,0.9583333333333334,,0.1875,0.6597222222222222,,0.7777777777777778,0.20138888888888887,,0.34722222222222215,0.5763888888888888,,,,0.6388888888888888,0.6388888888888888,,0.5902777777777778,0.5902777777777778,,,,,0.5694444444444445,,,0.24305555555555558,,1.0,,,,0.7013888888888888,,0.4444444444444445,,0.7638888888888888,,0.3333333333333333,,0.4444444444444444,,,0.5486111111111112,0.6527777777777778,,0.2916666666666667,,,0.3888888888888889,0.7152777777777778,,0.6111111111111112
2025-05-16 00:00:00+00:00,0.9305555555555557,0.34722222222222215,0.11111111111111112,0.2847222222222222,0.8263888888888888,0.25000000000000006,0.06944444444444443,0.3541666666666667,0.625,0.6597222222222222,0.47222222222222227,,,0.4166666666666667,0.34027777777777773,0.8055555555555555,,0.7083333333333334,,0.5069444444444445,,,0.5138888888888888,,0.09027777777777779,0.7777777777777777,0.7916666666666666,0.23611111111111113,0.7708333333333334,0.5555555555555557,0.951388888888889,,0.22916666666666666,0.75,,0.7638888888888888,0.20138888888888887,,0.4444444444444444,0.6388888888888888,,,,0.5208333333333334,0.47222222222222215,,0.7847222222222222,0.4166666666666667,,,,,0.5694444444444445,,,0.2847222222222222,,0.9513888888888888,,,,0.3888888888888889,,0.4375,,0.7291666666666666,,0.34722222222222227,,0.2569444444444445,,,0.48611111111111116,0.75,,0.3194444444444445,,,0.3958333333333333,0.4305555555555556,,0.5347222222222222
2025-05-17 00:00:00+00:00,0.986111111111111,0.5763888888888888,0.09722222222222222,0.34027777777777773,0.6527777777777778,0.34722222222222227,0.125,0.2986111111111111,0.638888888888889,0.5416666666666667,0.5208333333333334,,,0.375,0.15277777777777776,0.4930555555555555,,0.875,,0.6666666666666666,,,0.20833333333333334,,0.07638888888888888,0.8055555555555555,0.75,0.17361111111111108,0.8472222222222222,0.5625,0.9583333333333334,,0.2569444444444444,0.6875,,0.75,0.22916666666666666,,0.3333333333333333,0.5972222222222222,,,,0.4791666666666667,0.5833333333333334,,0.8194444444444445,0.3680555555555556,,,,,0.6111111111111112,,,0.16666666666666666,,0.9305555555555557,,,,0.40277777777777785,,0.4166666666666667,,0.6805555555555555,,0.4583333333333333,,0.3263888888888889,,,0.34027777777777773,0.7916666666666666,,0.4513888888888889,,,0.6388888888888888,0.6041666666666666,,0.5069444444444444
2025-05-18 00:00:00+00:00,0.9722222222222223,0.46527777777777785,0.3055555555555555,0.17361111111111113,0.8888888888888888,0.3611111111111111,0.08333333333333333,0.4930555555555555,0.4930555555555555,0.4305555555555556,0.34722222222222215,,,0.5694444444444444,0.10416666666666667,0.6875,,0.9305555555555555,,0.6319444444444445,,,0.8402777777777778,,0.15277777777777776,0.7777777777777777,0.6388888888888888,0.10416666666666667,0.8055555555555555,0.513888888888889,0.9652777777777778,,0.2152777777777778,0.7152777777777778,,0.6597222222222222,0.4305555555555556,,0.40972222222222227,0.5972222222222222,,,,0.375,0.5277777777777778,,0.7638888888888888,0.34027777777777773,,,,,0.4444444444444445,,,0.1111111111111111,,0.923611111111111,,,,0.21527777777777776,,0.3125,,0.8194444444444445,,0.5,,0.3541666666666667,,,0.40277777777777785,0.8402777777777777,,0.24305555555555555,,,0.5069444444444445,0.6111111111111112,,0.4444444444444445
2025-05-19 00:00:00+00:00,0.9722222222222223,0.3888888888888889,0.16666666666666666,0.40277777777777785,0.9027777777777778,0.28472222222222227,0.048611111111111105,0.513888888888889,0.3958333333333333,0.513888888888889,0.3680555555555556,,,0.6458333333333334,0.18055555555555555,0.7430555555555557,,0.9583333333333334,,0.625,,,0.4305555555555556,,0.11805555555555554,0.8402777777777777,0.6527777777777778,0.40277777777777773,0.8055555555555555,0.46527777777777773,0.8958333333333334,,0.2222222222222222,0.7916666666666666,,0.6319444444444444,0.3125,,0.3263888888888889,0.513888888888889,,,,0.2569444444444445,0.4583333333333333,,0.8333333333333334,0.3055555555555556,,,,,0.5763888888888888,,,0.06250000000000001,,0.9652777777777778,,,,0.2916666666666667,,0.5,,0.8263888888888888,,0.4305555555555556,,0.3958333333333333,,,0.375,0.8333333333333334,,0.2569444444444445,,,0.4583333333333333,0.6458333333333333,,0.5069444444444445
2025-05-20 00:00:00+00:00,1.0,0.4444444444444445,0.24999999999999997,0.40972222222222215,0.8888888888888888,0.2569444444444445,0.11805555555555554,0.4930555555555556,0.6527777777777778,0.4861111111111111,0.3333333333333333,,,0.6597222222222223,0.07638888888888888,0.8125,,0.9583333333333334,,0.6597222222222222,,,0.2916666666666667,,0.20138888888888887,0.8819444444444445,0.5555555555555555,0.2986111111111111,0.8819444444444445,0.5972222222222222,0.9583333333333334,,0.24305555555555555,0.7430555555555555,,0.47222222222222227,0.09722222222222221,,0.28472222222222227,0.5833333333333334,,,,0.2916666666666667,0.7083333333333334,,0.8125,0.3819444444444444,,,,,0.5069444444444444,,,0.21527777777777776,,0.9375,,,,0.2708333333333333,,0.5416666666666666,,0.7708333333333334,,0.4513888888888889,,0.3819444444444445,,,0.18055555555555558,0.8125,,0.3611111111111111,,,0.45138888888888884,0.5416666666666666,,0.2916666666666667
2025-05-21 00:00:00+00:00,1.0,0.42361111111111116,0.2708333333333333,0.47222222222222227,0.9097222222222222,0.3819444444444444,0.09027777777777778,0.4166666666666667,0.6319444444444445,0.6805555555555557,0.34027777777777773,,,0.5486111111111112,0.11805555555555557,0.7916666666666666,,0.9513888888888888,,0.7013888888888888,,,0.22916666666666666,,0.3958333333333333,0.8958333333333334,0.6180555555555555,0.4791666666666667,0.8402777777777778,0.3819444444444444,0.9375,,0.20833333333333334,0.7986111111111112,,0.6458333333333334,0.23611111111111113,,0.3055555555555555,0.6736111111111112,,,,0.1875,0.5,,0.4166666666666667,0.3541666666666667,,,,,0.5972222222222222,,,0.13194444444444445,,0.875,,,,0.34027777777777773,,0.47222222222222215,,0.6527777777777778,,0.5486111111111112,,0.28472222222222215,,,0.3333333333333333,0.9027777777777778,,0.3819444444444444,,,0.45138888888888884,0.36111111111111116,,0.3333333333333333
2025-05-22 00:00:00+00:00,0.9861111111111112,0.5416666666666666,0.06944444444444443,0.5,0.9236111111111112,0.29166666666666663,0.12499999999999999,0.375,0.6875,0.7361111111111112,0.3819444444444444,,,0.4791666666666667,0.09027777777777778,0.8958333333333334,,0.9652777777777777,,0.6805555555555555,,,0.7638888888888888,,0.4930555555555556,0.8541666666666666,0.638888888888889,0.4305555555555555,0.8333333333333334,0.5555555555555556,0.9166666666666666,,0.38888888888888884,0.7569444444444445,,0.5555555555555555,0.1597222222222222,,0.3541666666666667,0.6111111111111112,,,,0.17361111111111108,0.5,,0.48611111111111116,0.3055555555555556,,,,,0.5625,,,0.2638888888888889,,0.6527777777777778,,,,0.20833333333333334,,0.36111111111111116,,0.7916666666666666,,0.5,,0.3055555555555556,,,0.2638888888888889,0.5972222222222222,,0.4305555555555555,,,0.4444444444444444,0.36111111111111116,,0.25
2025-05-23 00:00:00+00:00,0.9583333333333334,0.5208333333333334,0.07638888888888888,0.4791666666666667,0.888888888888889,0.4583333333333333,0.3333333333333333,0.34722222222222215,0.5694444444444445,0.7777777777777778,0.5833333333333334,,,0.6666666666666666,0.06944444444444445,0.8958333333333334,,0.9791666666666666,,0.6805555555555555,,,0.625,,0.5972222222222222,0.8472222222222222,0.5416666666666666,0.5138888888888888,0.5555555555555555,0.3819444444444445,0.6944444444444445,,0.3819444444444445,0.8402777777777778,,0.5555555555555556,0.40277777777777785,,0.47222222222222215,0.5625,,,,0.13194444444444445,0.3819444444444444,,0.40277777777777773,0.4305555555555555,,,,,0.5555555555555555,,,0.40972222222222227,,0.6944444444444445,,,,0.2847222222222222,,0.3819444444444444,,0.7986111111111112,,0.46527777777777773,,0.34722222222222215,,,0.3055555555555555,0.6319444444444443,,0.09027777777777778,,,0.3541666666666667,0.22222222222222224,,0.3541666666666667
2025-05-24 00:00:00+00:00,0.9930555555555555,0.4166666666666667,0.03472222222222222,0.5347222222222222,0.7916666666666666,0.16666666666666666,0.4513888888888889,0.34027777777777785,0.7083333333333334,0.5555555555555555,0.548611111111111,,,0.8958333333333334,0.041666666666666664,0.7291666666666666,,0.9652777777777778,,0.7083333333333334,,,0.7569444444444445,,0.8541666666666666,0.8263888888888888,0.3819444444444444,0.19444444444444445,0.7083333333333334,0.5138888888888888,0.8263888888888888,,0.2986111111111111,0.8472222222222222,,0.4583333333333333,0.3055555555555555,,0.34027777777777773,0.5138888888888888,,,,0.14583333333333334,0.42361111111111116,,0.3541666666666667,0.25,,,,,0.6319444444444445,,,0.5347222222222222,,0.7708333333333334,,,,0.21527777777777776,,0.3680555555555555,,0.8541666666666666,,0.5833333333333334,,0.4513888888888889,,,0.14583333333333334,0.6944444444444445,,0.36111111111111116,,,0.38888888888888884,0.3819444444444444,,0.23611111111111108
2025-05-25 00:00:00+00:00,1.0,0.42361111111111116,0.09027777777777778,0.34722222222222227,0.7777777777777778,0.22916666666666666,0.48611111111111116,0.40972222222222215,0.6319444444444443,0.3125,0.5902777777777778,,,0.8680555555555555,0.020833333333333332,0.923611111111111,,0.9652777777777778,,0.4305555555555555,,,0.7083333333333334,,0.8333333333333334,0.75,0.27777777777777773,0.24305555555555555,0.7708333333333334,0.5833333333333334,0.8125,,0.2777777777777778,0.8472222222222222,,0.5555555555555556,0.42361111111111116,,0.3541666666666667,0.3888888888888889,,,,0.1597222222222222,0.3125,,0.5138888888888888,0.25,,,,,0.5277777777777778,,,0.4861111111111111,,0.7916666666666666,,,,0.25,,0.3680555555555555,,0.8819444444444445,,0.5,,0.576388888888889,,,0.19444444444444442,0.7569444444444445,,0.5555555555555556,,,0.22916666666666666,0.4930555555555556,,0.3194444444444444
2025-05-26 00:00:00+00:00,1.0,0.6666666666666666,0.09722222222222221,0.34027777777777785,0.625,0.07638888888888888,0.37499999999999994,0.47222222222222215,0.625,0.3194444444444444,0.6736111111111112,,,0.875,0.07638888888888888,0.9375,,0.9583333333333334,,0.4930555555555556,,,0.7777777777777777,,0.8194444444444445,0.6944444444444445,0.2708333333333333,0.0625,0.7430555555555555,0.4930555555555555,0.8958333333333334,,0.18055555555555555,0.7083333333333334,,0.4305555555555555,0.3680555555555555,,0.3541666666666667,0.5347222222222222,,,,0.15972222222222224,0.40277777777777773,,0.5,0.22916666666666666,,,,,0.5,,,0.40972222222222227,,0.7083333333333334,,,,0.20138888888888892,,0.3680555555555556,,0.8680555555555557,,0.40277777777777773,,0.5694444444444445,,,0.4305555555555556,0.9305555555555557,,0.576388888888889,,,0.47222222222222215,0.5625,,0.2638888888888889
2025-05-27 00:00:00+00:00,0.9722222222222222,0.673611111111111,0.10416666666666667,0.23611111111111113,0.75,0.11111111111111112,0.40972222222222227,0.47222222222222227,0.6180555555555555,0.4791666666666667,0.6180555555555556,,,0.875,0.0625,0.9444444444444445,,0.9791666666666666,,0.40277777777777773,,,0.7430555555555555,,0.8680555555555555,0.763888888888889,0.2916666666666667,0.027777777777777776,0.6805555555555555,0.46527777777777785,0.8541666666666666,,0.18055555555555555,0.6041666666666666,,0.5277777777777778,0.2152777777777778,,0.40277777777777785,0.40972222222222215,,,,0.3194444444444445,0.45138888888888884,,0.3541666666666667,0.3194444444444444,,,,,0.4513888888888889,,,0.5277777777777778,,0.701388888888889,,,,0.16666666666666666,,0.4236111111111111,,0.8611111111111112,,0.5347222222222222,,0.5,,,0.6597222222222222,0.9236111111111112,,0.75,,,0.31250000000000006,0.2916666666666667,,0.20833333333333334
2025-05-28 00:00:00+00:00,0.923611111111111,0.5208333333333334,0.17361111111111113,0.22916666666666666,0.8541666666666666,0.2222222222222222,0.3263888888888889,0.5208333333333334,0.6111111111111112,0.3055555555555556,0.5694444444444444,,,0.8680555555555557,0.03472222222222222,0.9375,,0.9097222222222223,,0.46527777777777773,,,0.7430555555555555,,0.8263888888888888,0.625,0.25,0.1111111111111111,0.7291666666666666,0.4861111111111111,0.8888888888888888,,0.3263888888888889,0.638888888888889,,0.45138888888888884,0.5069444444444444,,0.3958333333333333,0.3611111111111111,,,,0.3333333333333333,0.5625,,0.6597222222222222,0.2708333333333333,,,,,0.5,,,0.40972222222222227,,0.513888888888889,,,,0.14583333333333334,,0.2847222222222222,,0.8402777777777778,,0.34027777777777773,,0.548611111111111,,,0.9652777777777778,0.951388888888889,,0.6527777777777778,,,0.2638888888888889,0.09722222222222221,,0.34722222222222227
2025-05-29 00:00:00+00:00,0.986111111111111,0.4166666666666667,0.1875,0.09722222222222222,0.8819444444444445,0.15972222222222224,0.46527777777777773,0.47222222222222227,0.6875,0.5416666666666666,0.6041666666666666,,,0.875,0.08333333333333333,0.9166666666666666,,0.673611111111111,,0.3263888888888889,,,0.4305555555555556,,0.8055555555555555,0.5347222222222222,0.375,0.18055555555555558,0.8125,0.4375,0.9097222222222222,,0.375,0.6597222222222222,,0.5416666666666666,0.2569444444444444,,0.625,0.24305555555555555,,,,0.5486111111111112,0.34722222222222215,,0.5555555555555556,0.3888888888888889,,,,,0.6111111111111112,,,0.5694444444444444,,0.47222222222222215,,,,0.20833333333333334,,0.2986111111111111,,0.6944444444444445,,0.18055555555555555,,0.5625,,,0.9513888888888888,0.9027777777777778,,0.8333333333333334,,,0.2638888888888889,0.05555555555555556,,0.4930555555555555
2025-05-30 00:00:00+00:00,0.9583333333333334,0.2986111111111111,0.09722222222222221,0.07638888888888888,0.9236111111111112,0.20138888888888892,0.3819444444444444,0.5347222222222222,0.7569444444444445,0.3194444444444445,0.32638888888888884,,,0.7083333333333334,0.15277777777777776,0.8958333333333334,,0.625,,0.3958333333333333,,,0.576388888888889,,0.7222222222222222,0.6666666666666666,0.20833333333333334,0.23611111111111113,0.8402777777777777,0.5625,0.9166666666666666,,0.22916666666666666,0.6527777777777778,,0.5069444444444444,0.4375,,0.6111111111111112,0.34027777777777785,,,,0.5625,0.2638888888888889,,0.48611111111111116,0.4375,,,,,0.5972222222222222,,,0.5277777777777778,,0.6944444444444445,,,,0.16666666666666666,,0.34722222222222227,,0.625,,0.11805555555555557,,0.6527777777777778,,,0.9791666666666666,0.9027777777777777,,0.8680555555555555,,,0.2777777777777778,0.20138888888888887,,0.6319444444444445
2025-05-31 00:00:00+00:00,0.9583333333333334,0.6388888888888888,0.05555555555555556,0.08333333333333333,0.9236111111111112,0.14583333333333334,0.375,0.3680555555555555,0.6805555555555555,0.4375,0.5416666666666666,,,0.8125,0.07638888888888888,0.9166666666666666,,0.8611111111111112,,0.3611111111111111,,,0.5277777777777778,,0.40972222222222227,0.6388888888888888,0.3541666666666667,0.13888888888888887,0.8333333333333334,0.6111111111111112,0.9305555555555555,,0.18055555555555555,0.40277777777777785,,0.513888888888889,0.14583333333333334,,0.5763888888888888,0.3263888888888889,,,,0.6388888888888888,0.3680555555555556,,0.34027777777777773,0.3333333333333333,,,,,0.611111111111111,,,0.4444444444444444,,0.7708333333333334,,,,0.28472222222222227,,0.4236111111111111,,0.513888888888889,,0.19444444444444442,,0.6875,,,0.9791666666666666,0.8680555555555557,,0.9097222222222222,,,0.48611111111111116,0.3819444444444445,,0.4375
2025-06-01 00:00:00+00:00,0.9148936170212766,0.4468085106382979,0.07092198581560284,0.1347517730496454,,0.2624113475177305,0.29787234042553196,0.4113475177304964,0.6595744680851063,0.5106382978723404,0.5319148936170213,,,0.9078014184397163,,0.900709219858156,,0.8439716312056736,,0.48226950354609927,,,0.0851063829787234,,0.41843971631205673,0.4609929078014184,0.28368794326241137,0.19858156028368792,0.8156028368794326,0.5957446808510638,0.921985815602837,,0.46808510638297873,0.6312056737588653,,0.5106382978723404,,,,,,,,0.702127659574468,0.326241134751773,,0.2695035460992908,,0.05673758865248227,,1.0,,0.4609929078014184,0.3829787234042554,,0.574468085106383,0.574468085106383,0.7943262411347517,0.7801418439716312,,,0.2695035460992908,,0.30496453900709214,,0.425531914893617,,0.11347517730496454,0.23404255319148937,0.6453900709219857,,,0.9290780141843972,0.7943262411347517,,0.8581560283687942,,,0.326241134751773,0.41134751773049644,,
2025-06-02 00:00:00+00:00,0.8439716312056738,0.3546099290780142,0.18439716312056734,0.10638297872340426,,0.48936170212765956,0.45390070921985815,0.24822695035460993,0.6382978723404255,0.3687943262411348,0.42553191489361697,,,0.7943262411347517,,0.8936170212765958,,0.8014184397163121,,0.48936170212765956,,,0.1914893617021277,,0.4326241134751772,0.3900709219858156,0.1843971631205674,0.3687943262411348,0.8014184397163121,0.5957446808510638,0.921985815602837,,0.2765957446808511,0.5815602836879433,,0.49645390070921985,,,,,,,,0.75177304964539,0.2765957446808511,,0.3687943262411347,,0.07092198581560284,,1.0,,0.49645390070921985,0.45390070921985815,,0.5177304964539008,0.6595744680851064,0.7872340425531915,0.7446808510638299,,,0.24113475177304963,,0.2624113475177305,,0.3829787234042554,,0.14893617021276595,0.43971631205673756,0.6028368794326241,,,0.9361702127659575,0.9219858156028368,,0.8936170212765958,,,0.4042553191489362,0.3049645390070922,,
2025-06-03 00:00:00+00:00,0.8936170212765958,0.22695035460992907,0.15602836879432622,0.1276595744680851,,0.46808510638297873,0.326241134751773,0.24822695035460995,0.6453900709219859,0.4609929078014184,0.43971631205673756,,,0.8156028368794326,,0.8794326241134751,,0.6382978723404255,,0.46808510638297873,,,0.24822695035460995,,0.39007092198581556,0.3475177304964539,0.3120567375886525,0.5177304964539007,0.7943262411347517,0.6312056737588653,0.9290780141843973,,0.4184397163120568,0.5319148936170213,,0.524822695035461,,,,,,,,0.7163120567375887,0.14893617021276595,,0.36170212765957444,,0.04964539007092198,,1.0,,0.425531914893617,0.5957446808510638,,0.4042553191489362,0.673758865248227,0.7730496453900709,0.75177304964539,,,0.3333333333333333,,0.28368794326241137,,0.3829787234042554,,0.1347517730496454,0.3617021276595745,0.75177304964539,,,0.9290780141843972,0.7872340425531915,,0.8936170212765958,,,0.4751773049645391,0.326241134751773,,
2025-06-04 00:00:00+00:00,0.9432624113475176,0.24113475177304963,0.10638297872340424,0.10638297872340426,,0.3617021276595745,0.47517730496453897,0.3333333333333333,0.6312056737588653,0.46808510638297873,0.46808510638297873,,,0.8368794326241135,,0.7730496453900709,,0.7304964539007092,,0.41134751773049644,,,0.20567375886524822,,0.41134751773049644,0.3049645390070922,0.29078014184397166,0.3404255319148936,0.7872340425531915,0.6950354609929078,0.9361702127659575,,0.28368794326241137,0.4468085106382979,,0.43971631205673756,,,,,,,,0.6737588652482268,0.1702127659574468,,0.5390070921985816,,0.04964539007092198,,1.0,,0.48936170212765956,0.6312056737588653,,0.49645390070921985,0.5744680851063829,0.8014184397163121,0.7872340425531915,,,0.36170212765957444,,0.2695035460992908,,0.2836879432624113,,0.2624113475177305,0.1347517730496454,0.7872340425531915,,,0.8865248226950354,0.723404255319149,,0.9219858156028368,,,0.5319148936170213,0.5957446808510638,,
2025-06-05 00:00:00+00:00,0.9503546099290779,0.2553191489361702,0.5531914893617021,0.14184397163120566,,0.3191489361702127,0.4468085106382979,0.2978723404255319,0.7092198581560284,0.2765957446808511,0.3120567375886525,,,0.7801418439716312,,0.7801418439716312,,0.723404255319149,,0.42553191489361697,,,0.028368794326241134,,0.1702127659574468,0.43971631205673756,0.23404255319148937,0.31205673758865243,0.8014184397163119,0.6737588652482268,0.9290780141843972,,0.3191489361702127,0.3049645390070922,,0.41843971631205673,,,,,,,,0.8085106382978724,0.24822695035460995,,0.574468085106383,,0.05673758865248227,,1.0,,0.4397163120567376,0.5957446808510638,,0.3900709219858156,0.5957446808510638,0.7943262411347517,0.75177304964539,,,0.425531914893617,,0.41843971631205673,,0.2836879432624113,,0.2127659574468085,0.1773049645390071,0.7304964539007092,,,0.9574468085106383,0.9503546099290782,,0.8297872340425533,,,0.5177304964539007,0.6382978723404255,,
2025-06-06 00:00:00+00:00,0.9503546099290782,0.14893617021276595,0.652482269503546,0.14893617021276595,,0.3475177304964539,0.4468085106382979,0.2765957446808511,0.7304964539007092,0.41134751773049644,0.24822695035460993,,,0.7446808510638298,,0.6312056737588653,,0.6453900709219859,,0.5531914893617021,,,0.02127659574468085,,0.14893617021276595,0.3900709219858156,0.4042553191489362,0.3617021276595745,0.75177304964539,0.6382978723404256,0.900709219858156,,0.19858156028368792,0.4539007092198582,,0.5460992907801417,,,,,,,,0.7021276595744682,0.1702127659574468,,0.21985815602836878,,0.05673758865248227,,1.0,,0.46808510638297873,0.6028368794326241,,0.5886524822695035,0.624113475177305,0.8865248226950354,0.7730496453900709,,,0.46808510638297873,,0.41134751773049644,,0.22695035460992907,,0.14893617021276598,0.1843971631205674,0.7446808510638299,,,0.9078014184397163,0.9716312056737588,,0.8794326241134751,,,0.5886524822695035,0.6241134751773049,,
2025-06-07 00:00:00+00:00,0.9078014184397163,0.24113475177304963,0.5035460992907801,0.23404255319148937,,0.4468085106382979,0.3546099290780142,0.2624113475177305,0.723404255319149,0.34751773049645385,0.3404255319148936,,,0.6737588652482268,,0.6382978723404256,,0.8652482269503544,,0.8581560283687942,,,0.0425531914893617,,0.14184397163120566,0.29078014184397166,0.23404255319148937,0.3546099290780142,0.624113475177305,0.6170212765957447,0.8156028368794327,,0.14893617021276595,0.6170212765957447,,0.4042553191489362,,,,,,,,0.524822695035461,0.4042553191489362,,0.5886524822695036,,0.1773049645390071,,0.673758865248227,,0.4042553191489362,0.6950354609929078,,0.39716312056737585,0.6808510638297873,0.7801418439716312,0.6666666666666666,,,0.5673758865248226,,0.41134751773049644,,0.19858156028368792,,0.028368794326241134,0.5957446808510638,0.6808510638297873,,,0.7163120567375887,0.9858156028368793,,0.7872340425531915,,,0.6028368794326241,0.7446808510638299,,
2025-06-08 00:00:00+00:00,0.9361702127659575,0.10638297872340424,0.4326241134751773,0.15602836879432624,,0.5531914893617021,0.41134751773049655,0.4326241134751773,0.75177304964539,0.524822695035461,0.5319148936170213,,,0.5886524822695036,,0.6099290780141845,,0.8297872340425533,,0.851063829787234,,,0.07092198581560283,,0.2978723404255319,0.3333333333333333,0.3333333333333333,0.30496453900709225,0.6950354609929077,0.652482269503546,0.7872340425531914,,0.16312056737588654,0.4468085106382979,,0.4042553191489362,,,,,,,,0.6312056737588653,0.2553191489361702,,0.6099290780141844,,0.14184397163120568,,0.673758865248227,,0.5177304964539007,0.7659574468085107,,0.43971631205673756,0.5744680851063829,0.7730496453900709,0.5177304964539007,,,0.6170212765957447,,0.375886524822695,,0.14893617021276595,,0.028368794326241134,0.2765957446808511,0.6028368794326241,,,0.9716312056737588,0.9929078014184397,,0.8936170212765958,,,0.42553191489361697,0.5602836879432624,,
2025-06-09 00:00:00+00:00,0.8865248226950354,0.2553191489361702,0.41134751773049644,0.1773049645390071,,0.43971631205673756,0.45390070921985815,0.34042553191489366,0.7304964539007092,0.3546099290780142,0.7092198581560284,,,0.8723404255319149,,0.6170212765957447,,0.8085106382978724,,0.8368794326241135,,,0.035460992907801414,,0.23404255319148937,0.3829787234042554,0.38297872340425526,0.2765957446808511,0.6382978723404256,0.5531914893617021,0.8085106382978723,,0.20567375886524822,0.48226950354609927,,0.4113475177304964,,,,,,,,0.4964539007092199,0.2765957446808511,,0.3617021276595745,,0.1276595744680851,,0.6382978723404256,,0.524822695035461,0.6666666666666666,,0.3687943262411348,0.5815602836879433,0.75177304964539,0.7092198581560284,,,0.5815602836879433,,0.2765957446808511,,0.14893617021276595,,0.0425531914893617,0.21985815602836878,0.6170212765957447,,,0.9645390070921986,0.9929078014184397,,0.8652482269503546,,,0.6028368794326241,0.8794326241134751,,
2025-06-10 00:00:00+00:00,0.9645390070921986,0.3900709219858156,0.4609929078014184,0.1843971631205674,,0.6312056737588653,0.39716312056737585,0.5531914893617021,0.5177304964539007,0.20567375886524822,0.6170212765957447,,,0.8652482269503546,,0.5886524822695035,,0.9290780141843972,,0.7801418439716311,,,0.04964539007092198,,0.425531914893617,0.20567375886524822,0.1985815602836879,0.3475177304964539,0.6950354609929078,0.5673758865248227,0.8794326241134751,,0.22695035460992907,0.6099290780141844,,0.3120567375886525,,,,,,,,0.5390070921985816,0.3617021276595745,,0.4468085106382979,,0.1347517730496454,,0.5106382978723404,,0.3191489361702127,0.6666666666666666,,0.21985815602836878,0.5390070921985816,0.6737588652482268,0.5673758865248226,,,0.5602836879432624,,0.1347517730496454,,0.5319148936170213,,0.0425531914893617,0.6737588652482268,0.5035460992907802,,,0.9645390070921986,0.9858156028368793,,0.8439716312056738,,,0.3404255319148936,0.8368794326241135,,
2025-06-11 00:00:00+00:00,0.9716312056737589,0.3191489361702128,0.3404255319148936,0.3120567375886525,,0.425531914893617,0.34042553191489366,0.673758865248227,0.7730496453900709,0.31205673758865243,0.5531914893617021,,,0.9148936170212766,,0.48226950354609927,,0.8723404255319149,,0.6595744680851063,,,0.0425531914893617,,0.6312056737588653,0.16312056737588654,0.19858156028368792,0.524822695035461,0.8226950354609929,0.652482269503546,0.921985815602837,,0.29078014184397166,0.673758865248227,,0.2127659574468085,,,,,,,,0.7943262411347517,0.6099290780141844,,0.47517730496453897,,0.0921985815602837,,0.36170212765957444,,0.3546099290780142,0.46808510638297873,,0.4964539007092199,0.3900709219858156,0.5815602836879433,0.5106382978723404,,,0.4822695035460993,,0.12056737588652482,,0.4964539007092199,,0.03546099290780142,0.4468085106382979,0.7659574468085107,,,0.5744680851063829,0.9858156028368793,,0.9716312056737588,,,0.3475177304964539,0.5531914893617021,,
2025-06-12 00:00:00+00:00,0.9929078014184397,0.375886524822695,0.21276595744680848,0.1773049645390071,,0.3900709219858156,0.43971631205673756,0.6170212765957447,0.8085106382978724,0.4609929078014185,0.5531914893617021,,,0.8936170212765958,,0.5106382978723404,,0.9361702127659575,,0.5744680851063829,,,0.05673758865248227,,0.4326241134751773,0.21985815602836878,0.2624113475177305,0.4326241134751773,0.6312056737588653,0.6595744680851064,0.9361702127659575,,0.47517730496453897,0.5744680851063829,,0.20567375886524822,,,,,,,,0.7304964539007092,0.6879432624113475,,0.4964539007092199,,0.12056737588652482,,0.3687943262411348,,0.326241134751773,0.45390070921985815,,0.5957446808510638,0.41843971631205673,0.5815602836879433,0.48936170212765956,,,0.48936170212765956,,0.11347517730496454,,0.5460992907801417,,0.03546099290780142,0.6099290780141843,0.7375886524822696,,,0.6099290780141844,0.7446808510638299,,0.9716312056737588,,,0.5106382978723404,0.5319148936170213,,
2025-06-13 00:00:00+00:00,1.0,0.3829787234042554,0.2127659574468085,0.09929078014184396,,0.43971631205673756,0.425531914893617,0.624113475177305,0.8368794326241135,0.375886524822695,0.6595744680851064,,,0.9645390070921986,,0.7872340425531915,,0.9148936170212766,,0.7446808510638299,,,0.09929078014184396,,0.3829787234042554,0.3120567375886525,0.2198581560283688,0.375886524822695,0.6879432624113475,0.5886524822695035,0.9078014184397163,,0.4751773049645389,0.5035460992907801,,0.24113475177304963,,,,,,,,0.8085106382978724,0.6595744680851063,,0.41843971631205673,,0.1773049645390071,,0.36170212765957444,,0.3333333333333333,0.3617021276595745,,0.47517730496453897,0.2978723404255319,0.5177304964539008,0.624113475177305,,,0.49645390070921985,,0.14893617021276595,,0.4468085106382979,,0.05673758865248227,0.6666666666666666,0.6737588652482268,,,0.5177304964539008,0.6028368794326241,,0.9574468085106383,,,0.524822695035461,0.6099290780141845,,
2025-06-14 00:00:00+00:00,0.9787234042553191,0.15602836879432624,0.22695035460992907,0.1276595744680851,,0.6170212765957447,0.2695035460992908,0.6950354609929077,0.8368794326241135,0.3687943262411348,0.3900709219858156,,,0.9858156028368793,,0.851063829787234,,0.9078014184397163,,0.49645390070921985,,,0.10638297872340424,,0.524822695035461,0.41134751773049644,0.17730496453900713,0.6382978723404256,0.6666666666666666,0.673758865248227,0.8936170212765958,,0.6170212765957447,0.5035460992907801,,0.24822695035460993,,,,,,,,0.8226950354609929,0.4042553191489362,,0.624113475177305,,0.1773049645390071,,0.3191489361702128,,0.1843971631205674,0.45390070921985815,,0.5035460992907801,0.5886524822695035,0.5460992907801417,0.673758865248227,,,0.48936170212765956,,0.1843971631205674,,0.38297872340425526,,0.2836879432624113,0.3120567375886525,0.723404255319149,,,0.5460992907801419,0.5815602836879433,,0.9716312056737589,,,0.3617021276595745,0.49645390070921985,,
2025-06-15 00:00:00+00:00,0.9787234042553191,0.1276595744680851,0.28368794326241137,0.1276595744680851,,0.5886524822695035,0.39716312056737585,0.6524822695035462,0.8156028368794326,0.34751773049645385,0.23404255319148937,,,0.9716312056737588,,0.7659574468085105,,0.9148936170212766,,0.5177304964539008,,,0.09219858156028367,,0.34042553191489366,0.4468085106382979,0.14184397163120568,0.6170212765957447,0.7659574468085105,0.6099290780141844,0.900709219858156,,0.43971631205673756,0.48936170212765956,,0.28368794326241137,,,,,,,,0.8014184397163121,0.3687943262411348,,0.5460992907801419,,0.23404255319148937,,0.3120567375886525,,0.30496453900709225,0.3262411347517731,,0.624113475177305,0.6595744680851063,0.6312056737588653,0.723404255319149,,,0.6099290780141843,,0.2765957446808511,,0.2836879432624113,,0.1843971631205674,0.11347517730496452,0.6879432624113475,,,0.7943262411347517,0.6099290780141845,,0.9858156028368795,,,0.375886524822695,0.6950354609929078,,
2025-06-16 00:00:00+00:00,0.9716312056737588,0.14893617021276595,0.2198581560283688,0.07092198581560283,,0.5673758865248226,0.48936170212765956,0.48226950354609927,0.6950354609929077,0.3687943262411348,0.24113475177304963,,,1.0,,0.7801418439716312,,0.8936170212765958,,0.4964539007092199,,,0.1773049645390071,,0.3333333333333333,0.2907801418439716,0.21985815602836878,0.6312056737588652,0.8226950354609929,0.673758865248227,0.900709219858156,,0.524822695035461,0.5035460992907802,,0.20567375886524822,,,,,,,,0.7872340425531914,0.4893617021276595,,0.6666666666666666,,0.09929078014184396,,0.3475177304964539,,0.21985815602836878,0.2553191489361702,,0.5886524822695035,0.624113475177305,0.5673758865248227,0.702127659574468,,,0.425531914893617,,0.2978723404255319,,0.7659574468085107,,0.23404255319148937,0.2553191489361702,0.723404255319149,,,0.723404255319149,0.7092198581560284,,0.9645390070921986,,,0.3687943262411348,0.4751773049645391,,
2025-06-17 00:00:00+00:00,0.9645390070921986,0.10638297872340426,0.3262411347517731,0.07801418439716312,,0.524822695035461,0.7163120567375887,0.1773049645390071,0.4468085106382979,0.39716312056737596,0.22695035460992907,,,0.9929078014184397,,0.8156028368794326,,0.8156028368794326,,0.5531914893617021,,,0.07092198581560284,,0.3617021276595745,0.1702127659574468,0.28368794326241137,0.425531914893617,0.6879432624113475,0.652482269503546,0.8014184397163121,,0.6028368794326241,0.41134751773049644,,0.15602836879432624,,,,,,,,0.8156028368794326,0.6524822695035462,,0.6595744680851063,,0.8652482269503547,,0.5390070921985816,,0.36170212765957444,0.3404255319148936,,0.43971631205673756,0.5957446808510638,0.5602836879432624,0.3829787234042554,,,0.48226950354609927,,0.1347517730496454,,0.5602836879432623,,0.23404255319148934,0.12056737588652482,0.7304964539007092,,,0.8368794326241135,0.7092198581560284,,0.9716312056737588,,,0.425531914893617,0.8156028368794326,,
2025-06-18 00:00:00+00:00,0.9078014184397163,0.1347517730496454,0.29787234042553196,0.05673758865248227,,0.5602836879432623,0.6099290780141844,0.1914893617021277,0.3617021276595745,0.41843971631205673,0.4042553191489362,,,1.0,,0.8723404255319149,,0.8652482269503546,,0.723404255319149,,,0.09929078014184395,,0.41843971631205673,0.24822695035460993,0.24822695035460995,0.6170212765957447,0.6099290780141845,0.6312056737588653,0.7801418439716311,,0.5957446808510638,0.3475177304964539,,0.1276595744680851,,,,,,,,0.7304964539007092,0.425531914893617,,0.5957446808510639,,0.9219858156028368,,0.5957446808510638,,0.19858156028368792,0.31205673758865243,,0.4609929078014184,0.6879432624113475,0.47517730496453897,0.39716312056737585,,,0.4468085106382979,,0.21276595744680848,,0.624113475177305,,0.3333333333333333,0.19858156028368792,0.6595744680851063,,,0.921985815602837,0.7730496453900709,,0.9432624113475178,,,0.21985815602836878,0.7375886524822696,,
2025-06-19 00:00:00+00:00,0.6666666666666666,0.11347517730496454,0.425531914893617,0.10638297872340424,,0.6737588652482268,0.5602836879432624,0.12056737588652482,0.29787234042553196,0.3687943262411348,0.2695035460992908,,,1.0,,0.7730496453900709,,0.8794326241134751,,0.7659574468085107,,,0.12056737588652482,,0.7588652482269503,0.2624113475177305,0.07801418439716312,0.6241134751773049,0.5886524822695036,0.6595744680851063,0.75177304964539,,0.4964539007092199,0.4893617021276595,,0.20567375886524822,,,,,,,,0.5035460992907801,0.46808510638297873,,0.6099290780141844,,0.9219858156028368,,0.5460992907801419,,0.29078014184397166,0.43971631205673756,,0.45390070921985815,0.5815602836879433,0.5177304964539008,0.4468085106382979,,,0.3900709219858156,,0.2695035460992908,,0.5177304964539008,,0.3404255319148936,0.15602836879432622,0.7588652482269503,,,0.8014184397163121,0.9219858156028368,,0.9645390070921985,,,0.24113475177304963,0.8014184397163121,,
2025-06-20 00:00:00+00:00,0.6099290780141843,0.1773049645390071,0.39716312056737585,0.1631205673758865,,0.43971631205673756,0.4964539007092199,0.15602836879432622,0.24822695035460993,0.4822695035460993,0.2624113475177305,,,1.0,,0.8156028368794326,,0.8794326241134751,,0.6170212765957447,,,0.11347517730496454,,0.5744680851063829,0.42553191489361697,0.05673758865248227,0.6382978723404255,0.6170212765957447,0.7730496453900709,0.7730496453900709,,0.45390070921985815,0.41134751773049644,,0.1773049645390071,,,,,,,,0.6524822695035462,0.5106382978723404,,0.7872340425531915,,0.9219858156028368,,0.5035460992907802,,0.3687943262411348,0.6028368794326241,,0.4042553191489362,0.6099290780141844,0.48226950354609927,0.45390070921985815,,,0.34042553191489366,,0.28368794326241137,,0.6312056737588653,,0.375886524822695,0.21276595744680848,0.6950354609929077,,,0.7304964539007092,0.6950354609929078,,0.9645390070921985,,,0.19858156028368792,0.8156028368794326,,
2025-06-21 00:00:00+00:00,0.6170212765957447,0.06382978723404255,0.6808510638297873,0.1773049645390071,,0.3900709219858156,0.6099290780141844,0.1773049645390071,0.2695035460992908,0.45390070921985815,0.2553191489361702,,,0.9929078014184397,,0.8581560283687942,,0.7588652482269503,,0.49645390070921985,,,0.10638297872340424,,0.5106382978723404,0.1773049645390071,0.0425531914893617,0.5673758865248227,0.5319148936170213,0.6382978723404257,0.6808510638297873,,0.375886524822695,0.4042553191489362,,0.23404255319148937,,,,,,,,0.6737588652482268,0.41843971631205673,,0.6028368794326241,,0.9574468085106383,,0.6170212765957447,,0.4042553191489362,0.5744680851063829,,0.6595744680851063,0.6737588652482268,0.6879432624113475,0.4609929078014184,,,0.3687943262411348,,0.24822695035460993,,0.425531914893617,,0.624113475177305,0.1347517730496454,0.7801418439716312,,,0.8723404255319149,0.8794326241134751,,0.900709219858156,,,0.1276595744680851,0.8368794326241135,,
2025-06-22 00:00:00+00:00,0.6170212765957447,0.05673758865248226,0.6666666666666666,0.2978723404255319,,0.46808510638297873,0.5460992907801417,0.23404255319148937,0.425531914893617,0.4184397163120568,0.1914893617021277,,,0.9929078014184397,,0.8581560283687942,,0.8297872340425533,,0.5390070921985816,,,0.07801418439716311,,0.5460992907801419,0.12056737588652483,0.028368794326241134,0.6028368794326241,0.41843971631205673,0.6170212765957447,0.6666666666666666,,0.4539007092198582,0.42553191489361697,,0.20567375886524822,,,,,,,,0.6666666666666666,0.5177304964539008,,0.652482269503546,,0.9645390070921985,,0.8014184397163121,,0.30496453900709225,0.48936170212765956,,0.4609929078014184,0.6028368794326241,0.6950354609929078,0.29787234042553196,,,0.2695035460992908,,0.15602836879432624,,0.5106382978723404,,0.5815602836879433,0.2624113475177305,0.7730496453900709,,,0.9432624113475176,0.8652482269503546,,0.9148936170212766,,,0.1276595744680851,0.8368794326241135,,
2025-06-23 00:00:00+00:00,0.6950354609929077,0.05673758865248226,0.6099290780141844,0.3687943262411348,,0.4042553191489362,0.3262411347517731,0.3687943262411348,0.5815602836879433,0.4609929078014184,0.22695035460992907,,,0.9929078014184397,,0.6879432624113475,,0.8085106382978724,,0.5319148936170213,,,0.09929078014184395,,0.624113475177305,0.19858156028368792,0.028368794326241134,0.5744680851063829,0.4326241134751773,0.6453900709219859,0.5744680851063829,,0.3120567375886525,0.4326241134751773,,0.17021276595744683,,,,,,,,0.6808510638297872,0.4964539007092199,,0.7943262411347517,,0.9645390070921985,,0.8865248226950354,,0.29078014184397166,0.5957446808510638,,0.5460992907801417,0.75177304964539,0.7446808510638299,0.24822695035460995,,,0.3333333333333333,,0.1702127659574468,,0.2553191489361702,,0.5957446808510638,0.20567375886524822,0.7943262411347517,,,0.9574468085106383,0.8581560283687942,,0.9432624113475178,,,0.07092198581560283,0.6028368794326241,,
2025-06-24 00:00:00+00:00,0.7234042553191489,0.05673758865248227,0.5673758865248227,0.6666666666666666,,0.28368794326241137,0.3262411347517731,0.2056737588652482,0.6099290780141844,0.7588652482269503,0.2198581560283688,,,0.9858156028368795,,0.75177304964539,,0.8014184397163119,,0.3262411347517731,,,0.0425531914893617,,0.3546099290780142,0.19148936170212763,0.035460992907801414,0.6666666666666666,0.4326241134751773,0.6808510638297872,0.5460992907801419,,0.2624113475177305,0.375886524822695,,0.1843971631205674,,,,,,,,0.425531914893617,0.5602836879432624,,0.7730496453900709,,0.9432624113475176,,0.851063829787234,,0.3120567375886525,0.7304964539007092,,0.524822695035461,0.48226950354609927,0.5390070921985816,0.28368794326241137,,,0.5035460992907802,,0.41843971631205673,,0.45390070921985815,,0.6312056737588653,0.45390070921985815,0.7659574468085107,,,0.9148936170212766,0.8368794326241135,,0.7872340425531915,,,0.1347517730496454,0.6170212765957447,,
2025-06-25 00:00:00+00:00,0.7375886524822696,0.06382978723404255,0.5531914893617021,0.702127659574468,,0.4326241134751773,0.9432624113475178,0.05673758865248227,0.6099290780141845,0.6099290780141845,0.19148936170212763,,,0.7446808510638299,,0.6453900709219859,,0.8652482269503546,,0.5886524822695035,,,0.09219858156028367,,0.20567375886524822,0.19858156028368792,0.0425531914893617,0.5460992907801419,0.2907801418439716,0.6382978723404256,0.524822695035461,,0.2553191489361702,0.48226950354609927,,0.3333333333333333,,,,,,,,0.3191489361702128,0.7588652482269503,,0.6879432624113475,,0.6595744680851063,,0.6950354609929078,,0.5531914893617021,0.7730496453900709,,0.4326241134751773,0.524822695035461,0.5177304964539007,0.3546099290780142,,,0.4042553191489362,,0.46808510638297873,,0.45390070921985815,,0.7092198581560284,0.43971631205673756,0.6099290780141845,,,0.7730496453900709,0.7801418439716312,,0.6666666666666666,,,0.23404255319148937,0.8297872340425533,,
2025-06-26 00:00:00+00:00,0.7304964539007092,0.04964539007092198,0.3333333333333333,0.6595744680851063,,0.3687943262411348,0.9361702127659575,0.07801418439716311,0.6382978723404255,0.5673758865248226,0.2553191489361702,,,0.9858156028368795,,0.8297872340425533,,0.9148936170212766,,0.5886524822695035,,,0.31205673758865243,,0.07801418439716312,0.2695035460992908,0.05673758865248226,0.5460992907801419,0.34751773049645385,0.6453900709219859,0.5177304964539008,,0.28368794326241137,0.4042553191489362,,0.1914893617021277,,,,,,,,0.3049645390070922,0.7092198581560284,,0.7092198581560284,,0.6879432624113475,,0.7304964539007092,,0.524822695035461,0.6312056737588653,,0.36170212765957444,0.46808510638297873,0.5531914893617021,0.18439716312056734,,,0.3191489361702127,,0.5602836879432623,,0.5106382978723404,,0.7588652482269503,0.47517730496453897,0.5390070921985816,,,0.7801418439716312,0.8865248226950354,,0.702127659574468,,,0.14893617021276595,0.8652482269503546,,
2025-06-27 00:00:00+00:00,0.6879432624113475,0.035460992907801414,0.24113475177304966,0.7163120567375887,,0.3900709219858156,0.9574468085106383,0.07092198581560283,0.6737588652482268,0.5744680851063829,0.2978723404255319,,,0.9361702127659575,,0.8368794326241135,,0.9645390070921986,,0.6950354609929077,,,0.2127659574468085,,0.0851063829787234,0.2127659574468085,0.09929078014184396,0.5106382978723404,0.36170212765957444,0.652482269503546,0.6170212765957447,,0.2765957446808511,0.45390070921985815,,0.2765957446808511,,,,,,,,0.3546099290780142,0.7375886524822696,,0.8156028368794326,,0.7092198581560284,,0.7588652482269503,,0.425531914893617,0.6170212765957447,,0.5390070921985816,0.5673758865248226,0.5531914893617021,0.1631205673758865,,,0.2695035460992908,,0.48936170212765956,,0.375886524822695,,0.7943262411347517,0.2624113475177305,0.5815602836879433,,,0.7446808510638299,0.8652482269503546,,0.6737588652482268,,,0.10638297872340426,0.7588652482269503,,
2025-06-28 00:00:00+00:00,0.702127659574468,0.07801418439716312,0.28368794326241137,0.7304964539007092,,0.41843971631205673,0.9503546099290779,0.07092198581560283,0.6453900709219859,0.49645390070921985,0.3900709219858156,,,0.9858156028368795,,0.7872340425531915,,0.9361702127659575,,0.6879432624113475,,,0.09929078014184395,,0.07801418439716311,0.24822695035460995,0.1276595744680851,0.624113475177305,0.39716312056737585,0.6950354609929078,0.6595744680851064,,0.2553191489361702,0.4326241134751773,,0.2624113475177305,,,,,,,,0.3546099290780142,0.7943262411347517,,0.8156028368794326,,0.5957446808510638,,0.5957446808510639,,0.624113475177305,0.5460992907801419,,0.4326241134751772,0.375886524822695,0.49645390070921985,0.1276595744680851,,,0.19858156028368792,,0.42553191489361697,,0.673758865248227,,0.8014184397163121,0.48936170212765956,0.524822695035461,,,0.5957446808510638,0.8652482269503546,,0.6170212765957447,,,0.1702127659574468,0.8368794326241135,,
2025-06-29 00:00:00+00:00,0.75177304964539,0.0921985815602837,0.2127659574468085,0.702127659574468,,0.4113475177304964,0.9503546099290779,0.0851063829787234,0.6453900709219859,0.5531914893617021,0.425531914893617,,,0.8156028368794326,,0.7801418439716312,,0.9361702127659575,,0.702127659574468,,,0.1276595744680851,,0.07092198581560283,0.2765957446808511,0.1276595744680851,0.6950354609929078,0.3404255319148936,0.5744680851063829,0.673758865248227,,0.3120567375886525,0.5886524822695036,,0.3404255319148936,,,,,,,,0.39716312056737585,0.8297872340425533,,0.8297872340425531,,0.6028368794326241,,0.3404255319148936,,0.5957446808510638,0.6595744680851064,,0.4468085106382979,0.3191489361702127,0.4964539007092199,0.1843971631205674,,,0.20567375886524822,,0.4468085106382978,,0.8865248226950354,,0.8085106382978724,0.5602836879432624,0.6170212765957447,,,0.1914893617021277,0.6808510638297872,,0.7234042553191489,,,0.1276595744680851,0.8581560283687942,,
2025-06-30 00:00:00+00:00,0.7872340425531915,0.07801418439716312,0.2127659574468085,0.702127659574468,,0.4326241134751774,0.9148936170212766,0.1773049645390071,0.9361702127659575,0.6879432624113475,0.3546099290780142,,,0.7659574468085107,,0.7163120567375887,,0.8794326241134752,,0.8156028368794326,,,0.09219858156028367,,0.06382978723404255,0.2695035460992908,0.2765957446808511,0.8226950354609929,0.28368794326241137,0.673758865248227,0.5106382978723404,,0.5106382978723404,0.5815602836879433,,0.5319148936170213,,,,,,,,0.3333333333333333,0.7659574468085105,,0.7375886524822696,,0.5957446808510638,,0.1702127659574468,,0.5673758865248226,0.5886524822695036,,0.7092198581560284,0.48936170212765956,0.5106382978723404,0.29078014184397166,,,0.1702127659574468,,0.41843971631205673,,0.652482269503546,,0.7730496453900709,0.3900709219858156,0.5460992907801419,,,0.19858156028368792,0.6170212765957447,,0.6170212765957447,,,0.09929078014184396,0.6808510638297873,,
2025-07-01 00:00:00+00:00,0.851063829787234,0.11347517730496454,,0.7730496453900709,,,0.9219858156028368,0.22695035460992907,0.9148936170212766,0.5531914893617021,0.29787234042553196,,,0.9929078014184397,,0.851063829787234,,0.8156028368794326,,0.7801418439716311,,0.3546099290780142,0.10638297872340424,,0.06382978723404255,0.3404255319148936,0.14184397163120568,0.75177304964539,0.3475177304964539,0.5957446808510638,0.6453900709219859,,0.39007092198581556,0.5390070921985816,,0.4326241134751773,,,0.41843971631205673,,,,,0.48226950354609927,0.7021276595744682,0.41843971631205673,0.673758865248227,,0.375886524822695,,0.20567375886524822,,0.4326241134751773,,,0.5602836879432624,0.425531914893617,0.5035460992907801,0.2836879432624113,,,0.1631205673758865,,0.3049645390070922,,0.8652482269503546,,0.6950354609929078,0.3120567375886525,0.47517730496453897,,,0.3120567375886525,0.9290780141843972,,0.7446808510638299,,,0.09219858156028367,0.8226950354609929,,
2025-07-02 00:00:00+00:00,0.8014184397163121,0.07092198581560283,,0.5319148936170213,,,0.6099290780141843,0.4609929078014185,0.921985815602837,0.5815602836879433,0.19858156028368792,,,1.0,,0.8226950354609929,,0.8723404255319149,,0.8439716312056738,,0.41134751773049644,0.07801418439716312,,0.07092198581560283,0.24822695035460993,0.14893617021276595,0.7304964539007092,0.3191489361702127,0.5957446808510638,0.6524822695035462,,0.3546099290780142,0.5815602836879433,,0.326241134751773,,,0.48936170212765956,,,,,0.5106382978723404,0.673758865248227,0.6808510638297873,0.6808510638297873,,0.3404255319148936,,0.29787234042553185,,0.41134751773049644,,,0.5531914893617021,0.4042553191489362,0.46808510638297873,0.29078014184397166,,,0.15602836879432624,,0.3687943262411348,,0.8085106382978724,,0.7092198581560284,0.4893617021276595,0.49645390070921985,,,0.425531914893617,0.9787234042553191,,0.6382978723404255,,,0.04964539007092198,0.8439716312056738,,
2025-07-03 00:00:00+00:00,0.8226950354609929,0.2269503546099291,,0.5319148936170213,,,0.5390070921985816,0.4964539007092199,0.8865248226950354,0.6453900709219859,0.47517730496453897,,,0.9432624113475176,,0.7730496453900709,,0.75177304964539,,0.8226950354609929,,0.326241134751773,0.04964539007092198,,0.07801418439716312,0.2553191489361702,0.36170212765957444,0.8226950354609929,0.3262411347517731,0.6595744680851063,0.7588652482269503,,0.4397163120567376,0.6382978723404255,,0.5390070921985816,,,0.524822695035461,,,,,0.5177304964539008,0.5531914893617021,0.4468085106382979,0.6382978723404256,,0.2765957446808511,,0.12056737588652483,,0.41843971631205673,,,0.3546099290780142,0.7163120567375886,0.5744680851063829,0.3333333333333333,,,0.23404255319148937,,0.2978723404255319,,0.7588652482269503,,0.5957446808510638,0.48936170212765956,0.47517730496453897,,,0.2695035460992908,0.9787234042553191,,0.5106382978723404,,,0.07801418439716312,0.6666666666666666,,
2025-07-04 00:00:00+00:00,0.8723404255319148,0.4042553191489362,,0.5673758865248227,,,0.5035460992907801,0.46808510638297873,0.7872340425531915,0.6382978723404255,0.39716312056737585,,,0.47517730496453897,,0.8368794326241135,,0.7588652482269503,,0.6879432624113475,,0.2695035460992908,0.05673758865248227,,0.09929078014184396,0.3829787234042554,0.3333333333333333,0.851063829787234,0.2765957446808511,0.5177304964539008,0.6879432624113475,,0.5602836879432624,0.7304964539007092,,0.5602836879432623,,,0.36170212765957444,,,,,0.46808510638297873,0.5531914893617021,0.3687943262411348,0.7659574468085107,,0.3049645390070922,,0.09929078014184395,,0.6028368794326241,,,0.3829787234042554,0.6808510638297872,0.39716312056737585,0.3191489361702128,,,0.425531914893617,,0.43971631205673756,,0.7730496453900709,,0.46808510638297873,0.7801418439716312,0.41843971631205673,,,0.23404255319148937,0.9787234042553191,,0.45390070921985815,,,0.14184397163120568,0.8581560283687942,,
2025-07-05 00:00:00+00:00,0.7943262411347517,0.41134751773049644,,0.48936170212765956,,,0.4468085106382979,0.48936170212765956,0.8226950354609929,0.6099290780141844,0.5177304964539008,,,0.5815602836879433,,0.7943262411347517,,0.8581560283687942,,0.6382978723404255,,0.2553191489361702,0.07801418439716312,,0.11347517730496454,0.3900709219858156,0.20567375886524822,0.9148936170212766,0.2695035460992908,0.5106382978723404,0.8156028368794326,,0.48226950354609927,0.7375886524822696,,0.46808510638297873,,,0.34042553191489366,,,,,0.46808510638297873,0.6666666666666666,0.2624113475177305,0.851063829787234,,0.2765957446808511,,0.1276595744680851,,0.5035460992907801,,,0.3049645390070922,0.5531914893617021,0.48936170212765956,0.425531914893617,,,0.3191489361702127,,0.4397163120567376,,0.851063829787234,,0.4326241134751773,0.75177304964539,0.43971631205673756,,,0.1276595744680851,0.9787234042553191,,0.5177304964539008,,,0.24113475177304963,0.9361702127659575,,
2025-07-06 00:00:00+00:00,0.9503546099290782,0.425531914893617,,0.48936170212765956,,,0.3546099290780142,0.39716312056737585,0.8723404255319149,0.5744680851063829,0.4964539007092199,,,0.6382978723404255,,0.9148936170212766,,0.9078014184397163,,0.5035460992907801,,0.2269503546099291,0.06382978723404255,,0.07092198581560283,0.5390070921985816,0.1843971631205674,0.8297872340425533,0.30496453900709225,0.6099290780141844,0.8794326241134751,,0.34042553191489366,0.6595744680851063,,0.375886524822695,,,0.3120567375886525,,,,,0.49645390070921985,0.6382978723404255,0.5886524822695035,0.8865248226950354,,0.2624113475177305,,0.11347517730496454,,0.5035460992907801,,,0.23404255319148937,0.5815602836879433,0.375886524822695,0.39716312056737585,,,0.3546099290780142,,0.41134751773049644,,0.5815602836879433,,0.39716312056737585,0.7659574468085107,0.43971631205673756,,,0.2624113475177305,0.8652482269503546,,0.7872340425531915,,,0.2695035460992908,0.8652482269503546,,
2025-07-07 00:00:00+00:00,0.9290780141843973,0.41843971631205673,,0.3475177304964539,,,0.39716312056737585,0.2127659574468085,0.5460992907801419,0.5106382978723404,0.4397163120567376,,,0.5957446808510638,,0.9432624113475176,,0.900709219858156,,0.4822695035460993,,0.1914893617021277,0.07092198581560284,,0.07092198581560283,0.6666666666666666,0.1843971631205674,0.7163120567375887,0.375886524822695,0.624113475177305,0.8723404255319149,,0.41134751773049644,0.9148936170212766,,0.39716312056737585,,,0.3546099290780142,,,,,0.5106382978723404,0.7092198581560284,0.2765957446808511,0.6950354609929078,,0.2836879432624113,,0.1702127659574468,,0.5106382978723404,,,0.21985815602836878,0.5319148936170213,0.43971631205673756,0.3900709219858156,,,0.3687943262411348,,0.5957446808510638,,0.7801418439716312,,0.6099290780141844,0.5886524822695035,0.41134751773049644,,,0.1276595744680851,0.9361702127659575,,0.7163120567375887,,,0.6453900709219859,0.9078014184397163,,
2025-07-08 00:00:00+00:00,0.9290780141843972,0.425531914893617,,0.29078014184397166,,,0.43971631205673756,0.19148936170212763,0.5531914893617021,0.4042553191489362,0.36170212765957444,,,0.723404255319149,,0.8865248226950354,,0.8936170212765958,,0.45390070921985815,,0.21985815602836878,0.05673758865248227,,0.10638297872340424,0.5957446808510638,0.2624113475177305,0.7092198581560284,0.3333333333333333,0.6666666666666666,0.8865248226950354,,0.4326241134751772,0.9148936170212766,,0.41134751773049644,,,0.2765957446808511,,,,,0.4609929078014184,0.7234042553191489,0.2624113475177305,0.6028368794326241,,0.30496453900709225,,0.24822695035460993,,0.5460992907801417,,,0.3191489361702127,0.5460992907801417,0.48936170212765956,0.46808510638297873,,,0.34042553191489366,,0.524822695035461,,0.5531914893617021,,0.5957446808510638,0.5602836879432623,0.45390070921985815,,,0.2198581560283688,0.9432624113475176,,0.8439716312056738,,,0.6666666666666666,0.900709219858156,,
2025-07-09 00:00:00+00:00,0.9290780141843972,0.4397163120567376,,0.3546099290780142,,,0.23404255319148937,0.29078014184397166,0.5106382978723404,0.5319148936170213,0.4113475177304964,,,0.6808510638297873,,0.75177304964539,,0.7872340425531914,,0.43971631205673756,,0.1631205673758865,0.06382978723404255,,0.0851063829787234,0.6170212765957447,0.2907801418439716,0.6453900709219859,0.3333333333333333,0.6737588652482268,0.8865248226950354,,0.39716312056737585,0.9574468085106383,,0.39007092198581556,,,0.19858156028368792,,,,,0.2978723404255319,0.75177304964539,0.23404255319148937,0.7659574468085107,,0.921985815602837,,0.14893617021276595,,0.6170212765957447,,,0.2695035460992908,0.47517730496453897,0.3900709219858156,0.4822695035460993,,,0.375886524822695,,0.5460992907801417,,0.5460992907801417,,0.4042553191489362,0.48936170212765956,0.5319148936170213,,,0.3191489361702128,0.8439716312056738,,0.8297872340425533,,,0.8014184397163121,0.8936170212765958,,
2025-07-10 00:00:00+00:00,0.9078014184397163,0.5886524822695035,,0.5390070921985816,,,0.20567375886524822,0.4751773049645391,0.4326241134751772,0.48936170212765956,0.5319148936170213,,,0.4468085106382979,,0.6382978723404255,,0.6808510638297873,,0.3900709219858156,,0.2765957446808511,0.02127659574468085,,0.2765957446808511,0.6170212765957447,0.21985815602836878,0.6808510638297872,0.425531914893617,0.6524822695035462,0.9078014184397163,,0.34751773049645385,0.8865248226950356,,0.4609929078014185,,,0.1773049645390071,,,,,0.43971631205673756,0.5744680851063829,0.19148936170212763,0.7163120567375887,,0.9787234042553191,,0.09929078014184396,,0.39716312056737585,,,0.2765957446808511,0.5673758865248227,0.326241134751773,0.6312056737588652,,,0.5106382978723404,,0.49645390070921985,,0.5177304964539008,,0.2978723404255319,0.4751773049645391,0.5177304964539008,,,0.2978723404255319,0.75177304964539,,0.7659574468085107,,,0.9645390070921985,0.9290780141843972,,
2025-07-11 00:00:00+00:00,0.5886524822695036,0.6312056737588653,,0.723404255319149,,,0.15602836879432624,0.5531914893617021,0.5035460992907801,0.6312056737588653,0.46808510638297873,,,0.3900709219858156,,0.5744680851063829,,0.7730496453900709,,0.8439716312056738,,0.19148936170212763,0.03546099290780142,,0.2978723404255319,0.6879432624113475,0.31205673758865243,0.5957446808510639,0.43971631205673756,0.48936170212765956,0.9148936170212766,,0.2765957446808511,0.9148936170212766,,0.5319148936170213,,,0.1843971631205674,,,,,0.2127659574468085,0.5390070921985816,0.12056737588652482,0.5106382978723404,,0.7872340425531915,,0.09929078014184396,,0.3404255319148936,,,0.3120567375886525,0.7730496453900709,0.5957446808510639,0.75177304964539,,,0.5744680851063829,,0.7092198581560284,,0.43971631205673756,,0.3687943262411347,0.6950354609929078,0.425531914893617,,,0.15602836879432624,0.5319148936170213,,0.39716312056737585,,,0.9716312056737588,0.9787234042553191,,
2025-07-12 00:00:00+00:00,0.21985815602836878,0.8085106382978724,,0.8297872340425533,,,0.1276595744680851,0.6170212765957447,0.5886524822695036,0.6170212765957447,0.39716312056737585,,,0.41843971631205673,,0.6453900709219859,,0.8510638297872339,,0.9361702127659575,,0.05673758865248227,0.0921985815602837,,0.624113475177305,0.8226950354609929,0.36170212765957444,0.5957446808510638,0.4326241134751773,0.4113475177304964,0.8439716312056738,,0.28368794326241137,0.673758865248227,,0.5886524822695035,,,0.16312056737588654,,,,,0.19148936170212763,0.5602836879432624,0.07092198581560284,0.4751773049645391,,0.624113475177305,,0.11347517730496452,,0.3120567375886525,,,0.3900709219858156,0.6453900709219859,0.45390070921985815,0.6950354609929077,,,0.5531914893617021,,0.6666666666666666,,0.3120567375886525,,0.4042553191489362,0.40425531914893614,0.41134751773049644,,,0.1843971631205674,0.8794326241134751,,0.6808510638297873,,,0.9858156028368795,0.9787234042553191,,
2025-07-13 00:00:00+00:00,0.2978723404255319,0.8085106382978724,,0.8865248226950354,,,0.11347517730496454,0.5531914893617021,0.5886524822695035,0.6312056737588653,0.4751773049645391,,,0.3404255319148936,,0.6170212765957447,,0.8865248226950354,,0.9148936170212766,,0.10638297872340424,0.10638297872340426,,0.5957446808510638,0.7659574468085107,0.45390070921985815,0.5886524822695036,0.5106382978723404,0.4964539007092199,0.8368794326241135,,0.2695035460992908,0.7375886524822696,,0.5106382978723404,,,0.2127659574468085,,,,,0.15602836879432624,0.5035460992907801,0.07092198581560283,0.39716312056737585,,0.6808510638297872,,0.1347517730496454,,0.3333333333333333,,,0.3900709219858156,0.6382978723404256,0.4468085106382979,0.652482269503546,,,0.6595744680851064,,0.6595744680851063,,0.2765957446808511,,0.4609929078014184,0.39716312056737585,0.3900709219858156,,,0.1347517730496454,0.9432624113475178,,0.4042553191489362,,,0.9929078014184397,0.9716312056737588,,
2025-07-14 00:00:00+00:00,0.19858156028368792,0.8439716312056738,,0.9503546099290779,,,0.1702127659574468,0.6666666666666666,0.48226950354609927,0.6382978723404256,0.5531914893617021,,,0.29078014184397166,,0.6099290780141843,,0.8652482269503546,,0.9078014184397163,,0.10638297872340424,0.1631205673758865,,0.652482269503546,0.6099290780141844,0.5106382978723405,0.45390070921985815,0.5390070921985816,0.47517730496453897,0.8226950354609928,,0.2269503546099291,0.48226950354609927,,0.5319148936170213,,,0.2553191489361702,,,,,0.1843971631205674,0.7588652482269503,0.0425531914893617,0.5035460992907801,,0.6950354609929078,,0.1843971631205674,,0.4326241134751773,,,0.34042553191489366,0.5319148936170213,0.2978723404255319,0.48936170212765956,,,0.8297872340425533,,0.5744680851063829,,0.2127659574468085,,0.6879432624113475,0.5460992907801419,0.40425531914893614,,,0.11347517730496454,0.8936170212765958,,0.2978723404255319,,,1.0,0.9716312056737588,,
2025-07-15 00:00:00+00:00,0.326241134751773,0.8297872340425533,,0.9645390070921986,,,0.1347517730496454,0.6453900709219859,0.3829787234042554,0.34751773049645385,0.6099290780141844,,,0.2765957446808511,,0.4468085106382979,,0.8865248226950354,,0.8936170212765958,,0.2624113475177305,0.19858156028368792,,0.8439716312056738,0.5815602836879432,0.4326241134751774,0.39716312056737585,0.6099290780141843,0.46808510638297873,0.8085106382978724,,0.23404255319148937,0.4539007092198582,,0.43971631205673756,,,0.1843971631205674,,,,,0.28368794326241137,0.75177304964539,0.0851063829787234,0.6170212765957447,,0.624113475177305,,0.16312056737588654,,0.5106382978723404,,,0.2907801418439716,0.3687943262411347,0.2127659574468085,0.4609929078014185,,,0.75177304964539,,0.5035460992907802,,0.23404255319148937,,0.7375886524822696,0.8226950354609929,0.41843971631205673,,,0.0851063829787234,0.7659574468085107,,0.6808510638297873,,,1.0,0.9716312056737588,,
2025-07-16 00:00:00+00:00,0.3333333333333333,0.7872340425531915,,0.9716312056737588,,,0.15602836879432624,0.7943262411347517,0.5744680851063829,0.3333333333333333,0.6879432624113475,,,0.09929078014184396,,0.3617021276595745,,0.7446808510638299,,0.8723404255319148,,0.24113475177304963,0.11347517730496454,,0.8865248226950356,0.49645390070921985,0.43971631205673756,0.524822695035461,0.7021276595744682,0.49645390070921985,0.8581560283687942,,0.2695035460992908,0.39716312056737585,,0.524822695035461,,,0.2624113475177305,,,,,0.4326241134751773,0.6595744680851063,0.0851063829787234,0.5177304964539007,,0.30496453900709225,,0.1773049645390071,,0.4822695035460993,,,0.48936170212765956,0.4468085106382979,0.2624113475177305,0.5319148936170213,,,0.7588652482269502,,0.5531914893617021,,0.11347517730496454,,0.6950354609929078,0.8581560283687942,0.39716312056737585,,,0.1276595744680851,0.5531914893617021,,0.6666666666666666,,,1.0,0.9574468085106383,,
2025-07-17 00:00:00+00:00,0.2553191489361702,0.7943262411347517,,0.9432624113475178,,,0.16312056737588654,0.7588652482269503,0.6099290780141843,0.3262411347517731,0.5957446808510638,,,0.09929078014184396,,0.6737588652482268,,0.6808510638297872,,0.7659574468085105,,0.10638297872340424,0.10638297872340426,,0.9574468085106383,0.7163120567375887,0.38297872340425526,0.48226950354609927,0.8794326241134751,0.5886524822695036,0.9078014184397163,,0.1347517730496454,0.8368794326241135,,0.47517730496453897,,,0.1347517730496454,,,,,0.3687943262411348,0.75177304964539,0.1347517730496454,0.48936170212765956,,0.14184397163120568,,0.15602836879432622,,0.47517730496453897,,,0.43971631205673756,0.3262411347517731,0.24822695035460995,0.6382978723404255,,,0.6170212765957447,,0.7163120567375887,,0.3900709219858156,,0.5390070921985816,0.6737588652482268,0.3333333333333333,,,0.14184397163120568,0.851063829787234,,0.23404255319148937,,,0.9858156028368793,0.9716312056737589,,
2025-07-18 00:00:00+00:00,0.2127659574468085,0.851063829787234,,0.9432624113475178,,,0.24113475177304963,0.673758865248227,0.5673758865248227,0.36170212765957444,0.7304964539007092,,,0.05673758865248227,,0.6879432624113475,,0.5531914893617021,,0.624113475177305,,0.14893617021276595,0.15602836879432624,,0.9645390070921985,0.6737588652482268,0.4397163120567376,0.425531914893617,0.8581560283687942,0.6595744680851063,0.8865248226950354,,0.18439716312056734,0.8014184397163121,,0.43971631205673756,,,0.2624113475177305,,,,,0.6808510638297872,0.851063829787234,0.19148936170212763,0.6453900709219859,,0.09929078014184396,,0.11347517730496454,,0.5319148936170213,,,0.375886524822695,0.24822695035460995,0.1773049645390071,0.41843971631205673,,,0.6028368794326241,,0.5886524822695035,,0.39716312056737585,,0.6737588652482268,0.5673758865248227,0.2978723404255319,,,0.0921985815602837,0.8794326241134751,,0.20567375886524822,,,0.9858156028368793,0.9716312056737589,,
2025-07-19 00:00:00+00:00,0.326241134751773,0.7872340425531915,,0.9148936170212766,,,0.19858156028368792,0.6382978723404255,0.5106382978723404,0.3120567375886525,0.6170212765957447,,,0.07801418439716312,,0.7446808510638298,,0.3262411347517731,,0.5319148936170213,,0.2978723404255319,0.03546099290780142,,0.9645390070921985,0.8014184397163121,0.40425531914893614,0.3191489361702127,0.7872340425531915,0.8936170212765958,0.9219858156028368,,0.23404255319148937,0.8156028368794326,,0.4042553191489362,,,0.1631205673758865,,,,,0.7021276595744682,0.8014184397163121,0.20567375886524822,0.5957446808510638,,0.1773049645390071,,0.2553191489361702,,0.48936170212765956,,,0.4751773049645391,0.2978723404255319,0.1773049645390071,0.2695035460992908,,,0.5744680851063829,,0.6099290780141844,,0.41843971631205673,,0.5673758865248227,0.28368794326241137,0.7234042553191489,,,0.07801418439716312,0.9219858156028368,,0.48936170212765956,,,0.8865248226950354,0.9716312056737589,,
2025-07-20 00:00:00+00:00,0.17021276595744683,0.7659574468085107,,0.8439716312056738,,,0.19858156028368792,0.5957446808510638,0.5106382978723404,0.39716312056737585,0.6879432624113475,,,0.05673758865248227,,0.6950354609929078,,0.2695035460992908,,0.5319148936170213,,0.2624113475177305,0.03546099290780142,,0.9574468085106383,0.8085106382978724,0.524822695035461,0.3617021276595745,0.8156028368794326,0.9361702127659575,0.9148936170212766,,0.2978723404255319,0.7730496453900709,,0.5177304964539006,,,0.21985815602836878,,,,,0.7730496453900709,0.8368794326241135,0.1631205673758865,0.8156028368794326,,0.0921985815602837,,0.4326241134751773,,0.5602836879432624,,,0.46808510638297873,0.3191489361702127,0.20567375886524822,0.2553191489361702,,,0.5531914893617021,,0.624113475177305,,0.3191489361702127,,0.524822695035461,0.24113475177304963,0.851063829787234,,,0.11347517730496454,0.5957446808510638,,0.4042553191489362,,,0.7588652482269503,0.9432624113475178,,
2025-07-21 00:00:00+00:00,0.1276595744680851,0.7943262411347517,,0.5319148936170213,,,0.0851063829787234,0.7659574468085105,0.5602836879432624,0.425531914893617,0.6950354609929078,,,0.1773049645390071,,0.7234042553191489,,0.1702127659574468,,0.6737588652482268,,0.3546099290780142,0.14184397163120566,,0.8794326241134751,0.9574468085106383,0.46808510638297873,0.5035460992907802,0.8297872340425533,0.9219858156028368,0.9645390070921985,,0.36170212765957444,0.5602836879432624,,0.48226950354609927,,,0.23404255319148937,,,,,0.8581560283687942,0.8652482269503546,0.24113475177304966,0.8439716312056738,,0.07092198581560284,,0.3120567375886525,,0.5744680851063829,,,0.4822695035460993,0.3404255319148936,0.2624113475177305,0.3120567375886525,,,0.4468085106382979,,0.6666666666666666,,0.39716312056737585,,0.41134751773049644,0.1914893617021277,0.75177304964539,,,0.20567375886524822,0.3049645390070922,,0.5390070921985815,,,0.624113475177305,0.9078014184397163,,
2025-07-22 00:00:00+00:00,0.1276595744680851,0.8794326241134751,,0.5390070921985816,,,0.11347517730496454,0.5673758865248227,0.524822695035461,0.425531914893617,0.6808510638297872,,,0.07801418439716312,,0.851063829787234,,0.1276595744680851,,0.5815602836879433,,0.21985815602836878,0.1773049645390071,,0.7375886524822696,0.9503546099290779,0.425531914893617,0.5319148936170213,0.7588652482269503,0.7730496453900709,0.9787234042553191,,0.2907801418439716,0.75177304964539,,0.49645390070921985,,,0.3049645390070922,,,,,0.9148936170212766,0.8865248226950354,0.20567375886524822,0.8085106382978724,,0.05673758865248227,,0.3546099290780142,,0.5602836879432624,,,0.5460992907801417,0.524822695035461,0.3049645390070922,0.30496453900709225,,,0.4609929078014184,,0.6312056737588653,,0.6382978723404255,,0.39716312056737585,0.1773049645390071,0.8581560283687942,,,0.2765957446808511,0.23404255319148937,,0.47517730496453897,,,0.6028368794326241,0.8865248226950354,,
2025-07-23 00:00:00+00:00,0.0921985815602837,0.8865248226950354,,0.4609929078014185,,,0.1773049645390071,0.4326241134751773,0.41843971631205673,0.3546099290780142,0.7234042553191489,,,0.15602836879432622,,0.9574468085106383,,0.24822695035460993,,0.30496453900709214,,0.23404255319148934,0.21985815602836878,,0.7730496453900709,0.9078014184397163,0.5744680851063829,0.2836879432624113,0.7943262411347517,0.8014184397163121,0.9078014184397163,,0.46808510638297873,0.7304964539007092,,0.5177304964539006,,,0.3687943262411347,,,,,0.9148936170212766,0.8723404255319149,0.2127659574468085,0.8368794326241135,,0.03546099290780142,,0.3404255319148936,,0.5957446808510638,,,0.48226950354609927,0.4042553191489362,0.17021276595744683,0.3333333333333333,,,0.375886524822695,,0.6453900709219859,,0.8085106382978724,,0.5886524822695035,0.20567375886524822,0.7304964539007092,,,0.15602836879432624,0.48226950354609927,,0.5319148936170213,,,0.5744680851063829,0.9078014184397163,,
2025-07-24 00:00:00+00:00,0.0851063829787234,0.8226950354609929,,0.48936170212765956,,,0.07092198581560283,0.5815602836879433,0.4751773049645391,0.30496453900709225,0.6879432624113475,,,0.3191489361702127,,0.9929078014184397,,0.5957446808510638,,0.6808510638297872,,0.24822695035460993,0.41134751773049644,,0.8226950354609929,0.7872340425531915,0.3900709219858156,0.3333333333333333,0.851063829787234,0.8014184397163121,0.9148936170212766,,0.29078014184397166,0.6666666666666666,,0.3687943262411348,,,0.28368794326241137,,,,,0.8794326241134751,0.9007092198581561,0.24822695035460993,0.8723404255319149,,0.0851063829787234,,0.3687943262411347,,0.5531914893617021,,,0.3191489361702128,0.41134751773049644,0.09929078014184396,0.23404255319148937,,,0.24822695035460995,,0.3049645390070922,,0.7163120567375886,,0.4042553191489362,0.3546099290780142,0.7801418439716312,,,0.14893617021276595,0.5957446808510638,,0.7304964539007092,,,0.6312056737588653,0.8368794326241135,,
2025-07-25 00:00:00+00:00,0.0851063829787234,0.7234042553191489,,0.425531914893617,,,0.0425531914893617,0.6312056737588653,0.5390070921985816,0.2695035460992908,0.6737588652482268,,,0.4609929078014184,,0.9858156028368793,,0.6099290780141843,,0.75177304964539,,0.21985815602836878,0.42553191489361697,,0.8014184397163121,0.75177304964539,0.3262411347517731,0.3049645390070922,0.8865248226950354,0.8226950354609928,0.9432624113475178,,0.2695035460992908,0.6099290780141845,,0.28368794326241137,,,0.29787234042553196,,,,,0.8156028368794326,0.8014184397163119,0.3120567375886525,0.900709219858156,,0.1347517730496454,,0.3829787234042554,,0.5106382978723404,,,0.4609929078014185,0.36170212765957444,0.11347517730496454,0.2978723404255319,,,0.2553191489361702,,0.3120567375886525,,0.6808510638297872,,0.2907801418439716,0.425531914893617,0.7446808510638299,,,0.21985815602836878,0.7801418439716311,,0.8014184397163121,,,0.6453900709219859,0.6099290780141845,,
2025-07-26 00:00:00+00:00,0.09929078014184396,0.723404255319149,,0.4468085106382979,,,0.028368794326241134,0.7375886524822693,0.49645390070921985,0.2695035460992908,0.75177304964539,,,0.5460992907801419,,0.9787234042553191,,0.39716312056737585,,0.7588652482269503,,0.1843971631205674,0.2907801418439716,,0.9432624113475176,0.6382978723404256,0.3546099290780142,0.39716312056737585,0.9148936170212766,0.702127659574468,0.9574468085106383,,0.24113475177304963,0.6524822695035462,,0.2695035460992908,,,0.3829787234042554,,,,,0.8439716312056738,0.8581560283687942,0.2836879432624113,0.8936170212765958,,0.07092198581560283,,0.21985815602836878,,0.6099290780141845,,,0.4326241134751773,0.425531914893617,0.1276595744680851,0.3475177304964539,,,0.2978723404255319,,0.3475177304964539,,0.7446808510638298,,0.38297872340425526,0.6666666666666666,0.6950354609929077,,,0.24822695035460993,0.5319148936170213,,0.723404255319149,,,0.5957446808510638,0.48936170212765956,,
2025-07-27 00:00:00+00:00,0.09929078014184396,0.7092198581560284,,0.5815602836879433,,,0.0425531914893617,0.7092198581560284,0.5319148936170213,0.2695035460992908,0.8156028368794326,,,0.5531914893617021,,0.9787234042553191,,0.425531914893617,,0.7375886524822696,,0.2624113475177305,0.31205673758865243,,0.9716312056737588,0.5957446808510639,0.2907801418439716,0.2624113475177305,0.9432624113475178,0.5886524822695036,0.9290780141843972,,0.2978723404255319,0.5815602836879433,,0.24113475177304963,,,0.3687943262411348,,,,,0.7446808510638299,0.8156028368794326,0.28368794326241137,0.7872340425531915,,0.1631205673758865,,0.12056737588652482,,0.6382978723404256,,,0.425531914893617,0.46808510638297873,0.14184397163120568,0.2553191489361702,,,0.3900709219858156,,0.326241134751773,,0.7092198581560284,,0.3829787234042554,0.8156028368794326,0.5460992907801417,,,0.22695035460992907,0.8085106382978723,,0.7872340425531915,,,0.5744680851063829,0.48936170212765956,,
2025-07-28 00:00:00+00:00,0.14184397163120566,0.6595744680851063,,0.5460992907801419,,,0.06382978723404255,0.5106382978723404,0.48936170212765956,0.24113475177304963,0.851063829787234,,,0.6453900709219859,,0.9929078014184397,,0.49645390070921985,,0.5390070921985816,,0.3404255319148936,0.09219858156028367,,0.8936170212765958,0.4468085106382979,0.3191489361702128,0.3475177304964539,0.9645390070921986,0.6312056737588653,0.9290780141843972,,0.34751773049645385,0.624113475177305,,0.28368794326241137,,,0.3687943262411348,,,,,0.7588652482269503,0.8510638297872339,0.34042553191489366,0.7375886524822696,,0.1702127659574468,,0.1276595744680851,,0.673758865248227,,,0.4468085106382979,0.6453900709219859,0.2624113475177305,0.24113475177304963,,,0.2836879432624113,,0.22695035460992907,,0.7163120567375887,,0.4609929078014185,0.8085106382978724,0.6382978723404255,,,0.20567375886524827,0.7801418439716312,,0.7730496453900709,,,0.5177304964539007,0.5673758865248227,,
2025-07-29 00:00:00+00:00,0.1702127659574468,0.6099290780141844,,0.49645390070921985,,,0.05673758865248227,0.6099290780141843,0.5886524822695036,0.36170212765957444,0.8794326241134751,,,0.75177304964539,,0.9858156028368795,,0.5035460992907801,,0.7801418439716311,,0.2695035460992908,0.14184397163120568,,0.9574468085106383,0.48226950354609927,0.3120567375886525,0.2695035460992908,0.9290780141843972,0.6950354609929078,0.9503546099290779,,0.34042553191489366,0.5673758865248227,,0.2695035460992908,,,0.3687943262411348,,,,,0.7375886524822696,0.7375886524822696,0.2127659574468085,0.7163120567375887,,0.23404255319148937,,0.14184397163120566,,0.5177304964539008,,,0.6595744680851063,0.6241134751773049,0.22695035460992907,0.2765957446808511,,,0.2553191489361702,,0.2553191489361702,,0.6099290780141843,,0.3475177304964539,0.6028368794326241,0.5886524822695036,,,0.11347517730496454,0.9219858156028368,,0.7375886524822693,,,0.5602836879432624,0.5744680851063829,,
2025-07-30 00:00:00+00:00,0.20567375886524822,0.5744680851063829,,0.524822695035461,,,0.028368794326241134,0.6879432624113475,0.4751773049645391,0.41843971631205673,0.75177304964539,,,0.7659574468085107,,0.9645390070921986,,0.6382978723404255,,0.8865248226950354,,0.3829787234042554,0.2624113475177305,,0.9361702127659575,0.5177304964539008,0.24113475177304963,0.23404255319148937,0.8865248226950354,0.702127659574468,0.9574468085106383,,0.2765957446808511,0.5602836879432624,,0.2553191489361702,,,0.3120567375886525,,,,,0.6382978723404256,0.7163120567375886,0.10638297872340426,0.6666666666666666,,0.326241134751773,,0.20567375886524822,,0.5673758865248226,,,0.5815602836879433,0.5815602836879433,0.2765957446808511,0.1276595744680851,,,0.326241134751773,,0.21985815602836878,,0.5035460992907801,,0.3546099290780142,0.5390070921985816,0.6666666666666666,,,0.10638297872340424,0.9787234042553191,,0.7659574468085107,,,0.6595744680851063,0.6382978723404256,,
2025-07-31 00:00:00+00:00,0.1276595744680851,0.5815602836879433,,0.4751773049645391,,,0.10638297872340424,0.6808510638297872,0.46808510638297873,0.2127659574468085,0.6879432624113475,,,0.8226950354609929,,0.9432624113475176,,0.6595744680851063,,0.9361702127659575,,0.24822695035460995,0.19858156028368792,,0.9148936170212766,0.5035460992907801,0.1631205673758865,0.3191489361702127,0.851063829787234,0.652482269503546,0.9645390070921986,,0.30496453900709225,0.34042553191489366,,0.2624113475177305,,,0.48936170212765956,,,,,0.6312056737588653,0.7304964539007092,0.19148936170212763,0.8226950354609929,,0.4751773049645391,,0.16312056737588654,,0.5319148936170213,,,0.6666666666666666,0.574468085106383,0.3191489361702127,0.14184397163120568,,,0.39007092198581556,,0.1914893617021277,,0.425531914893617,,0.375886524822695,0.6453900709219859,0.6170212765957447,,,0.0921985815602837,0.9148936170212766,,0.8156028368794326,,,0.6453900709219859,0.723404255319149,,
2025-08-01 00:00:00+00:00,0.0625,0.5277777777777778,,0.513888888888889,0.041666666666666664,,0.15972222222222224,0.7222222222222223,0.4583333333333333,0.125,0.7013888888888888,,,0.7916666666666666,,0.9444444444444443,,0.5833333333333334,,0.951388888888889,,0.3819444444444444,,,0.8680555555555555,0.5763888888888888,0.2708333333333333,0.24305555555555558,0.8055555555555557,0.6388888888888888,0.9513888888888888,,0.2777777777777778,0.5972222222222222,,0.2708333333333333,,,0.4791666666666667,,,,,0.5,0.6666666666666666,0.1388888888888889,0.7152777777777778,,0.5138888888888888,,0.20833333333333334,,0.5208333333333334,,,0.6597222222222222,0.6527777777777778,0.4583333333333333,0.17361111111111108,,,0.40277777777777785,,0.20138888888888887,,0.5833333333333334,,0.27777777777777773,0.701388888888889,0.5972222222222222,,,0.1111111111111111,0.923611111111111,,0.75,,0.4583333333333333,0.701388888888889,0.6388888888888888,,
2025-08-02 00:00:00+00:00,0.048611111111111105,0.5625,,0.7013888888888888,0.03472222222222222,,0.18055555555555555,0.6805555555555555,0.3888888888888889,0.2152777777777778,0.6666666666666666,,,0.7708333333333334,,0.9097222222222222,,0.5486111111111112,,0.9375,,0.4166666666666667,,,0.8541666666666666,0.5555555555555557,0.23611111111111108,0.18055555555555558,0.7708333333333334,0.5069444444444445,0.8958333333333334,,0.14583333333333334,0.6736111111111112,,0.2986111111111111,,,0.34722222222222215,,,,,0.4791666666666667,0.6041666666666666,0.17361111111111113,0.875,,0.8055555555555555,,0.13194444444444445,,0.34722222222222215,,,0.6319444444444445,0.6527777777777778,0.4166666666666667,0.27777777777777773,,,0.3888888888888889,,0.1875,,0.47222222222222227,,0.2847222222222222,0.736111111111111,0.6458333333333334,,,0.0763888888888889,0.9513888888888888,,0.6944444444444445,,0.5138888888888888,0.8472222222222223,0.7777777777777777,,
2025-08-03 00:00:00+00:00,0.03472222222222222,0.576388888888889,,0.7430555555555555,0.05555555555555555,,0.13194444444444445,0.7152777777777778,0.375,0.16666666666666666,0.46527777777777785,,,0.7916666666666666,,0.798611111111111,,0.6041666666666666,,0.9583333333333334,,0.5833333333333334,,,0.8263888888888888,0.5416666666666666,0.20138888888888892,0.3263888888888889,0.5972222222222222,0.45138888888888884,0.875,,0.16666666666666666,0.7569444444444443,,0.3055555555555556,,,0.3680555555555555,,,,,0.5416666666666666,0.5277777777777778,0.3055555555555555,0.8819444444444443,,0.8541666666666666,,0.17361111111111113,,0.2638888888888889,,,0.6666666666666666,0.6666666666666666,0.4583333333333333,0.2986111111111111,,,0.34027777777777785,,0.20833333333333334,,0.47222222222222215,,0.3194444444444445,0.6180555555555555,0.5833333333333334,,,0.1111111111111111,0.9652777777777777,,0.701388888888889,,0.5625,0.8680555555555557,0.6944444444444445,,
2025-08-04 00:00:00+00:00,0.08333333333333333,0.701388888888889,,0.7708333333333334,0.06944444444444445,,0.1527777777777778,0.5902777777777778,0.4375,0.3680555555555556,0.4444444444444444,,,0.7430555555555557,,0.5902777777777778,,0.7083333333333334,,0.951388888888889,,0.4861111111111111,,,0.9236111111111112,0.5,0.22916666666666666,0.1875,0.6180555555555556,0.5555555555555556,0.8541666666666666,,0.16666666666666666,0.7708333333333334,,0.2916666666666667,,,0.4513888888888889,,,,,0.5625,0.5069444444444445,0.22916666666666663,0.8958333333333334,,0.8680555555555555,,0.22916666666666666,,0.34027777777777785,,,0.6805555555555555,0.5277777777777778,0.375,0.2708333333333333,,,0.3055555555555556,,0.2708333333333333,,0.48611111111111116,,0.20833333333333334,0.5625,0.6041666666666666,,,0.0625,0.9652777777777777,,0.6805555555555555,,0.5277777777777778,0.9027777777777778,0.7916666666666666,,
2025-08-05 00:00:00+00:00,0.06944444444444443,0.625,,0.7013888888888888,0.1111111111111111,,0.13888888888888887,0.6527777777777778,0.4930555555555555,0.1388888888888889,0.5277777777777778,,,0.7916666666666666,,0.5763888888888888,,0.5,,0.8958333333333334,,0.5833333333333334,,,0.8333333333333334,0.4930555555555556,0.2708333333333333,0.4166666666666667,0.7777777777777778,0.6944444444444445,0.9027777777777777,,0.19444444444444442,0.6805555555555555,,0.34722222222222227,,,0.4444444444444444,,,,,0.3819444444444445,0.6111111111111112,0.375,0.9444444444444443,,0.9583333333333334,,0.20138888888888892,,0.38888888888888884,,,0.625,0.4166666666666667,0.34027777777777773,0.17361111111111113,,,0.3263888888888889,,0.25,,0.34722222222222227,,0.22222222222222224,0.5625000000000001,0.6041666666666666,,,0.17361111111111113,0.9444444444444445,,0.7708333333333334,,0.375,0.8611111111111112,0.7847222222222223,,
2025-08-06 00:00:00+00:00,0.08333333333333333,0.5972222222222222,,0.7569444444444443,0.03472222222222222,,0.24305555555555555,0.6527777777777777,0.47222222222222215,0.24305555555555558,0.4930555555555555,,,0.8194444444444445,,0.5833333333333334,,0.5,,0.9236111111111112,,0.6527777777777778,,,0.8958333333333334,0.4444444444444445,0.3611111111111111,0.4930555555555556,0.7291666666666666,0.6666666666666666,0.875,,0.15972222222222224,0.6180555555555556,,0.3194444444444444,,,0.3819444444444444,,,,,0.4305555555555555,0.5833333333333334,0.36111111111111116,0.9513888888888888,,0.9444444444444443,,0.14583333333333334,,0.4444444444444445,,,0.6597222222222222,0.6041666666666667,0.2847222222222222,0.17361111111111108,,,0.3125,,0.22222222222222224,,0.23611111111111108,,0.19444444444444445,0.6180555555555556,0.5347222222222222,,,0.0625,0.9513888888888888,,0.7847222222222222,,0.34722222222222227,0.8680555555555557,0.7847222222222222,,
2025-08-07 00:00:00+00:00,0.2777777777777778,0.7083333333333334,,0.7291666666666666,0.15277777777777776,,0.125,0.5972222222222222,0.4791666666666667,0.5,0.6458333333333334,,,0.736111111111111,,0.6805555555555555,,0.3958333333333333,,0.9166666666666666,,0.6319444444444445,,,0.6597222222222222,0.4513888888888889,0.40277777777777773,0.6666666666666666,0.6111111111111112,0.576388888888889,0.8541666666666666,,0.31249999999999994,0.5902777777777778,,0.3055555555555556,,,0.25,,,,,0.47222222222222227,0.5416666666666666,0.31250000000000006,0.9583333333333334,,0.9097222222222223,,0.11111111111111112,,0.3611111111111111,,,0.6944444444444445,0.611111111111111,0.22916666666666666,0.19444444444444442,,,0.3333333333333333,,0.3333333333333333,,0.2569444444444444,,0.15972222222222224,0.6180555555555555,0.4583333333333333,,,0.048611111111111105,0.9652777777777778,,0.8055555555555555,,0.24305555555555555,0.8611111111111112,0.763888888888889,,
2025-08-08 00:00:00+00:00,0.5416666666666666,0.6875,,0.6805555555555555,0.23611111111111108,,0.13194444444444445,0.4444444444444445,0.47222222222222215,0.4236111111111111,0.5486111111111112,,,0.611111111111111,,0.5972222222222222,,0.513888888888889,,0.6111111111111112,,0.6875,,,0.5555555555555555,0.4791666666666667,0.46527777777777785,0.6249999999999999,0.611111111111111,0.5069444444444445,0.8958333333333334,,0.3125,0.3888888888888889,,0.40277777777777773,,,0.3055555555555555,,,,,0.7430555555555555,0.8333333333333334,0.3680555555555555,0.9583333333333334,,0.7569444444444443,,0.11805555555555554,,0.5069444444444444,,,0.736111111111111,0.5902777777777778,0.20138888888888887,0.13194444444444445,,,0.3125,,0.23611111111111113,,0.25,,0.2638888888888889,0.5486111111111112,0.5347222222222222,,,0.13888888888888887,0.9513888888888888,,0.8125,,0.1597222222222222,0.7708333333333334,0.8402777777777778,,
2025-08-09 00:00:00+00:00,0.4930555555555555,0.5625,,0.5277777777777778,0.34027777777777785,,0.36111111111111116,0.5694444444444445,0.6319444444444443,0.49999999999999994,0.611111111111111,,,0.5902777777777778,,0.6319444444444444,,0.40277777777777785,,0.5625,,0.6597222222222222,,,0.40972222222222215,0.576388888888889,0.5277777777777778,0.6875,0.6666666666666666,0.6597222222222222,0.9722222222222222,,0.3541666666666667,0.3194444444444445,,0.4444444444444444,,,0.3055555555555555,,,,,0.8333333333333334,0.9444444444444443,0.4444444444444444,0.951388888888889,,0.7430555555555555,,0.13194444444444445,,0.4583333333333333,,,0.7708333333333334,0.3680555555555555,0.13888888888888887,0.3333333333333333,,,0.3194444444444445,,0.3055555555555555,,0.3055555555555555,,0.11111111111111112,0.42361111111111116,0.34722222222222227,,,0.125,0.7708333333333334,,0.826388888888889,,0.14583333333333334,0.6875,0.6458333333333334,,
2025-08-10 00:00:00+00:00,0.6041666666666666,0.4583333333333333,,0.3888888888888889,0.4583333333333333,,0.3333333333333333,0.6597222222222222,0.7708333333333334,0.4305555555555555,0.4444444444444445,,,0.375,,0.5972222222222222,,0.1597222222222222,,0.5,,0.798611111111111,,,0.3611111111111111,0.6527777777777778,0.5277777777777778,0.7083333333333334,0.5972222222222222,0.75,0.9791666666666666,,0.3819444444444444,0.22916666666666666,,0.5625000000000001,,,0.47222222222222227,,,,,0.9513888888888888,0.9722222222222223,0.4861111111111111,0.6597222222222222,,0.8194444444444445,,0.2986111111111111,,0.5347222222222223,,,0.8055555555555557,0.4861111111111111,0.24305555555555555,0.4583333333333333,,,0.3194444444444444,,0.375,,0.34027777777777785,,0.10416666666666667,0.2708333333333333,0.4236111111111111,,,0.15277777777777776,0.6111111111111112,,0.7638888888888888,,0.11805555555555557,0.5694444444444445,0.5347222222222222,,
2025-08-11 00:00:00+00:00,0.6458333333333334,0.4444444444444444,,0.38888888888888884,0.5000000000000001,,0.3055555555555555,0.7222222222222223,0.7430555555555555,0.23611111111111113,0.3680555555555555,,,0.3333333333333333,,0.5138888888888888,,0.5833333333333334,,0.5486111111111112,,0.8541666666666666,,,0.5208333333333334,0.5625,0.40972222222222227,0.7152777777777777,0.6319444444444445,0.7430555555555555,0.9583333333333334,,0.3541666666666667,0.34027777777777785,,0.548611111111111,,,0.4305555555555556,,,,,0.986111111111111,0.9583333333333334,0.4166666666666667,0.7638888888888888,,0.8194444444444445,,0.2638888888888889,,0.3819444444444444,,,0.8125,0.3194444444444445,0.18055555555555558,0.3541666666666667,,,0.24305555555555555,,0.3541666666666667,,0.576388888888889,,0.13194444444444445,0.2569444444444444,0.5625,,,0.14583333333333334,0.6527777777777778,,0.7847222222222222,,0.16666666666666666,0.5208333333333334,0.4444444444444445,,
2025-08-12 00:00:00+00:00,0.6180555555555555,0.5416666666666666,,0.5,0.4930555555555556,,0.40277777777777773,0.6736111111111112,0.6736111111111112,0.4375,0.22916666666666666,,,0.5833333333333334,,0.7083333333333334,,0.701388888888889,,0.5069444444444444,,0.75,,,0.375,0.5902777777777778,0.4583333333333333,0.6944444444444445,0.6041666666666666,0.7708333333333334,0.9652777777777778,,0.24305555555555555,0.27777777777777773,,0.5347222222222222,,,0.3541666666666667,,,,,0.986111111111111,0.9513888888888888,0.2916666666666667,0.6319444444444445,,0.625,,0.2222222222222222,,0.34722222222222227,,,0.6805555555555555,0.2569444444444444,0.1388888888888889,0.2847222222222222,,,0.32638888888888884,,0.40972222222222227,,0.47222222222222215,,0.1597222222222222,0.3541666666666667,0.46527777777777785,,,0.09722222222222221,0.9166666666666666,,0.8680555555555555,,0.13194444444444445,0.6111111111111112,0.5833333333333334,,
2025-08-13 00:00:00+00:00,0.75,0.7013888888888888,,0.3055555555555555,0.4583333333333333,,0.3888888888888889,0.34722222222222227,0.7569444444444445,0.38888888888888884,0.40972222222222227,,,0.6805555555555555,,0.7986111111111112,,0.5972222222222222,,0.2708333333333333,,0.736111111111111,,,0.34027777777777773,0.5416666666666666,0.5902777777777778,0.7777777777777777,0.5277777777777778,0.7361111111111112,0.9652777777777778,,0.4236111111111111,0.22916666666666666,,0.5625,,,0.4513888888888889,,,,,0.9930555555555555,0.9652777777777778,0.3819444444444444,0.6527777777777778,,0.5902777777777778,,0.22916666666666666,,0.40277777777777785,,,0.6875,0.25,0.34722222222222227,0.5,,,0.31250000000000006,,0.375,,0.7152777777777778,,0.06944444444444445,0.2986111111111111,0.34722222222222215,,,0.27083333333333337,0.7013888888888888,,0.8472222222222222,,0.13888888888888887,0.31249999999999994,0.375,,
2025-08-14 00:00:00+00:00,0.6875,0.763888888888889,,0.23611111111111113,0.4791666666666667,,0.5208333333333334,0.5416666666666666,0.8888888888888888,0.48611111111111116,0.47222222222222227,,,0.3125,,0.7430555555555555,,0.673611111111111,,0.2222222222222222,,0.6180555555555556,,,0.34722222222222227,0.4861111111111111,0.5625,0.7916666666666666,0.3958333333333333,0.6458333333333334,0.9791666666666666,,0.4513888888888889,0.20138888888888887,,0.6458333333333334,,,0.5902777777777778,,,,,0.9930555555555555,0.9513888888888888,0.3125,0.625,,0.5277777777777778,,0.2916666666666667,,0.6041666666666666,,,0.8194444444444445,0.2847222222222222,0.3541666666666667,0.22916666666666666,,,0.3194444444444445,,0.3888888888888889,,0.7291666666666666,,0.16666666666666666,0.21527777777777776,0.4791666666666667,,,0.20833333333333334,0.8055555555555557,,0.8402777777777777,,0.17361111111111108,0.22916666666666666,0.20833333333333334,,
2025-08-15 00:00:00+00:00,0.6875,0.9236111111111112,,0.1875,0.39583333333333326,,0.5763888888888888,0.4930555555555556,0.8333333333333334,0.548611111111111,0.5486111111111112,,,0.6666666666666666,,0.875,,0.548611111111111,,0.3055555555555555,,0.5069444444444445,,,0.3333333333333333,0.5347222222222222,0.6041666666666666,0.7222222222222222,0.28472222222222227,0.6875,0.986111111111111,,0.40972222222222215,0.20138888888888892,,0.47222222222222227,,,0.46527777777777785,,,,,0.9791666666666666,0.9375,0.2916666666666667,0.6527777777777778,,0.7847222222222222,,0.2986111111111111,,0.6597222222222222,,,0.6805555555555555,0.16666666666666666,0.23611111111111108,0.1875,,,0.24999999999999997,,0.31249999999999994,,0.8125,,0.13888888888888887,0.2638888888888889,0.4791666666666667,,,0.11805555555555557,0.9236111111111112,,0.763888888888889,,0.20833333333333334,0.28472222222222227,0.2708333333333333,,
2025-08-16 00:00:00+00:00,0.6736111111111112,0.9652777777777777,,0.2569444444444444,0.2847222222222222,,0.5277777777777778,0.48611111111111116,0.8263888888888888,0.34722222222222227,0.6597222222222222,,,0.7847222222222222,,0.9097222222222222,,0.625,,0.3819444444444444,,0.4583333333333333,,,0.18055555555555555,0.6736111111111112,0.5069444444444444,0.7708333333333334,0.2916666666666667,0.6875,0.9722222222222223,,0.375,0.041666666666666664,,0.4583333333333333,,,0.5069444444444444,,,,,0.9722222222222222,0.9097222222222223,0.2638888888888889,0.625,,0.75,,0.3958333333333333,,0.6597222222222223,,,0.4930555555555555,0.20833333333333334,0.17361111111111113,0.08333333333333333,,,0.3541666666666667,,0.2777777777777778,,0.7916666666666666,,0.1875,0.3888888888888889,0.4791666666666667,,,0.1388888888888889,0.9444444444444443,,0.7361111111111112,,0.2569444444444444,0.4583333333333333,0.2986111111111111,,
2025-08-17 00:00:00+00:00,0.49999999999999994,0.9097222222222222,,0.34027777777777773,0.5694444444444445,,0.5347222222222222,0.375,0.8263888888888888,0.4166666666666667,0.7083333333333334,,,0.7569444444444445,,0.9583333333333334,,0.5833333333333334,,0.46527777777777785,,0.27777777777777773,,,0.09722222222222221,0.6666666666666666,0.3680555555555556,0.736111111111111,0.25,0.5347222222222222,0.9652777777777777,,0.375,0.09027777777777779,,0.513888888888889,,,0.36111111111111116,,,,,0.951388888888889,0.9027777777777778,0.576388888888889,0.7152777777777777,,0.6041666666666666,,0.375,,0.6180555555555557,,,0.40972222222222215,0.22222222222222224,0.25,0.11111111111111112,,,0.5208333333333334,,0.20833333333333334,,0.8402777777777778,,0.23611111111111113,0.47222222222222227,0.4444444444444445,,,0.15972222222222224,0.9027777777777778,,0.8472222222222223,,0.24305555555555555,0.3541666666666667,0.3541666666666667,,
2025-08-18 00:00:00+00:00,0.611111111111111,0.9583333333333334,,0.4236111111111111,0.5555555555555556,,0.5624999999999999,0.5,0.875,0.5555555555555556,0.798611111111111,,,0.6805555555555555,,0.9513888888888888,,0.40277777777777785,,0.4305555555555556,,0.2569444444444444,,,0.1111111111111111,0.7083333333333334,0.6319444444444445,0.7708333333333334,0.25,0.5069444444444445,0.9375,,0.4375,0.05555555555555555,,0.5347222222222222,,,0.4444444444444444,,,,,0.7430555555555555,0.9930555555555555,0.5208333333333334,0.625,,0.5833333333333334,,0.20833333333333334,,0.5486111111111112,,,0.5972222222222223,0.19444444444444445,0.2708333333333333,0.13194444444444445,,,0.5555555555555556,,0.2152777777777778,,0.8055555555555555,,0.18055555555555558,0.513888888888889,0.27777777777777773,,,0.19444444444444445,0.9097222222222222,,0.8055555555555557,,0.15972222222222224,0.2638888888888889,0.25,,
2025-08-19 00:00:00+00:00,0.6180555555555557,0.9375,,0.5694444444444445,0.5902777777777778,,0.5555555555555556,0.4305555555555555,0.888888888888889,0.5,0.7291666666666666,,,0.548611111111111,,0.9513888888888888,,0.4583333333333333,,0.46527777777777773,,0.2916666666666667,,,0.2569444444444444,0.6805555555555555,0.6319444444444444,0.7916666666666666,0.2152777777777778,0.3819444444444444,0.9027777777777777,,0.4930555555555555,0.09722222222222222,,0.5555555555555555,,,0.513888888888889,,,,,0.6111111111111112,0.9930555555555555,0.40277777777777773,0.4583333333333333,,0.40972222222222227,,0.25000000000000006,,0.5069444444444444,,,0.5208333333333334,0.24305555555555558,0.43750000000000006,0.18055555555555555,,,0.548611111111111,,0.3680555555555556,,0.8402777777777778,,0.20138888888888892,0.5347222222222222,0.2152777777777778,,,0.2708333333333333,0.9027777777777778,,0.5347222222222222,,0.2638888888888889,0.3680555555555556,0.3819444444444444,,
2025-08-20 00:00:00+00:00,0.5347222222222222,0.9236111111111112,,0.5069444444444445,0.6736111111111112,,0.40277777777777785,0.5069444444444444,0.9027777777777778,0.4305555555555555,0.7152777777777778,,,0.5069444444444444,,0.9583333333333334,,0.3125,,0.4305555555555556,,0.2638888888888889,,,0.2916666666666667,0.548611111111111,0.5069444444444444,0.8333333333333334,0.23611111111111108,0.3541666666666667,0.6944444444444443,,0.4791666666666667,0.2916666666666667,,0.5833333333333334,,,0.42361111111111116,,,,,0.7708333333333334,0.9791666666666666,0.45138888888888884,0.3125,,0.6458333333333334,,0.2777777777777778,,0.3680555555555555,,,0.7569444444444445,0.47222222222222215,0.5555555555555556,0.20138888888888887,,,0.5416666666666666,,0.27777777777777773,,0.8263888888888888,,0.1875,0.5625,0.27083333333333337,,,0.23611111111111113,0.923611111111111,,0.5625,,0.3680555555555556,0.3541666666666667,0.28472222222222227,,
2025-08-21 00:00:00+00:00,0.7361111111111112,0.888888888888889,,0.6388888888888888,0.5625000000000001,,0.40277777777777773,0.3680555555555556,0.8888888888888888,0.4791666666666666,0.6805555555555555,,,0.47222222222222215,,0.9652777777777778,,0.27777777777777773,,0.5138888888888888,,0.27777777777777773,,,0.34027777777777785,0.5972222222222222,0.5625,0.7013888888888888,0.23611111111111113,0.513888888888889,0.8125,,0.31249999999999994,0.18055555555555558,,0.5416666666666666,,,0.3125,,,,,0.8402777777777777,0.9930555555555555,0.4930555555555556,0.36111111111111116,,0.7569444444444445,,0.3541666666666667,,0.2847222222222222,,,0.5277777777777778,0.375,0.6944444444444443,0.19444444444444442,,,0.5069444444444444,,0.2638888888888889,,0.8125,,0.1388888888888889,0.4444444444444445,0.23611111111111113,,,0.4375,0.9236111111111112,,0.611111111111111,,0.34722222222222215,0.36111111111111116,0.27777777777777773,,
2025-08-22 00:00:00+00:00,0.7569444444444443,0.5763888888888888,,0.625,0.548611111111111,,0.4236111111111111,0.40277777777777773,0.8819444444444445,0.6458333333333334,0.6458333333333334,,,0.46527777777777785,,0.9375,,0.13888888888888887,,0.5972222222222222,,0.34027777777777785,,,0.4583333333333333,0.5069444444444444,0.4791666666666667,0.7291666666666666,0.2847222222222222,0.5208333333333334,0.6458333333333334,,0.41666666666666674,0.22222222222222224,,0.6736111111111112,,,0.3541666666666667,,,,,0.7569444444444443,0.9930555555555555,0.5416666666666666,0.4583333333333333,,0.8680555555555555,,0.46527777777777785,,0.23611111111111113,,,0.6944444444444445,0.5208333333333334,0.7916666666666666,0.2916666666666667,,,0.513888888888889,,0.3680555555555556,,0.5972222222222222,,0.13194444444444445,0.27777777777777773,0.25,,,0.34722222222222215,0.9027777777777778,,0.5972222222222223,,0.2708333333333333,0.22916666666666666,0.11805555555555554,,
2025-08-23 00:00:00+00:00,0.875,0.5694444444444445,,0.3888888888888889,0.4513888888888889,,0.4305555555555556,0.3263888888888889,0.9236111111111112,0.7291666666666666,0.6319444444444445,,,0.5208333333333334,,0.9444444444444443,,0.20833333333333334,,0.3541666666666667,,0.2986111111111111,,,0.42361111111111116,0.4930555555555555,0.6597222222222222,0.7916666666666666,0.2986111111111111,0.763888888888889,0.888888888888889,,0.375,0.20138888888888892,,0.7777777777777777,,,0.34722222222222227,,,,,0.8680555555555555,0.9930555555555555,0.40972222222222227,0.4444444444444445,,0.375,,0.36111111111111116,,0.20833333333333334,,,0.6597222222222222,0.5694444444444444,0.7430555555555557,0.2847222222222222,,,0.6041666666666666,,0.34722222222222215,,0.7638888888888888,,0.10416666666666667,0.27777777777777773,0.4583333333333333,,,0.2777777777777778,0.9444444444444445,,0.6527777777777777,,0.20138888888888887,0.1527777777777778,0.125,,
2025-08-24 00:00:00+00:00,0.9305555555555555,0.6527777777777778,,0.4583333333333333,0.45138888888888884,,0.4791666666666667,0.2986111111111111,0.9583333333333334,0.7777777777777778,0.7777777777777778,,,0.6736111111111112,,0.9027777777777778,,0.20138888888888887,,0.46527777777777785,,0.28472222222222227,,,0.3125,0.5208333333333334,0.6805555555555555,0.7222222222222222,0.27083333333333337,0.6944444444444445,0.8958333333333334,,0.27777777777777773,0.09722222222222221,,0.6527777777777778,,,0.29861111111111116,,,,,0.826388888888889,0.9444444444444445,0.2986111111111111,0.5416666666666666,,0.3541666666666667,,0.20138888888888887,,0.28472222222222227,,,0.7222222222222222,0.5416666666666666,0.7222222222222223,0.20138888888888887,,,0.5208333333333333,,0.40277777777777773,,0.8472222222222223,,0.09722222222222222,0.3125,0.4513888888888889,,,0.2847222222222222,0.9791666666666666,,0.6805555555555555,,0.22916666666666666,0.15277777777777776,0.16666666666666666,,
2025-08-25 00:00:00+00:00,0.9027777777777777,0.6180555555555557,,0.6875,0.3819444444444444,,0.40277777777777773,0.34027777777777785,0.9305555555555555,0.7847222222222222,0.7916666666666666,,,0.7013888888888888,,0.888888888888889,,0.09027777777777779,,0.4791666666666667,,0.20138888888888887,,,0.4444444444444444,0.5277777777777778,0.6597222222222222,0.7152777777777778,0.2569444444444444,0.7222222222222222,0.9375,,0.14583333333333334,0.11805555555555554,,0.7152777777777778,,,0.22916666666666666,,,,,0.7777777777777778,0.8125,0.40277777777777785,0.4583333333333333,,0.46527777777777785,,0.2569444444444444,,0.4166666666666667,,,0.6527777777777778,0.5069444444444444,0.7222222222222222,0.17361111111111113,,,0.5277777777777778,,0.3541666666666667,,0.9027777777777777,,0.07638888888888888,0.3680555555555556,0.4791666666666667,,,0.15277777777777776,0.9791666666666666,,0.6180555555555556,,0.14583333333333334,0.20833333333333334,0.3680555555555555,,
2025-08-26 00:00:00+00:00,0.9305555555555555,0.6319444444444445,,0.6944444444444445,0.3194444444444445,,0.4166666666666667,0.3055555555555555,0.9444444444444445,0.7638888888888888,0.8055555555555555,,,0.6180555555555557,,0.8680555555555557,,0.09027777777777778,,0.6319444444444445,,0.22916666666666666,,,0.10416666666666667,0.5902777777777778,0.6319444444444445,0.7222222222222222,0.22916666666666666,0.7152777777777777,0.9375,,0.10416666666666667,0.1388888888888889,,0.7083333333333334,,,0.2569444444444445,,,,,0.7222222222222222,0.7916666666666666,0.513888888888889,0.38888888888888884,,0.6597222222222222,,0.3125,,0.4166666666666667,,,0.7013888888888888,0.5555555555555556,0.7222222222222222,0.2152777777777778,,,0.5902777777777778,,0.3680555555555555,,0.9027777777777777,,0.09027777777777779,0.34722222222222227,0.5347222222222222,,,0.07638888888888888,0.7708333333333334,,0.4583333333333333,,0.31249999999999994,0.28472222222222227,0.375,,
2025-08-27 00:00:00+00:00,0.9444444444444445,0.7708333333333334,,0.6944444444444445,0.3611111111111111,,0.40972222222222215,0.2916666666666667,0.9236111111111112,0.7222222222222222,0.7986111111111112,,,0.34027777777777785,,0.9027777777777777,,0.09027777777777779,,0.673611111111111,,0.20833333333333334,,,0.14583333333333334,0.6458333333333334,0.6319444444444445,0.5625,0.20833333333333334,0.6944444444444445,0.9375,,0.19444444444444442,0.12500000000000003,,0.7361111111111112,,,0.3055555555555556,,,,,0.5833333333333334,0.8125,0.8194444444444445,0.4166666666666667,,0.4930555555555556,,0.3819444444444444,,0.5069444444444444,,,0.611111111111111,0.3055555555555555,0.5833333333333333,0.11111111111111112,,,0.5347222222222222,,0.47222222222222215,,0.8958333333333334,,0.14583333333333331,0.2569444444444445,0.5486111111111112,,,0.0625,0.8055555555555555,,0.375,,0.47222222222222227,0.34027777777777773,0.6458333333333334,,
2025-08-28 00:00:00+00:00,0.9097222222222222,0.7083333333333334,,0.5208333333333334,0.38888888888888884,,0.4166666666666667,0.2986111111111111,0.8333333333333334,0.7638888888888888,0.8333333333333334,,,0.5694444444444443,,0.7777777777777777,,0.0625,,0.4166666666666667,,0.22916666666666666,,,0.0625,0.7361111111111112,0.6458333333333334,0.45138888888888884,0.24305555555555558,0.7777777777777777,0.923611111111111,,0.24999999999999997,0.14583333333333334,,0.6944444444444445,,,0.24305555555555558,,,,,0.7361111111111112,0.6597222222222222,0.9444444444444445,0.4930555555555555,,0.7013888888888888,,0.4583333333333333,,0.5208333333333334,,,0.47222222222222215,0.4305555555555555,0.4930555555555556,0.2222222222222222,,,0.5902777777777778,,0.576388888888889,,0.9513888888888888,,0.06944444444444445,0.3611111111111111,0.5833333333333334,,,0.08333333333333333,0.625,,0.3333333333333333,,0.40277777777777773,0.16666666666666666,0.7222222222222223,,
2025-08-29 00:00:00+00:00,0.8194444444444445,0.4375,,0.5625,0.5208333333333334,,0.40972222222222227,0.3680555555555556,0.7708333333333334,0.875,0.8402777777777778,,,0.3541666666666667,,0.9097222222222222,,0.1388888888888889,,0.7569444444444445,,0.21527777777777776,,,0.048611111111111105,0.7083333333333334,0.7430555555555555,0.5902777777777778,0.17361111111111108,0.576388888888889,0.8402777777777777,,0.2986111111111111,0.2569444444444445,,0.7847222222222223,,,0.3333333333333333,,,,,0.4791666666666667,0.7847222222222223,0.9444444444444443,0.375,,0.47222222222222227,,0.5416666666666666,,0.42361111111111116,,,0.5972222222222222,0.5833333333333333,0.7291666666666666,0.18055555555555558,,,0.611111111111111,,0.5416666666666667,,0.9791666666666666,,0.13888888888888887,0.3194444444444445,0.5694444444444444,,,0.2569444444444444,0.2916666666666667,,0.3055555555555555,,0.4166666666666667,0.09027777777777779,0.5347222222222222,,
2025-08-30 00:00:00+00:00,0.9305555555555555,0.46527777777777785,,0.5416666666666666,0.4166666666666667,,0.3541666666666667,0.3680555555555556,0.8055555555555555,0.8263888888888888,0.8263888888888888,,,0.11111111111111112,,0.9444444444444443,,0.03472222222222222,,0.638888888888889,,0.3125,,,0.09027777777777778,0.6388888888888888,0.6875,0.576388888888889,0.11805555555555557,0.5138888888888888,0.8194444444444443,,0.38888888888888884,0.2222222222222222,,0.625,,,0.32638888888888884,,,,,0.5069444444444444,0.9166666666666666,0.9097222222222222,0.5069444444444445,,0.7569444444444445,,0.6041666666666666,,0.4861111111111111,,,0.7291666666666666,0.5416666666666667,0.701388888888889,0.2638888888888889,,,0.6041666666666666,,0.5208333333333333,,0.9861111111111112,,0.1527777777777778,0.20138888888888887,0.513888888888889,,,0.2777777777777778,0.34027777777777773,,0.375,,0.4375,0.11805555555555554,0.46527777777777773,,
2025-08-31 00:00:00+00:00,0.861111111111111,0.4444444444444445,,0.36111111111111116,0.38888888888888884,,0.42361111111111116,0.42361111111111116,0.6597222222222222,0.7361111111111112,0.736111111111111,,,0.5694444444444445,,0.9375,,0.03472222222222222,,0.7430555555555555,,0.2569444444444444,,,0.2222222222222222,0.7083333333333334,0.5902777777777778,0.548611111111111,0.12500000000000003,0.47222222222222227,0.8680555555555555,,0.36111111111111116,0.24305555555555555,,0.6388888888888888,,,0.18055555555555555,,,,,0.48611111111111116,0.9236111111111112,0.9027777777777777,0.5,,0.7777777777777778,,0.6875,,0.40972222222222227,,,0.6597222222222222,0.6249999999999999,0.7361111111111112,0.2222222222222222,,,0.4930555555555556,,0.5972222222222222,,0.9305555555555557,,0.1388888888888889,0.14583333333333334,0.5902777777777778,,,0.40277777777777773,0.4791666666666667,,0.3194444444444444,,0.4305555555555555,0.06944444444444443,0.4375,,
2025-09-01 00:00:00+00:00,0.82,0.3666666666666667,,0.22,0.44,,0.3466666666666667,0.43333333333333335,0.7599999999999999,0.7666666666666666,0.6733333333333333,,,0.5266666666666667,,0.94,,0.07333333333333333,,0.7866666666666666,,0.38666666666666666,,,0.08666666666666667,0.7000000000000001,0.5533333333333333,0.5733333333333334,0.10000000000000002,0.56,0.8666666666666667,,0.48666666666666664,0.31333333333333335,,0.7133333333333333,,0.10666666666666667,0.20666666666666667,0.4466666666666667,,,,0.5533333333333333,0.84,0.9199999999999999,0.47333333333333333,,0.7333333333333334,,0.68,,0.28,,,0.66,0.6866666666666666,0.7266666666666667,0.22666666666666668,,,0.7266666666666667,,0.6266666666666666,,0.96,,0.18000000000000002,0.17333333333333334,0.6466666666666666,,,0.4266666666666667,0.4666666666666666,,0.40666666666666673,,0.43333333333333335,0.07333333333333335,0.3466666666666667,,
2025-09-02 00:00:00+00:00,0.7133333333333334,0.35333333333333333,,0.25333333333333335,0.4666666666666666,,0.5266666666666667,0.3133333333333333,0.6133333333333333,0.8066666666666666,0.8133333333333334,,,0.7333333333333334,,0.9266666666666667,,0.25333333333333335,,0.7066666666666667,,0.39999999999999997,,,0.09333333333333334,0.7933333333333333,0.66,0.5,0.10666666666666667,0.66,0.84,,0.66,0.14666666666666667,,0.6466666666666666,,0.08,0.18000000000000002,0.46,,,,0.5333333333333333,0.62,0.9199999999999999,0.5933333333333334,,0.5466666666666667,,0.6933333333333334,,0.4533333333333333,,,0.6466666666666666,0.58,0.5733333333333334,0.28,,,0.6133333333333333,,0.68,,0.9733333333333333,,0.21333333333333337,0.21333333333333335,0.5733333333333334,,,0.40666666666666673,0.5333333333333333,,0.44,,0.32,0.11333333333333334,0.2733333333333333,,
2025-09-03 00:00:00+00:00,0.6866666666666666,0.54,,0.24666666666666667,0.5666666666666668,,0.6333333333333333,0.24666666666666667,0.7133333333333334,0.7000000000000001,0.9199999999999999,,,0.9199999999999999,,0.8133333333333334,,0.39999999999999997,,0.5866666666666667,,0.39999999999999997,,,0.12,0.7266666666666666,0.7200000000000001,0.5066666666666667,0.08666666666666667,0.5333333333333333,0.6533333333333333,,0.37333333333333335,0.14666666666666667,,0.6000000000000001,,0.06666666666666667,0.27999999999999997,0.52,,,,0.44,0.6933333333333334,0.84,0.54,,0.4200000000000001,,0.7000000000000001,,0.4466666666666667,,,0.7799999999999999,0.6066666666666666,0.68,0.30666666666666664,,,0.68,,0.6933333333333334,,0.9866666666666667,,0.22666666666666668,0.30000000000000004,0.5666666666666667,,,0.5066666666666666,0.2866666666666667,,0.43999999999999995,,0.26,0.07333333333333333,0.32,,
2025-09-04 00:00:00+00:00,0.8999999999999999,0.54,,0.16666666666666666,0.49333333333333335,,0.62,0.40666666666666673,0.8066666666666666,0.8066666666666666,0.8999999999999999,,,0.9266666666666667,,0.7200000000000001,,0.5133333333333333,,0.5466666666666667,,0.30666666666666664,,,0.16,0.7466666666666667,0.7666666666666666,0.4066666666666667,0.10666666666666667,0.44,0.7533333333333334,,0.5666666666666665,0.14666666666666664,,0.6200000000000001,,0.04666666666666667,0.24,0.43999999999999995,,,,0.66,0.58,0.6866666666666666,0.5133333333333333,,0.05333333333333332,,0.6666666666666666,,0.47333333333333333,,,0.7666666666666667,0.7066666666666667,0.5666666666666668,0.32666666666666666,,,0.7066666666666667,,0.6333333333333333,,0.98,,0.3,0.4000000000000001,0.64,,,0.54,0.32666666666666666,,0.3333333333333333,,0.24666666666666667,0.04666666666666667,0.25333333333333335,,
2025-09-05 00:00:00+00:00,0.9199999999999999,0.62,,0.2333333333333333,0.5,,0.54,0.36000000000000004,0.84,0.5666666666666667,0.9266666666666666,,,0.9333333333333332,,0.7866666666666666,,0.58,,0.2866666666666667,,0.44,,,0.2866666666666667,0.8133333333333335,0.7533333333333333,0.2866666666666667,0.14666666666666667,0.5333333333333333,0.9133333333333334,,0.5266666666666667,0.13333333333333333,,0.5333333333333333,,0.08,0.20000000000000004,0.41333333333333333,,,,0.6466666666666666,0.52,0.6,0.5533333333333333,,0.22666666666666666,,0.5333333333333333,,0.5133333333333333,,,0.7399999999999999,0.7000000000000001,0.45999999999999996,0.30666666666666664,,,0.7799999999999999,,0.6466666666666666,,0.9133333333333334,,0.26,0.49333333333333335,0.5866666666666667,,,0.42,0.30666666666666664,,0.34,,0.25333333333333335,0.08666666666666667,0.46,,
2025-09-06 00:00:00+00:00,0.48,0.6333333333333333,,0.24666666666666667,0.7266666666666667,,0.4266666666666667,0.64,0.7266666666666667,0.5933333333333334,0.9066666666666666,,,0.94,,0.5599999999999999,,0.48666666666666664,,0.32,,0.4266666666666667,,,0.2066666666666667,0.7666666666666666,0.7399999999999999,0.4000000000000001,0.08,0.30000000000000004,0.5733333333333334,,0.68,0.16,,0.5800000000000001,,0.07333333333333333,0.19333333333333333,0.56,,,,0.45333333333333337,0.49333333333333335,0.7133333333333333,0.47333333333333333,,0.22,,0.58,,0.4333333333333333,,,0.8466666666666667,0.7066666666666667,0.7666666666666666,0.32666666666666666,,,0.8799999999999999,,0.6933333333333334,,0.7866666666666666,,0.34,0.5666666666666665,0.56,,,0.6133333333333334,0.13333333333333333,,0.24666666666666667,,0.6,0.19333333333333333,0.4466666666666667,,
2025-09-07 00:00:00+00:00,0.35333333333333333,0.6466666666666666,,0.22,0.6266666666666666,,0.3333333333333333,0.6466666666666666,0.6066666666666666,0.45999999999999996,0.8866666666666667,,,0.9266666666666667,,0.8733333333333334,,0.5266666666666666,,0.35333333333333333,,0.32,,,0.25333333333333335,0.7133333333333334,0.7066666666666667,0.47333333333333333,0.09333333333333334,0.28,0.6,,0.7000000000000001,0.12,,0.6066666666666666,,0.06666666666666667,0.28,0.6066666666666668,,,,0.41333333333333333,0.54,0.7733333333333333,0.6066666666666667,,0.32,,0.5866666666666666,,0.4666666666666666,,,0.7600000000000001,0.7133333333333333,0.6866666666666666,0.3333333333333333,,,0.8533333333333332,,0.5933333333333334,,0.82,,0.38000000000000006,0.48666666666666664,0.5266666666666667,,,0.7000000000000001,0.07333333333333333,,0.20000000000000004,,0.8266666666666667,0.16666666666666666,0.39333333333333337,,
2025-09-08 00:00:00+00:00,0.3466666666666667,0.6333333333333333,,0.14666666666666667,0.62,,0.34,0.52,0.5266666666666667,0.5133333333333333,0.8133333333333334,,,0.94,,0.9066666666666666,,0.6333333333333334,,0.3133333333333333,,0.36000000000000004,,,0.2466666666666667,0.8533333333333334,0.8466666666666667,0.38000000000000006,0.13333333333333333,0.25333333333333335,0.4266666666666667,,0.7600000000000001,0.17333333333333334,,0.5333333333333333,,0.15333333333333335,0.38000000000000006,0.45333333333333337,,,,0.45999999999999996,0.44,0.7466666666666667,0.7000000000000001,,0.2733333333333334,,0.5466666666666667,,0.5599999999999999,,,0.6533333333333333,0.7266666666666667,0.58,0.39999999999999997,,,0.7733333333333334,,0.6,,0.8266666666666667,,0.3733333333333333,0.5,0.36000000000000004,,,0.7200000000000001,0.22666666666666666,,0.15333333333333335,,0.9199999999999999,0.25333333333333335,0.5,,
2025-09-09 00:00:00+00:00,0.2866666666666667,0.6866666666666666,,0.18666666666666668,0.6533333333333333,,0.41333333333333333,0.7266666666666666,0.4666666666666666,0.4266666666666667,0.7799999999999999,,,0.8933333333333334,,0.7466666666666667,,0.43999999999999995,,0.19333333333333333,,0.18666666666666668,,,0.25333333333333335,0.9199999999999999,0.7933333333333333,0.45999999999999996,0.14666666666666667,0.18666666666666668,0.35333333333333333,,0.6666666666666666,0.47333333333333333,,0.5733333333333334,,0.22666666666666666,0.24666666666666667,0.5066666666666667,,,,0.26666666666666666,0.39999999999999997,0.7066666666666667,0.41333333333333333,,0.31333333333333335,,0.48000000000000004,,0.6466666666666666,,,0.7066666666666667,0.68,0.6466666666666666,0.49333333333333323,,,0.8533333333333334,,0.6533333333333333,,0.8466666666666667,,0.34,0.5733333333333334,0.47333333333333333,,,0.7933333333333333,0.26,,0.19333333333333336,,1.0,0.25999999999999995,0.6066666666666667,,
2025-09-10 00:00:00+00:00,0.24000000000000002,0.64,,0.18000000000000002,0.6733333333333333,,0.46,0.7533333333333333,0.52,0.66,0.8733333333333334,,,0.6066666666666667,,0.8133333333333334,,0.27999999999999997,,0.21999999999999997,,0.19333333333333336,,,0.24000000000000002,0.9333333333333332,0.8799999999999999,0.5666666666666668,0.19333333333333336,0.20666666666666667,0.37333333333333335,,0.7533333333333333,0.39333333333333337,,0.5933333333333334,,0.30666666666666664,0.2133333333333333,0.44,,,,0.13333333333333333,0.39999999999999997,0.7399999999999999,0.32,,0.22,,0.4333333333333333,,0.7333333333333334,,,0.7666666666666667,0.7999999999999999,0.7399999999999999,0.5333333333333333,,,0.7933333333333333,,0.6333333333333334,,0.82,,0.34,0.5133333333333333,0.48666666666666664,,,0.7533333333333333,0.27999999999999997,,0.24,,1.0,0.17999999999999997,0.4333333333333333,,
2025-09-11 00:00:00+00:00,0.23333333333333336,0.7266666666666667,,0.26666666666666666,0.6866666666666666,,0.43333333333333335,0.6733333333333333,0.48,0.6066666666666667,0.9733333333333333,,,0.46,,0.8866666666666667,,0.4466666666666667,,0.34,,0.22000000000000006,,,0.12,0.9266666666666666,0.9133333333333332,0.5800000000000001,0.13333333333333333,0.24,0.2866666666666667,,0.7733333333333333,0.3466666666666667,,0.6,,0.46666666666666673,0.16,0.48666666666666664,,,,0.17333333333333334,0.42,0.35333333333333333,0.54,,0.32,,0.4466666666666667,,0.8333333333333334,,,0.7466666666666667,0.5666666666666667,0.6533333333333333,0.5266666666666666,,,0.7933333333333333,,0.6466666666666666,,0.86,,0.35333333333333333,0.6466666666666666,0.3666666666666667,,,0.5733333333333334,0.16,,0.19999999999999998,,1.0,0.4200000000000001,0.43333333333333335,,
2025-09-12 00:00:00+00:00,0.22,0.7066666666666667,,0.20000000000000004,0.5,,0.36000000000000004,0.64,0.4266666666666667,0.4066666666666667,0.9666666666666667,,,0.48666666666666664,,0.7933333333333333,,0.5333333333333333,,0.16,,0.2266666666666667,,,0.34,0.9533333333333333,0.8466666666666667,0.68,0.2066666666666667,0.21333333333333335,0.2733333333333333,,0.7266666666666667,0.37999999999999995,,0.49333333333333335,,0.4733333333333334,0.12666666666666668,0.7333333333333334,,,,0.34,0.39999999999999997,0.36000000000000004,0.21999999999999997,,0.24666666666666667,,0.5733333333333334,,0.84,,,0.6866666666666666,0.6066666666666666,0.5466666666666667,0.5466666666666666,,,0.8133333333333335,,0.6933333333333334,,0.86,,0.48000000000000004,0.6066666666666666,0.37999999999999995,,,0.66,0.3333333333333333,,0.19333333333333336,,1.0,0.5533333333333333,0.48666666666666675,,
2025-09-13 00:00:00+00:00,0.26,0.7000000000000001,,0.20666666666666667,0.42,,0.41333333333333333,0.6,0.37333333333333335,0.38666666666666666,0.9199999999999999,,,0.49333333333333335,,0.8066666666666666,,0.5599999999999999,,0.20666666666666667,,0.13333333333333333,,,0.2533333333333333,0.96,0.7999999999999999,0.37333333333333335,0.3066666666666667,0.20000000000000004,0.48666666666666664,,0.52,0.48666666666666664,,0.48,,0.4933333333333334,0.04666666666666667,0.9333333333333332,,,,0.2333333333333333,0.48666666666666664,0.3333333333333333,0.24,,0.2733333333333334,,0.5666666666666668,,0.7000000000000001,,,0.48,0.68,0.5866666666666667,0.7799999999999999,,,0.7200000000000001,,0.8466666666666667,,0.9466666666666667,,0.44666666666666677,0.5666666666666665,0.37333333333333335,,,0.5533333333333333,0.5266666666666667,,0.15333333333333332,,0.9933333333333333,0.5733333333333334,0.62,,
2025-09-14 00:00:00+00:00,0.15333333333333332,0.5266666666666667,,0.3333333333333333,0.4666666666666666,,0.38000000000000006,0.6733333333333333,0.30666666666666664,0.4466666666666666,0.9266666666666666,,,0.28,,0.6933333333333334,,0.4666666666666666,,0.22666666666666666,,0.37999999999999995,,,0.15333333333333335,1.0,0.8466666666666667,0.3466666666666667,0.22,0.21333333333333335,0.3466666666666667,,0.68,0.62,,0.5666666666666667,,0.5599999999999999,0.08666666666666667,0.9333333333333332,,,,0.17333333333333334,0.35333333333333333,0.29333333333333333,0.2733333333333334,,0.40666666666666673,,0.48666666666666664,,0.66,,,0.66,0.6333333333333334,0.6533333333333333,0.8333333333333334,,,0.8733333333333334,,0.8933333333333334,,0.8933333333333332,,0.5066666666666667,0.66,0.35333333333333333,,,0.4466666666666667,0.42,,0.10666666666666669,,0.9666666666666667,0.5266666666666667,0.5933333333333334,,
2025-09-15 00:00:00+00:00,0.25333333333333335,0.41333333333333333,,0.23333333333333336,0.39999999999999997,,0.4466666666666667,0.6533333333333333,0.32666666666666666,0.42,0.9533333333333333,,,0.45999999999999996,,0.7999999999999999,,0.6533333333333334,,0.18666666666666665,,0.3,,,0.19999999999999998,0.9666666666666667,0.8066666666666666,0.37333333333333335,0.2733333333333333,0.19333333333333333,0.48666666666666664,,0.5466666666666667,0.5333333333333333,,0.49333333333333335,,0.6,0.09999999999999999,0.9199999999999999,,,,0.14,0.4466666666666666,0.27999999999999997,0.2733333333333333,,0.24666666666666667,,0.5066666666666667,,0.7133333333333333,,,0.7000000000000001,0.6,0.7733333333333333,0.86,,,0.7199999999999999,,0.84,,0.9333333333333332,,0.4466666666666667,0.66,0.42,,,0.37999999999999995,0.45999999999999996,,0.06,,0.9866666666666667,0.5266666666666667,0.5333333333333333,,
2025-09-16 00:00:00+00:00,0.38000000000000006,0.48666666666666664,,0.20666666666666667,0.24666666666666667,,0.3133333333333333,0.6066666666666667,0.34,0.39999999999999997,0.9866666666666667,,,0.7133333333333333,,0.9199999999999999,,0.7600000000000001,,0.5533333333333333,,0.43333333333333335,,,0.08,0.9466666666666667,0.8333333333333334,0.41333333333333333,0.34,0.18666666666666668,0.66,,0.41333333333333333,0.3133333333333333,,0.4466666666666667,,0.66,0.04,0.94,,,,0.16666666666666666,0.6,0.3,0.48000000000000004,,0.17333333333333334,,0.4533333333333333,,0.68,,,0.5599999999999999,0.7066666666666667,0.7666666666666666,0.7399999999999999,,,0.5933333333333334,,0.6866666666666666,,0.9533333333333333,,0.39999999999999997,0.5266666666666667,0.3,,,0.3733333333333333,0.5866666666666668,,0.04666666666666667,,0.7466666666666667,0.40666666666666673,0.6333333333333333,,
2025-09-17 00:00:00+00:00,0.3,0.3933333333333333,,0.27999999999999997,0.21333333333333335,,0.3,0.4666666666666666,0.21333333333333335,0.36000000000000004,0.94,,,0.6466666666666666,,0.9666666666666667,,0.7999999999999999,,0.6066666666666667,,0.4533333333333333,,,0.04666666666666667,0.9333333333333332,0.7733333333333333,0.3733333333333333,0.4000000000000001,0.20666666666666667,0.66,,0.7999999999999999,0.42,,0.47333333333333333,,0.6466666666666667,0.07333333333333333,0.96,,,,0.2333333333333333,0.2733333333333334,0.3066666666666667,0.47333333333333333,,0.24,,0.4066666666666667,,0.6933333333333334,,,0.6266666666666667,0.7000000000000001,0.68,0.7866666666666666,,,0.6733333333333333,,0.64,,0.9199999999999999,,0.47333333333333333,0.62,0.34,,,0.4066666666666667,0.45999999999999996,,0.09333333333333334,,0.66,0.4333333333333334,0.6533333333333333,,
2025-09-18 00:00:00+00:00,0.3066666666666667,0.44,,0.2733333333333333,0.25333333333333335,,0.3666666666666667,0.42,0.28,0.26666666666666666,0.9199999999999999,,,0.66,,0.9666666666666667,,0.62,,0.38000000000000006,,0.48666666666666664,,,0.10666666666666667,0.9333333333333332,0.84,0.5133333333333333,0.38666666666666666,0.15333333333333335,0.5933333333333334,,0.5666666666666667,0.45333333333333337,,0.5266666666666667,,0.6133333333333334,0.05333333333333334,0.98,,,,0.4333333333333333,0.16666666666666666,0.32666666666666666,0.25333333333333335,,0.4666666666666666,,0.66,,0.7266666666666666,,,0.7533333333333333,0.8466666666666667,0.7200000000000001,0.7933333333333333,,,0.64,,0.6333333333333333,,0.9466666666666667,,0.34,0.6733333333333333,0.30666666666666664,,,0.45999999999999996,0.2333333333333333,,0.05333333333333334,,0.64,0.45999999999999996,0.6066666666666666,,
2025-09-19 00:00:00+00:00,0.26,0.68,,0.3133333333333333,0.19333333333333336,,0.62,0.35333333333333333,0.22666666666666668,0.3266666666666667,0.9866666666666667,,,0.62,,0.9266666666666666,,0.6133333333333333,,0.37999999999999995,,0.38000000000000006,,,0.10666666666666667,0.9133333333333334,0.8666666666666667,0.6266666666666666,0.25999999999999995,0.08666666666666667,0.4666666666666666,,0.5266666666666667,0.37999999999999995,,0.6533333333333333,,0.62,0.09333333333333334,0.9933333333333333,,,,0.3933333333333333,0.30000000000000004,0.32666666666666666,0.3933333333333333,,0.26666666666666666,,0.45999999999999996,,0.94,,,0.7933333333333333,0.7866666666666666,0.6666666666666666,0.7666666666666666,,,0.6999999999999998,,0.5266666666666667,,0.9199999999999999,,0.5,0.7999999999999999,0.22,,,0.42,0.3,,0.03333333333333333,,0.64,0.36000000000000004,0.5133333333333333,,
2025-09-20 00:00:00+00:00,0.26,0.64,,0.18666666666666665,0.23333333333333336,,0.7266666666666667,0.2333333333333333,0.18000000000000002,0.2866666666666667,0.9866666666666667,,,0.6,,0.9466666666666667,,0.7999999999999999,,0.46,,0.34,,,0.24666666666666667,0.82,0.88,0.7200000000000001,0.23333333333333336,0.14,0.5333333333333333,,0.5,0.26666666666666666,,0.6200000000000001,,0.6466666666666666,0.13333333333333333,0.9933333333333333,,,,0.5266666666666667,0.30666666666666664,0.41333333333333333,0.42666666666666675,,0.13333333333333333,,0.48666666666666664,,0.94,,,0.7999999999999999,0.7133333333333333,0.4066666666666667,0.5666666666666668,,,0.6066666666666667,,0.4066666666666667,,0.8866666666666667,,0.44,0.7000000000000001,0.26,,,0.38666666666666666,0.47333333333333333,,0.02666666666666667,,0.8466666666666667,0.52,0.6133333333333333,,
2025-09-21 00:00:00+00:00,0.26666666666666666,0.62,,0.20000000000000004,0.41333333333333333,,0.7333333333333334,0.21999999999999997,0.26666666666666666,0.22,0.96,,,0.5866666666666667,,0.9933333333333333,,0.8000000000000002,,0.36000000000000004,,0.3933333333333333,,,0.38000000000000006,0.7133333333333334,0.7866666666666666,0.8266666666666668,0.34,0.1466666666666667,0.5333333333333333,,0.37333333333333335,0.3133333333333333,,0.6333333333333333,,0.6933333333333334,0.11333333333333334,0.98,,,,0.54,0.27999999999999997,0.43333333333333335,0.2866666666666667,,0.11333333333333334,,0.6133333333333333,,0.94,,,0.8066666666666666,0.7399999999999999,0.4066666666666667,0.44,,,0.48666666666666664,,0.3466666666666667,,0.9,,0.39333333333333337,0.6533333333333333,0.3133333333333333,,,0.48,0.6066666666666667,,0.04666666666666667,,0.82,0.4533333333333333,0.5333333333333333,,
2025-09-22 00:00:00+00:00,0.18000000000000002,0.7266666666666667,,0.27999999999999997,0.47333333333333333,,0.7933333333333333,0.28,0.16,0.20666666666666667,0.96,,,0.5333333333333333,,1.0,,0.8066666666666666,,0.45999999999999996,,0.4733333333333334,,,0.39999999999999997,0.6466666666666666,0.7799999999999999,0.8533333333333334,0.2333333333333333,0.04,0.39333333333333337,,0.37333333333333335,0.2733333333333334,,0.62,,0.52,0.18000000000000002,0.96,,,,0.5066666666666667,0.30666666666666664,0.48,0.4333333333333333,,0.18000000000000002,,0.7266666666666667,,0.9466666666666667,,,0.7933333333333333,0.7333333333333334,0.43333333333333335,0.35333333333333333,,,0.4266666666666667,,0.36000000000000004,,0.8466666666666667,,0.42,0.6533333333333333,0.24,,,0.5666666666666668,0.5066666666666667,,0.13999999999999999,,0.7866666666666666,0.47333333333333333,0.5800000000000001,,
2025-09-23 00:00:00+00:00,0.10000000000000002,0.6266666666666666,,0.26666666666666666,0.3333333333333333,,0.7466666666666667,0.21333333333333335,0.12,0.21333333333333335,0.9866666666666667,,,0.7066666666666667,,0.9866666666666667,,0.7600000000000001,,0.24666666666666667,,0.5333333333333333,,,0.4066666666666667,0.6933333333333334,0.84,0.8133333333333334,0.18000000000000002,0.08666666666666667,0.4333333333333333,,0.5466666666666667,0.24,,0.48,,0.54,0.14666666666666667,0.9466666666666667,,,,0.5066666666666666,0.3866666666666667,0.6733333333333333,0.32666666666666666,,0.08,,0.7533333333333333,,0.9466666666666667,,,0.66,0.5466666666666667,0.3133333333333333,0.44,,,0.5066666666666667,,0.49333333333333335,,0.8066666666666666,,0.45999999999999996,0.7200000000000001,0.24666666666666667,,,0.46666666666666673,0.8266666666666667,,0.04666666666666667,,0.8466666666666667,0.6533333333333333,0.6,,
2025-09-24 00:00:00+00:00,0.39333333333333337,0.5066666666666667,,0.16,0.4066666666666667,,0.7933333333333333,0.15333333333333335,0.16,0.20666666666666667,0.98,,,0.7200000000000001,,1.0,,0.66,,0.24,,0.45999999999999996,,,0.37999999999999995,0.7066666666666667,0.7666666666666666,0.7866666666666667,0.17333333333333334,0.19333333333333336,0.52,,0.41333333333333333,0.2933333333333334,,0.5133333333333333,,0.4733333333333334,0.17333333333333334,0.9466666666666667,,,,0.5733333333333334,0.5066666666666667,0.7266666666666666,0.5266666666666667,,0.08666666666666667,,0.7666666666666666,,0.94,,,0.49333333333333335,0.5333333333333333,0.26666666666666666,0.44,,,0.52,,0.6,,0.7799999999999999,,0.4266666666666667,0.7133333333333334,0.20000000000000004,,,0.48666666666666664,0.7866666666666667,,0.02666666666666667,,0.7066666666666667,0.66,0.5533333333333333,,
2025-09-25 00:00:00+00:00,0.5,0.43333333333333335,,0.13333333333333333,0.4533333333333333,,0.66,0.19333333333333333,0.09999999999999999,0.31333333333333335,0.96,,,0.7133333333333333,,0.9933333333333333,,0.86,,0.26,,0.5066666666666667,,,0.47333333333333333,0.7466666666666667,0.7533333333333333,0.8266666666666667,0.16666666666666666,0.04666666666666667,0.4466666666666667,,0.39999999999999997,0.3066666666666667,,0.45333333333333337,,0.5666666666666665,0.19333333333333336,0.9533333333333333,,,,0.4266666666666667,0.48,0.7000000000000001,0.3333333333333333,,0.07333333333333333,,0.7999999999999999,,0.9733333333333333,,,0.43999999999999995,0.48,0.3,0.44,,,0.5733333333333334,,0.5666666666666667,,0.6466666666666666,,0.3066666666666667,0.66,0.22666666666666668,,,0.48666666666666664,0.7933333333333333,,0.02,,0.7999999999999999,0.7333333333333334,0.8266666666666667,,
2025-09-26 00:00:00+00:00,0.3466666666666667,0.34,,0.18000000000000002,0.5066666666666667,,0.44,0.26666666666666666,0.19333333333333336,0.39999999999999997,0.9333333333333332,,,0.7666666666666666,,0.98,,0.7866666666666667,,0.5333333333333333,,0.3666666666666667,,,0.34,0.8266666666666667,0.7399999999999999,0.8333333333333334,0.08,0.04666666666666667,0.16666666666666666,,0.35333333333333333,0.4066666666666667,,0.49333333333333335,,0.2733333333333334,0.08666666666666667,0.98,,,,0.5466666666666666,0.34,0.7066666666666667,0.4466666666666667,,0.16,,0.8466666666666667,,0.9333333333333332,,,0.5466666666666667,0.6,0.5866666666666667,0.5933333333333334,,,0.64,,0.6666666666666666,,0.5733333333333334,,0.20000000000000004,0.5266666666666667,0.24,,,0.5333333333333333,0.8133333333333334,,0.02,,0.9466666666666667,0.68,0.6866666666666666,,
2025-09-27 00:00:00+00:00,0.36000000000000004,0.39999999999999997,,0.18000000000000002,0.52,,0.5733333333333334,0.28,0.22666666666666668,0.4733333333333334,0.8933333333333332,,,0.7399999999999999,,0.98,,0.5333333333333333,,0.5,,0.6533333333333333,,,0.26666666666666666,0.7399999999999999,0.7399999999999999,0.8266666666666667,0.06,0.060000000000000005,0.12666666666666668,,0.48666666666666664,0.37333333333333335,,0.42,,0.28,0.11333333333333334,0.9466666666666667,,,,0.5933333333333333,0.46,0.5466666666666667,0.39999999999999997,,0.22,,0.9333333333333332,,0.8933333333333332,,,0.5333333333333333,0.7333333333333334,0.45999999999999996,0.4066666666666667,,,0.5666666666666667,,0.5333333333333333,,0.5333333333333333,,0.17333333333333334,0.6466666666666666,0.3066666666666667,,,0.6066666666666668,0.8733333333333334,,0.02,,0.9266666666666666,0.7733333333333334,0.6066666666666667,,
2025-09-28 00:00:00+00:00,0.48666666666666664,0.35333333333333333,,0.09999999999999999,0.3866666666666667,,0.7999999999999999,0.26666666666666666,0.35333333333333333,0.35333333333333333,0.9199999999999999,,,0.8266666666666667,,0.9333333333333332,,0.64,,0.25333333333333335,,0.5333333333333333,,,0.47333333333333333,0.6666666666666666,0.7066666666666667,0.88,0.07333333333333333,0.10666666666666665,0.3133333333333333,,0.48666666666666664,0.28,,0.28,,0.2866666666666667,0.19333333333333336,1.0,,,,0.64,0.49333333333333335,0.49999999999999994,0.5466666666666667,,0.22,,0.8666666666666666,,0.8533333333333334,,,0.5,0.6133333333333333,0.4066666666666667,0.4333333333333333,,,0.4466666666666666,,0.45999999999999996,,0.5599999999999999,,0.18666666666666668,0.5733333333333334,0.3333333333333333,,,0.49333333333333335,0.8933333333333332,,0.02,,0.9333333333333332,0.8000000000000002,0.7733333333333334,,
2025-09-29 00:00:00+00:00,0.5266666666666667,0.56,,0.11333333333333333,0.28,,0.6066666666666667,0.14,0.2866666666666666,0.38666666666666666,0.9199999999999999,,,0.7199999999999999,,0.9266666666666666,,0.84,,0.16666666666666666,,0.6,,,0.6466666666666666,0.6733333333333333,0.7733333333333333,0.7466666666666667,0.09333333333333334,0.16666666666666666,0.42,,0.4533333333333333,0.24666666666666667,,0.3666666666666667,,0.38000000000000006,0.20000000000000004,1.0,,,,0.6066666666666666,0.58,0.49999999999999994,0.5733333333333334,,0.26,,0.8533333333333334,,0.7999999999999999,,,0.45999999999999996,0.38000000000000006,0.22,0.4000000000000001,,,0.5866666666666668,,0.5266666666666667,,0.56,,0.24,0.5933333333333334,0.21333333333333335,,,0.45333333333333337,0.82,,0.02,,0.94,0.8466666666666667,0.8266666666666668,,
2025-09-30 00:00:00+00:00,0.5533333333333333,0.54,,0.18000000000000002,0.5333333333333333,,0.7666666666666667,0.11333333333333333,0.13333333333333333,0.2866666666666667,0.64,,,0.7000000000000001,,1.0,,0.9066666666666666,,0.10000000000000002,,0.6733333333333333,,,0.5399999999999999,0.5866666666666667,0.7466666666666666,0.7733333333333334,0.10000000000000002,0.3333333333333333,0.6066666666666666,,0.45333333333333337,0.2733333333333334,,0.24666666666666667,,0.36000000000000004,0.32,0.9733333333333333,,,,0.8533333333333334,0.5666666666666668,0.42,0.6333333333333333,,0.36000000000000004,,0.8666666666666666,,0.6466666666666666,,,0.4466666666666667,0.29333333333333333,0.24666666666666667,0.3666666666666667,,,0.52,,0.5066666666666667,,0.5333333333333333,,0.2733333333333334,0.6066666666666667,0.3866666666666667,,,0.44,0.6999999999999998,,0.04666666666666667,,0.7133333333333334,0.8266666666666667,0.8066666666666666,,
2025-10-01 00:00:00+00:00,0.5466666666666667,0.7333333333333334,,0.28,,,0.9133333333333332,0.11333333333333333,0.2733333333333333,0.3466666666666667,0.6666666666666666,,,0.8000000000000002,,0.9,,0.9199999999999999,,0.17333333333333334,,0.7066666666666667,,0.16666666666666666,0.7599999999999999,0.6266666666666666,0.6533333333333333,0.7200000000000001,0.12,0.18666666666666668,0.5666666666666668,,0.3066666666666667,0.25333333333333335,,0.28,,0.47333333333333333,0.23333333333333336,0.9199999999999999,,,,0.5866666666666667,0.5333333333333333,0.32666666666666666,0.7066666666666667,,0.35333333333333333,,,,0.6133333333333334,,,0.5266666666666667,0.32666666666666666,0.3866666666666667,0.38000000000000006,,,0.43333333333333335,,0.4000000000000001,,0.56,,,0.6066666666666667,0.45333333333333337,,,0.5533333333333333,0.6866666666666666,,0.04666666666666667,,0.7733333333333333,0.8066666666666666,0.8000000000000002,0.18666666666666668,0.8133333333333334
2025-10-02 00:00:00+00:00,0.4333333333333334,0.7000000000000001,,0.4466666666666667,,,0.96,0.22,0.17333333333333334,0.09333333333333334,0.6266666666666666,,,0.84,,0.7333333333333334,,0.9533333333333333,,0.16666666666666666,,0.6133333333333333,,0.2066666666666667,0.6133333333333334,0.6133333333333333,0.6866666666666666,0.49333333333333335,0.20000000000000004,0.5333333333333333,0.66,,0.44,0.19999999999999998,,0.31333333333333335,,0.5,0.5066666666666667,0.62,,,,0.6733333333333333,0.6333333333333333,0.5266666666666667,0.8533333333333332,,0.21333333333333335,,,,0.62,,,0.5,0.19333333333333336,0.2933333333333334,0.3866666666666667,,,0.4533333333333333,,0.48,,0.68,,,0.7200000000000001,0.41333333333333333,,,0.5066666666666667,0.5866666666666667,,0.19333333333333336,,0.6,0.8866666666666666,0.56,0.2733333333333334,0.7066666666666667
2025-10-03 00:00:00+00:00,0.3666666666666667,0.6933333333333334,,0.32666666666666666,,,0.9666666666666667,0.20000000000000004,0.14666666666666667,0.25333333333333335,0.4666666666666666,,,0.62,,0.9666666666666667,,0.96,,0.07333333333333333,,0.6066666666666666,,0.45999999999999996,0.5066666666666667,0.7733333333333333,0.7666666666666666,0.5066666666666667,0.3,0.5666666666666667,0.7999999999999999,,0.5666666666666668,0.19999999999999998,,0.37999999999999995,,0.45999999999999996,0.3866666666666667,0.5,,,,0.7866666666666667,0.45333333333333337,0.44,0.8733333333333334,,0.12666666666666668,,,,0.5733333333333334,,,0.5866666666666668,0.20000000000000004,0.26666666666666666,0.4066666666666667,,,0.4466666666666667,,0.44,,0.84,,,0.64,0.32,,,0.42,0.4666666666666666,,0.2066666666666667,,0.56,0.8799999999999999,0.84,0.21999999999999997,0.6866666666666666
2025-10-04 00:00:00+00:00,0.3333333333333333,0.6066666666666668,,0.39999999999999997,,,0.9733333333333333,0.16666666666666666,0.12,0.17333333333333334,0.45333333333333337,,,0.7600000000000001,,0.9866666666666667,,0.9666666666666667,,0.04666666666666667,,0.64,,0.2866666666666667,0.7000000000000001,0.68,0.7666666666666666,0.5133333333333333,0.3466666666666667,0.5266666666666666,0.7466666666666667,,0.6000000000000001,0.7866666666666666,,0.48666666666666664,,0.3466666666666667,0.5466666666666666,0.54,,,,0.5333333333333333,0.3066666666666667,0.45999999999999996,0.8733333333333334,,0.09333333333333334,,,,0.5866666666666668,,,0.5266666666666667,0.20666666666666667,0.24,0.38000000000000006,,,0.49333333333333335,,0.5066666666666667,,0.7200000000000001,,,0.6999999999999998,0.2866666666666667,,,0.37333333333333335,0.42,,0.14666666666666664,,0.4466666666666667,0.8666666666666667,0.8533333333333334,0.2866666666666667,0.6933333333333334
2025-10-05 00:00:00+00:00,0.4133333333333334,0.5866666666666666,,0.42,,,0.9666666666666667,0.17333333333333334,0.11333333333333334,0.12666666666666668,0.5266666666666667,,,0.6866666666666666,,0.9666666666666667,,0.9866666666666667,,0.06666666666666667,,0.44,,0.36000000000000004,0.7266666666666667,0.68,0.7466666666666667,0.34,0.3666666666666667,0.5399999999999999,0.8133333333333334,,0.49333333333333335,0.9066666666666666,,0.48666666666666664,,0.24,0.46666666666666673,0.5866666666666667,,,,0.6,0.4066666666666667,0.4733333333333334,0.8733333333333334,,0.16666666666666666,,,,0.6866666666666666,,,0.48,0.17333333333333334,0.29333333333333333,0.42,,,0.43333333333333335,,0.5133333333333333,,0.7533333333333333,,,0.82,0.22666666666666668,,,0.39333333333333337,0.49333333333333335,,0.14666666666666664,,0.52,0.8333333333333334,0.7666666666666666,0.23333333333333336,0.5666666666666667
2025-10-06 00:00:00+00:00,0.48,0.48666666666666664,,0.4466666666666667,,,0.98,0.24000000000000002,0.12000000000000001,0.12,0.45333333333333337,,,0.7066666666666667,,0.9733333333333333,,0.9866666666666667,,0.06,,0.44,,0.47333333333333333,0.7133333333333334,0.7599999999999999,0.6066666666666667,0.24666666666666667,0.3133333333333333,0.5666666666666667,0.8333333333333334,,0.62,0.8666666666666666,,0.39333333333333337,,0.24666666666666667,0.5133333333333333,0.5733333333333334,,,,0.42,0.37999999999999995,0.36000000000000004,0.8666666666666666,,0.15333333333333335,,,,0.6666666666666666,,,0.48666666666666664,0.17333333333333334,0.18000000000000002,0.4533333333333333,,,0.32666666666666666,,0.6466666666666666,,0.7799999999999999,,,0.7733333333333334,0.23333333333333336,,,0.39333333333333337,0.6133333333333333,,0.20000000000000004,,0.47333333333333333,0.8733333333333334,0.7533333333333333,0.5666666666666668,0.5066666666666667
2025-10-07 00:00:00+00:00,0.54,0.5733333333333334,,0.64,,,0.96,0.18666666666666668,0.32,0.20666666666666667,0.3066666666666667,,,0.6066666666666667,,0.98,,0.9933333333333333,,0.07333333333333333,,0.3933333333333333,,0.3133333333333333,0.6533333333333333,0.7799999999999999,0.8266666666666667,0.24666666666666667,0.37333333333333335,0.5666666666666667,0.8666666666666667,,0.58,0.8799999999999999,,0.5866666666666666,,0.4266666666666667,0.5266666666666666,0.5133333333333333,,,,0.48,0.6,0.35333333333333333,0.8133333333333334,,0.15333333333333335,,,,0.48,,,0.6266666666666667,0.22666666666666666,0.3,0.43333333333333335,,,0.36000000000000004,,0.62,,0.5666666666666668,,,0.66,0.3866666666666667,,,0.52,0.45999999999999996,,0.20000000000000004,,0.2733333333333333,0.84,0.49333333333333335,0.36000000000000004,0.37333333333333335
2025-10-08 00:00:00+00:00,0.27999999999999997,0.5,,0.6533333333333333,,,0.98,0.3933333333333333,0.15333333333333332,0.13333333333333333,0.31333333333333335,,,0.6,,1.0,,0.9533333333333333,,0.04666666666666667,,0.5666666666666667,,0.04,0.7600000000000001,0.7466666666666666,0.7866666666666667,0.38000000000000006,0.3466666666666667,0.45333333333333337,0.8333333333333334,,0.5466666666666667,0.8933333333333332,,0.5133333333333333,,0.4466666666666666,0.5133333333333333,0.62,,,,0.7599999999999999,0.4666666666666666,0.3466666666666667,0.8533333333333332,,0.10000000000000002,,,,0.7400000000000001,,,0.68,0.16666666666666666,0.2866666666666667,0.3333333333333333,,,0.2733333333333334,,0.5,,0.7266666666666667,,,0.7333333333333334,0.4066666666666667,,,0.5066666666666667,0.6066666666666666,,0.16,,0.35333333333333333,0.8333333333333334,0.4133333333333333,0.3133333333333333,0.48666666666666664
2025-10-09 00:00:00+00:00,0.37333333333333335,0.43333333333333335,,0.62,,,0.9533333333333333,0.31333333333333335,0.26666666666666666,0.35333333333333333,0.31333333333333335,,,0.56,,1.0,,0.9666666666666667,,0.2866666666666667,,0.48,,0.10000000000000002,0.6066666666666666,0.7333333333333334,0.7266666666666666,0.30666666666666664,0.48,0.5733333333333334,0.88,,0.7466666666666667,0.8733333333333334,,0.5933333333333334,,0.29333333333333333,0.4466666666666666,0.58,,,,0.64,0.56,0.37999999999999995,0.8999999999999999,,0.08666666666666667,,,,0.64,,,0.7400000000000001,0.3333333333333333,0.46,0.26666666666666666,,,0.22,,0.36666666666666664,,0.8466666666666667,,,0.6133333333333334,0.6066666666666667,,,0.5866666666666666,0.6,,0.28,,0.14,0.4666666666666666,0.19999999999999998,0.17333333333333334,0.5333333333333333
2025-10-10 00:00:00+00:00,0.4266666666666667,0.45333333333333337,,0.7600000000000001,,,0.86,0.2133333333333333,0.17333333333333334,0.12,0.42,,,0.7866666666666667,,1.0,,0.96,,0.15333333333333335,,0.5466666666666667,,0.14666666666666667,0.7866666666666666,0.7666666666666666,0.5866666666666667,0.22,0.4466666666666667,0.54,0.84,,0.6466666666666666,0.8333333333333334,,0.5733333333333334,,0.2866666666666667,0.45333333333333337,0.6066666666666667,,,,0.47333333333333333,0.7200000000000001,0.37999999999999995,0.9666666666666667,,0.20000000000000004,,,,0.7266666666666667,,,0.6,0.26666666666666666,0.24666666666666667,0.19333333333333336,,,0.22666666666666668,,0.3466666666666667,,0.7533333333333333,,,0.68,0.48000000000000004,,,0.6866666666666666,0.5866666666666667,,0.3,,0.03333333333333333,0.5533333333333333,0.27999999999999997,0.41333333333333333,0.7799999999999999
2025-10-11 00:00:00+00:00,0.6333333333333333,0.48666666666666664,,0.6466666666666666,,,0.7799999999999999,0.19999999999999998,0.19999999999999998,0.06,0.3933333333333333,,,0.7333333333333334,,1.0,,0.98,,0.17333333333333334,,0.28,,0.13999999999999999,0.6733333333333333,0.8133333333333335,0.4666666666666666,0.25333333333333335,0.2866666666666667,0.3866666666666667,0.8999999999999999,,0.45999999999999996,0.7466666666666667,,0.54,,0.22,0.18000000000000002,0.7866666666666666,,,,0.7666666666666666,0.6933333333333334,0.22666666666666666,0.9066666666666666,,0.16,,,,0.8933333333333332,,,0.6133333333333333,0.35333333333333333,0.35333333333333333,0.26666666666666666,,,0.16,,0.36000000000000004,,0.86,,,0.6733333333333333,0.42,,,0.6133333333333333,0.8666666666666667,,0.3666666666666667,,0.12666666666666665,0.7333333333333334,0.3333333333333333,0.4333333333333333,0.9
2025-10-12 00:00:00+00:00,0.8333333333333334,0.42,,0.86,,,0.7266666666666667,0.22,0.2333333333333333,0.5533333333333333,0.6466666666666666,,,0.5533333333333333,,1.0,,0.8266666666666667,,0.23333333333333336,,0.6933333333333334,,0.4466666666666667,0.3333333333333333,0.6933333333333334,0.58,0.2333333333333333,0.30666666666666664,0.7333333333333334,0.8133333333333334,,0.08,0.5466666666666666,,0.6666666666666666,,0.43333333333333335,0.3866666666666667,0.6,,,,0.6133333333333333,0.6066666666666666,0.47333333333333333,0.84,,0.15333333333333332,,,,0.86,,,0.12666666666666668,0.12,0.25333333333333335,0.2733333333333334,,,0.41333333333333333,,0.62,,0.6733333333333333,,,0.4133333333333333,0.6066666666666666,,,0.2333333333333333,0.2733333333333334,,0.3333333333333333,,0.3466666666666667,0.84,0.20000000000000004,0.7400000000000001,0.8333333333333334
2025-10-13 00:00:00+00:00,0.68,0.5333333333333333,,0.9199999999999999,,,0.6266666666666666,0.24000000000000002,0.19333333333333336,0.5733333333333334,0.3666666666666667,,,0.8666666666666667,,1.0,,0.7799999999999999,,0.26666666666666666,,0.5066666666666667,,0.5133333333333333,0.4066666666666667,0.66,0.39999999999999997,0.13333333333333333,0.45333333333333337,0.7866666666666667,0.9333333333333332,,0.03333333333333333,0.5333333333333333,,0.52,,0.52,0.3933333333333333,0.6066666666666666,,,,0.6866666666666665,0.6333333333333333,0.6933333333333334,0.6933333333333334,,0.11333333333333334,,,,0.6866666666666666,,,0.07333333333333333,0.08666666666666667,0.3333333333333333,0.21333333333333335,,,0.4266666666666667,,0.44,,0.8000000000000002,,,0.45999999999999996,0.64,,,0.54,0.36000000000000004,,0.48666666666666664,,0.24000000000000002,0.6733333333333333,0.22666666666666666,0.7466666666666666,0.7999999999999999
2025-10-14 00:00:00+00:00,0.7200000000000001,0.4666666666666666,,0.9266666666666666,,,0.5666666666666667,0.2733333333333333,0.26666666666666666,0.5133333333333333,0.3466666666666667,,,0.7999999999999999,,1.0,,0.7066666666666667,,0.49333333333333335,,0.43999999999999995,,0.3333333333333333,0.8066666666666666,0.38666666666666666,0.25333333333333335,0.11333333333333333,0.4000000000000001,0.7799999999999999,0.88,,0.04666666666666667,0.5666666666666668,,0.4266666666666667,,0.45333333333333337,0.5133333333333333,0.7533333333333333,,,,0.7066666666666667,0.5800000000000001,0.68,0.6,,0.7400000000000001,,,,0.7999999999999999,,,0.04,0.12666666666666668,0.24000000000000002,0.14,,,0.43333333333333335,,0.4066666666666667,,0.8866666666666667,,,0.5933333333333334,0.6866666666666666,,,0.4533333333333333,0.12666666666666668,,0.5399999999999999,,0.11333333333333334,0.6066666666666667,0.24666666666666667,0.7933333333333333,0.7266666666666666
2025-10-15 00:00:00+00:00,0.8133333333333334,0.46666666666666673,,0.9466666666666667,,,0.3866666666666667,0.24,0.3133333333333333,0.4466666666666666,0.38000000000000006,,,0.8133333333333335,,0.9866666666666667,,0.7266666666666666,,0.43333333333333335,,0.6466666666666667,,0.24666666666666667,0.6666666666666666,0.3933333333333333,0.26666666666666666,0.10666666666666667,0.43333333333333335,0.7533333333333334,0.9199999999999999,,0.06666666666666667,0.5533333333333333,,0.49333333333333335,,0.5466666666666667,0.39999999999999997,0.7799999999999999,,,,0.8066666666666666,0.6266666666666666,0.7266666666666666,0.5533333333333333,,0.7066666666666667,,,,0.7133333333333333,,,0.04666666666666667,0.12666666666666668,0.3,0.17333333333333334,,,0.5,,0.45333333333333337,,0.8866666666666667,,,0.4066666666666667,0.68,,,0.41333333333333333,0.09999999999999999,,0.6266666666666667,,0.15333333333333335,0.6533333333333333,0.20000000000000004,0.7066666666666667,0.7133333333333334
2025-10-16 00:00:00+00:00,0.6533333333333333,0.3933333333333333,,0.9266666666666666,,,0.3466666666666667,0.23333333333333336,0.38000000000000006,0.5733333333333334,0.3466666666666667,,,0.64,,0.9933333333333333,,0.6066666666666666,,0.45999999999999996,,0.7466666666666667,,0.30666666666666664,0.7333333333333334,0.3466666666666667,0.3666666666666667,0.12666666666666668,0.39999999999999997,0.7999999999999999,0.9066666666666666,,0.04666666666666667,0.5733333333333334,,0.5666666666666668,,0.44,0.38666666666666666,0.8866666666666667,,,,0.8066666666666666,0.43999999999999995,0.7333333333333334,0.5733333333333334,,0.8266666666666667,,,,0.62,,,0.02666666666666667,0.13999999999999999,0.3333333333333333,0.21333333333333335,,,0.58,,0.3866666666666667,,0.8133333333333335,,,0.3466666666666667,0.7000000000000001,,,0.5066666666666667,0.22666666666666668,,0.68,,0.11333333333333334,0.4466666666666667,0.12666666666666668,0.6933333333333334,0.98
2025-10-17 00:00:00+00:00,0.45999999999999996,0.39999999999999997,,0.8333333333333334,,,0.29333333333333333,0.26,0.4466666666666667,0.6666666666666666,0.3666666666666667,,,0.5533333333333333,,0.9933333333333333,,0.4466666666666666,,0.5866666666666667,,0.8066666666666666,,0.17333333333333334,0.8333333333333334,0.2866666666666667,0.3133333333333333,0.15333333333333332,0.4066666666666667,0.8000000000000002,0.9266666666666666,,0.02,0.6333333333333333,,0.6466666666666666,,0.4733333333333334,0.36000000000000004,0.9199999999999999,,,,0.8333333333333334,0.54,0.7799999999999999,0.44,,0.9199999999999999,,,,0.5066666666666667,,,0.04,0.18000000000000002,0.46666666666666673,0.18666666666666668,,,0.5866666666666667,,0.38000000000000006,,0.68,,,0.26666666666666666,0.6733333333333333,,,0.5533333333333333,0.38000000000000006,,0.5933333333333334,,0.24666666666666662,0.38666666666666666,0.10000000000000002,0.7133333333333334,0.9866666666666667
2025-10-18 00:00:00+00:00,0.19333333333333336,0.4266666666666667,,0.7400000000000001,,,0.32,0.35333333333333333,0.5,0.7466666666666667,0.32666666666666666,,,0.08,,0.7933333333333333,,0.36666666666666664,,0.7666666666666666,,0.86,,0.19999999999999998,0.7266666666666667,0.36000000000000004,0.4266666666666667,0.32,0.5733333333333334,0.84,0.8066666666666666,,0.04666666666666667,0.52,,0.68,,0.42,0.48666666666666664,0.7866666666666666,,,,0.8466666666666667,0.4666666666666666,0.8266666666666668,0.49333333333333335,,0.98,,,,0.45999999999999996,,,0.04666666666666667,0.22666666666666668,0.5266666666666666,0.32,,,0.6866666666666666,,0.39999999999999997,,0.5933333333333334,,,0.3,0.7533333333333334,,,0.6266666666666666,0.15333333333333335,,0.7266666666666666,,0.3133333333333334,0.4066666666666667,0.12666666666666668,0.58,0.9733333333333333
2025-10-19 00:00:00+00:00,0.27999999999999997,0.45999999999999996,,0.6933333333333334,,,0.26666666666666666,0.25333333333333335,0.48000000000000004,0.6466666666666666,0.12000000000000001,,,0.06,,0.7333333333333334,,0.3666666666666667,,0.7999999999999999,,0.9533333333333333,,0.16,0.8066666666666666,0.6,0.35999999999999993,0.21333333333333335,0.5333333333333333,0.7666666666666666,0.8866666666666667,,0.09333333333333332,0.3666666666666667,,0.6866666666666666,,0.45333333333333337,0.39999999999999997,0.6866666666666665,,,,0.84,0.43333333333333335,0.8000000000000002,0.5466666666666667,,0.9466666666666667,,,,0.17333333333333334,,,0.06666666666666667,0.34,0.62,0.3466666666666667,,,0.6666666666666666,,0.45999999999999996,,0.84,,,0.3066666666666667,0.7466666666666667,,,0.7400000000000001,0.26,,0.5666666666666667,,0.24666666666666667,0.48,0.3133333333333333,0.6466666666666666,0.9866666666666667
2025-10-20 00:00:00+00:00,0.3333333333333333,0.4466666666666667,,0.6133333333333334,,,0.20000000000000004,0.17333333333333334,0.49333333333333335,0.5933333333333333,0.16,,,0.06,,0.6866666666666666,,0.37333333333333335,,0.7333333333333333,,0.9533333333333333,,0.09999999999999999,0.8466666666666667,0.6066666666666668,0.42,0.28,0.4266666666666667,0.7599999999999999,0.8266666666666667,,0.19333333333333333,0.4000000000000001,,0.6466666666666666,,0.37333333333333335,0.2333333333333333,0.5733333333333334,,,,0.88,0.4066666666666667,0.8133333333333334,0.62,,0.9533333333333333,,,,0.24666666666666667,,,0.11333333333333334,0.40666666666666673,0.5666666666666667,0.37999999999999995,,,0.7133333333333334,,0.42,,0.7133333333333333,,,0.3466666666666667,0.7666666666666666,,,0.7733333333333334,0.7600000000000001,,0.6,,0.3066666666666667,0.4266666666666667,0.24666666666666667,0.5533333333333333,0.98
2025-10-21 00:00:00+00:00,0.3666666666666667,0.39999999999999997,,0.58,,,0.19999999999999998,0.19333333333333333,0.39333333333333337,0.52,0.08,,,0.10000000000000002,,0.6733333333333333,,0.49333333333333335,,0.6333333333333334,,0.9533333333333333,,0.20000000000000004,0.6266666666666666,0.6066666666666667,0.42,0.22666666666666666,0.32666666666666666,0.7333333333333333,0.7200000000000001,,0.25999999999999995,0.9466666666666667,,0.5933333333333334,,0.3866666666666667,0.3466666666666667,0.52,,,,0.7533333333333333,0.8266666666666667,0.82,0.7666666666666666,,0.9266666666666666,,,,0.12666666666666668,,,0.16,0.26666666666666666,0.54,0.3866666666666667,,,0.66,,0.34,,0.5733333333333334,,,0.20666666666666667,0.7866666666666667,,,0.8066666666666666,0.6866666666666666,,0.48666666666666664,,0.3466666666666667,0.48,0.6666666666666666,0.43333333333333335,0.9533333333333333
2025-10-22 00:00:00+00:00,0.32,0.3666666666666667,,0.5266666666666667,,,0.22666666666666666,0.17333333333333334,0.37999999999999995,0.5666666666666668,0.06666666666666667,,,0.12666666666666668,,0.54,,0.4666666666666666,,0.7133333333333333,,0.9533333333333333,,0.20666666666666667,0.6333333333333333,0.6866666666666666,0.46,0.19333333333333336,0.3333333333333333,0.8066666666666666,0.68,,0.3266666666666667,0.8866666666666667,,0.5733333333333334,,0.3733333333333333,0.2133333333333333,0.5866666666666668,,,,0.8266666666666667,0.6333333333333333,0.7266666666666666,0.6533333333333333,,0.9266666666666666,,,,0.17333333333333334,,,0.12666666666666665,0.32666666666666666,0.52,0.37999999999999995,,,0.62,,0.46,,0.5933333333333334,,,0.18000000000000002,0.6866666666666666,,,0.7133333333333334,0.9066666666666666,,0.5933333333333333,,0.42,0.48,0.64,0.5533333333333333,0.9733333333333333
2025-10-23 00:00:00+00:00,0.3466666666666667,0.35333333333333333,,0.5733333333333334,,,0.26,0.16666666666666666,0.3666666666666667,0.5666666666666668,0.06,,,0.13999999999999999,,0.7000000000000001,,0.48666666666666664,,0.6333333333333333,,0.9533333333333333,,0.17333333333333334,0.7933333333333333,0.6933333333333334,0.37333333333333335,0.15333333333333335,0.32,0.7733333333333333,0.7066666666666667,,0.3,0.9199999999999999,,0.49333333333333335,,0.4133333333333334,0.24666666666666667,0.8333333333333334,,,,0.84,0.6999999999999998,0.6533333333333333,0.7200000000000001,,0.9199999999999999,,,,0.21333333333333335,,,0.16,0.3333333333333333,0.5066666666666667,0.3933333333333333,,,0.7000000000000001,,0.49333333333333335,,0.5066666666666667,,,0.1466666666666667,0.6933333333333334,,,0.68,0.9,,0.47333333333333333,,0.17333333333333334,0.48666666666666664,0.6133333333333333,0.7200000000000001,0.6733333333333333
2025-10-24 00:00:00+00:00,0.6466666666666666,0.4666666666666666,,0.5866666666666667,,,0.25333333333333335,0.19999999999999998,0.42,0.4466666666666667,0.04666666666666666,,,0.17333333333333334,,0.7533333333333333,,0.7533333333333333,,0.6666666666666666,,0.98,,0.17333333333333334,0.5599999999999999,0.7066666666666667,0.38000000000000006,0.12666666666666668,0.32,0.6466666666666666,0.7066666666666667,,0.36000000000000004,0.9333333333333332,,0.45333333333333337,,0.23333333333333336,0.19999999999999998,0.6333333333333333,,,,0.8133333333333334,0.6066666666666666,0.6,0.6133333333333333,,0.7199999999999999,,,,0.3266666666666667,,,0.2866666666666667,0.35333333333333333,0.5333333333333333,0.48666666666666664,,,0.6,,0.64,,0.9,,,0.16,0.8000000000000002,,,0.6133333333333333,0.3066666666666667,,0.68,,0.15333333333333335,0.54,0.6266666666666666,0.6666666666666666,0.6466666666666666
2025-10-25 00:00:00+00:00,0.6133333333333333,0.4666666666666666,,0.66,,,0.24666666666666667,0.12666666666666668,0.4733333333333334,0.42,0.06,,,0.6133333333333333,,0.5599999999999999,,0.68,,0.5866666666666668,,0.9666666666666667,,0.26666666666666666,0.5599999999999999,0.5933333333333334,0.5333333333333333,0.14666666666666667,0.32666666666666666,0.6866666666666666,0.58,,0.3333333333333333,0.86,,0.47333333333333333,,0.43333333333333335,0.3666666666666667,0.5533333333333333,,,,0.7266666666666666,0.6533333333333333,0.7666666666666666,0.6533333333333333,,0.6133333333333333,,,,0.3333333333333333,,,0.2733333333333333,0.2933333333333333,0.5666666666666665,0.5533333333333333,,,0.7333333333333334,,0.5933333333333333,,0.7066666666666667,,,0.22666666666666668,0.6333333333333333,,,0.7399999999999999,0.02666666666666667,,0.46,,0.22,0.43333333333333335,0.7266666666666667,0.7066666666666667,0.6733333333333333
2025-10-26 00:00:00+00:00,0.5,0.49333333333333335,,0.52,,,0.34,0.08666666666666667,0.42,0.19333333333333336,0.04666666666666667,,,0.7266666666666666,,0.5133333333333333,,0.7666666666666666,,0.4666666666666666,,0.8866666666666667,,0.41333333333333333,0.5333333333333333,0.6066666666666668,0.49333333333333335,0.18666666666666668,0.3133333333333333,0.6266666666666666,0.6933333333333334,,0.36000000000000004,0.8466666666666667,,0.34,,0.45999999999999996,0.24,0.7200000000000001,,,,0.7866666666666667,0.7266666666666666,0.5733333333333334,0.7666666666666666,,0.66,,,,0.43333333333333335,,,0.2733333333333333,0.4266666666666667,0.47333333333333333,0.5466666666666666,,,0.6533333333333333,,0.4666666666666666,,0.8066666666666666,,,0.25333333333333335,0.5266666666666667,,,0.7999999999999999,0.02,,0.5466666666666667,,0.12666666666666668,0.5933333333333334,0.9266666666666666,0.6666666666666666,0.6533333333333333
2025-10-27 00:00:00+00:00,0.5800000000000001,0.4466666666666667,,0.44,,,0.5666666666666668,0.08666666666666667,0.48666666666666664,0.15333333333333332,0.09333333333333332,,,0.9533333333333333,,0.41333333333333333,,0.8333333333333334,,0.45999999999999996,,0.7333333333333333,,0.24,0.6133333333333334,0.6133333333333333,0.4933333333333334,0.22666666666666666,0.42,0.6733333333333333,0.82,,0.54,0.8533333333333334,,0.30666666666666664,,0.4666666666666666,0.38666666666666666,0.6133333333333333,,,,0.7733333333333334,0.62,0.4266666666666667,0.8466666666666667,,0.6,,,,0.4266666666666667,,,0.3066666666666667,0.3466666666666667,0.4466666666666667,0.36000000000000004,,,0.5133333333333333,,0.5733333333333334,,0.8666666666666667,,,0.2933333333333334,0.41333333333333333,,,0.8000000000000002,0.02,,0.7133333333333334,,0.21333333333333335,0.48,0.9199999999999999,0.4000000000000001,0.6266666666666666
2025-10-28 00:00:00+00:00,0.5466666666666667,0.4466666666666666,,0.3666666666666667,,,0.5266666666666667,0.45999999999999996,0.5466666666666667,0.14666666666666667,0.16666666666666666,,,0.9733333333333333,,0.6333333333333333,,0.9533333333333333,,0.6133333333333333,,0.7333333333333334,,0.20000000000000004,0.5266666666666667,0.58,0.5266666666666667,0.18000000000000002,0.46,0.7799999999999999,0.9,,0.5866666666666667,0.5933333333333334,,0.4000000000000001,,0.7600000000000001,0.24,0.32,,,,0.7200000000000001,0.42,0.4266666666666667,0.9266666666666666,,0.5533333333333333,,,,0.43333333333333335,,,0.34,0.31333333333333335,0.36000000000000004,0.36000000000000004,,,0.49333333333333335,,0.5666666666666667,,0.8666666666666667,,,0.35333333333333333,0.3866666666666667,,,0.7533333333333333,0.02,,0.66,,0.21333333333333335,0.3666666666666667,0.9199999999999999,0.3866666666666667,0.49333333333333335
2025-10-29 00:00:00+00:00,0.47333333333333333,0.3666666666666667,,0.5666666666666667,,,0.56,0.14,0.46,0.14666666666666667,0.10666666666666665,,,0.98,,0.6933333333333334,,0.96,,0.6466666666666666,,0.66,,0.5599999999999999,0.41333333333333333,0.5133333333333333,0.5866666666666666,0.18000000000000002,0.5133333333333333,0.6866666666666665,0.8466666666666667,,0.3333333333333333,0.6066666666666666,,0.3066666666666667,,0.9466666666666667,0.31333333333333335,0.4533333333333333,,,,0.6,0.6000000000000001,0.5533333333333333,0.8866666666666667,,0.64,,,,0.2866666666666667,,,0.24,0.34,0.17333333333333334,0.4733333333333334,,,0.5666666666666668,,0.44,,0.88,,,0.30000000000000004,0.3333333333333333,,,0.7733333333333334,0.02,,0.6533333333333333,,0.18000000000000002,0.6133333333333333,0.9066666666666666,0.5466666666666667,0.47333333333333333
2025-10-30 00:00:00+00:00,0.48,0.3066666666666667,,0.4466666666666666,,,0.62,0.11333333333333333,0.5466666666666667,0.13999999999999999,0.17333333333333334,,,0.9866666666666667,,0.5866666666666667,,0.8266666666666667,,0.35333333333333333,,0.68,,0.38000000000000006,0.5733333333333334,0.4266666666666667,0.5933333333333334,0.45333333333333337,0.45999999999999996,0.6266666666666667,0.6066666666666666,,0.5,0.66,,0.36000000000000004,,0.98,0.2066666666666667,0.5599999999999999,,,,0.7666666666666667,0.7466666666666667,0.4533333333333333,0.9199999999999999,,0.5800000000000001,,,,0.6066666666666666,,,0.4133333333333334,0.38000000000000006,0.32,0.5066666666666667,,,0.54,,0.54,,0.8799999999999999,,,0.39999999999999997,0.30666666666666664,,,0.8733333333333334,0.02,,0.5066666666666667,,0.16,0.41333333333333333,0.86,0.38666666666666666,0.2733333333333333
2025-10-31 00:00:00+00:00,0.5533333333333333,0.20666666666666667,,0.5599999999999999,,,0.6733333333333333,0.12666666666666668,0.28,0.18666666666666668,0.2066666666666667,,,0.98,,0.6066666666666667,,0.8466666666666667,,0.43333333333333335,,0.7066666666666667,,0.6666666666666666,0.54,0.5533333333333333,0.5599999999999999,0.37333333333333335,0.5266666666666667,0.8133333333333334,0.8333333333333334,,0.45999999999999996,0.66,,0.25333333333333335,,0.9866666666666667,0.46666666666666673,0.6466666666666666,,,,0.58,0.7000000000000001,0.5333333333333333,0.8999999999999999,,0.7066666666666667,,,,0.48666666666666664,,,0.2866666666666667,0.11333333333333333,0.19333333333333336,0.30666666666666664,,,0.6133333333333334,,0.5866666666666667,,0.7933333333333333,,,0.26,0.3666666666666667,,,0.8466666666666667,0.02,,0.42,,0.14,0.42,0.8666666666666667,0.36000000000000004,0.29333333333333333
2025-11-01 00:00:00+00:00,0.8466666666666667,0.3,,0.6133333333333333,,0.9066666666666666,0.6066666666666667,0.2466666666666667,0.40666666666666673,0.3466666666666667,0.18000000000000002,,,0.9533333333333333,,0.84,,0.7933333333333333,,0.3466666666666667,,,,0.5933333333333334,0.3333333333333333,0.56,0.45333333333333337,0.15333333333333335,0.5066666666666667,0.8266666666666667,0.7533333333333333,,0.5666666666666667,0.8066666666666666,,0.32666666666666666,,0.98,0.44,0.5866666666666668,,,,0.64,0.7066666666666667,,0.84,,0.5666666666666668,,,,0.24666666666666667,,,0.14666666666666667,0.18666666666666668,0.28,0.35333333333333333,,,0.5933333333333334,,0.7133333333333334,0.4466666666666666,0.7533333333333333,,,0.3266666666666667,0.4266666666666666,,0.18666666666666668,0.8333333333333334,0.06666666666666667,,0.3333333333333333,,0.08666666666666667,0.34,0.8733333333333334,,0.28
2025-11-02 00:00:00+00:00,0.7266666666666667,0.16,,0.5933333333333334,,0.7999999999999999,0.56,0.8866666666666666,0.4466666666666667,0.3333333333333333,0.16,,,0.98,,0.7466666666666667,,0.6533333333333333,,0.31333333333333335,,,,0.4200000000000001,0.20666666666666667,0.32,0.4733333333333334,0.19333333333333333,0.54,0.82,0.62,,0.7600000000000001,0.7799999999999999,,0.3466666666666667,,0.9666666666666667,0.8733333333333334,0.6733333333333332,,,,0.5666666666666667,0.49333333333333335,,0.8999999999999999,,0.5133333333333333,,,,0.30666666666666664,,,0.16666666666666666,0.3333333333333333,0.37333333333333335,0.26,,,0.6866666666666666,,0.7000000000000001,0.41333333333333333,0.4066666666666667,,,0.13333333333333333,0.6266666666666668,,0.4266666666666666,0.9133333333333332,0.2866666666666667,,0.29333333333333333,,0.4466666666666667,0.09999999999999999,0.5333333333333333,,0.26666666666666666
2025-11-03 00:00:00+00:00,0.7799999999999999,0.1466666666666667,,0.52,,0.6733333333333333,0.5466666666666667,0.8533333333333332,0.47333333333333333,0.46666666666666673,0.11333333333333333,,,0.84,,0.7000000000000001,,0.5,,0.3266666666666667,,,,0.5199999999999999,0.12000000000000001,0.24,0.5133333333333333,0.4000000000000001,0.52,0.8533333333333334,0.52,,0.7466666666666666,0.7399999999999999,,0.4000000000000001,,0.9533333333333333,0.9933333333333333,0.5466666666666667,,,,0.5466666666666667,0.7200000000000001,,0.88,,0.5,,,,0.25333333333333335,,,0.26666666666666666,0.28,0.3466666666666667,0.3466666666666667,,,0.6866666666666666,,0.6666666666666666,0.6266666666666666,0.5466666666666667,,,0.10000000000000002,0.5,,0.45333333333333337,0.8333333333333334,0.3066666666666667,,0.27999999999999997,,0.18666666666666668,0.12000000000000001,0.68,,0.3666666666666667
2025-11-04 00:00:00+00:00,0.6466666666666666,0.14666666666666667,,0.6,,0.8866666666666667,0.32,0.9066666666666666,0.3933333333333333,0.18000000000000002,0.22000000000000006,,,0.8733333333333334,,0.7533333333333333,,0.4466666666666667,,0.4066666666666667,,,,0.4799999999999999,0.34,0.32666666666666666,0.43333333333333335,0.5466666666666666,0.64,0.9,0.49333333333333335,,0.7333333333333334,0.4533333333333333,,0.40666666666666673,,0.9533333333333333,0.9933333333333333,0.7333333333333334,,,,0.54,0.43333333333333335,,0.7666666666666667,,0.6733333333333333,,,,0.11333333333333333,,,0.11333333333333334,0.3133333333333333,0.4733333333333334,0.24666666666666667,,,0.7333333333333334,,0.62,0.84,0.3466666666666667,,,0.08,0.64,,0.52,0.8266666666666667,0.10666666666666669,,0.37333333333333335,,0.3066666666666667,0.08,0.56,,0.58
2025-11-05 00:00:00+00:00,0.48666666666666664,0.13333333333333333,,0.47333333333333333,,0.8866666666666667,0.09999999999999999,0.9666666666666667,0.5733333333333334,0.3666666666666667,0.24,,,0.6533333333333333,,0.6333333333333333,,0.15333333333333335,,0.5266666666666667,,,,0.26,0.5666666666666668,0.32,0.5,0.66,0.4666666666666666,0.86,0.09999999999999999,,0.7066666666666667,0.5466666666666667,,0.48,,0.88,1.0,0.7400000000000001,,,,0.6533333333333334,0.48,,0.8133333333333335,,0.7533333333333333,,,,0.12666666666666668,,,0.25333333333333335,0.4466666666666667,0.6866666666666666,0.3,,,0.6999999999999998,,0.5133333333333333,0.8866666666666667,0.14666666666666667,,,0.16,0.6533333333333333,,0.5933333333333333,0.9133333333333332,0.31333333333333335,,0.37333333333333335,,0.3466666666666667,0.08,0.43333333333333335,,0.5933333333333333
2025-11-06 00:00:00+00:00,0.7400000000000001,0.17333333333333334,,0.5800000000000001,,0.8866666666666667,0.04,0.9733333333333333,0.6066666666666666,0.5133333333333333,0.21333333333333335,,,0.6133333333333333,,0.37333333333333335,,0.38000000000000006,,0.5133333333333333,,,,0.27999999999999997,0.35333333333333333,0.26,0.6,0.6866666666666666,0.4000000000000001,0.8466666666666667,0.15333333333333335,,0.6466666666666667,0.5466666666666667,,0.6133333333333333,,0.7799999999999999,1.0,0.3466666666666667,,,,0.62,0.26666666666666666,,0.8733333333333334,,0.68,,,,0.26666666666666666,,,0.44666666666666677,0.32,0.4266666666666667,0.21333333333333335,,,0.7333333333333334,,0.5533333333333333,0.7999999999999999,0.3,,,0.08,0.5266666666666667,,0.52,0.8333333333333334,0.32666666666666666,,0.5266666666666667,,0.5133333333333334,0.12666666666666665,0.82,,0.6066666666666667
2025-11-07 00:00:00+00:00,0.6866666666666665,0.18000000000000002,,0.5133333333333333,,0.8066666666666666,0.26666666666666666,0.98,0.6666666666666666,0.5733333333333334,0.29333333333333333,,,0.5933333333333334,,0.17333333333333334,,0.08,,0.5266666666666667,,,,0.22666666666666668,0.37333333333333335,0.21333333333333337,0.68,0.7066666666666667,0.3333333333333333,0.8666666666666667,0.14,,0.9533333333333333,0.52,,0.56,,0.62,1.0,0.3666666666666667,,,,0.5333333333333333,0.34,,0.7799999999999999,,0.6333333333333333,,,,0.7866666666666666,,,0.5066666666666667,0.39333333333333337,0.6333333333333333,0.22666666666666668,,,0.7666666666666666,,0.5066666666666667,0.8533333333333334,0.13333333333333333,,,0.15333333333333332,0.6333333333333333,,0.6,0.84,0.19333333333333336,,0.52,,0.32,0.11333333333333334,0.5533333333333333,,0.58
2025-11-08 00:00:00+00:00,0.3066666666666667,0.2066666666666667,,0.6866666666666665,,0.52,0.45333333333333337,0.98,0.5266666666666667,0.6533333333333333,0.32,,,0.62,,0.15333333333333335,,0.05333333333333334,,0.6066666666666668,,,,0.11333333333333333,0.5,0.30666666666666664,0.82,0.6333333333333334,0.41333333333333333,0.9,0.08,,0.96,0.36000000000000004,,0.5133333333333333,,0.5266666666666667,1.0,0.22666666666666666,,,,0.47333333333333333,0.22666666666666668,,0.8466666666666667,,0.5,,,,0.94,,,0.5199999999999999,0.8000000000000002,0.8866666666666667,0.28,,,0.6666666666666666,,0.6133333333333333,0.5333333333333333,0.05333333333333334,,,0.10666666666666667,0.6333333333333333,,0.8066666666666666,0.84,0.22,,0.5533333333333333,,0.54,0.18666666666666668,0.28,,0.5533333333333333
2025-11-09 00:00:00+00:00,0.32,0.24000000000000002,,0.6533333333333333,,0.5599999999999999,0.36666666666666664,0.96,0.54,0.5666666666666668,0.25999999999999995,,,0.45999999999999996,,0.22666666666666666,,0.02666666666666667,,0.6466666666666666,,,,0.07333333333333333,0.5199999999999999,0.3,0.8733333333333334,0.6466666666666667,0.3333333333333333,0.8333333333333334,0.10666666666666667,,0.9733333333333333,0.3333333333333333,,0.5666666666666667,,0.5933333333333334,1.0,0.19333333333333336,,,,0.4066666666666667,0.2333333333333333,,0.8866666666666667,,0.82,,,,0.9466666666666667,,,0.5333333333333333,0.7733333333333334,0.8066666666666666,0.28,,,0.6666666666666666,,0.6266666666666666,0.5733333333333334,0.06666666666666667,,,0.1466666666666667,0.5266666666666667,,0.8266666666666667,0.7399999999999999,0.34,,0.6866666666666666,,0.4533333333333333,0.14666666666666667,0.24,,0.6
2025-11-10 00:00:00+00:00,0.35333333333333333,0.24,,0.6733333333333333,,0.7399999999999999,0.41333333333333333,0.94,0.5266666666666667,0.5666666666666668,0.21333333333333335,,,0.3666666666666667,,0.18666666666666668,,0.04666666666666667,,0.49333333333333335,,,,0.07333333333333335,0.5,0.3133333333333333,0.8666666666666667,0.6533333333333333,0.3333333333333333,0.7733333333333333,0.16666666666666666,,0.9733333333333333,0.3466666666666667,,0.56,,0.5933333333333334,1.0,0.18666666666666668,,,,0.49333333333333335,0.22666666666666666,,0.9133333333333334,,0.7266666666666667,,,,0.9666666666666667,,,0.5466666666666666,0.7066666666666667,0.8133333333333334,0.19999999999999998,,,0.7399999999999999,,0.6466666666666666,0.4666666666666666,0.08,,,0.09999999999999999,0.5800000000000001,,0.7799999999999999,0.7666666666666666,0.30000000000000004,,0.9,,0.42,0.13333333333333333,0.3466666666666667,,0.5466666666666667
2025-11-11 00:00:00+00:00,0.48000000000000004,0.19999999999999998,,0.7200000000000001,,0.6333333333333333,0.4666666666666666,0.88,0.52,0.6333333333333333,0.18666666666666668,,,0.3466666666666667,,0.08666666666666667,,0.06666666666666667,,0.41333333333333333,,,,0.18000000000000002,0.6266666666666666,0.3,0.8066666666666666,0.7866666666666666,0.3933333333333333,0.6066666666666667,0.11333333333333334,,0.9466666666666667,0.2866666666666667,,0.5733333333333334,,0.7533333333333333,0.9933333333333333,0.26,,,,0.6000000000000001,0.22666666666666668,,0.8466666666666667,,0.5466666666666667,,,,0.9266666666666666,,,0.6333333333333334,0.6333333333333334,0.6133333333333333,0.2066666666666667,,,0.6666666666666666,,0.54,0.24666666666666667,0.12,,,0.09333333333333334,0.8333333333333334,,0.7533333333333333,0.7533333333333333,0.4266666666666667,,0.9866666666666667,,0.35333333333333333,0.27999999999999997,0.5466666666666666,,0.40666666666666673
2025-11-12 00:00:00+00:00,0.5,0.25333333333333335,,0.7266666666666667,,0.5866666666666668,0.62,0.6933333333333334,0.3666666666666667,0.6666666666666666,0.22666666666666668,,,0.4466666666666666,,0.08,,0.11333333333333334,,0.6133333333333333,,,,0.10666666666666667,0.48,0.32,0.8733333333333332,0.6266666666666666,0.4466666666666667,0.6866666666666666,0.14666666666666667,,0.9533333333333333,0.2733333333333334,,0.6066666666666666,,0.52,0.7666666666666666,0.14666666666666667,,,,0.5533333333333333,0.2333333333333333,,0.9,,0.58,,,,0.9466666666666667,,,0.6533333333333333,0.7866666666666667,0.7066666666666667,0.20666666666666667,,,0.6733333333333333,,0.6133333333333334,0.12,0.08,,,0.07333333333333333,0.6866666666666666,,0.7666666666666666,0.8333333333333334,0.5733333333333334,,0.9866666666666667,,0.3866666666666667,0.22666666666666668,0.58,,0.48666666666666664
2025-11-13 00:00:00+00:00,0.4466666666666667,0.18666666666666668,,0.6066666666666666,,0.6266666666666666,0.68,0.84,0.20666666666666667,0.6733333333333333,0.23333333333333336,,,0.62,,0.08666666666666667,,0.14,,0.45999999999999996,,,,0.20666666666666667,0.36000000000000004,0.32,0.8066666666666666,0.5866666666666668,0.48000000000000004,0.7066666666666667,0.19999999999999998,,0.9733333333333333,0.30666666666666664,,0.54,,0.45999999999999996,0.82,0.1466666666666667,,,,0.45333333333333337,0.24666666666666667,,0.9,,0.7799999999999999,,,,0.9333333333333332,,,0.6333333333333333,0.7933333333333333,0.7999999999999999,0.18000000000000002,,,0.68,,0.5733333333333334,0.04666666666666666,0.05333333333333334,,,0.06666666666666667,0.7266666666666667,,0.7466666666666667,0.88,0.62,,0.9733333333333333,,0.43333333333333335,0.20666666666666667,0.6,,0.4533333333333333
2025-11-14 00:00:00+00:00,0.4000000000000001,0.22666666666666668,,0.6333333333333333,,0.54,0.66,0.64,0.19333333333333336,0.7066666666666667,0.24666666666666667,,,0.7333333333333334,,0.07333333333333335,,0.16,,0.39333333333333337,,,,0.21333333333333335,0.5866666666666666,0.3466666666666667,0.7466666666666667,0.64,0.48666666666666675,0.6866666666666666,0.12666666666666668,,0.8066666666666666,0.34,,0.5533333333333333,,0.43999999999999995,0.7000000000000001,0.16666666666666666,,,,0.5266666666666667,0.26,,0.9066666666666666,,0.7333333333333334,,,,0.9199999999999999,,,0.6666666666666666,0.8000000000000002,0.7533333333333333,0.21333333333333335,,,0.5733333333333334,,0.54,0.08,0.04,,,0.08666666666666667,0.7133333333333333,,0.7333333333333334,0.9333333333333332,0.7200000000000001,,0.9866666666666667,,0.5533333333333333,0.26666666666666666,0.6866666666666666,,0.36000000000000004
2025-11-15 00:00:00+00:00,0.34,0.16666666666666666,,0.5466666666666666,,0.37333333333333335,0.7333333333333334,0.6733333333333333,0.24666666666666667,0.7133333333333334,0.20666666666666667,,,0.6933333333333334,,0.24666666666666667,,0.08,,0.31333333333333335,,,,0.20666666666666667,0.5933333333333333,0.30666666666666664,0.7666666666666666,0.7666666666666666,0.5333333333333333,0.5800000000000001,0.25999999999999995,,0.8466666666666667,0.45999999999999996,,0.5733333333333334,,0.4066666666666667,0.7733333333333334,0.20666666666666667,,,,0.6333333333333333,0.31333333333333335,,0.9266666666666666,,0.7600000000000001,,,,0.86,,,0.7266666666666667,0.7666666666666666,0.7133333333333334,0.12,,,0.52,,0.44,0.21333333333333335,0.08,,,0.04666666666666667,0.7600000000000001,,0.6866666666666665,0.8666666666666667,0.7066666666666667,,0.98,,0.5,0.25333333333333335,0.7466666666666666,,0.26666666666666666
2025-11-16 00:00:00+00:00,0.39333333333333337,0.14666666666666667,,0.62,,0.7200000000000001,0.7000000000000001,0.7000000000000001,0.2066666666666667,0.7533333333333334,0.20000000000000004,,,0.7799999999999999,,0.25333333333333335,,0.12666666666666668,,0.34,,,,0.29333333333333333,0.5533333333333333,0.47333333333333333,0.68,0.7266666666666667,0.5133333333333333,0.7799999999999999,0.26,,0.84,0.45999999999999996,,0.49333333333333335,,0.37333333333333335,0.6866666666666666,0.19333333333333336,,,,0.5933333333333334,0.3666666666666667,,0.9066666666666666,,0.4266666666666667,,,,0.7466666666666666,,,0.7399999999999999,0.7466666666666667,0.7666666666666666,0.10666666666666667,,,0.5066666666666667,,0.39333333333333337,0.26666666666666666,0.08666666666666667,,,0.04666666666666667,0.7600000000000001,,0.5533333333333333,0.9333333333333332,0.7199999999999999,,0.9666666666666667,,0.32,0.28,0.7333333333333334,,0.26666666666666666
2025-11-17 00:00:00+00:00,0.3333333333333333,0.10666666666666667,,0.6133333333333333,,0.6933333333333334,0.6333333333333334,0.8533333333333334,0.24,0.7266666666666667,0.22,,,0.7933333333333333,,0.32666666666666666,,0.09333333333333334,,0.4666666666666666,,,,0.13333333333333333,0.5733333333333334,0.3866666666666667,0.7466666666666666,0.7000000000000001,0.4133333333333334,0.82,0.13333333333333333,,0.9266666666666666,0.49333333333333335,,0.4466666666666666,,0.3466666666666667,0.7533333333333333,0.15333333333333335,,,,0.5466666666666667,0.30000000000000004,,0.7599999999999999,,0.62,,,,0.6933333333333334,,,0.7533333333333333,0.8000000000000002,0.7933333333333333,0.1466666666666667,,,0.5466666666666667,,0.44,0.16666666666666666,0.06,,,0.04,0.7799999999999999,,0.5866666666666668,0.9333333333333332,0.7666666666666666,,0.9866666666666667,,0.37333333333333335,0.26666666666666666,0.7066666666666667,,0.3066666666666667
2025-11-18 00:00:00+00:00,0.32666666666666666,0.09333333333333334,,0.46,,0.5933333333333334,0.7066666666666667,0.8866666666666667,0.26666666666666666,0.7466666666666667,0.20666666666666667,,,0.8333333333333334,,0.37333333333333335,,0.060000000000000005,,0.5533333333333332,,,,0.07333333333333333,0.4466666666666667,0.32666666666666666,0.7333333333333333,0.6266666666666666,0.39333333333333337,0.7266666666666666,0.17333333333333334,,0.9533333333333333,0.48000000000000004,,0.5133333333333333,,0.34,0.9666666666666667,0.20666666666666667,,,,0.4266666666666667,0.3066666666666667,,0.8266666666666667,,0.68,,,,0.8866666666666667,,,0.7066666666666667,0.82,0.82,0.18666666666666665,,,0.5133333333333333,,0.39999999999999997,0.23333333333333336,0.06666666666666667,,,0.05333333333333334,0.6866666666666665,,0.6333333333333333,0.9133333333333332,0.7999999999999999,,0.94,,0.4066666666666667,0.19999999999999998,0.5266666666666667,,0.39999999999999997
2025-11-19 00:00:00+00:00,0.34,0.06666666666666667,,0.4266666666666667,,0.42,0.8266666666666667,0.7400000000000001,0.24666666666666667,0.7333333333333334,0.12000000000000001,,,0.96,,0.47333333333333333,,0.04666666666666667,,0.5666666666666668,,,,0.34,0.5933333333333334,0.46,0.7000000000000001,0.7133333333333334,0.42,0.7333333333333333,0.18000000000000002,,0.9466666666666667,0.48666666666666664,,0.4333333333333333,,0.3,0.68,0.22,,,,0.5666666666666668,0.28,,0.9066666666666667,,0.6866666666666666,,,,0.8266666666666667,,,0.7600000000000001,0.8933333333333332,0.8466666666666667,0.10000000000000002,,,0.5333333333333333,,0.44,0.18666666666666668,0.22666666666666666,,,0.04666666666666667,0.8333333333333334,,0.45999999999999996,0.8333333333333334,0.5199999999999999,,0.9199999999999999,,0.38000000000000006,0.20666666666666667,0.5599999999999999,,0.31333333333333335
2025-11-20 00:00:00+00:00,0.32,0.06666666666666667,,0.4266666666666667,,0.6866666666666666,0.88,0.7799999999999999,0.35333333333333333,0.7266666666666667,0.14,,,0.82,,0.3866666666666667,,0.03333333333333333,,0.6333333333333334,,,,0.2733333333333334,0.7200000000000001,0.38000000000000006,0.7200000000000001,0.64,0.42666666666666675,0.6933333333333334,0.15333333333333335,,0.9466666666666667,0.24666666666666667,,0.40666666666666673,,0.26666666666666666,0.6666666666666666,0.3133333333333333,,,,0.56,0.26666666666666666,,0.8666666666666667,,0.8933333333333332,,,,0.96,,,0.7399999999999999,0.8533333333333334,0.8266666666666667,0.14,,,0.52,,0.3666666666666667,0.14,0.21333333333333335,,,0.04,0.8133333333333334,,0.5866666666666668,0.7999999999999999,0.48666666666666664,,0.9866666666666667,,0.4466666666666666,0.16666666666666666,0.30666666666666664,,0.41333333333333333
2025-11-21 00:00:00+00:00,0.34,0.06,,0.39999999999999997,,0.66,0.7933333333333333,0.7399999999999999,0.3466666666666667,0.8666666666666666,0.20666666666666667,,,0.8733333333333334,,0.35333333333333333,,0.02666666666666667,,0.7733333333333333,,,,0.20000000000000004,0.62,0.43333333333333335,0.6866666666666666,0.6066666666666666,0.38000000000000006,0.68,0.12666666666666668,,0.9066666666666666,0.19999999999999998,,0.45999999999999996,,0.3,0.68,0.2733333333333334,,,,0.5066666666666667,0.32,,0.7933333333333333,,0.84,,,,0.7666666666666666,,,0.7666666666666666,0.94,0.8799999999999999,0.11333333333333334,,,0.48666666666666664,,0.36000000000000004,0.1466666666666667,0.39999999999999997,,,0.05333333333333334,0.82,,0.5266666666666667,0.8333333333333334,0.4000000000000001,,0.9,,0.5466666666666667,0.19333333333333336,0.30666666666666664,,0.6066666666666667
2025-11-22 00:00:00+00:00,0.64,0.05333333333333334,,0.32,,0.8533333333333332,0.6066666666666666,0.8133333333333334,0.35333333333333333,0.7666666666666666,0.2866666666666667,,,0.9866666666666667,,0.17333333333333334,,0.03333333333333333,,0.7200000000000001,,,,0.41333333333333333,0.6666666666666666,0.44,0.5866666666666667,0.5466666666666667,0.4000000000000001,0.7599999999999999,0.22666666666666668,,0.94,0.24,,0.5133333333333333,,0.4333333333333333,0.8266666666666667,0.16666666666666666,,,,0.45333333333333337,0.32,,0.7266666666666666,,0.8133333333333334,,,,0.7599999999999999,,,0.5133333333333333,0.8266666666666667,0.8333333333333334,0.15333333333333335,,,0.3333333333333333,,0.24,0.06,0.5,,,0.05333333333333334,0.84,,0.4666666666666666,0.7733333333333333,0.4000000000000001,,0.9733333333333333,,0.5,0.2866666666666667,0.4466666666666667,,0.46
2025-11-23 00:00:00+00:00,0.7200000000000001,0.07333333333333333,,0.32666666666666666,,0.7333333333333334,0.5933333333333334,0.8999999999999999,0.3333333333333333,0.7933333333333333,0.26666666666666666,,,1.0,,0.10666666666666667,,0.03333333333333333,,0.7400000000000001,,,,0.5533333333333333,0.6266666666666666,0.38000000000000006,0.5666666666666667,0.6066666666666667,0.47333333333333333,0.84,0.26,,0.9666666666666667,0.21333333333333335,,0.4066666666666667,,0.5466666666666666,0.7733333333333333,0.18666666666666668,,,,0.6066666666666666,0.38000000000000006,,0.58,,0.6666666666666666,,,,0.6933333333333334,,,0.4266666666666666,0.84,0.88,0.19333333333333336,,,0.3466666666666667,,0.24666666666666667,0.06,0.4466666666666666,,,0.04666666666666667,0.8466666666666667,,0.38000000000000006,0.5933333333333334,0.3666666666666667,,0.94,,0.6333333333333333,0.34,0.5866666666666666,,0.37999999999999995
2025-11-24 00:00:00+00:00,0.7333333333333334,0.04666666666666667,,0.6266666666666666,,0.6,0.5133333333333333,0.9266666666666666,0.2733333333333334,0.7399999999999999,0.25333333333333335,,,0.9933333333333333,,0.17333333333333334,,0.08666666666666667,,0.66,,,,0.7066666666666667,0.6666666666666666,0.46666666666666673,0.41333333333333333,0.4333333333333333,0.44,0.8333333333333334,0.23333333333333336,,0.9333333333333332,0.22,,0.4000000000000001,,0.8999999999999999,0.82,0.12666666666666668,,,,0.4666666666666666,0.39999999999999997,,0.6066666666666666,,0.6333333333333334,,,,0.6,,,0.3466666666666667,0.82,0.8266666666666667,0.18666666666666668,,,0.2866666666666667,,0.28,0.11333333333333334,0.45999999999999996,,,0.02666666666666667,0.7799999999999999,,0.3266666666666667,0.52,0.4200000000000001,,0.8866666666666667,,0.5933333333333333,0.7000000000000001,0.68,,0.32
2025-11-25 00:00:00+00:00,0.7733333333333334,0.08666666666666667,,0.37333333333333335,,0.6533333333333333,0.30666666666666664,0.9133333333333334,0.3466666666666667,0.5933333333333334,0.2866666666666667,,,0.9933333333333333,,0.24,,0.09999999999999999,,0.5933333333333333,,,,0.5933333333333334,0.7600000000000001,0.6333333333333333,0.35333333333333333,0.52,0.3666666666666667,0.8733333333333334,0.42,,0.7866666666666666,0.38000000000000006,,0.2866666666666667,,0.7333333333333333,0.6733333333333333,0.09333333333333334,,,,0.6133333333333334,0.39333333333333337,,0.7066666666666667,,0.66,,,,0.6066666666666666,,,0.39999999999999997,0.7733333333333334,0.86,0.3466666666666666,,,0.32,,0.5466666666666667,0.04,0.5933333333333334,,,0.24,0.5466666666666667,,0.24666666666666667,0.5933333333333334,0.24666666666666667,,0.66,,0.62,0.6133333333333334,0.8466666666666667,,0.29333333333333333
2025-11-26 00:00:00+00:00,0.7866666666666666,0.06666666666666667,,0.49333333333333335,,0.6933333333333334,0.16666666666666666,0.9733333333333333,0.34,0.45999999999999996,0.4066666666666667,,,0.9733333333333333,,0.19999999999999998,,0.07333333333333333,,0.4666666666666666,,,,0.62,0.7266666666666667,0.5266666666666667,0.3,0.66,0.31333333333333335,0.88,0.32,,0.8733333333333334,0.3666666666666667,,0.3466666666666667,,0.6666666666666666,0.8066666666666666,0.09333333333333334,,,,0.5466666666666667,0.44,,0.5666666666666667,,0.68,,,,0.5733333333333334,,,0.41333333333333333,0.7199999999999999,0.88,0.36666666666666664,,,0.30666666666666664,,0.8133333333333334,0.03333333333333333,0.6133333333333334,,,0.29333333333333333,0.66,,0.27999999999999997,0.6,0.18666666666666668,,0.6666666666666666,,0.5533333333333333,0.5866666666666667,0.86,,0.26
2025-11-27 00:00:00+00:00,0.8466666666666667,0.11333333333333334,,0.46,,0.6066666666666666,0.13999999999999999,0.8866666666666667,0.41333333333333333,0.5066666666666667,0.5866666666666667,,,0.9733333333333333,,0.49333333333333335,,0.24,,0.4466666666666666,,,,0.66,0.8733333333333334,0.6333333333333333,0.32,0.5333333333333333,0.36000000000000004,0.8266666666666667,0.4133333333333334,,0.82,0.37333333333333335,,0.3466666666666667,,0.6666666666666666,0.6133333333333334,0.08666666666666667,,,,0.48,0.49333333333333335,,0.6733333333333333,,0.36000000000000004,,,,0.48,,,0.35333333333333333,0.7733333333333333,0.8466666666666667,0.36000000000000004,,,0.3,,0.6933333333333334,0.03333333333333333,0.6466666666666666,,,0.25333333333333335,0.40666666666666673,,0.2333333333333333,0.5733333333333334,0.25333333333333335,,0.6933333333333334,,0.6133333333333334,0.7200000000000001,0.8333333333333334,,0.18666666666666668
2025-11-28 00:00:00+00:00,0.8533333333333332,0.20000000000000004,,0.3933333333333333,,0.64,0.12,0.8466666666666667,0.52,0.40666666666666673,0.6466666666666667,,,0.9733333333333333,,0.5733333333333334,,0.3666666666666667,,0.5066666666666667,,,,0.5866666666666667,0.8266666666666668,0.5800000000000001,0.2866666666666667,0.5066666666666667,0.4066666666666667,0.7333333333333334,0.54,,0.6866666666666666,0.43333333333333335,,0.35333333333333333,,0.6,0.5133333333333333,0.06666666666666667,,,,0.48666666666666664,0.5133333333333333,,0.6133333333333333,,0.5133333333333333,,,,0.45999999999999996,,,0.39333333333333337,0.6866666666666666,0.8133333333333334,0.4266666666666667,,,0.36000000000000004,,0.7733333333333334,0.03333333333333333,0.64,,,0.3133333333333333,0.32,,0.26666666666666666,0.48666666666666664,0.4533333333333333,,0.5733333333333334,,0.52,0.7133333333333334,0.7999999999999999,,0.17333333333333334
2025-11-29 00:00:00+00:00,0.9133333333333334,0.16666666666666666,,0.43333333333333335,,0.62,0.08666666666666667,0.7866666666666666,0.4733333333333334,0.3133333333333333,0.7133333333333333,,,0.7666666666666666,,0.5533333333333333,,0.5266666666666667,,0.5333333333333333,,,,0.62,0.8266666666666665,0.5666666666666665,0.2733333333333334,0.48,0.48666666666666664,0.5933333333333333,0.6533333333333334,,0.6066666666666666,0.41333333333333333,,0.37999999999999995,,0.6133333333333334,0.49333333333333335,0.13333333333333333,,,,0.5133333333333333,0.49999999999999994,,0.4266666666666667,,0.39333333333333337,,,,0.47333333333333333,,,0.5533333333333333,0.66,0.7999999999999999,0.5666666666666667,,,0.37999999999999995,,0.7800000000000001,0.04,0.5800000000000001,,,0.34,0.26,,0.22,0.5866666666666666,0.49333333333333335,,0.5466666666666667,,0.6066666666666666,0.7000000000000001,0.8333333333333334,,0.22
2025-11-30 00:00:00+00:00,0.86,0.18666666666666668,,0.34,,0.68,0.07333333333333333,0.7866666666666666,0.5066666666666667,0.34,0.58,,,0.6533333333333333,,0.4466666666666667,,0.54,,0.43333333333333335,,,,0.5866666666666667,0.8666666666666666,0.5133333333333333,0.2733333333333334,0.4533333333333333,0.45999999999999996,0.58,0.5933333333333334,,0.6933333333333334,0.42,,0.3933333333333333,,0.62,0.6,0.10666666666666667,,,,0.48,0.5333333333333333,,0.4533333333333333,,0.43999999999999995,,,,0.5,,,0.5733333333333334,0.7133333333333334,0.7733333333333333,0.5866666666666667,,,0.34,,0.7800000000000001,0.05333333333333332,0.5866666666666668,,,0.40666666666666673,0.3,,0.26666666666666666,0.52,0.5866666666666667,,0.5933333333333334,,0.5866666666666668,0.7933333333333333,0.9066666666666666,,0.14
2025-12-01 00:00:00+00:00,0.7733333333333334,0.21999999999999997,,,,,0.07333333333333333,0.82,0.5266666666666667,0.32666666666666666,0.46,,,0.7600000000000001,,0.48,,0.54,,0.3866666666666667,,,,0.48666666666666664,0.8866666666666666,0.42,0.28,0.47333333333333333,0.49333333333333335,0.6466666666666667,0.66,,0.6533333333333333,0.4066666666666667,,0.41333333333333333,,0.4266666666666667,0.5933333333333334,0.09999999999999999,0.68,,,0.52,0.5399999999999999,,0.44,,0.3666666666666667,,,0.6133333333333334,0.49333333333333335,,,0.5666666666666667,0.7466666666666666,0.7866666666666666,0.64,0.35333333333333333,,,,0.6933333333333334,0.03333333333333333,0.5333333333333333,,,0.49333333333333335,0.2866666666666667,,0.45999999999999996,0.5933333333333334,0.6466666666666666,,0.6133333333333333,,0.5733333333333334,0.5666666666666667,0.7999999999999999,,0.15333333333333335
2025-12-02 00:00:00+00:00,0.9066666666666666,0.10666666666666667,,,,,0.08666666666666667,0.9533333333333333,0.41333333333333333,0.5133333333333333,0.3933333333333333,,,0.9266666666666666,,0.40666666666666673,,0.5133333333333333,,0.26,,,,0.68,0.8733333333333334,0.35333333333333333,0.3333333333333333,0.45999999999999996,0.46666666666666673,0.7599999999999999,0.5466666666666666,,0.9133333333333332,0.22666666666666668,,0.26666666666666666,,0.54,0.7999999999999999,0.07333333333333333,0.66,,,0.4333333333333333,0.5066666666666667,,0.5533333333333333,,0.4066666666666667,,,0.68,0.54,,,0.49333333333333335,0.7866666666666666,0.8666666666666667,0.3866666666666667,0.35999999999999993,,,,0.7000000000000001,0.06666666666666667,0.49333333333333335,,,0.18000000000000002,0.2333333333333333,,0.43333333333333335,0.6533333333333333,0.6733333333333333,,0.7933333333333333,,0.5599999999999999,0.5533333333333333,0.6133333333333333,,0.09999999999999999
2025-12-03 00:00:00+00:00,0.9266666666666666,0.5133333333333333,,,,,0.04,0.8933333333333332,0.48666666666666675,0.3666666666666667,0.37999999999999995,,,0.9733333333333333,,0.5066666666666667,,0.6466666666666666,,0.16666666666666666,,,,0.5733333333333334,0.4666666666666666,0.35999999999999993,0.4533333333333333,0.24,0.5933333333333333,0.6333333333333333,0.5933333333333334,,0.7066666666666667,0.3666666666666667,,0.32,,0.68,0.47333333333333333,0.11333333333333333,0.6266666666666666,,,0.25333333333333335,0.7200000000000001,,0.5,,0.38000000000000006,,,0.4266666666666667,0.54,,,0.48666666666666664,0.7133333333333334,0.7999999999999999,0.5733333333333334,0.22,,,,0.5333333333333333,0.14666666666666667,0.62,,,0.7533333333333334,0.22,,0.47333333333333333,0.5666666666666668,0.7133333333333334,,0.6266666666666666,,0.5800000000000001,0.8066666666666666,0.6933333333333334,,0.05333333333333334
2025-12-04 00:00:00+00:00,0.9199999999999999,0.48666666666666664,,,,,0.04,0.82,0.52,0.30000000000000004,0.54,,,0.9933333333333333,,0.6933333333333334,,0.5933333333333334,,0.19333333333333336,,,,0.42,0.54,0.4666666666666666,0.52,0.28,0.6266666666666666,0.6666666666666666,0.7200000000000001,,0.6133333333333333,0.40666666666666673,,0.4533333333333333,,0.4666666666666666,0.36000000000000004,0.12666666666666668,0.52,,,0.41333333333333333,0.8933333333333332,,0.5599999999999999,,0.2866666666666667,,,0.3266666666666667,0.40666666666666673,,,0.5066666666666667,0.7000000000000001,0.7066666666666667,0.58,0.22666666666666668,,,,0.8333333333333334,0.12666666666666668,0.6066666666666667,,,0.6733333333333332,0.19333333333333336,,0.45999999999999996,0.7399999999999999,0.68,,0.5666666666666667,,0.3733333333333333,0.6666666666666666,0.64,,0.04666666666666667
2025-12-05 00:00:00+00:00,0.9266666666666666,0.5466666666666667,,,,,0.04666666666666667,0.7599999999999999,0.47333333333333333,0.22666666666666668,0.5333333333333333,,,0.9933333333333333,,0.7533333333333334,,0.6333333333333333,,0.15333333333333335,,,,0.45333333333333337,0.5,0.5,0.48,0.24666666666666667,0.7000000000000001,0.6866666666666665,0.8533333333333334,,0.6866666666666666,0.38666666666666666,,0.36000000000000004,,0.39999999999999997,0.19999999999999998,0.13333333333333333,0.48666666666666664,,,0.36000000000000004,0.8799999999999999,,0.58,,0.32666666666666666,,,0.24,0.5533333333333333,,,0.45999999999999996,0.7200000000000001,0.6466666666666666,0.64,0.21333333333333335,,,,0.7799999999999999,0.08666666666666667,0.5866666666666666,,,0.7266666666666666,0.16,,0.39333333333333337,0.7333333333333333,0.9333333333333332,,0.6733333333333333,,0.4066666666666667,0.6733333333333333,0.5666666666666667,,0.04
2025-12-06 00:00:00+00:00,0.8999999999999999,0.5466666666666667,,,,,0.04,0.8266666666666667,0.42,0.18000000000000002,0.31333333333333335,,,0.9199999999999999,,0.8266666666666667,,0.5866666666666668,,0.16,,,,0.6466666666666666,0.6133333333333334,0.45333333333333337,0.4533333333333333,0.3066666666666667,0.6066666666666668,0.6466666666666666,0.8266666666666667,,0.7266666666666666,0.3,,0.32,,0.4466666666666666,0.22666666666666668,0.15333333333333332,0.6066666666666667,,,0.21999999999999997,0.8933333333333332,,0.6333333333333333,,0.44,,,0.22,0.5599999999999999,,,0.49333333333333335,0.7933333333333333,0.6333333333333333,0.62,0.26666666666666666,,,,0.7466666666666667,0.06666666666666667,0.6,,,0.7733333333333333,0.21999999999999997,,0.43333333333333335,0.7466666666666666,0.9533333333333333,,0.6066666666666666,,0.3333333333333333,0.5866666666666667,0.56,,0.04666666666666667
2025-12-07 00:00:00+00:00,0.9199999999999999,0.5,,,,,0.02666666666666667,0.6666666666666666,0.48666666666666664,0.16666666666666666,0.3666666666666667,,,0.9266666666666667,,0.8333333333333334,,0.5266666666666667,,0.20666666666666667,,,,0.6,0.5266666666666667,0.4266666666666667,0.3333333333333333,0.18000000000000002,0.5533333333333333,0.64,0.82,,0.6466666666666666,0.48,,0.36000000000000004,,0.42,0.13999999999999999,0.26666666666666666,0.5533333333333333,,,0.17333333333333334,0.9199999999999999,,0.66,,0.48,,,0.39333333333333337,0.47333333333333333,,,0.62,0.8733333333333334,0.7666666666666666,0.7000000000000001,0.30666666666666664,,,,0.7866666666666667,0.06666666666666667,0.5533333333333332,,,0.7799999999999999,0.15333333333333335,,0.4000000000000001,0.8266666666666667,0.9866666666666667,,0.5599999999999999,,0.3333333333333333,0.5266666666666667,0.52,,0.06666666666666667
2025-12-08 00:00:00+00:00,0.9333333333333332,0.6933333333333334,,,,,0.04,0.45999999999999996,0.58,0.08666666666666667,0.6733333333333333,,,0.98,,0.8866666666666667,,0.8066666666666666,,0.16666666666666666,,,,0.6733333333333333,0.5533333333333333,0.4666666666666666,0.27999999999999997,0.2066666666666667,0.5333333333333333,0.38000000000000006,0.9266666666666666,,0.15333333333333335,0.5266666666666667,,0.3466666666666667,,0.37333333333333335,0.21999999999999997,0.32,0.5800000000000001,,,0.35333333333333333,0.9133333333333332,,0.6533333333333333,,0.52,,,0.21333333333333335,0.42,,,0.6133333333333333,0.68,0.6066666666666666,0.7133333333333334,0.24000000000000002,,,,0.7999999999999999,0.060000000000000005,0.7600000000000001,,,0.9066666666666666,0.22,,0.16,0.7200000000000001,0.98,,0.6466666666666666,,0.26,0.5466666666666666,0.62,,0.04666666666666667
2025-12-09 00:00:00+00:00,0.9,0.6866666666666666,,,,,0.06,0.3666666666666667,0.5466666666666666,0.14666666666666667,0.5733333333333334,,,0.9,,0.8933333333333334,,0.7333333333333334,,0.26666666666666666,,,,0.47333333333333333,0.52,0.47333333333333333,0.26666666666666666,0.08666666666666667,0.54,0.3866666666666667,0.9666666666666667,,0.18000000000000002,0.7200000000000001,,0.48000000000000004,,0.3466666666666667,0.07333333333333335,0.26666666666666666,0.5933333333333333,,,0.37999999999999995,0.9266666666666666,,0.58,,0.7333333333333334,,,0.20666666666666667,0.38000000000000006,,,0.6466666666666666,0.8999999999999999,0.7400000000000001,0.8066666666666666,0.25333333333333335,,,,0.7600000000000001,0.08666666666666667,0.5866666666666667,,,0.8533333333333332,0.18666666666666668,,0.31333333333333335,0.7333333333333334,0.8066666666666666,,0.5466666666666666,,0.5266666666666667,0.49333333333333335,0.52,,0.08666666666666667
2025-12-10 00:00:00+00:00,0.9,0.8066666666666666,,,,,0.05333333333333334,0.4733333333333334,0.5533333333333333,0.20000000000000004,0.7266666666666667,,,0.9333333333333332,,0.6933333333333334,,0.64,,0.3866666666666667,,,,0.3666666666666667,0.6733333333333333,0.42,0.41333333333333333,0.04666666666666667,0.45999999999999996,0.48,0.9666666666666667,,0.20666666666666667,0.68,,0.5133333333333333,,0.32666666666666666,0.16,0.2133333333333333,0.42,,,0.4266666666666667,0.88,,0.5266666666666667,,0.9333333333333332,,,0.18000000000000002,0.25333333333333335,,,0.7133333333333334,0.8799999999999999,0.7799999999999999,0.7999999999999999,0.14666666666666667,,,,0.5933333333333334,0.05333333333333334,0.4533333333333333,,,0.6133333333333334,0.18000000000000002,,0.39999999999999997,0.8666666666666667,0.7599999999999999,,0.5266666666666667,,0.49333333333333335,0.5333333333333333,0.4000000000000001,,0.39333333333333337
2025-12-11 00:00:00+00:00,0.9533333333333333,0.84,,,,,0.04,0.48666666666666664,0.62,0.13333333333333333,0.5533333333333333,,,0.8733333333333334,,0.7333333333333334,,0.7333333333333334,,0.32,,,,0.3933333333333333,0.5733333333333334,0.41333333333333333,0.31333333333333335,0.04666666666666667,0.3933333333333333,0.5133333333333333,0.9866666666666667,,0.10000000000000002,0.7799999999999999,,0.5133333333333334,,0.31333333333333335,0.26,0.18666666666666668,0.4533333333333333,,,0.47333333333333333,0.8133333333333334,,0.66,,0.9199999999999999,,,0.19333333333333333,0.4000000000000001,,,0.7666666666666667,0.8133333333333334,0.7733333333333333,0.7533333333333333,0.12,,,,0.64,0.05333333333333334,0.52,,,0.7799999999999999,0.09333333333333334,,0.41333333333333333,0.84,0.8066666666666666,,0.21999999999999997,,0.5466666666666666,0.6266666666666667,0.32,,0.4266666666666667
2025-12-12 00:00:00+00:00,0.9866666666666667,0.6066666666666666,,,,,0.04666666666666667,0.5,0.6666666666666666,0.10666666666666667,0.37333333333333335,,,0.9466666666666667,,0.7799999999999999,,0.84,,0.34,,,,0.4533333333333333,0.6,0.4533333333333333,0.19999999999999998,0.05333333333333334,0.35333333333333333,0.48,0.9733333333333333,,0.06,0.7533333333333334,,0.56,,0.26666666666666666,0.2733333333333334,0.2466666666666667,0.45999999999999996,,,0.48,0.8933333333333332,,0.6733333333333333,,0.8866666666666667,,,0.26666666666666666,0.2933333333333334,,,0.7000000000000001,0.9066666666666666,0.7533333333333333,0.7066666666666667,0.13333333333333333,,,,0.6999999999999998,0.07333333333333333,0.7666666666666666,,,0.8333333333333334,0.18000000000000002,,0.3933333333333333,0.7533333333333333,0.4666666666666666,,0.24666666666666667,,0.48,0.66,0.5066666666666667,,0.3666666666666667
2025-12-13 00:00:00+00:00,0.96,0.5666666666666667,,,,,0.07333333333333335,0.43333333333333335,0.7200000000000001,0.14666666666666667,0.46666666666666673,,,0.98,,0.7733333333333333,,0.7866666666666666,,0.41333333333333333,,,,0.48666666666666664,0.7466666666666666,0.46666666666666673,0.25333333333333335,0.08,0.35333333333333333,0.48666666666666664,0.9,,0.05333333333333334,0.7400000000000001,,0.52,,0.24,0.16666666666666666,0.19333333333333336,0.4266666666666667,,,0.6333333333333333,0.8533333333333334,,0.7666666666666667,,0.9733333333333333,,,0.14666666666666667,0.32666666666666666,,,0.7200000000000001,0.9533333333333333,0.58,0.6333333333333333,0.13333333333333333,,,,0.68,0.08,0.6933333333333334,,,0.7933333333333333,0.18666666666666668,,0.5,0.7666666666666666,0.24,,0.35333333333333333,,0.5533333333333333,0.6333333333333334,0.48666666666666664,,0.37999999999999995
2025-12-14 00:00:00+00:00,0.96,0.5866666666666668,,,,,0.13999999999999999,0.4666666666666666,0.8533333333333334,0.16,0.6066666666666666,,,0.86,,0.8533333333333334,,0.7533333333333334,,0.6733333333333333,,,,0.3333333333333333,0.7533333333333333,0.54,0.2733333333333334,0.04666666666666667,0.3466666666666667,0.5066666666666667,0.9,,0.04,0.6666666666666666,,0.5066666666666667,,0.21333333333333337,0.18000000000000002,0.20000000000000004,0.3933333333333333,,,0.6133333333333333,0.7666666666666666,,0.6066666666666667,,0.9333333333333332,,,0.13333333333333333,0.34,,,0.7000000000000001,0.9733333333333333,0.62,0.6066666666666667,0.15333333333333335,,,,0.6733333333333333,0.08666666666666667,0.7933333333333333,,,0.84,0.19333333333333333,,0.5199999999999999,0.6866666666666665,0.13999999999999999,,0.32666666666666666,,0.64,0.5466666666666667,0.5,,0.2933333333333334
2025-12-15 00:00:00+00:00,0.96,0.5333333333333333,,,,,0.16666666666666666,0.3333333333333333,0.8266666666666667,0.20666666666666667,0.5733333333333334,,,0.7399999999999999,,0.8133333333333334,,0.6666666666666666,,0.7066666666666667,,,,0.37333333333333335,0.6466666666666666,0.56,0.26,0.06666666666666667,0.2866666666666667,0.5266666666666667,0.9133333333333334,,0.04,0.6866666666666666,,0.46666666666666673,,0.20666666666666667,0.16666666666666666,0.22666666666666666,0.4666666666666666,,,0.6533333333333333,0.8333333333333334,,0.54,,0.9199999999999999,,,0.09333333333333334,0.32,,,0.7000000000000001,0.9866666666666667,0.5599999999999999,0.6133333333333333,0.13333333333333333,,,,0.6866666666666666,0.08666666666666667,0.7999999999999999,,,0.86,0.2333333333333333,,0.4066666666666667,0.7799999999999999,0.40666666666666673,,0.39999999999999997,,0.6266666666666666,0.5599999999999999,0.5066666666666667,,0.37333333333333335
2025-12-16 00:00:00+00:00,0.9866666666666667,0.6066666666666667,,,,,0.14666666666666667,0.26,0.7866666666666667,0.14666666666666667,0.6,,,0.86,,0.8333333333333334,,0.7266666666666666,,0.7533333333333333,,,,0.6066666666666666,0.52,0.48,0.37333333333333335,0.2733333333333333,0.22666666666666668,0.34,0.9066666666666666,,0.02666666666666667,0.5466666666666667,,0.43999999999999995,,0.22,0.3333333333333333,0.20000000000000004,0.47333333333333333,,,0.6066666666666667,0.8733333333333334,,0.5266666666666667,,0.9866666666666667,,,0.12,0.43333333333333335,,,0.7400000000000001,0.9533333333333333,0.49333333333333335,0.5933333333333333,0.14666666666666667,,,,0.6533333333333334,0.03333333333333333,0.8533333333333334,,,0.8866666666666667,0.23333333333333336,,0.25333333333333335,0.54,0.7933333333333333,,0.23333333333333336,,0.44,0.52,0.4666666666666666,,0.4466666666666667
2025-12-17 00:00:00+00:00,0.9066666666666666,0.41333333333333333,,,,,0.21333333333333337,0.25333333333333335,0.7733333333333334,0.04666666666666667,0.5066666666666667,,,0.96,,0.9199999999999999,,0.7799999999999999,,0.7799999999999999,,,,0.58,0.7600000000000001,0.5266666666666667,0.24666666666666667,0.3466666666666667,0.22666666666666666,0.54,0.7799999999999999,,0.05333333333333332,0.54,,0.3866666666666667,,0.19333333333333336,0.32,0.19333333333333336,0.44,,,0.6333333333333333,0.82,,0.6333333333333333,,0.8333333333333334,,,0.08666666666666667,0.4466666666666667,,,0.6266666666666666,0.9866666666666667,0.54,0.6266666666666667,0.22,,,,0.6333333333333334,0.09333333333333334,0.82,,,0.8733333333333334,0.22666666666666668,,0.3,0.6,0.86,,0.38666666666666666,,0.3133333333333333,0.38000000000000006,0.62,,0.25333333333333335
2025-12-18 00:00:00+00:00,0.9400000000000001,0.45999999999999996,,,,,0.2866666666666667,0.17333333333333334,0.6866666666666665,0.08,0.5,,,0.9666666666666667,,0.88,,0.8066666666666666,,0.7133333333333334,,,,0.5866666666666667,0.7666666666666666,0.5866666666666668,0.2933333333333334,0.22666666666666668,0.18666666666666668,0.39999999999999997,0.6866666666666666,,0.03333333333333333,0.5466666666666667,,0.38000000000000006,,0.2333333333333333,0.2066666666666667,0.15333333333333335,0.44,,,0.5533333333333333,0.7466666666666667,,0.6333333333333333,,0.8866666666666666,,,0.12666666666666668,0.5066666666666667,,,0.6933333333333334,0.9733333333333333,0.6066666666666668,0.7533333333333333,0.22666666666666666,,,,0.5733333333333334,0.09333333333333334,0.7866666666666666,,,0.9066666666666666,0.2866666666666667,,0.3466666666666667,0.6466666666666666,0.9133333333333334,,0.3466666666666667,,0.3666666666666667,0.38000000000000006,0.68,,0.24666666666666667
2025-12-19 00:00:00+00:00,0.86,0.54,,,,,0.27999999999999997,0.18000000000000002,0.6066666666666668,0.08666666666666667,0.6333333333333334,,,0.9933333333333333,,0.8799999999999999,,0.8533333333333334,,0.7133333333333334,,,,0.43333333333333335,0.7466666666666667,0.49333333333333335,0.4066666666666667,0.14,0.17333333333333334,0.4466666666666666,0.8266666666666667,,0.14666666666666667,0.52,,0.2866666666666667,,0.2333333333333333,0.21333333333333335,0.13333333333333333,0.42,,,0.6533333333333333,0.7333333333333334,,0.62,,0.8999999999999999,,,0.10666666666666667,0.5866666666666667,,,0.7066666666666667,0.9333333333333332,0.62,0.66,0.2733333333333334,,,,0.3333333333333333,0.12,0.64,,,0.8866666666666667,0.19333333333333333,,0.2933333333333334,0.68,0.9533333333333333,,0.5199999999999999,,0.39999999999999997,0.4066666666666667,0.7266666666666666,,0.30666666666666664
2025-12-20 00:00:00+00:00,0.86,0.5266666666666667,,,,,0.5733333333333334,0.22,0.7066666666666667,0.15333333333333335,0.62,,,0.9933333333333333,,0.7599999999999999,,0.84,,0.7866666666666666,,,,0.46,0.36000000000000004,0.6933333333333334,0.3133333333333333,0.06666666666666667,0.15333333333333335,0.5666666666666668,0.8733333333333334,,0.42,0.52,,0.30000000000000004,,0.22666666666666666,0.15333333333333335,0.03333333333333333,0.4000000000000001,,,0.7000000000000001,0.58,,0.5266666666666667,,0.5066666666666667,,,0.18666666666666668,0.5133333333333333,,,0.5266666666666667,0.9066666666666666,0.9333333333333332,0.7799999999999999,0.21999999999999997,,,,0.40666666666666673,0.18666666666666665,0.68,,,0.86,0.32,,0.20666666666666667,0.6933333333333334,0.7866666666666666,,0.66,,0.42,0.47333333333333333,0.62,,0.22666666666666668
2025-12-21 00:00:00+00:00,0.7333333333333334,0.49333333333333335,,,,,0.5266666666666667,0.36000000000000004,0.5,0.09333333333333334,0.5466666666666667,,,0.9733333333333333,,0.7066666666666667,,0.9066666666666666,,0.7333333333333333,,,,0.62,0.44,0.6733333333333333,0.22666666666666666,0.04,0.16666666666666666,0.5066666666666667,0.8733333333333334,,0.5399999999999999,0.3866666666666667,,0.24666666666666667,,0.3733333333333333,0.7266666666666666,0.04666666666666667,0.3,,,0.58,0.5666666666666668,,0.6066666666666667,,0.5266666666666667,,,0.10666666666666667,0.39333333333333337,,,0.3866666666666667,0.7466666666666667,0.8733333333333334,0.7200000000000001,0.4066666666666667,,,,0.31333333333333335,0.18000000000000002,0.7133333333333333,,,0.7866666666666666,0.48,,0.14,0.5466666666666667,0.8533333333333334,,0.94,,0.3666666666666667,0.4666666666666666,0.7666666666666666,,0.29333333333333333
2025-12-22 00:00:00+00:00,0.42,0.43333333333333335,,,,,0.5266666666666667,0.20666666666666667,0.5466666666666666,0.09333333333333334,0.5333333333333333,,,0.96,,0.7666666666666666,,0.8933333333333332,,0.6733333333333333,,,,0.6533333333333333,0.5,0.7333333333333334,0.24666666666666667,0.03333333333333333,0.22666666666666666,0.45999999999999996,0.8866666666666667,,0.38666666666666666,0.45999999999999996,,0.26,,0.3666666666666667,0.5733333333333334,0.04666666666666667,0.2333333333333333,,,0.5533333333333333,0.6,,0.5733333333333334,,0.5666666666666668,,,0.12,0.4066666666666667,,,0.38666666666666666,0.6733333333333333,0.86,0.7599999999999999,0.4466666666666667,,,,0.29333333333333333,0.22666666666666668,0.7533333333333333,,,0.7399999999999999,0.4466666666666666,,0.17333333333333334,0.6133333333333334,0.9933333333333333,,0.9066666666666666,,0.4066666666666667,0.5066666666666667,0.7133333333333333,,0.66
2025-12-23 00:00:00+00:00,0.24666666666666667,0.4466666666666666,,,,,0.5533333333333333,0.29333333333333333,0.52,0.10666666666666667,0.7000000000000001,,,0.96,,0.7999999999999999,,0.9266666666666667,,0.7133333333333334,,,,0.56,0.8999999999999999,0.7333333333333334,0.19333333333333336,0.04666666666666666,0.2933333333333334,0.48666666666666664,0.8933333333333332,,0.47333333333333333,0.35333333333333333,,0.32666666666666666,,0.44,0.5733333333333334,0.05333333333333334,0.30666666666666664,,,0.62,0.6466666666666666,,0.5,,0.34,,,0.08666666666666667,0.35333333333333333,,,0.3666666666666667,0.6933333333333334,0.8466666666666667,0.5933333333333334,0.3933333333333333,,,,0.26666666666666666,0.3466666666666667,0.6866666666666666,,,0.7866666666666666,0.38000000000000006,,0.13333333333333333,0.6133333333333334,0.98,,0.9199999999999999,,0.24,0.6666666666666666,0.6933333333333334,,0.4466666666666667
2025-12-24 00:00:00+00:00,0.24666666666666667,0.38000000000000006,,,,,0.5666666666666668,0.3,0.6533333333333333,0.30000000000000004,0.66,,,0.9666666666666667,,0.68,,0.8533333333333334,,0.6733333333333333,,,,0.46,0.8733333333333334,0.5866666666666667,0.13333333333333333,0.12,0.21999999999999997,0.36666666666666664,0.8466666666666667,,0.5466666666666666,0.4266666666666667,,0.28,,0.16,0.5533333333333333,0.08,0.3666666666666667,,,0.5933333333333334,0.6266666666666666,,0.54,,0.7666666666666666,,,0.25333333333333335,0.3666666666666667,,,0.38000000000000006,0.6333333333333333,0.8466666666666667,0.62,0.42,,,,0.2733333333333333,0.44,0.6266666666666667,,,0.7866666666666666,0.3666666666666667,,0.14,0.7133333333333334,0.9866666666666667,,0.9,,0.24666666666666667,0.5,0.5733333333333334,,0.6
2025-12-25 00:00:00+00:00,0.21333333333333335,0.31333333333333335,,,,,0.6666666666666666,0.4266666666666667,0.64,0.36000000000000004,0.6266666666666667,,,0.9133333333333332,,0.7266666666666667,,0.8133333333333334,,0.9533333333333333,,,,0.44,0.84,0.6066666666666667,0.10666666666666667,0.05333333333333334,0.32,0.37999999999999995,0.7666666666666666,,0.5266666666666667,0.4466666666666666,,0.3,,0.12,0.6133333333333333,0.21999999999999997,0.34,,,0.6933333333333334,0.5866666666666667,,0.4266666666666667,,0.58,,,0.3333333333333333,0.26666666666666666,,,0.37333333333333335,0.7999999999999999,0.8533333333333334,0.66,0.47333333333333333,,,,0.28,0.66,0.5,,,0.6733333333333333,0.4000000000000001,,0.13333333333333333,0.7466666666666666,0.8066666666666666,,0.9266666666666667,,0.2333333333333333,0.36000000000000004,0.3866666666666667,,0.6133333333333334
2025-12-26 00:00:00+00:00,0.23333333333333336,0.34,,,,,0.6733333333333333,0.48,0.66,0.47333333333333333,0.7400000000000001,,,0.8933333333333332,,0.5733333333333334,,0.7333333333333334,,0.86,,,,0.38666666666666666,0.9333333333333332,0.4466666666666667,0.14666666666666667,0.24666666666666667,0.36000000000000004,0.3,0.6533333333333333,,0.38000000000000006,0.43333333333333335,,0.3466666666666667,,0.2866666666666667,0.6066666666666667,0.24666666666666667,0.26666666666666666,,,0.7333333333333334,0.52,,0.5466666666666667,,0.6866666666666666,,,0.31333333333333335,0.35333333333333333,,,0.3,0.86,0.8133333333333334,0.62,0.6266666666666667,,,,0.18666666666666668,0.58,0.3933333333333333,,,0.5733333333333334,0.34,,0.16666666666666666,0.86,0.6733333333333333,,0.96,,0.28,0.35333333333333333,0.36000000000000004,,0.7000000000000001
2025-12-27 00:00:00+00:00,0.22666666666666668,0.3,,,,,0.7200000000000001,0.4066666666666667,0.6933333333333334,0.64,0.6933333333333334,,,0.7200000000000001,,0.5,,0.6666666666666666,,0.8066666666666666,,,,0.10666666666666667,0.84,0.19333333333333333,0.11333333333333334,0.32,0.3,0.22,0.7000000000000001,,0.2733333333333334,0.4533333333333333,,0.3333333333333333,,0.37333333333333335,0.58,0.39333333333333337,0.38000000000000006,,,0.7600000000000001,0.5533333333333333,,0.5733333333333334,,0.7000000000000001,,,0.5933333333333333,0.56,,,0.45999999999999996,0.8933333333333332,0.7200000000000001,0.6866666666666666,0.5399999999999999,,,,0.19333333333333333,0.6133333333333334,0.43333333333333335,,,0.5733333333333334,0.27999999999999997,,0.26666666666666666,0.8933333333333334,0.8666666666666667,,0.9533333333333333,,0.19999999999999998,0.32,0.2333333333333333,,0.68
2025-12-28 00:00:00+00:00,0.20666666666666667,0.45999999999999996,,,,,0.7733333333333333,0.5266666666666667,0.64,0.5666666666666668,0.6666666666666666,,,0.9466666666666667,,0.3933333333333333,,0.5733333333333334,,0.7066666666666667,,,,0.09999999999999999,0.9,0.12666666666666668,0.6066666666666666,0.3066666666666667,0.35333333333333333,0.3466666666666667,0.5733333333333334,,0.45999999999999996,0.3666666666666667,,0.26,,0.3866666666666667,0.3666666666666667,0.3333333333333333,0.42,,,0.7666666666666667,0.5266666666666667,,0.7866666666666667,,0.62,,,0.5133333333333333,0.6733333333333333,,,0.43999999999999995,0.86,0.68,0.7200000000000001,0.44,,,,0.21333333333333335,0.6466666666666666,0.4466666666666666,,,0.6133333333333333,0.21333333333333335,,0.2933333333333333,0.9,0.8933333333333332,,0.6733333333333333,,0.20000000000000004,0.4466666666666667,0.16,,0.4066666666666667
2025-12-29 00:00:00+00:00,0.17333333333333334,0.43999999999999995,,,,,0.7666666666666666,0.7466666666666667,0.6466666666666666,0.62,0.6266666666666666,,,0.94,,0.5666666666666668,,0.5733333333333334,,0.6466666666666666,,,,0.14666666666666667,0.8866666666666667,0.13333333333333333,0.47333333333333333,0.3666666666666667,0.3933333333333333,0.37333333333333335,0.5,,0.6666666666666666,0.3333333333333333,,0.2733333333333334,,0.4400000000000001,0.41333333333333333,0.30666666666666664,0.43999999999999995,,,0.8266666666666667,0.5133333333333333,,0.7066666666666667,,0.5,,,0.4000000000000001,0.6866666666666666,,,0.36000000000000004,0.8133333333333334,0.7333333333333334,0.7399999999999999,0.5199999999999999,,,,0.3066666666666667,0.5333333333333333,0.43999999999999995,,,0.52,0.39999999999999997,,0.28,0.84,0.68,,0.7799999999999999,,0.16666666666666666,0.45999999999999996,0.12000000000000001,,0.28
2025-12-30 00:00:00+00:00,0.32,0.26,,,,,0.8133333333333334,0.6133333333333334,0.6333333333333333,0.3666666666666667,0.6466666666666666,,,0.9266666666666667,,0.6333333333333333,,0.58,,0.56,,,,0.10000000000000002,0.8733333333333334,0.2066666666666667,0.58,0.3666666666666667,0.5066666666666667,0.32,0.5866666666666668,,0.6933333333333334,0.3066666666666667,,0.22666666666666666,,0.35333333333333333,0.24,0.18666666666666668,0.24666666666666667,,,0.8733333333333334,0.49333333333333335,,0.7933333333333333,,0.5466666666666667,,,0.3933333333333333,0.6266666666666666,,,0.42,0.8733333333333334,0.7266666666666666,0.7266666666666666,0.4666666666666666,,,,0.34,0.38666666666666666,0.39333333333333337,,,0.62,0.45999999999999996,,0.37333333333333335,0.8799999999999999,0.8533333333333334,,0.8333333333333334,,0.25333333333333335,0.39333333333333337,0.2066666666666667,,0.42
2025-12-31 00:00:00+00:00,0.25333333333333335,0.28,,,,,0.8266666666666667,0.5466666666666666,0.47333333333333333,0.35333333333333333,0.7666666666666667,,,0.9666666666666667,,0.8066666666666666,,0.8133333333333334,,0.66,,,,0.18666666666666668,0.7133333333333334,0.19999999999999998,0.5733333333333334,0.39999999999999997,0.5,0.24,0.7333333333333334,,0.64,0.41333333333333333,,0.19333333333333336,,0.4466666666666667,0.18000000000000002,0.16666666666666666,0.19333333333333333,,,0.8799999999999999,0.58,,0.7799999999999999,,0.3666666666666667,,,0.26,0.6066666666666666,,,0.4266666666666666,0.7599999999999999,0.7266666666666666,0.8066666666666666,0.42,,,,0.22,0.2866666666666667,0.5800000000000001,,,0.5866666666666668,0.43333333333333335,,0.31333333333333335,0.8333333333333334,0.9199999999999999,,0.86,,0.28,0.24666666666666667,0.41333333333333333,,0.3866666666666667
2026-01-01 00:00:00+00:00,0.26666666666666666,0.22,,,,,0.6866666666666666,0.5266666666666667,0.5933333333333334,0.3,0.7066666666666667,,0.3666666666666667,0.98,,0.8866666666666667,,0.7466666666666666,0.06666666666666667,0.5,,,,0.26666666666666666,0.43333333333333335,0.12666666666666668,0.58,0.4266666666666667,,0.20000000000000004,0.8266666666666667,,0.6866666666666666,0.39999999999999997,,0.26666666666666666,,0.21333333333333337,0.2866666666666667,,0.10666666666666667,,,0.9266666666666667,0.6266666666666666,,0.7066666666666667,,0.5133333333333333,,,,0.7200000000000001,,,0.5466666666666667,0.88,0.8666666666666666,0.6999999999999998,0.2733333333333334,,,0.6133333333333334,0.15333333333333332,0.2733333333333333,0.7066666666666667,,,0.64,,,0.38666666666666666,0.82,0.9333333333333332,0.38000000000000006,0.7266666666666666,,0.3333333333333333,0.16,0.36000000000000004,,0.5866666666666666
2026-01-02 00:00:00+00:00,0.06,0.18666666666666668,,,,,0.86,0.7399999999999999,0.6466666666666666,0.5333333333333333,0.86,,0.3866666666666667,0.4466666666666666,,0.5933333333333334,,0.48,0.07333333333333333,0.56,,,,0.2066666666666667,0.62,0.22666666666666666,0.68,0.5733333333333334,,0.29333333333333333,0.5466666666666667,,0.9066666666666666,0.6866666666666666,,0.3333333333333333,,0.37333333333333335,0.21333333333333335,,0.1466666666666667,,,0.8400000000000002,0.4466666666666667,,0.64,,0.3333333333333333,,,,0.7266666666666667,,,0.7266666666666667,0.8466666666666667,0.8999999999999999,0.9733333333333333,0.48,,,0.56,0.41333333333333333,0.45999999999999996,0.52,,,0.5266666666666667,,,0.48,0.8133333333333334,0.7133333333333333,0.14,0.5333333333333333,,0.39999999999999997,0.05333333333333334,0.2466666666666667,,0.49333333333333335
2026-01-03 00:00:00+00:00,0.1466666666666667,0.37333333333333335,,,,,0.6666666666666666,0.7133333333333334,0.48666666666666664,0.48666666666666664,0.7066666666666667,,0.16,0.3466666666666667,,0.5266666666666666,,0.36000000000000004,0.06666666666666667,0.45333333333333337,,,,0.32,0.6666666666666666,0.6066666666666666,0.84,0.5466666666666667,,0.24666666666666667,0.5733333333333334,,0.8266666666666665,0.9066666666666666,,0.40666666666666673,,0.38000000000000006,0.22,,0.14,,,0.6666666666666666,0.48000000000000004,,0.56,,0.3133333333333333,,,,0.6,,,0.6266666666666666,0.6266666666666666,0.8133333333333334,1.0,0.3133333333333333,,,0.56,0.6266666666666666,0.3,0.45333333333333337,,,0.6666666666666666,,,0.49333333333333335,0.6333333333333333,0.7599999999999999,0.7799999999999999,0.5466666666666667,,0.39999999999999997,0.08,0.48666666666666675,,0.54
2026-01-04 00:00:00+00:00,0.13333333333333333,0.26666666666666666,,,,,0.6733333333333333,0.4666666666666666,0.5266666666666667,0.7000000000000001,0.7400000000000001,,0.08,0.6933333333333334,,0.48666666666666664,,0.4666666666666666,0.08666666666666667,0.4533333333333333,,,,0.5266666666666666,0.7266666666666667,0.7000000000000001,0.6533333333333333,0.6,,0.18000000000000002,0.6466666666666666,,0.5866666666666668,0.96,,0.48000000000000004,,0.21333333333333335,0.14666666666666667,,0.13999999999999999,,,0.6533333333333333,0.4133333333333334,,0.4666666666666666,,0.30666666666666664,,,,0.6,,,0.7000000000000001,0.66,0.6133333333333333,1.0,0.21333333333333335,,,0.6266666666666667,0.5733333333333333,0.2466666666666667,0.6066666666666666,,,0.8733333333333334,,,0.42,0.6533333333333334,0.9333333333333332,0.5933333333333334,0.27999999999999997,,0.6666666666666666,0.09999999999999999,0.5333333333333333,,0.43333333333333335
2026-01-05 00:00:00+00:00,0.08,0.2333333333333333,,,,,0.68,0.4066666666666667,0.6000000000000001,0.8066666666666666,0.7600000000000001,,0.06,0.42,,0.4266666666666667,,0.5266666666666667,0.09333333333333334,0.5466666666666667,,,,0.7799999999999999,0.6933333333333334,0.6933333333333334,0.56,0.5866666666666667,,0.18000000000000002,0.4666666666666666,,0.43333333333333335,0.98,,0.7399999999999999,,0.32,0.12,,0.2733333333333333,,,0.66,0.39999999999999997,,0.3866666666666667,,0.18666666666666668,,,,0.5,,,0.6133333333333334,0.6333333333333333,0.82,1.0,0.44,,,0.6666666666666666,0.8733333333333334,0.2333333333333333,0.4466666666666666,,,0.7600000000000001,,,0.66,0.56,0.5133333333333333,0.6466666666666666,0.20666666666666667,,0.6333333333333333,0.2333333333333333,0.6466666666666666,,0.31333333333333335
2026-01-06 00:00:00+00:00,0.18666666666666668,0.3466666666666667,,,,,0.5333333333333333,0.48666666666666664,0.5066666666666667,0.7733333333333333,0.6066666666666666,,0.06,0.36000000000000004,,0.45999999999999996,,0.7066666666666667,0.09333333333333334,0.43999999999999995,,,,0.82,0.4533333333333333,0.5800000000000001,0.5666666666666668,0.5933333333333334,,0.24666666666666667,0.45333333333333337,,0.43333333333333335,0.9733333333333333,,0.68,,0.38666666666666666,0.14666666666666667,,0.2733333333333333,,,0.66,0.43333333333333335,,0.28,,0.12666666666666668,,,,0.5466666666666667,,,0.6266666666666666,0.47333333333333333,0.6933333333333334,1.0,0.52,,,0.5066666666666667,0.86,0.3,0.58,,,0.9333333333333332,,,0.66,0.5666666666666668,0.2333333333333333,0.5933333333333334,0.25333333333333335,,0.7999999999999999,0.5800000000000001,0.94,,0.16666666666666666
2026-01-07 00:00:00+00:00,0.24666666666666667,0.24666666666666667,,,,,0.4466666666666667,0.43333333333333335,0.4266666666666667,0.96,0.6133333333333334,,0.04666666666666667,0.24666666666666667,,0.4666666666666666,,0.5466666666666666,0.09333333333333334,0.45999999999999996,,,,0.6933333333333334,0.4066666666666667,0.5333333333333333,0.58,0.6333333333333333,,0.26,0.5666666666666667,,0.4466666666666667,0.9866666666666667,,0.6666666666666666,,0.27999999999999997,0.15333333333333335,,0.4533333333333333,,,0.6466666666666666,0.43333333333333335,,0.26666666666666666,,0.13333333333333333,,,,0.64,,,0.5933333333333334,0.49333333333333335,0.6666666666666666,0.9933333333333333,0.5533333333333333,,,0.58,0.8133333333333334,0.7133333333333334,0.7533333333333333,,,0.9333333333333332,,,0.6333333333333334,0.5666666666666665,0.2733333333333333,0.4733333333333334,0.24,,0.8133333333333334,0.32,0.88,,0.19333333333333333
2026-01-08 00:00:00+00:00,0.25333333333333335,0.36000000000000004,,,,,0.45999999999999996,0.3933333333333333,0.44,0.94,0.6466666666666666,,0.03333333333333333,0.4666666666666666,,0.4533333333333333,,0.38000000000000006,0.14,0.3666666666666667,,,,0.64,0.6,0.6933333333333334,0.66,0.6133333333333333,,0.28,0.37333333333333335,,0.5466666666666667,0.96,,0.7066666666666667,,0.4333333333333334,0.16666666666666666,,0.47333333333333333,,,0.6666666666666666,0.38000000000000006,,0.32,,0.08666666666666667,,,,0.5599999999999999,,,0.62,0.37333333333333335,0.5733333333333334,0.9933333333333333,0.6066666666666666,,,0.49333333333333335,0.8266666666666667,0.43999999999999995,0.6533333333333333,,,0.94,,,0.6333333333333334,0.45999999999999996,0.8266666666666667,0.34,0.21999999999999997,,0.6466666666666667,0.43333333333333335,0.7399999999999999,,0.18666666666666668
2026-01-09 00:00:00+00:00,0.30666666666666664,0.45333333333333337,,,,,0.34,0.3133333333333333,0.39999999999999997,0.9533333333333333,0.46,,0.04666666666666667,0.5733333333333334,,0.6933333333333334,,0.48,0.17333333333333334,0.36000000000000004,,,,0.5733333333333334,0.37333333333333335,0.6666666666666666,0.5533333333333333,0.6133333333333334,,0.27999999999999997,0.34,,0.52,0.94,,0.7000000000000001,,0.2733333333333333,0.20000000000000004,,0.5666666666666667,,,0.58,0.4133333333333334,,0.3066666666666667,,0.6,,,,0.48,,,0.58,0.3933333333333333,0.4666666666666666,0.9266666666666666,0.5,,,0.5466666666666667,0.8733333333333332,0.52,0.8933333333333334,,,0.9733333333333333,,,0.5599999999999999,0.30666666666666664,0.82,0.39333333333333337,0.22,,0.6133333333333334,0.43333333333333335,0.7999999999999999,,0.14666666666666667
2026-01-10 00:00:00+00:00,0.20000000000000004,0.29333333333333333,,,,,0.35333333333333333,0.3,0.36000000000000004,0.9866666666666667,0.49333333333333335,,0.04666666666666667,0.6533333333333333,,0.7399999999999999,,0.46666666666666673,0.32,0.4466666666666666,,,,0.5666666666666667,0.44,0.5133333333333333,0.45999999999999996,0.6133333333333333,,0.3266666666666667,0.20666666666666667,,0.58,0.9199999999999999,,0.7000000000000001,,0.20666666666666667,0.30666666666666664,,0.5066666666666667,,,0.7133333333333333,0.30666666666666664,,0.32666666666666666,,0.44,,,,0.52,,,0.64,0.46,0.45333333333333337,0.82,0.6866666666666666,,,0.6266666666666667,0.8533333333333334,0.5800000000000001,0.7533333333333334,,,0.9466666666666667,,,0.58,0.4666666666666666,0.9666666666666667,0.31333333333333335,0.20000000000000004,,0.58,0.4066666666666667,0.7666666666666666,,0.08666666666666667
2026-01-11 00:00:00+00:00,0.3333333333333333,0.35333333333333333,,,,,0.34,0.17333333333333334,0.4266666666666667,0.9933333333333333,0.5133333333333333,,0.02,0.5,,0.9066666666666666,,0.4466666666666667,0.48666666666666664,0.54,,,,0.5933333333333333,0.27999999999999997,0.48,0.5333333333333333,0.7999999999999999,,0.3133333333333333,0.31333333333333335,,0.6666666666666666,0.8266666666666667,,0.6533333333333333,,0.11333333333333334,0.35333333333333333,,0.52,,,0.7599999999999999,0.3466666666666667,,0.26,,0.3933333333333333,,,,0.45333333333333337,,,0.6933333333333334,0.5,0.4666666666666666,0.7799999999999999,0.7466666666666667,,,0.5133333333333333,0.7999999999999999,0.5066666666666667,0.7000000000000001,,,0.9333333333333332,,,0.5666666666666667,0.39333333333333337,0.96,0.32,0.18000000000000002,,0.44,0.3266666666666667,0.7666666666666666,,0.21333333333333335
2026-01-12 00:00:00+00:00,0.5133333333333333,0.41333333333333333,,,,,0.39999999999999997,0.18000000000000002,0.37333333333333335,0.9933333333333333,0.6133333333333334,,0.05333333333333334,0.7333333333333334,,0.8333333333333334,,0.6266666666666666,0.3466666666666667,0.5066666666666667,,,,0.39999999999999997,0.32,0.4466666666666666,0.6133333333333334,0.8066666666666666,,0.26,0.64,,0.6333333333333333,0.6533333333333333,,0.5,,0.16666666666666666,0.38000000000000006,,0.5333333333333333,,,0.7200000000000001,0.4466666666666667,,0.14,,0.3666666666666667,,,,0.64,,,0.7266666666666667,0.4000000000000001,0.35333333333333333,0.6466666666666666,0.6333333333333334,,,0.21333333333333337,0.5466666666666666,0.5866666666666667,0.9333333333333332,,,0.9466666666666667,,,0.5333333333333333,0.5133333333333333,0.9533333333333333,0.3666666666666667,0.28,,0.5,0.24000000000000002,0.7266666666666667,,0.1466666666666667
2026-01-13 00:00:00+00:00,0.52,0.4733333333333334,,,,,0.5266666666666667,0.32666666666666666,0.32666666666666666,0.98,0.66,,0.06,0.6733333333333333,,0.86,,0.7333333333333333,0.35333333333333333,0.54,,,,0.45999999999999996,0.3066666666666667,0.48,0.6933333333333334,0.7866666666666666,,0.20000000000000004,0.6066666666666666,,0.7399999999999999,0.7133333333333334,,0.5733333333333334,,0.16,0.49333333333333335,,0.5399999999999999,,,0.5066666666666667,0.39999999999999997,,0.07333333333333333,,0.39333333333333337,,,,0.6999999999999998,,,0.6666666666666666,0.3466666666666667,0.42,0.7733333333333333,0.5533333333333333,,,0.32666666666666666,0.6533333333333333,0.5866666666666667,0.94,,,0.86,,,0.5066666666666667,0.39333333333333337,0.9666666666666667,0.2733333333333334,0.24,,0.38666666666666666,0.09999999999999999,0.5333333333333333,,0.11333333333333333
2026-01-14 00:00:00+00:00,0.3866666666666667,0.44,,,,,0.5333333333333333,0.3666666666666667,0.34,0.9333333333333332,0.6666666666666666,,0.03333333333333333,0.25333333333333335,,0.8133333333333335,,0.8266666666666667,0.30666666666666664,0.2933333333333334,,,,0.26666666666666666,0.5133333333333333,0.4333333333333333,0.7200000000000001,0.7733333333333334,,0.2933333333333333,0.62,,0.5133333333333333,0.6866666666666666,,0.6,,0.12666666666666668,0.6733333333333333,,0.5066666666666667,,,0.48666666666666664,0.4466666666666667,,0.06,,0.22666666666666666,,,,0.7866666666666667,,,0.8733333333333334,0.6133333333333334,0.64,0.7666666666666666,0.5733333333333334,,,0.8466666666666667,0.5333333333333333,0.3666666666666667,0.9199999999999999,,,0.7000000000000001,,,0.6733333333333333,0.5733333333333334,0.96,0.21333333333333335,0.14,,0.43333333333333335,0.22666666666666668,0.32,,0.20000000000000004
2026-01-15 00:00:00+00:00,0.45333333333333337,0.45333333333333337,,,,,0.48666666666666664,0.41999999999999993,0.39333333333333337,0.9266666666666666,0.6999999999999998,,0.03333333333333333,0.19333333333333333,,0.86,,0.9666666666666667,0.3466666666666667,0.22,,,,0.3866666666666667,0.54,0.5066666666666667,0.5866666666666668,0.6466666666666666,,0.41333333333333333,0.7733333333333333,,0.66,0.58,,0.5533333333333333,,0.2733333333333333,0.9733333333333333,,0.6066666666666667,,,0.4666666666666666,0.6733333333333333,,0.05333333333333334,,0.24,,,,0.6466666666666666,,,0.7533333333333334,0.44,0.39333333333333337,0.6333333333333333,0.6133333333333333,,,0.62,0.41333333333333333,0.34,0.9266666666666666,,,0.7466666666666667,,,0.6333333333333333,0.40666666666666673,0.9,0.16666666666666666,0.18000000000000002,,0.4266666666666667,0.34,0.3666666666666667,,0.16666666666666666
2026-01-16 00:00:00+00:00,0.56,0.38666666666666666,,,,,0.38000000000000006,0.47333333333333333,0.4266666666666667,0.86,0.4666666666666666,,0.04,0.26,,0.8733333333333334,,0.9533333333333333,0.45333333333333337,0.3666666666666667,,,,0.54,0.82,0.43999999999999995,0.5266666666666667,0.5266666666666667,,0.38000000000000006,0.8999999999999999,,0.5,0.49333333333333335,,0.38666666666666666,,0.26,0.96,,0.4666666666666666,,,0.3933333333333333,0.7333333333333334,,0.02666666666666667,,0.10666666666666667,,,,0.5866666666666666,,,0.7666666666666666,0.62,0.44,0.6266666666666666,0.32666666666666666,,,0.8333333333333334,0.44,0.24666666666666667,0.86,,,0.68,,,0.5866666666666667,0.5533333333333333,1.0,0.14666666666666667,0.17333333333333334,,0.3466666666666667,0.4266666666666667,0.5266666666666667,,0.35333333333333333
2026-01-17 00:00:00+00:00,0.5066666666666667,0.32,,,,,0.27999999999999997,0.6,0.4133333333333334,0.6666666666666666,0.3133333333333333,,0.04666666666666666,0.17333333333333334,,0.9333333333333332,,0.96,0.6,0.3333333333333333,,,,0.5800000000000001,0.6733333333333332,0.19999999999999998,0.39999999999999997,0.48,,0.4066666666666667,0.88,,0.5933333333333334,0.5466666666666667,,0.5733333333333334,,0.22,0.9466666666666667,,0.52,,,0.3133333333333333,0.6933333333333334,,0.03333333333333333,,0.27999999999999997,,,,0.5466666666666667,,,0.7666666666666666,0.7666666666666667,0.5,0.49333333333333335,0.5466666666666667,,,0.8466666666666667,0.4333333333333333,0.36000000000000004,0.9266666666666667,,,0.6933333333333334,,,0.6133333333333333,0.7266666666666666,0.9866666666666667,0.08666666666666667,0.12,,0.2333333333333333,0.3666666666666667,0.4000000000000001,,0.6000000000000001
2026-01-18 00:00:00+00:00,0.49333333333333335,0.29333333333333333,,,,,0.4333333333333333,0.6866666666666665,0.6466666666666666,0.7533333333333333,0.36000000000000004,,0.21333333333333335,0.06,,0.9533333333333333,,0.9333333333333332,0.5733333333333334,0.48,,,,0.3666666666666667,0.4066666666666667,0.17333333333333334,0.4666666666666666,0.29333333333333333,,0.4066666666666667,0.8866666666666666,,0.62,0.3666666666666667,,0.8733333333333334,,0.28,0.82,,0.48000000000000004,,,0.2866666666666667,0.6933333333333334,,0.03333333333333333,,0.43333333333333335,,,,0.5533333333333333,,,0.8000000000000002,0.7533333333333334,0.4466666666666667,0.4000000000000001,0.4066666666666667,,,0.5933333333333334,0.38000000000000006,0.56,0.9199999999999999,,,0.6533333333333333,,,0.7200000000000001,0.7333333333333333,0.9933333333333333,0.06666666666666667,0.12666666666666668,,0.14666666666666667,0.3933333333333333,0.30666666666666664,,0.7799999999999999
2026-01-19 00:00:00+00:00,0.52,0.36000000000000004,,,,,0.3666666666666667,0.7333333333333334,0.5933333333333334,0.6733333333333333,0.30666666666666664,,0.4000000000000001,0.09333333333333334,,0.96,,0.92,0.6733333333333333,0.5733333333333334,,,,0.2866666666666667,0.6266666666666666,0.2066666666666667,0.6333333333333333,0.35333333333333333,,0.37333333333333335,0.9466666666666667,,0.6200000000000001,0.2933333333333334,,0.7133333333333333,,0.20666666666666667,0.9466666666666667,,0.3933333333333333,,,0.22,0.7066666666666667,,0.02,,0.6533333333333333,,,,0.38666666666666666,,,0.7799999999999999,0.84,0.42,0.48666666666666664,0.3,,,0.6933333333333334,0.3866666666666667,0.58,0.7533333333333333,,,0.6066666666666666,,,0.48666666666666664,0.6333333333333333,1.0,0.07333333333333333,0.18666666666666668,,0.12,0.30666666666666664,0.38000000000000006,,0.7066666666666667
2026-01-20 00:00:00+00:00,0.5533333333333333,0.4066666666666667,,,,,0.27999999999999997,0.7799999999999999,0.39999999999999997,0.8666666666666667,0.3866666666666667,,0.5533333333333333,0.18000000000000002,,0.94,,0.9,0.5866666666666667,0.6666666666666666,,,,0.11333333333333334,0.6666666666666666,0.2733333333333334,0.7333333333333334,0.4266666666666667,,0.34,0.9199999999999999,,0.4466666666666666,0.3666666666666667,,0.5933333333333334,,0.2333333333333333,0.9066666666666666,,0.5266666666666667,,,0.23333333333333336,0.56,,0.02666666666666667,,0.58,,,,0.5133333333333333,,,0.88,0.7799999999999999,0.4666666666666666,0.58,0.2933333333333334,,,0.7133333333333334,0.6066666666666666,0.5333333333333333,0.6133333333333333,,,0.3133333333333333,,,0.41333333333333333,0.8066666666666666,0.9933333333333333,0.10666666666666667,0.08666666666666667,,0.12,0.3666666666666667,0.36000000000000004,,0.5066666666666667
2026-01-21 00:00:00+00:00,0.5666666666666667,0.4733333333333334,,,,,0.3466666666666667,0.86,0.3133333333333333,0.8933333333333334,0.31333333333333335,,0.6000000000000001,0.5733333333333334,,0.7733333333333333,,0.52,0.6733333333333333,0.66,,,,0.17333333333333334,0.7200000000000001,0.34,0.7999999999999999,0.39333333333333337,,0.32666666666666666,0.4000000000000001,,0.62,0.43999999999999995,,0.6733333333333333,,0.3066666666666667,0.9933333333333333,,0.49333333333333335,,,0.16666666666666666,0.26,,0.04666666666666667,,0.66,,,,0.42,,,0.8799999999999999,0.8000000000000002,0.54,0.8866666666666667,0.21333333333333335,,,0.7400000000000001,0.7733333333333333,0.5066666666666667,0.35333333333333333,,,0.32,,,0.4533333333333333,0.6933333333333334,0.9533333333333333,0.17333333333333334,0.07333333333333333,,0.08666666666666667,0.5066666666666667,0.4533333333333333,,0.2933333333333334
2026-01-22 00:00:00+00:00,0.7333333333333334,0.5933333333333333,,,,,0.20666666666666667,0.6999999999999998,0.2866666666666667,0.96,0.2866666666666667,,0.47333333333333333,0.5733333333333334,,0.64,,0.5,0.7133333333333334,0.68,,,,0.14666666666666667,0.32666666666666666,0.2933333333333333,0.7999999999999999,0.6333333333333333,,0.25999999999999995,0.38000000000000006,,0.56,0.48666666666666664,,0.6533333333333333,,0.32,0.8266666666666667,,0.5066666666666667,,,0.08666666666666667,0.2866666666666667,,0.09999999999999999,,0.7466666666666667,,,,0.42,,,0.8933333333333334,0.6666666666666666,0.5866666666666667,0.7666666666666666,0.28,,,0.7666666666666667,0.8266666666666667,0.5266666666666667,0.52,,,0.32,,,0.44,0.68,0.9733333333333333,0.20666666666666667,0.13333333333333333,,0.09333333333333334,0.46,0.6066666666666666,,0.5733333333333334
2026-01-23 00:00:00+00:00,0.7200000000000001,0.6066666666666666,,,,,0.2733333333333334,0.6533333333333333,0.10666666666666669,0.9199999999999999,0.2933333333333334,,0.5333333333333333,0.84,,0.7466666666666667,,0.6,0.6933333333333334,0.7200000000000001,,,,0.2133333333333333,0.22666666666666666,0.3,0.8133333333333334,0.5666666666666667,,0.34,0.3933333333333333,,0.44,0.48666666666666664,,0.6466666666666666,,0.4133333333333334,0.8066666666666666,,0.5533333333333333,,,0.12,0.32,,0.2466666666666667,,0.37333333333333335,,,,0.43999999999999995,,,0.8866666666666666,0.6000000000000001,0.6,0.7533333333333333,0.36000000000000004,,,0.6666666666666666,0.7599999999999999,0.43333333333333335,0.42,,,0.32,,,0.34,0.6999999999999998,0.9733333333333333,0.20666666666666667,0.17333333333333334,,0.15333333333333332,0.5666666666666667,0.5866666666666666,,0.5933333333333334
2026-01-24 00:00:00+00:00,0.7266666666666666,0.6933333333333334,,,,,0.34,0.6266666666666666,0.08666666666666667,0.86,0.35333333333333333,,0.45999999999999996,0.7733333333333333,,0.7599999999999999,,0.6133333333333334,0.5266666666666667,0.5466666666666667,,,,0.22666666666666666,0.2333333333333333,0.44,0.8533333333333334,0.3933333333333333,,0.42,0.4666666666666666,,0.45999999999999996,0.46,,0.6066666666666668,,0.5533333333333333,0.8466666666666667,,0.5266666666666667,,,0.12666666666666668,0.31333333333333335,,0.09999999999999999,,0.32666666666666666,,,,0.43999999999999995,,,0.8933333333333332,0.5266666666666667,0.66,0.8266666666666667,0.32000000000000006,,,0.66,0.8133333333333334,0.45999999999999996,0.4466666666666666,,,0.32,,,0.24,0.5,0.9066666666666666,0.22666666666666668,0.3066666666666667,,0.18000000000000002,0.68,0.7000000000000001,,0.6733333333333333
2026-01-25 00:00:00+00:00,0.7533333333333333,0.7466666666666667,,,,,0.21333333333333335,0.6733333333333333,0.09333333333333334,0.7999999999999999,0.26,,0.18666666666666668,0.5399999999999999,,0.66,,0.6466666666666666,0.46,0.41333333333333333,,,,0.3666666666666667,0.2333333333333333,0.4666666666666666,0.8266666666666667,0.29333333333333333,,0.4066666666666667,0.4666666666666666,,0.5133333333333333,0.56,,0.36000000000000004,,0.5599999999999999,0.9333333333333332,,0.5066666666666667,,,0.09333333333333334,0.37333333333333335,,0.13999999999999999,,0.58,,,,0.4466666666666666,,,0.8933333333333332,0.6266666666666666,0.7666666666666667,0.86,0.48000000000000004,,,0.7933333333333333,0.8133333333333334,0.43333333333333335,0.4533333333333333,,,0.3666666666666667,,,0.36000000000000004,0.5466666666666667,0.6266666666666666,0.3,0.2733333333333334,,0.26666666666666666,0.6733333333333333,0.7399999999999999,,0.6533333333333333
2026-01-26 00:00:00+00:00,0.49333333333333335,0.7133333333333334,,,,,0.3666666666666667,0.6266666666666666,0.10666666666666667,0.7799999999999999,0.3,,0.16,0.5133333333333333,,0.62,,0.5266666666666667,0.5800000000000001,0.3,,,,0.41333333333333333,0.28,0.6333333333333333,0.8066666666666666,0.2866666666666667,,0.5,0.28,,0.6333333333333333,0.6133333333333333,,0.5533333333333333,,0.5399999999999999,0.8466666666666667,,0.5066666666666667,,,0.08666666666666667,0.20666666666666667,,0.24,,0.35333333333333333,,,,0.41333333333333333,,,0.88,0.6,0.7799999999999999,0.9199999999999999,0.6533333333333333,,,0.8733333333333334,0.8733333333333334,0.56,0.22666666666666666,,,0.36000000000000004,,,0.3333333333333333,0.46666666666666673,0.7200000000000001,0.34,0.27999999999999997,,0.27999999999999997,0.7399999999999999,0.7466666666666667,,0.5866666666666667
2026-01-27 00:00:00+00:00,0.6733333333333333,0.6066666666666667,,,,,0.48,0.3066666666666667,0.06666666666666667,0.5,0.22,,0.19333333333333336,0.46666666666666673,,0.6133333333333333,,0.5666666666666667,0.84,0.22666666666666668,,,,0.5666666666666668,0.3,0.5933333333333334,0.6066666666666667,0.42,,0.4066666666666667,0.5266666666666667,,0.40666666666666673,0.5533333333333333,,0.48666666666666664,,0.5733333333333334,0.7333333333333334,,0.4533333333333333,,,0.1466666666666667,0.3333333333333333,,0.42,,0.5733333333333334,,,,0.22666666666666666,,,0.8266666666666667,0.6333333333333333,0.7799999999999999,0.8933333333333334,0.6866666666666666,,,0.8666666666666666,0.7533333333333333,0.5866666666666666,0.3666666666666667,,,0.43333333333333335,,,0.35333333333333333,0.5466666666666666,0.6666666666666666,0.32,0.20000000000000004,,0.22666666666666668,0.6733333333333333,0.7533333333333333,,0.8466666666666667
2026-01-28 00:00:00+00:00,0.88,0.7066666666666667,,,,,0.48,0.16666666666666666,0.06,0.5533333333333333,0.34,,0.21333333333333335,0.7666666666666666,,0.9066666666666666,,0.7333333333333333,0.86,0.26666666666666666,,,,0.5533333333333333,0.10666666666666667,0.6999999999999998,0.49333333333333335,0.5,,0.3666666666666667,0.8333333333333334,,0.26666666666666666,0.48,,0.37333333333333335,,0.58,0.6333333333333333,,0.4000000000000001,,,0.2333333333333333,0.29333333333333333,,0.49333333333333335,,0.5533333333333333,,,,0.25333333333333335,,,0.7000000000000001,0.3733333333333333,0.5533333333333333,0.7600000000000001,0.8866666666666667,,,0.5933333333333334,0.7999999999999999,0.6533333333333333,0.6,,,0.3066666666666667,,,0.31333333333333335,0.37333333333333335,0.7000000000000001,0.38666666666666666,0.19333333333333336,,0.20666666666666667,0.5333333333333333,0.7600000000000001,,0.7600000000000001
2026-01-29 00:00:00+00:00,0.8533333333333334,0.64,,,,,0.5933333333333334,0.14,0.06,0.5666666666666667,0.3,,0.16666666666666666,0.7666666666666666,,0.9133333333333334,,0.62,0.7999999999999999,0.28,,,,0.43333333333333335,0.19333333333333333,0.6333333333333333,0.5133333333333333,0.49333333333333335,,0.4466666666666667,0.7399999999999999,,0.25333333333333335,0.48,,0.32,,0.43333333333333335,0.38666666666666666,,0.48666666666666664,,,0.3066666666666667,0.16,,0.48666666666666664,,0.38666666666666666,,,,0.3466666666666667,,,0.7999999999999999,0.5066666666666667,0.5533333333333333,0.8466666666666667,0.94,,,0.5866666666666666,0.7733333333333333,0.6333333333333334,0.34,,,0.22,,,0.5266666666666667,0.43333333333333335,0.7333333333333333,0.4466666666666666,0.18666666666666668,,0.9866666666666667,0.6266666666666667,0.7333333333333334,,0.4266666666666667
2026-01-30 00:00:00+00:00,0.7666666666666666,0.7333333333333334,,,,,0.6533333333333333,0.12,0.10666666666666667,0.6733333333333333,0.22666666666666666,,0.13999999999999999,0.46,,0.8066666666666666,,0.22,0.7133333333333334,0.20000000000000004,,,,0.5666666666666668,0.19333333333333336,0.7066666666666667,0.58,0.39999999999999997,,0.3866666666666667,0.54,,0.4066666666666667,0.6333333333333334,,0.39999999999999997,,0.54,0.6333333333333333,,0.48,,,0.20666666666666667,0.10000000000000002,,0.6266666666666667,,0.37333333333333335,,,,0.3066666666666667,,,0.6066666666666666,0.6533333333333333,0.6466666666666666,0.9533333333333333,0.9666666666666667,,,0.68,0.8733333333333334,0.7866666666666666,0.28,,,0.3,,,0.43333333333333335,0.35333333333333333,0.7866666666666666,0.58,0.16666666666666666,,0.9266666666666666,0.6933333333333334,0.7466666666666667,,0.16666666666666666
2026-01-31 00:00:00+00:00,0.4533333333333333,0.6533333333333333,,,,,0.6733333333333333,0.07333333333333335,0.12666666666666668,0.7133333333333333,0.3933333333333333,,0.06,0.5133333333333333,,0.6733333333333335,,0.3,0.68,0.26,,,,0.2866666666666667,0.18000000000000002,0.84,0.56,0.34,,0.35333333333333333,0.34,,0.5,0.7666666666666666,,0.3666666666666667,,0.5266666666666667,0.7599999999999999,,0.58,,,0.22,0.07333333333333333,,0.45999999999999996,,0.36000000000000004,,,,0.2066666666666667,,,0.7000000000000001,0.7266666666666667,0.62,0.9533333333333333,0.9733333333333333,,,0.8133333333333334,0.84,0.8666666666666667,0.43333333333333335,,,0.24,,,0.56,0.3666666666666667,0.9533333333333333,0.5733333333333334,0.12666666666666668,,0.9466666666666667,0.66,0.66,,0.19333333333333333
2026-02-01 00:00:00+00:00,0.7045454545454546,0.6212121212121211,,,,,0.45454545454545453,,0.12121212121212122,0.7045454545454546,0.2727272727272727,,0.022727272727272724,0.537878787878788,,0.4545454545454546,0.9242424242424243,0.25,,,0.9545454545454545,,,,0.12878787878787878,0.6893939393939394,0.40151515151515155,0.4318181818181818,,0.34848484848484845,0.356060606060606,,0.07575757575757576,,0.196969696969697,0.4090909090909091,,0.5151515151515151,0.8939393939393939,,0.6212121212121212,,,0.2272727272727273,0.14393939393939392,,0.3333333333333333,,,,,,0.196969696969697,,,0.6212121212121212,0.7272727272727272,0.6212121212121212,0.9318181818181818,,,,,0.8787878787878788,0.7803030303030303,0.37121212121212127,,,0.4166666666666667,,,0.6136363636363636,0.32575757575757575,0.8787878787878789,0.6818181818181818,0.1818181818181818,,0.9469696969696969,0.7348484848484849,0.7954545454545454,,
2026-02-02 00:00:00+00:00,0.4621212121212121,0.5075757575757577,,,,,0.5151515151515151,,0.12121212121212122,0.7348484848484849,0.4090909090909091,,0.030303030303030304,0.8181818181818182,,0.3333333333333333,0.9242424242424243,0.30303030303030304,,,0.9924242424242425,,,,0.13636363636363635,0.5757575757575758,0.2803030303030303,0.4772727272727273,,0.3636363636363636,0.18939393939393942,,0.25757575757575757,,0.2878787878787879,0.40909090909090917,,0.40151515151515155,0.8939393939393939,,0.6666666666666666,,,0.2575757575757575,0.07575757575757576,,0.27272727272727276,,,,,,0.3106060606060606,,,0.7272727272727272,0.8560606060606061,0.75,0.8863636363636364,,,,,0.8409090909090909,0.7803030303030303,0.3636363636363636,,,0.27272727272727276,,,0.6893939393939394,0.5606060606060607,0.8484848484848485,0.356060606060606,0.16666666666666666,,0.9545454545454546,0.7045454545454545,0.7348484848484849,,
2026-02-03 00:00:00+00:00,0.48484848484848486,0.5984848484848485,,,,,0.5378787878787878,,0.11363636363636363,0.7575757575757575,0.37121212121212116,,0.030303030303030304,0.8030303030303031,,0.37121212121212116,0.9393939393939394,0.3333333333333333,,,0.962121212121212,,,,0.11363636363636363,0.5909090909090909,0.32575757575757575,0.32575757575757575,,0.4545454545454546,0.18939393939393942,,0.46969696969696967,,0.03787878787878788,0.4090909090909091,,0.6212121212121212,0.8333333333333334,,0.6363636363636364,,,0.25757575757575757,0.1590909090909091,,0.27272727272727276,,,,,,0.23484848484848486,,,0.5757575757575758,0.7954545454545455,0.7803030303030303,0.8484848484848485,,,,,0.8560606060606061,0.8636363636363636,0.4090909090909091,,,0.2954545454545454,,,0.75,0.44696969696969696,0.7803030303030303,0.48484848484848486,0.16666666666666666,,0.9545454545454546,0.6439393939393939,0.6136363636363636,,
2026-02-04 00:00:00+00:00,0.5454545454545454,0.6136363636363636,,,,,0.5833333333333334,,0.0984848484848485,0.9318181818181818,0.356060606060606,,0.022727272727272724,0.8106060606060606,,0.3636363636363636,0.37121212121212116,0.28030303030303033,,,0.9242424242424243,,,,0.1818181818181818,0.5378787878787878,0.4318181818181818,0.37878787878787884,,0.4166666666666667,0.24242424242424243,,0.6060606060606061,,0.05303030303030303,0.34848484848484845,,0.5606060606060606,0.8409090909090908,,0.6893939393939394,,,0.27272727272727276,0.1818181818181818,,0.46212121212121215,,,,,,0.32575757575757575,,,0.4621212121212121,0.9015151515151515,0.8030303030303031,0.6060606060606061,,,,,0.5151515151515151,0.8636363636363636,0.3106060606060606,,,0.393939393939394,,,0.7424242424242425,0.6287878787878788,0.9772727272727272,0.4393939393939394,0.196969696969697,,0.9696969696969697,0.6590909090909091,0.5984848484848485,,
2026-02-05 00:00:00+00:00,0.5303030303030303,0.537878787878788,,,,,0.6439393939393939,,0.12878787878787878,0.8939393939393939,0.40151515151515155,,0.10606060606060606,0.8712121212121212,,0.29545454545454547,0.5075757575757575,0.20454545454545456,,,0.9545454545454546,,,,0.2727272727272727,0.5530303030303031,0.42424242424242425,0.43939393939393945,,0.3636363636363636,0.26515151515151514,,0.5757575757575758,,0.10606060606060608,0.5075757575757577,,0.4848484848484848,0.9242424242424243,,0.6818181818181818,,,0.3409090909090909,0.19696969696969693,,0.48484848484848486,,,,,,0.4318181818181818,,,0.6818181818181818,0.9166666666666666,0.8409090909090908,0.8106060606060606,,,,,0.5151515151515151,0.787878787878788,0.2727272727272727,,,0.13636363636363638,,,0.7727272727272728,0.7424242424242425,0.9772727272727272,0.5075757575757576,0.1818181818181818,,0.9090909090909092,0.26515151515151514,0.05303030303030303,,
2026-02-06 00:00:00+00:00,0.5151515151515151,0.5530303030303031,,,,,0.6590909090909091,,0.16666666666666666,0.8863636363636364,0.4166666666666667,,0.12121212121212122,0.8030303030303031,,0.21969696969696972,0.4696969696969697,0.22727272727272727,,,0.9924242424242425,,,,0.2727272727272727,0.5681818181818182,0.4318181818181818,0.4696969696969697,,0.3106060606060606,0.20454545454545456,,0.5606060606060607,,0.10606060606060604,0.5681818181818182,,0.4393939393939394,0.9393939393939394,,0.6893939393939394,,,0.39393939393939387,0.1590909090909091,,0.3863636363636364,,,,,,0.40151515151515155,,,0.7727272727272728,0.9242424242424243,0.8560606060606061,0.8181818181818182,,,,,0.5530303030303031,0.7272727272727272,0.21212121212121213,,,0.11363636363636363,,,0.8409090909090908,0.7651515151515151,0.8787878787878789,0.5075757575757576,0.23484848484848483,,0.9696969696969697,0.25,0.14393939393939395,,
2026-02-07 00:00:00+00:00,0.6136363636363636,0.6666666666666666,,,,,0.4545454545454546,,0.07575757575757576,0.8863636363636364,0.5075757575757576,,0.2878787878787879,0.9772727272727272,,0.1818181818181818,0.32575757575757575,0.48484848484848486,,,0.9469696969696969,,,,0.25757575757575757,0.6060606060606061,0.22727272727272727,0.1590909090909091,,0.28787878787878785,0.27272727272727276,,0.4696969696969697,,0.5984848484848485,0.32575757575757575,,0.9015151515151515,0.9166666666666666,,0.49242424242424243,,,0.2196969696969697,0.2878787878787879,,0.29545454545454547,,,,,,0.4166666666666667,,,0.3863636363636364,0.8939393939393939,0.7954545454545455,0.7803030303030303,,,,,0.712121212121212,0.21212121212121213,0.16666666666666666,,,0.21212121212121215,,,0.7272727272727272,0.6742424242424242,0.6818181818181818,0.5227272727272727,0.2878787878787879,,0.9545454545454545,0.5454545454545454,0.8030303030303031,,
2026-02-08 00:00:00+00:00,0.5909090909090909,0.6590909090909091,,,,,0.4621212121212121,,0.0909090909090909,0.9015151515151515,0.5227272727272728,,0.37878787878787873,0.9696969696969697,,0.12878787878787878,0.40151515151515155,0.4166666666666667,,,0.962121212121212,,,,0.37878787878787873,0.6893939393939394,0.2727272727272727,0.08333333333333333,,0.3106060606060606,0.3106060606060606,,0.537878787878788,,0.34848484848484845,0.3333333333333333,,0.8787878787878788,0.8712121212121212,,0.5454545454545455,,,0.27272727272727276,0.3333333333333333,,0.4318181818181818,,,,,,0.37878787878787873,,,0.3636363636363636,0.8939393939393939,0.7424242424242425,0.7954545454545455,,,,,0.7045454545454546,0.20454545454545456,0.11363636363636365,,,0.1590909090909091,,,0.7045454545454546,0.7045454545454545,0.8409090909090908,0.5,0.32575757575757575,,0.9545454545454546,0.409090909090909,0.6212121212121212,,
2026-02-09 00:00:00+00:00,0.6287878787878788,0.7575757575757577,,,,,0.3106060606060606,,0.06818181818181818,0.8106060606060607,0.5151515151515151,,0.45454545454545453,0.9621212121212123,,0.12878787878787878,0.3181818181818182,0.5606060606060606,,,0.8560606060606061,,,,0.32575757575757575,0.6363636363636364,0.2803030303030303,0.03787878787878788,,0.2727272727272727,0.5984848484848485,,0.3863636363636364,,0.6060606060606061,0.17424242424242423,,0.9393939393939394,0.8787878787878789,,0.5,,,0.21212121212121213,0.5681818181818182,,0.39393939393939387,,,,,,0.2196969696969697,,,0.32575757575757575,0.8863636363636364,0.6363636363636364,0.7651515151515152,,,,,0.6742424242424243,0.24242424242424243,0.24242424242424243,,,0.1590909090909091,,,0.7045454545454545,0.6666666666666666,0.8636363636363636,0.37878787878787873,0.3181818181818182,,0.9469696969696969,0.5530303030303031,0.7348484848484849,,
2026-02-10 00:00:00+00:00,0.6363636363636364,0.6969696969696969,,,,,0.16666666666666666,,0.07575757575757576,0.8484848484848485,0.5530303030303031,,0.7651515151515151,0.9545454545454546,,0.05303030303030303,0.32575757575757575,0.5530303030303031,,,0.8030303030303031,,,,0.3409090909090909,0.5984848484848485,0.17424242424242423,0.03787878787878788,,0.29545454545454547,0.5757575757575758,,0.37878787878787873,,0.7803030303030303,0.3181818181818182,,0.9318181818181818,0.8863636363636364,,0.3863636363636364,,,0.2196969696969697,0.48484848484848486,,0.3409090909090909,,,,,,0.2272727272727273,,,0.32575757575757575,0.8636363636363636,0.6515151515151515,0.7954545454545455,,,,,0.6060606060606061,0.25757575757575757,0.20454545454545456,,,0.12878787878787878,,,0.6590909090909091,0.6893939393939394,0.8939393939393939,0.37878787878787884,0.4318181818181818,,0.9318181818181818,0.4772727272727273,0.7954545454545454,,
2026-02-11 00:00:00+00:00,0.5757575757575757,0.643939393939394,,,,,0.15151515151515152,,0.12121212121212122,0.8030303030303031,0.4545454545454546,,0.8939393939393939,0.9393939393939394,,0.04545454545454545,0.3409090909090909,0.6590909090909091,,,0.8484848484848485,,,,0.23484848484848486,0.5151515151515151,0.26515151515151514,0.03787878787878788,,0.2727272727272727,0.5075757575757576,,0.34848484848484845,,0.8333333333333334,0.37121212121212116,,0.9166666666666666,0.9090909090909092,,0.4090909090909091,,,0.196969696969697,0.5,,0.37121212121212127,,,,,,0.14393939393939392,,,0.46212121212121215,0.8636363636363636,0.5984848484848485,0.7651515151515151,,,,,0.681818181818182,0.29545454545454547,0.12121212121212122,,,0.18939393939393936,,,0.5909090909090909,0.6590909090909091,0.9166666666666666,0.34848484848484845,0.356060606060606,,0.9469696969696969,0.6212121212121212,0.7727272727272728,,
2026-02-12 00:00:00+00:00,0.5681818181818182,0.6439393939393939,,,,,0.07575757575757576,,0.12121212121212122,0.8787878787878788,0.5378787878787878,,0.8863636363636364,0.9545454545454545,,0.06060606060606061,0.3106060606060606,0.6439393939393939,,,0.8030303030303031,,,,0.2727272727272727,0.5378787878787878,0.25757575757575757,0.03787878787878788,,0.25757575757575757,0.47727272727272724,,0.24242424242424243,,0.9242424242424242,0.37878787878787873,,0.9166666666666666,0.8939393939393939,,0.45454545454545453,,,0.1818181818181818,0.4545454545454546,,0.34848484848484845,,,,,,0.12878787878787878,,,0.32575757575757575,0.8712121212121212,0.6666666666666666,0.6818181818181818,,,,,0.6666666666666666,0.4166666666666667,0.18939393939393942,,,0.17424242424242423,,,0.5454545454545454,0.6363636363636362,0.9242424242424242,0.40151515151515155,0.4772727272727273,,0.8636363636363636,0.6136363636363636,0.7954545454545454,,
2026-02-13 00:00:00+00:00,0.8257575757575758,0.6893939393939394,,,,,0.04545454545454545,,0.2196969696969697,0.8712121212121211,0.6060606060606061,,0.8939393939393939,0.962121212121212,,0.13636363636363635,0.3106060606060606,0.5833333333333334,,,0.7424242424242425,,,,0.29545454545454547,0.5378787878787878,0.21212121212121213,0.04545454545454545,,0.21212121212121213,0.45454545454545453,,0.4318181818181818,,0.7803030303030303,0.35606060606060613,,0.9772727272727272,0.6818181818181818,,0.25757575757575757,,,0.37121212121212116,0.4696969696969697,,0.5681818181818182,,,,,,0.07575757575757576,,,0.12121212121212122,0.7272727272727272,0.6136363636363636,0.7348484848484849,,,,,0.7803030303030303,0.37121212121212127,0.13636363636363635,,,0.356060606060606,,,0.5303030303030304,0.5757575757575758,0.9090909090909091,0.5833333333333334,0.25757575757575757,,0.8257575757575758,0.5681818181818182,0.7954545454545454,,
2026-02-14 00:00:00+00:00,0.8484848484848485,0.75,,,,,0.03787878787878788,,0.16666666666666666,0.9545454545454546,0.5454545454545454,,0.8787878787878788,0.9772727272727272,,0.07575757575757576,0.29545454545454547,0.5151515151515151,,,0.8863636363636364,,,,0.4545454545454546,0.5530303030303031,0.30303030303030304,0.06818181818181818,,0.23484848484848486,0.49242424242424243,,0.5227272727272728,,0.3636363636363636,0.2954545454545454,,0.9621212121212123,0.1590909090909091,,0.20454545454545456,,,0.3181818181818182,0.5454545454545455,,0.6969696969696969,,,,,,0.18939393939393936,,,0.1818181818181818,0.6363636363636364,0.537878787878788,0.5833333333333334,,,,,0.8106060606060606,0.48484848484848486,0.2878787878787879,,,0.2878787878787879,,,0.6136363636363636,0.6818181818181818,0.9393939393939394,0.5833333333333334,0.3409090909090909,,0.8333333333333334,0.75,0.6515151515151515,,
2026-02-15 00:00:00+00:00,0.8106060606060607,0.7727272727272728,,,,,0.03787878787878788,,0.1590909090909091,0.9545454545454546,0.5227272727272728,,0.8257575757575758,0.8787878787878788,,0.05303030303030303,0.7424242424242425,0.3106060606060606,,,0.5606060606060606,,,,0.37121212121212127,0.9015151515151515,0.4318181818181818,0.17424242424242423,,0.4318181818181818,0.2045454545454545,,0.5681818181818182,,0.15151515151515152,0.37121212121212127,,0.9772727272727272,0.3106060606060606,,0.21212121212121213,,,0.16666666666666666,0.3333333333333333,,0.47727272727272724,,,,,,0.25,,,0.15151515151515152,0.44696969696969696,0.7272727272727272,0.9696969696969697,,,,,0.8863636363636364,0.47727272727272724,0.20454545454545456,,,0.3333333333333333,,,0.6060606060606061,0.8106060606060606,0.6060606060606061,0.712121212121212,0.4696969696969697,,0.7954545454545454,0.6818181818181818,0.6590909090909091,,
2026-02-16 00:00:00+00:00,0.8712121212121212,0.7575757575757575,,,,,0.05303030303030303,,0.14393939393939395,0.9696969696969697,0.5833333333333334,,0.8333333333333334,0.9090909090909092,,0.05303030303030304,0.6590909090909092,0.32575757575757575,,,0.4318181818181818,,,,0.25757575757575757,0.8333333333333334,0.4318181818181818,0.1818181818181818,,0.48484848484848486,0.19696969696969693,,0.5909090909090909,,0.19696969696969693,0.30303030303030304,,0.9621212121212123,0.26515151515151514,,0.2196969696969697,,,0.1590909090909091,0.409090909090909,,0.5151515151515151,,,,,,0.3863636363636364,,,0.1818181818181818,0.40151515151515155,0.712121212121212,0.9469696969696969,,,,,0.8787878787878788,0.3409090909090909,0.24242424242424243,,,0.34848484848484845,,,0.5757575757575758,0.7651515151515151,0.7196969696969697,0.6666666666666666,0.44696969696969696,,0.8030303030303031,0.787878787878788,0.6969696969696969,,
2026-02-17 00:00:00+00:00,0.8939393939393939,0.7727272727272728,,,,,0.030303030303030304,,0.2045454545454545,0.9924242424242425,0.4772727272727273,,0.5378787878787878,0.9242424242424243,,0.07575757575757576,0.6742424242424243,0.30303030303030304,,,0.6590909090909091,,,,0.3636363636363636,0.75,0.4318181818181818,0.2575757575757575,,0.46212121212121215,0.20454545454545456,,0.5454545454545455,,0.1590909090909091,0.23484848484848486,,0.9545454545454546,0.25,,0.2272727272727273,,,0.20454545454545456,0.4166666666666667,,0.4621212121212121,,,,,,0.3333333333333333,,,0.1590909090909091,0.4696969696969697,0.7727272727272728,0.9318181818181818,,,,,0.856060606060606,0.27272727272727276,0.21212121212121213,,,0.40151515151515155,,,0.6136363636363636,0.7954545454545455,0.7651515151515151,0.6818181818181818,0.5833333333333334,,0.7272727272727272,0.7651515151515151,0.6893939393939394,,
2026-02-18 00:00:00+00:00,0.893939393939394,0.7878787878787877,,,,,0.030303030303030304,,0.19696969696969693,0.9848484848484849,0.5530303030303031,,0.5075757575757576,0.8863636363636364,,0.0909090909090909,0.7045454545454546,0.25757575757575757,,,0.5606060606060607,,,,0.5909090909090909,0.8030303030303031,0.4166666666666667,0.32575757575757575,,0.44696969696969696,0.25757575757575757,,0.5606060606060606,,0.10606060606060608,0.16666666666666666,,0.9621212121212123,0.2196969696969697,,0.19696969696969693,,,0.18939393939393936,0.4696969696969697,,0.35606060606060613,,,,,,0.4166666666666667,,,0.2424242424242424,0.37878787878787884,0.7272727272727272,0.9318181818181818,,,,,0.8560606060606061,0.37878787878787884,0.31060606060606055,,,0.37121212121212116,,,0.6666666666666666,0.8484848484848485,0.5833333333333334,0.6439393939393939,0.5606060606060606,,0.712121212121212,0.6590909090909091,0.6893939393939394,,
2026-02-19 00:00:00+00:00,0.9015151515151515,0.8257575757575758,,,,,0.06060606060606061,,0.16666666666666666,0.9924242424242425,0.5151515151515152,,0.4393939393939394,0.9545454545454546,,0.11363636363636363,0.6287878787878788,0.3333333333333333,,,0.6060606060606061,,,,0.5075757575757577,0.8636363636363636,0.4318181818181818,0.18939393939393936,,0.4545454545454546,0.4166666666666667,,0.5303030303030303,,0.10606060606060608,0.1818181818181818,,0.9545454545454546,0.12121212121212122,,0.19696969696969693,,,0.25,0.5606060606060607,,0.43939393939393945,,,,,,0.43939393939393945,,,0.07575757575757576,0.3181818181818182,0.6136363636363636,0.9318181818181818,,,,,0.8181818181818182,0.6363636363636364,0.393939393939394,,,0.4090909090909091,,,0.6515151515151515,0.7196969696969697,0.5530303030303031,0.5681818181818182,0.4924242424242424,,0.7272727272727272,0.7045454545454546,0.7045454545454546,,
2026-02-20 00:00:00+00:00,0.8939393939393939,0.75,,,,,0.0909090909090909,,0.06060606060606061,1.0,0.5,,0.39393939393939387,0.9621212121212123,,0.196969696969697,0.5454545454545454,0.5681818181818182,,,0.4090909090909091,,,,0.40151515151515155,0.8106060606060607,0.3333333333333333,0.14393939393939395,,0.3636363636363636,0.4393939393939394,,0.4166666666666667,,0.0984848484848485,0.17424242424242423,,0.8939393939393939,0.09848484848484847,,0.7348484848484849,,,0.2196969696969697,0.5681818181818182,,0.4621212121212121,,,,,,0.44696969696969696,,,0.030303030303030304,0.2803030303030303,0.5984848484848485,0.9090909090909091,,,,,0.7424242424242423,0.9090909090909092,0.5606060606060606,,,0.44696969696969696,,,0.39393939393939387,0.75,0.8863636363636364,0.4393939393939394,0.6136363636363636,,0.5757575757575757,0.6287878787878788,0.7575757575757575,,
2026-02-21 00:00:00+00:00,0.5984848484848485,0.8409090909090908,,,,,0.10606060606060606,,0.05303030303030303,0.9848484848484849,0.5378787878787878,,0.37878787878787873,0.7878787878787877,,0.37121212121212127,0.6439393939393939,0.3636363636363636,,,0.28030303030303033,,,,0.3333333333333333,0.8257575757575758,0.4318181818181819,0.12121212121212122,,0.6742424242424242,0.2727272727272727,,0.5151515151515151,,0.12878787878787878,0.18939393939393936,,0.8257575757575757,0.11363636363636363,,0.8181818181818182,,,0.21212121212121213,0.6439393939393939,,0.6515151515151515,,,,,,0.5227272727272728,,,0.022727272727272724,0.25,0.6136363636363636,0.9015151515151515,,,,,0.7954545454545454,0.9848484848484849,0.4166666666666667,,,0.3409090909090909,,,0.4393939393939394,0.7045454545454546,0.9015151515151515,0.49242424242424243,0.6060606060606061,,0.6136363636363636,0.5454545454545454,0.6439393939393939,,
2026-02-22 00:00:00+00:00,0.7575757575757575,0.7045454545454545,,,,,0.12121212121212122,,0.05303030303030303,0.9621212121212123,0.5151515151515151,,0.3181818181818182,0.9090909090909092,,0.43939393939393945,0.34848484848484845,0.537878787878788,,,0.2954545454545454,,,,0.25,0.5606060606060606,0.5075757575757576,0.12121212121212122,,0.7954545454545454,0.37121212121212127,,0.6060606060606061,,0.23484848484848486,0.18939393939393936,,0.8484848484848485,0.10606060606060606,,0.9242424242424243,,,0.26515151515151514,0.6136363636363636,,0.6590909090909092,,,,,,0.5454545454545454,,,0.022727272727272724,0.30303030303030304,0.44696969696969696,0.6893939393939394,,,,,0.6363636363636364,1.0,0.47727272727272724,,,0.37121212121212116,,,0.48484848484848486,0.6363636363636364,0.9090909090909092,0.3636363636363636,0.7575757575757575,,0.6363636363636364,0.49242424242424243,0.712121212121212,,
2026-02-23 00:00:00+00:00,0.6818181818181818,0.7196969696969697,,,,,0.0984848484848485,,0.05303030303030303,0.9545454545454546,0.5,,0.35606060606060613,0.9318181818181818,,0.446969696969697,0.5,0.5303030303030303,,,0.3106060606060606,,,,0.26515151515151514,0.6136363636363636,0.4696969696969697,0.11363636363636365,,0.6363636363636364,0.4772727272727273,,0.6439393939393939,,0.18939393939393942,0.15151515151515152,,0.8636363636363636,0.11363636363636363,,0.9090909090909091,,,0.18939393939393936,0.6212121212121212,,0.5681818181818182,,,,,,0.5681818181818182,,,0.022727272727272724,0.29545454545454547,0.5075757575757577,0.7272727272727272,,,,,0.7121212121212123,1.0,0.42424242424242425,,,0.4393939393939394,,,0.393939393939394,0.6363636363636364,0.9545454545454546,0.47727272727272724,0.7651515151515151,,0.7651515151515151,0.30303030303030304,0.5984848484848485,,
2026-02-24 00:00:00+00:00,0.7651515151515151,0.7272727272727272,,,,,0.0984848484848485,,0.06818181818181818,0.8106060606060606,0.393939393939394,,0.4393939393939394,0.5833333333333334,,0.48484848484848486,0.5833333333333334,0.5075757575757576,,,0.3181818181818182,,,,0.25,0.75,0.48484848484848486,0.0909090909090909,,0.75,0.4621212121212121,,0.537878787878788,,0.28787878787878785,0.12878787878787878,,0.9090909090909092,0.13636363636363635,,0.9015151515151515,,,0.19696969696969693,0.5227272727272726,,0.5303030303030303,,,,,,0.5833333333333334,,,0.022727272727272724,0.24242424242424243,0.48484848484848486,0.8484848484848485,,,,,0.7727272727272728,1.0,0.32575757575757575,,,0.3863636363636364,,,0.3863636363636364,0.5833333333333334,0.9166666666666666,0.5,0.7272727272727274,,0.8939393939393939,0.40151515151515155,0.7045454545454546,,
2026-02-25 00:00:00+00:00,0.7575757575757575,0.7045454545454545,,,,,0.1818181818181818,,0.06060606060606061,0.6515151515151515,0.4090909090909091,,0.43939393939393945,0.4621212121212121,,0.37121212121212116,0.4924242424242425,0.4924242424242425,,,0.24242424242424243,,,,0.4090909090909091,0.6893939393939394,0.4166666666666667,0.17424242424242423,,0.75,0.4393939393939394,,0.5757575757575758,,0.32575757575757575,0.13636363636363638,,0.8863636363636364,0.17424242424242423,,0.8560606060606061,,,0.23484848484848486,0.5,,0.5833333333333334,,,,,,0.5303030303030303,,,0.022727272727272724,0.25757575757575757,0.5681818181818182,0.9015151515151515,,,,,0.6515151515151515,1.0,0.5454545454545454,,,0.3409090909090909,,,0.44696969696969696,0.5606060606060607,0.9469696969696969,0.5606060606060606,0.7803030303030303,,0.9090909090909092,0.356060606060606,0.7045454545454545,,
2026-02-26 00:00:00+00:00,0.47727272727272724,0.8181818181818182,,,,,0.5606060606060607,,0.0909090909090909,0.3333333333333333,0.6893939393939393,,0.20454545454545456,0.34848484848484845,,0.356060606060606,0.5681818181818182,0.3409090909090909,,,0.11363636363636365,,,,0.5151515151515151,0.6212121212121212,0.9772727272727272,0.18939393939393936,,0.7803030303030303,0.4166666666666667,,0.9015151515151515,,0.14393939393939395,0.22727272727272727,,0.787878787878788,0.5151515151515151,,0.5833333333333334,,,0.196969696969697,0.6893939393939394,,0.6666666666666666,,,,,,0.8712121212121211,,,0.022727272727272724,0.16666666666666666,0.44696969696969696,0.6136363636363636,,,,,0.4166666666666667,0.9696969696969697,0.5984848484848485,,,0.4393939393939394,,,0.7272727272727272,0.5075757575757576,0.7575757575757575,0.356060606060606,0.9242424242424243,,0.7196969696969697,0.42424242424242425,0.4242424242424243,,
2026-02-27 00:00:00+00:00,0.2878787878787879,0.7878787878787877,,,,,0.5757575757575758,,0.25,0.3333333333333333,0.712121212121212,,0.15151515151515152,0.37878787878787884,,0.40151515151515144,0.37121212121212127,0.42424242424242425,,,0.06060606060606061,,,,0.6060606060606061,0.5530303030303031,0.9848484848484849,0.23484848484848483,,0.75,0.5151515151515151,,0.8939393939393939,,0.26515151515151514,0.21212121212121213,,0.9015151515151515,0.6515151515151515,,0.4545454545454546,,,0.1818181818181818,0.75,,0.7348484848484849,,,,,,0.8636363636363636,,,0.04545454545454546,0.1818181818181818,0.4090909090909091,0.4696969696969697,,,,,0.37878787878787873,0.7727272727272728,0.6060606060606061,,,0.40151515151515155,,,0.6969696969696969,0.39393939393939387,0.7424242424242423,0.3181818181818182,0.9469696969696969,,0.7348484848484849,0.5909090909090909,0.5227272727272728,,
2026-02-28 00:00:00+00:00,0.5,0.7803030303030303,,,,,0.6439393939393939,,0.37878787878787873,0.3106060606060606,0.6439393939393939,,0.09848484848484847,0.32575757575757575,,0.45454545454545453,0.3636363636363636,0.37121212121212127,,,0.21969696969696972,,,,0.5530303030303031,0.5227272727272728,0.9848484848484849,0.23484848484848483,,0.6969696969696969,0.4090909090909091,,0.8787878787878788,,0.46969696969696967,0.20454545454545456,,0.9015151515151515,0.8939393939393939,,0.4166666666666667,,,0.1590909090909091,0.6287878787878788,,0.712121212121212,,,,,,0.8484848484848485,,,0.1212121212121212,0.25757575757575757,0.4318181818181818,0.5681818181818182,,,,,0.32575757575757575,0.6515151515151515,0.4545454545454546,,,0.356060606060606,,,0.5454545454545454,0.48484848484848486,0.75,0.26515151515151514,0.9393939393939394,,0.6893939393939394,0.49242424242424243,0.5606060606060607,,
2026-03-01 00:00:00+00:00,0.3253968253968254,0.7142857142857144,,,,,0.6746031746031745,,0.3412698412698412,0.2619047619047619,0.6825396825396824,0.38095238095238093,,0.30952380952380953,,0.4603174603174603,0.373015873015873,0.48412698412698413,,,0.27777777777777773,,,,0.6507936507936508,0.42857142857142855,0.9920634920634921,0.18253968253968256,,0.5238095238095238,0.4682539682539683,,0.8650793650793651,,0.5238095238095238,0.21428571428571427,,0.8174603174603176,0.746031746031746,,,,,0.25396825396825395,0.6984126984126985,,0.626984126984127,0.9047619047619048,,,,,0.9444444444444443,,,0.14285714285714288,0.24603174603174605,,0.36507936507936506,,,,,0.2380952380952381,0.611111111111111,0.5396825396825397,0.1349206349206349,,0.3333333333333333,,,0.5555555555555555,,0.5873015873015873,,0.9285714285714285,,0.7222222222222223,0.4603174603174603,0.5079365079365079,,
2026-03-02 00:00:00+00:00,0.4920634920634921,0.7619047619047619,,,,,0.6825396825396824,,0.3968253968253968,0.2619047619047619,0.7777777777777777,0.35714285714285715,,0.2698412698412698,,0.5714285714285715,0.373015873015873,0.41269841269841273,,,0.17460317460317457,,,,0.6825396825396824,0.4444444444444445,0.9920634920634921,0.12698412698412698,,0.5793650793650794,0.5396825396825397,,0.8650793650793651,,0.34920634920634924,0.19841269841269837,,0.7063492063492064,0.753968253968254,,,,,0.3095238095238095,0.6746031746031745,,0.5476190476190476,0.5952380952380952,,,,,0.9603174603174603,,,0.22222222222222224,0.2619047619047619,,0.35714285714285715,,,,,0.23015873015873015,0.5793650793650794,0.6031746031746033,0.12698412698412698,,0.4047619047619047,,,0.6825396825396824,,0.5952380952380952,,0.9365079365079364,,0.6984126984126985,0.4285714285714286,0.5158730158730159,,
2026-03-03 00:00:00+00:00,0.6507936507936508,0.626984126984127,,,,,0.7142857142857143,,0.34126984126984133,0.27777777777777773,0.753968253968254,0.26190476190476186,,0.23809523809523805,,0.6349206349206349,0.38095238095238093,0.6031746031746031,,,0.20634920634920637,,,,0.6587301587301587,0.4444444444444445,0.9285714285714285,0.3412698412698412,,0.5555555555555556,0.6666666666666666,,0.8174603174603176,,0.17460317460317457,0.17460317460317457,,0.6349206349206349,0.7301587301587301,,,,,0.27777777777777773,0.7063492063492064,,0.6746031746031745,0.5793650793650794,,,,,1.0,,,0.11904761904761907,0.3650793650793651,,0.31746031746031744,,,,,0.17460317460317457,0.5317460317460317,0.6666666666666666,0.14285714285714288,,0.41269841269841273,,,0.5634920634920636,,0.5952380952380952,,0.9523809523809522,,0.7777777777777778,0.38095238095238093,0.4444444444444444,,
2026-03-04 00:00:00+00:00,0.3412698412698412,0.5,,,,,0.753968253968254,,0.4603174603174603,0.2857142857142857,0.7380952380952381,0.2222222222222222,,0.1984126984126984,,0.626984126984127,0.4444444444444444,0.6031746031746031,,,0.42063492063492064,,,,0.7063492063492064,0.3333333333333333,0.9523809523809522,0.23809523809523805,,0.5238095238095238,0.5952380952380952,,0.873015873015873,,0.28571428571428575,0.1984126984126984,,0.626984126984127,0.865079365079365,,,,,0.25396825396825395,0.6984126984126985,,0.7063492063492064,0.6507936507936508,,,,,1.0,,,0.2142857142857143,0.38095238095238093,,0.2619047619047619,,,,,0.16666666666666666,0.5793650793650794,0.6507936507936508,0.10317460317460315,,0.4682539682539683,,,0.6666666666666666,,0.5396825396825397,,0.9285714285714285,,0.6825396825396824,0.3333333333333333,0.42063492063492064,,
2026-03-05 00:00:00+00:00,0.4047619047619048,0.43650793650793646,,,,,0.626984126984127,,0.4682539682539682,0.34920634920634924,0.6666666666666666,0.15873015873015872,,0.20634920634920637,,0.6825396825396827,0.4444444444444444,0.8015873015873015,,,0.4682539682539682,,,,0.5873015873015873,0.5158730158730158,0.6587301587301587,0.2698412698412698,,0.4444444444444444,0.7063492063492064,,0.6428571428571429,,0.1984126984126984,0.15079365079365079,,0.6904761904761906,0.8174603174603176,,,,,0.27777777777777773,0.746031746031746,,0.6746031746031745,0.6428571428571428,,,,,0.9920634920634921,,,0.3095238095238095,0.4047619047619047,,0.25396825396825395,,,,,0.14285714285714288,0.5555555555555555,0.6666666666666666,0.07142857142857142,,0.4682539682539683,,,0.5,,0.8412698412698413,,0.7936507936507936,,0.8174603174603176,0.42063492063492064,0.5238095238095238,,
2026-03-06 00:00:00+00:00,0.5476190476190476,0.41269841269841273,,,,,0.6746031746031745,,0.5476190476190477,0.25396825396825395,0.6746031746031745,0.17460317460317462,,0.2380952380952381,,0.6666666666666666,0.4603174603174603,0.7777777777777777,,,0.5158730158730158,,,,0.5634920634920635,0.35714285714285715,0.7142857142857144,0.11904761904761903,,0.4920634920634921,0.7222222222222222,,0.6904761904761904,,0.23015873015873015,0.14285714285714285,,0.6190476190476191,0.873015873015873,,,,,0.32539682539682535,0.753968253968254,,0.5952380952380952,0.6031746031746031,,,,,0.9841269841269842,,,0.35714285714285715,0.4285714285714286,,0.21428571428571427,,,,,0.1349206349206349,0.4603174603174603,0.7380952380952381,0.07936507936507936,,0.5238095238095238,,,0.6507936507936508,,0.611111111111111,,0.8809523809523809,,0.8333333333333334,0.3333333333333333,0.5238095238095238,,
2026-03-07 00:00:00+00:00,0.4920634920634921,0.31746031746031744,,,,,0.6349206349206349,,0.5238095238095237,0.2619047619047619,0.6746031746031745,0.14285714285714282,,0.2222222222222222,,0.6587301587301587,0.38095238095238093,0.7698412698412699,,,0.6746031746031745,,,,0.5952380952380952,0.38888888888888884,0.6984126984126985,0.08730158730158728,,0.3412698412698412,0.7698412698412698,,0.6746031746031745,,0.8888888888888888,0.14285714285714285,,0.6111111111111112,0.7777777777777778,,,,,0.28571428571428575,0.7142857142857143,,0.4841269841269842,0.4444444444444445,,,,,0.9841269841269842,,,0.36507936507936506,0.35714285714285715,,0.23015873015873015,,,,,0.1349206349206349,0.4523809523809524,0.7619047619047619,0.10317460317460315,,0.4523809523809524,,,0.7063492063492064,,0.7936507936507936,,0.8809523809523809,,0.7142857142857143,0.3253968253968254,0.5793650793650794,,
2026-03-08 00:00:00+00:00,0.5317460317460317,0.35714285714285715,,,,,0.6031746031746031,,0.4761904761904762,0.27777777777777773,0.626984126984127,0.1349206349206349,,0.38888888888888884,,0.7619047619047619,0.34920634920634924,0.8492063492063492,,,0.5238095238095238,,,,0.5158730158730158,0.4603174603174603,0.6507936507936508,0.05555555555555555,,0.30952380952380953,0.8174603174603176,,0.626984126984127,,0.753968253968254,0.12698412698412698,,0.6349206349206349,0.9047619047619048,,,,,0.19047619047619047,0.7619047619047619,,0.6507936507936508,0.373015873015873,,,,,0.9603174603174601,,,0.23015873015873015,0.31746031746031744,,0.23809523809523805,,,,,0.18253968253968256,0.4603174603174603,0.6746031746031745,0.10317460317460318,,0.5634920634920635,,,0.5873015873015873,,0.8650793650793651,,0.873015873015873,,0.611111111111111,0.3968253968253968,0.7222222222222222,,
2026-03-09 00:00:00+00:00,0.3412698412698412,0.3253968253968254,,,,,0.6904761904761904,,0.38095238095238093,0.21428571428571427,0.6587301587301587,0.16666666666666666,,0.36507936507936506,,0.626984126984127,0.3968253968253968,0.6507936507936508,,,0.7301587301587302,,,,0.5873015873015873,0.5317460317460317,0.7777777777777777,0.07142857142857142,,0.3412698412698412,0.7222222222222222,,0.7380952380952381,,0.6984126984126983,0.15873015873015872,,0.5634920634920635,0.9047619047619048,,,,,0.15873015873015872,0.6666666666666666,,0.6666666666666666,0.873015873015873,,,,,0.9603174603174603,,,0.2857142857142857,0.30158730158730157,,0.30952380952380953,,,,,0.19047619047619047,0.5158730158730158,0.6269841269841271,0.12698412698412698,,0.5396825396825397,,,0.6746031746031745,,0.873015873015873,,0.8253968253968255,,0.373015873015873,0.34920634920634924,0.5396825396825397,,
2026-03-10 00:00:00+00:00,0.23809523809523805,0.3253968253968254,,,,,0.6349206349206349,,0.3333333333333333,0.15079365079365079,0.8650793650793651,0.16666666666666666,,0.373015873015873,,0.7619047619047619,0.4682539682539683,0.753968253968254,,,0.7380952380952381,,,,0.5873015873015873,0.4365079365079365,0.8492063492063492,0.09523809523809523,,0.2857142857142857,0.6428571428571429,,0.5634920634920635,,0.9444444444444445,0.2142857142857143,,0.5396825396825397,0.8888888888888888,,,,,0.1349206349206349,0.7380952380952381,,0.6031746031746033,0.6507936507936508,,,,,0.7301587301587302,,,0.24603174603174602,0.3333333333333333,,0.24603174603174605,,,,,0.3174603174603175,0.5952380952380952,0.6746031746031745,0.16666666666666666,,0.7142857142857143,,,0.6746031746031745,,0.8333333333333334,,0.8253968253968255,,0.2698412698412698,0.3968253968253968,0.4920634920634921,,
2026-03-11 00:00:00+00:00,0.5555555555555556,0.5079365079365079,,,,,0.43650793650793646,,0.32539682539682535,0.23015873015873015,0.873015873015873,0.15079365079365079,,0.3253968253968254,,0.8095238095238094,0.49206349206349204,0.8015873015873015,,,0.7142857142857143,,,,0.42857142857142855,0.6666666666666666,0.7063492063492064,0.09523809523809523,,0.36507936507936506,0.6904761904761904,,0.2380952380952381,,0.9841269841269842,0.15873015873015872,,0.5396825396825397,0.5952380952380952,,,,,0.22222222222222224,0.753968253968254,,0.5317460317460317,0.6428571428571428,,,,,0.753968253968254,,,0.17460317460317462,0.27777777777777773,,0.24603174603174605,,,,,0.42857142857142855,0.5238095238095238,0.626984126984127,0.23015873015873015,,0.7698412698412699,,,0.6269841269841271,,0.8015873015873015,,0.746031746031746,,0.18253968253968256,0.7063492063492064,0.5634920634920634,,
2026-03-12 00:00:00+00:00,0.4523809523809524,0.3968253968253968,,,,,0.41269841269841273,,0.4047619047619047,0.4682539682539683,0.8412698412698413,0.07142857142857142,,0.3650793650793651,,0.8015873015873015,0.4920634920634921,0.6111111111111112,,,0.7777777777777778,,,,0.25396825396825395,0.4047619047619048,0.7142857142857143,0.1111111111111111,,0.2698412698412698,0.6190476190476191,,0.18253968253968256,,0.8968253968253969,0.12698412698412698,,0.38095238095238093,0.9682539682539683,,,,,0.19047619047619047,0.6111111111111112,,0.5396825396825397,0.6587301587301587,,,,,0.8888888888888888,,,0.3174603174603175,0.5952380952380952,,0.21428571428571427,,,,,0.5158730158730159,0.5952380952380952,0.5634920634920635,0.30158730158730157,,0.8174603174603176,,,0.753968253968254,,0.9523809523809524,,0.746031746031746,,0.10317460317460318,0.6666666666666666,0.4444444444444444,,
2026-03-13 00:00:00+00:00,0.42857142857142855,0.3650793650793651,,,,,0.24603174603174605,,0.4444444444444444,0.4523809523809524,0.8412698412698413,0.05555555555555555,,0.29365079365079366,,0.8333333333333334,0.5793650793650794,0.7063492063492064,,,0.6428571428571429,,,,0.29365079365079366,0.6031746031746031,0.6190476190476191,0.20634920634920637,,0.28571428571428575,0.6825396825396824,,0.15079365079365079,,0.8095238095238094,0.11111111111111109,,0.30952380952380953,0.9365079365079364,,,,,0.2142857142857143,0.6031746031746031,,0.4761904761904762,0.6190476190476191,,,,,0.9603174603174603,,,0.3095238095238096,0.6349206349206349,,0.2777777777777778,,,,,0.6349206349206349,0.4603174603174603,0.5793650793650794,0.4444444444444444,,0.8253968253968255,,,0.7301587301587302,,0.8888888888888888,,0.7222222222222223,,0.15873015873015872,0.6111111111111112,0.4523809523809524,,
2026-03-14 00:00:00+00:00,0.38095238095238093,0.3412698412698412,,,,,0.30952380952380953,,0.3888888888888889,0.3888888888888889,0.880952380952381,0.09523809523809523,,0.29365079365079366,,0.8888888888888888,0.5555555555555555,0.8174603174603176,,,0.6349206349206349,,,,0.26190476190476186,0.5634920634920635,0.3650793650793651,0.28571428571428564,,0.4365079365079365,0.8015873015873015,,0.14285714285714288,,0.626984126984127,0.2619047619047619,,0.3253968253968254,0.7142857142857144,,,,,0.23015873015873015,0.6587301587301587,,0.5555555555555555,0.3253968253968254,,,,,0.9365079365079364,,,0.30952380952380953,0.5555555555555556,,0.21428571428571427,,,,,0.626984126984127,0.35714285714285715,0.7777777777777777,0.4126984126984126,,0.8809523809523809,,,0.7857142857142857,,0.9841269841269842,,0.7142857142857143,,0.14285714285714288,0.7222222222222223,0.5476190476190476,,
2026-03-15 00:00:00+00:00,0.32539682539682535,0.3412698412698412,,,,,0.30952380952380953,,0.380952380952381,0.43650793650793646,0.8253968253968255,0.4365079365079365,,0.3968253968253968,,0.9047619047619048,0.45238095238095233,0.8333333333333334,,,0.6984126984126983,,,,0.24603174603174605,0.5634920634920635,0.30158730158730157,0.3412698412698412,,0.3333333333333333,0.7698412698412698,,0.16666666666666666,,0.4603174603174603,0.19047619047619047,,0.22222222222222224,0.888888888888889,,,,,0.39682539682539675,0.6984126984126983,,0.4920634920634921,0.373015873015873,,,,,0.8253968253968255,,,0.3333333333333333,0.5476190476190476,,0.2619047619047619,,,,,0.6111111111111112,0.38888888888888884,0.753968253968254,0.21428571428571427,,0.8888888888888888,,,0.7301587301587302,,0.9841269841269842,,0.6428571428571429,,0.10317460317460318,0.8412698412698413,0.5873015873015873,,
2026-03-16 00:00:00+00:00,0.48412698412698413,0.3650793650793651,,,,,0.30952380952380953,,0.4761904761904762,0.3571428571428572,0.8174603174603176,0.3253968253968254,,0.38095238095238093,,0.9444444444444443,0.42063492063492064,0.9047619047619048,,,0.4444444444444444,,,,0.3174603174603175,0.5,0.27777777777777773,0.4365079365079365,,0.34920634920634913,0.8571428571428571,,0.1349206349206349,,0.35714285714285715,0.23015873015873015,,0.23809523809523805,0.7222222222222222,,,,,0.42857142857142855,0.7777777777777778,,0.5873015873015873,0.2857142857142857,,,,,0.7301587301587302,,,0.35714285714285704,0.5555555555555555,,0.27777777777777773,,,,,0.5952380952380952,0.4365079365079365,0.873015873015873,0.1349206349206349,,0.8888888888888888,,,0.7063492063492064,,0.8650793650793651,,0.6666666666666666,,0.15873015873015872,0.8333333333333334,0.6904761904761904,,
2026-03-17 00:00:00+00:00,0.42063492063492064,0.4761904761904762,,,,,0.3412698412698412,,0.5079365079365079,0.5158730158730159,0.753968253968254,0.35714285714285715,,0.3095238095238095,,0.6349206349206349,0.4444444444444444,0.7698412698412698,,,0.3968253968253968,,,,0.2698412698412698,0.5158730158730158,0.4365079365079365,0.29365079365079366,,0.4047619047619047,0.9523809523809522,,0.2222222222222222,,0.25396825396825395,0.26190476190476186,,0.30158730158730157,0.6746031746031745,,,,,0.5158730158730159,0.6666666666666666,,0.5952380952380952,0.29365079365079366,,,,,0.6587301587301587,,,0.35714285714285704,0.6507936507936508,,0.626984126984127,,,,,0.6507936507936508,0.36507936507936506,0.753968253968254,0.1349206349206349,,0.746031746031746,,,0.8015873015873015,,0.7222222222222222,,0.5158730158730159,,0.23015873015873015,0.8650793650793651,0.8333333333333334,,
2026-03-18 00:00:00+00:00,0.41269841269841273,0.619047619047619,,,,,0.3253968253968254,,0.48412698412698413,0.5952380952380952,0.626984126984127,0.3174603174603175,,0.29365079365079366,,0.6190476190476191,0.6984126984126985,0.7301587301587301,,,0.2857142857142857,,,,0.23809523809523805,0.5,0.4523809523809524,0.24603174603174602,,0.4523809523809524,0.9603174603174601,,0.3412698412698412,,0.1349206349206349,0.2698412698412698,,0.3174603174603175,0.7222222222222222,,,,,0.49206349206349204,0.7698412698412698,,0.634920634920635,0.18253968253968256,,,,,0.5952380952380952,,,0.4603174603174603,0.6428571428571429,,0.34920634920634924,,,,,0.5952380952380952,0.3650793650793651,0.753968253968254,0.1111111111111111,,0.6349206349206349,,,0.7698412698412699,,1.0,,0.4047619047619047,,0.4365079365079365,0.8253968253968255,0.8333333333333334,,
2026-03-19 00:00:00+00:00,0.626984126984127,0.6746031746031745,,,,,0.7063492063492064,,0.4603174603174603,0.5873015873015873,0.619047619047619,0.5317460317460317,,0.23015873015873015,,0.5555555555555556,0.5714285714285715,0.5476190476190476,,,0.2619047619047619,,,,0.38888888888888884,0.42063492063492064,0.6666666666666666,0.2619047619047619,,0.4523809523809524,0.9444444444444443,,0.4603174603174603,,0.26190476190476186,0.23015873015873015,,0.30952380952380953,0.5952380952380952,,,,,0.2857142857142857,0.6031746031746031,,0.6031746031746033,0.23015873015873015,,,,,0.8968253968253969,,,0.4285714285714286,0.38095238095238093,,0.4523809523809524,,,,,0.4761904761904762,0.4047619047619047,0.753968253968254,0.03968253968253968,,0.5873015873015873,,,0.6190476190476191,,1.0,,0.3253968253968254,,0.3650793650793651,0.8650793650793651,0.8174603174603176,,
2026-03-20 00:00:00+00:00,0.38888888888888884,0.6587301587301587,,,,,0.6428571428571429,,0.3333333333333333,0.31746031746031744,0.6507936507936508,0.626984126984127,,0.41269841269841273,,0.5238095238095238,0.42857142857142855,0.611111111111111,,,0.30952380952380953,,,,0.42063492063492064,0.5476190476190477,0.746031746031746,0.19841269841269837,,0.5238095238095238,0.9047619047619048,,0.4603174603174603,,0.29365079365079366,0.3333333333333333,,0.16666666666666666,0.5158730158730158,,,,,0.3333333333333333,0.5952380952380953,,0.7936507936507936,0.30158730158730157,,,,,0.7698412698412698,,,0.373015873015873,0.380952380952381,,0.5,,,,,0.48412698412698413,0.888888888888889,0.8095238095238096,0.05555555555555555,,0.5714285714285715,,,0.5158730158730159,,1.0,,0.30952380952380953,,0.1111111111111111,0.8571428571428571,0.8333333333333334,,
2026-03-21 00:00:00+00:00,0.35714285714285715,0.5873015873015873,,,,,0.8015873015873015,,0.30158730158730157,0.30952380952380953,0.6904761904761904,0.7142857142857143,,0.6190476190476191,,0.611111111111111,0.4047619047619047,0.7063492063492064,,,0.23809523809523805,,,,0.42063492063492064,0.5079365079365079,0.626984126984127,0.34920634920634913,,0.5317460317460317,0.8888888888888888,,0.5158730158730159,,0.17460317460317457,0.15079365079365079,,0.23015873015873015,0.5079365079365079,,,,,0.3888888888888889,0.6904761904761904,,0.7857142857142857,0.20634920634920637,,,,,0.7380952380952381,,,0.4126984126984126,0.373015873015873,,0.4047619047619048,,,,,0.6825396825396824,0.5952380952380952,0.8650793650793651,0.047619047619047616,,0.6349206349206349,,,0.42063492063492064,,1.0,,0.30952380952380953,,0.08730158730158728,0.7777777777777778,0.8333333333333334,,
2026-03-22 00:00:00+00:00,0.373015873015873,0.5396825396825397,,,,,0.865079365079365,,0.373015873015873,0.24603174603174605,0.6349206349206349,0.4365079365079365,,0.5158730158730159,,0.5793650793650794,0.5079365079365079,0.6825396825396824,,,0.3253968253968254,,,,0.41269841269841273,0.4761904761904762,0.746031746031746,0.29365079365079366,,0.5634920634920634,0.8809523809523809,,0.5238095238095238,,0.17460317460317462,0.19841269841269837,,0.30158730158730157,0.4444444444444444,,,,,0.4523809523809524,0.5952380952380952,,0.8015873015873017,0.5238095238095238,,,,,0.8174603174603176,,,0.3333333333333333,0.29365079365079366,,0.49206349206349204,,,,,0.746031746031746,0.3968253968253968,0.8571428571428572,0.21428571428571427,,0.5714285714285713,,,0.3888888888888889,,1.0,,0.2857142857142857,,0.08730158730158728,0.7380952380952381,0.8095238095238096,,
2026-03-23 00:00:00+00:00,0.5079365079365079,0.5317460317460317,,,,,0.7698412698412698,,0.30952380952380953,0.4761904761904761,0.6507936507936508,0.18253968253968256,,0.6666666666666666,,0.6111111111111112,0.611111111111111,0.6904761904761904,,,0.5158730158730159,,,,0.19047619047619047,0.5555555555555556,0.7222222222222223,0.3174603174603175,,0.5952380952380952,0.888888888888889,,0.5317460317460317,,0.42063492063492064,0.10317460317460318,,0.15079365079365079,0.5238095238095238,,,,,0.42857142857142855,0.6190476190476191,,0.6904761904761904,0.3412698412698412,,,,,0.8888888888888888,,,0.28571428571428575,0.3412698412698412,,0.5793650793650794,,,,,0.6904761904761904,0.2222222222222222,0.7936507936507936,0.17460317460317457,,0.5396825396825397,,,0.5,,1.0,,0.41269841269841273,,0.07936507936507936,0.6349206349206349,0.753968253968254,,
2026-03-24 00:00:00+00:00,0.4444444444444445,0.5,,,,,0.9285714285714285,,0.34920634920634924,0.2698412698412698,0.6904761904761906,0.21428571428571427,,0.6587301587301587,,0.5873015873015873,0.5079365079365079,0.7936507936507936,,,0.4047619047619048,,,,0.15873015873015872,0.6031746031746031,0.5793650793650794,0.29365079365079366,,0.6984126984126985,0.8174603174603176,,0.5793650793650794,,0.4920634920634921,0.18253968253968256,,0.3412698412698412,0.4920634920634921,,,,,0.42857142857142855,0.6666666666666666,,0.746031746031746,0.38888888888888884,,,,,0.7857142857142857,,,0.1349206349206349,0.30158730158730157,,0.4126984126984126,,,,,0.7777777777777777,0.3333333333333333,0.873015873015873,0.12698412698412698,,0.5,,,0.4365079365079365,,1.0,,0.373015873015873,,0.11904761904761903,0.8571428571428571,0.6507936507936508,,
2026-03-25 00:00:00+00:00,0.4603174603174603,0.48412698412698413,,,,,0.9761904761904763,,0.3650793650793651,0.18253968253968256,0.7142857142857143,0.24603174603174605,,0.6428571428571429,,0.49206349206349204,0.6349206349206349,0.6825396825396824,,,0.3888888888888889,,,,0.21428571428571427,0.5793650793650794,0.4523809523809524,0.3095238095238095,,0.7380952380952381,0.7222222222222222,,0.6825396825396824,,0.4047619047619047,0.16666666666666666,,0.3650793650793651,0.5317460317460317,,,,,0.3968253968253968,0.7222222222222222,,0.8253968253968255,0.3968253968253968,,,,,0.6428571428571428,,,0.1349206349206349,0.30952380952380953,,0.6190476190476191,,,,,0.8174603174603176,0.29365079365079366,0.8333333333333334,0.14285714285714288,,0.4761904761904762,,,0.5396825396825397,,0.9523809523809522,,0.4365079365079365,,0.07936507936507936,0.9365079365079364,0.5079365079365079,,
2026-03-26 00:00:00+00:00,0.41269841269841273,0.5238095238095238,,,,,0.9285714285714285,,0.3888888888888889,0.09523809523809523,0.6746031746031745,0.24603174603174605,,0.6904761904761906,,0.5873015873015873,0.6666666666666666,0.6984126984126985,,,0.4603174603174603,,,,0.48412698412698413,0.6349206349206349,0.29365079365079366,0.4523809523809524,,0.7301587301587302,0.7380952380952381,,0.611111111111111,,0.35714285714285715,0.10317460317460318,,0.42063492063492064,0.3412698412698412,,,,,0.4761904761904762,0.7857142857142857,,0.7698412698412698,0.30952380952380953,,,,,0.5238095238095238,,,0.11904761904761903,0.34920634920634924,,0.5634920634920635,,,,,0.7698412698412698,0.16666666666666666,0.888888888888889,0.15873015873015872,,0.5079365079365079,,,0.4444444444444444,,1.0,,0.5634920634920634,,0.09523809523809523,0.9603174603174603,0.5079365079365079,,
2026-03-27 00:00:00+00:00,0.3253968253968254,0.4682539682539682,,,,,0.9523809523809522,,0.373015873015873,0.07936507936507936,0.5952380952380952,0.32539682539682535,,0.6825396825396827,,0.6587301587301587,0.6825396825396827,0.6904761904761906,,,0.634920634920635,,,,0.3412698412698412,0.626984126984127,0.38095238095238093,0.761904761904762,,0.6269841269841271,0.7222222222222222,,0.6349206349206349,,0.42857142857142855,0.14285714285714288,,0.42063492063492064,0.3650793650793651,,,,,0.42063492063492064,0.753968253968254,,0.746031746031746,0.30158730158730157,,,,,0.5317460317460317,,,0.1349206349206349,0.2222222222222222,,0.6269841269841271,,,,,0.7380952380952381,0.07936507936507936,0.7380952380952381,0.18253968253968253,,0.5396825396825397,,,0.4603174603174603,,1.0,,0.5793650793650794,,0.08730158730158728,0.9761904761904762,0.4603174603174603,,
2026-03-28 00:00:00+00:00,0.3650793650793651,0.42063492063492064,,,,,0.8968253968253967,,0.27777777777777773,0.19047619047619047,0.5,0.39682539682539675,,0.873015873015873,,0.5555555555555555,0.6349206349206349,0.626984126984127,,,0.8333333333333334,,,,0.1984126984126984,0.626984126984127,0.21428571428571427,0.888888888888889,,0.6269841269841271,0.7063492063492064,,0.5793650793650794,,0.6746031746031745,0.07936507936507936,,0.4444444444444444,0.3412698412698412,,,,,0.7936507936507936,0.6428571428571429,,0.6904761904761906,0.3333333333333333,,,,,0.6666666666666666,,,0.14285714285714288,0.24603174603174605,,0.6825396825396824,,,,,0.7301587301587302,0.19047619047619047,0.6190476190476191,0.253968253968254,,0.4444444444444445,,,0.3333333333333333,,0.9920634920634921,,0.3333333333333333,,0.047619047619047616,0.9444444444444445,0.4603174603174603,,
2026-03-29 00:00:00+00:00,0.2698412698412698,0.4920634920634921,,,,,0.7698412698412698,,0.3412698412698412,0.15873015873015872,0.4761904761904761,0.507936507936508,,0.9285714285714285,,0.5079365079365079,0.7063492063492064,0.6349206349206349,,,0.9603174603174603,,,,0.25396825396825395,0.7142857142857143,0.19047619047619047,0.9126984126984127,,0.6587301587301587,0.7380952380952381,,0.3333333333333333,,0.6428571428571428,0.047619047619047616,,0.5,0.25396825396825395,,,,,0.8968253968253969,0.5158730158730159,,0.7142857142857143,0.3253968253968254,,,,,0.6507936507936508,,,0.10317460317460318,0.34920634920634924,,0.6666666666666666,,,,,0.8015873015873015,0.2777777777777778,0.5793650793650794,0.1111111111111111,,0.35714285714285715,,,0.2857142857142857,,0.9603174603174603,,0.3412698412698412,,0.11111111111111109,0.9126984126984127,0.5396825396825397,,
2026-03-30 00:00:00+00:00,0.2698412698412698,0.4444444444444444,,,,,0.8253968253968255,,0.32539682539682535,0.19047619047619047,0.4603174603174603,0.5476190476190476,,0.6666666666666666,,0.41269841269841273,0.6984126984126983,0.6666666666666666,,,0.9761904761904762,,,,0.38888888888888884,0.753968253968254,0.25396825396825395,0.9126984126984127,,0.634920634920635,0.7380952380952381,,0.4285714285714286,,0.626984126984127,0.03968253968253968,,0.42857142857142855,0.30952380952380953,,,,,0.8968253968253969,0.5634920634920635,,0.7063492063492064,0.15873015873015872,,,,,0.6349206349206349,,,0.10317460317460318,0.27777777777777773,,0.7142857142857143,,,,,0.8492063492063492,0.373015873015873,0.5079365079365079,0.11111111111111109,,0.3253968253968254,,,0.27777777777777773,,0.9841269841269842,,0.34920634920634913,,0.20634920634920637,0.9047619047619048,0.5555555555555555,,
2026-03-31 00:00:00+00:00,0.2698412698412698,0.42857142857142855,,,,,0.4603174603174603,,0.3650793650793651,0.2380952380952381,0.4761904761904762,0.5555555555555556,,0.8015873015873015,,0.5158730158730158,0.7301587301587302,0.6666666666666666,,,0.9841269841269842,,,,0.5079365079365079,0.7222222222222222,0.05555555555555555,0.9285714285714285,,0.6190476190476191,0.7301587301587302,,0.3333333333333333,,0.6666666666666666,0.08730158730158728,,0.23015873015873015,0.4682539682539682,,,,,0.9285714285714285,0.6666666666666666,,0.6587301587301587,0.18253968253968253,,,,,0.5873015873015873,,,0.2698412698412698,0.3333333333333333,,0.6904761904761906,,,,,0.8492063492063492,0.36507936507936506,0.4444444444444445,0.18253968253968256,,0.38095238095238093,,,0.18253968253968256,,0.9841269841269842,,0.5396825396825397,,0.16666666666666666,0.8968253968253969,0.34920634920634913,,
2026-04-01 00:00:00+00:00,0.16239316239316237,0.17094017094017092,,,,,0.4188034188034188,,0.36752136752136755,0.29914529914529914,0.3931623931623931,0.5726495726495727,,0.8376068376068376,,0.5299145299145299,0.6410256410256411,0.7179487179487181,,,0.982905982905983,,,,0.4102564102564103,0.7521367521367521,0.05128205128205127,0.9743589743589745,,0.5299145299145299,0.8034188034188033,0.4188034188034188,0.3333333333333333,,0.717948717948718,0.08547008547008546,,0.1452991452991453,0.5299145299145299,,,,,,0.6068376068376068,,0.5982905982905984,,,,,,0.5897435897435898,,,0.3931623931623931,0.5555555555555556,,0.7435897435897436,,,,,0.7863247863247863,,0.4188034188034188,,,0.4102564102564103,,,0.15384615384615385,,0.9658119658119658,,0.6068376068376069,,0.1452991452991453,0.794871794871795,0.3846153846153846,,
2026-04-02 00:00:00+00:00,0.10256410256410255,0.34188034188034183,,,,,0.3846153846153846,,0.5128205128205128,0.2222222222222222,0.641025641025641,0.5897435897435898,,0.7863247863247863,,0.2735042735042735,0.6752136752136751,0.6495726495726496,,,0.9914529914529915,,,,0.2905982905982906,0.7606837606837606,0.15384615384615385,0.9316239316239315,,0.547008547008547,0.8632478632478633,0.2905982905982906,0.3162393162393162,,0.7692307692307693,0.17948717948717952,,0.1794871794871795,0.47863247863247865,,,,,,0.7435897435897436,,0.547008547008547,,,,,,0.2735042735042735,,,0.4188034188034188,0.5641025641025641,,0.7692307692307692,,,,,0.905982905982906,,0.26495726495726496,,,0.4102564102564103,,,0.20512820512820515,,0.9658119658119658,,0.5982905982905983,,0.11111111111111112,0.8034188034188036,0.4871794871794872,,
2026-04-03 00:00:00+00:00,0.11965811965811966,0.38461538461538464,,,,,0.35042735042735046,,0.48717948717948717,0.4615384615384615,0.5982905982905983,0.5897435897435898,,0.6666666666666666,,0.1623931623931624,0.6324786324786325,0.6923076923076924,,,0.9572649572649573,,,,0.2222222222222222,0.8205128205128206,0.12820512820512822,0.9487179487179488,,0.5811965811965811,0.8632478632478633,0.22222222222222224,0.4102564102564103,,0.7692307692307692,0.15384615384615383,,0.42735042735042733,0.5555555555555555,,,,,,0.735042735042735,,0.452991452991453,,,,,,0.29914529914529914,,,0.37606837606837606,0.6581196581196581,,0.8119658119658121,,,,,0.923076923076923,,0.28205128205128205,,,0.4102564102564103,,,0.18803418803418803,,0.9743589743589743,,0.22222222222222224,,0.24786324786324787,0.6923076923076922,0.5213675213675214,,
2026-04-04 00:00:00+00:00,0.10256410256410257,0.5213675213675214,,,,,0.26495726495726496,,0.5641025641025641,0.36752136752136755,0.6923076923076924,0.5042735042735043,,0.3846153846153846,,0.1282051282051282,0.6410256410256411,0.5811965811965812,,,0.9572649572649571,,,,0.3076923076923077,0.6923076923076924,0.11111111111111112,0.9658119658119659,,0.5897435897435898,0.7863247863247862,0.19658119658119655,0.4444444444444445,,0.7008547008547009,0.17094017094017092,,0.25641025641025644,0.6239316239316239,,,,,,0.6581196581196581,,0.47008547008547,,,,,,0.6752136752136751,,,0.5128205128205128,0.923076923076923,,0.8376068376068376,,,,,0.9316239316239318,,0.24786324786324787,,,0.4615384615384615,,,0.23931623931623933,,0.9145299145299145,,0.19658119658119658,,0.3931623931623931,0.6581196581196581,0.3247863247863248,,
2026-04-05 00:00:00+00:00,0.11965811965811966,0.5128205128205128,,,,,0.21367521367521367,,0.5384615384615384,0.5555555555555555,0.6581196581196581,0.452991452991453,,0.3162393162393162,,0.16239316239316237,0.5811965811965812,0.5641025641025641,,,0.7264957264957266,,,,0.4102564102564103,0.6837606837606837,0.21367521367521367,0.982905982905983,,0.905982905982906,0.7948717948717948,0.13675213675213674,0.5384615384615384,,0.7264957264957266,0.358974358974359,,0.18803418803418803,0.5726495726495727,,,,,,0.7094017094017094,,0.547008547008547,,,,,,0.7863247863247863,,,0.5555555555555556,0.9316239316239315,,0.7521367521367521,,,,,0.8632478632478632,,0.3333333333333333,,,0.4444444444444445,,,0.2564102564102564,,0.7863247863247863,,0.1111111111111111,,0.11111111111111112,0.5982905982905983,0.29914529914529914,,
2026-04-06 00:00:00+00:00,0.09401709401709402,0.6324786324786325,,,,,0.2222222222222222,,0.6923076923076924,0.4102564102564103,0.7008547008547007,0.47863247863247865,,0.17094017094017092,,0.2735042735042735,0.5299145299145299,0.8119658119658119,,,0.6495726495726496,,,,0.37606837606837606,0.7008547008547009,0.17094017094017092,0.9658119658119658,,0.94017094017094,0.8461538461538461,0.2222222222222222,0.4615384615384615,,0.43589743589743585,0.37606837606837606,,0.3162393162393163,0.4871794871794872,,,,,,0.7094017094017094,,0.6239316239316239,,,,,,0.6752136752136751,,,0.5641025641025641,0.7435897435897436,,0.8034188034188036,,,,,0.8376068376068376,,0.42735042735042733,,,0.49572649572649574,,,0.23931623931623927,,0.6923076923076924,,0.09401709401709402,,0.06837606837606837,0.6923076923076922,0.36752136752136755,,
2026-04-07 00:00:00+00:00,0.09401709401709402,0.5555555555555555,,,,,0.17948717948717952,,0.6837606837606837,0.5299145299145299,0.5811965811965812,0.6410256410256411,,0.21367521367521367,,0.3333333333333333,0.5213675213675214,0.8205128205128206,,,0.6324786324786325,,,,0.34188034188034183,0.6068376068376069,0.2905982905982906,0.7521367521367521,,0.888888888888889,0.888888888888889,0.22222222222222224,0.564102564102564,,0.5982905982905983,0.29914529914529914,,0.34188034188034194,0.5811965811965812,,,,,,0.7435897435897436,,0.5811965811965812,,,,,,0.8119658119658119,,,0.6837606837606837,0.8376068376068376,,0.717948717948718,,,,,0.641025641025641,,0.25641025641025644,,,0.5213675213675214,,,0.23931623931623933,,0.7777777777777777,,0.08547008547008546,,0.06837606837606837,0.452991452991453,0.4188034188034188,,
2026-04-08 00:00:00+00:00,0.05982905982905982,0.641025641025641,,,,,0.1452991452991453,,0.8461538461538461,0.6666666666666666,0.5384615384615384,0.5128205128205129,,0.1452991452991453,,0.3076923076923077,0.5555555555555555,0.8376068376068376,,,0.5555555555555556,,,,0.36752136752136755,0.5641025641025641,0.30769230769230765,0.7435897435897436,,0.8205128205128206,0.8461538461538461,0.1282051282051282,0.564102564102564,,0.35897435897435903,0.40170940170940167,,0.4615384615384615,0.5555555555555556,,,,,,0.7094017094017094,,0.547008547008547,,,,,,0.7863247863247863,,,0.6923076923076924,0.6752136752136751,,0.8034188034188033,,,,,0.6239316239316239,,0.36752136752136755,,,0.7692307692307693,,,0.3333333333333333,,0.7350427350427351,,0.09401709401709402,,0.11965811965811966,0.3846153846153846,0.42735042735042733,,
2026-04-09 00:00:00+00:00,0.08547008547008546,0.47008547008547,,,,,0.13675213675213674,,0.9572649572649573,0.8461538461538461,0.40170940170940167,0.47008547008547,,0.3333333333333333,,0.20512820512820515,0.452991452991453,0.8290598290598291,,,0.5042735042735043,,,,0.29914529914529914,0.5726495726495727,0.3931623931623931,0.8034188034188033,,0.717948717948718,0.8034188034188036,0.10256410256410257,0.5897435897435898,,0.5641025641025642,0.5384615384615384,,0.37606837606837606,0.7692307692307692,,,,,,0.4786324786324787,,0.5042735042735043,,,,,,0.923076923076923,,,0.7094017094017094,0.7094017094017094,,0.7521367521367521,,,,,0.6239316239316239,,0.39316239316239315,,,0.564102564102564,,,0.35042735042735046,,0.8461538461538461,,0.05982905982905982,,0.11111111111111112,0.34188034188034183,0.4102564102564103,,
2026-04-10 00:00:00+00:00,0.04273504273504273,0.4871794871794872,,,,,0.1452991452991453,,0.982905982905983,0.8205128205128206,0.6752136752136751,0.5213675213675214,,0.28205128205128205,,0.3076923076923077,0.4444444444444444,0.8547008547008547,,,0.5982905982905983,,,,0.40170940170940167,0.47008547008547014,0.3247863247863248,0.6581196581196581,,0.7350427350427351,0.8290598290598291,0.13675213675213677,0.7863247863247863,,0.3931623931623931,0.5213675213675214,,0.2564102564102564,0.923076923076923,,,,,,0.5128205128205128,,0.6068376068376069,,,,,,0.9487179487179488,,,0.6153846153846154,0.6324786324786325,,0.6153846153846154,,,,,0.5213675213675214,,0.4102564102564103,,,0.6068376068376069,,,0.4017094017094018,,0.7692307692307692,,0.10256410256410257,,0.1623931623931624,0.1794871794871795,0.3162393162393162,,
2026-04-11 00:00:00+00:00,0.10256410256410257,0.39316239316239315,,,,,0.22222222222222224,,0.9914529914529915,0.7606837606837606,0.6752136752136751,0.3931623931623931,,0.2136752136752137,,0.3333333333333333,0.4871794871794872,0.94017094017094,,,0.5811965811965812,,,,0.42735042735042733,0.5555555555555555,0.3333333333333333,0.5042735042735043,,0.641025641025641,0.905982905982906,0.11965811965811966,0.8034188034188033,,0.34188034188034183,0.4957264957264957,,0.26495726495726496,0.7521367521367521,,,,,,0.6752136752136751,,0.547008547008547,,,,,,0.888888888888889,,,0.5726495726495727,0.47008547008547,,0.7094017094017094,,,,,0.47863247863247865,,0.5384615384615384,,,0.641025641025641,,,0.4273504273504274,,0.6752136752136751,,0.11965811965811966,,0.3846153846153846,0.18803418803418803,0.4444444444444444,,
2026-04-12 00:00:00+00:00,0.15384615384615385,0.3247863247863248,,,,,0.3162393162393162,,0.9914529914529915,0.6666666666666666,0.6324786324786325,0.34188034188034183,,0.16239316239316237,,0.3333333333333333,0.5555555555555555,0.923076923076923,,,0.452991452991453,,,,0.4444444444444444,0.49572649572649574,0.3247863247863248,0.4273504273504274,,0.49572649572649574,0.9145299145299145,0.15384615384615383,0.8205128205128204,,0.28205128205128205,0.48717948717948717,,0.26495726495726496,0.717948717948718,,,,,,0.7264957264957266,,0.6153846153846154,,,,,,0.9145299145299145,,,0.6324786324786325,0.39316239316239315,,0.7692307692307692,,,,,0.42735042735042733,,0.6239316239316239,,,0.6923076923076922,,,0.5213675213675214,,0.5726495726495727,,0.15384615384615383,,0.5726495726495726,0.17094017094017092,0.5299145299145299,,
2026-04-13 00:00:00+00:00,0.1452991452991453,0.28205128205128205,,,,,0.2905982905982906,,0.9914529914529915,0.6923076923076924,0.7008547008547009,0.37606837606837606,,0.23076923076923075,,0.26495726495726496,0.547008547008547,0.8803418803418803,,,0.3247863247863248,,,,0.4358974358974359,0.5555555555555555,0.3333333333333333,0.4188034188034188,,0.4871794871794872,0.9145299145299145,0.11111111111111112,0.8034188034188036,,0.5042735042735043,0.4615384615384615,,0.22222222222222224,0.7948717948717948,,,,,,0.6666666666666666,,0.5641025641025641,,,,,,0.9316239316239315,,,0.4615384615384615,0.4358974358974359,,0.7264957264957265,,,,,0.452991452991453,,0.5555555555555555,,,0.7264957264957265,,,0.47008547008547014,,0.7264957264957266,,0.13675213675213674,,0.6495726495726496,0.1623931623931624,0.5641025641025642,,
2026-04-14 00:00:00+00:00,0.564102564102564,0.3076923076923077,,,,,0.3162393162393162,,0.982905982905983,0.5555555555555556,0.717948717948718,0.18803418803418803,,0.15384615384615383,,0.27350427350427353,0.6239316239316239,0.888888888888889,,,0.23076923076923075,,,,0.42735042735042733,0.4871794871794872,0.09401709401709402,0.5641025641025641,,0.5384615384615384,0.9487179487179488,0.07692307692307691,0.7094017094017094,,0.5299145299145299,0.452991452991453,,0.20512820512820515,0.6752136752136751,,,,,,0.7094017094017094,,0.4444444444444445,,,,,,0.9316239316239315,,,0.5213675213675214,0.7094017094017094,,0.7863247863247863,,,,,0.47008547008547,,0.6153846153846154,,,0.7094017094017094,,,0.5726495726495727,,0.5128205128205129,,0.1623931623931624,,0.6410256410256411,0.1623931623931624,0.5384615384615384,,
2026-04-15 00:00:00+00:00,0.5555555555555556,0.23931623931623933,,,,,0.547008547008547,,0.982905982905983,0.49572649572649574,0.6923076923076922,0.2222222222222222,,0.3076923076923077,,0.35897435897435903,0.49572649572649574,0.9316239316239315,,,0.3076923076923077,,,,0.35042735042735035,0.5299145299145299,0.07692307692307693,0.42735042735042733,,0.5128205128205128,0.905982905982906,0.10256410256410257,0.7094017094017092,,0.7521367521367521,0.3333333333333333,,0.11965811965811964,0.6410256410256411,,,,,,0.5897435897435898,,0.5213675213675214,,,,,,0.8888888888888888,,,0.3162393162393162,0.7008547008547007,,0.7094017094017094,,,,,0.4102564102564103,,0.49572649572649574,,,0.6495726495726495,,,0.5555555555555555,,0.9487179487179488,,0.1452991452991453,,0.6752136752136751,0.21367521367521367,0.5811965811965812,,
2026-04-16 00:00:00+00:00,0.6923076923076924,0.1452991452991453,,,,,0.5213675213675214,,0.923076923076923,0.3247863247863248,0.5128205128205128,0.34188034188034183,,0.21367521367521367,,0.47008547008547014,0.5299145299145299,0.8632478632478633,,,0.6581196581196581,,,,0.3162393162393162,0.47863247863247865,0.025641025641025644,0.49572649572649574,,0.42735042735042733,0.8717948717948718,0.17094017094017092,0.6239316239316239,,0.7692307692307692,0.4102564102564103,,0.08547008547008546,0.5555555555555556,,,,,,0.5897435897435898,,0.5042735042735043,,,,,,0.8461538461538461,,,0.547008547008547,0.9743589743589743,,0.658119658119658,,,,,0.4102564102564103,,0.39316239316239315,,,0.6495726495726496,,,0.7008547008547009,,0.8888888888888888,,0.13675213675213674,,0.6068376068376068,0.19658119658119658,0.47008547008547,,
2026-04-17 00:00:00+00:00,0.717948717948718,0.15384615384615385,,,,,0.5982905982905983,,0.94017094017094,0.19658119658119658,0.2820512820512821,0.3076923076923077,,0.16239316239316237,,0.5042735042735043,0.5555555555555556,0.6495726495726496,,,0.4615384615384615,,,,0.3076923076923077,0.6153846153846154,0.10256410256410257,0.888888888888889,,0.37606837606837606,0.6153846153846154,0.1623931623931624,0.7350427350427351,,0.7350427350427351,0.6495726495726496,,0.07692307692307693,0.5897435897435898,,,,,,0.47008547008547,,0.358974358974359,,,,,,0.5897435897435898,,,0.7264957264957265,0.9914529914529915,,0.7606837606837606,,,,,0.47008547008547,,0.4444444444444445,,,0.5213675213675214,,,0.905982905982906,,0.6153846153846154,,0.2905982905982906,,0.47008547008547,0.4017094017094018,0.5982905982905983,,
2026-04-18 00:00:00+00:00,0.6581196581196581,0.10256410256410255,,,,,0.5213675213675213,,0.905982905982906,0.24786324786324784,0.3162393162393162,0.2905982905982906,,0.18803418803418803,,0.5811965811965811,0.47863247863247865,0.7948717948717948,,,0.3333333333333333,,,,0.5555555555555556,0.6068376068376069,0.12820512820512822,0.923076923076923,,0.36752136752136755,0.7606837606837606,0.47008547008547014,0.5811965811965812,,0.8034188034188033,0.5299145299145299,,0.08547008547008546,0.4615384615384615,,,,,,0.5128205128205129,,0.36752136752136755,,,,,,0.5555555555555555,,,0.7692307692307692,0.9487179487179488,,0.5982905982905983,,,,,0.47863247863247854,,0.3162393162393162,,,0.452991452991453,,,0.94017094017094,,0.7350427350427351,,0.3162393162393162,,0.034188034188034185,0.5384615384615384,0.7435897435897436,,
2026-04-19 00:00:00+00:00,0.36752136752136755,0.11965811965811966,,,,,0.5384615384615384,,0.94017094017094,0.3333333333333333,0.26495726495726496,0.11111111111111112,,0.24786324786324787,,0.6410256410256411,0.4188034188034188,0.8461538461538461,,,0.4615384615384615,,,,0.4444444444444444,0.452991452991453,0.09401709401709402,0.9743589743589745,,0.29914529914529914,0.7692307692307692,0.35042735042735046,0.6752136752136751,,0.8034188034188033,0.547008547008547,,0.19658119658119658,0.4017094017094018,,,,,,0.564102564102564,,0.4615384615384615,,,,,,0.39316239316239315,,,0.7350427350427351,0.8888888888888888,,0.641025641025641,,,,,0.452991452991453,,0.37606837606837606,,,0.48717948717948717,,,0.923076923076923,,0.905982905982906,,0.4444444444444444,,0.06837606837606837,0.6666666666666666,0.6923076923076924,,
2026-04-20 00:00:00+00:00,0.10256410256410257,0.19658119658119658,,,,,0.5897435897435898,,0.8974358974358975,0.4444444444444444,0.21367521367521367,0.1452991452991453,,0.34188034188034183,,0.5042735042735043,0.564102564102564,0.8034188034188033,,,0.7435897435897436,,,,0.5299145299145299,0.4188034188034188,0.12820512820512822,0.9914529914529915,,0.2564102564102564,0.6923076923076922,0.34188034188034183,0.6410256410256411,,0.7435897435897436,0.717948717948718,,0.24786324786324787,0.40170940170940167,,,,,,0.5213675213675214,,0.26495726495726496,,,,,,0.5213675213675214,,,0.7350427350427351,0.8974358974358975,,0.5811965811965812,,,,,0.35042735042735046,,0.28205128205128205,,,0.452991452991453,,,0.9059829059829059,,0.9145299145299145,,0.39316239316239315,,0.17094017094017092,0.6923076923076924,0.6581196581196581,,
2026-04-21 00:00:00+00:00,0.05128205128205129,0.20512820512820515,,,,,0.5042735042735043,,0.9401709401709403,0.47863247863247865,0.24786324786324787,0.15384615384615385,,0.28205128205128205,,0.5042735042735044,0.47008547008547,0.7863247863247863,,,0.94017094017094,,,,0.6068376068376069,0.547008547008547,0.29914529914529914,0.9914529914529915,,0.24786324786324787,0.5555555555555555,0.25641025641025644,0.47008547008547,,0.8547008547008547,0.6495726495726496,,0.35042735042735046,0.358974358974359,,,,,,0.43589743589743585,,0.39316239316239315,,,,,,0.49572649572649574,,,0.6581196581196581,0.8547008547008548,,0.6239316239316239,,,,,0.37606837606837606,,0.30769230769230765,,,0.4102564102564103,,,0.8803418803418803,,0.888888888888889,,0.2564102564102564,,0.1452991452991453,0.8290598290598291,0.6923076923076922,,
2026-04-22 00:00:00+00:00,0.08547008547008546,0.21367521367521367,,,,,0.5213675213675214,,0.9487179487179488,0.6495726495726496,0.23076923076923075,0.17094017094017092,,0.3162393162393162,,0.4615384615384615,0.5213675213675214,0.7094017094017094,,,0.923076923076923,,,,0.5555555555555555,0.4188034188034188,0.3247863247863248,0.982905982905983,,0.20512820512820515,0.5299145299145299,0.3247863247863248,0.4786324786324787,,0.8632478632478633,0.5811965811965812,,0.39316239316239315,0.3333333333333333,,,,,,0.5555555555555555,,0.4358974358974359,,,,,,0.5726495726495727,,,0.5982905982905983,0.8205128205128206,,0.6324786324786325,,,,,0.47863247863247854,,0.28205128205128205,,,0.24786324786324787,,,0.8547008547008548,,0.9316239316239315,,0.24786324786324787,,0.10256410256410257,0.8803418803418803,0.6153846153846153,,
2026-04-23 00:00:00+00:00,0.1111111111111111,0.19658119658119658,,,,,0.5384615384615384,,0.9658119658119658,0.7692307692307693,0.23076923076923075,0.17094017094017092,,0.547008547008547,,0.6153846153846154,0.6581196581196581,0.8974358974358974,,,0.905982905982906,,,,0.47008547008547,0.4615384615384615,0.3333333333333333,1.0,,0.19658119658119658,0.6239316239316239,0.1794871794871795,0.4188034188034188,,0.8119658119658121,0.4444444444444444,,0.42735042735042733,0.3247863247863248,,,,,,0.4188034188034188,,0.4188034188034188,,,,,,0.5213675213675214,,,0.42735042735042733,0.7094017094017094,,0.5982905982905983,,,,,0.47008547008547014,,0.4188034188034188,,,0.23931623931623927,,,0.7521367521367521,,0.7863247863247862,,0.3931623931623931,,0.05982905982905982,0.8547008547008548,0.6324786324786325,,
2026-04-24 00:00:00+00:00,0.15384615384615385,0.23076923076923075,,,,,0.3846153846153846,,0.8717948717948718,0.8461538461538461,0.27350427350427353,0.1452991452991453,,0.5555555555555555,,0.6752136752136751,0.6068376068376069,0.8974358974358975,,,0.9658119658119659,,,,0.2820512820512821,0.5897435897435898,0.07692307692307693,0.982905982905983,,0.3675213675213675,0.6923076923076924,0.23076923076923075,0.3247863247863248,,0.8803418803418803,0.4102564102564103,,0.4273504273504274,0.28205128205128205,,,,,,0.5128205128205128,,0.5641025641025641,,,,,,0.5982905982905983,,,0.4444444444444445,0.6068376068376068,,0.641025641025641,,,,,0.49572649572649574,,0.34188034188034183,,,0.2905982905982906,,,0.547008547008547,,0.8290598290598291,,0.36752136752136755,,0.10256410256410255,0.7948717948717948,0.7094017094017094,,
2026-04-25 00:00:00+00:00,0.1111111111111111,0.23931623931623933,,,,,0.5982905982905983,,0.7692307692307693,0.9572649572649573,0.2905982905982906,0.28205128205128205,,0.5384615384615384,,0.547008547008547,0.6068376068376068,0.8376068376068376,,,0.94017094017094,,,,0.26495726495726496,0.6581196581196581,0.1111111111111111,0.982905982905983,,0.3846153846153846,0.47863247863247865,0.1111111111111111,0.4102564102564103,,0.9316239316239315,0.8461538461538461,,0.4358974358974359,0.23931623931623933,,,,,,0.47863247863247865,,0.6239316239316239,,,,,,0.6923076923076924,,,0.547008547008547,0.6837606837606837,,0.6324786324786326,,,,,0.547008547008547,,0.3162393162393162,,,0.2820512820512821,,,0.49572649572649574,,0.49572649572649574,,0.20512820512820515,,0.17948717948717952,0.6752136752136751,0.5726495726495727,,
2026-04-26 00:00:00+00:00,0.1111111111111111,0.35042735042735046,,,,,0.547008547008547,,0.7435897435897436,0.9658119658119658,0.37606837606837606,0.9145299145299145,,0.48717948717948717,,0.452991452991453,0.5299145299145299,0.8119658119658121,,,0.923076923076923,,,,0.3162393162393162,0.717948717948718,0.1282051282051282,0.9658119658119658,,0.3247863247863248,0.43589743589743596,0.06837606837606837,0.4871794871794872,,0.9316239316239315,0.8290598290598291,,0.5555555555555556,0.2564102564102564,,,,,,0.4871794871794872,,0.49572649572649574,,,,,,0.6239316239316239,,,0.5726495726495727,0.6239316239316239,,0.5982905982905983,,,,,0.564102564102564,,0.34188034188034183,,,0.2222222222222222,,,0.4188034188034188,,0.47008547008547,,0.1794871794871795,,0.13675213675213674,0.48717948717948717,0.547008547008547,,
2026-04-27 00:00:00+00:00,0.23076923076923075,0.2991452991452992,,,,,0.5897435897435898,,0.7606837606837606,0.9658119658119659,0.39316239316239315,0.6923076923076924,,0.4444444444444444,,0.5384615384615384,0.5384615384615384,0.9145299145299145,,,0.9145299145299145,,,,0.4615384615384615,0.8119658119658119,0.1282051282051282,0.9316239316239315,,0.29914529914529914,0.5555555555555555,0.1282051282051282,0.4358974358974359,,0.923076923076923,0.7008547008547009,,0.6068376068376068,0.26495726495726496,,,,,,0.547008547008547,,0.5641025641025641,,,,,,0.5726495726495727,,,0.5982905982905983,0.4358974358974359,,0.5726495726495727,,,,,0.5811965811965812,,0.34188034188034183,,,0.2564102564102564,,,0.37606837606837606,,0.2735042735042735,,0.18803418803418803,,0.1111111111111111,0.4273504273504274,0.6239316239316239,,
2026-04-28 00:00:00+00:00,0.4102564102564102,0.35042735042735046,,,,,0.6324786324786325,,0.7606837606837606,0.9658119658119658,0.2905982905982906,0.8034188034188033,,0.4444444444444444,,0.3846153846153846,0.49572649572649574,0.8290598290598291,,,0.8717948717948718,,,,0.6239316239316239,0.8119658119658121,0.20512820512820515,0.9743589743589743,,0.3247863247863248,0.452991452991453,0.13675213675213674,0.5213675213675213,,0.8290598290598291,0.7008547008547007,,0.40170940170940167,0.28205128205128205,,,,,,0.49572649572649574,,0.5384615384615384,,,,,,0.4871794871794872,,,0.547008547008547,0.5384615384615384,,0.7094017094017094,,,,,0.5555555555555555,,0.27350427350427353,,,0.3162393162393162,,,0.47863247863247865,,0.4358974358974359,,0.35897435897435903,,0.09401709401709402,0.3162393162393163,0.35042735042735046,,
2026-04-29 00:00:00+00:00,0.36752136752136755,0.37606837606837606,,,,,0.6495726495726496,,0.8119658119658121,0.9572649572649573,0.2564102564102564,0.8803418803418803,,0.5299145299145299,,0.358974358974359,0.6068376068376068,0.6752136752136751,,,0.5470085470085471,,,,0.5299145299145299,0.8461538461538461,0.26495726495726496,0.9658119658119658,,0.4358974358974359,0.452991452991453,0.11965811965811966,0.5726495726495727,,0.9572649572649573,0.8205128205128206,,0.4102564102564103,0.29914529914529914,,,,,,0.4358974358974359,,0.5555555555555556,,,,,,0.39316239316239315,,,0.6068376068376068,0.6666666666666666,,0.7435897435897436,,,,,0.6410256410256411,,0.23931623931623933,,,0.3247863247863248,,,0.6153846153846154,,0.13675213675213674,,0.34188034188034183,,0.11965811965811966,0.23076923076923075,0.2564102564102564,,
2026-04-30 00:00:00+00:00,0.3162393162393163,0.4102564102564103,,,,,0.7948717948717948,,0.8034188034188033,0.9316239316239315,0.358974358974359,0.8461538461538461,,0.36752136752136755,,0.2735042735042735,0.5299145299145299,0.5811965811965812,,,0.2905982905982906,,,,0.7435897435897436,0.9487179487179488,0.37606837606837606,0.9658119658119658,,0.4358974358974359,0.3846153846153846,0.05982905982905983,0.6153846153846154,,0.9316239316239318,0.6666666666666666,,0.48717948717948717,0.3247863247863248,,,,,,0.4444444444444444,,0.5897435897435898,,,,,,0.358974358974359,,,0.6068376068376068,0.7264957264957266,,0.8034188034188036,,,,,0.6837606837606837,,0.2564102564102564,,,0.29914529914529914,,,0.6324786324786325,,0.20512820512820515,,0.2905982905982906,,0.1623931623931624,0.2222222222222222,0.2735042735042735,,
2026-05-01 00:00:00+00:00,0.30630630630630634,0.48648648648648657,,,,,0.8288288288288289,,0.7207207207207208,0.8108108108108109,0.3603603603603604,0.8558558558558559,,0.2522522522522523,,0.2702702702702703,0.5585585585585585,0.7027027027027026,,,0.32432432432432434,,,,0.8378378378378378,0.981981981981982,0.2972972972972973,0.9279279279279281,,0.5045045045045046,0.5585585585585586,,0.5945945945945946,,,0.6036036036036037,,0.2972972972972973,0.2702702702702703,,,,,,0.45045045045045046,,0.5225225225225225,,,,,,0.3423423423423424,,,0.5675675675675675,0.6846846846846847,,0.8018018018018017,,,,,0.7387387387387387,,0.2612612612612613,,,0.30630630630630634,,,,,0.7567567567567567,,0.30630630630630634,0.4234234234234234,0.10810810810810811,0.15315315315315317,0.22522522522522523,,
2026-05-02 00:00:00+00:00,0.2522522522522523,0.5045045045045045,,,,,0.7927927927927928,,0.6486486486486487,0.6666666666666666,0.30630630630630634,0.8828828828828829,,0.4954954954954955,,0.26126126126126126,0.6216216216216216,0.9099099099099099,,,0.40540540540540543,,,,0.7117117117117117,0.990990990990991,0.2342342342342342,0.6846846846846847,,0.48648648648648646,0.6126126126126127,,0.5675675675675675,,,0.44144144144144143,,0.3603603603603604,0.2522522522522523,,,,,,0.37837837837837834,,0.5135135135135135,,,,,,0.2972972972972973,,,0.4684684684684684,0.7297297297297298,,0.8378378378378378,,,,,0.7207207207207208,,0.3963963963963964,,,0.3963963963963964,,,,,0.8468468468468467,,0.3693693693693693,0.4954954954954955,0.08108108108108109,0.0990990990990991,0.2792792792792793,,
2026-05-03 00:00:00+00:00,0.27027027027027023,0.5225225225225225,,,,,0.8378378378378378,,0.4684684684684685,0.6126126126126127,0.3873873873873874,0.5495495495495496,,0.39639639639639634,,0.3873873873873874,0.7117117117117117,0.9009009009009009,,,0.3333333333333333,,,,0.8288288288288289,0.981981981981982,0.2882882882882883,0.6756756756756758,,0.6036036036036037,0.6126126126126126,,0.5945945945945946,,,0.35135135135135137,,0.2972972972972973,0.20720720720720723,,,,,,0.4234234234234235,,0.5045045045045046,,,,,,0.3333333333333333,,,0.6396396396396397,0.7567567567567567,,0.8468468468468467,,,,,0.7477477477477477,,0.3873873873873874,,,0.40540540540540543,,,,,0.8378378378378378,,0.3873873873873874,0.4144144144144144,0.12612612612612614,0.07207207207207207,0.2972972972972973,,
2026-05-04 00:00:00+00:00,0.38738738738738737,0.5225225225225225,,,,,0.8378378378378378,,0.3963963963963964,0.6216216216216216,0.3513513513513513,0.6666666666666666,,0.3873873873873874,,0.4144144144144144,0.6936936936936937,0.918918918918919,,,0.1711711711711712,,,,0.8018018018018017,0.9729729729729729,0.24324324324324328,0.6756756756756758,,0.6396396396396397,0.6756756756756758,,0.6216216216216216,,,0.26126126126126126,,0.2342342342342342,0.24324324324324328,,,,,,0.4234234234234234,,0.6036036036036037,,,,,,0.21621621621621623,,,0.5945945945945946,0.7567567567567567,,0.8198198198198199,,,,,0.6306306306306306,,0.3963963963963964,,,0.40540540540540543,,,,,0.981981981981982,,0.4144144144144144,0.4684684684684685,0.10810810810810811,0.06306306306306307,0.37837837837837834,,
2026-05-05 00:00:00+00:00,0.30630630630630634,0.4684684684684685,,,,,0.7117117117117117,,0.37837837837837834,0.6036036036036037,0.37837837837837845,0.5765765765765766,,0.35135135135135137,,0.4684684684684685,0.6036036036036035,0.954954954954955,,,0.12612612612612614,,,,0.7657657657657658,0.9729729729729729,0.27027027027027034,0.6846846846846848,,0.6396396396396397,0.8108108108108109,,0.7117117117117117,,,0.31531531531531537,,0.21621621621621623,0.26126126126126126,,,,,,0.5945945945945946,,0.43243243243243246,,,,,,0.0900900900900901,,,0.6036036036036037,0.6756756756756758,,0.8198198198198199,,,,,0.6306306306306307,,0.41441441441441446,,,0.4684684684684684,,,,,0.981981981981982,,0.5765765765765766,0.5135135135135135,0.10810810810810811,0.07207207207207207,0.44144144144144143,,
2026-05-06 00:00:00+00:00,0.19819819819819826,0.6126126126126127,,,,,0.5675675675675675,,0.40540540540540543,0.4684684684684685,0.30630630630630634,0.48648648648648657,,0.5855855855855856,,0.31531531531531537,0.5945945945945946,0.9459459459459459,,,0.0900900900900901,,,,0.7207207207207208,0.990990990990991,0.2882882882882883,0.5315315315315315,,0.6486486486486487,0.5675675675675677,,0.7747747747747747,,,0.6936936936936937,,0.2522522522522523,0.8198198198198199,,,,,,0.6666666666666666,,0.40540540540540543,,,,,,0.13513513513513514,,,0.5855855855855856,0.40540540540540543,,0.7927927927927928,,,,,0.6216216216216216,,0.35135135135135137,,,0.5315315315315315,,,,,0.981981981981982,,0.4774774774774775,0.5405405405405405,0.12612612612612614,0.0990990990990991,0.41441441441441446,,
2026-05-07 00:00:00+00:00,0.10810810810810811,0.5315315315315315,,,,,0.5225225225225225,,0.4144144144144144,0.3423423423423424,0.3423423423423424,0.3603603603603604,,0.3333333333333333,,0.49549549549549554,0.6126126126126127,0.7927927927927928,,,0.11711711711711713,,,,0.7117117117117117,0.9099099099099099,0.3333333333333333,0.4954954954954955,,0.7567567567567567,0.2792792792792793,,0.891891891891892,,,0.7837837837837839,,0.21621621621621623,0.9279279279279279,,,,,,0.7027027027027026,,0.3603603603603604,,,,,,0.6216216216216216,,,0.8198198198198199,0.3513513513513513,,0.6396396396396397,,,,,0.49549549549549554,,0.41441441441441446,,,0.5045045045045046,,,,,0.990990990990991,,0.5045045045045046,0.8018018018018017,0.11711711711711713,0.0900900900900901,0.30630630630630634,,
2026-05-08 00:00:00+00:00,0.12612612612612614,0.45045045045045046,,,,,0.6036036036036035,,0.48648648648648657,0.24324324324324323,0.3603603603603604,0.4684684684684684,,0.2522522522522523,,0.4144144144144144,0.6756756756756758,0.6846846846846847,,,0.31531531531531537,,,,0.5585585585585586,0.6576576576576577,0.4414414414414414,0.8648648648648649,,0.7027027027027027,0.23423423423423426,,0.8648648648648649,,,0.8198198198198199,,0.24324324324324328,0.8738738738738739,,,,,,0.6396396396396397,,0.37837837837837834,,,,,,0.6666666666666666,,,0.918918918918919,0.41441441441441446,,0.6576576576576577,,,,,0.2972972972972973,,0.5045045045045046,,,0.40540540540540543,,,,,1.0,,0.5495495495495496,0.8288288288288289,0.16216216216216217,0.05405405405405406,0.1801801801801802,,
2026-05-09 00:00:00+00:00,0.11711711711711713,0.4954954954954955,,,,,0.6666666666666666,,0.5675675675675675,0.2792792792792793,0.3963963963963964,0.3333333333333333,,0.06306306306306307,,0.4684684684684685,0.7477477477477477,0.45045045045045046,,,0.21621621621621623,,,,0.6666666666666666,0.5855855855855855,0.4684684684684685,0.5405405405405405,,0.7927927927927928,0.12612612612612614,,0.9279279279279279,,,0.7747747747747749,,0.2522522522522523,0.9459459459459459,,,,,,0.7297297297297298,,0.5225225225225225,,,,,,0.6486486486486487,,,0.9459459459459459,0.2702702702702703,,0.6036036036036037,,,,,0.3423423423423424,,0.5315315315315315,,,0.5405405405405406,,,,,0.990990990990991,,0.7477477477477478,0.6666666666666666,0.2792792792792793,0.10810810810810811,0.18918918918918917,,
2026-05-10 00:00:00+00:00,0.16216216216216217,0.43243243243243246,,,,,0.6756756756756758,,0.6396396396396397,0.26126126126126126,0.45945945945945943,0.18918918918918917,,0.0990990990990991,,0.5225225225225225,0.7477477477477477,0.4774774774774775,,,0.22522522522522523,,,,0.5315315315315315,0.5585585585585586,0.35135135135135137,0.5045045045045046,,0.7297297297297298,0.16216216216216217,,0.7927927927927927,,,0.8108108108108109,,0.2972972972972973,0.891891891891892,,,,,,0.7207207207207208,,0.5135135135135135,,,,,,0.5855855855855856,,,0.9099099099099099,0.2522522522522523,,0.5765765765765766,,,,,0.3153153153153153,,0.6126126126126127,,,0.7657657657657658,,,,,0.990990990990991,,0.918918918918919,0.6756756756756758,0.26126126126126126,0.14414414414414414,0.23423423423423426,,
2026-05-11 00:00:00+00:00,0.16216216216216217,0.5315315315315315,,,,,0.6486486486486487,,0.5405405405405405,0.3333333333333333,0.45045045045045046,0.12612612612612614,,0.1711711711711712,,0.5405405405405405,0.8828828828828829,0.45045045045045046,,,0.13513513513513514,,,,0.5585585585585586,0.6126126126126127,0.2972972972972973,0.43243243243243246,,0.8108108108108109,0.0900900900900901,,0.5045045045045046,,,0.7297297297297297,,0.45045045045045046,0.7567567567567567,,,,,,0.7747747747747749,,0.6846846846846847,,,,,,0.48648648648648657,,,0.8018018018018019,0.16216216216216217,,0.5855855855855856,,,,,0.4144144144144144,,0.6756756756756758,,,0.936936936936937,,,,,0.8378378378378378,,0.945945945945946,0.6936936936936937,0.27027027027027023,0.18918918918918917,0.32432432432432434,,
2026-05-12 00:00:00+00:00,0.1801801801801802,0.5585585585585585,,,,,0.6666666666666666,,0.5315315315315315,0.5135135135135136,0.44144144144144143,0.14414414414414414,,0.0990990990990991,,0.6936936936936937,0.8378378378378378,0.4234234234234234,,,0.13513513513513514,,,,0.9009009009009009,0.5855855855855857,0.2792792792792793,0.4234234234234234,,0.6846846846846847,0.0900900900900901,,0.5045045045045045,,,0.6666666666666666,,0.5225225225225225,0.7657657657657658,,,,,,0.7027027027027026,,0.3603603603603604,,,,,,0.5045045045045046,,,0.7117117117117117,0.14414414414414414,,0.4774774774774775,,,,,0.41441441441441446,,0.7927927927927928,,,0.9099099099099099,,,,,0.8198198198198199,,0.9099099099099099,0.7027027027027027,0.27027027027027023,0.2522522522522523,0.37837837837837834,,
2026-05-13 00:00:00+00:00,0.16216216216216217,0.5225225225225225,,,,,0.6756756756756758,,0.5495495495495496,0.8738738738738739,0.4234234234234235,0.12612612612612614,,0.05405405405405406,,0.7927927927927928,0.6756756756756758,0.48648648648648646,,,0.2702702702702703,,,,0.945945945945946,0.5765765765765766,0.2882882882882883,0.44144144144144143,,0.5675675675675677,0.0900900900900901,,0.5585585585585585,,,0.5135135135135136,,0.4234234234234234,0.6756756756756758,,,,,,0.6576576576576577,,0.4954954954954955,,,,,,0.7297297297297298,,,0.7837837837837839,0.1801801801801802,,0.37837837837837834,,,,,0.32432432432432434,,0.7837837837837838,,,0.8648648648648649,,,,,0.8108108108108109,,0.8648648648648649,0.6486486486486487,0.2882882882882883,0.20720720720720723,0.2882882882882883,,
2026-05-14 00:00:00+00:00,0.31531531531531537,0.46846846846846857,,,,,0.6126126126126126,,0.5585585585585585,0.8108108108108109,0.48648648648648646,0.12612612612612614,,0.05405405405405406,,0.9459459459459459,0.5675675675675675,0.4774774774774775,,,0.3873873873873874,,,,0.8828828828828829,0.7027027027027026,0.4684684684684685,0.45045045045045046,,0.5135135135135136,0.08108108108108109,,0.3423423423423424,,,0.4954954954954955,,0.6036036036036037,0.5315315315315315,,,,,,0.7837837837837838,,0.4504504504504505,,,,,,0.7387387387387387,,,0.7117117117117117,0.2792792792792793,,0.3513513513513513,,,,,0.22522522522522523,,0.6036036036036037,,,0.9099099099099099,,,,,0.9459459459459459,,0.8018018018018019,0.4774774774774775,0.2882882882882883,0.1711711711711712,0.37837837837837834,,
2026-05-15 00:00:00+00:00,0.3063063063063063,0.6126126126126126,,,,,0.4594594594594595,,0.37837837837837834,0.8018018018018017,0.5765765765765766,0.0900900900900901,,0.07207207207207207,,0.954954954954955,0.48648648648648657,0.6126126126126127,,,0.2882882882882883,,,,0.9099099099099099,0.7747747747747749,0.5945945945945946,0.3333333333333333,,0.6846846846846848,0.15315315315315317,,0.2612612612612613,,,0.40540540540540543,,0.7477477477477477,0.22522522522522523,,,,,,0.8648648648648649,,0.5045045045045046,,,,,,0.6306306306306306,,,0.48648648648648657,0.1801801801801802,,0.3873873873873874,,,,,0.35135135135135137,,0.6576576576576576,,,0.7837837837837838,,,,,0.8828828828828829,,0.8558558558558559,0.4684684684684685,0.2792792792792793,0.27927927927927926,0.6576576576576577,,
2026-05-16 00:00:00+00:00,0.3603603603603604,0.5675675675675675,,,,,0.3153153153153153,,0.2972972972972973,0.6486486486486487,0.45045045045045046,0.22522522522522523,,0.11711711711711713,,0.9729729729729729,0.36936936936936937,0.5945945945945946,,,0.5945945945945946,,,,0.8378378378378378,0.8288288288288289,0.6846846846846847,0.5405405405405406,,0.6756756756756758,0.1801801801801802,,0.32432432432432434,,,0.37837837837837834,,0.7567567567567567,0.24324324324324328,,,,,,0.7657657657657658,,0.6306306306306306,,,,,,0.7387387387387387,,,0.48648648648648646,0.39639639639639634,,0.21621621621621623,,,,,0.24324324324324328,,0.6036036036036037,,,0.8108108108108109,,,,,0.9729729729729729,,0.7927927927927928,0.36936936936936937,0.22522522522522523,0.2342342342342342,0.5495495495495496,,
2026-05-17 00:00:00+00:00,0.3513513513513513,0.5135135135135135,,,,,0.22522522522522523,,0.21621621621621623,0.963963963963964,0.3693693693693694,0.4774774774774775,,0.0990990990990991,,0.918918918918919,0.2882882882882883,0.6306306306306306,,,0.9189189189189189,,,,0.6486486486486487,0.7477477477477478,0.5225225225225225,0.5225225225225225,,0.7387387387387387,0.18918918918918917,,0.4234234234234234,,,0.5045045045045046,,0.7387387387387387,0.4594594594594595,,,,,,0.6576576576576577,,0.5945945945945946,,,,,,0.8378378378378378,,,0.4774774774774775,0.2792792792792793,,0.12612612612612614,,,,,0.15315315315315317,,0.4684684684684685,,,0.8288288288288289,,,,,0.990990990990991,,0.6486486486486487,0.36936936936936937,0.2882882882882883,0.24324324324324328,0.5675675675675675,,
2026-05-18 00:00:00+00:00,0.3603603603603604,0.45045045045045046,,,,,0.2522522522522523,,0.2972972972972973,0.954954954954955,0.4144144144144144,0.5405405405405405,,0.07207207207207207,,0.8828828828828829,0.2702702702702703,0.5855855855855856,,,0.9189189189189189,,,,0.5405405405405405,0.7657657657657658,0.5405405405405406,0.5585585585585585,,0.6846846846846847,0.06306306306306307,,0.5765765765765766,,,0.6216216216216216,,0.6576576576576576,0.6486486486486487,,,,,,0.6576576576576577,,0.3333333333333333,,,,,,0.9279279279279281,,,0.5585585585585585,0.37837837837837834,,0.12612612612612614,,,,,0.12612612612612614,,0.40540540540540543,,,0.7567567567567567,,,,,1.0,,0.6666666666666666,0.4234234234234234,0.2882882882882883,0.15315315315315317,0.5405405405405406,,
2026-05-19 00:00:00+00:00,0.31531531531531537,0.4234234234234235,,,,,0.3603603603603604,,0.32432432432432434,0.936936936936937,0.40540540540540543,0.5855855855855855,,0.02702702702702703,,0.7837837837837838,0.24324324324324328,0.45045045045045046,,,0.9459459459459459,,,,0.48648648648648646,0.6486486486486487,0.5315315315315315,0.5585585585585585,,0.7117117117117117,0.10810810810810811,,0.6126126126126126,,,0.7657657657657658,,0.6396396396396397,0.6666666666666666,,,,,,0.6216216216216216,,0.35135135135135137,,,,,,0.963963963963964,,,0.5675675675675675,0.43243243243243246,,0.1711711711711712,,,,,0.10810810810810811,,0.3873873873873874,,,0.7927927927927928,,,,,0.981981981981982,,0.8018018018018017,0.3513513513513513,0.37837837837837834,0.11711711711711713,0.44144144144144143,,
2026-05-20 00:00:00+00:00,0.2882882882882883,0.44144144144144154,,,,,0.3693693693693694,,0.2972972972972973,0.9459459459459459,0.4144144144144144,0.6306306306306306,,0.02702702702702703,,0.7837837837837838,0.24324324324324328,0.5225225225225225,,,0.918918918918919,,,,0.5045045045045046,0.5945945945945946,0.3873873873873874,0.7567567567567567,,0.8378378378378378,0.11711711711711713,,0.6486486486486487,,,0.7027027027027026,,0.6036036036036035,0.5135135135135136,,,,,,0.5585585585585585,,0.4234234234234235,,,,,,0.963963963963964,,,0.5945945945945946,0.45045045045045046,,0.1711711711711712,,,,,0.0900900900900901,,0.3603603603603604,,,0.8108108108108109,,,,,0.990990990990991,,0.7297297297297298,0.34234234234234234,0.44144144144144143,0.12612612612612614,0.3963963963963964,,
2026-05-21 00:00:00+00:00,0.31531531531531537,0.3873873873873874,,,,,0.4684684684684684,,0.10810810810810811,0.9099099099099099,0.5225225225225225,0.7297297297297298,,0.036036036036036036,,0.7117117117117117,0.30630630630630634,0.5585585585585585,,,0.7117117117117117,,,,0.5495495495495496,0.45045045045045046,0.3873873873873874,0.8378378378378378,,0.7567567567567567,0.0990990990990991,,0.6126126126126127,,,0.6486486486486487,,0.5045045045045046,0.49549549549549554,,,,,,0.6666666666666666,,0.30630630630630634,,,,,,0.9729729729729731,,,0.5855855855855855,0.4054054054054055,,0.22522522522522523,,,,,0.14414414414414414,,0.5495495495495496,,,0.8018018018018017,,,,,1.0,,0.9009009009009009,0.2882882882882883,0.5675675675675675,0.06306306306306307,0.4144144144144144,,
2026-05-22 00:00:00+00:00,0.26126126126126126,0.34234234234234234,,,,,0.5585585585585585,,0.16216216216216217,0.9279279279279279,0.5405405405405405,0.6486486486486487,,0.036036036036036036,,0.7747747747747747,0.35135135135135137,0.4774774774774775,,,0.6216216216216217,,,,0.5405405405405407,0.5945945945945946,0.5765765765765766,0.6216216216216216,,0.6486486486486487,0.0990990990990991,,0.6846846846846848,,,0.5945945945945946,,0.5045045045045046,0.48648648648648657,,,,,,0.5945945945945946,,0.24324324324324328,,,,,,0.990990990990991,,,0.5675675675675675,0.4414414414414414,,0.24324324324324328,,,,,0.11711711711711713,,0.5495495495495496,,,0.8558558558558559,,,,,0.981981981981982,,0.8288288288288289,0.36936936936936937,0.7747747747747749,0.07207207207207207,0.31531531531531526,,
2026-05-23 00:00:00+00:00,0.3513513513513513,0.30630630630630634,,,,,0.5135135135135135,,0.13513513513513514,0.9459459459459459,0.5225225225225225,0.7837837837837838,,0.02702702702702703,,0.7477477477477477,0.3423423423423424,0.3423423423423424,,,0.4684684684684685,,,,0.5585585585585586,0.5855855855855856,0.5855855855855855,0.8378378378378378,,0.6216216216216216,0.08108108108108109,,0.6036036036036037,,,0.5495495495495496,,0.4684684684684685,0.5855855855855856,,,,,,0.5495495495495496,,0.1711711711711712,,,,,,0.990990990990991,,,0.5585585585585585,0.5405405405405406,,0.21621621621621623,,,,,0.13513513513513514,,0.4774774774774775,,,0.8738738738738739,,,,,0.981981981981982,,0.7117117117117117,0.5225225225225225,0.8378378378378378,0.14414414414414414,0.32432432432432434,,
2026-05-24 00:00:00+00:00,0.2972972972972973,0.2882882882882883,,,,,0.6216216216216216,,0.10810810810810811,0.936936936936937,0.6306306306306306,0.7117117117117117,,0.02702702702702703,,0.7837837837837838,0.35135135135135137,0.3873873873873874,,,0.1801801801801802,,,,0.6306306306306306,0.5675675675675675,0.8198198198198199,0.7297297297297297,,0.7207207207207208,0.13513513513513514,,0.6396396396396397,,,0.41441441441441446,,0.5225225225225226,0.5495495495495496,,,,,,0.5405405405405405,,0.1711711711711712,,,,,,1.0,,,0.4954954954954955,0.32432432432432434,,0.22522522522522523,,,,,0.1801801801801802,,0.49549549549549554,,,0.8018018018018019,,,,,0.963963963963964,,0.6486486486486487,0.5585585585585585,0.936936936936937,0.2522522522522523,0.3513513513513513,,
2026-05-25 00:00:00+00:00,0.21621621621621623,0.2792792792792793,,,,,0.5585585585585585,,0.12612612612612614,0.8468468468468467,0.5675675675675675,0.7477477477477477,,0.02702702702702703,,0.9009009009009009,0.39639639639639634,0.5765765765765766,,,0.18918918918918917,,,,0.6666666666666666,0.5585585585585585,0.6396396396396397,0.7117117117117117,,0.7477477477477477,0.20720720720720723,,0.7747747747747749,,,0.3423423423423424,,0.4144144144144144,0.7297297297297298,,,,,,0.5045045045045046,,0.16216216216216217,,,,,,0.990990990990991,,,0.5495495495495496,0.45045045045045046,,0.21621621621621623,,,,,0.14414414414414414,,0.5045045045045046,,,0.7027027027027026,,,,,0.9729729729729729,,0.5405405405405406,0.5045045045045046,0.945945945945946,0.2702702702702703,0.31531531531531526,,
2026-05-26 00:00:00+00:00,0.22522522522522523,0.26126126126126126,,,,,0.6396396396396397,,0.12612612612612614,0.8738738738738738,0.5945945945945946,0.24324324324324323,,0.036036036036036036,,0.9099099099099099,0.4234234234234235,0.6036036036036035,,,0.23423423423423428,,,,0.3513513513513513,0.6216216216216216,0.6936936936936937,0.7387387387387387,,0.7297297297297298,0.26126126126126126,,0.7837837837837838,,,0.4684684684684684,,0.34234234234234234,0.7567567567567567,,,,,,0.5495495495495496,,0.20720720720720723,,,,,,0.990990990990991,,,0.6486486486486487,0.5315315315315315,,0.24324324324324328,,,,,0.12612612612612614,,0.41441441441441446,,,0.6846846846846847,,,,,0.9729729729729729,,0.3873873873873874,0.6216216216216216,0.954954954954955,0.43243243243243246,0.3153153153153153,,
2026-05-27 00:00:00+00:00,0.31531531531531537,0.24324324324324328,,,,,0.7027027027027027,,0.2522522522522523,0.918918918918919,0.5765765765765766,0.37837837837837834,,0.036036036036036036,,0.8648648648648649,0.45045045045045046,0.40540540540540543,,,0.14414414414414414,,,,0.2972972972972973,0.5765765765765766,0.7117117117117117,0.8378378378378378,,0.5135135135135135,0.1801801801801802,,0.8378378378378378,,,0.5945945945945946,,0.3423423423423424,0.7747747747747749,,,,,,0.5495495495495496,,0.13513513513513514,,,,,,0.9729729729729731,,,0.6666666666666666,0.6036036036036037,,0.1801801801801802,,,,,0.14414414414414414,,0.40540540540540543,,,0.5945945945945946,,,,,0.981981981981982,,0.36936936936936937,0.7207207207207208,0.963963963963964,0.4234234234234235,0.3333333333333333,,
2026-05-28 00:00:00+00:00,0.1801801801801802,0.3153153153153153,,,,,0.6936936936936937,,0.3603603603603604,0.9009009009009009,0.5315315315315315,0.4954954954954955,,0.04504504504504505,,0.8108108108108109,0.36936936936936937,0.30630630630630634,,,0.20720720720720723,,,,0.2792792792792793,0.5495495495495496,0.6846846846846847,0.8108108108108109,,0.5045045045045046,0.08108108108108109,,0.8378378378378378,,,0.5675675675675677,,0.3603603603603604,0.846846846846847,,,,,,0.45045045045045046,,0.2792792792792793,,,,,,0.990990990990991,,,0.6576576576576577,0.6306306306306306,,0.16216216216216217,,,,,0.10810810810810811,,0.41441441441441446,,,0.5945945945945946,,,,,0.963963963963964,,0.2972972972972973,0.6396396396396397,0.954954954954955,0.8108108108108109,0.30630630630630634,,
2026-05-29 00:00:00+00:00,0.15315315315315317,0.3513513513513513,,,,,0.6936936936936937,,0.4594594594594595,0.8828828828828829,0.4954954954954955,0.5315315315315315,,0.02702702702702703,,0.6756756756756755,0.2522522522522523,0.24324324324324328,,,0.18918918918918917,,,,0.34234234234234234,0.5405405405405405,0.5945945945945946,0.8108108108108109,,0.4594594594594595,0.0990990990990991,,0.8018018018018017,,,0.5405405405405406,,0.8288288288288288,0.9009009009009009,,,,,,0.37837837837837834,,0.31531531531531526,,,,,,0.990990990990991,,,0.6756756756756758,0.44144144144144154,,0.14414414414414414,,,,,0.11711711711711713,,0.4684684684684684,,,0.5855855855855857,,,,,0.7657657657657658,,0.30630630630630634,0.6576576576576577,0.9099099099099099,0.9729729729729729,0.3963963963963964,,
2026-05-30 00:00:00+00:00,0.3333333333333333,0.30630630630630634,,,,,0.6846846846846847,,0.34234234234234234,0.7747747747747749,0.4774774774774775,0.6036036036036037,,0.02702702702702703,,0.7207207207207208,0.26126126126126126,0.3063063063063063,,,0.06306306306306307,,,,0.3873873873873874,0.37837837837837845,0.48648648648648657,0.9099099099099099,,0.36936936936936937,0.2072072072072072,,0.7657657657657658,,,0.6036036036036035,,0.9279279279279279,0.8288288288288288,,,,,,0.48648648648648657,,0.36936936936936937,,,,,,0.963963963963964,,,0.6306306306306306,0.3243243243243243,,0.18918918918918917,,,,,0.16216216216216217,,0.5495495495495496,,,0.5135135135135135,,,,,0.5855855855855855,,0.2702702702702703,0.7297297297297298,0.891891891891892,0.990990990990991,0.5765765765765766,,
2026-05-31 00:00:00+00:00,0.32432432432432434,0.37837837837837845,,,,,0.6396396396396397,,0.3423423423423424,0.6846846846846847,0.4954954954954955,0.6306306306306306,,0.02702702702702703,,0.9459459459459459,0.21621621621621623,0.24324324324324328,,,0.08108108108108109,,,,0.37837837837837834,0.3873873873873874,0.41441441441441446,0.9009009009009009,,0.32432432432432434,0.11711711711711713,,0.7837837837837839,,,0.5855855855855856,,0.8828828828828829,0.8198198198198199,,,,,,0.5765765765765766,,0.40540540540540543,,,,,,0.8828828828828829,,,0.6126126126126127,0.3513513513513513,,0.1981981981981982,,,,,0.34234234234234234,,0.5495495495495496,,,0.4774774774774775,,,,,0.5855855855855856,,0.21621621621621623,0.7387387387387387,0.9189189189189189,0.9729729729729729,0.5675675675675675,,
2026-06-01 00:00:00+00:00,0.24324324324324328,0.3603603603603604,,,,,0.6846846846846847,,0.36936936936936937,0.5945945945945946,0.5765765765765766,0.6126126126126126,,0.02702702702702703,,0.9189189189189189,0.31531531531531537,0.15315315315315317,,,0.16216216216216217,,,,0.48648648648648646,0.3243243243243243,0.44144144144144154,0.918918918918919,,0.27927927927927926,0.10810810810810811,,0.7297297297297297,,,0.6846846846846847,,0.8738738738738738,0.8288288288288289,,,,,,0.5675675675675675,,0.41441441441441446,,,,,,0.891891891891892,,,0.5945945945945946,0.3333333333333333,,0.24324324324324328,,,,,0.41441441441441446,,0.5135135135135135,,,0.41441441441441446,,,,,0.5765765765765766,,0.1981981981981982,0.7747747747747749,0.9279279279279279,0.990990990990991,0.45045045045045046,,
2026-06-02 00:00:00+00:00,0.1801801801801802,0.2882882882882883,,,,,0.6486486486486486,,0.34234234234234234,0.43243243243243246,0.5765765765765766,0.5945945945945946,,0.02702702702702703,,0.9099099099099099,0.3963963963963964,0.08108108108108109,,,0.4234234234234235,,,,0.48648648648648646,0.5585585585585586,0.3513513513513513,0.9009009009009009,,0.27027027027027023,0.12612612612612614,,0.7657657657657658,,,0.6036036036036035,,0.846846846846847,0.8738738738738739,,,,,,0.5315315315315315,,0.2882882882882883,,,,,,0.8738738738738739,,,0.6576576576576576,0.5765765765765766,,0.2882882882882883,,,,,0.4684684684684685,,0.4774774774774775,,,0.41441441441441446,,,,,0.4594594594594595,,0.2522522522522523,0.7567567567567567,0.981981981981982,0.963963963963964,0.32432432432432434,,
2026-06-03 00:00:00+00:00,0.16216216216216217,0.2522522522522523,,,,,0.5405405405405406,,0.3873873873873874,0.5045045045045046,0.45045045045045046,0.6666666666666666,,0.036036036036036036,,0.8558558558558559,0.37837837837837834,0.07207207207207207,,,0.4234234234234235,,,,0.6486486486486487,0.4684684684684685,0.37837837837837834,0.8918918918918918,,0.3153153153153153,0.10810810810810811,,0.7477477477477477,,,0.6486486486486487,,0.8468468468468467,0.936936936936937,,,,,,0.5045045045045046,,0.1981981981981982,,,,,,0.981981981981982,,,0.7657657657657658,0.5495495495495496,,0.2702702702702703,,,,,0.43243243243243246,,0.35135135135135137,,,0.5855855855855856,,,,,0.36936936936936937,,0.3603603603603604,0.6846846846846848,0.954954954954955,0.963963963963964,0.30630630630630634,,
2026-06-04 00:00:00+00:00,0.24324324324324328,0.11711711711711713,,,,,0.4774774774774775,,0.44144144144144143,0.5495495495495496,0.3153153153153153,0.6396396396396397,,0.02702702702702703,,0.7747747747747747,0.44144144144144143,0.06306306306306307,,,0.45945945945945943,,,,0.6666666666666666,0.3423423423423424,0.48648648648648657,0.8918918918918918,,0.43243243243243246,0.0900900900900901,,0.7747747747747749,,,0.6396396396396397,,0.7837837837837838,0.9279279279279279,,,,,,0.45045045045045046,,0.23423423423423426,,,,,,0.9729729729729729,,,0.8018018018018017,0.6036036036036037,,0.2522522522522523,,,,,0.43243243243243246,,0.20720720720720723,,,0.5855855855855856,,,,,0.3963963963963964,,0.37837837837837834,0.8648648648648649,0.990990990990991,0.9459459459459459,0.2972972972972973,,
2026-06-05 00:00:00+00:00,0.3603603603603604,0.07207207207207207,,,,,0.4594594594594595,,0.5315315315315315,0.6846846846846848,0.2522522522522523,0.5495495495495496,,0.06306306306306307,,0.8108108108108109,0.49549549549549554,0.06306306306306307,,,0.40540540540540543,,,,0.6756756756756758,0.27927927927927926,0.3333333333333333,0.9279279279279279,,0.32432432432432434,0.08108108108108109,,0.8198198198198199,,,0.6306306306306307,,0.7837837837837838,0.918918918918919,,,,,,0.3873873873873874,,0.22522522522522523,,,,,,0.918918918918919,,,0.8018018018018017,0.7567567567567567,,0.20720720720720723,,,,,0.41441441441441446,,0.1801801801801802,,,0.6486486486486487,,,,,0.5495495495495496,,0.4144144144144144,0.7207207207207208,1.0,0.945945945945946,0.30630630630630634,,
2026-06-06 00:00:00+00:00,0.2882882882882883,0.07207207207207207,,,,,0.48648648648648646,,0.4684684684684684,0.6666666666666666,0.2702702702702703,0.5495495495495496,,0.06306306306306307,,0.8378378378378378,0.46846846846846857,0.05405405405405406,,,0.5855855855855857,,,,0.7117117117117117,0.27027027027027034,0.3333333333333333,0.9099099099099099,,0.27927927927927926,0.0900900900900901,,0.7477477477477478,,,0.5855855855855855,,0.7297297297297298,0.8828828828828829,,,,,,0.36936936936936937,,0.2792792792792793,,,,,,0.936936936936937,,,0.7657657657657658,0.8288288288288289,,0.2342342342342342,,,,,0.3423423423423424,,0.15315315315315317,,,0.7297297297297298,,,,,0.6126126126126127,,0.4684684684684685,0.6846846846846847,1.0,0.936936936936937,0.30630630630630634,,
2026-06-07 00:00:00+00:00,0.2612612612612613,0.0990990990990991,,,,,0.44144144144144143,,0.45945945945945943,0.6306306306306305,0.26126126126126126,0.5135135135135135,,0.14414414414414414,,0.7117117117117117,0.43243243243243246,0.036036036036036036,,,0.6666666666666666,,,,0.7747747747747749,0.3333333333333333,0.3423423423423424,0.7837837837837839,,0.2972972972972973,0.0900900900900901,,0.7567567567567567,,,0.5855855855855857,,0.7927927927927927,0.918918918918919,,,,,,0.3963963963963964,,0.13513513513513514,,,,,,0.918918918918919,,,0.7207207207207208,0.8018018018018017,,0.24324324324324328,,,,,0.36936936936936937,,0.12612612612612614,,,0.7747747747747749,,,,,0.6936936936936937,,0.5045045045045046,0.6936936936936937,0.990990990990991,0.981981981981982,0.31531531531531537,,
2026-06-08 00:00:00+00:00,0.32432432432432434,0.07207207207207207,,,,,0.1801801801801802,,0.1711711711711712,0.7747747747747749,0.16216216216216217,0.44144144144144143,,0.15315315315315317,,0.7837837837837838,0.36936936936936937,0.16216216216216217,,,0.5405405405405405,,,,0.8288288288288289,0.5405405405405405,0.2882882882882883,0.8558558558558559,,0.2882882882882883,0.44144144144144143,,0.6936936936936937,,,0.40540540540540543,,0.7477477477477478,0.846846846846847,,,,,,0.6126126126126127,,0.11711711711711713,,,,,,0.9459459459459459,,,0.48648648648648646,0.7837837837837838,,0.2882882882882883,,,,,0.3603603603603604,,0.31531531531531537,,,0.7747747747747749,,,,,0.6216216216216216,,0.4144144144144144,0.7477477477477478,1.0,0.9279279279279279,0.5315315315315315,,
2026-06-09 00:00:00+00:00,0.31531531531531537,0.1981981981981982,,,,,0.1801801801801802,,0.08108108108108109,0.8198198198198199,0.11711711711711713,0.4774774774774775,,0.07207207207207207,,0.7747747747747749,0.31531531531531537,0.15315315315315317,,,0.5765765765765766,,,,0.8468468468468467,0.5405405405405405,0.3873873873873874,0.8738738738738739,,0.3513513513513513,0.4594594594594595,,0.6576576576576576,,,0.37837837837837845,,0.8288288288288288,0.7567567567567567,,,,,,0.6126126126126127,,0.1981981981981982,,,,,,0.9099099099099099,,,0.3423423423423424,0.7387387387387387,,0.30630630630630634,,,,,0.37837837837837834,,0.35135135135135137,,,0.7837837837837838,,,,,0.6306306306306307,,0.26126126126126126,0.6936936936936937,0.990990990990991,0.9729729729729729,0.6666666666666666,,
2026-06-10 00:00:00+00:00,0.18918918918918917,0.18918918918918917,,,,,0.23423423423423426,,0.12612612612612614,0.8198198198198199,0.16216216216216217,0.4414414414414414,,0.06306306306306307,,0.8018018018018017,0.3063063063063063,0.22522522522522526,,,0.8018018018018017,,,,0.900900900900901,0.5855855855855855,0.37837837837837834,0.6306306306306307,,0.3603603603603604,0.4234234234234234,,0.7027027027027026,,,0.5135135135135135,,0.7477477477477478,0.6036036036036037,,,,,,0.6756756756756758,,0.32432432432432434,,,,,,0.8918918918918918,,,0.4594594594594595,0.8018018018018017,,0.41441441441441446,,,,,0.37837837837837834,,0.31531531531531537,,,0.4684684684684685,,,,,0.5945945945945946,,0.22522522522522526,0.6846846846846847,0.990990990990991,0.9459459459459459,0.6216216216216216,,
2026-06-11 00:00:00+00:00,0.24324324324324328,0.2702702702702703,,,,,0.18918918918918917,,0.10810810810810811,0.8468468468468467,0.13513513513513514,0.4234234234234234,,0.1711711711711712,,0.9009009009009009,0.2882882882882883,0.4144144144144144,,,0.7387387387387387,,,,0.8828828828828829,0.6126126126126126,0.2522522522522523,0.5855855855855856,,0.43243243243243246,0.5225225225225225,,0.5765765765765766,,,0.5765765765765766,,0.7927927927927928,0.5945945945945946,,,,,,0.6756756756756758,,0.1981981981981982,,,,,,0.8198198198198199,,,0.3873873873873874,0.8378378378378378,,0.3333333333333333,,,,,0.44144144144144154,,0.3603603603603604,,,0.4504504504504505,,,,,0.6396396396396397,,0.24324324324324323,0.5585585585585585,0.990990990990991,0.945945945945946,0.5585585585585585,,
2026-06-12 00:00:00+00:00,0.2522522522522523,0.3333333333333333,,,,,0.10810810810810811,,0.27027027027027034,0.9459459459459459,0.10810810810810811,0.43243243243243246,,0.10810810810810811,,0.8738738738738739,0.30630630630630634,0.45045045045045046,,,0.8108108108108109,,,,0.954954954954955,0.5585585585585585,0.26126126126126126,0.5315315315315315,,0.6126126126126127,0.43243243243243246,,0.5225225225225225,,,0.7747747747747749,,0.6126126126126126,0.5585585585585586,,,,,,0.6756756756756758,,0.0990990990990991,,,,,,0.8288288288288289,,,0.39639639639639634,0.8378378378378378,,0.3423423423423424,,,,,0.5225225225225225,,0.44144144144144143,,,0.45045045045045046,,,,,0.37837837837837834,,0.2522522522522523,0.6306306306306306,0.9009009009009009,0.8648648648648649,0.5585585585585585,,
2026-06-13 00:00:00+00:00,0.31531531531531537,0.45945945945945943,,,,,0.13513513513513514,,0.3873873873873874,0.936936936936937,0.14414414414414414,0.4684684684684684,,0.10810810810810811,,0.8198198198198199,0.37837837837837845,0.44144144144144143,,,0.6486486486486487,,,,0.954954954954955,0.6216216216216216,0.2972972972972973,0.43243243243243246,,0.5855855855855857,0.4774774774774775,,0.5675675675675675,,,0.6486486486486487,,0.32432432432432434,0.6306306306306306,,,,,,0.7027027027027026,,0.12612612612612614,,,,,,0.7207207207207208,,,0.5765765765765766,0.8738738738738739,,0.4234234234234234,,,,,0.6756756756756755,,0.4594594594594595,,,0.48648648648648646,,,,,0.45045045045045046,,0.2972972972972973,0.6306306306306307,0.6846846846846847,0.6306306306306307,0.4774774774774775,,
2026-06-14 00:00:00+00:00,0.5135135135135135,0.36936936936936937,,,,,0.22522522522522523,,0.36936936936936937,0.9279279279279279,0.10810810810810811,0.49549549549549554,,0.08108108108108109,,0.6486486486486487,0.3963963963963964,0.37837837837837834,,,0.5045045045045046,,,,0.9459459459459459,0.6126126126126127,0.2972972972972973,0.3603603603603604,,0.4684684684684685,0.4774774774774775,,0.5855855855855856,,,0.5945945945945946,,0.3423423423423424,0.7027027027027026,,,,,,0.6486486486486487,,0.3603603603603604,,,,,,0.7837837837837839,,,0.8108108108108109,0.7927927927927928,,0.4234234234234235,,,,,0.7567567567567567,,0.6036036036036037,,,0.4684684684684684,,,,,0.3063063063063063,,0.23423423423423426,0.5585585585585585,0.8018018018018017,0.6126126126126126,0.43243243243243246,,
2026-06-15 00:00:00+00:00,0.4954954954954955,0.49549549549549554,,,,,0.18918918918918917,,0.3063063063063063,0.954954954954955,0.0990990990990991,0.4684684684684685,,0.05405405405405406,,0.5765765765765766,0.4774774774774775,0.4234234234234235,,,0.44144144144144143,,,,0.936936936936937,0.49549549549549554,0.2972972972972973,0.31531531531531537,,0.2792792792792793,0.41441441441441446,,0.5945945945945946,,,0.6306306306306306,,0.36936936936936937,0.8018018018018017,,,,,,0.6216216216216216,,0.3963963963963965,,,,,,0.7747747747747749,,,0.8108108108108109,0.8468468468468467,,0.4144144144144144,,,,,0.7207207207207208,,0.6306306306306306,,,0.6396396396396397,,,,,0.2972972972972973,,0.2072072072072072,0.5945945945945946,0.8108108108108109,0.6036036036036037,0.5135135135135135,,
2026-06-16 00:00:00+00:00,0.7927927927927928,0.18918918918918917,,,,,0.11711711711711713,,0.2612612612612613,0.8918918918918918,0.08108108108108109,0.5225225225225225,,0.24324324324324328,,0.5495495495495496,0.5225225225225226,0.5225225225225225,,,0.0990990990990991,,,,0.954954954954955,0.22522522522522523,0.34234234234234234,0.32432432432432434,,0.5135135135135135,0.5765765765765766,,0.43243243243243246,,,0.43243243243243246,,0.4774774774774775,0.5225225225225225,,,,,,0.5315315315315315,,0.43243243243243246,,,,,,0.8198198198198199,,,0.7567567567567567,0.7297297297297298,,0.3873873873873874,,,,,0.6396396396396397,,0.7567567567567567,,,0.5135135135135135,,,,,0.21621621621621623,,0.7837837837837838,0.6036036036036037,0.8378378378378378,0.6756756756756758,0.7207207207207208,,
2026-06-17 00:00:00+00:00,0.8198198198198199,0.16216216216216217,,,,,0.11711711711711713,,0.2972972972972973,0.8828828828828829,0.15315315315315317,0.5675675675675675,,0.1711711711711712,,0.4234234234234234,0.5855855855855856,0.5945945945945946,,,0.07207207207207207,,,,0.936936936936937,0.2522522522522523,0.43243243243243246,0.3333333333333333,,0.49549549549549554,0.6576576576576576,,0.5135135135135135,,,0.43243243243243246,,0.34234234234234234,0.3963963963963964,,,,,,0.5945945945945946,,0.5225225225225225,,,,,,0.5495495495495496,,,0.6666666666666666,0.6846846846846848,,0.44144144144144143,,,,,0.5315315315315315,,0.7747747747747749,,,0.5045045045045046,,,,,0.1711711711711712,,0.936936936936937,0.6846846846846847,0.8918918918918918,0.7117117117117117,0.6936936936936937,,
2026-06-18 00:00:00+00:00,0.8018018018018017,0.14414414414414414,,,,,0.2882882882882883,,0.4234234234234234,0.7207207207207208,0.1711711711711712,0.5045045045045046,,0.27027027027027023,,0.5585585585585586,0.4774774774774775,0.5315315315315315,,,0.05405405405405406,,,,0.7387387387387387,0.31531531531531537,0.4684684684684685,0.3063063063063063,,0.41441441441441446,0.5855855855855856,,0.43243243243243246,,,0.43243243243243246,,0.5585585585585585,0.3963963963963964,,,,,,0.6306306306306306,,0.5405405405405406,,,,,,0.48648648648648657,,,0.6666666666666666,0.4594594594594595,,0.5585585585585585,,,,,0.5945945945945946,,0.7837837837837838,,,0.3423423423423424,,,,,0.31531531531531537,,0.954954954954955,0.6036036036036035,0.9459459459459459,0.8468468468468467,0.6756756756756758,,
2026-06-19 00:00:00+00:00,0.8378378378378378,0.1981981981981982,,,,,0.2522522522522523,,0.44144144144144154,0.5675675675675675,0.07207207207207207,0.4594594594594595,,0.13513513513513514,,0.44144144144144143,0.5495495495495496,0.38738738738738737,,,0.08108108108108109,,,,0.6576576576576577,0.24324324324324328,0.45045045045045046,0.36936936936936937,,0.45945945945945943,0.5765765765765766,,0.5945945945945946,,,0.3423423423423424,,0.5405405405405405,0.48648648648648657,,,,,,0.6486486486486487,,0.4684684684684685,,,,,,0.846846846846847,,,0.8108108108108109,0.48648648648648646,,0.5225225225225226,,,,,0.3963963963963964,,0.7477477477477478,,,0.2882882882882883,,,,,0.44144144144144143,,0.963963963963964,0.8018018018018019,0.936936936936937,0.9459459459459459,0.5495495495495496,,
2026-06-20 00:00:00+00:00,0.8558558558558559,0.2522522522522523,,,,,0.18918918918918917,,0.4144144144144144,0.5765765765765766,0.02702702702702703,0.3963963963963964,,0.16216216216216217,,0.37837837837837834,0.5405405405405405,0.44144144144144143,,,0.08108108108108109,,,,0.6486486486486487,0.32432432432432434,0.34234234234234234,0.40540540540540543,,0.8198198198198199,0.6486486486486486,,0.7387387387387387,,,0.3153153153153153,,0.5945945945945946,0.4684684684684685,,,,,,0.6486486486486486,,0.45045045045045046,,,,,,0.7477477477477478,,,0.6486486486486487,0.7837837837837838,,0.4774774774774775,,,,,0.4594594594594595,,0.7657657657657658,,,0.15315315315315317,,,,,0.5855855855855857,,0.9279279279279279,0.6396396396396397,0.8378378378378378,0.7657657657657658,0.48648648648648657,,
2026-06-21 00:00:00+00:00,0.891891891891892,0.26126126126126126,,,,,0.18918918918918917,,0.40540540540540543,0.5855855855855855,0.0900900900900901,0.9459459459459459,,0.16216216216216217,,0.4594594594594595,0.5675675675675677,0.4954954954954955,,,0.05405405405405406,,,,0.6036036036036035,0.24324324324324328,0.30630630630630634,0.37837837837837834,,0.7117117117117119,0.7117117117117117,,0.5405405405405406,,,0.6396396396396397,,0.5945945945945946,0.41441441441441446,,,,,,0.5855855855855856,,0.6036036036036037,,,,,,0.7387387387387387,,,0.5225225225225225,0.5945945945945946,,0.4144144144144144,,,,,0.2702702702702703,,0.8198198198198199,,,0.0990990990990991,,,,,0.5315315315315315,,0.8738738738738738,0.5765765765765766,0.9099099099099099,0.6936936936936937,0.5135135135135135,,
2026-06-22 00:00:00+00:00,0.8828828828828829,0.13513513513513514,,,,,0.36936936936936937,,0.40540540540540543,0.5405405405405405,0.12612612612612614,0.9189189189189189,,0.1801801801801802,,0.49549549549549554,0.5495495495495496,0.3963963963963964,,,0.0990990990990991,,,,0.6396396396396397,0.1981981981981982,0.22522522522522523,0.5315315315315315,,0.6666666666666666,0.6576576576576577,,0.6846846846846847,,,0.40540540540540543,,0.4774774774774775,0.44144144144144143,,,,,,0.43243243243243246,,0.6216216216216216,,,,,,0.7567567567567567,,,0.5405405405405405,0.7657657657657658,,0.3963963963963964,,,,,0.2792792792792793,,0.7927927927927928,,,0.06306306306306307,,,,,0.6126126126126127,,0.936936936936937,0.6396396396396397,0.9459459459459459,0.8108108108108109,0.37837837837837834,,
2026-06-23 00:00:00+00:00,0.8738738738738738,0.11711711711711713,,,,,0.4594594594594595,,0.5405405405405405,0.5495495495495496,0.13513513513513514,0.954954954954955,,0.18918918918918917,,0.5765765765765766,0.5315315315315315,0.4594594594594595,,,0.08108108108108109,,,,0.6306306306306306,0.1711711711711712,0.10810810810810811,0.7027027027027026,,0.4954954954954955,0.6036036036036037,,0.6666666666666666,,,0.31531531531531537,,0.4774774774774775,0.5675675675675675,,,,,,0.4234234234234234,,0.6396396396396397,,,,,,0.5765765765765766,,,0.5855855855855856,0.7567567567567567,,0.3873873873873874,,,,,0.26126126126126126,,0.7387387387387387,,,0.11711711711711713,,,,,0.8018018018018017,,0.8828828828828831,0.6936936936936937,0.918918918918919,0.7657657657657658,0.24324324324324328,,
2026-06-24 00:00:00+00:00,0.8288288288288289,0.13513513513513514,,,,,0.5225225225225225,,0.45045045045045046,0.4234234234234234,0.48648648648648657,0.9099099099099099,,0.31531531531531537,,0.6216216216216216,0.4594594594594595,0.4684684684684684,,,0.11711711711711713,,,,0.5945945945945946,0.0900900900900901,0.06306306306306307,0.963963963963964,,0.5315315315315315,0.5675675675675675,,0.7927927927927928,,,0.30630630630630634,,0.5945945945945946,0.7117117117117117,,,,,,0.3603603603603604,,0.30630630630630634,,,,,,0.5225225225225225,,,0.6756756756756758,0.7837837837837838,,0.23423423423423428,,,,,0.2702702702702703,,0.7117117117117117,,,0.0900900900900901,,,,,0.7927927927927928,,0.7117117117117117,0.6576576576576576,0.8198198198198199,0.7927927927927927,0.31531531531531537,,
2026-06-25 00:00:00+00:00,0.963963963963964,0.21621621621621623,,,,,0.5495495495495496,,0.2882882882882883,0.36936936936936937,0.6396396396396397,0.8918918918918918,,0.3873873873873874,,0.5315315315315315,0.4234234234234235,0.3423423423423424,,,0.16216216216216217,,,,0.4774774774774775,0.10810810810810811,0.14414414414414414,0.963963963963964,,0.5855855855855856,0.5495495495495496,,0.7387387387387387,,,0.21621621621621623,,0.5045045045045046,0.7027027027027026,,,,,,0.40540540540540543,,0.3153153153153153,,,,,,0.7027027027027026,,,0.8378378378378378,0.7477477477477478,,0.0990990990990991,,,,,0.1801801801801802,,0.7207207207207208,,,0.1801801801801802,,,,,0.7387387387387387,,0.7927927927927928,0.5765765765765766,0.8558558558558559,0.7387387387387389,0.3513513513513513,,
2026-06-26 00:00:00+00:00,0.9729729729729729,0.23423423423423426,,,,,0.37837837837837834,,0.15315315315315317,0.3603603603603604,0.6216216216216217,0.9099099099099099,,0.5855855855855855,,0.6126126126126126,0.34234234234234234,0.3513513513513513,,,0.1711711711711712,,,,0.43243243243243246,0.14414414414414414,0.0990990990990991,0.954954954954955,,0.6486486486486486,0.5225225225225225,,0.6936936936936937,,,0.2522522522522523,,0.48648648648648646,0.7477477477477478,,,,,,0.3603603603603604,,0.5135135135135135,,,,,,0.5765765765765766,,,0.8288288288288289,0.8108108108108109,,0.08108108108108109,,,,,0.18918918918918917,,0.7567567567567567,,,0.3873873873873874,,,,,0.7117117117117117,,0.7837837837837838,0.44144144144144143,0.8198198198198199,0.7117117117117117,0.3513513513513513,,
2026-06-27 00:00:00+00:00,0.990990990990991,0.30630630630630634,,,,,0.37837837837837834,,0.16216216216216217,0.27927927927927926,0.7387387387387387,0.8648648648648649,,0.6036036036036037,,0.6306306306306307,0.48648648648648657,0.2972972972972973,,,0.11711711711711713,,,,0.49549549549549554,0.14414414414414414,0.0900900900900901,0.954954954954955,,0.6666666666666666,0.44144144144144143,,0.6396396396396397,,,0.3333333333333333,,0.3333333333333333,0.6936936936936937,,,,,,0.39639639639639634,,0.4774774774774775,,,,,,0.48648648648648646,,,0.8468468468468467,0.6666666666666666,,0.07207207207207207,,,,,0.12612612612612614,,0.8558558558558559,,,0.48648648648648646,,,,,0.6396396396396397,,0.8468468468468467,0.7027027027027027,0.7477477477477478,0.6666666666666666,0.3333333333333333,,
2026-06-28 00:00:00+00:00,0.990990990990991,0.2882882882882883,,,,,0.27927927927927926,,0.1801801801801802,0.3333333333333333,0.7027027027027026,0.6486486486486487,,0.6126126126126127,,0.6126126126126127,0.45945945945945943,0.2972972972972973,,,0.16216216216216217,,,,0.5585585585585585,0.10810810810810811,0.036036036036036036,0.963963963963964,,0.6936936936936937,0.4594594594594595,,0.6126126126126126,,,0.1981981981981982,,0.3423423423423424,0.5855855855855856,,,,,,0.45045045045045046,,0.5225225225225226,,,,,,0.6216216216216216,,,0.7567567567567567,0.7837837837837838,,0.0990990990990991,,,,,0.12612612612612614,,0.7927927927927928,,,0.4414414414414414,,,,,0.7297297297297298,,0.9099099099099099,0.8738738738738739,0.7747747747747749,0.6756756756756758,0.31531531531531537,,
2026-06-29 00:00:00+00:00,0.990990990990991,0.2972972972972973,,,,,0.22522522522522523,,0.2882882882882883,0.3693693693693694,0.7207207207207208,0.8018018018018019,,0.5855855855855857,,0.5675675675675675,0.4774774774774775,0.2702702702702703,,,0.21621621621621623,,,,0.6306306306306306,0.08108108108108109,0.06306306306306307,0.9279279279279279,,0.6936936936936937,0.44144144144144143,,0.5585585585585585,,,0.2522522522522523,,0.0990990990990991,0.6396396396396397,,,,,,0.45045045045045046,,0.5315315315315315,,,,,,0.6306306306306306,,,0.7837837837837839,0.8738738738738739,,0.0900900900900901,,,,,0.11711711711711713,,0.8018018018018017,,,0.46846846846846857,,,,,0.7207207207207208,,0.8828828828828829,0.918918918918919,0.7207207207207208,0.4684684684684685,0.3423423423423424,,
2026-06-30 00:00:00+00:00,0.990990990990991,0.30630630630630634,,,,,0.22522522522522523,,0.41441441441441446,0.2882882882882883,0.7207207207207208,0.7387387387387389,,0.6126126126126126,,0.2972972972972973,0.5225225225225225,0.27027027027027023,,,0.4594594594594595,,,,0.5945945945945946,0.07207207207207207,0.08108108108108109,0.936936936936937,,0.7387387387387387,0.5135135135135135,,0.6216216216216216,,,0.2792792792792793,,0.06306306306306307,0.7207207207207208,,,,,,0.41441441441441446,,0.5495495495495496,,,,,,0.6216216216216216,,,0.7477477477477478,0.9459459459459459,,0.06306306306306307,,,,,0.1801801801801802,,0.846846846846847,,,0.5495495495495496,,,,,0.5675675675675675,,0.8108108108108109,0.9099099099099099,0.6126126126126127,0.44144144144144143,0.2702702702702703,,
2026-07-01 00:00:00+00:00,0.9658119658119659,0.37606837606837606,,0.23931623931623933,,,0.23076923076923075,,0.5213675213675214,,0.717948717948718,,,0.7094017094017094,,0.24786324786324787,0.4102564102564103,0.22222222222222224,,,0.35042735042735046,,,,0.47863247863247865,0.08547008547008546,0.10256410256410257,0.9572649572649573,,0.6837606837606837,0.4871794871794872,,0.5555555555555555,,,0.25641025641025644,,0.04273504273504273,0.6837606837606837,,0.6923076923076922,,0.905982905982906,,0.36752136752136755,,0.5897435897435898,,,,,,0.5811965811965812,,,0.6923076923076924,0.9487179487179486,,0.06837606837606837,,,,,0.18803418803418803,,0.888888888888889,,,0.5555555555555555,,,0.7350427350427351,,0.4615384615384615,,0.6239316239316239,0.8547008547008547,0.6153846153846154,0.6495726495726496,0.2564102564102564,,
2026-07-02 00:00:00+00:00,0.8803418803418803,0.5982905982905983,,0.20512820512820515,,,0.2051282051282051,,0.4615384615384616,,0.6666666666666666,,,0.7948717948717948,,0.26495726495726496,0.5384615384615384,0.3675213675213675,,,0.19658119658119658,,,,0.8034188034188036,0.08547008547008549,0.10256410256410257,0.7606837606837606,,0.7008547008547009,0.5641025641025641,,0.6153846153846154,,,0.3333333333333333,,0.1111111111111111,0.547008547008547,,0.5384615384615384,,0.9145299145299145,,0.48717948717948717,,0.6837606837606837,,,,,,0.47863247863247865,,,0.3846153846153846,0.888888888888889,,0.05128205128205129,,,,,0.23931623931623933,,0.9572649572649573,,,0.6923076923076922,,,0.6495726495726496,,0.4188034188034188,,0.5128205128205128,0.8717948717948718,0.36752136752136755,0.717948717948718,0.34188034188034194,,
2026-07-03 00:00:00+00:00,0.8034188034188033,0.6495726495726496,,0.2905982905982906,,,0.34188034188034183,,0.4188034188034188,,0.6923076923076924,,,0.8034188034188033,,0.2820512820512821,0.547008547008547,0.5641025641025641,,,0.15384615384615383,,,,0.5897435897435898,0.1111111111111111,0.11965811965811964,0.5213675213675214,,0.5299145299145299,0.7606837606837606,,0.6410256410256411,,,0.27350427350427353,,0.025641025641025644,0.39316239316239315,,0.4188034188034188,,0.7350427350427351,,0.6923076923076924,,0.7350427350427351,,,,,,0.4188034188034188,,,0.34188034188034183,0.8632478632478633,,0.26495726495726496,,,,,0.20512820512820515,,0.9743589743589745,,,0.7435897435897436,,,0.5555555555555555,,0.37606837606837606,,0.8119658119658121,0.8717948717948718,0.3846153846153846,0.5982905982905983,0.49572649572649574,,
2026-07-04 00:00:00+00:00,0.6581196581196581,0.8034188034188036,,0.35042735042735046,,,0.40170940170940167,,0.4102564102564103,,0.5641025641025641,,,0.8290598290598291,,0.3076923076923077,0.888888888888889,0.547008547008547,,,0.13675213675213674,,,,0.5641025641025641,0.18803418803418803,0.1623931623931624,0.40170940170940167,,0.2905982905982906,0.7606837606837606,,0.5641025641025642,,,0.4188034188034188,,0.17948717948717952,0.25641025641025644,,0.23931623931623933,,0.547008547008547,,0.6495726495726495,,0.6752136752136751,,,,,,0.36752136752136755,,,0.42735042735042733,0.6495726495726496,,0.5982905982905984,,,,,0.28205128205128205,,0.982905982905983,,,0.7521367521367521,,,0.6666666666666666,,0.4188034188034188,,0.7179487179487181,0.8632478632478633,0.21367521367521367,0.6324786324786325,0.6324786324786325,,
2026-07-05 00:00:00+00:00,0.6581196581196581,0.9401709401709403,,0.3162393162393162,,,0.3675213675213675,,0.38461538461538464,,0.5811965811965812,,,0.8205128205128206,,0.3333333333333333,0.8034188034188036,0.547008547008547,,,0.08547008547008549,,,,0.6153846153846154,0.21367521367521367,0.2905982905982906,0.36752136752136755,,0.36752136752136755,0.7521367521367521,,0.547008547008547,,,0.23931623931623927,,0.37606837606837606,0.28205128205128205,,0.2905982905982906,,0.5641025641025642,,0.6581196581196581,,0.6068376068376068,,,,,,0.3076923076923077,,,0.5299145299145299,0.641025641025641,,0.5555555555555556,,,,,0.2905982905982906,,0.9743589743589743,,,0.7692307692307692,,,0.6239316239316239,,0.39316239316239315,,0.7606837606837606,0.6581196581196581,0.15384615384615383,0.6666666666666666,0.6666666666666666,,
2026-07-06 00:00:00+00:00,0.6752136752136751,0.9572649572649573,,0.36752136752136755,,,0.358974358974359,,0.4102564102564103,,0.5982905982905983,,,0.923076923076923,,0.547008547008547,0.8290598290598291,0.564102564102564,,,0.1623931623931624,,,,0.5726495726495726,0.2564102564102564,0.25641025641025644,0.3076923076923077,,0.4017094017094018,0.8547008547008547,,0.717948717948718,,,0.10256410256410257,,0.2905982905982906,0.26495726495726496,,0.2905982905982906,,0.5128205128205128,,0.7606837606837606,,0.6068376068376068,,,,,,0.3247863247863248,,,0.6495726495726495,0.34188034188034183,,0.547008547008547,,,,,0.29914529914529914,,0.905982905982906,,,0.7350427350427351,,,0.6752136752136751,,0.49572649572649574,,0.6581196581196581,0.6239316239316239,0.06837606837606837,0.46153846153846145,0.6239316239316239,,
2026-07-07 00:00:00+00:00,0.7521367521367521,0.9145299145299145,,0.34188034188034183,,,0.4102564102564103,,0.35042735042735046,,0.5897435897435898,,,0.8717948717948718,,0.49572649572649574,0.34188034188034183,0.6752136752136751,,,0.09401709401709402,,,,0.6495726495726495,0.21367521367521367,0.34188034188034183,0.29914529914529914,,0.36752136752136755,0.8632478632478633,,0.7350427350427351,,,0.11111111111111112,,0.17094017094017097,0.2905982905982906,,0.3247863247863248,,0.7094017094017094,,0.7435897435897436,,0.6239316239316239,,,,,,0.547008547008547,,,0.7435897435897436,0.5384615384615384,,0.547008547008547,,,,,0.23931623931623933,,0.8803418803418803,,,0.6324786324786326,,,0.5042735042735043,,0.48717948717948717,,0.7350427350427351,0.5213675213675214,0.1794871794871795,0.5042735042735043,0.6581196581196581,,
2026-07-08 00:00:00+00:00,0.7777777777777777,0.8803418803418803,,0.23076923076923075,,,0.47863247863247865,,0.2735042735042735,,0.5213675213675214,,,0.888888888888889,,0.47863247863247865,0.3162393162393162,0.717948717948718,,,0.10256410256410257,,,,0.6153846153846154,0.20512820512820515,0.23076923076923075,0.20512820512820515,,0.39316239316239315,0.9145299145299145,,0.5726495726495727,,,0.13675213675213674,,0.1623931623931624,0.4358974358974359,,0.42735042735042733,,0.6068376068376068,,0.7435897435897436,,0.7521367521367521,,,,,,0.564102564102564,,,0.6324786324786325,0.5982905982905983,,0.5726495726495727,,,,,0.3247863247863248,,0.8888888888888888,,,0.5811965811965812,,,0.6239316239316239,,0.794871794871795,,0.8461538461538461,0.5555555555555555,0.10256410256410257,0.29914529914529914,0.547008547008547,,
2026-07-09 00:00:00+00:00,0.8119658119658121,0.8034188034188033,,0.3333333333333333,,,0.4444444444444445,,0.4188034188034188,,0.40170940170940167,,,0.9487179487179488,,0.5042735042735041,0.2905982905982906,0.7008547008547009,,,0.11111111111111112,,,,0.49572649572649574,0.20512820512820515,0.17094017094017092,0.452991452991453,,0.3846153846153846,0.8974358974358975,,0.6581196581196581,,,0.06837606837606837,,0.10256410256410255,0.5897435897435898,,0.5299145299145299,,0.3846153846153846,,0.6410256410256411,,0.7435897435897436,,,,,,0.39316239316239315,,,0.5726495726495726,0.6752136752136751,,0.6495726495726496,,,,,0.27350427350427353,,0.7863247863247863,,,0.47863247863247854,,,0.8632478632478632,,0.7264957264957266,,0.9487179487179488,0.5042735042735043,0.2564102564102564,0.28205128205128205,0.49572649572649574,,
2026-07-10 00:00:00+00:00,0.7863247863247863,0.6752136752136751,,0.2905982905982906,,,0.49572649572649574,,0.9145299145299145,,0.452991452991453,,,0.9316239316239315,,0.452991452991453,0.2222222222222222,0.8034188034188033,,,0.07692307692307691,,,,0.4615384615384615,0.13675213675213674,0.18803418803418803,0.47008547008547,,0.42735042735042733,0.8461538461538463,,0.6153846153846153,,,0.05982905982905983,,0.18803418803418803,0.7777777777777778,,0.5042735042735043,,0.3162393162393163,,0.5555555555555557,,0.6752136752136751,,,,,,0.35042735042735046,,,0.5641025641025642,0.7435897435897436,,0.6495726495726496,,,,,0.3247863247863248,,0.6923076923076922,,,0.35042735042735046,,,0.888888888888889,,0.8290598290598291,,0.8888888888888888,0.4358974358974359,0.1623931623931624,0.3162393162393162,0.47863247863247854,,
2026-07-11 00:00:00+00:00,0.7350427350427351,0.49572649572649574,,0.35897435897435903,,,0.5213675213675214,,0.9487179487179488,,0.47863247863247865,,,0.9743589743589745,,0.4444444444444444,0.21367521367521367,0.8205128205128206,,,0.08547008547008546,,,,0.452991452991453,0.12820512820512822,0.4273504273504274,0.47008547008547,,0.3333333333333333,0.8803418803418803,,0.6495726495726496,,,0.07692307692307693,,0.2051282051282051,0.6495726495726496,,0.5042735042735043,,0.21367521367521367,,0.7521367521367521,,0.7692307692307692,,,,,,0.29914529914529914,,,0.48717948717948717,0.5897435897435898,,0.7435897435897436,,,,,0.4188034188034188,,0.6410256410256411,,,0.47008547008547,,,0.641025641025641,,0.8119658119658121,,0.9401709401709403,0.2905982905982906,0.13675213675213677,0.47008547008547,0.47008547008547,,
2026-07-12 00:00:00+00:00,0.7777777777777777,0.47863247863247865,,0.2820512820512821,,,0.6324786324786325,,0.9487179487179488,,0.42735042735042733,,,0.94017094017094,,0.5128205128205129,0.19658119658119658,0.7948717948717948,,,0.2051282051282051,,,,0.4444444444444445,0.1452991452991453,0.4102564102564102,0.4871794871794872,,0.24786324786324787,0.8547008547008547,,0.6324786324786325,,,0.06837606837606837,,0.10256410256410257,0.6153846153846154,,0.5299145299145299,,0.35897435897435903,,0.7008547008547009,,0.735042735042735,,,,,,0.3247863247863248,,,0.5128205128205128,0.5811965811965812,,0.6837606837606837,,,,,0.3076923076923077,,0.6581196581196581,,,0.5128205128205129,,,0.7777777777777777,,0.8290598290598291,,0.9572649572649573,0.19658119658119658,0.3076923076923077,0.4188034188034188,0.4017094017094018,,
2026-07-13 00:00:00+00:00,0.7863247863247863,0.4444444444444444,,0.23931623931623933,,,0.49572649572649574,,0.9316239316239315,,0.37606837606837606,,,0.8632478632478632,,0.4444444444444444,0.17948717948717952,0.7606837606837606,,,0.1623931623931624,,,,0.5042735042735044,0.1623931623931624,0.3931623931623931,0.5299145299145299,,0.2222222222222222,0.8888888888888888,,0.7008547008547009,,,0.09401709401709402,,0.09401709401709402,0.5726495726495727,,0.6324786324786325,,0.42735042735042733,,0.7435897435897436,,0.5726495726495727,,,,,,0.39316239316239315,,,0.4102564102564103,0.7008547008547009,,0.7350427350427351,,,,,0.2735042735042735,,0.6666666666666666,,,0.641025641025641,,,0.7008547008547009,,0.8290598290598291,,0.9572649572649573,0.15384615384615385,0.452991452991453,0.5213675213675214,0.34188034188034183,,
2026-07-14 00:00:00+00:00,0.8376068376068376,0.4615384615384615,,0.4358974358974359,,,0.40170940170940167,,0.9145299145299145,,0.4358974358974359,,,0.8974358974358975,,0.47008547008547014,0.15384615384615383,0.6495726495726496,,,0.11111111111111112,,,,0.6837606837606839,0.17094017094017092,0.36752136752136755,0.5128205128205128,,0.40170940170940167,0.8717948717948718,,0.5299145299145299,,,0.11965811965811964,,0.10256410256410257,0.4188034188034188,,0.5299145299145299,,0.48717948717948717,,0.7606837606837606,,0.5982905982905983,,,,,,0.5128205128205128,,,0.3333333333333333,0.641025641025641,,0.8034188034188033,,,,,0.1623931623931624,,0.5299145299145299,,,0.6068376068376068,,,0.7948717948717948,,0.717948717948718,,0.9743589743589743,0.24786324786324787,0.47008547008547,0.5641025641025641,0.3162393162393162,,
2026-07-15 00:00:00+00:00,0.8376068376068376,0.42735042735042733,,0.3247863247863248,,,0.38461538461538464,,0.8974358974358975,,0.5128205128205128,,,0.7350427350427351,,0.5384615384615384,0.15384615384615383,0.7521367521367521,,,0.13675213675213674,,,,0.7692307692307693,0.35042735042735046,0.3247863247863248,0.3162393162393162,,0.5299145299145299,0.9487179487179488,,0.6837606837606839,,,0.05128205128205129,,0.1111111111111111,0.4188034188034188,,0.6153846153846154,,0.39316239316239315,,0.8974358974358974,,0.7692307692307692,,,,,,0.5384615384615384,,,0.4188034188034188,0.47863247863247865,,0.6837606837606837,,,,,0.1282051282051282,,0.5213675213675214,,,0.6666666666666666,,,0.7777777777777778,,0.5042735042735043,,0.9658119658119658,0.20512820512820515,0.4188034188034188,0.37606837606837606,0.4358974358974359,,
2026-07-16 00:00:00+00:00,0.8547008547008547,0.452991452991453,,0.3247863247863248,,,0.452991452991453,,0.8632478632478632,,0.5042735042735043,,,0.4444444444444444,,0.5897435897435898,0.1111111111111111,0.7863247863247863,,,0.15384615384615385,,,,0.5726495726495727,0.36752136752136755,0.3333333333333333,0.3162393162393163,,0.49572649572649574,0.9658119658119659,,0.7094017094017094,,,0.10256410256410257,,0.1452991452991453,0.24786324786324787,,0.6666666666666666,,0.26495726495726496,,0.9316239316239315,,0.6923076923076922,,,,,,0.6923076923076924,,,0.547008547008547,0.6324786324786325,,0.7692307692307693,,,,,0.17094017094017097,,0.48717948717948717,,,0.6666666666666666,,,0.7521367521367521,,0.5384615384615384,,0.9401709401709403,0.23076923076923075,0.3846153846153846,0.37606837606837606,0.4615384615384615,,
2026-07-17 00:00:00+00:00,0.7863247863247863,0.4871794871794872,,0.2735042735042735,,,0.4188034188034188,,0.8717948717948718,,0.4615384615384615,,,0.5384615384615384,,0.6239316239316239,0.09401709401709402,0.7606837606837606,,,0.26495726495726496,,,,0.7863247863247862,0.3162393162393162,0.5897435897435898,0.4871794871794872,,0.4273504273504274,0.9572649572649573,,0.49572649572649574,,,0.24786324786324787,,0.13675213675213674,0.19658119658119658,,0.6239316239316239,,0.17948717948717952,,0.905982905982906,,0.7948717948717948,,,,,,0.5897435897435898,,,0.40170940170940167,0.6410256410256411,,0.7863247863247863,,,,,0.11965811965811966,,0.40170940170940167,,,0.641025641025641,,,0.6666666666666666,,0.6068376068376068,,0.9316239316239315,0.25641025641025644,0.39316239316239315,0.4017094017094018,0.4358974358974359,,
2026-07-18 00:00:00+00:00,0.7008547008547009,0.6239316239316239,,0.3076923076923077,,,0.5726495726495727,,0.8205128205128206,,0.5726495726495727,,,0.47008547008547,,0.5213675213675214,0.06837606837606837,0.7350427350427351,,,0.11111111111111112,,,,0.8290598290598291,0.26495726495726496,0.36752136752136755,0.658119658119658,,0.5982905982905983,0.94017094017094,,0.40170940170940167,,,0.2222222222222222,,0.09401709401709402,0.282051282051282,,0.7863247863247863,,0.26495726495726496,,0.905982905982906,,0.7863247863247863,,,,,,0.5555555555555556,,,0.23076923076923075,0.8803418803418803,,0.6324786324786325,,,,,0.10256410256410255,,0.4444444444444445,,,0.6239316239316239,,,0.5042735042735043,,0.5384615384615384,,0.9658119658119658,0.4615384615384615,0.4188034188034188,0.3333333333333333,0.4017094017094018,,
2026-07-19 00:00:00+00:00,0.6666666666666666,0.5213675213675213,,0.37606837606837606,,,0.452991452991453,,0.6239316239316239,,0.6324786324786325,,,0.47008547008547,,0.6153846153846154,0.04273504273504273,0.8290598290598291,,,0.05982905982905983,,,,0.6666666666666666,0.3162393162393162,0.36752136752136755,0.5811965811965812,,0.5982905982905983,0.94017094017094,,0.358974358974359,,,0.26495726495726496,,0.18803418803418803,0.4273504273504274,,0.7863247863247863,,0.2222222222222222,,0.8974358974358975,,0.9572649572649573,,,,,,0.6068376068376068,,,0.2136752136752137,0.8547008547008548,,0.7094017094017094,,,,,0.1282051282051282,,0.5641025641025641,,,0.7179487179487181,,,0.35042735042735046,,0.5982905982905983,,0.7863247863247863,0.47863247863247865,0.2735042735042735,0.4188034188034188,0.4358974358974359,,
2026-07-20 00:00:00+00:00,0.6666666666666666,0.5982905982905983,,0.358974358974359,,,0.4358974358974359,,0.6837606837606837,,0.6837606837606837,,,0.3333333333333333,,0.5384615384615384,0.05128205128205129,0.8034188034188033,,,0.05128205128205127,,,,0.6923076923076922,0.34188034188034194,0.29914529914529914,0.5213675213675214,,0.5641025641025641,0.9487179487179486,,0.20512820512820515,,,0.26495726495726496,,0.19658119658119655,0.4188034188034188,,0.8205128205128206,,0.3247863247863248,,0.905982905982906,,0.9145299145299145,,,,,,0.5555555555555556,,,0.23076923076923075,0.6752136752136751,,0.735042735042735,,,,,0.24786324786324787,,0.6666666666666666,,,0.7863247863247863,,,0.4102564102564103,,0.5555555555555555,,0.8119658119658121,0.5299145299145299,0.18803418803418803,0.452991452991453,0.5299145299145299,,
2026-07-21 00:00:00+00:00,0.5897435897435898,0.6153846153846153,,0.2905982905982906,,,0.5213675213675214,,0.6923076923076924,,0.5897435897435898,,,0.36752136752136755,,0.47008547008547,0.11965811965811966,0.7948717948717948,,,0.034188034188034185,,,,0.5811965811965812,0.26495726495726496,0.23076923076923075,0.5299145299145299,,0.43589743589743585,0.9145299145299145,,0.2564102564102564,,,0.20512820512820515,,0.17948717948717952,0.5726495726495726,,0.8547008547008548,,0.282051282051282,,0.94017094017094,,0.9316239316239315,,,,,,0.5384615384615384,,,0.17094017094017092,0.6666666666666666,,0.7606837606837606,,,,,0.4444444444444444,,0.6581196581196581,,,0.8376068376068376,,,0.37606837606837606,,0.6410256410256411,,0.8632478632478633,0.37606837606837606,0.30769230769230765,0.4615384615384615,0.6324786324786325,,
2026-07-22 00:00:00+00:00,0.7008547008547009,0.7264957264957265,,0.4102564102564102,,,0.30769230769230765,,0.6239316239316239,,0.4871794871794872,,,0.39316239316239315,,0.37606837606837606,0.05128205128205129,0.8547008547008547,,,0.04273504273504273,,,,0.5042735042735043,0.3162393162393162,0.42735042735042733,0.452991452991453,,0.3846153846153846,0.8632478632478633,,0.4188034188034188,,,0.26495726495726496,,0.4444444444444445,0.5726495726495727,,0.7692307692307692,,0.3247863247863248,,0.9572649572649573,,0.8717948717948718,,,,,,0.3076923076923077,,,0.2735042735042735,0.7264957264957266,,0.7008547008547009,,,,,0.35042735042735046,,0.5641025641025641,,,0.7863247863247863,,,0.30769230769230765,,0.6068376068376068,,0.8803418803418803,0.3247863247863248,0.23931623931623933,0.6068376068376069,0.7777777777777778,,
2026-07-23 00:00:00+00:00,0.7948717948717948,0.7863247863247863,,0.358974358974359,,,0.43589743589743585,,0.8034188034188033,,0.5897435897435898,,,0.4444444444444445,,0.3247863247863248,0.07692307692307691,0.8034188034188036,,,0.034188034188034185,,,,0.5555555555555555,0.29059829059829057,0.34188034188034183,0.49572649572649574,,0.34188034188034183,0.8290598290598291,,0.34188034188034194,,,0.32478632478632474,,0.6324786324786325,0.5042735042735043,,0.6495726495726495,,0.48717948717948717,,0.8632478632478633,,0.905982905982906,,,,,,0.20512820512820515,,,0.24786324786324787,0.5299145299145299,,0.7606837606837606,,,,,0.30769230769230765,,0.6153846153846154,,,0.8034188034188036,,,0.19658119658119658,,0.5982905982905983,,0.9572649572649573,0.35042735042735046,0.19658119658119663,0.452991452991453,0.7606837606837606,,
2026-07-24 00:00:00+00:00,0.8461538461538461,0.7777777777777777,,0.42735042735042733,,,0.5384615384615384,,0.5641025641025641,,0.35042735042735035,,,0.37606837606837606,,0.5042735042735043,0.07692307692307691,0.7948717948717948,,,0.034188034188034185,,,,0.5384615384615384,0.13675213675213674,0.2905982905982906,0.37606837606837606,,0.358974358974359,0.8034188034188036,,0.23931623931623933,,,0.19658119658119658,,0.6581196581196581,0.47008547008547,,0.8547008547008548,,0.6837606837606837,,0.8717948717948718,,0.9658119658119658,,,,,,0.42735042735042733,,,0.1794871794871795,0.6581196581196581,,0.7435897435897436,,,,,0.34188034188034183,,0.5982905982905983,,,0.7264957264957265,,,0.18803418803418803,,0.6495726495726496,,0.9572649572649573,0.2735042735042735,0.40170940170940167,0.4188034188034188,0.7008547008547009,,
2026-07-25 00:00:00+00:00,0.7777777777777778,0.6752136752136751,,0.735042735042735,,,0.4102564102564103,,0.3846153846153846,,0.4102564102564103,,,0.4358974358974359,,0.5641025641025641,0.23076923076923073,0.7692307692307692,,,0.034188034188034185,,,,0.5042735042735043,0.18803418803418803,0.23076923076923075,0.49572649572649574,,0.1111111111111111,0.8803418803418804,,0.23931623931623933,,,0.20512820512820515,,0.7094017094017094,0.4444444444444445,,0.8290598290598291,,0.6752136752136751,,0.8974358974358975,,0.9487179487179488,,,,,,0.39316239316239315,,,0.25641025641025644,0.6837606837606837,,0.6410256410256411,,,,,0.47008547008547,,0.5897435897435898,,,0.5128205128205128,,,0.1794871794871795,,0.8034188034188033,,0.9572649572649573,0.40170940170940167,0.24786324786324787,0.4188034188034188,0.6581196581196581,,
2026-07-26 00:00:00+00:00,0.5897435897435898,0.641025641025641,,0.5982905982905983,,,0.5384615384615384,,0.3333333333333333,,0.7948717948717948,,,0.3076923076923077,,0.5213675213675214,0.38461538461538464,0.7094017094017094,,,0.025641025641025644,,,,0.43589743589743585,0.36752136752136755,0.2564102564102564,0.5128205128205129,,0.16239316239316237,0.888888888888889,,0.358974358974359,,,0.23931623931623927,,0.7094017094017094,0.34188034188034183,,0.717948717948718,,0.547008547008547,,0.8547008547008547,,0.7606837606837606,,,,,,0.26495726495726496,,,0.18803418803418803,0.7777777777777778,,0.7264957264957266,,,,,0.94017094017094,,0.5555555555555555,,,0.36752136752136755,,,0.20512820512820515,,0.7777777777777778,,0.8376068376068376,0.6666666666666666,0.14529914529914528,0.28205128205128205,0.6666666666666666,,
2026-07-27 00:00:00+00:00,0.7435897435897436,0.5213675213675214,,0.6068376068376068,,,0.7435897435897436,,0.29914529914529914,,0.6752136752136751,,,0.4102564102564103,,0.47008547008547,0.3333333333333333,0.7094017094017094,,,0.04273504273504273,,,,0.47008547008547,0.4102564102564103,0.29914529914529914,0.3846153846153846,,0.564102564102564,0.905982905982906,,0.42735042735042733,,,0.22222222222222224,,0.6581196581196581,0.47008547008547014,,0.4273504273504274,,0.29914529914529914,,0.9316239316239315,,0.8205128205128206,,,,,,0.2564102564102564,,,0.23076923076923075,0.7692307692307692,,0.8290598290598291,,,,,0.9572649572649573,,0.4871794871794872,,,0.3076923076923077,,,0.15384615384615383,,0.717948717948718,,0.9401709401709403,0.39316239316239315,0.15384615384615385,0.29914529914529914,0.6581196581196581,,
2026-07-28 00:00:00+00:00,0.8119658119658121,0.5384615384615384,,0.34188034188034194,,,0.6752136752136751,,0.2905982905982906,,0.6068376068376068,,,0.49572649572649574,,0.7094017094017094,0.282051282051282,0.7692307692307692,,,0.04273504273504273,,,,0.6239316239316239,0.45299145299145294,0.2136752136752137,0.48717948717948717,,0.547008547008547,0.9487179487179488,,0.36752136752136755,,,0.1623931623931624,,0.7008547008547009,0.39316239316239315,,0.47863247863247865,,0.2820512820512821,,0.8461538461538461,,0.7863247863247863,,,,,,0.15384615384615385,,,0.18803418803418803,0.7777777777777778,,0.8376068376068376,,,,,0.9487179487179488,,0.5641025641025641,,,0.2905982905982906,,,0.18803418803418803,,0.7435897435897436,,0.923076923076923,0.45299145299145294,0.18803418803418803,0.35042735042735046,0.5384615384615384,,
2026-07-29 00:00:00+00:00,0.8547008547008548,0.6752136752136751,,0.3076923076923077,,,0.5726495726495727,,0.36752136752136755,,0.7264957264957266,,,0.5555555555555556,,0.7435897435897436,0.4615384615384615,0.641025641025641,,,0.09401709401709402,,,,0.7435897435897436,0.47863247863247865,0.1794871794871795,0.5982905982905983,,0.4358974358974359,0.923076923076923,,0.3247863247863248,,,0.1623931623931624,,0.6752136752136751,0.4615384615384615,,0.3162393162393162,,0.2222222222222222,,0.8205128205128206,,0.8547008547008547,,,,,,0.11965811965811966,,,0.24786324786324787,0.5726495726495726,,0.8376068376068376,,,,,0.9145299145299145,,0.5299145299145299,,,0.2735042735042735,,,0.23076923076923075,,0.6324786324786325,,0.9658119658119658,0.4871794871794872,0.1452991452991453,0.39316239316239315,0.452991452991453,,
2026-07-30 00:00:00+00:00,0.8376068376068376,0.7692307692307693,,0.1623931623931624,,,0.32478632478632474,,0.452991452991453,,0.6495726495726496,,,0.6837606837606837,,0.7948717948717948,0.452991452991453,0.7350427350427351,,,0.025641025641025644,,,,0.8290598290598291,0.5299145299145299,0.28205128205128205,0.4444444444444444,,0.48717948717948717,0.8888888888888888,,0.23076923076923075,,,0.09401709401709402,,0.5726495726495726,0.4102564102564103,,0.3846153846153846,,0.35042735042735046,,0.8119658119658121,,0.7863247863247863,,,,,,0.14529914529914528,,,0.3333333333333333,0.4102564102564103,,0.8205128205128206,,,,,0.923076923076923,,0.5213675213675214,,,0.29914529914529914,,,0.20512820512820515,,0.8290598290598291,,0.9914529914529915,0.4188034188034188,0.13675213675213674,0.452991452991453,0.5213675213675214,,
2026-07-31 00:00:00+00:00,0.8717948717948718,0.7863247863247863,,0.3162393162393162,,,0.3162393162393162,,0.3247863247863248,,0.6752136752136751,,,0.717948717948718,,0.94017094017094,0.3846153846153846,0.7777777777777777,,,0.025641025641025644,,,,0.717948717948718,0.5982905982905983,0.24786324786324787,0.25641025641025644,,0.5042735042735043,0.8803418803418803,,0.47008547008547,,,0.08547008547008546,,0.5555555555555556,0.4615384615384615,,0.6495726495726495,,0.17094017094017092,,0.7863247863247862,,0.6581196581196581,,,,,,0.19658119658119658,,,0.2991452991452992,0.3162393162393162,,0.7179487179487181,,,,,0.8717948717948717,,0.5897435897435898,,,0.35042735042735046,,,0.2564102564102564,,0.8034188034188033,,1.0,0.47008547008547014,0.1111111111111111,0.23931623931623927,0.5982905982905983,,
2026-08-01 00:00:00+00:00,0.8157894736842106,0.8157894736842105,,,,,0.1929824561403509,,0.3947368421052631,,0.6666666666666666,,,0.5526315789473685,,0.9385964912280702,0.42105263157894735,0.6578947368421052,,,0.02631578947368421,,,,0.6403508771929824,0.5350877192982456,0.18421052631578946,,,0.48245614035087714,0.8421052631578947,0.7192982456140351,0.5175438596491228,,,0.08771929824561403,,0.6052631578947368,0.46491228070175433,,0.5087719298245613,,0.20175438596491227,,0.7105263157894738,,0.543859649122807,,,,,,0.2456140350877193,,,0.21052631578947367,0.7719298245614036,,0.8245614035087719,,,,,0.8859649122807017,,0.456140350877193,,,0.32456140350877194,,,0.2456140350877193,,0.6666666666666666,,1.0,0.3947368421052632,0.11403508771929823,0.2894736842105263,0.543859649122807,,
2026-08-02 00:00:00+00:00,0.7894736842105262,0.9035087719298246,,,,,0.18421052631578946,,0.5701754385964912,,0.40350877192982454,,,0.6228070175438596,,0.8859649122807017,0.4824561403508772,0.6228070175438597,,,0.02631578947368421,,,,0.6140350877192983,0.4824561403508772,0.5,,,0.3947368421052631,0.8157894736842105,0.7280701754385964,0.47368421052631576,,,0.07894736842105263,,0.7368421052631579,0.2894736842105263,,0.6929824561403509,,0.30701754385964913,,0.6754385964912281,,0.42105263157894735,,,,,,0.2192982456140351,,,0.16666666666666666,0.8070175438596491,,0.8684210526315789,,,,,0.8947368421052632,,0.30701754385964913,,,0.3157894736842105,,,0.3947368421052631,,0.8245614035087718,,1.0,0.09649122807017545,0.11403508771929823,0.25438596491228066,0.5350877192982456,,
2026-08-03 00:00:00+00:00,0.6403508771929824,0.9298245614035087,,,,,0.21929824561403508,,0.6403508771929824,,0.7192982456140351,,,0.6315789473684211,,0.912280701754386,0.5526315789473685,0.5701754385964912,,,0.043859649122807015,,,,0.5614035087719298,0.4824561403508772,0.5614035087719299,,,0.2982456140350877,0.7631578947368421,0.6228070175438597,0.6228070175438597,,,0.05263157894736842,,0.7894736842105264,0.40350877192982454,,0.7719298245614036,,0.21052631578947367,,0.6666666666666666,,0.3333333333333333,,,,,,0.2280701754385965,,,0.17543859649122806,0.6754385964912281,,0.8596491228070176,,,,,0.8157894736842105,,0.3421052631578947,,,0.30701754385964913,,,0.2982456140350877,,0.5964912280701755,,0.9912280701754387,0.10526315789473684,0.20175438596491224,0.28947368421052627,0.6140350877192983,,
2026-08-04 00:00:00+00:00,0.6052631578947368,0.8947368421052632,,,,,0.3421052631578947,,0.6754385964912281,,0.6929824561403509,,,0.5087719298245614,,0.9210526315789473,0.2894736842105263,0.5789473684210527,,,0.08771929824561403,,,,0.4912280701754386,0.47368421052631576,0.7719298245614036,,,0.2631578947368421,0.6315789473684211,0.41228070175438597,0.7017543859649122,,,0.11403508771929825,,0.7456140350877193,0.543859649122807,,0.6578947368421052,,0.14912280701754385,,0.49122807017543857,,0.2807017543859649,,,,,,0.3859649122807018,,,0.368421052631579,0.6228070175438597,,0.7982456140350878,,,,,0.8684210526315791,,0.2631578947368421,,,0.37719298245614036,,,0.5614035087719299,,0.850877192982456,,0.9035087719298245,0.15789473684210523,0.25438596491228066,0.23684210526315788,0.5263157894736842,,
2026-08-05 00:00:00+00:00,0.5,0.9473684210526315,,,,,0.4385964912280702,,0.7368421052631579,,0.7368421052631579,,,0.42105263157894735,,0.8947368421052632,0.3333333333333333,0.6403508771929824,,,0.043859649122807015,,,,0.4824561403508772,0.4298245614035088,0.8333333333333334,,,0.3421052631578947,0.6403508771929824,0.21929824561403508,0.5789473684210527,,,0.15789473684210525,,0.6403508771929824,0.4385964912280702,,0.7543859649122807,,0.22807017543859645,,0.4561403508771929,,0.3859649122807018,,,,,,0.48245614035087714,,,0.30701754385964913,0.7456140350877193,,0.850877192982456,,,,,0.9649122807017544,,0.35964912280701755,,,0.3859649122807018,,,0.4824561403508772,,0.7719298245614036,,0.7894736842105262,0.17543859649122806,0.3333333333333333,0.14035087719298245,0.4298245614035087,,
2026-08-06 00:00:00+00:00,0.41228070175438597,0.9473684210526315,,,,,0.6578947368421053,,0.5350877192982456,,0.7456140350877192,,,0.5526315789473685,,0.9298245614035089,0.35964912280701755,0.7017543859649124,,,0.12280701754385963,,,,0.4824561403508772,0.4298245614035088,0.8245614035087719,,,0.25438596491228066,0.7192982456140351,0.24561403508771928,0.6578947368421052,,,0.14912280701754385,,0.5175438596491228,0.5087719298245613,,0.7368421052631579,,0.14035087719298245,,0.49122807017543857,,0.5614035087719298,,,,,,0.43859649122807015,,,0.23684210526315788,0.7192982456140351,,0.8771929824561404,,,,,0.912280701754386,,0.37719298245614036,,,0.3421052631578947,,,0.5263157894736842,,0.7017543859649122,,0.8070175438596491,0.2192982456140351,0.2982456140350877,0.07894736842105263,0.2807017543859649,,
2026-08-07 00:00:00+00:00,0.41228070175438597,0.9912280701754387,,,,,0.631578947368421,,0.6052631578947368,,0.7368421052631579,,,0.456140350877193,,0.8771929824561404,0.40350877192982454,0.6315789473684211,,,0.2719298245614035,,,,0.850877192982456,0.47368421052631576,0.7894736842105262,,,0.3157894736842105,0.7807017543859649,0.27192982456140347,0.5087719298245614,,,0.3947368421052632,,0.5350877192982457,0.6403508771929824,,0.3508771929824562,,0.18421052631578946,,0.5350877192982456,,0.6491228070175438,,,,,,0.2982456140350877,,,0.2894736842105263,0.6929824561403509,,0.8245614035087719,,,,,0.7807017543859649,,0.2719298245614035,,,0.25438596491228066,,,0.6228070175438596,,0.5701754385964912,,0.6754385964912281,0.35964912280701755,0.2982456140350877,0.06140350877192982,0.20175438596491227,,
2026-08-08 00:00:00+00:00,0.543859649122807,1.0,,,,,0.6052631578947368,,0.6140350877192983,,0.6666666666666666,,,0.6491228070175439,,0.8947368421052632,0.14035087719298245,0.8596491228070176,,,0.21929824561403508,,,,0.8684210526315791,0.5701754385964912,0.7719298245614036,,,0.47368421052631576,0.8947368421052632,0.40350877192982454,0.3333333333333333,,,0.12280701754385964,,0.4385964912280702,0.5614035087719298,,0.28947368421052627,,0.15789473684210523,,0.6842105263157895,,0.7456140350877193,,,,,,0.1929824561403509,,,0.3859649122807017,0.32456140350877194,,0.7982456140350878,,,,,0.7192982456140351,,0.5789473684210527,,,0.3859649122807018,,,0.4385964912280702,,0.6228070175438597,,0.6491228070175439,0.2719298245614035,0.3245614035087719,0.10526315789473684,0.1929824561403509,,
2026-08-09 00:00:00+00:00,0.5964912280701754,0.9912280701754387,,,,,0.7017543859649122,,0.2807017543859649,,0.5263157894736842,,,0.631578947368421,,0.9298245614035087,0.07894736842105263,0.7719298245614036,,,0.3859649122807017,,,,0.9561403508771931,0.5350877192982456,0.6929824561403509,,,0.3421052631578947,0.7982456140350878,0.4473684210526316,0.42105263157894735,,,0.2543859649122807,,0.42105263157894735,0.7280701754385964,,0.18421052631578946,,0.2719298245614035,,0.7017543859649122,,0.7456140350877193,,,,,,0.13157894736842105,,,0.4824561403508772,0.4473684210526316,,0.7456140350877193,,,,,0.46491228070175444,,0.7456140350877193,,,0.5263157894736842,,,0.3245614035087719,,0.5087719298245614,,0.7105263157894738,0.40350877192982454,0.2719298245614035,0.07894736842105263,0.2631578947368421,,
2026-08-10 00:00:00+00:00,0.4473684210526316,0.912280701754386,,,,,0.6578947368421053,,0.2719298245614035,,0.5526315789473685,,,0.5526315789473684,,0.9473684210526315,0.09649122807017545,0.8333333333333334,,,0.35964912280701755,,,,0.9912280701754387,0.368421052631579,0.5701754385964912,,,0.18421052631578946,0.7807017543859649,0.5350877192982456,0.46491228070175433,,,0.17543859649122806,,0.5350877192982456,0.7719298245614036,,0.17543859649122806,,0.5350877192982456,,0.49122807017543857,,0.6578947368421052,,,,,,0.14912280701754385,,,0.456140350877193,0.6578947368421053,,0.6842105263157895,,,,,0.46491228070175444,,0.8333333333333334,,,0.5263157894736842,,,0.21929824561403508,,0.7807017543859649,,0.6929824561403509,0.5526315789473685,0.3421052631578947,0.06140350877192982,0.21052631578947367,,
2026-08-11 00:00:00+00:00,0.2982456140350877,0.8070175438596491,,,,,0.6140350877192983,,0.40350877192982454,,0.5350877192982456,,,0.456140350877193,,0.9298245614035087,0.08771929824561403,0.6754385964912281,,,0.368421052631579,,,,1.0,0.4473684210526316,0.5701754385964912,,,0.1929824561403509,0.6578947368421053,0.41228070175438597,0.4473684210526316,,,0.28947368421052627,,0.41228070175438597,0.8859649122807017,,0.18421052631578946,,0.6052631578947368,,0.6754385964912281,,0.6228070175438596,,,,,,0.16666666666666666,,,0.6578947368421052,0.6491228070175439,,0.7105263157894738,,,,,0.41228070175438597,,0.7894736842105262,,,0.48245614035087714,,,0.25438596491228066,,0.7807017543859649,,0.7807017543859649,0.41228070175438597,0.6315789473684211,0.07017543859649122,0.12280701754385964,,
2026-08-12 00:00:00+00:00,0.2894736842105263,0.7456140350877193,,,,,0.5263157894736842,,0.40350877192982454,,0.40350877192982454,,,0.42105263157894735,,0.9561403508771931,0.05263157894736842,0.5614035087719298,,,0.21929824561403508,,,,1.0,0.6929824561403509,0.40350877192982454,,,0.21052631578947367,0.6228070175438597,0.5175438596491228,0.5,,,0.1929824561403509,,0.3333333333333333,0.8596491228070176,,0.4824561403508772,,0.7192982456140351,,0.8771929824561404,,0.6666666666666666,,,,,,0.2807017543859649,,,0.587719298245614,0.6842105263157894,,0.6140350877192983,,,,,0.46491228070175444,,0.7982456140350878,,,0.5,,,0.13157894736842105,,0.912280701754386,,0.5263157894736842,0.42105263157894735,0.5964912280701755,0.13157894736842105,0.1929824561403509,,
2026-08-13 00:00:00+00:00,0.4385964912280702,0.7631578947368421,,,,,0.456140350877193,,0.17543859649122806,,0.47368421052631576,,,0.5263157894736842,,0.9561403508771931,0.043859649122807015,0.6140350877192983,,,0.24561403508771928,,,,1.0,0.6228070175438596,0.41228070175438597,,,0.2280701754385965,0.631578947368421,0.6052631578947368,0.3947368421052632,,,0.12280701754385964,,0.37719298245614036,0.7982456140350876,,0.6052631578947368,,0.6754385964912281,,0.8947368421052632,,0.6491228070175439,,,,,,0.49122807017543857,,,0.41228070175438597,0.763157894736842,,0.4385964912280702,,,,,0.47368421052631576,,0.7982456140350878,,,0.5877192982456141,,,0.12280701754385964,,0.956140350877193,,0.3333333333333333,0.3421052631578947,0.6578947368421052,0.20175438596491227,0.21052631578947367,,
2026-08-14 00:00:00+00:00,0.40350877192982454,0.6228070175438597,,,,,0.3947368421052631,,0.3333333333333333,,0.6491228070175439,,,0.24561403508771928,,0.8859649122807017,0.07894736842105263,0.46491228070175444,,,0.2807017543859649,,,,1.0,0.6052631578947368,0.4298245614035088,,,0.17543859649122806,0.6228070175438597,0.8684210526315791,0.3508771929824561,,,0.18421052631578946,,0.3333333333333333,0.7894736842105262,,0.4824561403508772,,0.7807017543859649,,0.8771929824561404,,0.5614035087719298,,,,,,0.4298245614035088,,,0.5964912280701754,0.7807017543859649,,0.46491228070175444,,,,,0.5526315789473685,,0.7631578947368421,,,0.5614035087719299,,,0.15789473684210525,,0.9385964912280702,,0.2456140350877193,0.40350877192982454,0.7192982456140351,0.25438596491228066,0.21052631578947367,,
2026-08-15 00:00:00+00:00,0.3859649122807018,0.5964912280701754,,,,,0.27192982456140347,,0.24561403508771928,,0.7017543859649122,,,0.2807017543859649,,0.8947368421052632,0.2807017543859649,0.4473684210526316,,,0.3421052631578947,,,,0.956140350877193,0.6140350877192983,0.3859649122807018,,,0.17543859649122806,0.6666666666666666,0.8421052631578947,0.40350877192982454,,,0.2192982456140351,,0.3947368421052631,0.8771929824561404,,0.2894736842105263,,0.8157894736842105,,0.9473684210526315,,0.4385964912280702,,,,,,0.4561403508771929,,,0.5263157894736842,0.587719298245614,,0.47368421052631576,,,,,0.6666666666666666,,0.7719298245614036,,,0.5350877192982456,,,0.21052631578947367,,0.9035087719298246,,0.20175438596491233,0.5175438596491228,0.7543859649122807,0.1929824561403509,0.2280701754385965,,
2026-08-16 00:00:00+00:00,0.4385964912280702,0.543859649122807,,,,,0.24561403508771928,,0.2192982456140351,,0.6754385964912281,,,0.2807017543859649,,0.9210526315789473,0.3157894736842105,0.5701754385964913,,,0.2807017543859649,,,,0.9210526315789473,0.6228070175438596,0.3421052631578947,,,0.2719298245614035,0.7280701754385964,0.8947368421052632,0.4385964912280702,,,0.14035087719298245,,0.32456140350877194,0.850877192982456,,0.3421052631578947,,0.8684210526315789,,1.0,,0.4824561403508772,,,,,,0.4298245614035088,,,0.5350877192982456,0.631578947368421,,0.35964912280701755,,,,,0.6228070175438596,,0.763157894736842,,,0.5087719298245614,,,0.14912280701754385,,0.8684210526315789,,0.1929824561403509,0.5175438596491228,0.7631578947368421,0.17543859649122806,0.2631578947368421,,
2026-08-17 00:00:00+00:00,0.5614035087719298,0.4473684210526316,,,,,0.16666666666666666,,0.2719298245614035,,0.6491228070175438,,,0.34210526315789475,,0.8596491228070176,0.3859649122807018,0.5350877192982456,,,0.2719298245614035,,,,0.9385964912280702,0.6929824561403509,0.3947368421052631,,,0.17543859649122806,0.7368421052631579,0.9561403508771931,0.4385964912280702,,,0.17543859649122806,,0.3157894736842105,0.8859649122807017,,0.28070175438596495,,0.8684210526315789,,0.9736842105263158,,0.5964912280701754,,,,,,0.4473684210526316,,,0.4912280701754386,0.5614035087719298,,0.28070175438596495,,,,,0.6578947368421053,,0.7017543859649122,,,0.5087719298245613,,,0.2280701754385965,,0.8596491228070176,,0.21052631578947367,0.48245614035087714,0.7807017543859649,0.14912280701754385,0.2192982456140351,,
2026-08-18 00:00:00+00:00,0.6754385964912281,0.3947368421052631,,,,,0.21929824561403508,,0.25438596491228066,,0.6140350877192983,,,0.3947368421052631,,0.9035087719298246,0.3684210526315789,0.763157894736842,,,0.25438596491228066,,,,0.7280701754385964,0.6929824561403509,0.30701754385964913,,,0.2894736842105263,0.8508771929824562,0.9385964912280702,0.41228070175438597,,,0.09649122807017545,,0.4385964912280702,0.7894736842105262,,0.16666666666666666,,0.8859649122807017,,1.0,,0.543859649122807,,,,,,0.5087719298245613,,,0.3508771929824561,0.587719298245614,,0.2807017543859649,,,,,0.6578947368421052,,0.7719298245614036,,,0.4824561403508772,,,0.10526315789473684,,0.8157894736842105,,0.2543859649122807,0.5087719298245615,0.6842105263157895,0.18421052631578946,0.3245614035087719,,
2026-08-19 00:00:00+00:00,0.6842105263157894,0.543859649122807,,,,,0.21052631578947367,,0.34210526315789475,,0.6666666666666666,,,0.41228070175438597,,0.7543859649122807,0.5,0.8070175438596491,,,0.2807017543859649,,,,0.6929824561403509,0.6140350877192983,0.30701754385964913,,,0.23684210526315788,0.8596491228070176,0.9649122807017544,0.2280701754385965,,,0.03508771929824561,,0.7456140350877193,0.7631578947368421,,0.12280701754385964,,0.7719298245614036,,0.9824561403508772,,0.5,,,,,,0.3859649122807018,,,0.3333333333333333,0.7192982456140351,,0.2894736842105263,,,,,0.6754385964912281,,0.8421052631578947,,,0.2631578947368421,,,0.21929824561403508,,0.8070175438596491,,0.37719298245614036,0.5087719298245613,0.587719298245614,0.14912280701754385,0.31578947368421045,,
2026-08-20 00:00:00+00:00,0.6228070175438597,0.4385964912280702,,,,,0.17543859649122806,,0.7017543859649124,,0.5526315789473684,,,0.2807017543859649,,0.7719298245614036,0.2807017543859649,0.8596491228070176,,,0.2456140350877193,,,,0.6491228070175438,0.7280701754385964,0.21929824561403508,,,0.37719298245614036,0.9210526315789473,0.912280701754386,0.18421052631578946,,,0.02631578947368421,,0.7017543859649124,0.7807017543859649,,0.14912280701754385,,0.48245614035087714,,0.9912280701754387,,0.5964912280701754,,,,,,0.3333333333333333,,,0.40350877192982454,0.5,,0.46491228070175444,,,,,0.46491228070175433,,0.9035087719298246,,,0.35964912280701755,,,0.3333333333333333,,0.5701754385964913,,0.2982456140350877,0.5526315789473685,0.5701754385964912,0.4473684210526316,0.6491228070175438,,
2026-08-21 00:00:00+00:00,0.46491228070175433,0.4385964912280702,,,,,0.12280701754385964,,0.5614035087719298,,0.6403508771929824,,,0.4385964912280702,,0.8508771929824562,0.2456140350877193,0.9298245614035089,,,0.14912280701754385,,,,0.7719298245614036,0.8245614035087719,0.3684210526315789,,,0.4473684210526316,0.8859649122807017,0.8508771929824562,0.2807017543859649,,,0.02631578947368421,,0.7017543859649124,0.6228070175438596,,0.13157894736842105,,0.34210526315789475,,0.956140350877193,,0.4912280701754386,,,,,,0.24561403508771928,,,0.4298245614035087,0.5964912280701754,,0.6140350877192983,,,,,0.40350877192982454,,0.8859649122807017,,,0.3333333333333333,,,0.2719298245614035,,0.5263157894736842,,0.2192982456140351,0.6666666666666666,0.41228070175438597,0.5350877192982456,0.8157894736842105,,
2026-08-22 00:00:00+00:00,0.5526315789473685,0.4824561403508772,,,,,0.20175438596491227,,0.368421052631579,,0.4385964912280702,,,0.5263157894736842,,0.8333333333333334,0.2280701754385965,0.912280701754386,,,0.09649122807017545,,,,0.9035087719298246,0.850877192982456,0.37719298245614036,,,0.5350877192982456,0.8508771929824562,0.6842105263157894,0.21929824561403508,,,0.09649122807017545,,0.6929824561403509,0.46491228070175444,,0.07894736842105263,,0.28947368421052627,,0.956140350877193,,0.5614035087719298,,,,,,0.3157894736842105,,,0.34210526315789475,0.6140350877192983,,0.7368421052631579,,,,,0.42105263157894735,,0.8596491228070176,,,0.4473684210526316,,,0.41228070175438597,,0.5,,0.23684210526315788,0.7543859649122807,0.25438596491228077,0.543859649122807,0.8596491228070176,,
2026-08-23 00:00:00+00:00,0.7719298245614036,0.5526315789473685,,,,,0.18421052631578946,,0.6140350877192983,,0.4824561403508772,,,0.5350877192982456,,0.912280701754386,0.5614035087719299,0.8771929824561404,,,0.17543859649122806,,,,0.8421052631578948,0.9210526315789473,0.4473684210526316,,,0.42105263157894735,0.7543859649122807,0.587719298245614,0.14912280701754385,,,0.06140350877192982,,0.5789473684210525,0.1929824561403509,,0.16666666666666666,,0.11403508771929823,,0.7982456140350878,,0.5701754385964911,,,,,,0.24561403508771928,,,0.5964912280701755,0.2631578947368421,,0.7894736842105262,,,,,0.3333333333333333,,0.8859649122807017,,,0.3684210526315789,,,0.34210526315789475,,0.5964912280701754,,0.3508771929824562,0.7894736842105262,0.2807017543859649,0.47368421052631576,0.9122807017543858,,
2026-08-24 00:00:00+00:00,0.8859649122807017,0.5701754385964912,,,,,0.20175438596491227,,0.5964912280701754,,0.4385964912280702,,,0.3947368421052631,,0.912280701754386,0.5350877192982456,0.8684210526315791,,,0.23684210526315788,,,,0.6666666666666666,0.9035087719298246,0.3947368421052631,,,0.41228070175438597,0.7280701754385964,0.6491228070175438,0.12280701754385964,,,0.03508771929824561,,0.7105263157894738,0.2192982456140351,,0.3508771929824561,,0.08771929824561403,,0.7456140350877193,,0.47368421052631576,,,,,,0.456140350877193,,,0.6578947368421053,0.20175438596491224,,0.6842105263157894,,,,,0.3157894736842105,,0.9122807017543858,,,0.5263157894736842,,,0.2982456140350877,,0.4385964912280702,,0.35964912280701755,0.763157894736842,0.3421052631578947,0.49122807017543857,0.9122807017543858,,
2026-08-25 00:00:00+00:00,0.7456140350877193,0.5701754385964912,,,,,0.07894736842105263,,0.4912280701754386,,0.4912280701754386,,,0.5087719298245613,,0.9385964912280702,0.5175438596491229,0.9035087719298246,,,0.21052631578947367,,,,0.7192982456140351,0.7894736842105262,0.2894736842105263,,,0.40350877192982454,0.7894736842105262,0.7105263157894738,0.11403508771929823,,,0.06140350877192982,,0.7192982456140351,0.23684210526315788,,0.6140350877192983,,0.043859649122807015,,0.7807017543859649,,0.543859649122807,,,,,,0.35964912280701755,,,0.5350877192982457,0.2631578947368421,,0.7543859649122807,,,,,0.23684210526315788,,0.9736842105263158,,,0.3245614035087719,,,0.28947368421052627,,0.5789473684210527,,0.41228070175438597,0.8070175438596491,0.3157894736842105,0.48245614035087714,0.8947368421052632,,
2026-08-26 00:00:00+00:00,0.7719298245614036,0.4912280701754386,,,,,0.05263157894736842,,0.46491228070175444,,0.5789473684210527,,,0.6052631578947368,,0.9035087719298245,0.5087719298245614,0.9649122807017544,,,0.35964912280701755,,,,0.6315789473684211,0.7192982456140351,0.23684210526315788,,,0.5964912280701754,0.850877192982456,0.5964912280701754,0.11403508771929823,,,0.13157894736842105,,0.736842105263158,0.2982456140350877,,0.6666666666666666,,0.03508771929824561,,0.7543859649122807,,0.4561403508771929,,,,,,0.3947368421052631,,,0.42105263157894735,0.3333333333333333,,0.7456140350877192,,,,,0.3157894736842105,,0.9649122807017544,,,0.2719298245614035,,,0.2807017543859649,,0.17543859649122806,,0.5087719298245613,0.850877192982456,0.3947368421052632,0.3859649122807018,0.9298245614035087,,
2026-08-27 00:00:00+00:00,0.7456140350877193,0.543859649122807,,,,,0.06140350877192982,,0.3947368421052631,,0.5789473684210525,,,0.5526315789473685,,0.9385964912280702,0.5614035087719298,0.9298245614035089,,,0.46491228070175444,,,,0.5789473684210527,0.7456140350877193,0.46491228070175444,,,0.5701754385964912,0.6842105263157894,0.6140350877192983,0.13157894736842105,,,0.23684210526315788,,0.7543859649122808,0.31578947368421056,,0.5087719298245613,,0.02631578947368421,,0.7368421052631579,,0.43859649122807015,,,,,,0.2982456140350877,,,0.25438596491228066,0.456140350877193,,0.7280701754385964,,,,,0.3508771929824561,,0.9736842105263158,,,0.21052631578947367,,,0.30701754385964913,,0.20175438596491227,,0.5,0.9210526315789473,0.5789473684210527,0.2807017543859649,0.8596491228070176,,
2026-08-28 00:00:00+00:00,0.7280701754385964,0.5,,,,,0.07017543859649122,,0.3245614035087719,,0.48245614035087714,,,0.6228070175438597,,0.9385964912280702,0.5701754385964912,0.9210526315789473,,,0.4473684210526316,,,,0.6666666666666666,0.736842105263158,0.42105263157894735,,,0.5350877192982456,0.7192982456140351,0.5438596491228069,0.07017543859649122,,,0.21929824561403508,,0.7192982456140351,0.42105263157894735,,0.4912280701754386,,0.02631578947368421,,0.8421052631578947,,0.31578947368421056,,,,,,0.4824561403508772,,,0.15789473684210525,0.3333333333333333,,0.7105263157894738,,,,,0.4298245614035088,,1.0,,,0.2807017543859649,,,0.21052631578947367,,0.2719298245614035,,0.6842105263157894,0.9298245614035089,0.543859649122807,0.30701754385964913,0.8245614035087719,,
2026-08-29 00:00:00+00:00,0.7456140350877193,0.4473684210526316,,,,,0.05263157894736842,,0.3947368421052631,,0.5,,,0.3947368421052631,,0.8947368421052632,0.543859649122807,0.912280701754386,,,0.3859649122807018,,,,0.6754385964912281,0.6666666666666666,0.35964912280701755,,,0.46491228070175444,0.850877192982456,0.5350877192982456,0.09649122807017545,,,0.18421052631578946,,0.6491228070175439,0.47368421052631576,,0.6228070175438597,,0.02631578947368421,,0.8245614035087718,,0.43859649122807015,,,,,,0.456140350877193,,,0.11403508771929823,0.5087719298245613,,0.6929824561403509,,,,,0.2894736842105263,,1.0,,,0.21052631578947367,,,0.20175438596491227,,0.6578947368421052,,0.7105263157894738,0.9210526315789473,0.4912280701754386,0.28070175438596495,0.8245614035087719,,
2026-08-30 00:00:00+00:00,0.7719298245614036,0.34210526315789475,,,,,0.05263157894736842,,0.41228070175438597,,0.6315789473684211,,,0.35964912280701755,,0.8421052631578947,0.42105263157894735,0.9298245614035089,,,0.41228070175438597,,,,0.6052631578947368,0.6052631578947368,0.3421052631578947,,,0.5,0.8421052631578947,0.5087719298245614,0.07017543859649122,,,0.2807017543859649,,0.6228070175438596,0.736842105263158,,0.587719298245614,,0.06140350877192982,,0.7982456140350878,,0.37719298245614036,,,,,,0.5964912280701754,,,0.09649122807017545,0.5175438596491229,,0.6052631578947368,,,,,0.35964912280701755,,1.0,,,0.2631578947368421,,,0.20175438596491227,,0.5263157894736842,,0.7105263157894736,0.8859649122807017,0.5350877192982456,0.3245614035087719,0.7631578947368421,,
2026-08-31 00:00:00+00:00,0.7192982456140351,0.35964912280701755,,,,,0.07894736842105263,,0.3245614035087719,,0.6315789473684211,,,0.5701754385964912,,0.8771929824561404,0.3947368421052632,0.956140350877193,,,0.31578947368421056,,,,0.7017543859649124,0.587719298245614,0.3333333333333333,,,0.543859649122807,0.8947368421052632,0.4561403508771929,0.07894736842105263,,,0.30701754385964913,,0.543859649122807,0.587719298245614,,0.587719298245614,,0.03508771929824561,,0.8684210526315789,,0.47368421052631576,,,,,,0.5087719298245614,,,0.13157894736842105,0.49122807017543857,,0.5789473684210527,,,,,0.43859649122807015,,0.9824561403508772,,,0.21929824561403508,,,0.21052631578947367,,0.4473684210526316,,0.8771929824561404,0.8245614035087719,0.46491228070175444,0.3157894736842105,0.7807017543859649,,
