time,gross_return,net_return,gross_nav,net_nav,price_pnl,fee,sampled_spread_cost,funding_cost,turnover
2025-03-01 00:00:00+00:00,-0.01480247691161706,-0.015317123711002554,9851.975230883829,9846.828762889974,-148.0247691161706,4.659879958750122,0.6086302074329907,-0.12204217232814757,0.9319759917500243
2025-03-02 00:00:00+00:00,-0.04268851276327719,-0.04291912967345712,9431.409060496753,9424.211442343172,-420.56617038707503,2.1429017234948984,0.32456556577686235,-0.41631712954466815,0.4350197139711357
2025-03-03 00:00:00+00:00,0.004368630377041579,0.003703017291157652,9472.611400616745,9459.109460269694,41.20234011999129,4.902325064461142,0.6845134742757195,0.7174836547318746,1.0395742636154806
2025-03-04 00:00:00+00:00,-0.009998483855494998,-0.010235315514636944,9377.8996484583,9362.292490456346,-94.71175215844438,1.876399136810431,0.30292616597416777,-0.07410764788149135,0.3961735697694222
2025-03-05 00:00:00+00:00,0.005143875924269684,0.004845318724005501,9426.138400680222,9407.65578155997,48.238752221921786,3.187818241089616,0.429715925078516,-0.7420730478705773,0.6798576143035789
2025-03-06 00:00:00+00:00,0.004223026010115594,0.004045775330278827,9465.945228321243,9445.71704323676,39.80682764102198,2.198376254520185,0.33090856411797287,-0.7837188544064779,0.466442600580009
2025-03-07 00:00:00+00:00,-0.0005914101774045226,-0.0007000160865638897,9460.34697197446,9439.104889357364,-5.598256346782961,1.3521732117611973,0.17284953369344347,-0.5111252128411695,0.2856921689585988
2025-03-08 00:00:00+00:00,-0.0006912531514341897,-0.0008871034232194835,9453.807477316423,9430.731427097888,-6.53949465803824,1.5359150693170172,0.21877830594849473,0.07927422617292901,0.32470586414368213
2025-03-09 00:00:00+00:00,0.013966090900095337,0.013830863808666596,9585.840211896624,9561.166589082191,132.03273458020215,1.5747711556510962,0.20936385250495787,-0.18656241225676373,0.33315067171181995
2025-03-10 00:00:00+00:00,0.008482343396782971,0.008301788122075352,9667.150600320621,9640.541368304617,81.310388423998,2.059339088590957,0.32834500719565796,-0.45207489421485403,0.4296627198177555
2025-03-11 00:00:00+00:00,-0.012770113326159177,-0.013000172109154856,9543.69999161348,9515.21267129123,-123.45060870714207,1.785729790564135,0.3362476811271402,-0.24388916544606043,0.36944284089355334
2025-03-12 00:00:00+00:00,-0.004559943097667213,-0.004721279445516261,9500.181262710516,9470.288693286548,-43.518728902964526,2.4775433388822723,0.3502624269703616,-1.4225566641339917,0.5191997529384645
2025-03-13 00:00:00+00:00,0.005849018063516898,0.005634994265701008,9555.747994522793,9523.65371576775,55.566731812278576,2.6692099792262316,0.43660200373397223,-0.9041026518844164,0.5619282212442068
2025-03-14 00:00:00+00:00,-0.008330461895607842,-0.00840608192702606,9476.14419997039,9443.597102388381,-79.60379455240319,1.8280343758136277,0.3076432953649791,-1.682858844211934,0.3826041408503926
2025-03-15 00:00:00+00:00,-0.0016441074575825293,-0.0018016857040419564,9460.56440062209,9426.582708494276,-15.579799348298748,2.809358624867544,0.4516319470555537,-1.8263960261166536,0.5929328565676159
2025-03-16 00:00:00+00:00,0.008266316149946896,0.008046310545689911,9538.768416914565,9502.431920351451,78.20401629247506,2.3989035925718527,0.3840818777280711,-0.428181035000502,0.5071375218193346
2025-03-17 00:00:00+00:00,-0.00013445631745155582,-0.0005065179915704005,9537.485869240203,9497.61876762012,-1.2825476743615394,2.679539233403668,0.4660664845564445,0.38499933900922906,0.5618207962051349
2025-03-18 00:00:00+00:00,-0.006728279974103638,-0.00706824782180207,9473.314994062897,9430.487244453583,-64.17087517730529,2.7258749647042815,0.4562029411753483,-0.2214299166475421,0.5716128971672985
2025-03-19 00:00:00+00:00,-0.02498046171630426,-0.02541698359927422,9236.667211527218,9190.792704828142,-236.64778253567934,3.3185068432478446,0.5320085667942097,-0.8037583202799439,0.7006009713236844
2025-03-20 00:00:00+00:00,0.0024307183024535107,0.00213547041837976,9259.11894757195,9210.419370770762,22.45173604473144,3.695473593038437,0.5087477423941472,-1.3791512333221412,0.8001746752176029
2025-03-21 00:00:00+00:00,-0.0016830264658660283,-0.0019092301169070808,9243.535605332585,9192.834560718742,-15.583342239365198,2.655991658728539,0.3021482664282109,-0.9566721125020454,0.5737028919852096
2025-03-22 00:00:00+00:00,0.006997933165154214,0.006721015965462415,9308.221249708426,9254.619748569188,64.68564437584072,3.3177449034809188,0.5203498618599373,-0.9376382399454619,0.7178519227138402
2025-03-23 00:00:00+00:00,-0.0069349338716780005,-0.007139569841105176,9243.66935087875,9188.545744521407,-64.55189882967589,2.2405939579138745,0.43154952582893924,-1.1500382656377597,0.4814225828557867
2025-03-24 00:00:00+00:00,-0.011592078797949847,-0.011880717876689536,9136.51600738117,9079.379224833692,-107.1533434975804,2.677241896357326,0.4572412574113183,-1.1213069636340025,0.5792595547790367
2025-03-25 00:00:00+00:00,-0.003927619997325819,-0.004319422165344466,9100.631244404693,9040.161552962378,-35.88476297647773,3.8627345491111806,0.600332507710437,-1.1301581619846368,0.8455596303865874
2025-03-26 00:00:00+00:00,0.005862041027125637,0.0053803017454524225,9153.979518132135,9088.800349944953,53.34827372744175,4.108033705691972,0.5874908268071903,0.01395221236722094,0.9028019255736133
2025-03-27 00:00:00+00:00,-4.0688170218229087e-05,-0.0003154432778291132,9153.607059455328,9085.933348971032,-0.372458676807943,2.7948715294086526,0.4015016007638652,-0.7018308330594333,0.6106353032301616
2025-03-28 00:00:00+00:00,-0.009394816909305753,-0.009808513576675464,9067.610597072016,8996.81384836088,-85.99646238331141,2.4870431296090336,0.5082929029074383,0.12770219432283675,0.5434017679489558
2025-03-29 00:00:00+00:00,-0.0028615384711538757,-0.0034241455144701258,9041.663280507053,8966.007448577493,-25.94731656496414,3.996712160811116,0.6274144252958904,0.23495663231647554,0.8815359058541128
2025-03-30 00:00:00+00:00,-0.0010321150522729597,-0.0011916336222145168,9032.331243737657,8955.323252644743,-9.332036769395037,3.815834160957667,0.6505849975335442,-3.114259995135512,0.8440557987122203
2025-03-31 00:00:00+00:00,0.005697775682942382,0.005660688049752352,9083.795441058506,9006.016543962658,51.464197320849145,1.5460157088252593,0.3105739487271866,-1.0856836546187614,0.34232927626456366
2025-04-01 00:00:00+00:00,0.00042708846566911644,0.00026740813447767716,9087.67502531588,9008.424826045753,3.8795842573737924,1.8141949603552376,0.3650829820350873,-0.7079757681126847,0.39943545011045184
2025-04-02 00:00:00+00:00,0.012290190563649812,0.012141712967697508,9199.364283157534,9117.802534574681,111.6892578416533,1.7839845235035525,0.38662768814736265,0.14093710107450552,0.3926162673145418
2025-04-03 00:00:00+00:00,0.0015574982703738852,0.0014037396894397954,9213.692277117092,9130.601555872938,14.327993959557157,1.235766952039755,0.29154189279122,0.0016638164689392332,0.2686635541332423
2025-04-04 00:00:00+00:00,0.000976342277219388,0.000819179461976858,9222.687994416532,9138.081157143002,8.99571729943919,1.433944865248357,0.28777748485250576,-0.20560632072672694,0.3112638933708842
2025-04-05 00:00:00+00:00,0.0007513307661684485,0.0004997413672763496,9229.61728365351,9142.647834314756,6.9292892369775245,2.135906503752852,0.37234935872734776,-0.14564379725556648,0.46318524600332184
2025-04-06 00:00:00+00:00,0.019748596445134495,0.01973475177148936,9411.88927073142,9323.075719859102,182.2719870779116,1.2072273006498095,0.28621531073730466,0.35065892217800043,0.2615985611424904
2025-04-07 00:00:00+00:00,-0.004698880900104121,-0.004973756294108433,9367.663924003286,9276.705013317003,-44.22534672813478,1.5316887095238363,0.3096347358044501,0.30403636863565353,0.3254795430471113
2025-04-08 00:00:00+00:00,0.013580995606936137,0.013494914795448803,9494.886126602429,9401.893357054229,127.22220259914275,2.0739785192231373,0.42156654325960763,-0.46168620056569964,0.44279524458789915
2025-04-09 00:00:00+00:00,-0.01282442800154448,-0.013379601116027215,9373.119643088952,9276.099774201417,-121.7664835134764,2.052681354987426,0.40699171742501367,1.5674262669227708,0.4323761923244761
2025-04-10 00:00:00+00:00,0.01497465304670355,0.014546499711739167,9513.478857709451,9411.034556892902,140.35921462049888,2.601904148351877,0.5481232684005658,2.2744045122617798,0.5551842390639555
2025-04-11 00:00:00+00:00,-0.0023039976701845783,-0.0026243058146986522,9491.559824585938,9386.337124182919,-21.91903312351282,1.7920117696233453,0.37530345836883844,0.6110843584789939,0.3767311193783019
2025-04-12 00:00:00+00:00,-0.00522337540056936,-0.005635294438689607,9441.981844485164,9333.442350787345,-49.577980100774624,2.1862422387181204,0.4355188921608201,0.6950321639202417,0.4606708020856822
2025-04-13 00:00:00+00:00,0.010191741582141927,0.010086309734899651,9538.212083467433,9427.582341230216,96.23023898226859,1.59279302316933,0.38858078075461133,0.10887473547356061,0.33738531791387466
2025-04-14 00:00:00+00:00,-0.004537300596716669,-0.00492637311632235,9494.934348089506,9381.138553032464,-43.27773537792693,1.8541655416479608,0.42893781843674594,0.8829494597402272,0.3887868135919902
2025-04-15 00:00:00+00:00,0.005714635331961553,0.005615699238824017,9549.194435389754,9433.820205664031,54.260087300247626,1.505920772785212,0.3139098055951717,-0.2413959096998053,0.3172050943329
2025-04-16 00:00:00+00:00,0.007295713530501549,0.007196079772536995,9618.862622437417,9501.70672842376,69.66818704766312,1.4062141999199738,0.32263562474494956,0.05281446326847215,0.2945199638429141
2025-04-17 00:00:00+00:00,-0.003950979987842351,-0.004215579032418398,9580.858688710361,9461.651532767228,-38.00393372705503,1.393756363627443,0.34803799862784107,0.3094675672217067,0.28979650055013795
2025-04-18 00:00:00+00:00,-0.011843776123599471,-0.012140365853983075,9467.385143329433,9346.783621576535,-113.47354538092831,1.647023390052635,0.3323653981802651,-0.5850229784673562,0.3438154018477302
2025-04-19 00:00:00+00:00,0.003809808371500689,0.004550446562540021,9503.454066504712,9389.315660978144,36.068923175277725,3.543575703018664,0.6695919164371708,-10.676283845786426,0.7485859399129674
2025-04-20 00:00:00+00:00,-0.007090428930498194,-0.006698228145059528,9436.070500851905,9326.423882554931,-67.38356565280571,3.5252496426622044,0.7150826072768817,-8.732119479532791,0.7418880794272646
2025-04-21 00:00:00+00:00,0.0010606421681180916,0.0008697769776252188,9446.078795126445,9334.535791331551,10.00829427453873,2.649523896938189,0.5583722083752906,-1.3115106073950344,0.5615735695698724
2025-04-22 00:00:00+00:00,-0.016951107099036553,-0.017446181744412956,9285.957301804317,9171.683783416252,-160.12149332212653,3.077987816735151,0.6213670522460001,-0.9688402758098056,0.6516964093763837
2025-04-23 00:00:00+00:00,-0.026045176004361695,-0.026586575608588448,9044.102909509837,8927.840119050392,-241.85439229448107,3.2522936674141554,0.6058736606185887,-1.8688952566530874,0.700475688550111
2025-04-24 00:00:00+00:00,0.008730274999370716,0.008445502436317068,9123.060415032467,9003.24021452688,78.95750552262967,4.257676603228992,0.8897680735240029,-1.590034630612664,0.9415365229318794
2025-04-25 00:00:00+00:00,0.010617134224398724,0.010422674701741281,9219.921171996166,9097.07805854453,96.86075696369844,2.636661280021366,0.5449520685638499,-0.15870040253583972,0.578021225350393
2025-04-26 00:00:00+00:00,-0.0008837436890143614,-0.0011915872582456022,9211.773124847205,9086.238096242703,-8.148047148961506,2.1866836597929735,0.4965713536629292,0.008660139409894338,0.4743389057239725
2025-04-27 00:00:00+00:00,-0.003973679778912196,-0.004315641314862677,9175.168488253072,9047.025151717879,-36.604636594132145,2.109769037490072,0.47175476259950827,0.026784130602478085,0.4580592702178749
2025-04-28 00:00:00+00:00,0.008184326538740083,0.007918754207938883,9250.261063208893,9118.666320207374,75.09257495582133,2.8139472304138424,0.5529596537613337,0.084499582151292,0.6133832275704859
2025-04-29 00:00:00+00:00,-0.013352906462918849,-0.014044155927885821,9126.743192474283,8990.602348552022,-123.51787073460861,3.0216885925988106,0.621494404106661,0.902917924039116,0.6533196354029372
2025-04-30 00:00:00+00:00,0.002878365634107863,0.0025574130127569046,9153.013296430829,9013.595031990732,26.27010395654586,1.9610761239329912,0.4388288912550757,0.8775155026480659,0.4297428080479031
2025-05-01 00:00:00+00:00,-0.00103981352700283,-0.0014159281612355491,9143.495869392364,9000.832428950964,-9.51742703846554,2.9157600519753424,0.792923084399005,-0.4635071350713708,0.637114785600132
2025-05-02 00:00:00+00:00,0.004892240768851314,0.0047672620282499635,9188.22805265443,9043.741755612142,44.732183262064915,2.001717255621779,0.457725789532969,-0.6365864442686497,0.4378450614983007
2025-05-03 00:00:00+00:00,-0.0198753790390086,-0.020451739369456202,9005.60853741107,8858.781506301693,-182.61951524335865,2.449718398756394,0.43274915826056803,-0.5417334899278614,0.5332297772144834
2025-05-04 00:00:00+00:00,6.0126289122253055e-05,-0.0004910007603872822,9006.150011233713,8854.431837845994,0.5414738226422084,3.9050458300163067,0.9053246891202515,0.08077175920457508,0.8672475188753715
2025-05-05 00:00:00+00:00,0.001275488387619941,0.001021079987689038,9017.637250990205,8863.472920997976,11.487239756491803,2.4341063731291954,0.5254018107869236,-0.5133515794055292,0.5405431555310631
2025-05-06 00:00:00+00:00,0.00755482408125592,0.007534398812108575,9085.763914050016,8930.2538608451,68.12666305981124,1.7656936028509458,0.3677801034846016,-0.787750493647987,0.39160892231655453
2025-05-07 00:00:00+00:00,-0.0005184510598870098,-0.0008647646105143047,9081.053390118894,8922.531293343332,-4.710523931122378,2.2971340806667144,0.40402870085316617,0.31088078912531975,0.5056556834179852
2025-05-08 00:00:00+00:00,-0.027666235920247424,-0.028381640126044643,8829.814824623501,8669.29522116229,-251.23856549539198,1.637773224999422,0.34485611322951526,0.014877347421203058,0.360701155392718
2025-05-09 00:00:00+00:00,-0.022743292318326898,-0.02347064698445474,8628.995764950392,8465.82125342237,-200.81905967310865,2.411960178958931,0.49203012734354945,-0.2490822394905297,0.5463218033140974
2025-05-10 00:00:00+00:00,-0.031350806173095054,-0.032422111403847716,8358.469791254975,8191.3414536188475,-270.52597369541786,3.2598993447516453,0.8081268836719602,-0.11420012031973326,0.7555686509878329
2025-05-11 00:00:00+00:00,-0.002567001816120362,-0.0031571539534739333,8337.013584120836,8165.480127564299,-21.4562071341387,3.8913554907651546,0.7411345412291647,-0.2273711115853578,0.9311167206314425
2025-05-12 00:00:00+00:00,-0.010212986945852662,-0.01091900043198163,8251.867773218813,8076.321246524088,-85.1458109020224,3.438998660820916,0.7386128517391278,-0.16454137437045632,0.8249953358288954
2025-05-13 00:00:00+00:00,0.016577571004283708,0.016445358000871883,8388.663697147309,8209.139240753224,136.79592392849537,3.4491664393344887,0.5698409889404709,-0.04107772891607026,0.8359722996358845
2025-05-14 00:00:00+00:00,-0.001963988053646729,-0.002446260814627118,8372.188461860052,8189.057545106752,-16.475235287257316,2.933919725420491,0.5914673694060104,0.08107326438860225,0.6994963277448384
2025-05-15 00:00:00+00:00,0.0009900525042020455,0.0005309144826331256,8380.477368012369,8193.405234356565,8.288906152316017,2.996966991221365,0.5246069101711874,0.41964300111021946,0.7159339532009358
2025-05-16 00:00:00+00:00,0.0029230662052419764,0.002618051928508609,8404.9740581906,8214.855994731424,24.496690178232182,2.4813900771372635,0.564597971243051,-5.824500786764941e-05,0.5921834683567159
2025-05-17 00:00:00+00:00,0.001502540465991546,0.0012221929332991393,8417.602871828642,8224.896133676255,12.628813638040562,2.22084952440866,0.4029246828724862,-0.03509951407140338,0.5284607683576261
2025-05-18 00:00:00+00:00,-0.0033941568953872446,-0.0037763345225244696,8389.032206998592,8193.836174462474,-28.570664830048656,2.1297197211410555,0.48724693202332325,-0.12767226943335458,0.5060157276529712
2025-05-19 00:00:00+00:00,0.007123913848262078,0.007089235533603157,8448.794949711546,8251.924209026996,59.76274271295385,1.6331623853081088,0.40289534563817714,-0.3613495825147604,0.38935656581354755
2025-05-20 00:00:00+00:00,-0.0005026319698473223,-0.0007157304693284341,8444.548315263137,8246.018055440007,-4.246634448409623,1.3006035318774793,0.32682730430308676,0.03208830239937164,0.3078790619535355
2025-05-21 00:00:00+00:00,-0.007216289391899752,-0.007670592394917837,8383.610010836319,8182.766212055593,-60.9383044268183,2.007199485706369,0.39883536673066616,-0.09249589484204208,0.4753835044269797
2025-05-22 00:00:00+00:00,-0.012225194347564717,-0.012817660575974802,8281.118749119656,8077.88229217691,-102.49126171666313,2.017901250770333,0.43991918774329547,-0.06516227649312965,0.48139196555232766
2025-05-23 00:00:00+00:00,0.016469812269789864,0.016522064464378584,8417.507220301493,8211.345584143919,136.38847118183782,2.5022083676090454,0.48812664735660305,-0.06515580013696598,0.6043165044276291
2025-05-24 00:00:00+00:00,0.0005315593053711443,0.0001472281857644748,8421.981624592474,8212.554525656959,4.474404290980053,2.537500572128763,0.501634646809513,0.22632755900313634,0.6029102216886192
2025-05-25 00:00:00+00:00,0.0008275200104684609,0.00061826764005194,8428.950982914623,8217.632082362334,6.96935832214795,1.604984346893363,0.3346439288921319,-0.047826659013352306,0.3811417356235387
2025-05-26 00:00:00+00:00,0.003640076141802322,0.003528012292991193,8459.633006287952,8246.623989368187,30.68202337332875,1.5582259049951033,0.30294774067427716,-0.17105727819376054,0.36973187011138336
2025-05-27 00:00:00+00:00,-0.005335179835395096,-0.005609219730850007,8414.499342857962,8200.366863374122,-45.13366342999027,1.338507928979957,0.26509613244466407,-0.48014149734986405,0.31644586189142226
2025-05-28 00:00:00+00:00,0.0017246459323958772,0.0015394650664393133,8429.01137492277,8212.991041692272,14.512032064807766,1.7478486702384524,0.3377347716426427,-0.19772969522431522,0.4154373537914616
2025-05-29 00:00:00+00:00,0.00867508930073955,0.008593670240295821,8502.133801317173,8283.570778391078,73.12242639440448,2.3383939907361415,0.49647238035084,-0.29217667548953663,0.5548441891283049
2025-05-30 00:00:00+00:00,0.01563723043871598,0.015647368426603823,8635.083626789166,8413.186862248413,132.9498254719929,2.32829868925337,0.502161721576399,0.5032812038285512,0.5476974942202542
2025-05-31 00:00:00+00:00,-0.009155700055919081,-0.009790729629225415,8556.023391144507,8330.815624359988,-79.06023564465951,2.6364168932165453,0.4249097622144511,0.24967558833501352,0.6106291513002658
2025-06-01 00:00:00+00:00,0.0069262813287736215,0.006746021541796616,8615.28481620714,8387.015486022656,59.26142506263456,2.672720783588322,0.6090907779568747,-0.220248161578944,0.6247577084360455
2025-06-02 00:00:00+00:00,-0.0020483941825820725,-0.0022551538655753585,8597.637316908334,8368.101475628711,-17.647499298806366,1.3172779299602375,0.2488219092957684,-0.2995887441179819,0.30580020465073054
2025-06-03 00:00:00+00:00,0.0029818234548741876,0.0029123992331148464,8623.273953516393,8392.47272794896,25.63663660805885,1.1617273265715105,0.21211894277659038,-0.10846198153752785,0.27024338984079443
2025-06-04 00:00:00+00:00,0.011287435773947498,0.011389408961394856,8720.608604427864,8488.058032044924,97.3346509114706,1.2948422109279798,0.196156570406804,0.2583480341720017,0.30031336541267367
2025-06-05 00:00:00+00:00,0.008016135155152133,0.008021472155752605,8790.51418163614,8556.144753205384,69.90557720827638,1.3962418921978685,0.24377209221215704,0.17884206340575504,0.32021661687440733
2025-06-06 00:00:00+00:00,-0.015066132375122533,-0.015582756660232646,8658.075131330217,8422.816431566458,-132.439050305922,1.2618609786091475,0.22537266652289747,-0.5979623121282446,0.2870960566209525
2025-06-07 00:00:00+00:00,-0.0035838805583631255,-0.0036332242995127124,8627.045624194196,8392.214450236956,-31.02950713602163,1.841269987226389,0.31626076503329703,-2.585056558779109,0.4253301015057138
2025-06-08 00:00:00+00:00,-0.0015902222337746544,-0.001854655112532558,8613.326704430814,8376.649786801354,-13.718919763381951,1.6269987758998268,0.24638179783384778,-0.027636901514047494,0.37718561991534516
2025-06-09 00:00:00+00:00,-0.002694382592301549,-0.002970825496394642,8590.119106896589,8351.764222040356,-23.207597534224455,1.4097259101925066,0.21974703396203785,0.04849428261920591,0.32733598958166166
2025-06-10 00:00:00+00:00,0.0005888046808409451,0.0002856656582344618,8595.177009235711,8354.150034264265,5.05790233912195,2.08586996022873,0.3177323231968816,0.2684878317881528,0.4856440136095637
2025-06-11 00:00:00+00:00,-0.0005309289062786863,-0.0008010502517274764,8590.613581306925,8347.457940276348,-4.5634279287852255,1.708962880696841,0.33088331683151495,0.08881986160291364,0.3976562388093979
2025-06-12 00:00:00+00:00,0.009274047041239485,0.00936029185997183,8670.283335773076,8425.592582886175,79.66975446615122,1.3927009894904259,0.22131771491332955,-0.07890684807844059,0.32423783849873705
2025-06-13 00:00:00+00:00,0.006198517319668497,0.006167565572737122,8724.026237196298,8477.557977630293,53.74290142322256,1.2184707518078677,0.202235955811681,0.3567999714849902,0.2810682660808856
2025-06-14 00:00:00+00:00,-0.0036297742554089003,-0.0040567281393212,8692.35999135701,8443.166829629714,-31.666245839286905,2.248876138573625,0.34450271124645443,0.1315233114727482,0.5155592331864335
2025-06-15 00:00:00+00:00,-0.00044164537766184847,-0.0007037741406439223,8688.521050745854,8437.224747149878,-3.838940611155609,1.6098042016796474,0.269472481009068,0.22386518599159805,0.37039519837657625
2025-06-16 00:00:00+00:00,-0.00703851892313469,-0.007817452727478644,8627.366730916125,8371.26714153792,-61.15431982972879,1.9737465966481964,0.27320261460618717,2.556336570973948,0.45433430732811836
2025-06-17 00:00:00+00:00,0.010374818974126577,0.010744101453312066,8716.874098972781,8461.208884999382,89.50736805665699,2.530068984442736,0.4047711619214883,-3.3692155511683577,0.5865217193970084
2025-06-18 00:00:00+00:00,-0.0032123308230881404,-0.0033647713614431336,8688.872615623672,8432.738851659948,-28.001483349108927,1.7328617685699375,0.2820024046444202,-1.5463141828891753,0.3975878850364816
2025-06-19 00:00:00+00:00,0.006709809737773939,0.006577040887576218,8747.17329771026,8488.201319881568,58.30068208658903,1.9662949586640874,0.4036508903203898,0.4682680159845502,0.45260071027590965
2025-06-20 00:00:00+00:00,0.002830325362917702,0.0025516683828221364,8771.930644148606,8509.860394816538,24.757346438345824,2.25967366637499,0.5466258243694346,0.2919720126304743,0.516663747125372
2025-06-21 00:00:00+00:00,-0.0005325162425733489,-0.0010279006605322177,8767.25944860187,8501.113103695669,-4.6711955467360315,2.7610472490979023,0.6199168508474782,0.6951314741874668,0.6295187139765368
2025-06-22 00:00:00+00:00,0.0014494115754961235,0.0012290184843494587,8779.966815932052,8511.561128837657,12.707367330181311,1.4294400299552923,0.26115359524803805,0.5687485629906086,0.3260859424396862
2025-06-23 00:00:00+00:00,-0.013912580648801357,-0.014647262772006961,8657.814819511597,8386.89005638357,-122.15199642045432,2.111605094535,0.3615689753161709,0.045901963779865745,0.48100525635320157
2025-06-24 00:00:00+00:00,-0.005958322201944565,-0.0065198956089752265,8606.228769252177,8332.208408731998,-51.586050259420624,3.004699611847128,0.5426453592581534,-0.45174757895267503,0.6941011501136792
2025-06-25 00:00:00+00:00,0.01546234010305758,0.015387111259742074,8739.301205487072,8460.417026556515,133.0724362348958,4.057991849088127,0.6796975550054178,0.12612900628454166,0.9430360167943198
2025-06-26 00:00:00+00:00,0.009148358065305411,0.009047553328408196,8819.251462155424,8536.963100784858,79.95025666835096,2.893380661782379,0.5356181913113991,-0.024816413085595138,0.6621537795186042
2025-06-27 00:00:00+00:00,-0.001700153996968398,-0.0020141412964650687,8804.25737653177,8519.76845085717,-14.994085623652932,1.9200885550777025,0.28641594453514474,-0.005940195576507518,0.4354311844530246
2025-06-28 00:00:00+00:00,-0.004061793023944205,-0.0045109205170372,8768.496305338764,8481.336452551792,-35.76107119300605,2.631504587566814,0.5014074711387464,-0.46198494633377096,0.5977800227833487
2025-06-29 00:00:00+00:00,-0.003807365615882378,-0.004327247065747855,8735.111434002825,8444.635614273866,-33.38487133593848,3.017749990042286,0.7181541892664616,-0.41993723732215804,0.6883164193625553
2025-06-30 00:00:00+00:00,0.006278652098514223,0.006151366066762163,8789.956159738682,8496.581659237681,54.84472573585742,2.3215462239681006,0.4382482608868335,0.13888628718698465,0.5315435851066785
2025-07-01 00:00:00+00:00,0.0046680426839048154,0.004100860355173783,8830.988050281994,8531.424954118545,41.03189054331222,3.0192450463928178,0.4499573199833087,2.7193932960716003,0.686976133105669
2025-07-02 00:00:00+00:00,-0.01470876260869739,-0.015571562909206468,8701.095143450153,8398.577333740315,-129.89290683184126,2.074836028966857,0.3712800934171539,0.5085974240055455,0.46989895516857877
2025-07-03 00:00:00+00:00,-0.006082737698307747,-0.006704917493957782,8648.168664004526,8342.265565650963,-52.926479445626704,2.652762884991348,0.4956430368167218,0.2368827219179741,0.6097537933459433
2025-07-04 00:00:00+00:00,0.005794835207423847,0.005498697937911769,8698.28337625844,8388.137164114321,50.11471225391308,2.438377958167097,0.4636123566827911,1.3411234757058912,0.5639061986189359
2025-07-05 00:00:00+00:00,0.00036170274946015565,-0.0005144659966531947,8701.429569271217,8383.82175276812,3.1461930127762434,1.4551375666339736,0.24658460139881133,5.759882190943235,0.33458040022142854
2025-07-06 00:00:00+00:00,0.001998039528545323,0.001773608229130039,8718.815369505473,8398.69136802039,17.385800234256994,1.8467934135500181,0.3082285854561076,0.36116298298190264,0.4244804601009246
2025-07-07 00:00:00+00:00,0.0003337719246921768,-4.564579770602391e-05,8721.72546529239,8398.308003053211,2.9100957869155746,2.208198208663438,0.3284449575783857,0.7568175878537389,0.5065362930809914
2025-07-08 00:00:00+00:00,-0.0013786575293304635,-0.0019649609821965836,8709.701192810911,8381.805655510741,-12.024272481478592,0.7772037458247953,0.1470302473876462,3.5538410677778325,0.17822247419220735
2025-07-09 00:00:00+00:00,-0.00610569755319691,-0.005790220663342056,8656.52239154889,8333.273151208086,-53.17880126202179,1.2904159639571744,0.22294428827052157,-6.1596572115938795,0.2963169310612628
2025-07-10 00:00:00+00:00,-0.007622780959486876,-0.008047357227588448,8590.53561748722,8266.212325285243,-65.98677406167067,1.6258226269527916,0.31121791454092246,-0.8629886803212354,0.3756295088059923
2025-07-11 00:00:00+00:00,0.01307861293250586,0.013281044500769609,8702.88790771124,8375.996259030167,112.35229022402056,2.195277224560808,0.3937847046428145,-0.02070545010661013,0.5110920488105581
2025-07-12 00:00:00+00:00,0.005309742524498572,0.005260070189069414,8749.098001720758,8420.054587256049,46.21009400951878,1.77415544546461,0.2236171298529913,0.15399320831965901,0.40771648774026154
2025-07-13 00:00:00+00:00,0.008529600034161056,0.008713748127837758,8823.724308335115,8493.424822152043,74.62630661435581,0.7894837059546003,0.14130862882437237,0.32527938358272496,0.1804720225557711
2025-07-14 00:00:00+00:00,-0.0006111092992137261,-0.0008164335340311488,8818.332048356593,8486.490505308466,-5.392259978521793,1.143829170144992,0.1947630908452791,0.20346460406541006,0.2592622185769113
2025-07-15 00:00:00+00:00,-0.007623108647931731,-0.008147041221558933,8751.108945058433,8417.35071733535,-67.22310329816068,1.3986879176994012,0.23393068700957212,0.28406607024690217,0.3172227831815574
2025-07-16 00:00:00+00:00,0.003696140002363465,0.0036039030564157097,8783.454268895304,8447.686033312479,32.345323836871216,1.5821692843302944,0.23502709006413383,0.1928114853489532,0.3615928665186398
2025-07-17 00:00:00+00:00,0.016902939174884012,0.01726134313815938,8931.920462147817,8593.504440656921,148.46619325251265,2.2480395320658446,0.30929688006378986,0.0904494959398408,0.5118805115264933
2025-07-18 00:00:00+00:00,-0.00993348464294029,-0.0105250452253863,8843.195367405107,8503.05741777445,-88.72509474270949,1.2315862163748488,0.19145214307607789,0.29888978031168034,0.2757718727107194
2025-07-19 00:00:00+00:00,0.0015830167127465927,0.0014120030696287778,8857.194293465793,8515.063760949577,13.99892606068553,1.743891270381118,0.276838504270398,-0.028146889093257965,0.39440297266503443
2025-07-20 00:00:00+00:00,-0.0042170620624503085,-0.004580958206119648,8819.842955431066,8476.056609738223,-37.35133803472596,1.4880089833883499,0.24523587169831795,-0.07743167845863774,0.3360000772447991
2025-07-21 00:00:00+00:00,-0.00323142149217019,-0.003600479771768948,8791.342325347321,8445.538739370493,-28.500630083745794,1.928530902023791,0.3106178917584205,-0.22190850979704152,0.4373163812029655
2025-07-22 00:00:00+00:00,0.008391581053224404,0.008594552526950947,8865.115587037115,8518.124365684413,73.77326168979435,1.37027260261011,0.2366518101545147,-0.4192890368890554,0.3117322820337278
2025-07-23 00:00:00+00:00,0.0026009432175030734,0.0024408889586626874,8888.1732492956,8538.916161397126,23.05766225848496,1.7398028021150496,0.2807493321958883,0.2453144114593289,0.39250538473723917
2025-07-24 00:00:00+00:00,0.007837930563690507,0.00786979881304862,8957.83813406163,8606.11571366881,69.66488476603035,2.0644194833192477,0.2936133815119683,0.10729962951434978,0.4645317829471553
2025-07-25 00:00:00+00:00,-0.0030475573380589283,-0.0033331290215440033,8930.538608723027,8577.430419620816,-27.29952533860362,1.0598318159059958,0.16919785226323927,0.1567390412225421,0.23662669497812208
2025-07-26 00:00:00+00:00,0.007168272694120848,0.007187221418083512,8994.555144775728,8639.078311244835,64.01653605270127,2.042856112598631,0.2949738202077864,0.030814495875081664,0.4574989711378086
2025-07-27 00:00:00+00:00,-0.0011585749218059576,-0.00142988658638199,8984.13427875219,8626.725409048882,-10.420866023537913,1.5545316348970255,0.2711587640111044,0.10634577350652026,0.34566059352027834
2025-07-28 00:00:00+00:00,0.010420456820900682,0.010665271111902281,9077.753062077101,8718.731774344325,93.6187833249109,1.2218957340465881,0.20891013848307177,0.18161215693879945,0.2720119036814525
2025-07-29 00:00:00+00:00,0.003134129853728415,0.003030762040843368,9106.203918953732,8745.156175650303,28.45085687663038,1.441253391999705,0.2322442471377231,0.35295793151522326,0.3175352715906393
2025-07-30 00:00:00+00:00,0.0009532639244841326,0.0007774563935770999,9114.884534638666,8751.955153231893,8.680615684934622,1.249440312242756,0.23009709955252974,0.4021006915497489,0.2744151840575764
2025-07-31 00:00:00+00:00,0.0037679407055332408,0.003718561990550182,9149.228879102966,8784.4998410077,34.34434446430044,1.2713807615158426,0.22021616457199966,0.30805976240468824,0.27896804543915
2025-08-01 00:00:00+00:00,-0.0024903316319163427,-0.002869907170193308,9126.444265017693,8759.289141927431,-22.784614085272622,1.4427799303477198,0.2835625747916749,0.6997424898579565,0.315388312919586
2025-08-02 00:00:00+00:00,-0.003972736002996804,-0.004153678723277006,9090.187311306714,8722.905868987576,-36.2569537109795,1.0856624897028835,0.2290738972878531,-1.188417158114963,0.23791576613562515
2025-08-03 00:00:00+00:00,0.003923927607279795,0.003939652623168228,9125.856548252896,8757.271087975983,35.6692369461809,1.2463546800854477,0.20910089930843948,-0.15143762161942353,0.274219801507321
2025-08-04 00:00:00+00:00,0.006411742265456142,0.00647917813962158,9184.369188391818,8814.011007371937,58.51264013892279,1.3698934510072527,0.24913027688371983,0.15369701507773703,0.30022243802846377
2025-08-05 00:00:00+00:00,0.0043557119315138755,0.004268165404439045,9224.373654849125,8851.630664227947,40.004466457306656,1.924338790064578,0.31833299948268584,0.1421378117495582,0.4190464800776436
2025-08-06 00:00:00+00:00,-0.005703011432620366,-0.006201515619064047,9171.76694643676,8796.737138409551,-52.60670841236667,1.3984170325080485,0.28105744850292746,0.6073429250182316,0.3032004306922064
2025-08-07 00:00:00+00:00,0.00032587049381163234,5.847099224215146e-06,9174.75575466072,8796.78857380445,2.988808223960554,2.16861541984843,0.4247918626174833,0.3439655465970212,0.4728893423727779
2025-08-08 00:00:00+00:00,-0.0025704945407349035,-0.00302371462712676,9151.172095080788,8770.189595522095,-23.58365957993152,2.6497142443756414,0.4139222854868362,-0.048317827439934485,0.5776097620973949
2025-08-09 00:00:00+00:00,0.010421793925801903,0.010517434415812345,9246.54372483527,8862.429489407239,95.37162975448084,2.9574292027595144,0.49465351280020925,-0.32034684622234044,0.646349816620601
2025-08-10 00:00:00+00:00,-0.0025861231921169834,-0.00317381570883086,9222.63102366155,8834.301771475353,-23.91270117372025,3.5288665189526607,0.6723237648250998,0.013826474388535986,0.7632833681355956
2025-08-11 00:00:00+00:00,0.01629320708489868,0.016487921314230006,9372.89726079768,8979.961043949601,150.26623713612872,4.098935593430745,0.7008116500650724,-0.19278258161547931,0.8888863889088765
2025-08-12 00:00:00+00:00,-0.002687384182316137,-0.0034100650432665517,9347.708684956537,8949.338792703733,-25.188575841141933,4.466970251432048,0.8113758514068843,0.15532930188707816,0.953167441643735
2025-08-13 00:00:00+00:00,0.003106002210600175,0.002930653041361269,9376.742688796057,8975.566199654742,29.034003839521457,2.4150491888557664,0.4040321532545374,-0.012484453598427592,0.5167146881122548
2025-08-14 00:00:00+00:00,0.011246891505264058,0.011410156959549497,9482.201896489725,9077.97881879363,105.45920769366724,2.266349103830781,0.4315369731760146,0.3487024777726611,0.4833979515165244
2025-08-15 00:00:00+00:00,-0.005076896494931798,-0.005536072584933347,9434.0617389172,9027.7224691283,-48.14015757252433,1.6372922706712043,0.2940633113724138,0.18483651076108074,0.34534009896526746
2025-08-16 00:00:00+00:00,-0.004848625613018203,-0.0052394742702408115,9388.319505535092,8980.421949532429,-45.742233382108985,1.1783048526050075,0.24608747311229937,0.1338938880462911,0.2497979948009643
2025-08-17 00:00:00+00:00,0.00909889227075339,0.009314961930308951,9473.742813319368,9064.074238110434,85.42330778427653,1.4647918415144907,0.3211458776784613,-0.014918512921898275,0.3120455882761319
2025-08-18 00:00:00+00:00,-0.0035756339797482577,-0.0040284044113567735,9439.868176600667,9027.560481464765,-33.874636718700586,2.114363224741088,0.38896157236197676,0.1357951298657048,0.4463628085340152
2025-08-19 00:00:00+00:00,0.0005760774774633125,0.0002901083937162306,9445.306272047428,9030.179452535218,5.438095446762311,1.7874548166534387,0.3434014728240932,0.6882680868309151,0.37870334271915823
2025-08-20 00:00:00+00:00,0.006247842773905478,0.006155648468156635,9504.319060586564,9085.766062849396,59.01278853913561,3.091299072077584,0.4887998060599728,-0.1539206531798712,0.6545683079067575
2025-08-21 00:00:00+00:00,-0.0022644243917920026,-0.0027898261329003817,9482.797248678398,9060.41835524984,-21.521811908165866,3.3696138994145093,0.7337638365626308,-0.27748204458635073,0.7090700297274221
2025-08-22 00:00:00+00:00,0.01661988648405994,0.016995500419716335,9640.40026250279,9214.404699209294,157.60301382439087,3.450785484337239,0.6358022286593116,-0.4699178480599367,0.727799064736551
2025-08-23 00:00:00+00:00,0.008562708111081885,0.008473155970053683,9722.948196024598,9292.47978739689,82.54793352180857,3.75437300057671,0.7139584158332919,0.004513917802634743,0.7788832202703624
2025-08-24 00:00:00+00:00,0.0032956178769487556,0.003202351616972514,9754.991317916063,9322.237575069745,32.04312189146532,1.6742662966696484,0.42624708816723894,0.18482083377360103,0.34439477880879843
2025-08-25 00:00:00+00:00,-0.008062778389833184,-0.00877524069215277,9676.338984724958,9240.432696559077,-78.65233319110396,2.445642032059713,0.48130274852400534,0.22560053897989757,0.5014134718024885
2025-08-26 00:00:00+00:00,-0.0019266450929906799,-0.002253330527927639,9657.696113701924,9219.61094747266,-18.642871023034758,2.2123928962585704,0.37058558820031967,-0.40410042107636596,0.4572789150423622
2025-08-27 00:00:00+00:00,-0.0017559500723197611,-0.0010863239856550872,9640.737681512626,9209.595462962012,-16.95843218929717,2.4294029068283782,0.46395640293601165,-9.836306988413787,0.5031019568697436
2025-08-28 00:00:00+00:00,0.0006274755588303314,0.002429830895937192,9646.78700877687,9231.973222557,6.049327264243768,2.913691812685997,0.5549189346276521,-19.797043078057968,0.6044541214462005
2025-08-29 00:00:00+00:00,-0.002634352138089381,-0.002748493808962638,9621.373974794606,9206.599201310293,-25.41303398226421,4.159078393756987,0.7192671638348301,-4.9173582931492525,0.8622722549949452
2025-08-30 00:00:00+00:00,-0.0010431952249084328,-0.0011006416591598704,9611.337003407041,9196.466034690144,-10.036971387564002,1.7078261008114775,0.32007211140398956,-1.9317029796293692,0.3550066976474502
2025-08-31 00:00:00+00:00,0.0012820783003193947,0.001209184541397743,9623.659490016165,9207.58625925478,12.322486609125002,2.026262338562748,0.43751291857711927,-1.2615132126515856,0.4216400564967133
2025-09-01 00:00:00+00:00,-0.007788555060427222,-0.008318548279496569,9548.705088195371,9130.99250841954,-74.95440182079386,1.9929455194959325,0.33479678257310486,-0.6883932876227998,0.4141762333888612
2025-09-02 00:00:00+00:00,-0.0005372943444125898,-0.000686729169038348,9543.57462295502,9124.721989521739,-5.130465240351093,1.5679435361544731,0.2686974886706755,-0.6965873673739109,0.3284096684675811
2025-09-03 00:00:00+00:00,0.005616904856138259,0.005692537806475897,9597.179973599614,9176.664814420674,53.60535064459391,2.1416958447284693,0.34421486699001946,-0.8233849660590327,0.4488246656713051
2025-09-04 00:00:00+00:00,-0.003231081284259946,-0.0036375726493347053,9566.170705005241,9143.284029479624,-31.009268594372077,1.8237708800035253,0.31790956858073066,0.2298358980924491,0.3800639114865913
2025-09-05 00:00:00+00:00,-0.0008808932611382912,-0.0011437880905085477,9557.743929696304,9132.826050098569,-8.426775308937653,2.015091815655224,0.3444243193999717,-0.3283120629370507,0.4212953913943605
2025-09-06 00:00:00+00:00,0.005313888315599731,0.005158889494934805,9608.532713487812,9179.94129046749,50.78878379150745,3.0646604070555212,0.5487934165252677,0.060089599006222516,0.6412936838647655
2025-09-07 00:00:00+00:00,-3.3259120064469436e-06,-0.00037208129171405007,9608.500756353496,9176.525606054274,-0.031957134316127345,1.9848257964246245,0.2986912107012781,1.1002102717742577,0.41313816700409617
2025-09-08 00:00:00+00:00,0.015178707088329219,0.01565720336392888,9754.345374892177,9320.204333642567,145.84461853867947,2.125509156002293,0.3547260942868847,-0.3143442999022164,0.44242264426046435
2025-09-09 00:00:00+00:00,0.013133883949188453,0.013350668023971312,9882.457815046313,9444.635287616607,128.11244015413698,3.0986531150334318,0.4880160073544884,0.09481705770840038,0.6353379946970934
2025-09-10 00:00:00+00:00,-0.0003892381990278632,-0.0006915368575052242,9878.611184964415,9438.103974209525,-3.846630081897459,2.3746030284678037,0.3697053524817464,-0.05962505576567081,0.4805693225125445
2025-09-11 00:00:00+00:00,-0.013907415122767934,-0.014915020208147738,9741.225238378696,9297.334462707591,-137.38594658571856,3.0512177489612453,0.4244143102785414,-0.0920671430237926,0.6177422497618499
2025-09-12 00:00:00+00:00,0.006533181917125513,0.006524909986062354,9804.866434956719,9357.998733187074,63.64119657802236,2.887612656122072,0.5027498945399984,-0.4134364521221423,0.5928643646890314
2025-09-13 00:00:00+00:00,0.009294138899905,0.009394908821712478,9895.994225498223,9445.916278039067,91.1277905415041,2.665141842549591,0.41269246441174945,0.1324113825493175,0.5436365421659833
2025-09-14 00:00:00+00:00,0.0017622549356499267,0.0014834766324434367,9913.433490165271,9459.929074109556,17.439264667047418,2.859041089405362,0.5337805618684742,0.033646945285545224,0.5778178572575755
2025-09-15 00:00:00+00:00,0.000542388434065126,0.00026571030725946527,9918.81042183221,9462.44267477049,5.376931666939518,2.2201838259942206,0.3869232064128953,0.2562239735980033,0.4479142021171127
2025-09-16 00:00:00+00:00,0.0032585685047782963,0.0030645211763571435,9951.131545077658,9491.440530727388,32.321123245449165,3.1103901163998775,0.44844171070502226,-0.23556453855543105,0.627169989972512
2025-09-17 00:00:00+00:00,-0.0008391825964576595,-0.0010620461723381159,9942.780728669968,9481.360182641754,-8.35081640768999,2.1029441481599145,0.40631258827545635,-0.7797250584914829,0.4226542757743241
2025-09-18 00:00:00+00:00,0.010363007134323298,0.010377876799924938,10045.817836296188,9579.756570512924,103.03710762621908,4.6913940647217,0.900010837262176,-0.9506851469347349,0.9436784724003988
2025-09-19 00:00:00+00:00,0.007548060237496877,0.0074392803149094695,10121.644274459471,9651.023064989566,75.82643816328417,4.238853665566659,0.7959497531197803,-0.47485973204372267,0.8439041469080611
2025-09-20 00:00:00+00:00,0.0033978213152448945,0.0032004556546116106,10156.035813120556,9681.9107363307,34.39153866108484,3.276440374664636,0.5106988642809405,-0.28327191899366816,0.647412670475343
2025-09-21 00:00:00+00:00,0.0014951986945978082,0.0013754705985155177,10171.221104610622,9695.227919885974,15.185291490066444,1.8517592300547079,0.3456136234949115,-0.32926491875777814,0.3646618157179842
2025-09-22 00:00:00+00:00,0.00963871165325058,0.009730010885580592,10269.25857199942,9789.562593084649,98.03746738879863,2.1865239367715836,0.4156219318001597,1.1006483215514702,0.42994325150997464
2025-09-23 00:00:00+00:00,-0.0028300979166047636,-0.0033342524716257573,10240.19556470973,9756.92171981252,-29.063007289691168,2.479622953985294,0.3992872963129792,0.6989557321381058,0.482921515044199
2025-09-24 00:00:00+00:00,0.006483589579681043,0.006597863808174868,10306.588789966978,9821.296560506868,66.39322525724803,2.1763573308862347,0.37871365943367746,-0.536686427418193,0.42506167331149525
2025-09-25 00:00:00+00:00,-0.008711519808298386,-0.009372837358324011,10216.802737567194,9729.24314519737,-89.78605239978342,2.5188573921710047,0.37598281981357873,-0.6274773022700986,0.4887858521381981
2025-09-26 00:00:00+00:00,-0.003181693942018518,-0.003692694675394428,10184.295998190279,9693.316020839482,-32.50673937691575,3.13695105909053,0.49500621424317626,-0.2115722923613895,0.6140768574411167
2025-09-27 00:00:00+00:00,0.008034498843457027,0.008169517533180152,10266.121712609163,9772.505736026385,81.82571441888383,2.8631018456120656,0.47435264739966,-0.7014552610320901,0.5622581759447743
2025-09-28 00:00:00+00:00,-0.001061288007829524,-0.0014504826869005385,10255.226400748654,9758.330885648644,-10.8953118605104,2.8820969603552102,0.5130073075103522,-0.11556575063348422,0.5614772629892613
2025-09-29 00:00:00+00:00,0.0019431638182893728,0.0016849906568075308,10275.153985638954,9774.773582016998,19.927584890300736,2.9143315937304135,0.5279178801688204,0.04263904804717811,0.5683602642878095
2025-09-30 00:00:00+00:00,-0.009188467686843615,-0.009987524182015298,10180.741065264569,9677.14779449288,-94.41292037438592,2.5555961656291784,0.44275279945178647,0.2145181846521804,0.497432188208761
2025-10-01 00:00:00+00:00,0.0018771364978481114,0.0015381640622105163,10199.851705893318,9692.032835455067,19.110640628749184,3.5822803007536588,0.8136223508654257,-0.1703029850586073,0.7037366489903091
2025-10-02 00:00:00+00:00,-0.0001605886761472401,-0.0006184145489970568,10198.21372521097,9686.039141340265,-1.6379806823475764,3.7576906757813475,0.7642809486797265,-0.1662581920060396,0.7368128055450476
2025-10-03 00:00:00+00:00,0.003208556372455899,0.003002136169568182,10230.935268846662,9715.117949786336,32.72154363569287,2.9398342409075227,0.40011245340618806,0.302788495308412,0.5765390528421597
2025-10-04 00:00:00+00:00,0.008300110300220119,0.008440943026732954,10315.853160052502,9797.122706898474,84.91789120583948,2.275211403310127,0.37425408964758944,0.2636686007446424,0.4447709507532858
2025-10-05 00:00:00+00:00,-0.0003302559142171882,-0.0005073716062793569,10312.446288536199,9792.151925013759,-3.4068715163034087,1.6372597772095858,0.2561320573759821,-0.3294814661739374,0.3174259563037931
2025-10-06 00:00:00+00:00,-0.014017859720664848,-0.014937649766453375,10167.887863086607,9645.880189098001,-144.55842544959128,2.0247183820459624,0.3524984461232781,-0.663906362002802,0.3926747011127194
2025-10-07 00:00:00+00:00,0.019812478060020535,0.020524110142163123,10369.33891829076,9843.853296517158,201.4510552041525,3.199670186601062,0.507107347304285,-0.22882974890947366,0.6293677172064635
2025-10-08 00:00:00+00:00,-0.009977094689487308,-0.010778405010024276,10265.883042035586,9737.752258828034,-103.4558762551728,2.588660997229602,0.3839685467578807,-0.32746811003574633,0.4992914240006935
2025-10-09 00:00:00+00:00,0.006573850636839286,0.00657368782601043,10333.36942380919,9801.765202304598,67.48638177360327,3.5138092994431687,0.5348617687263271,-0.5752327711296377,0.6845605555908277
2025-10-10 00:00:00+00:00,0.03988037096825305,0.04168590552517428,10745.468029782704,10210.360660507808,412.0986059735138,2.938619553026964,0.49846219404175407,0.06606602323486763,0.5687630883022665
2025-10-11 00:00:00+00:00,-0.027760053658061053,-0.029584152259579534,10447.173260694955,9908.295796102124,-298.29476908774745,2.825255836333121,0.545591698207176,0.39924778339630085,0.5258506802128103
2025-10-12 00:00:00+00:00,0.006164466709768591,0.005423829155705943,10511.574512471694,9962.036699724382,64.40125177673863,7.845113765331452,1.2612969654751762,1.5539374236746761,1.501863436083109
2025-10-13 00:00:00+00:00,-0.006796092027807729,-0.007965236389314194,10440.136884727779,9882.686722492053,-71.4376277439158,4.877788203784162,0.7888576027520726,2.2457036818760985,0.9280794609783339
2025-10-14 00:00:00+00:00,-0.0026208109352017675,-0.0030331115889655736,10412.775259815282,9852.711430863947,-27.361624912497877,3.121748315256171,0.49057631863180634,-0.9986579182790052,0.5980282346341227
2025-10-15 00:00:00+00:00,-0.003790584284234594,-0.0038380217408787143,10373.30475756016,9814.896510185687,-39.4705022551226,1.684071572683368,0.2487819590836097,-3.5884351086295188,0.32346257950702045
2025-10-16 00:00:00+00:00,0.006724676724695426,0.007016158020756411,10443.061878621496,9883.75937505852,69.75712106133713,2.578236855321344,0.38214533585216154,-2.0661260026697916,0.4970907373452614
2025-10-17 00:00:00+00:00,-0.00542907172500577,-0.0048563327317932906,10386.365746653786,9835.760550892255,-56.696131967709604,2.4513292609191604,0.31842890524098255,-11.467065967604256,0.4694656202195635
2025-10-18 00:00:00+00:00,0.0003798116174828969,0.00043175853111335406,10390.310609027792,9840.007224420091,3.944862374005531,2.7215012746426432,0.42259262703915235,-3.4459050555121786,0.5240526553803364
2025-10-19 00:00:00+00:00,-0.0008897097741693142,-0.0010937988930467964,10381.066248122286,9829.244235410448,-9.244360905507147,2.2521944738738466,0.3742832335987954,-1.1078496033366139,0.43351821877528673
2025-10-20 00:00:00+00:00,-0.007808681886789204,-0.008709275157066388,10300.003804145015,9743.638642778249,-81.06244397727126,3.3993433468382817,0.3818373356941711,0.7619679723945152,0.6549121767627964
2025-10-21 00:00:00+00:00,-0.007446264023880733,-0.008357629080394993,10223.307256372376,9662.204925108505,-76.69654777263972,3.5498244277882276,0.41966138295427724,0.7676840863616772,0.689286042080815
2025-10-22 00:00:00+00:00,0.004056884916658126,0.0038015227869242036,10264.782037379115,9698.936017303236,41.47478100673867,2.607457837145701,0.33980665785544967,1.796424317006267,0.5101006497717114
2025-10-23 00:00:00+00:00,-0.005605630402923439,-0.006189599398593998,10207.241463111,9638.903488763535,-57.54057426811476,1.929088275536446,0.38373786330245907,0.1791281327481185,0.37586541409485125
2025-10-24 00:00:00+00:00,-0.002252256783256188,-0.0029452772355468906,10184.252134287375,9610.514245742446,-22.989328823625566,4.9531237239443655,0.48270319779445786,-0.03591272427564243,0.9705117179494516
2025-10-25 00:00:00+00:00,0.004891215166459649,0.0045219420467926385,10234.06550278565,9653.972434201569,49.81336849827546,4.1283757112644,0.5310490322091549,1.6957552956794921,0.8107371374605655
2025-10-26 00:00:00+00:00,-0.001731303477675879,-0.002378867016686586,10216.347229589914,9631.006917597846,-17.718273195735538,3.1691935966775318,0.5273831294092305,1.5506666819013273,0.6193420583080882
2025-10-27 00:00:00+00:00,0.0008407158805944553,0.0003896179339719241,10224.936274947497,9634.75933061515,8.589045357583409,3.1931557714659284,0.4909363753980685,1.1525401934156299,0.6251071346160779
2025-10-28 00:00:00+00:00,0.0031164253898331344,0.0028538288229687306,10256.801525964169,9662.255284495226,31.86525101667221,2.6469261246718503,0.4568183921528825,1.2655526197710496,0.5177393880013089
2025-10-29 00:00:00+00:00,-0.006241459133530514,-0.0071095130844182645,10192.78411839913,9593.561354125117,-64.01740756503878,3.3009552424278077,0.5728924630818245,0.8026750995599221,0.6436617173632028
2025-10-30 00:00:00+00:00,0.004406454619781699,0.0041475995086590126,10237.698159066087,9633.351604483776,44.914040666957376,3.6619126983460486,0.6234433146920095,0.8384342952598856,0.7185304144205079
2025-10-31 00:00:00+00:00,0.004008284365239357,0.003707981898008613,10278.733764533112,9669.071897850354,41.03560546702435,2.934708373162473,0.4706188447137755,1.909984882570027,0.5733141039255226
2025-11-01 00:00:00+00:00,-0.015787290479769598,-0.017222521630229203,10116.460408828212,9502.546097945386,-162.2733557048999,3.6133014742760725,0.6374067741248184,0.0017359516682415865,0.7030635401305578
2025-11-02 00:00:00+00:00,-0.0004410106219023125,-0.0009501303952623124,10111.998942331864,9493.517440065347,-4.461466496347453,4.795819467488246,0.6969393009238869,-0.9255673847203923,0.9481220256253136
2025-11-03 00:00:00+00:00,0.004315093087338184,0.0042356467182348275,10155.63315906709,9533.728626054864,43.634216735227255,2.7751610508020685,0.36281137983775574,0.28505831506954454,0.5488847589143648
2025-11-04 00:00:00+00:00,0.01002295739905617,0.010407990195767993,10257.422637580863,9632.955580123957,101.78947851377168,3.1597558578244103,0.49664869630835223,-1.0938801094527628,0.6222666392795679
2025-11-05 00:00:00+00:00,0.0005548501002714281,0.0003779993762744191,10263.11396955985,9636.596831324923,5.691331978988158,3.9424539035261756,0.5559140210120014,-2.4482871465160594,0.7687026347304675
2025-11-06 00:00:00+00:00,0.02383219431936337,0.02507719217114107,10507.706496004173,9878.255621939867,244.5925264443231,3.1109795143217918,0.47247144122932205,-0.6497151261722338,0.606244756425561
2025-11-07 00:00:00+00:00,0.06517909017508629,0.06914270078911154,11192.58924524057,10561.264894726013,684.882749236396,3.2540673383985954,0.5669572832902384,-1.9475481714399292,0.6193677639618196
2025-11-08 00:00:00+00:00,-0.002240413445061557,-0.0026625297310900256,11167.513217810481,10533.145212945888,-25.07602743008836,2.733574736682472,0.5126528998235862,-0.20257328646903727,0.4884615484026399
2025-11-09 00:00:00+00:00,-0.009768761703222516,-0.010225868410735374,11058.420442368104,10425.434656047137,-109.09277544237828,0.6792863920916871,0.10727167672016112,-2.1687766124382435,0.12165401174691762
2025-11-10 00:00:00+00:00,0.00041645328606677124,0.0004932065720406149,11063.025757900035,10430.57654893588,4.605315531932155,0.6933486394946988,0.10461168165034022,-1.3345376779553193,0.1253974097129231
2025-11-11 00:00:00+00:00,-0.009357833696084582,-0.010095924780592923,10959.499802682107,10325.270232679606,-103.52595521792861,1.2814149477303463,0.1990576414414659,0.29988844917274776,0.23165722936427155
2025-11-12 00:00:00+00:00,-0.002676278745849871,-0.0029965474931347375,10930.169126295043,10294.330070047932,-29.330676387063974,1.3073211736682597,0.21832624684746477,0.08383882409510354,0.23857314607521055
2025-11-13 00:00:00+00:00,0.0053654730352738775,0.0056393768637204335,10988.814654013162,10352.383676872461,58.64552771811909,0.9177353746870073,0.15973264736537918,-0.4855471284631552,0.1679270218205834
2025-11-14 00:00:00+00:00,0.006698914233380329,0.007010432532223199,11062.42778090691,10424.958364186865,73.61312689374711,1.258178227034272,0.17524022733113603,-0.3949788750214178,0.2289925286117698
2025-11-15 00:00:00+00:00,0.002674508014800208,0.002744170738154244,11092.014332670095,10453.566229876344,29.58655176318401,1.2470064174974085,0.20446481376806283,-0.47278515755939143,0.22544895970298076
2025-11-16 00:00:00+00:00,-0.0013719942342247714,-0.0015721652956582628,11076.796152959732,10437.131495833866,-15.218179710361895,1.4485686674336993,0.29390399742593415,-0.5259183327447546,0.2611912722051084
2025-11-17 00:00:00+00:00,0.005410154452192416,0.005731324121215551,11136.723330982695,10496.950079332237,59.92717802296292,1.1771917921896353,0.16089929585651072,-1.2294965634544068,0.21255095353092482
2025-11-18 00:00:00+00:00,-0.007010710170643028,-0.0074375655339637275,11058.646991458538,10418.878325210457,-78.07633952415789,1.108902296276693,0.2191701595013187,-1.3326578581566422,0.19914336799437118
2025-11-19 00:00:00+00:00,-0.00027652091552779717,-0.0004470176084274323,11055.589044267961,10414.220903139025,-3.0579471905768347,1.5374083797105262,0.21363896423741183,-0.1515724630927831,0.27804637961551487
2025-11-20 00:00:00+00:00,0.0014050474573713888,0.0015350136130362854,11071.122671544354,10430.20687399451,15.533627276391682,1.1626431677455502,0.19093300847127428,-1.805919755310583,0.21032677012327097
2025-11-21 00:00:00+00:00,-0.005483583036261961,-0.005813712346313151,11010.413251070298,10369.568651516567,-60.70942047405582,0.8299011437861098,0.16395867896615962,-1.0650578188659088,0.14992176826279238
2025-11-22 00:00:00+00:00,0.00041677753606264063,0.0004589082389501741,11015.002143976111,10374.327332005107,4.588892905812528,1.464872106606591,0.26156438990180075,-1.8962240792362635,0.26608848790742595
2025-11-23 00:00:00+00:00,-0.005762993766827625,-0.006112784259045186,10951.522755278784,10310.911307191844,-63.47938869732725,1.0868221324070204,0.17977455848428933,-1.3299605749555028,0.19733489257673584
2025-11-24 00:00:00+00:00,-0.005809281988892526,-0.00632038854285281,10887.902271385596,10245.742341499497,-63.620483893187696,1.9457715503153414,0.30538383943263836,-0.7026735905888548,0.3553426484691278
2025-11-25 00:00:00+00:00,-7.529143376272457e-05,-0.0004119262635500419,10887.082505612914,10241.521851139467,-0.819765772681047,2.7184697230247687,0.3962576900790715,0.28599717424545723,0.49935601096809185
2025-11-26 00:00:00+00:00,-0.004202288794408356,-0.004541986396920476,10841.331840795778,10195.004998207827,-45.750664817136396,1.4729187325980857,0.21618290226911793,-0.9229135203643303,0.2705809810550644
2025-11-27 00:00:00+00:00,-0.004177759332186243,-0.004748695537508408,10796.039365524564,10146.592023467962,-45.292475271212425,2.259724877159058,0.3126828395882743,0.5480917519056694,0.41687219067601
2025-11-28 00:00:00+00:00,0.005329857909313969,0.005452341202839115,10853.58072132617,10201.914705225914,57.541355801606066,2.0651930822021702,0.29002175159548116,-0.13654079014465978,0.3825834664510461
2025-11-29 00:00:00+00:00,0.0015755586343636381,0.001475719726412712,10870.681174145418,10216.969872003596,17.100452819248172,1.77020508541444,0.2837270398176602,-0.00864608366573981,0.32619743306209886
2025-11-30 00:00:00+00:00,0.00022518569227141595,6.476144292860091e-05,10873.12909601108,10217.631537714864,2.447921865661785,1.369584638037926,0.22656750214475313,0.19010401421010997,0.2519777033467443
2025-12-01 00:00:00+00:00,0.0036961526353479833,0.0036796348788793376,10913.31784077378,10255.228691100578,40.18874476270019,1.9794990168848912,0.4398833878459672,0.17220897225619156,0.36410843638582213
2025-12-02 00:00:00+00:00,-0.011629362168844205,-0.012618019061945958,10786.402915139712,10125.828019991655,-126.91492563406712,2.0632448770394434,0.44309322669131374,-0.0205926288756684,0.37811505302830156
2025-12-03 00:00:00+00:00,0.0005767072759940381,0.0002239635555677884,10792.623512182676,10128.09583643808,6.220597042964375,3.255286661684107,0.7519318892508648,-0.05443795439586663,0.6035907776289372
2025-12-04 00:00:00+00:00,0.005756465425213104,0.005911463373848548,10854.750876277898,10187.967704022012,62.127364095221594,1.6749873244863673,0.3258686452376863,0.25464054156585414,0.3103948400675049
2025-12-05 00:00:00+00:00,0.0052117469004919524,0.00535764958248885,10911.323090512951,10242.551264937876,56.57221423505364,1.056045358855443,0.22668170080828828,0.7059262595265012,0.19457753952941237
2025-12-06 00:00:00+00:00,-0.0016000485315259903,-0.001938054970488382,10893.86444402497,10222.700637548382,-17.45864648798088,0.7975346290392011,0.1424019504791573,1.4520443219956745,0.14618477015544196
2025-12-07 00:00:00+00:00,0.006728739746907533,0.007065975985597363,10967.166422706903,10294.93399476125,73.30197868193355,0.7099872174713646,0.19495165684404242,0.16368259475042146,0.1303462552007017
2025-12-08 00:00:00+00:00,-0.004079087773517948,-0.004595601321023745,10922.430388241903,10247.622582495072,-44.7360344650003,1.6012091380087152,0.4530037565689891,0.521164906599061,0.29200051796305404
2025-12-09 00:00:00+00:00,-0.003979721645912359,-0.0041759334119272126,10878.962155599846,10204.829192960011,-43.468232642057224,0.8962954126820424,0.2190623574560754,-1.7902008771343394,0.16412014191400345
2025-12-10 00:00:00+00:00,0.0036346703471711837,0.004305282933657692,10918.503596754801,10248.763869925353,39.54144115495626,1.6792600867468184,0.41936444541617146,-6.491860342549256,0.3087169644914032
2025-12-11 00:00:00+00:00,0.005281921476539936,0.005500436259485428,10976.174275394178,10305.136542330394,57.670678639377726,1.0113030186797356,0.21990664123039144,0.06679657442598631,0.18524571791693417
2025-12-12 00:00:00+00:00,0.00325416295930261,0.0032038883563299345,11011.892535156016,10338.153049308756,35.7182597618379,1.8394346069796077,0.29649543375054344,0.5658227427452776,0.3351686226599294
2025-12-13 00:00:00+00:00,0.0005280260809267036,0.0003663253933841663,11017.70710161494,10341.94017729141,5.814566458924453,1.317815940684933,0.29897238084276984,0.4106501547430018,0.2393441338948305
2025-12-14 00:00:00+00:00,-0.0004698224087740675,-0.0007198163854452928,11012.530735925293,10334.4958792945,-5.176365689647881,1.2174657491803658,0.21744497980749553,0.8330215782736121,0.22100165450975068
2025-12-15 00:00:00+00:00,0.0013142548939542953,0.0012292490186114446,11027.004008339805,10347.199548211967,14.473272414511914,1.2364236279207284,0.23167486428476078,0.30150500483964154,0.2245484998079947
2025-12-16 00:00:00+00:00,-0.00019780075266857415,-0.00041157680214364505,11024.822858647276,10342.940880910772,-2.1811496925289977,1.7950424070951962,0.4041389990064733,-0.12166379743541722,0.32557209659805914
2025-12-17 00:00:00+00:00,0.0057306177958942935,0.005974473046274143,11088.001904717623,10404.73450242298,63.17904607034628,1.1082260034392954,0.28269276055462295,-0.005494205855987144,0.20104196097265414
2025-12-18 00:00:00+00:00,0.00545522245260124,0.0057305928217012275,11148.489421662724,10464.359799274273,60.48751694510089,0.6614847436736658,0.17559104459939825,0.0251443055356017,0.11931540945934059
2025-12-19 00:00:00+00:00,-0.007130585846752084,-0.0077204206338574045,11068.99416077995,10383.570539959848,-79.49526088277355,0.9543731032097902,0.22315363862671353,0.11647168981496514,0.171211195905221
2025-12-20 00:00:00+00:00,-0.008694666439050017,-0.009572835277298396,10972.752948736175,10284.170329590605,-96.24121204377404,1.8471013773562415,0.5404891151365965,0.7714078329771247,0.33374331046283434
2025-12-21 00:00:00+00:00,0.006541315609939938,0.0065610244031611056,11044.529188883758,10351.645022089313,71.77624014758243,1.8304840381438479,0.4915106505818791,1.979552960147364,0.33364171173737767
2025-12-22 00:00:00+00:00,-0.0019433509875945354,-0.0022524849299712904,11023.065792177023,10328.328097676644,-21.463396706733924,1.3162172189578625,0.40242339981837005,0.13488708715834447,0.2383473657315562
2025-12-23 00:00:00+00:00,-0.005970818232476427,-0.006592389122559097,10957.249069967305,10260.239739871298,-65.81672220971778,1.0825302843057842,0.2477726313395947,0.9413326799818216,0.19641183400611592
2025-12-24 00:00:00+00:00,-0.0007689316890621738,-0.0011078739616375434,10948.82369393246,10248.872687423336,-8.425376034844893,1.630412360058277,0.3862359105887308,0.9250281424702709,0.2975951992415815
2025-12-25 00:00:00+00:00,0.0022154559383456463,0.002020490140371829,10973.080330403081,10269.5804336382,24.256636470622183,2.643977828800656,0.5723698843547848,0.3325425426017625,0.48297020807191854
2025-12-26 00:00:00+00:00,-0.006260072456679249,-0.007204929007185811,10904.388052461796,10195.588835680253,-68.69227794128517,3.498681897880173,0.8471277298098435,0.9535103889725114,0.6376845502873765
2025-12-27 00:00:00+00:00,-0.008704748457400359,-0.009852754713608233,10809.468097383235,10095.134199721493,-94.91995507856173,3.9318410655721303,1.0367820929892089,0.5660577216370235,0.7211484123007655
2025-12-28 00:00:00+00:00,-0.0016902181474104745,-0.002329051744018407,10791.197738241182,10071.622109807531,-18.270359142051717,4.151820053567259,1.0938781217251488,-0.003967403382911409,0.7681821188911848
2025-12-29 00:00:00+00:00,-0.0006326289552087467,-0.0010971516938455424,10784.370914090588,10060.572012549983,-6.8268241505945095,3.3674358432312848,0.7359946674192539,0.11984259630250108,0.6241078932875028
2025-12-30 00:00:00+00:00,0.001467535971753168,0.0010578088373232734,10800.197366339746,10071.214174533385,15.826452249156533,2.952594807794397,0.6726306974814035,1.5590647604781696,0.547569224262606
2025-12-31 00:00:00+00:00,0.00847725901132648,0.008514424756471557,10891.753436787654,10156.964769828759,91.55607044790814,3.0545136138949265,0.5783745223421869,2.172587016296715,0.56564033235443
2026-01-01 00:00:00+00:00,-0.015306340570729257,-0.016933261325838587,10725.040549271771,9984.974231103914,-166.7128875158827,3.4256406547131037,0.9995075235336675,0.8525030307168477,0.6290338235426381
2026-01-02 00:00:00+00:00,-0.01363207121792956,-0.015297332456653386,10578.836032688916,9832.2307607196,-146.20451658285515,5.477865160745853,1.1597444605893092,-0.09865581987674543,1.0215094545479921
2026-01-03 00:00:00+00:00,0.00012992697922175486,-0.00034026428760930015,10580.210508898326,9828.885203724194,1.3744762094095244,3.472411726520551,0.8150651150550561,0.4325563632404196,0.6564827577988157
2026-01-04 00:00:00+00:00,0.002293868588591104,0.0019539202755649784,10604.48012144537,9848.090061809951,24.26961254704337,4.271971309356184,0.9682547820765469,-0.17547163014667744,0.8075399455924449
2026-01-05 00:00:00+00:00,-0.0066124723241362945,-0.007786966857630588,10534.358290130458,9771.403310887676,-70.12183131491099,4.630365911093769,0.8380095000418945,1.0965441962286062,0.8732848490572981
2026-01-06 00:00:00+00:00,-0.006567835308439621,-0.007576952757579946,10465.170359800786,9697.36584962582,-69.18793032967245,3.793893184766804,0.7040069692527161,0.3516307781642188,0.7202893769658977
2026-01-07 00:00:00+00:00,-0.004828836673862826,-0.005579213799048465,10414.635761369158,9643.262172263167,-50.53459843162827,2.863502547946057,0.6287769739065671,0.07679940917282066,0.5472443256051431
2026-01-08 00:00:00+00:00,-0.006104086415374613,-0.007352072421249699,10351.06392469711,9572.36421039559,-63.57183667204812,4.815222089007843,0.7301207539007859,1.78078235261973,0.9247029275606296
2026-01-09 00:00:00+00:00,0.0016313531241449002,0.0005469994867713964,10367.950165168888,9577.600288705866,16.8862404717782,3.6791894712150817,0.7763923330307125,7.194580357257137,0.7108814123805619
2026-01-10 00:00:00+00:00,0.0017146076564970294,0.0014544171646793532,10385.727131904267,9591.530114962197,17.776966735378217,2.7552022883382823,0.5560691041405113,0.5358690865676833,0.5314844775381695
2026-01-11 00:00:00+00:00,0.004020458167609996,0.003853686105723912,10427.4825133783,9628.492861298859,41.75538147403325,2.679626357110069,0.5882873673833207,1.5247214128775628,0.5160209435656044
2026-01-12 00:00:00+00:00,0.004955933533169493,0.004772267550409958,10479.16042363289,9674.44260534019,51.677910254590024,4.085053066913674,0.8918983021365204,0.7512148442093545,0.7835166468363987
2026-01-13 00:00:00+00:00,-0.01796757006954514,-0.019778744646880758,10290.875374451261,9483.094275448262,-188.28504918162827,2.536271113402921,0.6297273419333349,-0.10271774503713049,0.48405998398174205
2026-01-14 00:00:00+00:00,-0.0003332681690378537,-0.0009386968940841329,10287.445753257422,9474.192524305592,-3.4296211938401093,4.660616019523594,1.2237822102459426,-0.41226828093934137,0.9057763989824066
2026-01-15 00:00:00+00:00,0.014059870574678102,0.014839862227321756,10432.085909092242,9614.78823608141,144.64015583482123,2.9601515318966243,0.7192214257821938,0.3650711013257032,0.5754881440729485
2026-01-16 00:00:00+00:00,-0.014583964414621137,-0.016256136697998354,10279.94473942377,9458.488924193363,-152.14116966847186,2.9003561398560316,0.6724126743376171,0.5853734053803733,0.5560452943218541
2026-01-17 00:00:00+00:00,-0.0038697308133607547,-0.004601215239600228,10240.164120505977,9414.968380811775,-39.78061891779396,2.565189810860034,0.5505862185148725,0.6241484344196053,0.4990668482919924
2026-01-18 00:00:00+00:00,0.006047439605232274,0.006105754130873269,10302.090894572404,9472.453862894958,61.92677406642636,2.6620548962030584,0.6419137890475936,1.1373232979929933,0.5199242638840682
2026-01-19 00:00:00+00:00,-0.006401857244331092,-0.007297281680996392,10236.138379347229,9403.33069884717,-65.95251522517573,2.201103996352407,0.5478254437596027,0.4217193824991435,0.4273120901140653
2026-01-20 00:00:00+00:00,-0.006653023396391374,-0.007534962085294119,10168.037111220732,9332.476958555875,-68.10126812649679,2.6467511123121676,0.6778640992311966,-0.5721430467444883,0.5171385954790022
2026-01-21 00:00:00+00:00,-0.007312915629709293,-0.008596544031827276,10093.679113706621,9252.249909455637,-74.35799751411022,4.89156583880124,0.9069019760517788,0.07058377127583598,0.96214555184958
2026-01-22 00:00:00+00:00,0.0034804339450932383,0.003382726314314495,10128.809497124845,9283.547738690966,35.130383418223154,3.1657898392929367,0.7172679904302407,-0.05050364682951161,0.6272816489666252
2026-01-23 00:00:00+00:00,-0.0027759862124689685,-0.003575536902786226,10100.6920616121,9250.3540711625,-28.117435512743317,3.0618710168602026,0.7090093631318716,1.305351635731778,0.6045865543683772
2026-01-24 00:00:00+00:00,-0.00592850911913743,-0.006980145994416594,10040.810016615234,9185.785249245739,-59.88204499686639,3.4874148392055107,0.8176247771561885,0.3817373035320635,0.6905298801177211
2026-01-25 00:00:00+00:00,-0.0005550638565771984,-0.0012551465835898127,10035.236725884253,9174.255742272559,-5.573290730981416,4.545663063565236,0.937727469511016,0.4728257091228181,0.9054375206867189
2026-01-26 00:00:00+00:00,-0.0066425017687782705,-0.007704482989407128,9968.577648182458,9103.572844965749,-66.65907770179481,3.851529833033676,0.6953672848888904,-0.5230775129077953,0.767601191330003
2026-01-27 00:00:00+00:00,-0.0010388792570244015,-0.0018599322473976158,9958.221499641724,9086.640816264864,-10.356148540733846,4.952692627245019,1.2736150733241585,0.34957245958202776,0.9936608415039089
2026-01-28 00:00:00+00:00,-0.011128801991553394,-0.012842323588102703,9847.398424384182,8969.947234573528,-110.82307525754264,4.861566859856153,1.1589666137744112,-0.15002703983814447,0.9763925938042375
2026-01-29 00:00:00+00:00,0.005252907261840065,0.005177783796390993,9899.125895077863,9016.391682019186,51.72747069368008,3.650075024677415,0.6939203370368202,0.9390278863088388,0.7413277837198258
2026-01-30 00:00:00+00:00,0.0046206174729125854,0.00468990986966328,9944.86596915522,9058.677746357438,45.74007407735821,4.364321866195343,0.8318881068961161,-1.7422002339849412,0.8817590386168163
2026-01-31 00:00:00+00:00,0.007248806843428581,0.00788766804043255,10016.954381649413,9130.12958930596,72.08841249419237,3.406933346185071,0.5763948914141817,-3.3467586919280046,0.6851642559591936
2026-02-01 00:00:00+00:00,0.008916394069605276,0.009544677900608733,10106.26949429346,9217.273735426703,89.31511264404541,4.667219335843236,1.4038976053382333,-3.900150417878536,0.9318639494641926
2026-02-02 00:00:00+00:00,-0.0016096111525669063,-0.0019857419594739344,10090.002330204597,9198.97060821831,-16.26716408886146,3.5079433764132872,0.9099781697090641,-2.3819584265899554,0.694211326621373
2026-02-03 00:00:00+00:00,0.014641544382942753,0.015722168178015666,10237.735547146283,9343.59837118534,147.7332169416864,2.4996114765421464,0.8714295587674474,-0.26558706065451887,0.49546301274074356
2026-02-04 00:00:00+00:00,0.009545098151657378,0.009767668856995903,10335.455737794506,9434.863546007846,97.72019064822302,3.9944851944238935,1.0572408540751028,1.4032897772193231,0.7803454535485312
2026-02-05 00:00:00+00:00,0.02184904420062736,0.02308880375722447,10561.275567043205,9652.703258897813,225.81982924869982,3.902833560737723,0.9760429391415618,3.101239858854406,0.7552320206773103
2026-02-06 00:00:00+00:00,-0.02491866403441498,-0.02824957611133378,10298.10268941318,9380.018483505459,-263.1728776300252,1.8016484040428036,0.43700738905764797,7.273241969227757,0.34118007670681455
2026-02-07 00:00:00+00:00,0.0019783633851697922,0.001680869768578946,10318.476078710633,9395.785073003095,20.3733892974536,6.323986059038401,1.7940631417935748,-3.511249401014431,1.2281846957186953
2026-02-08 00:00:00+00:00,0.0042408476790459955,0.0032222341279117385,10362.235164040325,9426.06049232385,43.759085329691615,2.5244801580642844,0.6514692605469639,10.307716590326107,0.48931259593126586
2026-02-09 00:00:00+00:00,0.00685428515482979,0.007865405552352133,10433.26087869606,9500.200280856981,71.02571465573683,3.0891419593662017,0.9177925280751296,-7.1210083648355855,0.5962308151597128
2026-02-10 00:00:00+00:00,0.015358995405180268,0.018165320546770652,10593.505284593,9672.77446421727,160.24440589693984,1.8643861347451702,0.6023981065554536,-14.7965617046484,0.35739279529607226
2026-02-11 00:00:00+00:00,0.008660155800542135,0.010288742582158882,10685.246690831442,9772.29515073488,91.74140623844184,1.5689851382145612,0.40387586635555284,-9.752141283739547,0.2962164262090782
2026-02-12 00:00:00+00:00,-0.011112632479929047,-0.011486053258837245,10566.505471398854,9660.050048172463,-118.74121943258785,1.1403019985887968,0.3382865226942304,-7.974705391453105,0.213434847427012
2026-02-13 00:00:00+00:00,-0.0014498217897180893,-0.0014780128215522881,10551.185921525244,9645.772370344428,-15.31954987360947,2.327626349826578,0.6883612094211098,-4.057859604821458,0.44056691327647296
2026-02-14 00:00:00+00:00,-0.0038612893518934835,-0.004610302020490742,10510.44473967661,9601.302446496235,-40.74118184863386,2.5497938957261406,0.7836022993406092,0.39534580449209034,0.48331892067684284
2026-02-15 00:00:00+00:00,-0.0031013365463733603,-0.004025724379804698,10477.848313286813,9562.650249159497,-32.59642638979671,4.347412748419107,1.1620698545825532,0.5462883439400066,0.8272557167838496
2026-02-16 00:00:00+00:00,0.005508240276575315,0.005734737783094039,10535.562819377907,9617.489540849865,57.714506091093156,1.5324256688029518,0.3708426757037107,0.9719460562179041,0.29250770253272407
2026-02-17 00:00:00+00:00,0.002695305137121346,0.002699989259504832,10563.95937596744,9643.45665931356,28.396556589533922,1.6307241634349912,0.4757057529444593,0.32300820945977765,0.30956564758659577
2026-02-18 00:00:00+00:00,0.011075532116875664,0.011619353751921352,10680.960847317338,9755.507393629447,117.0014713498972,1.9176676100803929,0.40649223998548006,2.626577183945365,0.3630584976392479
2026-02-19 00:00:00+00:00,0.01618352282592445,0.016219577235151515,10853.816420992704,9913.737599268512,172.85557367536546,1.9929406288983555,0.5144456078528566,12.117981799549774,0.37317628205685416
2026-02-20 00:00:00+00:00,0.004357349961855438,0.003848194744551855,10901.110297560703,9951.887592196883,47.29387656799848,3.5866509959724335,0.8033148619519108,4.753917781702925,0.6609013561414915
2026-02-21 00:00:00+00:00,0.0038611634803018507,0.0040665961738660245,10943.201266536387,9992.357900202056,42.09096897568383,2.2239118416484795,0.6024993193588885,-1.2057501904961496,0.4080156572943061
2026-02-22 00:00:00+00:00,0.010423821142782388,0.011493590189619374,11057.271239268232,10107.205966934984,114.069972731845,2.0152478314459223,0.5026269617037668,-3.295968794232683,0.368310475584219
2026-02-23 00:00:00+00:00,-0.010408005140284808,-0.011670867288401209,10942.187103372404,9989.246107438348,-115.08413589582712,1.2131948109919946,0.30805106712236746,1.354477722693552,0.21943837403273894
2026-02-24 00:00:00+00:00,-0.0061928855159736175,-0.0071233549343126925,10874.423391346856,9918.089161888864,-67.76371202554827,1.4724598675605038,0.37652609363880024,1.5442475627372463,0.2691344707689542
2026-02-25 00:00:00+00:00,-0.027718480996387233,-0.03070593437440176,10573.00089322714,9613.544966964439,-301.42249811971664,1.4316223005952897,0.38256538746585766,1.3075091166470494,0.2633008204801883
2026-02-26 00:00:00+00:00,0.005725385814560091,0.005436488688185361,10633.535402558553,9665.808895430702,60.53450933141384,4.653611472389965,1.5174688190216055,2.099500573738789,0.8802820541462317
2026-02-27 00:00:00+00:00,-0.006684091581025424,-0.007741554723718923,10562.459878097776,9590.980506917716,-71.07552446077742,1.794278873323291,0.4335385586276505,1.5250466202575783,0.3374755065735835
2026-02-28 00:00:00+00:00,0.0028490169859754213,0.0027415945558709543,10592.55250570416,9617.275086860947,30.092627606384443,2.1378199327337026,0.605160816293993,1.0550669141266893,0.40479584441625516
2026-03-01 00:00:00+00:00,-0.0030649758871666892,-0.003931148864144814,10560.08658769063,9579.468146827066,-32.46591801353034,3.2298746794384052,0.9829624958635911,1.1281848450492973,0.609838785826003
2026-03-02 00:00:00+00:00,0.006103152619520398,0.00635908607763589,10624.536407810656,9640.384809350711,64.44982012002629,1.5541988345238036,0.33780220195182176,1.6411565599061857,0.2943534262939579
2026-03-03 00:00:00+00:00,-0.0002827109023898171,-0.0006493370329661739,10621.532735535331,9634.124950481955,-3.0036722753256164,1.8325278083617473,0.5594396837988135,0.864219101269788,0.34496146241535014
2026-03-04 00:00:00+00:00,-0.004965674959270698,-0.005818872046226799,10568.78965640141,9578.06521011774,-52.743079133921796,1.5849367079409549,0.4316189674617801,1.3001055548910652,0.29843841701648216
2026-03-05 00:00:00+00:00,0.003503671955397161,0.003328950126117427,10605.819228323035,9609.950111506923,37.02957192162522,2.4156358943030694,0.685178821473691,2.043855816666062,0.45712630733263626
2026-03-06 00:00:00+00:00,-0.007207985958454802,-0.008735652364638184,10529.372632247372,9526.000928091284,-76.44659607566237,2.0202389073641633,0.5681883807409128,4.914160051872996,0.38096800706711614
2026-03-07 00:00:00+00:00,0.006521541345990911,0.006277241544997001,10598.040371215919,9585.797936874778,68.66773896854639,1.902554925500986,0.4678152256546567,6.500360033896149,0.36138049092767416
2026-03-08 00:00:00+00:00,-0.0016525449544340788,-0.0023222526605745698,10580.526633073578,9563.53729211214,-17.513738142341538,1.6304532113029655,0.42317843529088506,2.6932749737022865,0.3076895641445651
2026-03-09 00:00:00+00:00,0.001863907107869137,0.001724570549688998,10600.247751869962,9580.030286876969,19.72111879638455,1.7765416422696445,0.444425936799697,1.0071564524861434,0.33581346257687555
2026-03-10 00:00:00+00:00,-0.003562961602326893,-0.0040817252593130186,10562.479476154896,9540.92723527004,-37.76827571506465,1.6252614930783038,0.4210625371073987,-0.7115481383208784,0.3066459447217346
2026-03-11 00:00:00+00:00,-0.0034394623567825648,-0.004104301720555601,10526.150225602374,9501.768391202624,-36.32925055252319,2.075924695004137,0.6202373141562071,0.13343150573107507,0.3930752622413321
2026-03-12 00:00:00+00:00,-0.0018334812022062085,-0.0023512328948513093,10506.850727032133,9479.42752080197,-19.299498570240594,2.2017219832478188,0.5695901534177157,0.2700596937478869,0.41833375660792865
2026-03-13 00:00:00+00:00,-0.004025209748104416,-0.00458107766491453,10464.558449063805,9436.001527110247,-42.29227796832772,1.0400116501097956,0.28244866486317477,-0.18874459157867196,0.19796829271287597
2026-03-14 00:00:00+00:00,0.002893505803821736,0.00241369887993447,10494.837709670603,9458.777193427293,30.2792606067979,1.462453039412002,0.43885352631803975,5.602287724021908,0.2795059240254591
2026-03-15 00:00:00+00:00,-0.0038843686555621788,-0.0047413560304594435,10454.071891025946,9413.929763140464,-40.765818644656456,1.930631348653012,0.4519781516117758,1.6990021419075036,0.36792019125250636
2026-03-16 00:00:00+00:00,-0.017517953456740114,-0.019673595774572842,10270.937946205539,9228.723914330218,-183.13394482040763,1.6224043924558438,0.42799142629594394,0.021508171086327965,0.3103870739302183
2026-03-17 00:00:00+00:00,0.005657657791432825,0.005816929491493403,10329.047398302211,9282.406750636335,58.10945209667282,2.87986420508284,0.715215874951226,0.8315357105208738,0.5607792044244153
2026-03-18 00:00:00+00:00,0.0065436988095089405,0.006688020735880777,10396.637573465843,9344.487679463471,67.5901751636316,2.8487037934323007,0.684676600090814,1.9758659429729666,0.5515908066992786
2026-03-19 00:00:00+00:00,0.0004001228366532976,-0.00016196817724925305,10400.797505583394,9342.9741698267,4.15993211755141,3.066149758772884,0.8835343523667079,1.723757643182619,0.5898348840394839
2026-03-20 00:00:00+00:00,0.004472624034171188,0.004548630166675625,10447.316362481413,9385.471903982045,46.51885689802003,2.872192864781635,0.7690073688134174,0.3799225090800877,0.5523024293550132
2026-03-21 00:00:00+00:00,0.0011524440821503604,0.0010394370855572731,10459.356310397709,9395.227511544499,12.039947916294334,1.9596070273007895,0.4873862335573389,-0.16265290701856117,0.3751407460653082
2026-03-22 00:00:00+00:00,0.003136003398916289,0.003128284320925397,10492.156887337593,9424.618454460391,32.80057693988375,2.198653079031069,0.6170137788535179,0.5939671661075665,0.4204184299267776
2026-03-23 00:00:00+00:00,0.000688303580595739,5.7208228048953214e-05,10499.37867649132,9425.157620182208,7.221789153726709,2.9505135436138463,0.7261605452544119,3.0059493430413076,0.5624226887370811
2026-03-24 00:00:00+00:00,-0.0015233954294354088,-0.0023093355010283343,10483.38397100364,9403.391769087133,-15.994705487678468,2.494972425946643,0.6518016855456644,2.6243714959037274,0.47526096597182876
2026-03-25 00:00:00+00:00,0.0028552100846863035,0.0027168591330445605,10513.31623463929,9428.939459896574,29.93226363564834,1.7912377004091091,0.5073472513214335,2.0859878744773708,0.34172891222215196
2026-03-26 00:00:00+00:00,0.0069583319570044,0.007221249563621499,10586.471378968872,9497.028184856765,73.15514432958373,2.0540057867762775,0.6916458544835872,2.320767728132217,0.39074365137210204
2026-03-27 00:00:00+00:00,0.014644483648757579,0.015573864991166718,10741.504785976222,9644.93361962503,155.03340700734975,2.0048329587050753,0.6747187949075795,4.448420485472715,0.3787537673200316
2026-03-28 00:00:00+00:00,0.008784459456214692,0.009175828423714349,10835.863099267366,9733.433875676823,94.3583132911442,3.116599933454078,0.9107582799591615,1.8306990259374856,0.580291122250025
2026-03-29 00:00:00+00:00,0.0009900336844382148,0.0008855161440724093,10846.590968735602,9742.052988510995,10.727869468235763,2.0329947752650295,0.5986410868416553,-0.522879228044027,0.37523448877874516
2026-03-30 00:00:00+00:00,-0.002089381765448879,-0.002655398587164174,10823.928299348243,9716.183954769225,-22.66266938735866,2.3306153714637645,0.5399879528763011,0.3357610300718854,0.42974154334418435
2026-03-31 00:00:00+00:00,-0.003741565875884243,-0.004610017824102862,10783.429858580384,9671.392173555478,-40.49844076785915,3.0583600495377756,0.9200054068656058,0.31497498948582425,0.5651109218308353
2026-04-01 00:00:00+00:00,-0.00393748611005374,-0.00480146049627713,10740.970253293486,9624.955366090147,-42.459605286899034,2.9133170253143,0.7275930476231319,0.3362921054939746,0.5403321695455128
2026-04-02 00:00:00+00:00,0.0006214489714314397,0.00031630446554831463,10747.64521820957,9627.999782453146,6.674964916084927,2.4678220824305983,0.46415480030857414,0.6985716703482276,0.4595156720918939
2026-04-03 00:00:00+00:00,0.002882621847562252,0.0029727469032147977,10778.62661512543,9656.621388990587,30.981396915858873,1.9616795360583537,0.47216288303223575,-0.07405204067205405,0.365043597221596
2026-04-04 00:00:00+00:00,0.0032349700925121973,0.0030540257014111034,10813.495149863717,9686.11295890136,34.86853473828674,3.9394066209379415,0.8186997528642279,0.618858453711133,0.7309663395167342
2026-04-05 00:00:00+00:00,-0.001534919903141012,-0.0022486973436900573,10796.897300935672,9664.331822419996,-16.59784892804462,3.2633226052736317,0.7115972221836117,1.2083677258614647,0.6035648160095137
2026-04-06 00:00:00+00:00,-0.015187672407214716,-0.017520198558509135,10632.917561714721,9495.010809955878,-163.97973922095176,3.8651790021818515,0.747844802951934,0.7282494380312231,0.7159795808832766
2026-04-07 00:00:00+00:00,0.0012491845431705732,0.0008346826157133962,10646.200037981622,9502.936130414959,13.28247626690097,3.8241459491181042,0.7752854626924345,0.757724396009486,0.719303225464188
2026-04-08 00:00:00+00:00,0.016285948840204522,0.017578338586896385,10819.583507142774,9669.981959285044,173.38346916115214,3.627440295743804,0.7188686499316507,1.9913313453916002,0.681452590182876
2026-04-09 00:00:00+00:00,0.002227064683273488,0.001709926894974124,10843.67941945926,9686.51692151114,24.09591231648598,4.170593741469131,0.882147552410919,2.5082087965098583,0.7709342487565859
2026-04-10 00:00:00+00:00,0.0024108509545798253,0.002282458508231668,10869.821914338821,9708.625994473774,26.142494879560964,3.296141427201067,0.6369547499554276,0.10032573977134351,0.6079378225228711
2026-04-11 00:00:00+00:00,0.003931851603737486,0.0038881178704265355,10912.560441065056,9746.374276700175,42.73852672623397,3.4779177264700163,0.5435242015024055,0.9688025718604691,0.6399217492021934
2026-04-12 00:00:00+00:00,0.004726074783420375,0.004580716819730707,10964.134017788125,9791.019657280845,51.573576723068285,3.1485670196406508,0.6086472875377725,3.1709818352186683,0.5770537605074385
2026-04-13 00:00:00+00:00,-0.012574235922195077,-0.015016015487927086,10826.268409965893,9643.997554464519,-137.86560782223248,3.452121335179731,0.7106370658560776,4.993736593059465,0.6297116269427273
2026-04-14 00:00:00+00:00,-0.003219247502682087,-0.004618243324551333,10791.415972423743,9599.459227136624,-34.85243754214867,5.609523175466988,1.0685355595274935,3.007831050751985,1.036280085260635
2026-04-15 00:00:00+00:00,-0.0015717385782103208,-0.0027227659300645504,10774.45468762637,9573.322146605933,-16.96128479737344,4.0949740708161855,0.7583795497854913,4.322442112716261,0.7589317437638274
2026-04-16 00:00:00+00:00,0.030561237512193386,0.03404600710771006,11103.735356399286,9899.255540453676,329.2806687729149,3.355930956297846,0.8613854485428234,-0.8700414796695093,0.6229421448404018
2026-04-17 00:00:00+00:00,0.001522309204596178,0.0009765742666809608,11120.638674937733,9908.922898673782,16.903318538446655,5.488649092207341,1.1145969476367221,0.6327142784966056,0.9886130956902052
2026-04-18 00:00:00+00:00,0.0012431332295800737,0.0007351771646526659,11134.4631104087,9916.20771251519,13.824435470968414,3.538333726386201,0.6002902549067122,2.4009976482666358,0.636354409097104
2026-04-19 00:00:00+00:00,-0.004715437185757412,-0.005950744570242195,11081.959249014435,9857.198893312547,-52.50386139426532,3.128759947539794,0.6337284187364038,2.742469442102026,0.5619956555633062
2026-04-20 00:00:00+00:00,0.005099813466045085,0.005420008643846083,11138.475174022722,9910.62499651841,56.51592500828669,2.06794910885177,0.44015543538025315,0.5817172581906243,0.37321001862295805
2026-04-21 00:00:00+00:00,0.0002443582996887067,2.3832474423545416e-06,11141.196952877372,9910.648615990085,2.721778854649064,1.620492092349069,0.3409382881239856,0.7367290025009219,0.2909719808198521
2026-04-22 00:00:00+00:00,-0.0056576179268760475,-0.006503988986055443,11078.164317269915,9846.18986654702,-63.03263560745581,1.2869083903078438,0.2677872660183948,-0.12858182071692092,0.23101797692849896
2026-04-23 00:00:00+00:00,0.005562894368389151,0.005900735070539663,11139.790975162545,9904.289624403746,61.62665789263046,2.1266386508859445,0.40688308766028386,0.9933782973579819,0.38393340087413147
2026-04-24 00:00:00+00:00,0.0003632104131281683,0.00019489927421465058,11143.837063244795,9906.219963263153,4.046088082250229,1.7528190188787394,0.3498764315579212,0.013053772405584252,0.31469513616312056
2026-04-25 00:00:00+00:00,-0.011102633199669351,-0.013472179875127298,11020.111127894708,9772.761586035494,-123.72593535008747,3.3087217360929024,0.697283661591556,5.726436479886198,0.5938209105741338
2026-04-26 00:00:00+00:00,-0.010046418392570143,-0.01170259187114464,10909.39848077126,9658.394945740121,-110.7126471234483,2.079724582037492,0.3192211039115891,1.2550474859762009,0.377441671486085
2026-04-27 00:00:00+00:00,-0.0018471656282424177,-0.00262164470000621,10889.247014872779,9633.074065820056,-20.151465898480723,3.1064005043164236,0.4664160887701564,1.5965974284990538,0.5694907028635388
2026-04-28 00:00:00+00:00,0.005210505740322161,0.00529243098111229,10945.985498951559,9684.05644544935,56.73848407878057,3.7385894399158706,0.582906532987427,1.4346084765818774,0.6866571094970333
2026-04-29 00:00:00+00:00,0.0007993840585530041,0.00032197449510852963,10954.735545264573,9687.174464633976,8.750046313014227,3.8007352922900655,0.7655481757525012,1.0657436603456034,0.6944528279621989
2026-04-30 00:00:00+00:00,0.0052972752552911595,0.0057350002969340135,11012.765794796762,9742.730413065103,58.03024953218853,1.7241601018150956,0.34045463381285573,0.40968636543313014,0.31477895467050354
2026-05-01 00:00:00+00:00,0.0003417423084076911,-0.0003376374065002418,11016.529322801429,9739.440902836204,3.7635280046671067,5.7062494501870535,0.9864178678622829,0.3603709155161013,1.0362972493037315
2026-05-02 00:00:00+00:00,-0.0004192527403332674,-0.0013111458886538026,11011.910612693882,9726.671074938664,-4.618710107546294,5.3594638178624665,1.1664558470536526,1.625198125077954,0.9729858943450969
2026-05-03 00:00:00+00:00,0.012616380901936548,0.013859523822566331,11150.841071441706,9861.478104416043,138.93045874782348,2.7920307263505606,0.7272965887983512,0.6041019552953094,0.5070928787111788
2026-05-04 00:00:00+00:00,0.0058508532663833586,0.0062647536003257115,11216.083006347473,9923.257834875216,65.24193490576641,2.5405494012778083,0.487822551327734,0.4338324939872985,0.45566955622466554
2026-05-05 00:00:00+00:00,-0.015847291542192814,-0.01825680974455548,11038.33846898445,9742.09080453773,-177.74453736302289,2.9015208743058265,0.5979394691415529,-0.07696736898389539,0.5173857705339342
2026-05-06 00:00:00+00:00,-0.00483233706530222,-0.0064145388523039176,10984.997496861424,9679.59978456935,-53.34097212302492,7.691076294280667,1.5834751416745103,-0.12450359060010621,1.3935206491250602
2026-05-07 00:00:00+00:00,0.0025061672309255973,0.002516636552890514,11012.527737619857,9703.959819204547,27.530240758433813,2.1549404356950244,0.4346663087166097,0.5805993788238091,0.3923424536620464
2026-05-08 00:00:00+00:00,0.02792086058561514,0.030916879694483625,11320.00698927716,10003.975977494996,307.47925165730373,5.897367981354311,1.3228120394469798,0.2429133460523514,1.0710289448276862
2026-05-09 00:00:00+00:00,-0.006723581765706593,-0.008012751324392522,11243.895996696385,9923.816605732132,-76.1109925807751,3.6356109149955667,0.8531482682826765,-0.44038000118934684,0.6423336873271168
2026-05-10 00:00:00+00:00,-0.0053905247645124645,-0.006306201107662957,11183.28549687659,9861.23502246082,-60.61049981979442,2.106696234401177,0.4882462806661954,-0.623859063549779,0.37472709370847157
2026-05-11 00:00:00+00:00,-0.0009419155915840142,-0.0015192069509007038,11172.751785901946,9846.253765670232,-10.533710974643439,3.598219449009667,0.6625319686660484,0.18679439826878053,0.6434995243597463
2026-05-12 00:00:00+00:00,-0.0006812316601524177,-0.001235202816542253,11165.140553654366,9834.091645286486,-7.6112322475808725,3.5276091769465077,0.9031396823251517,0.1201392768931018,0.6314664900007412
2026-05-13 00:00:00+00:00,-0.0018017350705160867,-0.002584250467333084,11145.023928351606,9808.677889356359,-20.11662530276047,4.131287086541482,0.8977254873139054,0.2681180535121185,0.7400331534902721
2026-05-14 00:00:00+00:00,-0.0013993409398860496,-0.00207424809489016,11129.428240092653,9788.33225793097,-15.595688258952048,3.475193875771667,0.8805332020146871,0.39421608865026164,0.6236314786065538
2026-05-15 00:00:00+00:00,0.0037383070627577024,0.004021541177375564,11171.033460287046,9827.696439164072,41.60522019439339,1.9226344587995392,0.388183841302696,-0.06977933881177467,0.3455046238356505
2026-05-16 00:00:00+00:00,0.0018301316009353681,0.0018512318884397498,11191.477921637825,9845.889784202158,20.444461350777697,1.7538192802907302,0.3319637501908823,0.16533328220977156,0.3139940967011775
2026-05-17 00:00:00+00:00,0.0036033457346078285,0.003932946928689139,11231.804685870717,9884.613146189147,40.32676423289134,1.0287543657772587,0.22965165773636492,0.34499622238807504,0.1838460251595984
2026-05-18 00:00:00+00:00,0.004318030735619742,0.004785887028692566,11280.303963720784,9931.919788029138,48.49927785006759,0.6886157921853656,0.13712772728209932,0.36689249060947177,0.1226189043425273
2026-05-19 00:00:00+00:00,0.0014559380831590538,0.001539622533154623,11296.727387851175,9947.21119553227,16.423424130391115,0.5609064716399172,0.10152943487658489,0.4695807207406655,0.09944882220264274
2026-05-20 00:00:00+00:00,-0.000553324569423214,-0.0007275633914141124,11290.476631033402,9939.973968819737,-6.250756817774181,0.46972002047529016,0.13231285507633275,0.3844370192080817,0.08316037102576106
2026-05-21 00:00:00+00:00,0.0025815681832161565,0.00278929843862361,11319.623766277424,9967.699522690926,29.14713524402137,1.0624416327541435,0.19123335074526288,0.16790638933373975,0.18820137846685392
2026-05-22 00:00:00+00:00,0.006717443394752867,0.007503226781513943,11395.662698177292,10042.489432699664,76.03893189986785,0.8547532510962469,0.2080011623238348,0.18626747770946928,0.15102149483848815
2026-05-23 00:00:00+00:00,0.005684084889702643,0.0061611741621305826,11460.436612328149,10104.362959115882,64.77391415085759,2.2046818496923963,0.4671131043487417,0.22859278059786933,0.38693350410328126
2026-05-24 00:00:00+00:00,0.0007678870650415926,0.0005022269930994101,11469.236933362485,10109.437642942024,8.800321034335875,2.2875458748870643,0.5446947149090071,0.893396618397976,0.3992074564465231
2026-05-25 00:00:00+00:00,0.006505675980940095,0.007207211550646214,11543.852072599571,10182.298498692773,74.61513923708735,1.0074461671194699,0.2811783370721376,0.4656589821463497,0.17567797630702756
2026-05-26 00:00:00+00:00,0.008772154938509318,0.009576259377298599,11645.116531567646,10279.806830173333,101.26445896807536,2.4724684380707096,0.6324062402455642,0.6512528091989811,0.4283610743660425
2026-05-27 00:00:00+00:00,-0.0029747274093680155,-0.0035278708388862606,11610.475484235907,10243.54099942778,-34.641047331738875,1.3435438663663803,0.20275754926119302,0.0784819981858552,0.23074803291565082
2026-05-28 00:00:00+00:00,-0.004831445531883952,-0.005557356031098201,11554.380104334547,10186.613995074807,-56.095379901359735,0.9505248721627213,0.13528339781169524,-0.2541838183624898,0.16373573562138674
2026-05-29 00:00:00+00:00,0.010630766576424956,0.011647415347037761,11677.212022159016,10305.261719255392,122.83191782446919,3.745069228911847,0.8547484149696427,-0.41562399999625343,0.6482510000699924
2026-05-30 00:00:00+00:00,0.008308518142198539,0.009104638310660227,11774.232350095423,10399.087399905904,97.02032793640706,2.745976175174892,0.5081652250182955,-0.05949411429904383,0.47031366219334686
2026-05-31 00:00:00+00:00,0.0049410502174114575,0.005374753537367852,11832.409423408715,10454.979931693946,58.177073313292006,1.2451633027713922,0.2792636253742059,0.7601145971046913,0.21150649413866898
2026-06-01 00:00:00+00:00,0.011318892276804243,0.012596689264893634,11966.339191047322,10586.678065164193,133.92976763860665,1.4720903580346398,0.42734791299109404,0.3321958973334101,0.24882343153581576
2026-06-02 00:00:00+00:00,0.002966361410449863,0.0030207421808459145,12001.835677848,10618.65769015067,35.49648680067661,1.9023979187113937,0.5360685068643262,1.0783953886231954,0.3179582140099593
2026-06-03 00:00:00+00:00,0.02804780428174482,0.03150273481219778,12338.460815961942,10953.174447424992,336.62513811394285,1.685195000646976,0.4386716212569057,-0.015485782282129157,0.28082287508024634
2026-06-04 00:00:00+00:00,-0.01655944757971156,-0.01881372627183196,12134.142720865695,10747.104421563514,-204.3180950962469,1.7342848361557135,0.4675035108563138,-0.44985758178086155,0.2811185061125477
2026-06-05 00:00:00+00:00,0.0024137703499568963,0.0026269476956026637,12163.431754787465,10775.336502758142,29.289033921770915,1.1734482987953743,0.3686602063417392,-0.48515577799366877,0.19341264163269312
2026-06-06 00:00:00+00:00,-0.003908552571026801,-0.004443591517987632,12115.890342329782,10727.455308871024,-47.541412457683585,0.8402152936317722,0.19566299204343077,-0.6960968562401882,0.13815431542189033
2026-06-07 00:00:00+00:00,-0.00336523670699275,-0.003903162811706257,12075.117503411875,10685.584304245198,-40.77283891790714,0.9784888804712978,0.22630705988504618,-0.10663023243724043,0.1615215808041298
2026-06-08 00:00:00+00:00,0.0039444483941254065,0.004129639100349315,12122.747181257084,10729.711910998089,47.629677845208555,2.8787123794861667,0.7846297039342144,-0.16127099110172552,0.4768007232513927
2026-06-09 00:00:00+00:00,0.0023546222889428703,0.0025125232834271303,12151.291671973291,10756.670561998937,28.544490716207285,1.318114797856054,0.49781061414029937,-0.23008569663717415,0.21746140180073775
2026-06-10 00:00:00+00:00,0.0017517870561058041,0.0017770590927919968,12172.57814743922,10775.785801229305,21.286475465929065,1.699514763004971,0.3845331205476723,0.08718835200821051,0.2797257787704771
2026-06-11 00:00:00+00:00,0.011397643363328302,0.012682482297817895,12311.316851975977,10912.449513898473,138.73870453675576,1.9045724879701043,0.51081553269407,-0.34039615307649795,0.3129283648708018
2026-06-12 00:00:00+00:00,-0.0121041766052468,-0.013938343389882032,12162.298498556509,10760.348045349005,-149.0183534194683,2.4115558534586756,0.5438459959360108,0.12771328060518328,0.3917624544074047
2026-06-13 00:00:00+00:00,-0.004431349271503024,-0.005287692941648215,12108.403105965128,10703.450628939934,-53.89539259138071,2.2662311225161997,0.6779503477031169,0.05784234747006567,0.37266494039513487
2026-06-14 00:00:00+00:00,-0.0011103097756512774,-0.0016559527991283807,12094.95902762905,10685.726219910608,-13.444078336079372,2.2936424815908283,0.6075906812441045,1.3790975304112094,0.3788513582705022
2026-06-15 00:00:00+00:00,-0.005003287691196973,-0.005843055897516841,12034.444468000582,10623.288924302109,-60.514559628468135,1.5517731230027363,0.3779361417735971,-0.006973284745446191,0.2565983265355347
2026-06-16 00:00:00+00:00,0.01892383685486393,0.02061795577907294,12262.182331751945,10842.319425571684,227.73786375136274,5.260570970946132,1.4281182966623334,2.0186732141780523,0.8742523985937058
2026-06-17 00:00:00+00:00,-0.012474183742749138,-0.014455990866348759,12109.22161625858,10685.582954985584,-152.96071549336583,2.3649313398928973,0.6940628968739945,0.71676085596728,0.38572764225974615
2026-06-18 00:00:00+00:00,0.011774021971424074,0.012738644707394806,12251.795857625251,10821.70279974054,142.57424136667186,3.385032778668482,0.782312853811286,2.287050979236837,0.5590834631556385
2026-06-19 00:00:00+00:00,-0.006916706258417521,-0.008385542384660246,12167.053784539961,10730.95695223912,-84.74207308529043,3.4544582664928587,1.1500723090346556,1.3992438406028125,0.5639105167334107
2026-06-20 00:00:00+00:00,-0.01657481569196498,-0.01946004260487691,11965.387110546986,10522.132072757446,-201.66667399297486,3.6773235887958973,0.9821613184848741,2.4987205814176705,0.6044723157989949
2026-06-21 00:00:00+00:00,-0.0029639611792799973,-0.0036085307142457446,11929.922167656268,10484.16263599355,-35.464942890718525,3.7204036534473928,0.8291166375945372,-2.045026417864974,0.6218609760093784
2026-06-22 00:00:00+00:00,-0.0020927064624006613,-0.0026843633567765093,11904.956342440077,10456.019333987004,-24.96582521619118,2.6840518938367515,0.6847264134874915,-0.1913015169689245,0.44996972421389325
2026-06-23 00:00:00+00:00,-0.0015884497135298708,-0.00215522480010687,11886.045917948342,10433.484261807998,-18.91042449173456,2.579102921651275,0.7916808409929691,0.2538639246268983,0.43328221414084656
2026-06-24 00:00:00+00:00,0.015496096063251636,0.017369911805025375,12070.23322730509,10614.712963254724,184.18730935674748,2.8571641744315484,0.6906165237916415,-0.5891727882009277,0.48075940378408455
2026-06-25 00:00:00+00:00,0.011509960379793951,0.012763085501070796,12209.161133526244,10750.189452374068,138.92790622115407,2.3368548705773247,0.6997972804315795,0.41476495080057674,0.3872095636546489
2026-06-26 00:00:00+00:00,0.0148146501515867,0.016516493466592133,12390.035584363784,10927.744886228833,180.87445083754102,2.111403864378643,0.5242909284954592,0.683322189902986,0.34587206136230725
2026-06-27 00:00:00+00:00,-0.0033072578384174918,-0.00401890181100418,12349.058542059125,10883.827352515376,-40.977042304658774,1.9847839135418777,0.5007051542401073,0.4550023410159602,0.3203838923669716
2026-06-28 00:00:00+00:00,0.0068307409158266,0.007359176061081387,12433.411761514306,10963.92335422095,84.35321945518125,2.043985711402117,0.6624384538830057,1.5507935843221445,0.3310350670766673
2026-06-29 00:00:00+00:00,0.005017186247711674,0.005484658940404655,12495.792504016312,11024.05673446759,62.38074250200615,1.8311495279225696,0.49919863466274256,-0.08298590721848628,0.2945530258381064
2026-06-30 00:00:00+00:00,-0.004685859252758917,-0.005576294431422723,12437.238979090811,10962.58334828749,-58.55352492550035,2.356905844359414,0.6085167831878509,-0.04556137294782933,0.37723191123762234
2026-07-01 00:00:00+00:00,-0.009636482636085833,-0.011190618060379713,12317.387741627952,10839.905265081725,-119.8512374628585,2.470646593418126,0.6756383114474425,-0.31943916196019156,0.39729824241083056
2026-07-02 00:00:00+00:00,-0.0011001898529923477,-0.001608372642074443,12303.83627661924,10822.470658010689,-13.551465008711402,3.120569117289527,0.9074784329724653,-0.14490548793723615,0.5066933318569203
2026-07-03 00:00:00+00:00,-0.008329946233033467,-0.00984549131314898,12201.345981974955,10715.918117160434,-102.49029464428496,2.9794652342748833,0.6851312721063196,0.39764969958779817,0.48431483763104155
2026-07-04 00:00:00+00:00,-0.003664268453019399,-0.00453476480585635,12156.63697480883,10667.323948820296,-44.70900716612583,3.2268185957493727,0.8154834026426965,-0.15714082438031973,0.5289283002902058
2026-07-05 00:00:00+00:00,0.0006837990939685674,0.0004910055034093665,12164.949672157909,10672.561663585817,8.312697349079064,1.9351818335393747,0.5990192591037717,0.5407814909146175,0.31837453689692113
2026-07-06 00:00:00+00:00,-0.0003241913248005536,-0.0007786419237170286,12161.00590100756,10664.251559641094,-3.9437711503489328,2.9515624923712234,0.731579344046167,0.6831909579567482,0.4852568357313481
2026-07-07 00:00:00+00:00,-0.00012691827244023203,-0.0007061802523366004,12159.462447147469,10656.720675783725,-1.543453860091347,3.9337977916859175,0.8850009029103709,1.168631302680697,0.646952698437552
2026-07-08 00:00:00+00:00,-0.0005482282939366979,-0.0012672161583497591,12152.796285794882,10643.216307148352,-6.666161352587002,3.531655958861771,1.0344860607712019,2.2720652631531264,0.5808901461248848
2026-07-09 00:00:00+00:00,0.003206665922252271,0.003222496177575592,12191.766243504615,10677.514031015247,38.96995770973242,2.7279605096351554,0.6955156548205528,1.2487576783809435,0.4489436744403926
2026-07-10 00:00:00+00:00,-0.0024593698688368283,-0.0032093437052761083,12161.782180957438,10643.24621857181,-29.984062547177217,2.812260095736555,0.5601183353998471,0.9113714651224836,0.46133760106085325
2026-07-11 00:00:00+00:00,0.008079543371351744,0.008900917266394163,12260.043827561416,10737.980872609181,98.26164660397842,2.418972808305856,0.8022618949684007,0.30575786333396426,0.3977990679841994
2026-07-12 00:00:00+00:00,0.0032085896572315357,0.003335926232622724,12299.381277383734,10773.80198468752,39.33744982231889,1.9242784828082218,0.47344237244262116,1.1186168887300316,0.31391053896272575
2026-07-13 00:00:00+00:00,-0.005685109194284808,-0.006829621159442725,12229.457951799666,10700.220998685252,-69.92332558406869,2.454760128910536,0.6186013447438479,0.5842989445448205,0.399168067653026
2026-07-14 00:00:00+00:00,0.006684485423968372,0.007279171166624525,12311.205585221505,10778.109738855392,81.74763342183897,3.4722610816942017,0.8442931110337453,-0.45766094102894594,0.5678520005350245
2026-07-15 00:00:00+00:00,-0.002986886021517082,-0.004026026476045482,12274.433417350983,10734.716783685037,-36.772167870521145,4.150400097348136,1.0765271703218304,1.3938600321643506,0.6742475492944928
2026-07-16 00:00:00+00:00,-0.0030137580638883513,-0.004245608001389807,12237.441244659782,10689.14138421557,-36.99217269120218,2.485193554237188,0.7403768158595536,5.35765640816773,0.40493821095223015
2026-07-17 00:00:00+00:00,0.0049153237786879675,0.004713347364338571,12297.592230599956,10739.523020585906,60.1509859401731,3.1528754734628484,1.07082171375166,5.545652382623788,0.5152834502619101
2026-07-18 00:00:00+00:00,0.006774450300089587,0.007115774269920862,12380.901657976923,10815.943042167015,83.30942737696725,3.6651685541133103,1.14541943234341,2.0788178094025693,0.5960790511484539
2026-07-19 00:00:00+00:00,0.008410897207609245,0.009109377108930193,12485.036149159687,10914.469546126824,104.13449118276277,3.265950805107755,0.7505761652897441,1.59146025255629,0.5275788299317484
2026-07-20 00:00:00+00:00,-0.004836656891737548,-0.005875810886153681,12424.65031302526,10850.3381871511,-60.38583613442562,2.2020189941494417,0.5990468572924228,0.9444569898573398,0.35274531332416686
2026-07-21 00:00:00+00:00,-0.007871887290227995,-0.009384638313027159,12326.84486614063,10748.51168769066,-97.80544688463084,3.321630169967528,0.950615109412628,-0.25119270357115286,0.5346838882838142
2026-07-22 00:00:00+00:00,0.0017482417023737512,0.001531645766301678,12348.395170394308,10764.974600111154,21.550304253678828,4.350495657140154,1.20991557733099,-0.47301940128781805,0.7058571279809148
2026-07-23 00:00:00+00:00,0.0038657497575976794,0.004185380888043628,12396.13097603098,10810.030119062734,47.73580563667215,2.320051418838187,0.5310760594530975,-0.1708407931994645,0.37576565809953805
2026-07-24 00:00:00+00:00,-0.0032550838315558964,-0.0041874247970657055,12355.780530517051,10764.763930885143,-40.35044551392765,3.316790754746151,0.8091985643817735,0.7897533445348548,0.5351332219963568
2026-07-25 00:00:00+00:00,-0.01210570885326198,-0.01428602269038792,12206.20504875981,10610.978269111849,-149.57548175724227,3.3546556871222855,0.7522794433355926,0.10324488559445572,0.5430099181248412
2026-07-26 00:00:00+00:00,0.0021875640828305353,0.0021149245564651945,12232.906904512141,10633.419687621312,26.701855752331703,3.3688681372440987,0.7520043955363457,0.1395647100880626,0.5519927158009502
2026-07-27 00:00:00+00:00,0.011076425855818941,0.012359246974469933,12368.403790841106,10764.840747723814,135.49688632896434,2.9261980812456767,0.6948122930019216,0.45481585221405246,0.478414183004424
2026-07-28 00:00:00+00:00,-0.0007219187105004875,-0.0010880421233853276,12359.474808725474,10753.128147538757,-8.928982115633353,1.9241752225519584,0.48094773772455607,0.3784951091484473,0.31114366171919844
2026-07-29 00:00:00+00:00,0.0037459430384883213,0.003962118899439998,12405.772697344592,10795.73331980022,46.29788861911697,1.8733347097270188,0.49362984012766714,1.3257518077987571,0.3031414746530317
2026-07-30 00:00:00+00:00,0.006730858191428621,0.0074169083466700605,12489.274194125515,10875.80428436827,83.50149678092339,2.2513093568835427,0.6019225192011779,0.5773003367883451,0.36294544673794105
2026-07-31 00:00:00+00:00,-0.009911216067697666,-0.011615634426890911,12365.490299058816,10749.474917702635,-123.78389506669862,1.8645186996930996,0.44143412858597664,0.2395187706580535,0.2985791921471464
2026-08-01 00:00:00+00:00,0.0001872821028051198,-7.764448772023793e-05,12367.80613408424,10748.640280229389,2.3158350254240445,2.478682312506129,0.5580165099562154,0.11377367620826781,0.4009031995593076
2026-08-02 00:00:00+00:00,-0.0032019890297497566,-0.003935583110425492,12328.20455452083,10706.338113082478,-39.60157956340948,2.5927319089588754,0.5971033129179318,-0.4892476383763743,0.41927111095533864
2026-08-03 00:00:00+00:00,-0.008582500611157685,-0.010321143394497644,12222.397731397177,10595.836462187379,-105.80682312365197,3.6319000563829533,0.8715538105608543,0.19137390450382347,0.5892017836532591
2026-08-04 00:00:00+00:00,0.0031018752690664246,0.0031006579185050903,12260.310084648892,10628.690526417045,37.91235325171448,4.036003890154093,0.8048732702800773,0.21741186161405146,0.6604275165725155
2026-08-05 00:00:00+00:00,-0.000294191431181202,-0.0007221684715737005,12256.703206478363,10621.014821224753,-3.6068781705281814,3.3656939248162354,0.8189017715727971,-0.1157686746247463,0.5490389560424599
2026-08-06 00:00:00+00:00,0.0049387931419921614,0.005333170055837509,12317.236528217953,10677.658499431915,60.53332173958868,3.267403579625446,0.7220739218342676,-0.09983396903325521,0.5331618991799423
2026-08-07 00:00:00+00:00,0.0005574534943647413,0.0001873432594698265,12324.102814761525,10679.658886778703,6.866286543572132,4.167351497939959,1.2173678841822684,-0.5188201853393666,0.6766698826303837
2026-08-08 00:00:00+00:00,-0.007685649757065273,-0.009442081674199843,12229.384076957205,10578.820675317145,-94.71873780431936,4.71387733850069,1.1263306380360172,0.2792656807026108,0.7649850718308706
2026-08-09 00:00:00+00:00,0.005651429697307135,0.006110957358678825,12298.497581309497,10643.467397369119,69.11350435229096,3.523621434365945,0.8118968506935554,0.13126401525844575,0.5762549302879786
2026-08-10 00:00:00+00:00,0.001999287889857454,0.0019083815325331985,12323.085818587251,10663.779193992377,24.588237277753265,3.4851971402606297,0.6494516879766273,0.14179182625759468,0.5667679514865651
2026-08-11 00:00:00+00:00,0.0058283815309042135,0.006308987085306487,12394.909464376053,10731.056839207835,71.82364578880157,3.312642246037908,0.7153899794847368,0.5179683478210018,0.5376319364815846
2026-08-12 00:00:00+00:00,0.007876204559776705,0.008539671210131387,12492.534306817392,10822.696536351901,97.62484244133812,3.695200399265401,0.8187389226437115,1.4712059753623286,0.5962448390423017
2026-08-13 00:00:00+00:00,-0.005441527806326616,-0.006711047398240206,12424.555834015355,10750.064906919673,-67.97847280203604,3.021375874686675,0.774292235006893,0.8574885204981151,0.48370903781114427
2026-08-14 00:00:00+00:00,-9.824022913959872e-05,-0.0005890464428870283,12423.335242803263,10743.732619425447,-1.2205912120914064,3.0307366655948837,0.6917106929641064,1.3892489235753103,0.4878623761016032
2026-08-15 00:00:00+00:00,0.012159196998365346,0.013521454762083829,12574.393023397242,10889.003514014934,151.05778059397986,3.4449529853628857,0.7291314842913598,1.6128015348400258,0.5545939022064978
2026-08-16 00:00:00+00:00,0.008103377889915006,0.009050742920529294,12676.28808180214,10987.557085481023,101.89505840489872,2.6976012105204945,0.541190977343378,0.10269475094559316,0.4290626522490673
2026-08-17 00:00:00+00:00,-0.005964196882036313,-0.007208201178532345,12600.684203948862,10908.356563548266,-75.60387785327839,2.273329966574764,0.5532141054757151,0.7701000074268635,0.35867439299337434
2026-08-18 00:00:00+00:00,0.01566164689124183,0.017733014509277313,12798.031670539158,11101.794608762038,197.34746659029574,3.762693593196868,0.7467680126032504,-0.6000402292762033,0.5972205210916559
2026-08-19 00:00:00+00:00,-0.007429071187608379,-0.008792471402241262,12702.954182197456,11004.182397150942,-95.077488341702,3.1684032030903526,0.6451166882124778,-1.2787966219083784,0.49513914087022626
2026-08-20 00:00:00+00:00,-0.013669887618552435,-0.016430806041334376,12529.306226103196,10823.374810539888,-173.64795609425988,6.194293919561562,1.2042518923525127,-0.23891529512088816,0.9752525012240931
2026-08-21 00:00:00+00:00,-0.03845705582352807,-0.04495180006419005,12047.465997135867,10336.844630036709,-481.8402289673284,3.8623597130794036,1.0321956361589009,-0.20460381338683606,0.616532095772817
2026-08-22 00:00:00+00:00,0.010005259199924088,0.011180147089919054,12168.004017139483,10452.41207344616,120.53802000361627,3.976014138024168,1.0168605381714113,-0.022298082029641036,0.6600581630974373
2026-08-23 00:00:00+00:00,-0.011050294562052513,-0.01333719259911696,12033.543988517853,10313.006240497272,-134.46002862162956,4.109213449998899,0.8811581148765585,-0.04456723761815226,0.6754129016083139
2026-08-24 00:00:00+00:00,0.010253543095883194,0.011594401609423719,12156.930450400327,10432.57937665009,123.38646188247395,3.113864679791487,0.6435394075381893,0.05592164232585167,0.5175307760976599
2026-08-25 00:00:00+00:00,0.013860736688657761,0.01579243266134345,12325.43446231565,10597.335183939957,168.50401191532453,3.0596675360415704,0.52334991402603,0.16518717538996092,0.5033618557784569
2026-08-26 00:00:00+00:00,0.0069993331667069555,0.007511095085658408,12411.70428454181,10676.932776161122,86.26982222615884,4.484961000240285,0.7233354955449115,1.4639335092072838,0.7277570642970536
2026-08-27 00:00:00+00:00,0.01518339313403533,0.017308743973224357,12600.156070157398,10861.737072003023,188.451785615589,2.706726130127919,0.5600100859485252,0.3807535576120994,0.4361570446854777
2026-08-28 00:00:00+00:00,-0.006109099361338073,-0.007431019570362824,12523.180464756439,10781.023291252834,-76.9756054009586,2.847676466361767,0.6977003462782726,0.1927985365912437,0.452006538729515
2026-08-29 00:00:00+00:00,0.002040075545623293,0.0018973875572510545,12548.728698976016,10801.47907070009,25.54823421957696,4.633141512585146,0.6706667105596223,-0.21135345082474521,0.7399304874067796
2026-08-30 00:00:00+00:00,0.0116714569140016,0.013295506812332332,12695.19064531161,10945.090209267848,146.46194633559392,2.363056614215771,0.6054599862193223,-0.11770883259933476,0.3766208786406543
2026-08-31 00:00:00+00:00,-0.010445644349783744,-0.013291490515172597,12562.581198877982,10799.613646563655,-132.60944643362666,10.450485954546803,2.0732233693562945,0.3434069466622925,0.35848365711653707
