time,AAVE-USDT-SWAP,ADA-USDT-SWAP,AGLD-USDT-SWAP,ALGO-USDT-SWAP,APE-USDT-SWAP,API3-USDT-SWAP,APT-USDT-SWAP,AR-USDT-SWAP,ARB-USDT-SWAP,ATOM-USDT-SWAP,AVAX-USDT-SWAP,AXS-USDT-SWAP,BAT-USDT-SWAP,BCH-USDT-SWAP,BLUR-USDT-SWAP,BNB-USDT-SWAP,BONK-USDT-SWAP,BTC-USDT-SWAP,CELO-USDT-SWAP,CFX-USDT-SWAP,CHZ-USDT-SWAP,COMP-USDT-SWAP,CORE-USDT-SWAP,CRO-USDT-SWAP,CRV-USDT-SWAP,DOGE-USDT-SWAP,DOT-USDT-SWAP,DYDX-USDT-SWAP,ENS-USDT-SWAP,ETC-USDT-SWAP,ETH-USDT-SWAP,ETHFI-USDT-SWAP,FIL-USDT-SWAP,FLOKI-USDT-SWAP,FLOW-USDT-SWAP,GALA-USDT-SWAP,GMT-USDT-SWAP,HBAR-USDT-SWAP,ICP-USDT-SWAP,IMX-USDT-SWAP,INJ-USDT-SWAP,IOTA-USDT-SWAP,JTO-USDT-SWAP,LDO-USDT-SWAP,LINK-USDT-SWAP,LPT-USDT-SWAP,LTC-USDT-SWAP,LUNA-USDT-SWAP,MAGIC-USDT-SWAP,MANA-USDT-SWAP,MASK-USDT-SWAP,MEME-USDT-SWAP,NEAR-USDT-SWAP,NEO-USDT-SWAP,ONDO-USDT-SWAP,OP-USDT-SWAP,ORDI-USDT-SWAP,PEOPLE-USDT-SWAP,PEPE-USDT-SWAP,PYTH-USDT-SWAP,RSR-USDT-SWAP,SAND-USDT-SWAP,SATS-USDT-SWAP,SHIB-USDT-SWAP,SNX-USDT-SWAP,SOL-USDT-SWAP,STRK-USDT-SWAP,STX-USDT-SWAP,SUI-USDT-SWAP,SUSHI-USDT-SWAP,THETA-USDT-SWAP,TIA-USDT-SWAP,TRB-USDT-SWAP,TRX-USDT-SWAP,TURBO-USDT-SWAP,UNI-USDT-SWAP,WIF-USDT-SWAP,WLD-USDT-SWAP,XLM-USDT-SWAP,XRP-USDT-SWAP,XTZ-USDT-SWAP,YGG-USDT-SWAP
2025-03-01 00:00:00+00:00,-0.016859853790329976,-0.026584247524252716,0.030846508622508484,-0.01824428718615144,0.014281155465396994,0.0,0.03648668223784405,0.0124559619965098,0.0,0.0291299850637499,-0.010006868055145855,0.0,0.0,0.01894415139304818,0.02082586360538048,-0.0003484552765704652,0.0,-0.08678311126117845,0.0,0.018946940907637832,0.0,0.0,-0.007303054906499325,0.0,0.007397456783615855,-0.03417845635875498,0.022222823948286764,0.004111415255768938,-0.02204152167630337,0.018033313405394335,-0.03959303205278562,0.0,0.022714808769332465,-0.003033416561877488,0.0,0.0017218163196527155,0.006099534526330148,0.0,0.009052461129037079,0.0,0.0,-0.0011607593063084048,0.0,-0.008322486015104479,-0.03183928392204238,-0.0036184102464638687,0.03527264588071707,0.007890536295201577,0.0,-0.0002609894573843033,0.0,0.0,0.0008691661626261415,0.0,0.0,0.024957514119096295,0.0,0.025670324285988918,0.0,0.0,-0.013100347983968292,-0.01464685862038313,0.0,0.002135581390805715,0.0,-0.026099934420239217,0.0,0.003915061576872405,0.0,0.0022426428297746526,-0.019554317642893518,0.0,0.029992888748396025,0.0597707551560393,0.0,-0.02254396646187222,0.0,0.0,-0.013682975673787921,-0.028065955903999386,-0.018115405570715327,0.0
2025-03-02 00:00:00+00:00,-0.024353104847459915,-0.016211335019715188,0.03327734501875114,0.012832868906367423,0.010633429852078352,0.0,0.04250942153464481,-0.00461904688329266,0.0,0.023945185057311618,-0.022217965292638694,0.0,0.0,0.01925467129907795,0.01518126505501043,0.01340365074375311,0.0,-0.10204879958870658,0.0,0.02445098726986874,0.0,0.0,-0.004147700466692992,0.0,-0.005604942882922226,-0.03943338836033302,0.030444003091021136,-0.007621763387791638,-0.031444428329749925,0.011685301061050007,-0.05554797026625935,0.0,0.027983018664946836,-0.004820805959736613,0.0,-0.0028081557498261154,-0.000689321298665369,0.0,0.013484211581572331,0.0,0.0,0.009935380796363504,0.0,-0.018086271666561436,-0.043230005208181904,-0.015621355406043919,0.041846536898576,-0.0020905462854763517,0.0,-0.0030269443686485585,0.0,0.0,0.03456593113642459,0.0,0.0,0.0272742790379855,0.0,0.026455275235199516,0.0,0.0,-0.01126483312630197,-0.01579814276931358,0.0,-0.0021539564898769865,0.0,-0.04049139742519341,0.0,-0.0013433526815867665,0.0,0.00800047549339367,-0.018780295661482854,0.0,0.034707717199357335,0.08072861160031118,0.0,-0.023780535890902874,0.0,0.0,0.019928722056428136,-0.02370352868482753,-0.021588394591305057,0.0
2025-03-03 00:00:00+00:00,-0.04248851352442843,0.023841872346166134,0.020105287669378174,0.040358798292330106,-0.015547504946955918,0.0,0.05074396886384065,-0.0266242658608753,0.0,0.018278592394811163,0.002128174383198317,0.0,0.0,0.013155482589523563,-0.009304751306747927,-0.03028605986611656,0.0,-0.007049054723882972,0.0,0.013800230025701039,0.0,0.0,0.009496291550543667,0.0,-0.011102218705327682,-0.02297040381473665,0.044266030017134916,-0.009380215615581432,-0.044315539453996744,0.018571151133332152,-0.04950032129431746,0.0,0.029879728088095078,-0.03439847087861231,0.0,-0.00034132021795859116,-0.02953387683352006,0.0,0.02596781531178126,0.0,0.0,0.041942496705481815,0.0,-0.04953126250029754,-0.023784597339289917,-0.01698564696932696,0.02061895294475146,-0.013309654911227797,0.0,-0.02046529943133427,0.0,0.0,0.03038684502075654,0.0,0.0,0.021534946918663086,0.0,0.03145412599397117,0.0,0.0,-0.02419576761341026,-0.011324736219023456,0.0,-0.010211804404338633,0.0,0.014461106822021338,0.0,-0.03243856687486203,0.0,0.008535841906639577,-0.02742782541879148,0.0,0.024862029976573347,0.0316847834300816,0.0,-0.04358473863633931,0.0,0.0,0.037680692878310156,0.03624815896038163,-0.0039009868621683427,0.0
2025-03-04 00:00:00+00:00,-0.03847410070125282,0.02378170113429684,0.015556212348134943,0.02936033689153066,-0.005804240582441866,0.0,0.04979102223433371,-0.025019655630381228,0.0,0.016846580538255256,-0.007177537267546406,0.0,0.0,0.061021528166299854,-0.005359195967850018,-0.02307818585980064,0.0,-0.028626078206778437,0.0,-0.010381953909367077,0.0,0.0,0.023248333570130054,0.0,-0.00805163435304677,-0.02717739052203207,0.03636710246976551,0.005296370103496432,-0.046349948267898226,0.019493772213937565,-0.05653536999154124,0.0,0.025538461641872314,-0.03603695892693717,0.0,0.004773826314720776,-0.02416757777519036,0.0,0.0033877792455948882,0.0,0.0,0.03737613661944851,0.0,-0.04815050378436954,-0.031193228143521,-0.007877167011685232,0.02781935712956333,-0.005272193376009965,0.0,-0.03322614546484038,0.0,0.0,0.019064519162539144,0.0,0.0,0.018939186815739327,0.0,0.037289415059670664,0.0,0.0,-0.022546385511507085,-0.012428923278076633,0.0,-0.0067648586641734735,0.0,0.017438899725806093,0.0,-0.030817527766293245,0.0,0.0018202088174748394,-0.02678690794527676,0.0,0.038901726555561365,0.04558528839959553,0.0,-0.04147718906396993,0.0,0.0,0.024511153156741395,0.0320269065577096,-0.006454966900431032,0.0
2025-03-05 00:00:00+00:00,0.01658601589412746,0.017091146525997625,0.011374518928954127,0.024546901205713994,-0.021283340979494098,0.0,0.030293031780400943,-0.010897396147523839,0.0,0.011440941749284233,-0.019495656175490116,0.0,0.0,0.056021791223875,-0.015034393934528493,0.000506169325858782,0.0,0.008719388621462109,0.0,-0.02227863914458842,0.0,0.0,0.034311567450824504,0.0,0.00028702405888297964,-0.01435249680543125,0.012308071544737646,-0.024723094706061502,-0.03412176582540056,0.027027160673713725,-0.04723852272085325,0.0,0.021575221472646563,-0.03820600793334931,0.0,-0.017812725751151136,-0.021842476424871752,0.0,0.005068752256041848,0.0,0.0,0.029113979763305764,0.0,-0.04118323123883706,-0.004780242787623332,-0.006848142926242464,-0.006661539860442117,-0.01201348805933442,0.0,-0.0053812572790646026,0.0,0.0,0.0040841753666553526,0.0,0.0,0.00470691641833711,0.0,0.01910612815543358,0.0,0.0,-0.02692014050691925,-0.0003276426634084635,0.0,0.006369194678493639,0.0,0.011401925762206984,0.0,-0.030752499069561984,0.0,-0.008961989045172534,-0.036976373770788044,0.0,0.012728574039529083,0.0928754467676041,0.0,-0.039702646132159215,0.0,0.0,0.024574548053638737,0.02763559162359852,-0.0019584734530271987,0.0
2025-03-06 00:00:00+00:00,0.014382185335035413,0.015583001439276267,0.009025368731104742,0.02042323747240652,-0.0145610890946614,0.0,0.03019682995091296,-0.022633374745907014,0.0,0.007757593835816393,0.002572479941246707,0.0,0.0,0.0443061736758003,-0.020125858749465316,0.01532384387815729,0.0,0.027398633456508694,0.0,-0.011037167038454858,0.0,0.0,0.0172238236566894,0.0,-0.008945535165364768,-0.019036209034413533,0.012499350931208136,-0.01987487470641246,-0.024686261986602735,0.03881796963102653,-0.02452309080621884,0.0,0.021780830477697813,-0.03977895894485215,0.0,-0.004943245271349738,-0.02829839398738097,0.0,0.012306813747349266,0.0,0.0,0.022383252052724543,0.0,-0.033515348865123966,0.012004423729156909,-0.012025330409361304,-0.018302061438938956,-0.010598162433894812,0.0,0.008075241685220046,0.0,0.0,0.011631336902157676,0.0,0.0,-0.0064604931800900595,0.0,0.007812699792585646,0.0,0.0,-0.02827122566276939,-0.009101382964680046,0.0,-0.021518473304768273,0.0,0.003875574645899475,0.0,-0.028208088849848555,0.0,-0.013086869940460316,-0.030575554909796666,0.0,0.004309579028785531,0.08494872143839552,0.0,-0.02925115423630238,0.0,0.0,0.008071313130739114,0.020830951248417582,0.005816975912800011,0.0
2025-03-07 00:00:00+00:00,0.0023927501754550827,0.013855368712007422,0.012050716768288845,0.013554636475561805,-0.01872632485425448,0.0,0.024100230083887147,-0.0332300581153426,0.0,0.007077738913902012,-0.004840667805807935,0.0,0.0,0.04171904025707981,-0.024724627313960947,0.032020401249998394,0.0,0.027116724185157412,0.0,-0.014611776239716977,0.0,0.0,0.008580497062259558,0.0,-0.008286269532377523,-0.013401215223025788,0.008134272185565096,-0.0032937944327436335,-0.018224796527506498,0.03659698391547628,-0.015033486703348514,0.0,0.01561148474508634,-0.0361166276291996,0.0,-0.002418128817513569,-0.026319194034932252,0.0,-0.00035930816863612966,0.0,0.0,0.019919189345606464,0.0,-0.027396596365014785,0.022177530604696846,-0.012151897650117463,-0.012500699968720302,-0.011627139788851059,0.0,-0.0031808845016974173,0.0,0.0,0.018980668584804822,0.0,0.0,-0.0023022645408985183,0.0,0.007936331005268443,0.0,0.0,-0.02928053266595893,-0.004907253316886035,0.0,0.002681262051158172,0.0,0.003913509707525774,0.0,-0.03501054231542222,0.0,-0.020016967389956758,-0.025355981326071635,0.0,-0.00029080903700722264,0.07008590552651567,0.0,-0.032996860620139463,0.0,0.0,0.017521351175426227,0.023300535596561534,0.007277576557819173,0.0
2025-03-08 00:00:00+00:00,0.003202527397316603,0.014925815188515393,0.012071576230191403,0.012510131024994944,-0.014304490723350239,0.0,0.02792264687157304,-0.03542090654307738,0.0,0.008744174559142084,-0.01680776541376246,0.0,0.0,0.04732073018613083,-0.017237404891584887,0.0425744174985286,0.0,0.004955442882246084,0.0,-0.019531081334414432,0.0,0.0,-0.019604998668129432,0.0,0.008631194195649639,-0.007011873296989102,0.007881206850288765,-0.0010054985682847514,-0.029259305134046367,0.04293516719145945,-0.02885438591718284,0.0,0.0262218984710086,-0.042540300864080574,0.0,-0.003307922930333564,-0.025975051053017194,0.0,-0.007623090219226496,0.0,0.0,0.022635149650934452,0.0,-0.03341135510118785,0.02053976356501621,-0.008396174885190729,-0.014025798425268646,-0.02170854231844852,0.0,0.02088049384542065,0.0,0.0,0.0172958534439372,0.0,0.0,0.006682647719026415,0.0,0.0030068570595350686,0.0,0.0,-0.0309289551939382,0.004533923297974877,0.0,-0.001813044976187498,0.0,-0.0017651598176591891,0.0,-0.03685005031439161,0.0,-0.014632580099114391,-0.030672394661704322,0.0,-0.0035884773155135203,0.08721231606200004,0.0,-0.028322827749279314,0.0,0.0,0.01483463122150179,0.023756377628985612,0.013324494373985845,0.0
2025-03-09 00:00:00+00:00,0.008787158475084093,0.01418872124066907,0.01006681367507446,0.002502255998727998,-0.02107963751672883,0.0,0.025489490150550496,-0.025885269546328103,0.0,0.0037039112196190303,-0.0033760961284036747,0.0,0.0,0.04540142699462615,-0.023341441197008424,0.0355372200423643,0.0,0.007840411963113938,0.0,-0.01988603143928271,0.0,0.0,0.0145255064075179,0.0,0.02209386486165619,-0.016346864210189403,0.012779227289000947,0.002131947298934969,-0.018678990456684256,0.04457302628380104,-0.006096193491433442,0.0,0.028507319478972715,-0.04045902392490795,0.0,-0.007910407669794508,-0.026495915415695792,0.0,-0.013593781467325058,0.0,0.0,0.01942668635625342,0.0,-0.02707003336441374,0.015292897008924309,-0.006998852819745599,-0.004927068287716108,-0.026600966508499167,0.0,0.011583097637262967,0.0,0.0,0.0060933724878294016,0.0,0.0,0.008433185435677218,0.0,0.0019974226559188817,0.0,0.0,-0.039533223228690476,0.003758113120220859,0.0,-0.010219296191921811,0.0,0.005593067498652379,0.0,-0.03789015100847934,0.0,-0.020812413124688203,-0.040571543147940266,0.0,-0.013488652578995787,0.08703832356273407,0.0,-0.015199188920630203,0.0,0.0,-0.001623711377887936,0.022156829036218514,0.008583456843985383,0.0
2025-03-10 00:00:00+00:00,0.019820879780456286,0.017684306319250626,0.017438877462304228,-0.00032672950084884444,-0.017510169943340405,0.0,0.041624891655697736,-0.010969328831759134,0.0,0.011334406069393491,-0.006191154543036159,0.0,0.0,0.05256845113292962,-0.03200927568715394,0.04354563210818383,0.0,-0.02484801517453978,0.0,-0.03861561220192802,0.0,0.0,-0.027089928250589278,0.0,0.018879883083017954,-0.030113441993528754,0.020443629616882543,0.0017212076356298866,-0.03331727422088344,0.04440290701426674,-0.007447156794185165,0.0,0.029824275300835423,-0.046065510777843016,0.0,-0.0022384761410607426,-0.018915604036088187,0.0,-0.02215016651634245,0.0,0.0,0.018653735785644752,0.0,-0.014348789484816393,0.022612151663767337,-0.00031377740177719653,0.0003532784814222666,-0.03260842761925513,0.0,0.021720429037163366,0.0,0.0,0.0016402235215894749,0.0,0.0,0.016367960279130695,0.0,0.002246607007473657,0.0,0.0,-0.045062981174486746,0.0003332395849775423,0.0,-0.007357521367977605,0.0,0.008774042140898677,0.0,-0.028182182410338767,0.0,-0.023990022882684738,-0.04371706515444936,0.0,-0.011039722144128216,0.09469997975616239,0.0,-0.025252614685911265,0.0,0.0,0.006825600614127848,0.026290305746698796,0.009874048141047538,0.0
2025-03-11 00:00:00+00:00,0.033815701769777724,0.018886750081681468,-0.003926747262420749,-0.005667561000951182,-0.002366834900097452,0.0,0.043009357743274176,-0.036797144956302534,0.0,0.007104585407983447,-0.014154102904346813,0.0,0.0,0.05462423436979166,-0.042799856191027004,0.023880711713977387,0.0,-0.014437210777947787,0.0,-0.04072321370547531,0.0,0.0,-0.03162006579543154,0.0,0.025535162556924285,-0.034329277529578414,0.029445158952285635,0.004093284102946113,-0.03206110608687854,0.044144015067787444,-0.01071206297854277,0.0,0.024628276106816293,-0.046141117576341636,0.0,0.00437018576064983,-0.007065474533658495,0.0,-0.028931322903878967,0.0,0.0,0.02225775346581753,0.0,-0.011741616609698696,0.023091311278449603,-0.007311218504324013,-0.0018318826037239616,-0.028380576934854535,0.0,0.02509839661489324,0.0,0.0,-0.013784799952664054,0.0,0.0,0.015641209366483583,0.0,0.015411351204564163,0.0,0.0,-0.04669539608687743,0.0075905963654584975,0.0,0.01129343319259241,0.0,0.013400738024674123,0.0,-0.02801065712605862,0.0,-0.0062260315645198076,-0.04275061733133549,0.0,-0.010327736068404375,0.09823059730314676,0.0,-0.03189985038578252,0.0,0.0,0.0033736126115044484,0.030493756906481796,0.0012733023031609191,0.0
2025-03-12 00:00:00+00:00,0.021454318465989542,0.01750585580805939,-0.024009374561608444,-0.018614080069782827,-0.002556858481419265,0.0,0.04664463363990914,-0.03487958653154895,0.0,0.03602780185487439,-0.0031814685400586335,0.0,0.0,0.05827636398999859,-0.030993535043302357,0.022395126639727515,0.0,0.0390298459371571,0.0,-0.04481907606814898,0.0,0.0,-0.03949484608197805,0.0,0.027609436630603255,-0.03387224595599473,0.03449804917367359,0.024293239291629982,-0.049367606366752685,0.05122966176154994,-0.030866166727982664,0.0,0.020074857712723018,-0.044205139305068926,0.0,0.004587904148043359,-0.018027863065312382,0.0,-0.0004607541475282943,0.0,0.0,0.01782807722487057,0.0,-0.022336928208548133,0.011739461073901884,-0.012772558519745429,-0.002828571762895505,-0.030613756092058762,0.0,0.03795183128875804,0.0,0.0,0.004582471813588307,0.0,0.0,0.014451211818914773,0.0,0.004334372528802092,0.0,0.0,-0.044897050950483415,0.025097665048788978,0.0,0.010079089662096655,0.0,0.003903582191951361,0.0,-0.026507777070181468,0.0,-0.014673586915410885,-0.041797934584090694,0.0,0.0011186570113561587,0.04372869305758507,0.0,-0.05090861582343621,0.0,0.0,0.005954451902515685,0.031666426922160866,0.0066222942741083575,0.0
2025-03-13 00:00:00+00:00,-0.0058729781693509725,0.020541305531728588,-0.024988902865490277,-0.027377388145371214,0.007190358996053682,0.0,0.01877395922328254,-0.03546225436934805,0.0,0.010614573316187807,0.015354876575838986,0.0,0.0,0.0532644295485933,-0.0364108071726592,0.07165847137156343,0.0,0.040216689525465026,0.0,-0.04704361791779327,0.0,0.0,-0.020673936394379516,0.0,0.03312976548449489,-0.013442139287018746,0.0023300096616152444,0.031384828487493306,-0.052836557410554846,0.03328482263665968,-0.03587893859483039,0.0,0.02062271039922696,-0.04766732998579166,0.0,0.010191608454705736,0.00037808377167169614,0.0,-0.010068378606206107,0.0,0.0,0.02336167491296628,0.0,-0.038269036685682184,0.005361901455195723,-0.0168969919662566,-0.030948555629606588,-0.0031194696571279594,0.0,0.042849458373578446,0.0,0.0,0.015251157551663019,0.0,0.0,0.013916976284206297,0.0,0.008903635985262883,0.0,0.0,-0.03255265475399392,0.016600568506750093,0.0,0.019981186927241292,0.0,0.013735896978139431,0.0,-0.024991245698757124,0.0,-0.017662258106871765,-0.041977286903801855,0.0,0.012317981770146202,0.01768179322503796,0.0,-0.0625533468618022,0.0,0.0,0.02319882457018969,0.037553289381384324,0.007043236276351943,0.0
2025-03-14 00:00:00+00:00,-0.013411413220067255,0.018642801709733724,-0.033137660386091394,-0.015110294748124599,0.00590453823556238,0.0,0.020954071828968458,-0.038191423272683406,0.0,0.027589553626034557,0.01605962681909777,0.0,0.0,0.026410645609308996,-0.026992676229046175,0.07321244313888904,0.0,0.01429197880034717,0.0,-0.04114575613300638,0.0,0.0,-0.03634865566425809,0.0,0.027636622137217973,-0.02085229379776467,0.00727325041363193,0.03404745187281663,-0.04662353881675703,0.03842476348579398,-0.028226705002065533,0.0,0.01223461689836465,-0.04476548002930656,0.0,0.0058870532933823876,0.012967848920445299,0.0,-0.011489761905717412,0.0,0.0,0.01743800942342128,0.0,-0.0359967489997574,-0.0058297959531429374,-0.014757951736399228,-0.03558188405052531,0.006106046849877936,0.0,0.04395178335467578,0.0,0.0,0.01399954420032027,0.0,0.0,0.010757488682957818,0.0,0.014398646027454035,0.0,0.0,-0.024970028608122228,0.011521808483821273,0.0,0.003833721574296784,0.0,0.010263687818666944,0.0,-0.031764620206887424,0.0,-0.02045110994896923,-0.0446898546876664,0.0,0.0010935327565220242,0.06103447197028327,0.0,-0.05470137938247346,0.0,0.0,0.04685709797610178,0.03142573980070673,0.010820187070131104,0.0
2025-03-15 00:00:00+00:00,0.009654243485346875,0.019062100078108688,-0.02809044654358426,-0.024025458722882392,0.00106562394876868,0.0,-0.0053779117276691315,-0.01409048779865435,0.0,0.04892855536274246,0.007677047430499935,0.0,0.0,0.02072404704079089,-0.040722932981961155,0.050703918539038585,0.0,0.05629839155022031,0.0,-0.03635279940827284,0.0,0.0,-0.011914478289587345,0.0,0.027223066693973064,-0.014345225472853723,0.024601154012347387,0.016767193649523844,-0.049666407544619595,0.012945169097021984,-0.02572281328771443,0.0,0.02241789714538151,-0.046258753961086585,0.0,-0.009521820058779317,-0.003325873850019408,0.0,0.004881935250501228,0.0,0.0,0.01831071746233806,0.0,-0.020944865654396117,0.008854510445396572,-0.006852440132035659,-0.03208714283556948,0.007863157911503863,0.0,0.02744449725525637,0.0,0.0,0.00599550175724418,0.0,0.0,0.008253450335757313,0.0,0.004907608027850789,0.0,0.0,-0.031440024997253145,0.004875146328102534,0.0,0.02152663067551135,0.0,0.024464660741462314,0.0,-0.03140299946328551,0.0,-0.026592805240081667,-0.044846941998742014,0.0,-0.003438655335060303,0.0026033637412392315,0.0,-0.05029179484430684,0.0,0.0,0.0470864824052248,0.036699914523018205,0.015477095254244103,0.0
2025-03-16 00:00:00+00:00,-0.010629908027028564,0.018033643253429158,-0.02610621669810473,-0.04205445219975229,-0.0004166109073843602,0.0,0.0004169989322019259,-0.01676554866847256,0.0,0.061623295526647914,0.005761044349447153,0.0,0.0,0.027446705744246187,-0.03657310051014688,0.10230752609638454,0.0,0.039414202535861004,0.0,-0.03737304601964889,0.0,0.0,-0.031673701041658425,0.0,0.030028137364388512,-0.02432627553747391,0.0455335480969503,0.03273847073716267,-0.061260675289081884,0.0077582102418454315,-0.043357126492149484,0.0,0.01808472692597842,-0.05000079558649198,0.0,0.005324230433760123,0.0021617727007906796,0.0,0.0076869925555577015,0.0,0.0,0.016513953148246652,0.0,-0.035128427387700015,0.009479402262859834,-0.008084634284577164,-0.055387852649591895,0.04125066092445397,0.0,0.040511891879473585,0.0,0.0,-0.014482662915253781,0.0,0.0,0.008004993802333908,0.0,0.018233915589813306,0.0,0.0,-0.018940214763079756,-0.0022015474247799763,0.0,0.029202354051406636,0.0,0.021623379912690633,0.0,-0.02719164052201197,0.0,-0.011945065366979172,-0.050408520428480826,0.0,0.0066528448795717225,-0.00950740595280131,0.0,-0.05560957663415356,0.0,0.0,0.025727607646143704,0.04021791770488068,0.0076865780102771,0.0
2025-03-17 00:00:00+00:00,-0.012100629830154178,0.015480729273234385,-0.03209982044954137,-0.05590864277061461,0.00790001319717223,0.0,0.008014191244181089,0.016219910369930698,0.0,0.07329330517982434,0.012647682929830623,0.0,0.0,0.030140919254580574,-0.043700114620265545,0.11864780727371736,0.0,0.054521333396707373,0.0,-0.015164445587994143,0.0,0.0,-0.01612608426147912,0.0,0.04958078423762838,-0.024077023210518037,0.05879105176133617,0.039405245730964406,-0.07257686611871932,0.021732518342943846,-0.05296038957031591,0.0,0.029561266987181072,-0.047694653860584024,0.0,-0.0023798088449634783,-0.006573790692112547,0.0,0.0075214570230545934,0.0,0.0,-0.00038734545582308087,0.0,-0.047489114932935624,0.004768570626124476,-0.014520240765530965,-0.050487350206064846,0.05425165616047947,0.0,0.0005980215639851209,0.0,0.0,-0.014734748125167306,0.0,0.0,0.002152214200541047,0.0,0.02349076035851347,0.0,0.0,-0.01445938438580636,-0.006506275821072635,0.0,0.05540999079237785,0.0,0.004883589358287113,0.0,-0.041014477655912845,0.0,-0.01524411136511466,-0.05544495018230604,0.0,0.015644474360906345,-0.051731463885062653,0.0,-0.052592274181527746,0.0,0.0,0.0005155378166161398,0.037903112178158095,0.002897863161310726,0.0
2025-03-18 00:00:00+00:00,-0.016226809221387858,0.0027933933836822907,-0.03223898426284171,-0.051643322106599006,0.01809409385444909,0.0,0.004101722204732214,0.01565290529464689,0.0,0.06942234266018824,0.000423171235876669,0.0,0.0,0.024611419194300748,-0.02603490120800068,0.11765606999584487,0.0,0.008665426110925049,0.0,-0.004374726109728008,0.0,0.0,-0.0016186538922678068,0.0,0.04599741803009534,-0.03273866179076332,0.04598024268728963,0.03498709224627903,-0.07191686652909754,0.003999503625574089,-0.05331586587850085,0.0,0.05026058941610143,-0.05279237746746488,0.0,0.004020187374335631,-0.003528396603068995,0.0,0.03453361525816155,0.0,0.0,-0.008166645537731141,0.0,-0.043856676352701525,0.008756293484175235,0.005352992874755877,-0.06859951954003644,0.06209864596127397,0.0,0.03713248165530623,0.0,0.0,0.0040644055534080105,0.0,0.0,-0.002170762069815529,0.0,0.0017790384750802559,0.0,0.0,-0.012752822118121059,-0.007440853030565989,0.0,0.0267475552171424,0.0,-0.021224575727586594,0.0,-0.04794378794403806,0.0,-0.005908567855852882,-0.03779338404843271,0.0,0.023375492851597388,-0.044135569062601174,0.0,-0.05503244638099586,0.0,0.0,0.004464561303286399,0.02159875184623462,0.024885762943456218,0.0
2025-03-19 00:00:00+00:00,-0.03740978483239836,-2.0093521352418672e-17,-0.03363261190793413,-0.047749267208768556,0.008620876360910053,0.0,0.017671346857460926,0.011329722590083099,0.0,0.05907019020454782,0.018186552788420622,0.0,0.0,0.015863096656234282,-0.030132795474798676,0.07936538101612343,0.0,-0.04410766279716739,0.0,0.009604689326883653,0.0,0.0,0.027212178830134718,0.0,0.04614918897734438,-0.03670696184071102,0.05209676578431656,0.03594943190490781,-0.06341883370295609,-0.017345634058618796,-0.04886341466345834,0.0,0.0282135655808696,-0.04520090313872036,0.0,0.02615299710102061,0.01020204559947711,0.0,0.023193412331563586,0.0,0.0,-1.3113062433140956e-17,0.0,-0.032568048971053525,0.004706331297134676,-0.002148417724677357,-0.06833791535786103,0.03257530824774102,0.0,0.009498460099328625,0.0,0.0,-0.0014910777015817835,0.0,0.0,-0.000714942330507203,0.0,0.02310310455915419,0.0,0.0,-0.016203020242721425,-0.002941071582461482,0.0,-0.007419552350388607,0.0,-0.018701762840254443,0.0,-0.04474103235533014,0.0,0.009935204892624089,-0.021203688694905253,0.0,0.02929351610458176,0.056178687263065845,0.0,-0.036427852780212044,0.0,0.0,0.0024727643831693085,0.016663644977532595,0.004157788822855627,0.0
2025-03-20 00:00:00+00:00,-0.044372780290074194,-0.0030365405054617904,-0.07519433926030232,-0.056632465670654705,-0.010986715301252257,0.0,0.01165393713829279,0.027459340124907684,0.0,0.07620640606942825,-0.01691970729303793,0.0,0.0,-0.017315477372287495,-0.026382778975480428,0.09456431271037538,0.0,0.003880370283926176,0.0,-0.003489972337452303,0.0,0.0,0.054108735355804224,0.0,0.05260465872625721,-0.05789170934873097,0.07012949898317024,0.04313866940592768,-0.046477157412550076,-0.028870466102258557,-0.02017103145529093,0.0,0.049086450118515916,-0.061410011621823815,0.0,0.0004595364523163558,0.018580953576802638,0.0,0.018378469353607235,0.0,0.0,-0.005972888318910086,0.0,-0.02257286774065332,0.007910136472586995,-0.019395887465534153,-0.06688234612253051,0.021149394235251612,0.0,-0.008950213850965434,0.0,0.0,0.0166706261901217,0.0,0.0,-0.009523289454496675,0.0,0.014905149342242909,0.0,0.0,-0.014529132923838855,-0.0035426199900923908,0.0,-0.0006117625243064239,0.0,0.00036811548997795293,0.0,-0.04665916902056354,0.0,0.022091139997222967,-0.03617026277645471,0.0,0.028661873022344225,0.00677013697768377,0.0,-0.000542223114204558,0.0,0.0,0.040207717471054075,0.0332969839218282,-0.0077787951704376464,0.0
2025-03-21 00:00:00+00:00,-0.014706511512141432,0.020682953976293605,-0.08692058673548131,-0.057252503943338806,-0.0157700804203273,0.0,0.03530995166213551,0.02076437610540347,0.0,0.07435063454859547,-0.019202848764823595,0.0,0.0,-0.02021703295668179,-0.02369890173889165,0.1004942437260732,0.0,-0.02580050459908086,0.0,-0.0064167932616403444,0.0,0.0,0.05443037130871238,0.0,0.047857510046891434,-0.0538291473201303,0.05997738660803229,0.04090623671405626,-0.06469996096745435,-0.043457154782446675,-0.03435461681829048,0.0,0.0556135247713763,-0.046870815690567655,0.0,-0.010979344078853212,0.01600428970406375,0.0,3.296008638563057e-06,0.0,0.0,-0.004407130494411925,0.0,-0.009432192124399493,-0.005912044787475552,-0.02540600307113963,-0.05193619932140822,0.02269041339389003,0.0,-0.0130958686099284,0.0,0.0,0.006312365798236241,0.0,0.0,-0.00015880653405017458,0.0,0.03030126230992113,0.0,0.0,-0.03200491329911577,-0.00804250677292209,0.0,0.027970344062488342,0.0,-0.00912055311815964,0.0,-0.041135457524617405,0.0,0.02386594584424524,-0.012863012371974295,0.0,0.013422063325501339,0.05210179206522978,0.0,0.020187764799061092,0.0,0.0,0.00270998643217968,0.025508181353778116,-0.013773402945050892,0.0
2025-03-22 00:00:00+00:00,-0.002366001867941901,0.01993294468594348,-0.03148318069917378,-0.058283809032787966,-0.0257420645398739,0.0,0.024375648079889466,0.01143592168630257,0.0,0.06400056107424934,0.02499814481603251,0.0,0.0,-0.016295165171629163,-0.031312558919631035,0.11414742237954192,0.0,0.005645193520360677,0.0,-0.013190685980819582,0.0,0.0,0.052683422073460405,0.0,0.044828222370403015,-0.049993467859271314,0.06731414912353058,0.0480123361201793,-0.06295906409810217,-0.040540869824444485,-0.0201605659714142,0.0,0.012797785116664,-0.0481051422787668,0.0,-0.017797547356551355,0.0030512958465169987,0.0,-0.008132156048603147,0.0,0.0,-0.0028386429647823557,0.0,-0.006709492978146336,-0.0,-0.003594364530495371,-0.07211009154577715,0.02244178971778546,0.0,-0.043105129576172345,0.0,0.0,0.024538514409394627,0.0,0.0,-0.024274641511299374,0.0,0.02274468819343571,0.0,0.0,0.023709316772234864,-0.021439259021555027,0.0,-0.019778284701048133,0.0,-0.0020392000987997454,0.0,-0.05715502589578446,0.0,0.01480762233818363,-0.02521566459965141,0.0,0.026306148708806577,0.07093819472448014,0.0,0.018922465879860045,0.0,0.0,0.014982366095650235,0.02798046122376222,-0.055972537884145225,0.0
2025-03-23 00:00:00+00:00,-0.008668683564917444,0.007731115872720452,-0.0434978217958239,-0.054752185721447064,0.003188065053062292,0.0,0.03478597573211439,0.02334441127874716,0.0,0.06847886051060248,0.006968470714527635,0.0,0.0,-0.024803697943801835,-0.02252742485870792,0.07811948082033274,0.0,-0.011670402997906799,0.0,0.0019149046835161413,0.0,0.0,0.047202395826522546,0.0,0.059263875110175224,-0.05102297636611195,0.04854501333428159,0.05026873977961702,-0.06579152760979168,-0.030580558888568095,-0.030944920979049047,0.0,0.021658567569050696,-0.04997527247033745,0.0,-0.0,0.02075103327682549,0.0,-0.0041361652735135805,0.0,0.0,0.0024936068032818154,0.0,-0.0012852337593628092,0.004400263422940668,0.001302258051944295,-0.06987856734053977,0.0036204565615981436,0.0,-0.04080113440905072,0.0,0.0,0.012823450184512416,0.0,0.0,-0.029200767262272175,0.0,0.03053924286175077,0.0,0.0,0.025331888211411066,-0.029884231825158727,0.0,0.013359185644965143,0.0,-0.007207738082063775,0.0,-0.0600360079851838,0.0,0.01144752738045383,-0.026492054461023287,0.0,0.04181622296651301,0.07271245686932626,0.0,-0.004636981175181429,0.0,0.0,0.007161187639217766,0.019300028118362907,-0.05073432950856085,0.0
2025-03-24 00:00:00+00:00,0.0031946835574226122,-0.007751517574981529,-0.05938590446597926,-0.0558634937690544,0.011734212454072756,0.0,0.030751745944728955,0.012746159248126197,0.0,0.04359946040801378,0.013246827563048185,0.0,0.0,-0.02797158405050348,0.024261101749065324,0.07163052032673566,0.0,0.018166887842144964,0.0,-0.0027186847077644806,0.0,0.0,0.05511057300550594,0.0,0.06937552180235884,-0.04529770740366995,0.032079370204908864,0.05279524966209925,-0.05585974735044804,-0.036312784332330386,-0.042035507617052444,0.0,0.03646751602290734,-0.019343821143907116,0.0,-0.013294598096355303,0.02777498915955065,0.0,-0.0058787500300199165,0.0,0.0,0.0012709116605543035,0.0,-0.0064640116143368205,0.008973337357725533,-0.0419556230209615,-0.09209054131633225,0.003612995757129191,0.0,-0.024642796308268426,0.0,0.0,0.02519026730375626,0.0,0.0,-0.032594631328147765,0.0,0.03819654232573844,0.0,0.0,0.042132861921958135,-0.013231280997217591,0.0,-0.011301419245075118,0.0,-0.012380969432276996,0.0,-0.058645087016254614,0.0,0.01244241585503845,-0.03474912693278259,0.0,0.035619325558548375,0.04708182510157798,0.0,-0.005417959775341433,0.0,0.0,0.026884014011827197,0.011616919192193296,-0.05076868746767514,0.0
2025-03-25 00:00:00+00:00,-0.014847991054268761,-0.01220686188602008,-0.08898737617530042,-0.03610357167901471,-0.026979608205371732,0.0,0.054192267442837436,0.01897514633606102,0.0,0.07851095050308166,0.0492490784750966,0.0,0.0,-0.0301442690418504,0.029612762486286005,0.05121244145295736,0.0,0.005178201089097381,0.0,-0.0019143458179179844,0.0,0.0,0.04530963092240172,0.0,0.07878937705257145,-0.029526857986380325,0.052416028605224534,0.07523219878043445,-0.048106383513686526,-0.024787177129260034,-0.028718077221663876,0.0,0.020064237052304826,-0.007505229816859252,0.0,-0.015485496099586273,0.008632055640017155,0.0,-0.011459210223719275,0.0,0.0,-0.021095836144634283,0.0,-0.00882121540121242,0.007330293925765518,-0.03590216835412738,-0.09238505787977085,-0.011881151552185627,0.0,-0.03607513546676241,0.0,0.0,0.04823834028461001,0.0,0.0,-0.045416016204056796,0.0,0.012595754180813202,0.0,0.0,0.05238003834739353,-0.019298133366423123,0.0,0.0023144365492692182,0.0,0.00739683972583138,0.0,-0.00853988758560765,0.0,-0.0029726758050636682,-0.009817286060465339,0.0,0.0034559894941815655,-0.011903470286013953,0.0,0.022854444743210158,0.0,0.0,0.025433146680925965,-0.0031687777206234344,-0.06532439209252555,0.0
2025-03-26 00:00:00+00:00,-0.02552015058598926,-0.01638717064081587,-0.044466895773355865,0.003026107128507136,-0.013643372361100728,0.0,0.021888083231724198,0.019228659487725227,0.0,0.0307698455235032,0.05352192014758242,0.0,0.0,-0.01923192535498813,0.02592487349766703,0.027003064640489526,0.0,-0.010694380288765513,0.0,-0.007855200761988364,0.0,0.0,-0.01612039335597532,0.0,0.044155776910177996,0.003928192919695662,0.024201030323268074,0.06127385295083067,-0.02909061359334041,-0.03094528657991765,-0.03549478205109422,0.0,0.025554391266780788,-0.010518748573383904,0.0,0.001983574902786185,0.013701097231190711,0.0,0.008895394915351119,0.0,0.0,0.009391662387972156,0.0,-0.009794014210319349,0.016850896600551234,-0.019031718416884884,-0.0504857151269516,-0.0020108074557981742,0.0,-0.013443574299399257,0.0,0.0,0.04700633418921314,0.0,0.0,-0.040782958998236855,0.0,0.013479595039387378,0.0,0.0,0.048605227390817435,-0.010573561657539627,0.0,0.04140074066573734,0.0,0.009406180682871858,0.0,0.0016265445582954534,0.0,-0.01066861643206751,-0.0078559551978109,0.0,-0.015130478832452617,-0.0783444339029445,0.0,-0.004505819008399965,0.0,0.0,0.01038860494682521,-0.006154224331476474,-0.034460853747954226,0.0
2025-03-27 00:00:00+00:00,-0.03430112087083499,-0.004353596953114219,-0.020711911242247045,-0.012805257509726888,-0.0034414672545690587,0.0,0.03728582131144753,0.012344843136158636,0.0,0.04324646312285706,0.026915969352482916,0.0,0.0,-0.01580079168276722,0.012246708238798889,0.02895039532676433,0.0,-0.029187611118282844,0.0,-0.002453200866723357,0.0,0.0,-0.024204581198693027,0.0,0.04870924018547349,0.011594297290007674,0.04784199839668358,0.05367153653600124,-0.0377540007575157,-0.03744382519628843,-0.042627571736722,0.0,-0.009130255962175577,0.008458900112567416,0.0,0.008045271755512647,0.01879344832645248,0.0,0.005750445619259259,0.0,0.0,0.001453453354688167,0.0,-0.024876970954363257,0.0069817601984855,-0.0256535322769646,-0.0550815244115986,-0.0018100729433338683,0.0,-0.009251272320775963,0.0,0.0,0.02492706528884138,0.0,0.0,-0.04051644603264004,0.0,0.029244315196654873,0.0,0.0,0.03951370436685703,0.018839970351899916,0.0,0.055584494448940786,0.0,-0.0031125594756869603,0.0,0.013918400158120722,0.0,-0.017009594280383417,0.0019539141714135875,0.0,-0.002914506135847856,-0.026701371782259585,0.0,-0.02502436653694249,0.0,0.0,-0.009779824643904925,-0.013205377928224177,-0.027119804173783114,0.0
2025-03-28 00:00:00+00:00,-0.017728809227281584,-0.007598968205383097,-0.00840476389459283,-0.009137908950140092,-0.015120110653424624,0.0,0.04016592239657286,0.024458329266794872,0.0,0.03946707380273968,0.03716864640589223,0.0,0.0,-0.021656544994113007,0.04611862935050283,0.04025559049170813,0.0,0.0007308755265663436,0.0,-0.01990555093206255,0.0,0.0,-0.04045047762944341,0.0,0.05967403315477443,0.0125003271954317,0.04328295121353758,0.06102499199148889,-0.034048383832778195,-0.050651685577487886,-0.05257155073106864,0.0,-0.02493480884851467,0.013386545630424927,0.0,0.004310435269207844,-0.002578270181426195,0.0,0.016865047496214872,0.0,0.0,-0.002495264800375588,0.0,-0.03925051326542722,0.03062059232010639,-0.036208683197046496,-0.07415742313728395,-0.013291048105152586,0.0,-0.00942938731361694,0.0,0.0,0.035276816658907584,0.0,0.0,-0.03853876731586025,0.0,0.012312757566171685,0.0,0.0,0.04718137194517676,0.03597110919094856,0.0,0.04913494331616385,0.0,0.0010716177166629134,0.0,0.032733795426126824,0.0,-0.018037340672167165,-0.019668616747089147,0.0,-0.009045105053162496,-0.01957966624527992,0.0,-0.03496724816241266,0.0,0.0,-0.029051291596030825,-0.017878427322174036,-0.01732578674132579,0.0
2025-03-29 00:00:00+00:00,0.006422609346621962,0.0067799620751605,-0.0678432046367754,0.015542631573067848,-0.034880907046996965,0.0,0.025654019932377693,0.03357358455344112,0.0,0.03570144000692533,0.04228813805452633,0.0,0.0,-0.0168448394541625,0.030438801218323853,0.05477191323032815,0.0,0.05132114077374823,0.0,-0.006131601379061852,0.0,0.0,-0.03939767080232667,0.0,0.059648732812575246,0.03790171783264941,-0.011664590990662688,0.05999596662665797,-0.01587247933502287,-0.03420223533691401,-0.0364130300600418,0.0,-0.022665491340552846,-0.0005066498540585719,0.0,0.001504211816823156,-0.024921268766612336,0.0,-0.010652258721039656,0.0,0.0,0.020449969146090263,0.0,-0.05359681267099022,0.033414413048832386,-0.05732409374452759,-0.09138420450503466,-0.03675167643863692,0.0,-0.03335606322640664,0.0,0.0,0.0311759654121728,0.0,0.0,-0.04382634319204194,0.0,0.005494717815392999,0.0,0.0,0.05013478633791636,0.006625042969038612,0.0,0.05137542111021072,0.0,0.008185039834810417,0.0,0.024006134303239255,0.0,-0.019902676760492108,-0.02641565105331093,0.0,-0.03724547582004668,0.0870286953796767,0.0,-0.03576752979920745,0.0,0.0,0.015566498999299863,-0.011164893953837221,-0.02626990532114665,0.0
2025-03-30 00:00:00+00:00,0.015210217664741102,0.011432809087881336,-0.04830196669699316,0.007812081906203379,-0.02906486744855238,0.0,0.009841366502707392,-0.01298265744239756,0.0,-0.012447666193033528,0.028310213730347075,0.0,0.0,0.005148285058155188,0.0047527037765725776,0.0306389829884925,0.0,0.04506586937970653,0.0,-0.02618541219332005,0.0,0.0,0.02181768445273789,0.0,0.033899382184101136,0.020846082161340995,-0.017571924170351267,0.02726396256873867,-0.00862864277458377,-0.0032677034443113436,-0.008440537187293495,0.0,-0.009968984240091659,-0.01310508662511384,0.0,-0.01729043181644581,-0.014550492626239961,0.0,-0.013563595668327237,0.0,0.0,0.014537507785563399,0.0,-0.027403806432597173,0.020914532781980813,-0.03575588436604297,-0.04156439187166899,-0.014262517547767091,0.0,-0.016142223352028213,0.0,0.0,0.014114170483896479,0.0,0.0,-0.033375316573653335,0.0,-0.0070088479555915125,0.0,0.0,0.026200926759766336,0.013338419394034292,0.0,0.03186487504122031,0.0,0.015696593500586664,0.0,0.0074982252238163655,0.0,-0.022361460850385092,-0.020973293418395884,0.0,-0.034682066819406256,0.06899063734354538,0.0,-0.014680759415507451,0.0,0.0,0.02851539073163862,0.007013225831196045,-0.007143609208871371,0.0
2025-03-31 00:00:00+00:00,0.00722444654821656,0.011677318124961434,-0.04916013993095773,0.002003474140927699,-0.02813624300199119,0.0,0.014067402513136715,-0.005628363059341841,0.0,-0.010664594267301793,0.024028421735903346,0.0,0.0,-0.004950702308154472,0.000336968166821224,0.051673451373979724,0.0,0.036830321032057405,0.0,-0.01658156441016773,0.0,0.0,0.04295278264422378,0.0,0.030130636227731093,0.01873150314514299,-0.029384536402526567,0.03301183198709263,-0.00738259263000669,-0.01876864783192922,-0.023031013844613517,0.0,-0.008523209244447334,-0.012247291347953477,0.0,-0.016818034049221033,0.0023231192104356023,0.0,-0.02179276126666375,0.0,0.0,0.012124174348505155,0.0,-0.03636674098688273,0.020652140971372,-0.025760935992180205,-0.03670837342444162,-0.01597603417106931,0.0,0.0003537788401808348,0.0,0.0,0.01970451093863251,0.0,0.0,-0.04221857380466845,0.0,-0.012299863532290498,0.0,0.0,0.02838105021260286,0.019265952959342497,0.0,0.008809146352959651,0.0,0.01751050636423701,0.0,0.006055851175527565,0.0,-0.017738853425724413,-0.026952090045631354,0.0,-0.03904134247074993,0.0856065266194121,0.0,-0.026181600179797454,0.0,0.0,0.029681308933634812,0.006617093468113854,0.002560383593561295,0.0
2025-04-01 00:00:00+00:00,-0.0035920812151242726,0.012612385047785267,-0.045399907417312674,-0.003932489152228923,-0.02682375516150414,0.0,0.004614632916443532,-0.009774888136866092,-0.018996176178024293,0.012633987898511622,0.0171779869335045,0.0,0.0,0.012064547934493575,0.0009051515183152712,0.028066529443108005,0.0,0.04494954169953312,0.0,-0.011670799146263375,0.0,0.0,0.037779676642539374,0.0,0.03168714953172518,0.016821360439873888,-0.01923355818547107,0.01585509527200714,-0.0008582346294251828,0.0060561424867532935,-0.00944716435395407,0.0,-0.0036330705812267056,-0.012576491571079639,0.0,-0.022106590387047282,0.001491035333818025,0.0,-0.02328601281338266,-0.003078876039147996,0.0,0.012579147163124263,0.0,-0.028128780717944175,0.022313659322198014,-0.028678500927249512,-0.0519977909779521,-0.01372330525572368,0.0,0.0,0.0,0.0,-0.004034636166654514,0.0,0.0,-0.039465449489636845,0.0,-0.01583148384347567,0.0,0.0,0.024025933441464923,0.011585163123558983,0.0,0.0188945184606212,0.0,0.020132017999333694,0.0,0.0014278601783930473,0.0,-0.019972839912871868,0.0,0.0,-0.03674246335364062,0.081981232423843,0.0,-0.01542292771021185,0.0,0.0,0.0153786673087488,0.010116714075824302,0.0,0.0072581367278971775
2025-04-02 00:00:00+00:00,0.012582143228931152,0.0031527784374525167,-0.044241312690933274,0.003717447466891402,-0.02699087350395661,0.0,0.01959995323382499,-0.014409125231575788,-0.02266776081788248,0.009660318310310282,0.0156331294061132,0.0,0.0,0.01256486538453713,0.005058468758416971,0.037558169020778916,0.0,0.05291289779487607,0.0,-0.010053196791019544,0.0,0.0,0.03328248723396632,0.0,0.02920975286308181,0.01707317161759985,-0.016780654907944396,0.011330469665061467,-0.00030352909973839547,0.00300984243275506,0.004760098067880212,0.0,0.008162038410300934,-0.007051744114099786,0.0,-0.021203340534016558,0.002874677956879882,0.0,-0.021201192189963525,-0.009952366081517165,0.0,-0.015221550069532522,0.0,-0.014450559464508465,0.022153035733297775,-0.03776071749758289,-0.041244545141688904,-0.007831914294283072,0.0,0.0,0.0,0.0,0.014659461210871706,0.0,0.0,-0.03806018332334049,0.0,-0.031149577080745724,0.0,0.0,0.013710877150238531,0.00676902780885889,0.0,0.024877058148056647,0.0,0.007030732336630018,0.0,0.0027786172577255477,0.0,-0.014683998855040297,0.0,0.0,-0.03610287220240661,0.0591247447241325,0.0,0.007844080230750259,0.0,0.0,0.014071254271678475,-0.005277267619757115,0.0,-0.018523316650364968
2025-04-03 00:00:00+00:00,0.010509552723103388,0.005476669801070036,-0.037574271586740274,0.0017638694152198357,-0.027553664531069375,0.0,0.0176645374147466,-0.01633145531652503,-0.012303395292067181,0.020837894183802316,0.016413522160391474,0.0,0.0,0.01923673852683284,0.004209158339442719,0.055482411471956324,0.0,0.04823187649776732,0.0,0.012617738026104285,0.0,0.0,0.031099059434117917,0.0,0.027032180388088693,0.011514192355641566,-0.018183793819120116,0.004935325589623856,-0.013167710704746054,0.005337355470595902,-0.002546643042892981,0.0,0.017107851584823343,-0.016938360002092447,0.0,-0.017849000031004276,-0.011794259285809594,0.0,-0.019813674228940863,-0.0039424878622717685,0.0,-0.013743818704217297,0.0,-0.023324183148579706,0.015921595405664873,-0.028388142456570183,-0.03446664160069596,0.0015646096828325323,0.0,0.0,0.0,0.0,0.010383586315877043,0.0,0.0,-0.0358234260527574,0.0,-0.030114778363144645,0.0,0.0,0.014151255237785171,-0.004028842000412991,0.0,0.010689306783847998,0.0,0.004448647666212395,0.0,-0.0075895686579022115,0.0,-0.01724531659361815,0.0,0.0,-0.0362803426222938,0.0623014299820609,0.0,0.0033034191141376166,0.0,0.0,0.018749260782437646,-0.004915751948616797,0.0,-0.01706351650209556
2025-04-04 00:00:00+00:00,-0.026346439613419172,-0.0,-0.0455110902544187,0.004318414623597353,-0.02505162488889098,0.0,0.008877687928322556,-0.016950463870689655,-0.01699581475630602,0.03427841309183599,0.020559242093530345,0.0,0.0,0.022063186589926162,0.005382764807919545,0.034303650256837216,0.0,0.04917335860390435,0.0,0.01554375948324531,0.0,0.0,0.02978285223167498,0.0,0.029062592516255068,0.0124726747364623,0.008984517110555479,0.015320607846060647,-0.01550837102545819,0.006306683698335373,0.0022892990414420263,0.0,0.011674375327121905,-0.022990096034727226,0.0,-0.008964240823169128,-0.008627283156309883,0.0,-0.005202047279782365,-0.009669506547494832,0.0,-0.012869989045219217,0.0,-0.017902042579537907,0.013286435131981017,-0.03465518961843863,-0.03336515576408339,-0.010539980605398772,0.0,0.0,0.0,0.0,0.015934754586033398,0.0,0.0,-0.039899913782006274,0.0,-0.036750041626826824,0.0,0.0,0.025160717459581032,0.004054386227682815,0.0,0.015902955240771708,0.0,0.003238970348334249,0.0,-0.012593805827382617,0.0,-0.00791236031165175,0.0,0.0,-0.035964342855734514,0.06353745427606752,0.0,-0.0035917464565254856,0.0,0.0,0.020427072562195593,-0.0,0.0,-0.02407527909620237
2025-04-05 00:00:00+00:00,-0.037685644218070295,-0.004962151587612303,-0.04630197617400034,0.008039554518081141,-0.014852028329879806,0.0,-0.048652298664070844,-0.02024145208213812,-0.021527772808206967,0.040673891322632376,0.012327568197596955,0.0,0.0,-0.0031085424647027547,0.01377218406082218,0.029865318193744033,0.0,0.05686550796460685,0.0,0.01410398345589991,0.0,0.0,0.030828331773364033,0.0,0.02996142428296174,0.025712417877759134,-0.0013702250800406391,0.013607734300403804,-0.015856794160507053,-0.018221272316161344,-0.0021085339260831833,0.0,0.030599193179466227,0.0008466539839778045,0.0,-0.005503567413413947,0.0009614979329293986,0.0,-0.021076183337897035,-0.019468159397484967,0.0,-0.015265338445464733,0.0,-0.02560405811734447,0.0008683949376885241,-0.037833925984373996,-0.007077033577529087,-0.014036480530234827,0.0,0.0,0.0,0.0,0.012717605717619991,0.0,0.0,-0.03677933114555633,0.0,-0.03143070939305653,0.0,0.0,0.027598391042446775,0.01419218995791543,0.0,0.021658208587446135,0.0,0.019003119505227713,0.0,0.010423014806477698,0.0,-0.006178268908009954,0.0,0.0,-0.030809138847789463,0.07212758270364562,0.0,-0.0016785766753381103,0.0,0.0,0.010492379614668658,0.01493705623868166,0.0,-0.024553740571096674
2025-04-06 00:00:00+00:00,-0.0370154929493572,-0.001064019702800816,-0.0489075382391446,0.013407705002667459,-0.017448992257636117,0.0,-0.045703186355654075,-0.019512122222205986,-0.02042990643029017,0.03951472623543716,0.007615141484932726,0.0,0.0,0.0029937542566300388,0.019261646377736988,0.04151812598433734,0.0,0.06127593426565471,0.0,0.02183737278419812,0.0,0.0,0.030050269560789055,0.0,0.030486566460574193,0.029086298329054606,0.0074910672512182586,0.015430371123514962,-0.017899877110605995,-0.030999271304202453,0.0012214942123088865,0.0,0.015284717678667967,-0.0022194597106213144,0.0,-0.0016827519016491274,0.0016683373570574682,0.0,-0.017373666047975373,-0.029724376993496525,0.0,-0.003190969983572196,0.0,-0.026649307140055447,-0.010230620378483934,-0.03954196240778759,-0.029826999184441778,-0.018249104389928463,0.0,0.0,0.0,0.0,0.004793279351996712,0.0,0.0,-0.03634107084914189,0.0,-0.02989929407214286,0.0,0.0,0.02961407445733699,0.019582018582313013,0.0,0.030163339042876908,0.0,0.017872577055343043,0.0,0.017662618382455714,0.0,-0.010767180149133212,0.0,0.0,-0.030796019374318525,0.07533042984462024,0.0,0.00695105588165432,0.0,0.0,-0.00994993816479545,0.015788890384216086,0.0,-0.02047868402815191
2025-04-07 00:00:00+00:00,-0.03574697519610014,-0.0017567184189648643,-0.042294508095917366,0.015731594037471226,-0.018377280984974046,0.0,-0.05711527417573249,-0.007299120024972619,-0.022724838793709103,0.04135558010720876,0.022001152896197692,0.0,0.0,-0.0012681542193220623,0.0204695628784739,0.04234303700714007,0.0,0.05884441963905375,0.0,0.02040191109296479,0.0,0.0,0.02256673899023019,0.0,0.028523137165277147,0.027644412453587026,0.010647138874366954,0.014864253386661898,-0.01614320650259014,-0.04291214630263992,-0.015133502696015027,0.0,-0.004753382592616775,0.0019619985046062014,0.0,-0.005977529432125181,-0.008342106110936408,0.0,-0.0011175665695836833,-0.019406198237250847,0.0,0.002177184833865108,0.0,-0.030849914924336932,-0.004150094440761221,-0.033299673793430004,-0.04693914691643281,-0.004450086992924137,0.0,0.0,0.0,0.0,0.009525755241882504,0.0,0.0,-0.03347471853441747,0.0,-0.029932996055765413,0.0,0.0,0.02797206439309432,0.008615002227830328,0.0,0.035865529597331545,0.0,0.013830887411991448,0.0,0.020281549027055368,0.0,0.000272341375277884,0.0,0.0,-0.028236658936396007,0.07995595980940813,0.0,0.004522616198774931,0.0,0.0,-0.014191591793281527,0.02094006633868808,0.0,-0.025420502747243175
2025-04-08 00:00:00+00:00,-0.03256857813611096,0.0033635647132956832,-0.04347918793124472,0.019588349461578225,-0.009346423585447284,0.0,-0.06188750381974665,-0.015322160726229756,-0.026608060249780192,0.045654591922584836,0.028960481537042976,0.0,0.0,-0.004220436856637962,0.015537925459555043,0.0388230317631964,0.0,0.06944045910546376,0.0,0.011709659932092201,0.0,0.0,0.029080034788686353,0.0,0.034246761417022216,0.029638306956444545,-0.024274052579990383,0.022133346640715208,-0.02537459606356836,-0.043473083334944214,-0.05410045673184822,0.0,-0.02733985924285486,0.008700797731844404,0.0,0.001689302768706999,0.008890742612136902,0.0,-0.013698868943243299,-0.017596123472544356,0.0,0.014141907273132026,0.0,-0.040461725646883696,-0.003933469315576748,-0.0472384588638426,-0.050473478734678244,-0.006968174424001408,0.0,0.0,0.0,0.0,-0.00032935268334309694,0.0,0.0,-0.03080404378763727,0.0,-0.009249390547731605,0.0,0.0,0.03314670158198835,0.024582813865939857,0.0,0.04509325985797696,0.0,0.008544737642714366,0.0,0.0336062199257446,0.0,0.01403545105914539,0.0,0.0,-0.02563625053493958,0.08745988890945296,0.0,-0.01719360935332772,0.0,0.0,0.007343405271875054,0.021418692966422726,0.0,-0.02525308959860486
2025-04-09 00:00:00+00:00,-0.022346254310414503,0.001843915953574234,-0.03766850968937877,0.008906232901685272,-0.00243160370823891,0.0,-0.04474357137874452,-0.005382286569751186,-0.018455370699233514,0.04208920567918862,0.02885939378229717,0.0,0.0,0.009168122076881436,0.017190328056400132,0.06720147556279228,0.0,0.052695105627127675,0.0,0.0022582722022324395,0.0,0.0,0.04289770190861181,0.0,0.032011416087977536,0.02588437364839359,-0.05237620759023491,0.00715711537200792,-0.035059721015951936,-0.0525341347098024,-0.05632630474372414,0.0,-0.02645676363254087,0.00032473774929712816,0.0,0.0009870869401419084,0.01748541950396674,0.0,0.017735593040997696,-0.017383629447701318,0.0,0.00035740638226591846,0.0,-0.037446023415274476,-0.005195157647854723,-0.046599072583086834,-0.03691989001677846,0.002136236518086526,0.0,0.0,0.0,0.0,-0.027622719011131863,0.0,0.0,-0.024342414251816956,0.0,-0.003973697651403102,0.0,0.0,0.03068868933948692,0.024911043160619997,0.0,0.006713982414936414,0.0,0.027739138912722693,0.0,0.033075153204461305,0.0,0.017863254617668994,0.0,0.0,-0.01902925146157447,0.08747492654191481,0.0,-0.026621933939505737,0.0,0.0,-0.003736564020310356,0.021734034940478285,0.0,-0.024738280631761315
2025-04-10 00:00:00+00:00,-0.01276272255109103,0.011354151976134768,-0.0343922931146631,0.02188999105939933,-0.016051307910044207,0.0,-0.047252668970431747,-0.012692256508086567,-0.019296196700781778,0.04110767809297545,0.027488498093131156,0.0,0.0,0.01778338992908131,0.006625894612692849,0.04514906124846265,0.0,0.05097920382722523,0.0,-0.004219797367955525,0.0,0.0,0.038279475182763714,0.0,0.029662055835707867,0.014276882538370587,-0.04960385814780103,-0.008637286073169569,-0.0055191822645126905,-0.033403946712646786,-0.024379211957096275,0.0,-0.025273252098710355,0.0025263606830263925,0.0,-0.0035328270954076567,0.004208869221265563,0.0,0.0034045774561289655,-0.027547384874299773,0.0,0.009112363256051925,0.0,-0.024148973296023418,0.013545952398221714,-0.03815188554943385,-0.038421308937690295,-0.0172572470612602,0.0,0.0,0.0,0.0,-0.03363287814130614,0.0,0.0,-0.0257047585557482,0.0,-0.024305919006471107,0.0,0.0,0.02935599166286322,0.018981257295260973,0.0,0.017610031388950457,0.0,0.023329920129970306,0.0,0.029342778320087103,0.0,0.010349764121379931,0.0,0.0,-0.01979034877072607,0.08158857433030955,0.0,-0.012776734343927856,0.0,0.0,-0.002046775912620449,0.02671753916456211,0.0,-0.01386923990211746
2025-04-11 00:00:00+00:00,-0.02309108198271648,0.0033394791091854066,-0.0354388716737722,0.029764822339666274,-0.015364962582202062,0.0,-0.03647428192275792,-0.022353192761079138,-0.015066997561022272,0.03064571755275542,0.034742205924291884,0.0,0.0,0.016079901673006818,-0.0033361445678158847,0.061056025426747804,0.0,0.036651063708884095,0.0,-0.005917906596183233,0.0,0.0,0.04715668049960166,0.0,0.03387068725573035,0.023355863341913145,-0.06452592465735552,-0.00949186231238016,-0.010478895941943055,-0.04868288979411771,-0.03768329410120562,0.0,-0.02916227060158492,0.010971155251233196,0.0,0.0043198144020600475,0.016839976946728976,0.0,-0.018348703548110575,-0.026113976263131857,0.0,0.017664512230746228,0.0,-0.018232957397432196,0.017282402930892983,-0.03613997623752068,-0.040386057370920575,0.002813379624514528,0.0,0.0,0.0,0.0,-0.03938302509991993,0.0,0.0,-0.029299401340761727,0.0,-0.016362523455083662,0.0,0.0,0.030646942444043392,0.02970329074770005,0.0,0.023749974257175212,0.0,0.023720243433995623,0.0,0.03390725258125264,0.0,0.011999761983097284,0.0,0.0,-0.01894682021913743,0.09186139550015006,0.0,-0.019422982712829464,0.0,0.0,-0.019769452858778954,0.02241963966949989,0.0,-0.015087735275109702
2025-04-12 00:00:00+00:00,-0.028499238911034137,-0.008933285875574947,-0.01946683389839065,0.01742492225043779,-0.016448788535086533,0.0,-0.003374913781248116,0.0020554365509837446,-0.017462404284078192,0.008102986911545642,0.037520927462765793,0.0,0.0,0.028448856662781543,0.003377894478329556,0.03863187463830403,0.0,0.05797909254170715,0.0,-0.018374780068941294,0.0,0.0,0.04493385371006249,0.0,0.03501585205466058,0.005155193547155531,-0.05407017001266407,-0.023380703229124913,-0.004942052753266003,-0.04721569423114266,-0.04290612816425005,0.0,-0.024547016262016476,0.009754841471986698,0.0,-0.008709449422016903,0.021813889296488545,0.0,0.020491222874071454,-0.02004407388915531,0.0,0.008026926475247088,0.0,-0.020404991460275086,0.020920976863943556,-0.038928793120799145,-0.03918662004236944,-0.0040456266623771255,0.0,0.0,0.0,0.0,-0.0437724143570222,0.0,0.0,-0.035547491125424914,0.0,-0.02258870588084125,0.0,0.0,0.030030395798721615,0.02644682085508522,0.0,0.03427239150020868,0.0,0.030787809012676266,0.0,0.032773353540610964,0.0,0.01657663836123472,0.0,0.0,-0.017517398329439115,0.08630204589785964,0.0,-0.011995715479435714,0.0,0.0,-0.03256946282203493,0.010696207111689922,0.0,-0.022607657270549076
2025-04-13 00:00:00+00:00,-0.02118788297823042,-0.0011679196232272234,-0.018895602721356947,0.02192538460853936,-0.015550148543140543,0.0,0.0012915800406841445,-0.010824559034035303,-0.012836837714092728,0.006685123449147286,0.03693852310077694,0.0,0.0,0.04763592162941814,0.014145918166688887,0.028399792533645697,0.0,0.053862711710209045,0.0,-0.020892496096600516,0.0,0.0,0.04740086334776099,0.0,0.035208300137689094,0.009202055987886777,-0.0482789300088516,-0.029909841104571636,-0.013042670787541096,-0.04955696443829727,-0.04187398002357233,0.0,-0.02386195622858497,0.02493818991307823,0.0,0.0095627546668545,0.011718673699529102,0.0,0.01530005700832311,-0.018043315428461656,0.0,0.018156770682601645,0.0,-0.03303125762822987,0.010948729716819284,-0.039211192869693524,-0.04416283307373288,-0.017845477033851725,0.0,0.0,0.0,0.0,-0.043292775606323095,0.0,0.0,-0.030416636385777247,0.0,-0.0353639083203346,0.0,0.0,0.02600100806465043,0.024455993395413947,0.0,0.018512426961292145,0.0,0.03429822243830341,0.0,0.0325181249299034,0.0,0.02144812868401228,0.0,0.0,-0.022519244663499433,0.0864794531552578,0.0,-0.017280646154858977,0.0,0.0,-0.04001160756671074,0.009760113088793916,0.0,0.002263862916296728
2025-04-14 00:00:00+00:00,-0.018115224440421115,0.01353198110082986,-0.00641524936889916,0.017626453924010597,-0.01925092892415545,0.0,0.010237135037543628,-0.033021994280338016,0.001547070030332063,0.00032768916140400977,0.033404665929369394,0.0,0.0,0.0442945892736381,-0.0009991058301810957,0.023795450907801947,0.0,0.04644255565692854,0.0,-0.025680657917501216,0.0,0.0,0.038235749701033356,0.0,0.03135479532324043,0.013653406607230372,-0.04010705922954278,-0.024484871627321797,-0.0064991829893660345,-0.026650861128497846,-0.02989111972493344,0.0,-0.01956004194130923,0.024163688868331652,0.0,0.001439290341995389,-0.001737431658255139,0.0,0.005492774312902851,-0.02630094905747608,0.0,0.007497274363085349,0.0,-0.027753845212283565,0.011410832570796975,-0.0425823395766736,-0.007856828518620629,-0.03409298287456518,0.0,0.0,0.0,0.0,-0.03791504159958372,0.0,0.0,-0.009949100839610777,0.0,-0.037563356200478924,0.0,0.0,0.016175575507028576,0.013767510415307197,0.0,0.010822634820804143,0.0,0.029126745557231833,0.0,0.02737493553290328,0.0,0.017282582188898003,0.0,0.0,-0.02423945137129116,0.08615586377904988,0.0,-0.006611520216786721,0.0,0.0,-0.03111895184094326,0.012392372813323924,0.0,0.0008444726440145657
2025-04-15 00:00:00+00:00,-0.01963478935693064,0.006826141963450825,0.006736085472937686,0.027809434841481632,-0.02380651119601259,0.0,0.007896942138011868,-0.03776955484729546,-0.00896755975517388,-0.013097204803860835,0.03304481301317408,0.0,0.0,0.03815881751248049,0.004439571236879697,0.022941000648326968,0.0,0.05258357328522854,0.0,-0.03077333899292896,0.0,0.0,0.03630981625218471,0.0,0.030257735642114342,0.005667233225773711,-0.044970443450626514,-0.023805772893629194,0.0051793442074239415,-0.035864948762894346,-0.01926269043335985,0.0,-0.007766787458525213,0.01644781659046676,0.0,0.012228008897753282,0.02839589202011638,0.0,-0.01699126159605228,-0.025467271216740386,0.0,0.006802927158450572,0.0,-0.02989254981275644,0.014007193492382832,-0.03882148170137963,-0.002792622395945918,-0.03299432004717748,0.0,0.0,0.0,0.0,-0.029856972646290173,0.0,0.0,-0.01706603204035048,0.0,-0.04003227335944863,0.0,0.0,0.015207866179754623,0.009766268023523884,0.0,0.013571892628830531,0.0,0.0313902718353162,0.0,0.018449353624717016,0.0,0.007727277375832799,0.0,0.0,-0.02607602847203155,0.08553881798559941,0.0,-0.011945115815752203,0.0,0.0,-0.02111661362527979,0.023505500731694183,0.0,-0.002117451303464436
2025-04-16 00:00:00+00:00,-0.01797662249111806,0.0022991928118106675,0.0157625223518648,0.026505244554173683,-0.018085350714747997,0.0,-0.01830055908890926,-0.04057336407761931,-0.026541706651120295,-0.015810430651977136,0.03146743772544826,0.0,0.0,0.04028008830155597,0.020778519051565057,0.0233996487044843,0.0,0.056918354830709644,0.0,-0.03196983118851888,0.0,0.0,0.03196827479898524,0.0,0.029040778534840127,0.0039004742079034164,-0.05625994426785616,-0.01693237088756605,0.004126092216152838,-0.03472460845601052,-0.014446414716835124,0.0,-0.021562863615788505,0.017544637602448853,0.0,0.0065676587358125494,0.026396190145418344,0.0,-0.02898101365453289,-0.02727490292655311,0.0,0.011790912678888201,0.0,-0.025544848222885514,0.013533241158472622,-0.028061593976948143,-0.005941424963258045,-0.027213002618484645,0.0,0.0,0.0,0.0,-0.028598349277253958,0.0,0.0,-0.021588136125516928,0.0,-0.040056583550749536,0.0,0.0,0.0201987765061789,-0.0037709977895406645,0.0,0.01648221987159098,0.0,0.033353465000586696,0.0,0.016999143816556095,0.0,0.008969899595991516,0.0,0.0,0.0020390374265537715,0.09284703953424454,0.0,-0.008796157106431614,0.0,0.0,-0.009239070786698313,0.027271936577493827,0.0,-0.012190638932810227
2025-04-17 00:00:00+00:00,-0.013339742505062787,0.0022180268947250238,0.007808502016413436,0.02504016766123496,-0.008298196190312083,0.0,-0.009982085039075772,-0.03767221020304232,-0.022523921930696335,-0.010242575310026784,0.029292126780595475,0.0,0.0,0.036240645227874776,0.017419262322527104,0.02847008920877118,0.0,0.0549855565847906,0.0,-0.04061335241953475,0.0,0.0,0.03909916033769569,0.0,0.028452001801494035,0.00667987688395628,-0.02863533744339395,0.003433550609691227,-0.0060401145116035825,-0.02743189340573675,-0.0217594269870476,0.0,-0.027663689799850864,0.017556868523938632,0.0,-0.0027500684479071966,0.01890867568115142,0.0,-0.0354772857994585,-0.004598416748569374,0.0,0.00507267738144352,0.0,-0.02229980985899628,0.013744510364351495,-0.03302151869644464,-0.010369800282797971,-0.03675969504100711,0.0,0.0,0.0,0.0,-0.03141597651969211,0.0,0.0,-0.02160165148305749,0.0,-0.038021793371193144,0.0,0.0,0.009781377363856635,-0.007138540600519886,0.0,0.024243276227765575,0.0,0.0344500635608298,0.0,0.011920425686315236,0.0,0.01175334543027448,0.0,0.0,0.000884080241732888,0.08600395730949759,0.0,-0.010854867617533858,0.0,0.0,-0.007493771090840795,0.026872641200179678,0.0,-0.024325123997704822
2025-04-18 00:00:00+00:00,0.004011277421960385,0.0018810879770236163,0.006136066684013036,0.02160820512822154,-0.010325153091343865,0.0,-0.0217492224882672,-0.03332522052330057,-0.023454992763405912,-0.021634499719883394,0.020321823338857584,0.0,0.0,0.03297686678299658,0.015191776167929614,0.03503959233910843,0.0,0.0483787756980243,0.0,-0.03917573795157248,0.0,0.0,0.031486984871196506,0.0,0.020473006370897905,0.008655474422946528,-0.014022007331141263,0.0023585498243162925,0.00156961717359434,-0.013112825760499746,-0.006639231561962604,0.0,-0.024756568979266407,0.012270835947643378,0.0,-0.012766235875614505,-0.0002802335252573686,0.0,-0.03140153977765936,0.0028173858603276723,0.0,-0.00028723009957384567,0.0,-0.02528885027244911,0.013446588878443416,-0.028736740230497996,-0.0181258736973087,-0.03570419630992153,0.0,0.0,0.0,0.0,-0.013627301889938062,0.0,0.0,-0.016881737266743503,0.0,-0.0301889703042861,0.0,0.0,0.007320530580396973,-0.010550831707456503,0.0,0.009313905799612974,0.0,0.030996987037594396,0.0,0.006814510003914755,0.0,0.0030085740188851664,0.0,0.0,0.003222425698558093,0.08974370782595682,0.0,-0.005483519554359887,0.0,0.0,0.0027629520041887287,0.019387019739026266,0.0,-0.013675806913925406
2025-04-19 00:00:00+00:00,-0.010439820137091663,0.004337209879357439,0.03454499502651606,0.040136197814429585,0.01459987846487196,0.0,-0.025140682472533833,-0.04234214240405892,-0.031204322274000922,-0.03465471885744534,0.02934248343839457,0.0,0.0,0.05676168864387763,0.02585046757534771,0.053483535338950984,0.0,0.06124993936101703,0.0,-0.04865636923598427,0.0,0.0,0.057717129851273155,0.0,0.02206501282172733,-0.014833720921176293,-0.01836418810638704,0.0032566477097134084,-0.01631994200919329,-0.006993105098832641,-0.021954636442859533,0.0,-0.03427807363344811,0.024270938891652032,0.0,-0.00042106031124641407,0.04441596723774212,0.0,-0.059533455390203285,0.014135272310898134,0.0,-0.009550848343102943,0.0,-0.047219369522603534,0.0028938701650182536,-0.03640840679111655,-0.03434647970125119,-0.037580835200590725,0.0,0.0,0.0,0.0,-0.04323709787956083,0.0,0.0,-0.02239718143116483,0.0,-0.042404630141174945,0.0,0.0,0.013470428527915254,0.01232830369762478,0.0,0.03155756141763864,0.0,0.052619470224615134,0.0,0.0004230148009318764,0.0,0.015061337194848283,0.0,0.0,0.033922117318148814,0.03848243085571772,0.0,-0.037049498076043644,0.0,0.0,-0.007455809070451015,0.0042923513066276935,0.0,-0.008431856423333866
2025-04-20 00:00:00+00:00,-0.027580852134471076,-0.02817562149490536,0.03479502226964543,0.033464413076595215,0.024375480992796652,0.0,1.4762070378800577e-18,-0.006827312990918541,-0.03203786597767681,-0.037184747629834085,0.025244553088684858,0.0,0.0,0.023864490691127255,0.01967612342888585,-0.029341911122230887,0.0,0.05013196557378132,0.0,-0.05385253480234081,0.0,0.0,0.0541701960492208,0.0,0.03202756024346857,-0.026162138504427102,0.003941304463019125,2.982959457007248e-18,-0.012549913507979267,0.01346721563493343,-0.03788074302935271,0.0,0.003174100204445282,0.013065845818113564,0.0,0.022249462641061653,0.0439073500783074,0.0,-0.054108463339534035,0.028380350780168893,0.0,-0.003432989785413071,0.0,-0.04536605092724597,0.009692039485306959,-0.03138606260487521,-0.0657587115736738,-0.009554506541497313,0.0,0.0,0.0,0.0,-0.0241209063068304,0.0,0.0,0.0010432152183471191,0.0,-0.043669923530865296,0.0,0.0,0.00529007581263236,0.01658070911344973,0.0,0.007283164715406806,0.0,0.053465565632370024,0.0,0.004146935133502382,0.0,0.020833364674212988,0.0,0.0,0.037640972084681874,0.06182585795671689,0.0,-0.042504366340724624,0.0,0.0,-0.014073642124360781,-0.028918014190106256,0.0,0.01074994359838094
2025-04-21 00:00:00+00:00,-0.02767108891505006,-0.03230640416267776,0.015973327290712994,0.021504409775004393,0.037737414163741545,0.0,0.020623018203963325,-0.021716667885767406,-0.014886020509041403,-0.031680356522734855,0.009412992481787936,0.0,0.0,0.01756841506553358,0.025520798532358398,-0.016241329690501287,0.0,0.022891916702165737,0.0,-0.029362248954097406,0.0,0.0,0.05415198604477945,0.0,0.019125484938274467,-0.028209850270831824,-0.020926375744306402,0.010169985166687108,-0.01746329865888495,0.027864021746077015,-0.04949892337670611,0.0,0.007079789409533521,0.005358971020648578,0.0,0.023358038232251153,0.04040268903105057,0.0,-0.048274505173396376,0.02063571946967188,0.0,-0.004983704116497871,0.0,-0.03918675323066078,0.013937599917039712,-0.02020497334142849,-0.03169152631457269,-0.003079680946295979,0.0,0.0,0.0,0.0,-0.016764475119939507,0.0,0.0,0.006875854682086629,0.0,-0.0094933266990926,0.0,0.0,0.0030971040673257767,0.01716200023452101,0.0,0.0015035633857860614,0.0,0.03906631822118025,0.0,0.02140876101289597,0.0,0.018303231018376685,0.0,0.0,0.034107585543369345,0.001108229296520636,0.0,-0.04571324018268536,0.0,0.0,-0.021806210524382197,-0.030437597553450234,0.0,0.025649333239658022
2025-04-22 00:00:00+00:00,-0.023266894072139426,-0.02892254143576021,0.005596949875181508,0.010003733025165263,0.027236599399518568,0.0,-0.010843123942305206,-0.013068463671274375,-0.03090957016751985,-0.05805490426828465,0.007606707745637126,0.0,0.0,0.05169688629895834,0.02805889141904164,0.04105387518618027,0.0,0.06690077535871262,0.0,-0.028344612709402035,0.0,0.0,0.05673086628822497,0.0,0.01543812207407353,-0.016999619798165003,-0.037040531550418115,-0.005027378177185513,-0.014926510578286537,-0.019947224499721923,-0.05736623698488425,0.0,-0.008312567016551088,-0.0025182773626721625,0.0,0.02161187536752986,0.04222412447795244,0.0,-0.0668976821630302,0.00727563748529382,0.0,0.006801592633781157,0.0,-0.042652602277581636,0.004699253715392491,-0.028750252036437576,-0.023629621645016093,-0.018565834629823263,0.0,0.0,0.0,0.0,-0.019081623225666908,0.0,0.0,-0.00207911593054834,0.0,-0.021591625063015474,0.0,0.0,0.03106803340973017,0.024681812858455807,0.0,-0.0016054923336796321,0.0,0.035545345571438715,0.0,0.051604048821920885,0.0,0.021082010560464735,0.0,0.0,0.03150135288730622,0.03629899385213913,0.0,-0.04702360322790875,0.0,0.0,-0.0005637616935544256,-0.02792566745110399,0.0,0.031197849599837287
2025-04-23 00:00:00+00:00,-0.02958830453268245,-0.026997491959961418,-0.021871740510651494,0.019709527542491077,0.023290465058061618,0.0,-0.014442809039399207,-0.017185661333860697,-0.03434232325216321,-0.05829873698696453,0.016379139448229968,0.0,0.0,0.034436317642124056,0.02322843045265063,0.001200587163993121,0.0,0.09899644082403329,0.0,-0.047204255225214535,0.0,0.0,0.06241049756416478,0.0,0.017723170498213762,0.0025694783531030954,-0.024935052983067446,-0.007190585874010123,-0.0012493855800707347,-0.005596570079144252,-0.049971155707906625,0.0,-0.03964687917371835,0.026376521643834475,0.0,0.020202961013378953,0.048820641945028,0.0,-0.0740496283083064,0.03154262697551013,0.0,0.02141414890617254,0.0,-0.044691954390221285,-0.0012995910883887962,0.0331702149594869,-0.03220383858894472,-0.03829662835309569,0.0,0.0,0.0,0.0,-0.0193078618145901,0.0,0.0,-0.020026540288778864,0.0,-0.023826111325102373,0.0,0.0,0.030669970060517374,0.036024711744912105,0.0,0.045684158814790946,0.0,0.04462159330049621,0.0,0.06282898850467543,0.0,0.014562573962900664,0.0,0.0,0.024470454212079034,-0.051771484239648786,0.0,-0.04463834019464622,0.0,0.0,-0.00759366669496131,-0.03403722444910403,0.0,0.02993020138375543
2025-04-24 00:00:00+00:00,-0.005134299531202857,-0.020940535547496975,0.011741591872140942,0.008929592483031634,0.03150338753885385,0.0,-0.01897831064851839,0.01803321416838639,-0.007500627593458982,-0.0430976725964344,0.015743960534718975,0.0,0.0,0.015062550677730819,0.01948257384841376,-0.07231889284455283,0.0,0.05661333509289459,0.0,-0.02572188027176763,0.0,0.0,0.02550754132222688,0.0,0.0017116197164326582,-0.014483017851860755,-0.022268564124030645,-0.004536763282057485,0.016171027274910807,-0.02027234440693585,-0.039103885519569545,0.0,-0.014659245848034581,0.03570472627009714,0.0,0.01856614389276251,0.028955134101498397,0.0,-0.055164461539199953,0.034530983630966926,0.0,0.03851560866022005,0.0,-0.034689833428666106,0.016554466225692815,0.0028194316688960577,-0.03338994221847832,-0.002126182063443412,0.0,0.0,0.0,0.0,-0.0033443286902737294,0.0,0.0,-0.008966771945188233,0.0,-0.0020973461602509466,0.0,0.0,-0.0034998321501413013,0.0189480075233348,0.0,0.0020725336512362703,0.0,0.020110537640363618,0.0,0.04690465852938864,0.0,0.03157337979278305,0.0,0.0,0.036051143219841535,-0.03346880884795872,0.0,-0.02895134636545095,0.0,0.0,-0.02258989244274482,-0.03871903008384322,0.0,0.0242166666647374
2025-04-25 00:00:00+00:00,-0.009706491609658252,-0.014067037755790492,-0.020793762773043095,0.022216123909527107,0.03219973135116578,0.0,0.017348969768352443,0.024962271508377952,-0.017025106142751576,-0.035331750872698846,-0.00430381503772745,0.0,0.0,0.007667739313269751,0.001724984986840748,-0.09438622525481473,0.0,0.05964266809211139,0.0,-0.019340449834806768,0.0,0.0,0.029515495509589245,0.0,-0.007977050056480826,-0.011614629231356465,0.022078734609888725,-0.020233233776495798,0.025121648621547487,-0.0374020343101552,-0.04235570632344218,0.0,0.015340683778608751,0.04090149895587419,0.0,0.022610967829783953,0.02327824967975354,0.0,-0.0611114346905031,0.029365839018552303,0.0,0.04631448732057719,0.0,-0.030610914758243245,0.007894418817204941,-0.004496401107461961,-0.03685279233626939,-0.013413860745251098,0.0,0.0,0.0,0.0,-0.005161661002712447,0.0,0.0,-2.6689779450769224e-18,0.0,-0.003687354369702496,0.0,0.0,-0.01010748881645183,0.012830558921033438,0.0,0.016402649811505927,0.0,0.017949570270784063,0.0,0.053976209563101354,0.0,0.04651891121125829,0.0,0.0,0.039593032903402325,-0.048791057400445745,0.0,-0.043494052610040294,0.0,0.0,0.025026949618720585,-0.0508860961477872,0.0,0.0026680115932591355
2025-04-26 00:00:00+00:00,-0.007997178902031053,-0.02570293823584947,-0.03660378223837879,0.026491960142416993,0.028840373602274382,0.0,0.005669762961505058,0.03259092223439366,-0.010224257704951731,-0.0394127987920318,-0.008077856335599225,0.0,0.0,0.010056108297491186,-0.011325710082314104,-0.0900796310667009,0.0,0.06725230963187134,0.0,-0.031048221633000795,0.0,0.0,0.0365577334927958,0.0,-0.011482095197626252,-0.02773581717797673,0.008431432430426163,-0.01683340353190235,0.04201331324872536,-0.011226389489217819,-0.03425239683274519,0.0,0.001591040095561077,0.04798304324730465,0.0,0.01121202953479663,-1.438926489936287e-18,0.0,-0.05697255345305207,0.030661832651359553,0.0,0.05204169319726206,0.0,-0.023359862607269775,-0.0042826883583855,0.01519097329631458,-0.019061447697814784,-0.020132835516722184,0.0,0.0,0.0,0.0,0.012877695365273792,0.0,0.0,0.007035214498473697,0.0,-0.006768872050371365,0.0,0.0,5.029509104665108e-18,0.0053821554645269555,0.0,0.006145336415866816,0.0,0.008037986487219272,0.0,0.05510107118553555,0.0,0.023622006433231615,0.0,0.0,0.03955441046809367,-0.0601414032185816,0.0,-0.041685240365863414,0.0,0.0,0.05105223653564122,-0.04972893018743209,0.0,0.018743669757457965
2025-04-27 00:00:00+00:00,0.004410944336699372,-0.0206897080236889,-0.03602350143850894,0.021335226406430874,0.039144763046119635,0.0,-0.0013598881837685408,0.03816463058261711,-0.007265992184343954,-0.028658070182538,-0.010948674981022307,0.0,0.0,-0.02049536949144039,-0.018619924247450088,-0.10954094854499936,0.0,0.06947803978498655,0.0,-0.03208893013804738,0.0,0.0,0.027117805787736357,0.0,-0.011159651609605819,-0.013192377316636146,-0.015610125481128263,-0.007882404962487363,0.03542061559690957,-0.02432142000311498,-0.02512829468299338,0.0,-0.01896184790599191,0.046838809265614886,0.0,-0.00035253481063894464,0.00034781909332478255,0.0,-0.060698234597422705,0.033828101086564887,0.0,0.051342160702950626,0.0,-0.013257274610207578,-0.011760257110911875,0.01870348477672931,-0.012235179156051728,-0.003012439354980896,0.0,0.0,0.0,0.0,-0.00446664199163846,0.0,0.0,0.01987025629502655,0.0,0.0116972125629236,0.0,0.0,0.01634331472111847,0.009554960198943445,0.0,0.01053361169612768,0.0,-0.007679113118251992,0.0,0.04748520657626072,0.0,0.021913393570301806,0.0,0.0,0.04433531880155669,-0.021331951969844096,0.0,-0.04105188926816782,0.0,0.0,0.05426439831282599,-0.04729924517993596,0.0,0.002961817344049073
2025-04-28 00:00:00+00:00,0.00173369331258804,0.0,-0.038743046528183785,0.03256835082695957,0.023848895301856233,0.0,-0.013895794474980247,0.020910992974115333,-0.01142401646548942,-0.03278268848093819,0.0,0.0,0.0,-0.021565700000413603,-0.015673335323421005,-0.07543106687014312,0.0,0.10430854575975206,0.0,-0.04441376762458496,0.0,0.0,0.07738525074412199,0.0,-0.013439824969405111,0.0014853372031744757,-0.02137720765516601,-0.01632767072521944,0.04645253252291122,-0.034868016085066234,-0.013163425010419299,0.0,-0.04183325720200366,0.0461052359144455,0.0,-0.01899770441958548,-0.0011504816865665877,0.0,-0.06674469637649567,0.027899445868915886,0.0,0.06573106218600863,0.0,-0.01896350289891299,0.0,0.006195620756870005,-5.6835053225892715e-05,-0.004361795335641799,0.0,0.0,0.0,0.0,-0.015001408104483685,0.0,0.0,-0.02162019334188991,0.0,0.0009451873383951666,0.0,0.0,0.004247448635274894,0.016939667827920585,0.0,-0.0,0.0,0.0025042260014504878,0.0,0.05881868047295126,0.0,0.029934264120228777,0.0,0.0,0.03839543059766551,-0.03253924597511269,0.0,-0.05377482131145977,0.0,0.0,0.06525358624194112,-0.027947866099370444,0.0,-0.01556608658936753
2025-04-29 00:00:00+00:00,-0.016255864675111243,-0.02500328346477389,-0.039319992696521526,0.03752825382157697,0.04416488794546155,0.0,0.01708405257603469,0.04310650679521822,-0.017368283846945304,-0.02336011312928743,-0.020257864820878466,0.0,0.0,-0.010213593633990334,-0.013681816838657065,-0.08575344671698763,0.0,0.05927012810931401,0.0,-0.009529062526151199,0.0,0.0,0.0638269892979447,0.0,-0.013055409900781167,-0.016598891064720265,0.018288987396027905,0.002578583551483556,0.03775158040117509,-0.01799821495806703,-0.024796174225685776,0.0,-0.03934782189684537,0.04928059282756958,0.0,-0.0030915709996143462,-0.008200100641064932,0.0,-0.055079876355420145,0.022038243772385023,0.0,0.06042812490428686,0.0,-0.015460308742245384,0.008101345290357708,0.007370795530931708,-0.025638997638570207,-0.005548850084636244,0.0,0.0,0.0,0.0,0.0021480715969844147,0.0,0.0,-0.011647423955547884,0.0,0.01410124231632298,0.0,0.0,0.0033317755512489856,0.0015147974095647415,0.0,-0.0005962601079826238,0.0,-0.010216742408937862,0.0,0.04401811713295042,0.0,0.03113387343437043,0.0,0.0,0.041261560566035124,-0.05377743022524872,0.0,-0.05028982684459594,0.0,0.0,0.028891716033244925,-0.02588429314923242,0.0,0.0007512892880108668
2025-04-30 00:00:00+00:00,-0.004216535792319093,-0.015678496647222692,0.031082711119173385,0.043781506142947985,0.04121966968524234,0.0,0.013571855438912239,0.031771266351604,-0.017102802707305333,-0.025699553029114572,-0.01663784924266045,0.0,0.0,-0.0046269560543377155,-0.02548403927777879,-0.10097391040762217,0.0,0.040679215401502496,0.0,0.008148891360547115,0.0,0.0,0.07709264088724932,0.0,-0.011860220335094837,-0.028593398585823247,0.02256088625653073,-0.006954951045502821,0.04491086707601307,-0.022090270845751506,-0.023196387747160284,0.0,-0.027839901126395422,0.05168008570902417,0.0,-0.008899243471510535,-0.010477559930836215,0.0,-0.06332616926528593,0.012362890699517516,0.0,0.057693499447452536,0.0,-0.012443118840290432,0.009104280483740573,-0.01758790520078641,-0.01714435253575732,-0.0005418084191738641,0.0,0.0,0.0,0.0,0.001022218429100974,0.0,0.0,-0.005984907391337741,0.0,0.013368694039153283,0.0,0.0,0.00183883684405814,-0.0018078342087661818,0.0,-0.010579287843420741,0.0,-0.009904166152226489,0.0,0.028979288957990047,0.0,-0.0005944829858662684,0.0,0.0,0.04386596927946346,-0.05218391922548642,0.0,-0.05323330181831969,0.0,0.0,0.027677363453827243,-0.02654542266338666,0.0,0.019796115733489255
2025-05-01 00:00:00+00:00,-0.006994756345507596,-0.022369448709517337,0.03293655688376404,0.030630577728261874,0.04021616847074787,-0.018108453332664275,-0.0031330729486505307,0.04149683846903498,-0.025630806029438322,-0.04148937108055919,-0.019023875232746547,0.0,0.0,0.02036811905720745,-0.026526281309033995,-0.09067106457101848,0.0,0.050516327241649846,0.0,0.007027851126087494,0.0,0.0,0.05986679215199293,0.0,0.01663955344658055,-0.024689264557398834,-0.0116523156843635,-0.002826705892715401,0.048330556581658246,-0.031879401595669314,-0.016983379551805556,0.0,-0.012966831550816979,0.04852387573260504,0.0,0.013042846774690661,0.023263512025308936,0.0,-0.05704018056285883,-0.0008192547535292082,0.0,0.0,0.0,-0.008761061502381,-0.015006962546813014,0.0,-0.010216072408055554,-0.013122442039030761,0.0,0.0,0.0,0.0,-0.0016881526469714088,0.0,0.0,-0.027929933634119865,0.0,0.02685860242952336,0.0,0.0,0.0,0.012011212672840875,0.0,-0.0171650173060595,0.0,-0.005367405337281621,0.0,0.042977413949445,0.0,0.008507243404738005,0.0,0.0,0.036160634204697846,-0.02890651951559714,0.0,-0.04711082585969171,0.0,0.0,0.008820045455789054,-0.02088149604390304,0.0,0.04076562474157454
2025-05-02 00:00:00+00:00,0.002768513749039658,-0.01889158249973677,0.0415870967084734,-0.011133907730732924,0.037312637314187845,-0.020605255784673576,0.007595964479999066,0.04803874361004793,-0.009340302137211152,-0.03321668918783385,-0.01554603831800182,0.0,0.0,0.004448702907764061,-0.026056157566450886,-0.08297905323584139,0.0,0.06364263857442347,0.0,-0.0003550644119833651,0.0,0.0,0.06465177586272362,0.0,0.011320098908285458,-0.01414499732986209,-0.02551003857893252,-0.00039771345141396947,0.043198441934019886,-0.013962372422952904,-0.009012991141466866,0.0,-0.009480118182812075,0.047300791695489904,0.0,0.00407378464962698,0.03237006530584188,0.0,-0.057518933706168895,0.006027936496537648,0.0,0.0,0.0,-0.00566202529742274,-0.0107201381358505,0.0,0.025178862652939078,-0.00960370258687553,0.0,0.0,0.0,0.0,-0.007767260180950921,0.0,0.0,-0.03689567942103382,0.0,0.02477111788952306,0.0,0.0,0.0,0.01821108550764732,0.0,-0.011181890657504447,0.0,-0.0031766850541290674,0.0,0.018148529380543243,0.0,0.0013454313701883205,0.0,0.0,0.03693349194583443,-0.04501371950347947,0.0,-0.04732981746887618,0.0,0.0,-0.028150322987187643,-0.015012043423704817,0.0,0.029738789459953917
2025-05-03 00:00:00+00:00,0.027883417866666666,-0.022368330904493,0.042444673388781884,-0.016456184972183516,0.0514882675708876,-0.023733465397678847,-0.008953369043139507,0.06176493193199982,-0.009553894275912305,-0.053019052682357126,-0.01827216206723295,0.0,0.0,0.022638101241489576,-0.03178947694826078,-0.071104126559584,0.0,0.0852901354776691,0.0,-0.02336684254110604,0.0,0.0,0.06150352224220344,0.0,0.029160904145005325,-0.007311134058515286,-0.02482013387374723,-0.028495124344751734,0.038439789468054875,-0.01313718724171165,-0.006391413333916321,0.0,-0.023761509208354167,0.04759210456079323,0.0,-0.002896775140943779,0.0075828959917197,0.0,-0.06970294601623037,0.04202469886829815,0.0,0.0,0.0,0.0004421015241082068,-0.0054495693808876726,0.0,0.010224567801500113,-0.007525122071154492,0.0,0.0,0.0,0.0,-0.017370138482319622,0.0,0.0,-0.05149610276823566,0.0,0.025626084119422844,0.0,0.0,0.0,0.00754459627456714,0.0,-0.03384976604561072,0.0,-0.007217142393760304,0.0,0.01982422689038892,0.0,0.017768745365474348,0.0,0.0,0.0328393931887958,0.014322779367412199,0.0,-0.05692399725303788,0.0,0.0,-0.02180068507867451,-0.01398141167330278,0.0,0.024341126471863435
2025-05-04 00:00:00+00:00,0.04294189038834985,0.026699367759865422,0.01630172436562882,0.007036235446030817,0.0064828849790602655,-0.0288425555152593,-0.018151101528316265,0.03905988689052473,-0.015353094974326277,-0.05605634665395844,-0.007908750440558056,0.0,0.0,0.03811395421528116,-0.04704581007219201,-0.01627731441635956,0.0,0.09560889443270575,0.0,-0.022424892162886005,0.0,0.0,0.013609387076935868,0.0,0.03547726790211141,0.021667692347183545,-0.020112675294743868,-0.03570946990771037,0.055490217387340585,-0.001791107572484317,0.021524780684893424,0.0,-0.03416736407270565,0.03780132815241091,0.0,-0.027659770859884254,-0.005147724360516714,0.0,-0.06766677872692294,0.017521171448147143,0.0,0.0,0.0,0.004086795464855673,0.018919144660405,0.0,0.031092208983116515,-0.03940757133955585,0.0,0.0,0.0,0.0,-0.008530874568009342,0.0,0.0,-0.047792904441976036,0.0,0.005068820895508208,0.0,0.0,0.0,-0.010099729444566151,0.0,-0.013322506519000075,0.0,0.020068003137850666,0.0,0.02873657125726098,0.0,-0.00602675883510307,0.0,0.0,0.0027376137876097316,-0.018835938277214928,0.0,-0.050309118895867595,0.0,0.0,-0.00253376536495338,0.013715985548682731,0.0,0.0014120970333112454
2025-05-05 00:00:00+00:00,0.04347492929312391,0.014412895887025774,0.03898137526489353,-0.012193954486698228,0.01024891451030644,-0.019017303387706387,-0.014966092780573377,0.05484312425234295,-0.02409541651570654,-0.0643399312038693,-0.010392695551680783,0.0,0.0,0.04488233492456566,-0.055547982864143246,-0.08832025456813684,0.0,0.09285725197788326,0.0,-0.027331723561250007,0.0,0.0,0.031110200268754863,0.0,0.04288545413734396,0.004588999447132431,-0.02439797068555515,-0.05282250761052389,0.0459894513689997,-0.019261704852890207,0.027610491480503103,0.0,-0.0193223640093126,0.0395123728375149,0.0,-0.02180169362777315,0.0016860110068003308,0.0,-0.07056322229682137,0.027387313554907783,0.0,0.0,0.0,0.005479001381405416,0.012172872083838868,0.0,0.02608932099867771,-0.026124724049879235,0.0,0.0,0.0,0.0,-0.019451776615469228,0.0,0.0,-0.050510560659119845,0.0,0.010885745073195152,0.0,0.0,0.0,-0.009533837141454836,0.0,-0.00911168641261624,0.0,0.03374671739057765,0.0,0.018594775951267746,0.0,-0.013790879398818042,0.0,0.0,0.011516319590949639,0.06698243289422239,0.0,-0.04923583298342613,0.0,0.0,-0.0015830653432968704,0.001719286488573773,0.0,-0.003940411458085415
2025-05-06 00:00:00+00:00,0.04484339203641784,0.009715161802894232,0.036088400078467864,-0.0126269349215153,0.0014075074612814923,-0.018504079300257974,-0.03119612086522608,0.043047425584608896,-0.004077578818457603,-0.06143992608277939,-0.014192337874685839,0.0,0.0,0.023193350679867067,-0.05057615424951694,-0.005281258549409575,0.0,0.09101497061457926,0.0,-0.042262358553218846,0.0,0.0,0.0378946013505092,0.0,0.04340267820152491,0.014237283953446643,-0.019688462280497913,-0.05568750421495781,0.045141176908864905,-0.0062940265708775036,0.03137140091948083,0.0,-0.019082742545101238,0.02936772732803231,0.0,-0.029093998117717103,-0.002658523251188803,0.0,-0.06948165929237458,0.029983783337260195,0.0,0.0,0.0,0.00526413359672195,0.0014016756165603345,0.0,0.01615781377341875,-0.03484355004672602,0.0,0.0,0.0,0.0,-0.019353052623118445,0.0,0.0,-0.0552642848511278,0.0,0.009107823949294972,0.0,0.0,0.0,-0.008912699917242696,0.0,-0.0044574347782082736,0.0,0.04523400538224215,0.0,0.027776248661339514,0.0,-0.01104620107101317,0.0,0.0,0.01106826930762997,0.05972727973346745,0.0,-0.037401108137679585,0.0,0.0,-0.012542942470334021,-0.017535384176435923,0.0,-0.012945786718242305
2025-05-07 00:00:00+00:00,0.042585938234295406,0.021988087266706306,0.010622502896377015,-0.01290338799680915,-0.002779762371824105,-0.014574108212519256,-0.05081493132778899,0.027308410891676238,-0.010150864650973928,-0.04879311813314316,-0.008859435160862041,0.0,0.0,0.03949894104995822,-0.04971498763658252,0.025231894476084604,0.0,0.07918262303765464,0.0,-0.03508704710448964,0.0,0.0,0.022253773667736843,0.0,0.029989669077088325,0.006273111642808767,-0.0004893138246930244,-0.05352919797373227,0.03446345766933889,0.009685388784301467,0.023771081499389758,0.0,-0.022054112320399548,0.0218728751648643,0.0,-0.02994135541403272,-0.006354622804407193,0.0,-0.04827535951197019,0.0102052945455439,0.0,0.0,0.0,0.0032210748618684685,0.011550252425901011,0.0,0.06337655462997267,-0.04059433159940429,0.0,0.0,0.0,0.0,-0.01742602605840266,0.0,0.0,-0.05160871730335496,0.0,0.0019174500512516132,0.0,0.0,0.0,-0.023204065658786476,0.0,-0.015236308007169632,0.0,0.036795068175384776,0.0,0.02241615372308206,0.0,-0.0033657512647175996,0.0,0.0,0.00865763235456392,0.035319860285482,0.0,-0.03398400264066726,0.0,0.0,0.00470760002066972,0.00233703557616191,0.0,-0.015490925031432307
2025-05-08 00:00:00+00:00,0.02839606950944188,0.010825831165531295,0.010445478029923901,-0.00707392439821843,-0.001895866305338338,-0.005136189753485774,-0.04783781133094765,0.020483981672412225,-0.014230280469758997,-0.02829808079119964,-0.012372446826903949,0.0,0.0,0.038581732818483316,-0.04242112059142211,0.06555044045384094,0.0,0.06213191742038476,0.0,-0.02671109245275868,0.0,0.0,0.011754496775355078,0.0,0.017869889178714793,0.01157640281160893,0.0019148508087453732,-0.049905283260989926,0.02858365964659137,0.01155766602637385,0.023129213298336355,0.0,-0.028538332536063558,0.011152770291153925,0.0,-0.027242657619430503,-0.001535698655837912,0.0,-0.04348153409761037,0.007722522980934938,0.0,0.0,0.0,-0.0021504167312624126,0.00339036466815916,0.0,0.04752893307730603,-0.03693670123636022,0.0,0.0,0.0,0.0,-0.01760324736419214,0.0,0.0,-0.04783877133477612,0.0,-0.01979868217620766,0.0,0.0,0.0,-0.01841901517712339,0.0,-0.005266284329138279,0.0,0.03144095714616104,0.0,0.03386000341209883,0.0,-0.017006517419356718,0.0,0.0,0.01238697655389549,0.05760156898670618,0.0,-0.03503849622844631,0.0,0.0,0.002765642244447626,0.0018221572161176737,0.0,-0.01573507510589586
2025-05-09 00:00:00+00:00,0.031138016429967472,0.013251741036750284,-0.013993836255095446,-0.01140128538912488,0.009952336539290448,-0.018224102971455318,-0.04230798792867188,0.007824237364227651,-0.0034000841635070493,-0.05651001618937271,-0.03186362259849469,0.0,0.0,0.04074256683684206,-0.048258947740487154,0.053033783151368516,0.0,0.0686433660426641,0.0,-0.011749600571662093,0.0,0.0,0.005876220604190351,0.0,0.01190541512165781,0.011783183689094881,0.003738706278344613,-0.05048525018371467,0.0345918881186648,0.02467224665580796,0.031641963015387665,0.0,-0.02604837432900958,0.017318225650121796,0.0,-0.021288419184262174,-0.025629880839469977,0.0,-0.032267553218084284,-0.007598533171496048,0.0,0.0,0.0,0.0171214454424389,0.00555800660053399,0.0,0.03528600511965526,-0.03125387761334218,0.0,0.0,0.0,0.0,-0.0003333238696135194,0.0,0.0,-0.04561843163856754,0.0,-0.01723903804287693,0.0,0.0,0.0,-0.015409447271159112,0.0,0.00037904573534574984,0.0,0.0263544223368039,0.0,0.028973367649540487,0.0,0.008694815666945537,0.0,0.0,0.014789689441335296,0.029942263636819632,0.0,-0.007668325335321996,0.0,0.0,0.002154781443830347,-0.005155756137843654,0.0,-0.01166204496499649
2025-05-10 00:00:00+00:00,0.03749946124938792,-0.008344271097041552,-0.004731379601114161,-0.03159673545564375,0.03334871942809369,-0.03446901844685785,-0.06425948848521311,-0.002601774273053116,-0.01111297114313441,-0.003006287171868519,-0.034268429584129,0.0,0.0,0.0013071671157066805,-0.039353818745067846,0.11511384500680427,0.0,0.06349807754031628,0.0,-0.018085348918023117,0.0,0.0,0.012690689129019118,0.0,-0.006603073706127703,0.007437263747778711,0.0373264209498547,-0.05011303642616551,0.041243467723425874,0.015618231038402314,0.038161056951417714,0.0,-0.039730945065602374,0.018743058136955374,0.0,0.00897932297289059,-0.02366180804863326,0.0,-0.05156754961758045,-0.013770171943545854,0.0,0.0,0.0,0.02395198024255631,-0.0206436365212964,0.0,0.0649120352922202,-0.031655104127458304,0.0,0.0,0.0,0.0,0.0010739040579608664,0.0,0.0,-0.05095862425892875,0.0,0.014557657457375492,0.0,0.0,0.0,-0.0025529531831286396,0.0,-0.005144119048144847,0.0,0.05163471684186254,0.0,0.0147146041431143,0.0,-0.0073910302192116955,0.0,0.0,0.02974628841208151,0.011474075929900953,0.0,-0.014143918180669221,0.0,0.0,-0.035239602125599935,-0.029029450037565806,0.0,-0.008997497936320166
2025-05-11 00:00:00+00:00,0.018299880958806542,-0.011174780164212821,-0.0225807039542534,-0.02935761928102282,0.019732698178251164,-0.044120158621423315,-0.0497335351797755,-0.01539582139629572,0.02333247567505052,-3.1181104934749084e-18,-0.027610818199233212,0.0,0.0,0.0032657642416777225,-0.02941274955399884,0.012579070370745056,0.0,0.03072270520746101,0.0,0.014637444589189506,0.0,0.0,0.02368794457480915,0.0,-0.030080448460080997,0.03387346388971476,0.061168902170681334,-0.0315834911674236,0.027055355630215848,0.028596689515183727,0.05168993171290007,0.0,-0.016779764033832426,0.019362139388598473,0.0,0.019060077528081282,-0.03209083617047862,0.0,-0.03142122021056333,-0.011059093475246739,0.0,0.0,0.0,0.021954305886571584,-0.014767852900461616,0.0,0.0559282278367965,-0.0,0.0,0.0,0.0,0.0,0.018657943998248657,0.0,0.0,-0.030402483167890456,0.0,0.006528709593382442,0.0,0.0,0.0,-0.0,0.0,0.027104712223098335,0.0,0.033918684456771986,0.0,0.007693664007871731,0.0,-0.00909125078938189,0.0,0.0,0.012316639829525583,-0.08755442151292869,0.0,0.0,0.0,0.0,-0.010442185375552868,-0.031459963697584935,0.0,-0.005048234151991134
2025-05-12 00:00:00+00:00,0.03572988189035749,-0.026628058991625677,-0.026962058981026056,-0.0387369804973774,0.04712937573952631,-0.037781465877459716,-0.05649027992162867,-0.022426727886363566,0.022660651760178233,0.04994318553329112,-0.031050330086253266,0.0,0.0,-0.021737624727441097,-0.043967303054690904,-0.0028978660847267658,0.0,0.09185234749226581,0.0,0.00782139476942993,0.0,0.0,-0.004780832948190635,0.0,-0.04345212349334575,0.014197985153238083,0.06658363201561701,-0.04468746540737395,0.048207847996959,0.03989428543787997,0.06266336984654647,0.0,-0.017994521137611724,0.026910836415977517,0.0,0.04363808922083295,-0.03449782964736586,0.0,-0.016717648361900393,-0.0125583619391382,0.0,0.0,0.0,0.026199740198235053,0.013703514936201113,0.0,0.024416444428125624,0.004734047717958869,0.0,0.0,0.0,0.0,0.013502243224488222,0.0,0.0,-0.040117236143374015,0.0,0.037151556295663454,0.0,0.0,0.0,0.03154033271098562,0.0,-0.009075755549143983,0.0,0.030065370953735578,0.0,1.9805666073348386e-18,0.0,-0.016834413913860587,0.0,0.0,0.041006018604488645,-0.06887590799203629,0.0,-0.0175042231446604,0.0,0.0,-0.03572823478518801,-0.09108592604637815,0.0,-0.01696297572382086
2025-05-13 00:00:00+00:00,0.02525601301692836,0.004078957201808866,-0.03167529448248508,-0.04083289305799914,0.043304368698227465,-0.04361808859852785,-0.06946070121213882,-0.029864089117517072,-0.005544979678952334,0.02549705788795197,-0.030304233775335882,0.0,0.0,-0.048574891678739254,-0.034634612156303375,0.026886826160564856,0.0,0.015125268831515703,0.0,-0.003043500471724481,0.0,0.0,-0.018187012713194617,0.0,-0.04925161228297511,0.018674115928278397,0.04549139925966082,-0.052035900802712705,0.03587824490218305,0.02209962702578692,0.05769511019147427,0.0,-0.027693482010615236,0.031043285858365157,0.0,0.037997642025402324,-0.0275943641243388,0.0,-0.019334854463322074,-0.008690623582656374,0.0,0.0,0.0,0.024259815078408492,-0.020314888892503255,0.0,0.07216426032524904,-0.008073308520839352,0.0,0.0,0.0,0.0,0.02045949421468565,0.0,0.0,-0.04864153725154732,0.0,0.035382507116355495,0.0,0.0,0.0,0.03049889968149935,0.0,-0.025060842339153545,0.0,0.044133822861806137,0.0,-0.013408363425540231,0.0,-0.01622770768816122,0.0,0.0,0.03621468694458975,0.011727209939827673,0.0,-0.014560193529996443,0.0,0.0,0.004576164982181047,0.006896023033213331,0.0,0.011287174691315597
2025-05-14 00:00:00+00:00,0.031175056618245,-0.022124032553394592,-0.03711481568466968,-0.034625751113876696,0.04767675721114645,-0.030184298707560366,-0.027933268341590538,-0.0075541649920906504,0.0027357737458921913,0.02002993737132901,-0.031326206221678185,0.0,0.0,-0.05648176469693482,-0.0068688126538285895,-0.003390788540494226,0.0,-0.0,0.0,-0.003827875813778093,0.0,0.0,-0.008277350946039673,0.0,-0.04811396803923264,0.00798510932074713,0.03959960183438517,-0.02454409252555168,0.04412902542231636,0.0220631996482299,0.05302144747063659,0.0,-0.02468458961501811,0.01983265362882663,0.0,0.03709601313506414,-0.01977782674002016,0.0,-0.0036125732270910036,-0.012162003968946919,0.0,0.0,0.0,0.03056140092635764,-0.008776494514888251,0.0,-1.2320903461580775e-18,0.016449474282341586,0.0,0.0,0.0,0.0,-0.004305567904131843,0.0,0.0,-0.01613631507426659,0.0,0.03187183250356193,0.0,0.0,0.0,0.032675819936264026,0.0,-0.009500424901896091,0.0,0.06346753242907449,0.0,-0.01830019347604862,0.0,0.0032346649015365277,0.0,0.0,0.03990484254380478,-0.02320186747923013,0.0,-0.019032094374664826,0.0,0.0,-0.027947889093222194,-0.020969558406525333,0.0,0.007264446676911038
2025-05-15 00:00:00+00:00,0.05733553166444019,-0.014805141950396129,-0.043020615065409155,-0.04761143438378246,0.039657486214639416,-0.03935008333308374,-0.05884165212680363,-0.01493614034739285,-0.0037509614689124177,0.014335288330953124,0.0005036617437260233,0.0,0.0,-0.0529528872327207,-0.02761237464809966,-0.019791466780252093,0.0,0.026798165314065484,0.0,0.008398908932054607,0.0,0.0,-0.018003631197096175,0.0,-0.05520991771636198,0.027021087353357582,0.0351261576474219,-0.04259055149422142,0.03348666380342495,0.021101404159882486,0.05734820916996423,0.0,-0.054780586602770624,0.014409270884176997,0.0,0.03185542089498202,-0.03173259926733904,0.0,-0.029518153145906473,0.00607019342778112,0.0,0.0,0.0,0.014016598756157048,0.020818441678560777,0.0,0.015131991344102801,0.011419963936566318,0.0,0.0,0.0,0.0,0.006726755075673542,0.0,0.0,-0.02765739647673444,0.0,0.02772102708997404,0.0,0.0,0.0,0.028498995989659808,0.0,-0.009905424002348125,0.0,0.04819970288446993,0.0,-0.020777173825658104,0.0,-0.006944979000502168,0.0,0.0,0.005140975191012907,0.05589449935264001,0.0,-0.02174757924441633,0.0,0.0,-0.02338000332114354,0.04465185866805374,0.0,0.013252493123610197
2025-05-16 00:00:00+00:00,0.0453402517629133,-0.02270464752207415,-0.04327546207073313,-0.029803783987056142,0.02704948255564627,-0.035310321210012,-0.0591078050532324,-0.015927465620860913,0.008560906086521132,0.014859173607876874,-0.0028117157539131726,0.0,0.0,-0.01602398790438075,-0.020959835218123196,0.07141442265567284,0.0,0.04584436082947491,0.0,-3.1629954040836353e-19,0.0,0.0,3.404885803249315e-19,0.0,-0.04508580334317517,0.02426589365303278,0.029709484873116924,-0.03595621223305134,0.02848798543710788,0.0037356882141668987,0.04442845179355456,0.0,-0.04344383605047399,0.019348686198125426,0.0,0.021498070411392282,-0.030118295604456974,0.0,-0.011886222353955632,0.010384468356614718,0.0,0.0,0.0,0.005896584933223301,-0.0024151269800690416,0.0,0.036412724015540854,-0.012891664882845821,0.0,0.0,0.0,0.0,0.00766551094069612,0.0,0.0,-0.018586742503746468,0.0,0.018763057711262163,0.0,0.0,0.0,-0.016093334805500056,0.0,-0.009769647794214789,0.0,0.03133636901636353,0.0,-0.013940643061269044,0.0,-0.019117288352392812,0.0,0.0,-0.003952536005224236,0.05718504034513338,0.0,-0.011131210374034148,0.0,0.0,-0.019668449147353467,-0.013995226272160136,0.0,0.001790650706872778
2025-05-17 00:00:00+00:00,0.04380176861754386,0.0075023127484225224,-0.03957198501211839,-0.02258371195184779,0.011998317187780343,-0.018474678068097147,-0.0465882726052239,-0.019759305775248374,0.008376156749580426,0.0038572117078177525,0.0010451136630009708,0.0,0.0,-0.020908963285841742,-0.04067368184689254,-0.005426685940149556,0.0,0.08592389238537504,0.0,0.01227751100296012,0.0,0.0,-0.036224734624574595,0.0,-0.04544830295037365,0.022800882329912984,0.025928711561891665,-0.04071102081028132,0.029574297783892853,0.005801440795371825,0.03988635542544097,0.0,-0.035540762614964486,0.01159932147406284,0.0,0.019317811534507436,-0.023037300263173105,0.0,-0.0259385574738631,0.005412916752260929,0.0,0.0,0.0,-0.0028265042497067324,0.007931461010821289,0.0,0.041277923427485624,-0.0164627184070434,0.0,0.0,0.0,0.0,0.007910525719113949,0.0,0.0,-0.028135215516917018,0.0,0.014950230690636397,0.0,0.0,0.0,-0.012919248541332575,0.0,-0.011237716800641505,0.0,0.022238133491491736,0.0,-0.004955037242724744,0.0,-0.015371004466013265,0.0,0.0,-0.018572658701805304,0.07764038052563196,0.0,-0.004766626820670143,0.0,0.0,0.01630333126313433,0.013164150921088285,0.0,-0.00038546479972171726
2025-05-18 00:00:00+00:00,0.045961731860533504,-0.003575330767810142,-0.022797539658448433,-0.04018139471019083,0.027746993833095406,-0.022298989329340796,-0.052940483453377395,-0.0017340616767905753,-0.0004448996602443886,-0.018096723462846076,-0.016023448716801992,0.0,0.0,0.007216188352100647,-0.045610076995239925,0.030472540361299757,0.0,0.0865362548587536,0.0,0.00899531164164168,0.0,0.0,0.014588638831891694,0.0,-0.034885495512187954,0.022683530329081516,0.009629495069911306,-0.04893182694270918,0.03091003141927033,1.0189225771414149e-18,0.04214788823881964,0.0,-0.04138454839808218,0.016208752111030875,0.0,0.011173743279373483,-0.010617153345584425,0.0,-0.016404111106114987,0.00837590697398711,0.0,0.0,0.0,-0.0038097738542668225,0.006503222631312929,0.0,0.028573139869855557,-0.021825383911166524,0.0,0.0,0.0,0.0,-0.0019278423129443847,0.0,0.0,-0.031094934484938844,0.0,0.014846299198177475,0.0,0.0,0.0,-0.03458476242721426,0.0,-0.024121812055422024,0.0,0.04043197811186218,0.0,-4.2264091267396363e-19,0.0,-0.007382204202359733,0.0,0.0,-0.012994054290663968,0.0673664480243989,0.0,-0.01327106605830809,0.0,0.0,-0.0010235321197542568,0.014537854358095686,0.0,-0.006944499901684996
2025-05-19 00:00:00+00:00,0.037650024843690275,-0.014103338359487353,-0.03264058140617064,-0.010775083809455816,0.025323958290005957,-0.02556895155936079,-0.05251381411258659,0.0,-0.007495239074268918,7.266237015261296e-18,-0.01361355927295285,0.0,0.0,0.013610339114234378,-0.03406591644000436,0.04149754099699439,0.0,0.0814825878501677,0.0,0.007522704307071698,0.0,0.0,-0.018307345523330864,0.0,-0.03686891801965132,0.022171436654722113,0.010515966166338932,-0.011717956921172128,0.02401378517700006,-0.006356438323706797,0.02988328562393685,0.0,-0.03717787685514672,0.017014285183680936,0.0,0.007999334487765544,-0.01826118469902089,0.0,-0.02536253578672664,0.0014528639835100548,0.0,0.0,0.0,-0.016596996302525303,-0.0038293746112731306,0.0,0.032192727554748224,-0.02254738823358838,0.0,0.0,0.0,0.0,0.006020031861650685,0.0,0.0,-0.032993803111819174,0.0,0.01437798589557321,0.0,0.0,0.0,-0.023285599613744927,0.0,-0.0012236684246295657,0.0,0.03424188954641121,0.0,-0.0041407523953884825,0.0,-0.005543043894582798,0.0,0.0,-0.014303860211375894,0.06953412733909771,0.0,-0.014292975334995196,0.0,0.0,-0.007842467609689627,0.014923795030055224,0.0,-1.3588728644600667e-18
2025-05-20 00:00:00+00:00,0.03230716914000994,-0.006871793324761281,-0.020386210453311522,-0.009788841956201506,0.022039306367886948,-0.021708092867940926,-0.03760724260977136,-0.0012708791065014515,0.006784902486137747,-0.0031599431760690466,-0.016332124346217728,0.0,0.0,0.013338395715589032,-0.037665180931883,0.0541049378462077,0.0,0.07386435268989078,0.0,0.008525038854653848,0.0,0.0,-0.023442858159633782,0.0,-0.02510300261951405,0.020369935408424956,0.003209379810443116,-0.01899313687091951,0.023714882237246528,0.00672613801856985,0.029172689379150855,0.0,-0.030183677839043986,0.010909648702710358,0.0,-0.002699860562417861,-0.03492673167348013,0.0,-0.02573313216583205,0.0035563415208413095,0.0,0.0,0.0,-0.014336098056051442,0.015705541955662865,0.0,0.027344075958859147,-0.011587330380061782,0.0,0.0,0.0,0.0,-9.144935936457084e-20,0.0,0.0,-0.018902706264164876,0.0,0.010732969906029758,0.0,0.0,0.0,-0.021575654991074656,0.0,0.00210845234358574,0.0,0.02434607866547517,0.0,-0.0038400297569564546,0.0,-0.007718882527499802,0.0,0.0,-0.028328048233506795,0.06465619832028804,0.0,-0.00846708952758844,0.0,0.0,-0.007163386493089603,0.003045016492510147,0.0,-0.01876951692668088
2025-05-21 00:00:00+00:00,0.04292293077978036,-0.010649235183924844,-0.02436765080889871,-0.003219539653360551,0.029073087514820184,-0.014091680788277118,-0.05080980370310992,-0.008336934362308744,0.007491142719697974,0.01631432269560203,-0.018350762576888155,0.0,0.0,0.003921769742984358,-0.04227684658906161,0.060723245758429904,0.0,0.09090192708158788,0.0,0.013951069348995735,0.0,0.0,-0.042259432055408164,0.0,-0.010141090638904286,0.027922213046183305,0.009207455298424165,-0.003356528240037176,0.028419777460256944,-0.017423577947369435,0.03648275471846909,0.0,-0.04265046751331959,0.01833016892126593,0.0,0.009930258270459905,-0.030545098565637998,0.0,-0.029442233621371522,0.010468221245255042,0.0,0.0,0.0,-0.02410841683121537,-3.437495629376762e-19,0.0,-0.014201432062555745,-0.017949067541272894,0.0,0.0,0.0,0.0,0.007597304717926091,0.0,0.0,-0.029652852536469203,0.0,0.012656165439630898,0.0,0.0,0.0,-0.018954992907779005,0.0,-0.004050993599708031,0.0,0.01728185828681449,0.0,0.0041940838425396565,0.0,-0.015554779915649944,0.0,0.0,-0.0191406747835493,0.10254181712695812,0.0,-0.006479685483554331,0.0,0.0,-0.00919771120821723,-0.02449963852934813,0.0,-0.018620446368884994
2025-05-22 00:00:00+00:00,0.043867982810716855,0.004466817457283735,-0.04754368916605178,-3.90891206921679e-19,0.03227060667769722,-0.02380640422573212,-0.04979862932620277,-0.013209666642633403,0.012293941348828788,0.023766482806020728,-0.01411462247846667,0.0,0.0,-0.0050084271916518855,-0.048062071409482966,0.08424875107157911,0.0,0.099021729656459,0.0,0.013852684252834943,0.0,0.0,0.015249067268142534,0.0,-0.0,0.027409543808153174,0.012048152552557876,-0.009766907166097391,0.030676411984148385,0.0038732596680454475,0.03778286318820188,0.0,-0.018877177164086514,0.017776135489243294,0.0,0.004175614299150496,-0.04158587996398849,0.0,-0.024496083529077076,0.008457190720078658,0.0,0.0,0.0,-0.025745100191050394,-0.0,0.0,-0.004742081154216273,-0.0252792067774314,0.0,0.0,0.0,0.0,0.006294108477062211,0.0,0.0,-0.020164788792845244,0.0,0.006565531470814718,0.0,0.0,0.0,-0.03593485815280386,0.0,-0.017882047166707448,0.0,0.03641371036929188,0.0,-0.0,0.0,-0.01422803999117667,0.0,0.0,-0.028580214034963317,0.01765167540898753,0.0,-0.002288680936599297,0.0,0.0,-0.011358016254740763,-0.026219112843853226,0.0,-0.029470556225439454
2025-05-23 00:00:00+00:00,0.055905881660781365,0.002496819169803485,-0.06380886960838528,-0.0012329590294869908,0.03451324837545367,-0.005346560754880641,-0.03251400939532997,-0.020546928607089617,0.005965748877712696,0.029990700231329267,0.012359626805151826,0.0,0.0,0.0201201124624457,-0.06887130585073159,0.0954350373931105,0.0,0.14242464343144107,0.0,0.016873458377384826,0.0,0.0,0.0,0.0,0.016082128093609184,0.035859557070832826,6.232210341063195e-19,0.0,0.013264758320152609,-0.026947987671172544,0.025200330060489964,0.0,-0.027406013419680342,0.03211668142837684,0.0,0.0055439815683605825,-0.022832249297657193,0.0,-0.010609716222853323,0.010006521125187807,0.0,0.0,0.0,-0.03352548478187409,-0.018213951733357298,0.0,-0.02553491637594262,-0.016306100769255382,0.0,0.0,0.0,0.0,0.00894714661347619,0.0,0.0,-0.009114551424891742,0.0,0.013314305597527302,0.0,0.0,0.0,-0.03633053975210544,0.0,-0.02105634244339463,0.0,0.04897252133784211,0.0,-6.161118164355737e-19,0.0,-0.009201336103677236,0.0,0.0,-0.03183168964230968,0.018432758447343787,0.0,-0.033895899858122386,0.0,0.0,-0.03608854162908452,-0.07022949928188757,0.0,-0.022380512794643606
2025-05-24 00:00:00+00:00,0.04231362766018086,-0.011287692793093924,-0.045098071994608434,0.0030377580796974745,0.019468778153414315,-0.03164915404106339,-0.007433578683629026,-0.01436001701241018,0.012012779577496743,0.0025152778114662,0.004275737057993995,0.0,0.0,0.03955527823709395,-0.049696500999627136,0.04182394839300975,0.0,0.10024524037761522,0.0,0.013853369105640768,0.0,0.0,0.015343124349582495,0.0,0.030923437857244024,0.022956238012131452,-0.01623764211126696,-0.03159973255866502,0.01785658959213531,1.4002076226842497e-18,0.027636366595975775,0.0,-0.02750924671846209,0.020723089175253426,0.0,-0.0037986516450559003,-0.02203435528843637,0.0,-0.022628245404841745,0.0017171117469448533,0.0,0.0,0.0,-0.026050561563335937,-0.009646109878250608,0.0,-0.02298586214493971,-0.027646685674186426,0.0,0.0,0.0,0.0,0.009479489542509852,0.0,0.0,0.0016393445897447709,0.0,0.009278054895307142,0.0,0.0,0.0,-0.03133800045016341,0.0,-0.01566250195983613,0.0,0.04331047805330559,0.0,0.007387826896822239,0.0,-0.0020521664032986365,0.0,0.0,-0.035274362420060344,0.04037543289420175,0.0,-0.008389303577365871,0.0,0.0,-0.017983247840540433,-0.021011162407974408,0.0,-0.026355525083655896
2025-05-25 00:00:00+00:00,0.04302377035591613,-0.009407033458555718,-0.040989639382382724,-0.017522617866182772,0.016904975939687525,-0.024743785821327195,-0.004680168581724536,-0.008286036818031747,0.007347045982609248,-0.02984454133082386,0.008775604237855497,0.0,0.0,0.03425621487512983,-0.05194611802316488,0.0724805523948372,0.0,0.09214110005753526,0.0,-0.00488499514538715,0.0,0.0,0.002337823007766525,0.0,0.030064120415058803,0.018269023829237504,-0.030099730186100158,-0.026569645877506126,0.024398193420799127,0.0043473408834386685,0.026630733232017013,0.0,-0.03077823462087539,0.021920714917495455,0.0,0.0035470080774029442,-0.012126907583048702,0.0,-0.02133257309229571,-0.005105490489163462,0.0,0.0,0.0,-0.020989864653492757,-0.021626175531481114,0.0,0.0,-0.02853111730710586,0.0,0.0,0.0,0.0,0.003593777378912989,0.0,0.0,-0.0007878492587352467,0.0,0.011739347760316017,0.0,0.0,0.0,-0.027614991278656475,0.0,-0.01542188587738267,0.0,0.04465083697633118,0.0,-6.53271528491008e-18,0.0,0.00796344961909808,0.0,0.0,-0.0308441391637155,0.04564649535253161,0.0,0.008038743418848247,0.0,0.0,-0.04262224865622916,-0.0036555984195325527,0.0,-0.01766548370992335
2025-05-26 00:00:00+00:00,0.03759594028324681,0.013313708040714183,-0.037452633344360324,-0.015040584732392535,0.004440197188431577,-0.034761393588344756,-0.016165150496685456,-0.002491604745763954,0.00599321267045873,-0.027965118102785836,0.013962249680326914,0.0,0.0,0.028410530767831697,-0.04200335371278253,0.05568158298972952,0.0,0.07100749766390473,0.0,-0.0,0.0,0.0,1.7389542759464194e-17,0.0,0.026361855214396237,0.013828832092821128,-0.028812861147875735,-0.03986059575186536,0.02115087739653376,-0.003982866840721458,0.028614307664186277,0.0,-0.03960909534929016,0.014270991623943699,0.0,-0.003669927094476282,-0.0179541695241169,0.0,-0.01991342558599464,0.0057937770203248685,0.0,0.0,0.0,-0.015160147671617665,-0.007126628849785082,0.0,-0.0034723941940387453,-0.02851889895977523,0.0,0.0,0.0,0.0,-2.2577932259666406e-18,0.0,0.0,-0.005143016964997563,0.0,0.008754306538329364,0.0,0.0,0.0,-0.029449602838350863,0.0,-0.013409583466536189,0.0,0.03505463882601285,0.0,-0.0031586894231288285,0.0,0.00865055333162138,0.0,0.0,-0.007917634921757663,0.0646836641353757,0.0,0.010791583939845986,0.0,0.0,-0.0069213829078818845,0.0021804446406015754,0.0,-0.02057999149331138
2025-05-27 00:00:00+00:00,0.03750772132728953,0.014377095996675207,-0.03777114524805429,-0.027161881268747665,0.012301922453438956,-0.03247373570927191,-0.012967785315552885,-0.002213758199888005,0.00646416766746817,-0.009483405187395644,0.010666151941046831,0.0,0.0,0.03064128334310712,-0.04433435178916403,0.05995089844852369,0.0,0.07868109565040739,0.0,-0.005255589750095188,0.0,0.0,0.0,0.0,0.031488330491552335,0.018587485091307435,-0.027090411077512828,-0.04354393642557387,0.018237855652405363,-0.007376835821003215,0.027410604902048084,0.0,-0.040464623507621936,0.010234582034271692,0.0,0.0018541625502788784,-0.03294262970089643,0.0,-0.014422493967988791,-0.00028770022779644534,0.0,0.0,0.0,-0.003117015662112387,-0.0015016176800626184,0.0,-0.023172466782262056,-0.020524808790095685,0.0,0.0,0.0,0.0,-0.0,0.0,0.0,0.0013078427744360425,0.0,0.010364654669853748,0.0,0.0,0.0,-0.03330482870100418,0.0,-0.007920689504250622,0.0,0.03620754997313267,0.0,0.007152256189290452,0.0,-0.0,0.0,0.0,0.006282358441481735,0.07651664300889335,0.0,0.019975069695220483,0.0,0.0,-0.02909392541138608,-0.03358570949862221,0.0,-0.026198387075770158
2025-05-28 00:00:00+00:00,0.04307996898364316,0.0028028670992969896,-0.03753180357508609,-0.030905137707770657,0.020905874019153007,-0.02368039301478388,-0.02566178798714423,0.0001980700057392315,0.006351888691312852,-0.03726199817126127,0.009289661631139775,0.0,0.0,0.03580413672068485,-0.05548379222213306,0.0642685900701191,0.0,0.07587797618854493,0.0,-3.0877262382157254e-18,0.0,0.0,1.4718257909218977e-17,0.0,0.034247444359146284,0.013654878591682221,-0.038142878677618265,-0.040595005655924436,0.027232025407585382,-0.00582588813112678,0.036200837440936086,0.0,-0.02774766093619066,0.015606374412423057,0.0,-0.0017137155793641337,-0.009087912595154447,0.0,-0.018545831619376098,-0.0025054961785661387,0.0,0.0,0.0,-0.0,0.009693701890212481,0.0,0.009146457422144826,-0.030411740720327766,0.0,0.0,0.0,0.0,-5.809123123399425e-18,0.0,0.0,-0.0053195585650689554,0.0,0.008064229389008915,0.0,0.0,0.0,-0.0415780365557815,0.0,-0.025433021382164953,0.0,0.04004123215488141,0.0,-0.009217918465190163,0.0,0.011688746891681224,0.0,0.0,0.009048241410719457,0.09977442983391643,0.0,0.020719573237050187,0.0,0.0,-0.041192418930468704,-0.07135417316463466,0.0,-0.014501036015885057
2025-05-29 00:00:00+00:00,0.05105434347791313,-0.009656908309996085,-0.03510504283297404,-0.052159307918313184,0.02802284006756251,-0.033279471091450505,-0.0076124279533884,-0.002151207712420736,0.012089514597579237,4.469445057049389e-18,0.011282828788410252,0.0,0.0,0.043350267023324986,-0.05034764216815459,0.07983099145068792,0.0,0.03344456994670695,0.0,-0.013749219634561143,0.0,0.0,-0.029699898551519374,0.0,0.03229137088578678,0.005432033684332593,-0.020425393293749424,-0.03401299667357932,0.032911952663929905,-0.010918999517098269,0.04111586096683327,0.0,-0.019984558058260455,0.015311122957210358,0.0,0.0028160634174601686,-0.033355136681848065,0.0,0.008970319429955218,-0.016232673384033284,0.0,0.0,0.0,0.010928664168356273,-0.017156353126977227,0.0,0.0005170533170852541,-0.01552566356313559,0.0,0.0,0.0,0.0,0.011022619652965374,0.0,0.0,0.004205004754287065,0.0,-2.1414029780338327e-18,0.0,0.0,0.0,-0.034834775720907284,0.0,-0.024412497527362683,0.0,0.02485228462751284,0.0,-0.031741101497167835,0.0,0.009182575295434179,0.0,0.0,0.014817397333170048,0.11093933169075004,0.0,0.02908025742304541,0.0,0.0,-0.04096862175711887,-0.08013937064628353,0.0,-2.1288831744816572e-18
2025-05-30 00:00:00+00:00,0.056559100927745715,-0.028981789027852495,-0.05352359573596823,-0.05951643564491596,0.038485303818587856,-0.030508581359808686,-0.019793906198895376,0.0019307414336342287,0.020748659658140302,-0.03758817844957807,-0.017284546298274583,0.0,0.0,0.023731156747176015,-0.04626825621520902,0.08310630128962089,0.0,0.020630272200440405,0.0,-0.0061894761340385695,0.0,0.0,3.8733855164786583e-17,0.0,0.0282640123221142,0.01838739107999919,-0.04669120177049875,-0.030691648128452882,0.042964862968871025,0.0010624239153996307,0.049795065343124,0.0,-0.04440248081580471,0.020203160277923418,0.0,-0.0,-0.015453253701464258,0.0,0.007401189171492355,-0.005422134074207383,0.0,0.0,0.0,0.01635503954698198,-0.02998788716766452,0.0,-0.0096859387706908,-0.01072213877822256,0.0,0.0,0.0,0.0,0.01226685592879449,0.0,0.0,0.0031468047281557796,0.0,0.023888741714892192,0.0,0.0,0.0,-0.04268745053450886,0.0,-0.020345726044071043,0.0,0.01670301395550321,0.0,-0.04249946244459796,0.0,0.020615135923999262,0.0,0.0,0.015352643949534034,0.13248574171518568,0.0,0.039376991359549016,0.0,0.0,-0.044264125340599494,-0.062462560648280686,0.0,0.011510163306739925
2025-05-31 00:00:00+00:00,0.04167790656151596,0.012778168335010857,-0.045672857916562004,-0.045021664258199985,0.025093157510693822,-0.02866334138941943,-0.016870214607630062,-0.01069844722984249,0.009949824030521278,-0.014643296935191046,0.004961709581643576,0.0,0.0,0.028430476752488075,-0.04328228787699331,0.06026578441475349,0.0,0.0634241858670291,0.0,-0.007997395972045122,0.0,0.0,0.0,0.0,-0.005177149227711654,0.012403360695502968,-0.020604093739639322,-0.03235711283354937,0.029735686036616863,0.005193985817069534,0.036766070752416516,0.0,-0.03984436112077316,-0.00039446637990589613,0.0,0.0009630236493666217,-0.04044670036476573,0.0,0.0012218445316021479,-0.00670266861808062,0.0,0.0,0.0,0.016298542117718147,-0.011408186938007303,0.0,-0.024774806042850935,-0.018761774247011687,0.0,0.0,0.0,0.0,0.010097563821916736,0.0,0.0,-0.0018583904692222033,0.0,0.015158752768120683,0.0,0.0,0.0,-0.02272533944276442,0.0,-0.0082023871203167,0.0,0.0,0.0,-0.02473552713769612,0.0,0.016062048930096474,0.0,0.0,0.00610567525337709,0.07623639100108633,0.0,0.030874042152718585,0.0,0.0,-0.005700718387760144,-0.021467817572073052,0.0,-0.005687194753252947
2025-06-01 00:00:00+00:00,0.02907414994744371,-0.006001280737228783,-0.033993032427122566,-0.034313074514797745,0.0,-0.016694608711702967,-0.018202081531599773,-0.006255969538360067,0.006855375205916612,0.0,0.0016063262765385786,0.0,0.0,0.03572439964604825,0.0,0.0638554415661946,0.0,0.061560587560278685,0.0,-0.0013735210164586907,0.0,0.0,-0.03781257870444915,0.0,-0.007216153484315284,-0.0025890662569549878,-0.020868130562204334,-0.02160345361616241,0.020086616891445707,0.0065224617960587435,0.029044924197811288,0.0,-0.004090107686073483,0.00645375228065741,0.0,0.0,0.0,0.0,0.0,0.0,0.0,0.0,0.0,0.0105664307148079,-0.016979181758669217,0.0,-0.02602978794512312,0.0,-0.029899080875570517,0.0,0.02914768840379694,0.0,-0.0026305218076711225,-0.011863936829686112,0.0,0.002966991540006866,0.0028753674434401446,0.007850225487949074,0.01182534132747187,0.0,0.0,-0.019224718803381793,0.0,-0.017158677752764067,0.0,-0.00959583616559205,0.0,-0.030248221914578842,-0.021211927456664274,0.006965410202288852,0.0,0.0,0.011256813197749214,0.06728097090614277,0.0,0.017641967486765133,0.0,0.0,-0.021014147859729018,-0.012292144121951967,0.0,0.0
2025-06-02 00:00:00+00:00,0.025304987219793157,-0.01446064255070454,-0.025543556139161785,-0.03627985435562297,0.0,-6.556058753778914e-19,-0.005565274945362185,-0.017347938307711825,0.006095497295188168,-0.015114647226362578,-0.005621423465433811,0.0,0.0,0.025693443187138055,0.0,0.06013983202516797,0.0,0.05228874442978702,0.0,-0.0,0.0,0.0,-0.033593568739665076,0.0,-0.005175830688242071,-0.005689462303107471,-0.030655427830740944,-0.00963497691233929,0.02058388156752389,0.005645993319591412,0.030162912782666577,0.0,-0.022188022210726587,0.0053200206647641595,0.0,-0.0,0.0,0.0,0.0,0.0,0.0,0.0,0.0,0.014959647324259542,-0.020819676053472142,0.0,-0.015928578568573104,0.0,-0.03346212754159461,0.0,0.020196609566149368,0.0,-0.0,-0.007643726942985689,0.0,0.00019406809849571786,0.00695867315766335,0.009380562663128804,0.013107193881706416,0.0,0.0,-0.02141851445971339,0.0,-0.020390270363446938,0.0,-0.014289009326718253,0.0,-0.02650654568493692,-0.0023846139443030666,0.00622327401595092,0.0,0.0,0.010408397173896808,0.09414000937914696,0.0,0.021338077887521657,0.0,0.0,-0.012634364271360029,-0.025793772807254676,0.0,0.0
2025-06-03 00:00:00+00:00,0.032433884290511174,-0.028764568763413233,-0.03161143032133714,-0.036566931729120615,0.0,-0.00181249559592953,-0.016976719432668975,-0.019611919146077832,0.007541277688111697,-0.006001826455964518,-0.005363940872110404,0.0,0.0,0.03393192388249762,0.0,0.0695096069478267,0.0,0.026502247959332807,0.0,-0.0018706197272286068,0.0,0.0,-0.02992982123792492,0.0,-0.009964206398528404,-0.009830628218502458,-0.01958458019068,9.389897424545912e-05,0.022474596347172894,0.010924819860131557,0.03508230651953797,0.0,-0.009436320884239851,0.0025798783386016765,0.0,0.0011182946290116292,0.0,0.0,0.0,0.0,0.0,0.0,0.0,0.014107046375882731,-0.03519856106807929,0.0,-0.01724575686287156,0.0,-0.035203324652582815,0.0,0.024826586781575042,0.0,-0.0046249113455983865,0.0053501133095343505,0.0,-0.00560372119484645,0.008600162252417064,0.009622542944723964,0.013923087620831723,0.0,0.0,-0.015041357578166442,0.0,-0.019823343086470175,0.0,-0.01519467644135871,0.0,-0.0302362076103597,-0.010551408942723533,0.014823309267553883,0.0,0.0,0.013167131303187644,0.07455230692051584,0.0,0.023632134599216276,0.0,0.0,-0.004698485218392501,-0.024049393837243638,0.0,0.0
2025-06-04 00:00:00+00:00,0.0357050308623593,-0.02736948206740829,-0.03589289860589719,-0.038797096360902575,0.0,-0.010455473179486963,-0.003615723107548576,-0.013175743015449047,0.006608320842800727,-0.005081782453945874,-0.0031997403269027587,0.0,0.0,0.0356130871421883,0.0,0.04901064324522143,0.0,0.046678217168827044,0.0,-0.006033822156512453,0.0,0.0,-0.03295964686915052,0.0,-0.008263259864084983,-0.013048445996608943,-0.02134079552755141,-0.012381537648191535,0.021521069080613884,0.0171861169056188,0.034417265936506757,0.0,-0.02236848357938509,-0.002790544252637927,0.0,-0.004505175928471712,0.0,0.0,0.0,0.0,0.0,0.0,0.0,0.010812860127500077,-0.033126626211271645,0.0,0.002395232402746845,0.0,-0.03371925619940989,0.0,0.024053712501640633,0.0,-0.0007307310531801288,0.009098757443378099,0.0,-0.0005551428841049086,0.003548060867193147,0.009642704462894613,0.014457028505280304,0.0,0.0,-0.012618951865880634,0.0,-0.020980288121363412,0.0,-0.027025750814565253,0.0,-0.01960512682640212,-0.02980844758648318,0.016093756445955357,0.0,0.0,0.011495534083379604,0.05567250845076072,0.0,0.0240858080423264,0.0,0.0,0.0018087091314914427,0.00954554885411355,0.0,0.0
2025-06-05 00:00:00+00:00,0.029622788237650317,-0.021708553837747255,0.0020518501007947576,-0.029540505852418783,0.0,-0.010398137029616335,-0.0059695036459633715,-0.013215527185156502,0.008859046326498586,-0.021949759793186516,-0.013327526940758408,0.0,0.0,0.022578761371245995,0.0,0.036813233788282294,0.0,0.0335324091915696,0.0,-0.003401151542186322,0.0,0.0,-0.04591399303639729,0.0,-0.023914474158479006,-0.0022132399628152287,-0.023460994852232863,-0.01231632279946731,0.01903185893644124,0.011100065161387259,0.027458347989960108,0.0,-0.01660196025518243,-0.008263655480831238,0.0,-0.004577343510855884,0.0,0.0,0.0,0.0,0.0,0.0,0.0,0.01655372882786855,-0.021037281022978204,0.0,0.003946873013197512,0.0,-0.032165634408729916,0.0,0.01792734305151974,0.0,-0.0025105052177760968,0.002368819200991155,0.0,-0.005333643708718282,0.0045214455174283,0.009403891146192616,0.012669550384404751,0.0,0.0,-0.006301126197853279,0.0,-0.006643740397062117,0.0,-0.023116918163883917,0.0,-0.019342948297111497,-0.02096885560326675,0.011496231503590346,0.0,0.0,0.009887369092849077,0.08713969989531556,0.0,0.016589239291070923,0.0,0.0,4.395226598035324e-19,0.01064075087241614,0.0,0.0
2025-06-06 00:00:00+00:00,0.03250308705425805,-0.0328590520148711,0.009980527304461204,-0.030595790963283305,0.0,-0.009441114288854486,-0.005887016072123489,-0.014730277540915878,0.011225052525340153,-0.010209883122498743,-0.018830194872914246,0.0,0.0,0.023974282564545642,0.0,0.016698076940173962,0.0,0.024485341962540007,0.0,0.0033384095394659247,0.0,0.0,-0.04579570101660005,0.0,-0.02774145920767943,-0.005471040591151693,-0.009686918832074868,-0.009708697225174194,0.01781822931306032,0.010075907978365928,0.028931860596383505,0.0,-0.02703029166773893,-0.0008859472856010663,0.0,0.002565999513736049,0.0,0.0,0.0,0.0,0.0,0.0,0.0,0.01222339768134439,-0.028849133574092363,0.0,-0.03414520918281674,0.0,-0.03187000228356434,0.0,0.022200421544028837,0.0,-0.0009706287767662541,0.005532482144051798,0.0,0.004185082523106572,0.006170255923121121,0.013037413398474241,0.014696093623423896,0.0,0.0,-0.0032403340511696736,0.0,-0.00721784911741318,0.0,-0.029947563690067253,0.0,-0.025186839328532756,-0.02209081608861529,0.013636272899915865,0.0,0.0,0.010656279257456092,0.10981222797759217,0.0,0.02104618237136061,0.0,0.0,0.006654851652698891,0.010944024505614134,0.0,0.0
2025-06-07 00:00:00+00:00,0.029203590021261876,-0.026669937104548864,-0.0019838779652038368,-0.025781556932081545,0.0,-0.00281760005995968,-0.014993158037842558,-0.017880690963842632,0.010384386452323112,-0.018192675830513604,-0.012894910644642729,0.0,0.0,0.01583277643658552,0.0,0.016210510991770535,0.0,0.06326547808094217,0.0,0.019574520476320474,0.0,0.0,-0.05114999226714802,0.0,-0.03197909075691263,-0.012404504976157835,-0.027399483113033515,-0.011564583058389788,0.009366594396334823,0.007632164513244916,0.02232037810047589,0.0,-0.035487274826557176,0.00782151307554454,0.0,-0.006330744847202202,0.0,0.0,0.0,0.0,0.0,0.0,0.0,0.0035404132482669036,-0.008797087738588664,0.0,0.006101714987858668,0.0,-0.028697671885359904,0.0,0.001511038848917791,0.0,-0.005195719342383708,0.012260395411506746,0.0,-0.006294614253735437,0.008308331504692573,0.009775881369261219,0.01080572296245674,0.0,0.0,0.003459780262557042,0.0,-0.007846064353820998,0.0,-0.03699810312831094,0.0,-0.04092523475619065,0.008523879712218354,0.010493850255001097,0.0,0.0,0.003739018103400711,0.10550192041147761,0.0,0.016264638586582645,0.0,0.0,0.007576442501344706,0.022809636132080195,0.0,0.0
2025-06-08 00:00:00+00:00,0.04088747566809083,-0.048168987695446766,-0.00884020827167574,-0.03681281115873311,0.0,0.005351185153601796,-0.010918679786083265,-0.004084421914582636,0.013264288786631778,0.0,0.003201174946743924,0.0,0.0,0.0074664074639115945,0.0,0.009983425519544748,0.0,0.06756380391067092,0.0,0.022037188786894018,0.0,0.0,-0.04869704560576291,0.0,-0.018879021195975964,-0.008463583372747715,-0.019328699522769922,-0.01561125200684811,0.01917565401652361,0.013241225895681307,0.029548895081128946,0.0,-0.037161233090316347,-0.0,0.0,-0.005954498105026871,0.0,0.0,0.0,0.0,0.0,0.0,0.0,0.011103201975090729,-0.02686983001531402,0.0,0.0074756560184637295,0.0,-0.033084217147660244,0.0,1.749826534597375e-18,0.0,0.002189517978743491,0.020239466784424388,0.0,-0.002962959004837062,0.005362773784285103,0.011983259355691951,0.0072863186901879415,0.0,0.0,0.007867106241795395,0.0,-0.011311328109367233,0.0,-0.048468023689989585,0.0,-0.03990695756804512,-0.020108940321411736,0.009434045330266332,0.0,0.0,0.009919410513261142,0.10351395906028822,0.0,0.027822903566834187,0.0,0.0,-0.013522581196934268,0.0032369342507724977,0.0,0.0
2025-06-09 00:00:00+00:00,0.03286530669666449,-0.028369857411414852,-0.010998856822841309,-0.033583888502454265,0.0,-0.0023650145247472915,-0.005821245169737475,-0.01064912094262395,0.011387927004110593,-0.01792841505982229,0.015325643376264094,0.0,0.0,0.03762566902870624,0.0,0.014563510541881234,0.0,0.05865060130574383,0.0,0.019408859235207857,0.0,0.0,-0.05068763947437939,0.0,-0.023471972429788858,-0.005231834436949178,-0.013565153909356888,-0.016970593252911736,0.012413578548985766,0.00318131970237332,0.030092260125690783,0.0,-0.030507284570896416,-3.4776797066893576e-18,0.0,-0.005737421982042219,0.0,0.0,0.0,0.0,0.0,0.0,0.0,-0.0,-0.02378489447687294,0.0,-0.019690454598215543,0.0,-0.03187502955074502,0.0,3.3846167786929064e-18,0.0,0.002829886888991012,0.011507873542246562,0.0,-0.007375951095716307,0.005188392456894589,0.010457055836764817,0.016232676342691377,0.0,0.0,0.00494344267899481,0.0,-0.01965242511700947,0.0,-0.04756855795006036,0.0,-0.035971039120677784,-0.02515607996223163,0.009350160160070823,0.0,0.0,0.008929369934203511,0.09420134576950731,0.0,0.02361118008450466,0.0,0.0,0.008414195382767775,0.035782475718229644,0.0,0.0
2025-06-10 00:00:00+00:00,0.03278853689576031,-0.012866766149250874,-0.005169074276822776,-0.03306906739740292,0.0,0.008446709435580757,-0.010342137106871431,0.002939242202587951,0.0009836760806451997,-0.03426720104831131,0.00814129751493357,0.0,0.0,0.03338558682671941,0.0,0.008827654063036379,0.0,0.06897489373855424,0.0,0.01602944631411849,0.0,0.0,-0.04377571331692367,0.0,-0.004902056955825856,-0.022550057479052008,-0.03522523754413612,-0.011078839072461792,0.01479088770929299,0.004271475510762557,0.03534385795849332,0.0,-0.027540577295159765,0.006900127184936221,0.0,-0.013776313450609775,0.0,0.0,0.0,0.0,0.0,0.0,0.0,0.003059702599720059,-0.014856146032348711,0.0,-0.008115128206454575,0.0,-0.027570153862051725,0.0,-0.005120573224770071,0.0,-0.01357504917780698,0.010915952990911752,0.0,-0.017611208756072062,0.0025499865490310066,0.006337895019583906,0.006532214174476246,0.0,0.0,0.0032344869661851097,0.0,-0.03577672239691668,0.0,0.0012975422491191616,0.0,-0.03294487731269043,0.014351899425880584,-4.089396925174497e-18,0.0,0.0,0.008198518588365327,0.08556880322488787,0.0,0.0221295100228206,0.0,0.0,-0.025434368662041358,0.029567365477577826,0.0,0.0
2025-06-11 00:00:00+00:00,0.03436879399738979,-0.023317294226441573,-0.015413073076248406,-0.021484159543718274,0.0,-0.00548059369775705,-0.016452575396623863,0.009689011459149278,0.015276230635478033,-0.022640442007300213,0.0035009869683818263,0.0,0.0,0.043966133804407365,0.0,-0.007043336504848803,0.0,0.06629608128381252,0.0,0.00976542342011052,0.0,0.0,-0.04463886957593799,0.0,0.008611466385491167,-0.03047597159663297,-0.036754784466764126,0.0006959297301936298,0.02453835835536786,0.01396426753139901,0.041822365190252224,0.0,-0.022057400188382436,0.009485505418397778,0.0,-0.023386828436938536,0.0,0.0,0.0,0.0,0.0,0.0,0.0,0.015882019438580974,0.008573317651743094,0.0,-0.0047771949446745714,0.0,-0.028819810631877312,0.0,-0.007165884716918779,0.0,-0.012793996374569823,-0.004459108413390804,0.0,-0.0005394149423547055,-0.005107695772923496,0.002839035305119013,0.0,0.0,0.0,-0.002348982845572265,0.0,-0.04176280532078863,0.0,-0.001816827839176239,0.0,-0.036848369195029304,-0.004902935849096134,0.015011769397686276,0.0,0.0,0.0006212021876306515,0.09504841889539946,0.0,0.023090366934935276,0.0,0.0,-0.026329800155924718,0.0037714717289654156,0.0,0.0
2025-06-12 00:00:00+00:00,0.038065498500524826,-0.01818016149184859,-0.02779948371179098,-0.03890366533978415,0.0,-0.009744579799527826,-0.007487862485245194,0.0065554382737989525,0.018225897071152266,-0.006142113758827411,0.003459004362681986,0.0,0.0,0.04477998971132948,0.0,0.0,0.0,0.08452924664701288,0.0,0.004261527310635118,0.0,0.0,-0.04547809186673312,0.0,-0.006817043023312168,-0.028602889304147446,-0.03175676712290967,-0.006116673086994694,0.009845343264756124,0.015989708174744873,0.046148293701449426,0.0,-0.0038787193058264758,0.0037182936757613545,0.0,-0.026580176165408666,0.0,0.0,0.0,0.0,0.0,0.0,0.0,0.012628305412877905,0.016449781373183557,0.0,-0.0019846497678547613,0.0,-0.027783698460109467,0.0,-0.0055456302029976996,0.0,-0.017432917438293727,-0.006277944703978289,0.0,0.004915061146532024,-0.00506404911750006,0.0018563307921403767,-0.0014447322094252185,0.0,0.0,-0.002166890989662537,0.0,-0.046504496635339815,0.0,0.003974813207901283,0.0,-0.04085960880534495,0.008539377476605454,0.01334192508045101,0.0,0.0,0.002630283438656037,0.04616008576874655,0.0,0.023632363249752722,0.0,0.0,0.0,0.0028462771521687268,0.0,0.0
2025-06-13 00:00:00+00:00,0.03826460827244297,-0.017018145012773257,-0.02753021059094371,-0.045897494681281265,0.0,-0.00570677567653528,-0.00910783569177465,0.006880621222892675,0.019395472902031006,-0.016146350016482836,0.011722326075892197,0.0,0.0,0.051826646319482056,0.0,0.051317544513337275,0.0,0.0757972538857369,0.0,0.015278190309750158,0.0,0.0,-0.04130140366324991,0.0,-0.010970030727420584,-0.019762258270732497,-0.036536287052902086,-0.010445798601434792,0.01452740849221429,0.008191005280298206,0.0443357098766774,0.0,-0.0038131834704693605,-0.0004954848579768319,0.0,-0.02316205128296275,0.0,0.0,0.0,0.0,0.0,0.0,0.0,0.016435198060409467,0.013331663825668666,0.0,-0.01244058852028847,0.0,-0.02390551653306186,0.0,-0.0058095389183710705,0.0,-0.016355237654740354,-0.016092590677485846,0.0,-0.0025647037552373056,-0.012260198331205053,0.000258711013499415,0.006178187797125332,0.0,0.0,-0.001435601535523997,0.0,-0.04286148945027128,0.0,-0.008985184264113993,0.0,-0.03924348176928174,0.012946843863814958,0.009216939064973825,0.0,0.0,0.00018196017082469372,0.01709925340092788,0.0,0.021855680044588183,0.0,0.0,0.0019830029815036004,0.012823213632429662,0.0,0.0
2025-06-14 00:00:00+00:00,0.04453719357226804,-0.05174075639273481,-0.028352064615922934,-0.04694015245924986,0.0,0.008237196901990826,-0.028674440873309687,0.013549027636827646,0.023609448693414352,-0.018580562377198417,-0.01288237633541494,0.0,0.0,0.062397947025638584,0.0,0.07738089947534389,0.0,0.08990576680338921,0.0,-0.0012724593971927946,0.0,0.0,-0.044162669888233086,0.0,0.0011774640236548502,-0.010790003200793374,-0.04608260752401883,0.009559248429714038,0.015595882826808585,0.021011537723006478,0.05160651288865246,0.0,0.01118012448116817,-0.0005422953259978738,0.0,-0.024646178648508967,0.0,0.0,0.0,0.0,0.0,0.0,0.0,0.021148207917724742,-0.012903261960723776,0.0,0.014715444617196701,0.0,-0.026011991775358404,0.0,-0.00810329493746049,0.0,-0.03256239732953507,-0.006766813689940749,0.0,-0.0005686998539131112,0.004333763378521348,0.0015624654971146442,0.010730339610068654,0.0,0.0,-0.0023472422101275675,0.0,-0.04247830566214325,0.0,-0.01979166378012715,0.0,-0.021656312632787663,-0.022452598473131094,0.014702815100442239,0.0,0.0,0.0011018212765044292,0.015950434638919347,0.0,0.027617917624312344,0.0,0.0,-0.028807006609165145,-0.0024953041896925298,0.0,0.0
2025-06-15 00:00:00+00:00,0.04683863927443744,-0.05707381924533733,-0.02380562969650837,-0.047839773710270136,0.0,0.006652145421558544,-0.01429205225114306,0.011481159976786552,0.0241279447129739,-0.021861906888401738,-0.03028191939731624,0.0,0.0,0.0636731080627876,0.0,0.061925558282329,0.0,0.09855993393286082,0.0,0.0006218897509849533,0.0,0.0,-0.046229981851941875,0.0,-0.01613541688684911,-0.007130389623717892,-0.051969152935534675,0.008709377339427721,0.02782159920956691,0.01420597462572978,0.05695347496183733,0.0,-0.008569903431641683,-0.001662612100064846,0.0,-0.022078169087889992,0.0,0.0,0.0,0.0,0.0,0.0,0.0,0.021639233848024075,-0.017747077253466314,0.0,0.004966251397623276,0.0,-0.022317625096012025,0.0,-0.008479623196018055,0.0,-0.02095216212429874,-0.02242380124805225,0.0,0.008899833551803344,0.009311811499463541,0.006517036347110895,0.015313520086941538,0.0,0.0,0.011179724943358064,0.0,-0.031660377068496996,0.0,-0.0359241286192624,0.0,-0.03169253475447841,-0.04457086486806975,0.013632774497580475,0.0,0.0,0.009579904197624696,0.024092292120277015,0.0,0.03070862667469011,0.0,0.0,-0.02678732762358673,0.03407443424258107,0.0,0.0
2025-06-16 00:00:00+00:00,0.03780258844332443,-0.04675812492000736,-0.02750545902677681,-0.04799736064572458,0.0,0.004179660694308955,-0.0024623782111146617,-0.0015064809116986165,0.012308578946416323,-0.017007376461163366,-0.02533005461488724,0.0,0.0,0.050638126428693524,0.0,0.05144977575989598,0.0,0.07463415007012214,0.0,-0.0004351289132891746,0.0,0.0,-0.033466238781055965,0.0,-0.014042311130908576,-0.020629103291266104,-0.03602078267530049,0.007918349239088792,0.027963960438413718,0.01859799720169534,0.046244233541562,0.0,0.0007372764020294406,-2.857379115440617e-19,0.0,-0.02552822500636081,0.0,0.0,0.0,0.0,0.0,0.0,0.0,0.01767748272085105,-0.00208604472312766,0.0,0.016842861929845264,0.0,-0.03090468807588486,0.0,-0.008425388210224777,0.0,-0.025403121824798015,-0.027443346814383606,0.0,0.005085162883576711,0.006698130056346223,0.004114068319921478,0.013101135862393753,0.0,0.0,-0.008642293027907,0.0,-0.025038592200522503,0.0,0.028490944111611908,0.0,-0.02289902947026223,-0.02367238627649497,0.014335637160478714,0.0,0.0,0.004940509692735214,0.03663648371230376,0.0,0.024834890886833737,0.0,0.0,-0.02517746781656264,-0.006850621472726561,0.0,0.0
2025-06-17 00:00:00+00:00,0.04768809793086428,-0.0656813881544767,-0.031166413103183608,-0.05918147567206782,0.0,0.004260850827674751,0.02208143919866127,-0.02731359426964589,-0.0012698228569391298,-0.02237488573337469,-0.03152303021002123,0.0,0.0,0.05491420956400748,0.0,0.058655290247558355,0.0,0.06290054717785401,0.0,0.008505441066036595,0.0,0.0,-0.06542737395375747,0.0,-0.011796787417734517,-0.03621583848426985,-0.03873487778115946,-0.008060616463019093,0.023615315279959224,0.018142391052348994,0.04298451203776864,0.0,0.007322264295175131,-2.382773598778422e-18,0.0,-0.033883236640906,0.0,0.0,0.0,0.0,0.0,0.0,0.0,0.032613135293210506,0.016982936025882658,0.0,0.01411400929836863,0.0,0.027209706239929524,0.0,1.621879403242038e-17,0.0,-0.012060596556518107,-0.026632334806281743,0.0,-0.0043177592763696425,0.016093829218861894,0.02207673015710725,-9.291615263900935e-19,0.0,0.0,-0.004108274658258141,0.0,-0.05548592454602061,0.0,0.0024566163293034083,0.0,-0.024516869206471795,-0.04027564659205839,0.02838483424047072,0.0,0.0,0.003998935492653127,0.027428393333972036,0.0,0.040187676889029765,0.0,0.0,-0.026164853519432475,0.0435744387052682,0.0,0.0
2025-06-18 00:00:00+00:00,0.043339090144515806,-0.061056915684516926,-0.0375155500630208,-0.06343165555212121,0.0,0.010524290207533413,0.010515074450545505,-0.024911335131652806,-0.0068934195332614094,-0.022718349747830973,-0.010728165807292673,0.0,0.0,0.055778375898531386,0.0,0.06994048484071763,0.0,0.07545348499100142,0.0,0.027550059888147575,0.0,0.0,-0.06323262924770619,0.0,-0.004237043487236846,-0.02817301330140837,-0.04614317789836286,0.010853238550044627,0.01797793804824459,0.01587335448976668,0.04067474519174553,0.0,0.0072003756107452644,-0.0017335470795475684,0.0,-0.03625975957612996,0.0,0.0,0.0,0.0,0.0,0.0,0.0,0.03173117924817798,-0.01202137764508244,0.0,0.004492873082239293,0.0,0.03989605548424344,0.0,0.0,0.0,-0.0278515306186894,-0.031647989147263335,0.0,-0.0019472313995945027,0.027873485149297935,-0.0,-9.187276749473134e-18,0.0,0.0,-0.008717392338693121,0.0,-0.04635174790072219,0.0,0.010760674209961806,0.0,-0.011110982612748744,-0.02766155229436691,0.029496146601535687,0.0,0.0,0.008913437166065755,0.035571184132634846,0.0,0.04293184593592267,0.0,0.0,-0.07057981382416709,0.02757678656979747,0.0,0.0
2025-06-19 00:00:00+00:00,0.017423603293964716,-0.06703199617139713,-0.02185562915516101,-0.058278905778143646,0.0,0.02097718150179165,0.0033510917658157906,-0.03098984320542564,-0.011991951825040925,-0.030109348098702856,-0.02669864373128117,0.0,0.0,0.05760714716835773,0.0,0.044783098333779144,0.0,0.07988729167773242,0.0,0.031097890199181497,0.0,0.0,-0.06332429874518561,0.0,0.030114430881833246,-0.026478799563579264,-0.0750728437807579,0.010994417711565917,0.014400899769015619,0.018955285416865558,0.03581248403259158,0.0,-0.006692174766129714,-0.0,0.0,-0.0283042192217736,0.0,0.0,0.0,0.0,0.0,0.0,0.0,-0.0,-0.005792209268353388,0.0,0.004986536026255251,0.0,0.032954242598466736,0.0,0.0,0.0,-0.018307563328411793,-0.014593866288082244,0.0,-0.0010344517178966222,0.021962572151344294,0.03252905921446939,-0.0,0.0,0.0,-0.015419457700569064,0.0,-0.03836175317716616,0.0,1.0167914384141531e-17,0.0,-0.009599153095369984,-0.03387311852964404,0.037521152937481705,0.0,0.0,0.0025435356275090608,0.07220013971772847,0.0,0.04417721539806486,0.0,0.0,-0.0692175360360485,0.038748487760305636,0.0,0.0
2025-06-20 00:00:00+00:00,0.014828664549242946,-0.058799681944251316,-0.024408230442647047,-0.053772661437850325,0.0,-0.0029731946379548345,-0.003994640215716953,-0.03318412581928021,-0.020509598508824257,-0.010488559941319246,-0.029827097685864636,0.0,0.0,0.06137990329754155,0.0,0.0677037380042139,0.0,0.09268977730288754,0.0,0.018120007301278294,0.0,0.0,-0.06479668820125913,0.0,0.01353566091894149,-0.005456959400440858,-0.08354618369755006,0.013253919204778069,0.01909535177491567,0.04080970948942616,0.04380477825319217,0.0,-0.011486948855526395,-0.0,0.0,-0.03746847084463814,0.0,0.0,0.0,0.0,0.0,0.0,0.0,0.023904573213035435,-0.0,0.0,0.040761321549356196,0.0,0.026480098217680454,0.0,-0.030978223271091766,0.0,-0.011987322454543006,0.008830027272572686,0.0,-0.009104078446185012,0.018878582712722483,-1.785372312040082e-17,-0.0,0.0,0.0,-0.024432082399692193,0.0,-0.03837652456336896,0.0,0.01591693029131245,0.0,-0.008516989085913853,-0.02945673611243482,0.03009040642252799,0.0,0.0,0.001411904065087822,0.0266702484210045,0.0,0.04484607148536921,0.0,0.0,-0.08030122702070876,0.05085455123997486,0.0,0.0
2025-06-21 00:00:00+00:00,0.012715044184289126,-0.07233141053863913,0.01042966833375494,-0.04746333088940602,0.0,-0.005396825054679559,0.010955268238311411,-0.02334240434478078,-0.013548594627533357,-0.015480093092698361,-0.028333896819434996,0.0,0.0,0.05160670256171053,0.0,0.07869831556709925,0.0,0.05446050095834226,0.0,-4.6190192741492843e-17,0.0,0.0,-0.06868350336330149,0.0,-0.0,-0.03758661135207157,-0.07583432475094105,0.007582685629478184,0.008005595871008204,0.01775128871408255,0.02626621242421139,0.0,-0.02136341596144723,-3.272714831006604e-16,0.0,-0.024649229754063466,0.0,0.0,0.0,0.0,0.0,0.0,0.0,0.0274603206653599,-0.012386469528047766,0.0,0.005910437349393561,0.0,0.022640622118765795,0.0,1.2914856755933272e-16,0.0,-0.005669565282829998,0.004544567904787798,0.0,0.01840685973607984,0.029346702447510944,0.046779926075558115,-3.1612363382112975e-16,0.0,0.0,-0.018552415061246417,0.0,-0.04023899668437459,0.0,-0.019986139047554044,0.0,0.01659359027409343,-0.03680871964510496,0.03828462207646061,0.0,0.0,0.011991485383069052,0.06780784781796981,0.0,0.039287251603256676,0.0,0.0,-0.08872213692187862,0.048852566785440636,0.0,0.0
2025-06-22 00:00:00+00:00,0.011206108744353536,-0.07563741921754162,0.009529934581332528,-0.03256464994634354,0.0,-1.05072128168226e-16,0.003072585146358103,-0.018843185563732646,-0.0006006609143601152,-0.021091006870499696,-0.040830842939485336,0.0,0.0,0.05796454629505225,0.0,0.07860536771978596,0.0,0.07386423403577029,0.0,0.01043741186132827,0.0,0.0,-0.06588932458675106,0.0,0.005129385239818848,-0.046724831173680544,-0.0781441744312994,0.010958970452282148,-0.007880287744712656,0.014671956253030551,0.022089500853196137,0.0,-0.01058903201753422,-2.1571882957869853e-16,0.0,-0.027922926984506023,0.0,0.0,0.0,0.0,0.0,0.0,0.0,0.0262686120084954,0.001078381589373181,0.0,0.01413001743993803,0.0,0.027935118059916324,0.0,4.634240654104744e-16,0.0,-0.017222495537721618,-0.007203070742051109,0.0,-1.282861810797683e-16,0.024732483015288197,0.04770306132841752,-0.00010377777998613787,0.0,0.0,-0.03296320165959723,0.0,-0.056078542194267014,0.0,0.0,0.0,0.007868112258430999,-0.02699168435669958,0.03918594090307325,0.0,0.0,0.017279339260501923,0.06790809547242435,0.0,0.03818020546851291,0.0,0.0,-0.08992911840547618,0.047410865079564934,0.0,0.0
2025-06-23 00:00:00+00:00,0.02239650962407274,-0.0786393550951992,0.008157960283929408,-0.022018698967328783,0.0,-0.006653193179261848,-0.026012405193034962,-0.008646841364173789,0.012631695252433812,-0.012267109656028362,-0.03754471380108104,0.0,0.0,0.07123906104764845,0.0,0.04952247711051449,0.0,0.09234651913689618,0.0,0.007331639221144875,0.0,0.0,-0.05853898386332636,0.0,0.015134671374324732,-0.039006651937001716,-0.07794320655346622,0.008809918033069512,-0.006968987679294401,0.02365550788079339,0.010040714132792712,0.0,-0.02680492559105028,-5.842994905958333e-19,0.0,-0.03516815445486603,0.0,0.0,0.0,0.0,0.0,0.0,0.0,0.02495860258685529,-0.002437791049465979,0.0,0.04837001739628158,0.0,0.03183391396459505,0.0,0.0037099677241738817,0.0,-0.020567371826415427,0.010845034939623842,0.0,0.007711811069466013,0.03200005528916454,0.04240887550315165,-0.012382297887487622,0.0,0.0,-0.025371039339053127,0.0,-0.05599959349313425,0.0,-0.04375582077195629,0.0,0.011260757414775611,-0.03288058828825369,0.03956274310875684,0.0,0.0,0.019436953973188655,0.08638250607679585,0.0,0.04049694758825471,0.0,0.0,-0.10246487731873974,0.011827747576915506,0.0,0.0
2025-06-24 00:00:00+00:00,0.029540959062734656,-0.10072263085815338,7.504618324396209e-05,0.025257055773579454,0.0,-0.021908352007679235,-0.034629618956277954,-0.030629137680084247,0.025553569892449408,0.0383936855041704,-0.05012940123340871,0.0,0.0,0.07301451312367484,0.0,0.06154387404924668,0.0,0.07998884712641555,0.0,-0.01650763282047741,0.0,0.0,-0.09564727121118557,0.0,-0.02438845999197978,-0.05086007381126933,-0.09709277180597928,0.025413438735280992,-0.008155306560443382,0.030472348817077978,0.005527784031788419,0.0,-0.04440322733957347,-0.0,0.0,-0.038610313138701766,0.0,0.0,0.0,0.0,0.0,0.0,0.0,-0.0,0.009998963901714383,0.0,0.04094511923143766,0.0,0.038364541623354065,0.0,0.0,0.0,-0.0194230138131617,0.032128217542639816,0.0,0.014055907460620454,-6.279931578086627e-18,0.052115695644433975,-0.0018887116990249464,0.0,0.0,-0.0032883550363445673,0.0,-0.0227510151553106,0.0,-0.02274759032955983,0.0,0.021421342215178284,-0.004558673607368286,0.05376996962878382,0.0,0.0,0.024561012916372964,0.06961869499297221,0.0,0.04112770910182094,0.0,0.0,-0.11091745807247946,0.0063707185694720355,0.0,0.0
2025-06-25 00:00:00+00:00,0.03855652904736176,-0.13050375880035076,8.342684471802264e-18,0.037518737473236634,0.0,-0.005030830517592166,0.0708358167333883,-0.0702037069317722,0.027224593811859533,0.014623597888212419,-0.07217191350225667,0.0,0.0,0.035944913723134214,0.0,0.03311927465269234,0.0,0.13515434239662197,0.0,0.025020084277147477,0.0,0.0,-0.11188199367681798,0.0,-0.061797336622709996,-0.06592235777283041,-0.12577480369748428,0.010256895921018383,-0.03930590506470158,0.027093060531649515,0.0005209801296461887,0.0,-0.05865281857405376,-2.4576016612712635e-17,0.0,-0.025268528165733637,0.0,0.0,0.0,0.0,0.0,0.0,0.0,-0.012287869401681488,0.04813245760691017,0.0,0.03127379811828517,0.0,0.015711548894343917,0.0,1.0595078390085188e-16,0.0,0.018951159691809757,0.04782541627275685,0.0,-0.0038123980114364965,0.02725363278967279,0.04889802358234867,-7.420494062846009e-17,0.0,0.0,-0.025367593389489657,0.0,-0.015444050856494897,0.0,-0.026006831091433383,0.0,0.03672458592057783,-0.007346173014219574,0.039366400151502834,0.0,0.0,0.018714699818784854,0.07270106234184981,0.0,0.031565752803576944,0.0,0.0,-0.10912980333752308,0.07292130785019374,0.0,0.0
2025-06-26 00:00:00+00:00,0.029749772622743042,-0.1134035946361069,-0.04877958865108831,0.02198818730065944,0.0,-0.011527446951833767,0.052659564271640875,-0.05408589565353389,0.03165607663612891,0.00032850064812953763,-0.049454581038440464,0.0,0.0,0.059619899449072436,0.0,0.07459164667807455,0.0,0.10572143740274596,0.0,0.02665017365317959,0.0,0.0,-0.05790080167441429,0.0,-0.07269973388224091,-0.039370719425022314,-0.10466287750939732,0.009561717396365743,-0.022083444999504216,0.020889892481564955,7.382047485590535e-18,0.0,-0.046533992433906664,-4.324126681011425e-17,0.0,-0.04059191164372393,0.0,0.0,0.0,0.0,0.0,0.0,0.0,-0.005540460365737626,0.031125622296901315,0.0,0.021397489789852807,0.0,0.011614572318714132,0.0,0.0,0.0,0.01748323226344786,0.013583885065045568,0.0,-0.008868153089838729,-0.0,0.0684695949074024,-0.010260377716229103,0.0,0.0,-0.03872102815404976,0.0,0.007948175300301043,0.0,0.0,0.0,0.03726268884412844,-8.174069936494721e-18,0.03669919793482649,0.0,0.0,0.009094234245870676,0.06665458665150949,0.0,0.036596433809413395,0.0,0.0,-0.12051314809383844,0.05365117395118807,0.0,0.0
2025-06-27 00:00:00+00:00,0.022288474922576417,-0.11236399986960481,-0.05875749250719263,0.02957281306924977,0.0,-0.008979446811510538,0.054580604240761305,-0.05487944644849094,0.032651397962302375,0.0020974795916396363,-0.03956143561772464,0.0,0.0,0.053268075192206665,0.0,0.08563104404039504,0.0,0.12631262744909277,0.0,0.0359745541863971,0.0,0.0,-0.07040129234131969,0.0,-0.06799602187978658,-0.04766906873568255,-0.09284972539506887,0.0,-0.018923278181723197,0.022219456334493185,0.015849293361219378,0.0,-0.04605734751032773,-8.124602750140214e-17,0.0,-0.027430755471788717,0.0,0.0,0.0,0.0,0.0,0.0,0.0,-0.0003263719661821076,0.03430987709774696,0.0,0.044496868988285664,0.0,0.01469330544041367,0.0,5.86063189408434e-17,0.0,-0.0019311110713683098,0.0113763758554512,0.0,0.015167861042955663,0.03291257175518235,0.05865011629043166,-0.015776387042472438,0.0,0.0,-0.04585900929682838,0.0,-0.008334976557990583,0.0,-0.03863912277735401,0.0,0.04004520390385601,-0.028368133343206973,0.03562819118458846,0.0,0.0,0.01167456026450066,0.06745379238174017,0.0,0.030571876818017343,0.0,0.0,-0.12515993296779168,0.03283793441991205,0.0,0.0
2025-06-28 00:00:00+00:00,0.030441474918224253,-0.09609319842929973,-0.05964667318720678,0.03186036546574571,0.0,-0.005718505343046556,0.052319791081926255,-0.0568957151243332,0.0368287312314104,-0.016876148296921425,-0.02175960726069276,0.0,0.0,0.05421001442893847,0.0,0.05328513448165345,0.0,0.10264690943533658,0.0,0.04005258101290181,0.0,0.0,-0.09442812360456497,0.0,-0.06637229722714666,-0.03574903771740444,-0.08514145985612807,0.018080620273651465,-0.009737654606412592,0.029355669337871485,0.02540739622356604,0.0,-0.04866033226864366,-0.0,0.0,-0.028477906047007305,0.0,0.0,0.0,0.0,0.0,0.0,0.0,-0.0,0.043387154649166565,0.0,0.03947199994267009,0.0,4.822565459375467e-17,0.0,0.0,0.0,0.032815619383500645,0.0029086017461577443,0.0,-0.0,-0.0,-0.0,-0.011873253911196162,0.0,0.0,-0.05728940508187433,0.0,-0.021077045774130068,0.0,0.015096035323698746,0.0,0.042873436754647505,-0.0,0.03970652917949796,0.0,0.0,3.3564697581637054e-17,0.0506408905301321,0.0,0.037196298054613296,0.0,0.0,-0.10478637526664858,0.041997485547345885,0.0,0.0
2025-06-29 00:00:00+00:00,0.023484315249488137,-0.06911981318888796,-0.039805709593425984,0.02028098578958324,0.0,-0.007289205528642558,0.03836714002927538,-0.04096593627918143,0.016553076233316456,0.0023108013811379414,-0.01003071585140596,0.0,0.0,0.03001088085027309,0.0,0.05660355998497426,0.0,0.09384883091494946,0.0,0.02316532947961774,0.0,0.0,-0.05723207000601369,0.0,-0.04833276823442225,-0.026858805542724414,-0.06204264876086046,0.016008952074998063,-0.017197288924892914,0.007235434535749615,0.019804156641758195,0.0,-0.026393951975865953,0.014037347350045188,0.0,-0.015358981525868159,0.0,0.0,0.0,0.0,0.0,0.0,0.0,-0.0017479619334075803,0.033411999867070566,0.0,0.03905340056060625,0.0,0.0024514499348859244,0.0,-0.03202279647605468,0.0,0.013371408171957266,0.013299834051120287,0.0,-0.0015848274153185266,-0.006480600614525799,-7.901321760700785e-18,-0.017871815167958438,0.0,0.0,-0.041396139586747545,0.0,-0.009856943975306742,0.0,0.03781997181885538,0.0,0.02737688562845455,0.009906930686289128,0.01930815297832994,0.0,0.0,-0.030690908498577682,0.019856235676143495,0.0,0.020997758073110037,0.0,0.0,-0.08027272404019843,0.04398777515829758,0.0,0.0
2025-06-30 00:00:00+00:00,0.031011291476218724,-0.08720162836910854,-0.04709979036789644,0.026691590925603362,0.0,-0.0090211184134483,0.04765138418789402,-0.040311476921312685,0.04142362290852035,0.02746793956197991,-0.024997290832014307,0.0,0.0,0.036196050761399756,0.0,0.06535518470129244,0.0,0.11206017355337003,0.0,0.03936605143799225,0.0,0.0,-0.07642104046235286,0.0,-0.06257651744585964,-0.03966820564706003,-0.04595779384815986,0.03590306052471466,-0.032483005558306396,0.027485166668350346,0.0,0.0,0.0,0.011989613530153983,0.0,0.004951471727479337,0.0,0.0,0.0,0.0,0.0,0.0,0.0,-0.014603352906853214,0.03537891143446798,0.0,0.04381068892666145,0.0,0.0056472647876645654,0.0,-0.03315015278963404,0.0,0.009954561229938097,0.010190386972300236,0.0,0.022427112167349994,-8.146142461073385e-18,0.0,-0.01927503520906258,0.0,0.0,-0.05977073259896969,0.0,-0.018044601466779227,0.0,0.019038756068507048,0.0,0.031083528111657092,-0.012136907620143795,0.009701824958239444,0.0,0.0,-0.03175015519097407,0.021941059221307225,0.0,0.012651765780070039,0.0,0.0,-0.10487768192962221,0.029968025954425544,0.0,0.0
2025-07-01 00:00:00+00:00,0.026962274565630582,-0.06174727841259002,0.0,0.026761769648115226,0.0,0.0,0.034572894904111154,-0.0238024473392823,0.03370181018438456,0.0025092706118633287,-0.024966153960995028,0.0,0.0,0.04729981104802981,0.0,0.07056585201704114,0.0,0.057281855932858235,0.0,0.03034120242166487,0.0,-0.011780085543344575,-0.058414688367429614,0.0,-0.04605483268945845,-0.017837849965944487,-0.05485968526095886,0.022080484087645572,-0.014667989857915203,0.009681427620515172,0.014804704674341234,0.0,-0.014761328977025465,0.01363371644510727,0.0,-0.002713312786980015,0.0,0.0,-0.011089097787149832,0.0,0.0,0.0,0.0,-0.0,0.0200296640696571,-0.034139179071213374,0.018300288253837237,0.0,-0.00783494147812326,0.0,-0.03486773850865316,0.0,-0.0013146411357225585,0.0,0.0,0.010653015319262774,-0.0,-0.0,-0.004616983239792256,0.0,0.0,-0.04517013200777029,0.0,-0.0298366206475798,0.0,0.03338324642197275,0.0,0.017809828255874446,-0.012562268285163918,-0.0,0.0,0.0,-0.019875753432570673,0.06908069111511683,0.0,0.02158616585056041,0.0,0.0,-0.08446048452239684,0.03633351983047021,0.0,0.0
2025-07-02 00:00:00+00:00,0.03136902320946463,-0.07768881777477885,0.0,0.0062140439330440845,0.0,0.0,0.011476687853589032,-0.0020202236252158208,0.0462672082303077,0.005314183538746795,-0.04275664595501854,0.0,0.0,0.05669695768696896,0.0,0.06784430338149872,0.0,0.07829164802211848,0.0,0.047283381660404425,0.0,-0.007466632594264586,-0.07686113481518012,0.0,-0.05425509154199514,-0.03241544425786364,-0.06450250147363609,0.02560183227387545,-0.018496631328922077,0.011662109032011906,0.019684130872006517,0.0,-0.023109607030333292,0.025846237972593927,0.0,-0.014146267216254133,0.0,0.0,-0.005063808533593657,0.0,0.0,0.0,0.0,-0.0,0.022348330691642063,9.273259316325e-17,0.019524736367273712,0.0,-0.0166220895102383,0.0,-0.060107769517586444,0.0,-0.0012365760006817735,0.0,0.0,0.015372739059982656,-7.768696846204443e-19,-5.608460128989652e-17,-3.7855544328155456e-17,0.0,0.0,-0.05396568188757377,0.0,-0.024805941141427403,0.0,0.030938768387565083,0.0,0.02412693389916638,-6.554691425244069e-19,-5.309804417799023e-18,0.0,0.0,-0.0181596984684958,0.0868539695455959,0.0,0.025979860640452542,0.0,0.0,-0.10725288904775482,0.04223636546250535,0.0,0.0
2025-07-03 00:00:00+00:00,0.029875543455994663,-0.05209571196227894,0.0,0.002838542769318081,0.0,0.0,0.002361420176155048,-0.0,0.03434746552859603,0.0154776776252209,-0.0034448483596906778,0.0,0.0,0.05631741179209697,0.0,0.06834265327039876,0.0,0.0560418062094045,0.0,0.03701037981248547,0.0,-0.019389112160380233,-0.08303486047668711,0.0,-0.06106112009423783,-0.039142877005854275,-0.027266964031024424,0.03169048637121447,-0.02379096032194436,0.019678756166599032,0.03233329341137925,0.0,-0.010726720644353439,0.01908056900104065,0.0,0.006767865469360349,0.0,0.0,0.00035755683140887754,0.0,0.0,0.0,0.0,0.00727996901525022,0.005345092732243759,-0.02267989675685071,0.016872357129069458,0.0,-0.02103789167506126,0.0,-0.0495514850839179,0.0,-0.006658698416422981,0.0,0.0,-0.012094345201972693,0.02621053931342328,0.02131736246291218,-0.008059275259243368,0.0,0.0,-0.045189164897864634,0.0,-0.040947633392627664,0.0,0.028221689354368643,0.0,0.009320876582399917,-5.554710702258134e-18,-0.0,0.0,0.0,-0.02781468363968174,0.11001719824423056,0.0,0.0,0.0,0.0,-0.10340767452800202,0.020287411183525225,0.0,0.0
2025-07-04 00:00:00+00:00,0.029308037099143924,-0.01821288915177699,0.0,0.006092905294033181,0.0,0.0,-0.0007379767245961219,-0.00331366345252676,0.022941749896384898,0.012478336190758466,-0.01527489144406185,0.0,0.0,-0.011780331270626504,0.0,0.07404930607931792,0.0,0.04900689677832679,0.0,0.0204218746160686,0.0,-0.02517620858161623,-0.07511626340641019,0.0,-0.05402896873302884,-0.016847498591584433,-0.030499789818446626,0.029140379088567522,-0.030326022061876547,0.0,0.01940247028071605,0.0,0.005034141051122133,0.022992877535671957,0.0,0.00801932695633307,0.0,0.0,-0.021705361540218952,0.0,0.0,0.0,0.0,-1.9569653510666726e-18,0.004804144207219891,-0.028072479862672153,0.032649544063416955,0.0,-0.01754794852062974,0.0,-0.0482497777796286,0.0,0.011882546931025303,0.0,0.0,-0.009221344587249172,0.020005479168484133,-2.4699869566607443e-18,-0.010511566662780405,0.0,0.0,-0.012296031227059382,0.0,-0.012865662587262579,0.0,0.025572191310449143,0.0,-0.003871723158259067,0.025033160624170825,-0.0015314606209235826,0.0,0.0,-0.029369335797142303,0.09289837042448673,0.0,-1.116383845002414e-19,0.0,0.0,-0.08122531330776021,0.046048771292439776,0.0,0.0
2025-07-05 00:00:00+00:00,0.017488056278469284,-0.0127369697731276,0.0,-0.001520283762310707,0.0,0.0,-0.005481753054125771,-0.0002350140429680228,0.019351617883451376,0.007205998667791963,0.0016536665063428292,0.0,0.0,0.002502080521043668,0.0,0.04706174662488979,0.0,0.053644822541790226,0.0,0.01252560241435659,0.0,-0.020134910306461636,-0.05807985490529784,0.0,-0.04065806083745795,-0.011630056889819931,-0.03903859465238046,0.02623463274002489,-0.02350299685014802,0.0,0.025594576703347527,0.0,-0.002803126392032219,0.018197454734648642,0.0,-0.000664092848224199,0.0,0.0,-0.018637293486225906,0.0,0.0,0.0,0.0,-4.139991826739098e-18,0.012259513608910045,-0.032749422584825875,0.03391845972292808,0.0,-0.014874494788697335,0.0,-0.03466571693240819,0.0,-4.363565309393364e-18,0.0,0.0,-0.012878725651632509,0.009260209476811011,-1.0273425443032724e-17,-6.850042956028255e-18,0.0,0.0,-0.02161461526365368,0.0,-0.009670630302728108,0.0,0.025645481213996412,0.0,-0.0058994890732811806,0.017493061644163345,-1.581193464676022e-17,0.0,0.0,-0.035001842906879584,0.07006603181143366,0.0,0.005120433870821519,0.0,0.0,-0.046608486342550756,0.04386298468201669,0.0,0.0
2025-07-06 00:00:00+00:00,0.03428651326180465,-0.013129027041574029,0.0,-0.0016758042322129229,0.0,0.0,-0.015873953730398016,-0.009218306862950627,0.03022319605958202,0.003597641580846703,-0.0005166246878365566,0.0,0.0,0.004904037643392079,0.0,0.08533257575068977,0.0,0.0677124790954018,0.0,-0.0,0.0,-0.024934265868444605,-0.07578669162902282,0.0,-0.05076212013884147,0.009158484701536436,-0.04884808712369424,0.025873244795729975,-0.02152334807875196,0.009642094423718049,0.03851929933341521,0.0,-0.022435902272321243,0.022007792250987812,0.0,-0.008184539714594275,0.0,0.0,-0.026623028509386245,0.0,0.0,0.0,0.0,-0.0,0.01309394497220819,0.0,0.03974969649431742,0.0,-0.020251276880500005,0.0,-0.05526990739872277,0.0,-0.0,0.0,0.0,-0.0178864309735727,0.018549930110822142,-0.0,-0.0,0.0,0.0,-0.01957412878444712,0.0,-0.016510167834370648,0.0,0.0034625946240649415,0.0,-0.011410479148065245,0.0257180415388951,-0.0,0.0,0.0,-0.03380961306174575,0.049335080263575345,0.0,0.025476410635534543,0.0,0.0,-0.05113485446244984,0.03871550089738113,0.0,0.0
2025-07-07 00:00:00+00:00,0.021084952272819122,-0.010932545688890313,0.0,-0.01469892327847756,0.0,0.0,-0.008390758845698457,-0.021607520883891458,0.006472003220713493,0.0,-0.00633649746422376,0.0,0.0,0.0016575303392654206,0.0,0.06824634578923648,0.0,0.05043088306274385,0.0,-8.6426893637755305e-19,0.0,-0.02158724108252073,-0.05395604531983406,0.0,-0.03791717551566382,0.013233618310017195,-0.03600154610567993,0.012013285436072954,-0.010611205178673217,0.007711136175348558,0.025781387475983096,0.0,-0.009592729195785863,0.022860332584275618,0.0,-0.005718854617737239,0.0,0.0,-0.015190184137923387,0.0,0.0,0.0,0.0,0.0,0.013101176906041859,-0.03355991978797272,0.013326866038287189,0.0,-0.012045152715731386,0.0,-0.043104923089376315,0.0,0.0,0.0,0.0,-0.01566208103419946,0.00871788305413904,-8.115325602127308e-18,-2.217787706604506e-18,0.0,0.0,-0.013843782146853055,0.0,0.006553775406477309,0.0,0.01573470723762634,0.0,0.0065434174763336845,0.008151114129084288,-1.0131485704595743e-17,0.0,0.0,-0.03262213798399558,0.048313581716368494,0.0,0.012248696536829995,0.0,0.0,0.008216119182826987,0.03298041172263726,0.0,0.0
2025-07-08 00:00:00+00:00,0.020661298248025393,-0.010382526797776372,0.0,-0.019385293938285402,0.0,0.0,-0.0046409141793244575,-0.022696465689708595,0.00804276514516659,-0.01265285029439819,-0.013751223867969708,0.0,0.0,0.01096486784112687,0.0,0.06262911457304682,0.0,0.05234707101289345,0.0,-0.0010036661493495007,0.0,-0.018610776605610484,-0.05528556043115241,0.0,-0.03543724688800106,0.00953691920058026,-0.027796526792476465,0.013211076218005408,-0.015906786930234725,0.010737112939354929,0.025875301763404822,0.0,-0.007072864084389674,0.0243095798777578,0.0,-0.004000312094997915,0.0,0.0,-0.022389379983365237,0.0,0.0,0.0,0.0,-0.0,0.014348096883825207,-0.03884159547036395,0.006079078105723008,0.0,-0.008471550605476691,0.0,-0.036642634909213496,0.0,0.0057346894419356914,0.0,0.0,-0.007762874897127279,0.010885481958667495,-1.5297119344003416e-17,-1.6048177491199659e-18,0.0,0.0,-0.016605652893120583,0.0,0.0017236582540292404,0.0,0.0009785978111113928,0.0,0.007438596150906825,0.005733893716396267,-0.0,0.0,0.0,-0.02710558961633118,0.055983222194813186,0.0,0.015537108912820476,0.0,0.0,0.009930324741907352,0.03375443812717491,0.0,0.0
2025-07-09 00:00:00+00:00,0.02261599972694428,-0.00879316999068113,0.0,-0.013554991956851357,0.0,0.0,-0.021191062089125016,-0.015004745998776716,0.0,0.0018265908545606203,-0.008988634995562976,0.0,0.0,0.010017994166086286,0.0,0.043114663467870774,0.0,0.04089561467859008,0.0,-0.0035466279496807226,0.0,-0.022383459145930054,-0.05211438626166874,0.0,-0.03687177115492502,0.01103369783789163,-0.023708090739973653,0.010287378003562442,-0.015900766566383957,0.012904537672916138,0.028725282162641967,0.0,-0.01081197633714792,0.02553545172483938,0.0,-0.006529534236472164,0.0,0.0,-0.030612078739222174,0.0,0.0,0.0,0.0,-0.0120455721177563,0.017296050177883125,-0.03598940012423044,0.02467651526450467,0.0,0.015640816563854278,0.0,-0.04361148945384173,0.0,0.00945119254524414,0.0,0.0,-0.012341738884324787,-1.367397895804251e-18,-0.0,-2.911074244622957e-18,0.0,0.0,-0.012745667776739352,0.0,0.00384178489165945,0.0,0.0015172904745422602,0.0,-0.007755508210264962,-6.156830900017556e-20,0.006225283298811399,0.0,0.0,-0.017184847435177373,0.04858105842160684,0.0,0.015182535201653196,0.0,0.0,0.023371945292525426,0.03894383773654811,0.0,0.0
2025-07-10 00:00:00+00:00,0.029988817734613395,0.007551841690407438,0.0,0.0025602830242257373,0.0,0.0,-0.027770846669592373,-0.00228682581745963,-0.00439553226260359,-0.0029209411930835234,0.002216056118365829,0.0,0.0,-0.010335068416831381,0.0,0.031690194134744665,0.0,0.03748438568808696,0.0,-0.012956782277379472,0.0,-0.0174015627648457,-0.06875302216886459,0.0,-0.023511032527677892,0.010772992875858157,-0.03497223036646274,0.012746132172026355,-0.008769330947670479,0.014900686495009398,0.04080078583872558,0.0,-0.018111113440330992,0.023022332677689876,0.0,-0.003399939018955691,0.0,0.0,-0.039268807789680005,0.0,0.0,0.0,0.0,-0.004572629764056929,0.0056393822051742405,-0.033270746413997784,0.02678059453415032,0.0,0.017264986864306234,0.0,-0.04642325523830559,0.0,-0.009538708942021364,0.0,0.0,-0.017074479605031428,0.005869884101689853,-0.010003317485801142,0.009947861063803944,0.0,0.0,0.0,0.0,-0.0019989793515323095,0.0,5.905195085837176e-05,0.0,-0.02139529643514514,-0.0023555491434253508,0.00208463359030259,0.0,0.0,-0.020720552783467495,0.05004206388754516,0.0,0.013010912366876261,0.0,0.0,0.04184284292587809,0.055929828883884015,0.0,0.0
2025-07-11 00:00:00+00:00,0.006451055943336336,0.011069927627887085,0.0,0.016103304512197,0.0,0.0,-0.0287417055020022,0.0029892770549220945,-0.00046297590221977927,0.011605975393687233,-0.004151185558251804,0.0,0.0,-0.014697098865752444,0.0,0.01642085698396016,0.0,0.05454827644686805,0.0,0.02355110208762344,0.0,-0.02743502417868186,-0.05730961860393845,0.0,-0.018949811546323293,0.01588726287592606,-0.0201475065734581,0.006186030064001038,-0.006581387275389346,-0.002611526783712655,0.04189934394191726,0.0,-0.023152784620327153,0.02187080662808321,0.0,0.0014475968465005198,0.0,0.0,-0.033582423511681204,0.0,0.0,0.0,0.0,-0.02334579454685048,0.002621658572946266,-0.029473996485572397,0.0,0.0,0.009211064921586859,0.0,-0.0371849046371503,0.0,-0.013648137885265104,0.0,0.0,-0.01375089923220732,0.013744838995096069,0.004789497537591299,0.015074901641574736,0.0,0.0,0.0055057508178781136,0.0,0.019907930238835032,0.0,-0.007630935805357452,0.0,-0.012502809848431858,0.011781044489376407,-0.006339410090938801,0.0,0.0,-0.030570378289283235,0.004837830133264484,0.0,-0.008328212495569257,0.0,0.0,0.04296588819253003,0.06012730629077579,0.0,0.0
2025-07-12 00:00:00+00:00,-0.024293037885790698,0.020983441045021922,0.0,0.019253700225352,0.0,0.0,-0.028379478435465868,0.0059712002436634,0.0035698260504216732,0.008045671734980858,-0.010288534283151018,0.0,0.0,-0.010311877714543555,0.0,0.027275894565691173,0.0,0.05590596017685344,0.0,0.023296735797713308,0.0,-0.035388711763009326,-0.04687139430452381,0.0,0.007287089822953479,0.021830442141749326,-0.013829233032407438,0.004983901666586795,-0.006746543749554022,-0.01119244505322652,0.02712976410698196,0.0,-0.02047021170606632,0.006879197847421768,0.0,0.004205298912571966,0.0,0.0,-0.032631688806199675,0.0,0.0,0.0,0.0,-0.02283011691196797,0.003645735901279256,-0.030934121949236115,-0.004827402446467986,0.0,0.002955421890953732,0.0,-0.03275049033702424,0.0,-0.014616519666899096,0.0,0.0,-0.0076772423213962845,0.005541735112353213,-0.0033702927700532425,0.009129613736267988,0.0,0.0,0.0029124776940009523,0.0,0.012412921771816307,0.0,-0.01960414610257865,0.0,-0.008676475666725348,-0.006939056217921773,-0.0068837201873497515,0.0,0.0,-0.025976277528286604,0.07480972538459685,0.0,0.008866725819586339,0.0,0.0,0.025684592458048373,0.04291194473297917,0.0,0.0
2025-07-13 00:00:00+00:00,-0.016883468528426395,0.01965332410621875,0.0,0.022127675912705754,0.0,0.0,-0.02847195958192965,0.002318295541232391,0.003428559782249227,0.00874627672727295,-0.0030944100759863423,0.0,0.0,-0.017237898362713274,0.0,0.020002916533391278,0.0,0.05924481448893911,0.0,0.020562802440612333,0.0,-0.03151303547938646,-0.0441805632108687,0.0,0.0052210026772702405,0.016919989544407144,-0.005193444228441142,0.004440121452392207,0.0,-0.0016261454809378714,0.02487812233373011,0.0,-0.021539231423117536,0.009169808196908867,0.0,0.0,0.0,0.0,-0.026702102022127513,0.0,0.0,0.0,0.0,-0.025403827926674852,-0.0006576432873128705,-0.029766900692444646,-0.015995419912732848,0.0,0.00411299749235695,0.0,-0.03272999719786232,0.0,-0.012778905445193452,0.0,0.0,-0.007422686059096815,0.005373716506090069,-0.00349508488145151,0.006759795205497173,0.0,0.0,0.009649286809110223,0.0,0.011271735442548293,0.0,-0.02259082447445316,0.0,-0.0038728431028960605,-0.006961417279120272,-0.008231687845694145,0.0,0.0,-0.0303037800322462,0.0873446948035384,0.0,-0.007028749080915912,0.0,0.0,0.0229230167564543,0.039533072859104214,0.0,0.0
2025-07-14 00:00:00+00:00,-0.023570684542900525,0.021265108820903628,0.0,0.01904021382500028,0.0,0.0,-0.02352489521772143,0.007475859494200448,-0.0015034748039280126,0.009016062838590739,0.0027577754079349892,0.0,0.0,-0.022128857813700137,0.0,0.018015577675136486,0.0,0.053730540653743594,0.0,0.01927673784573092,0.0,-0.030363720543405588,-0.03600335399700739,0.0,0.008135607568369303,0.006387947044347989,0.0,-0.004084040858675736,0.0017217054435420638,-0.0038226863661888957,0.023373737363573018,0.0,-0.02425390818563812,-0.0013269027882005931,0.0,0.0011270096523629922,0.0,0.0,-0.022791779895070148,0.0,0.0,0.0,0.0,-0.022306273879891238,0.016986029233899743,-0.030428298227446644,-0.0009883717455754862,0.0,0.004319243832101969,0.0,-0.027168774118216714,0.0,-0.005481931684416023,0.0,0.0,-0.01036735225729486,0.0009952441582919164,-0.012012589556942534,-0.0011522077836431195,0.0,0.0,0.018646974954560743,0.0,0.004681307656733632,0.0,-0.02767619826540453,0.0,0.009821281238984767,0.0016555187602412536,-0.006994524217264547,0.0,0.0,-0.030511029611149886,0.07611287217006048,0.0,-0.013547299765965434,0.0,0.0,0.019086555113964152,0.038380245373372465,0.0,0.0
2025-07-15 00:00:00+00:00,-0.01524663828477869,0.024803011330893982,0.0,0.02347010290988986,0.0,0.0,-0.02777272041024294,0.007713135550066597,-0.007710165432406472,-0.016270138266048534,0.007790322630025233,0.0,0.0,-0.025896222042866245,0.0,-0.017083714078620103,0.0,0.069113436251739,0.0,0.022319036001210647,0.0,-0.02014564985611793,-0.03480613150674433,0.0,0.022162197788090983,0.005470948080811755,-0.00728249532435852,-0.00888514041180662,0.007268179358862957,-0.004889374840226966,0.02714762256141601,0.0,-0.025364932403539434,-0.0031411746652029483,0.0,-0.005003966586881069,0.0,0.0,-0.031022073386184595,0.0,0.0,0.0,0.0,-0.01664271821182357,0.02007708152736409,-0.02908613923568808,0.012836987462389402,0.0,0.003179399898684532,0.0,-0.03059921054483115,0.0,0.0,0.0,0.0,-0.01442884400152906,-0.00784937980871568,-0.018260525256361952,-0.0032162148993914825,0.0,0.0,0.016877961247676817,0.0,-0.0007439305556070785,0.0,-0.02777510951869127,0.0,0.015150342375412705,0.01602576874432492,-0.006634209682582743,0.0,0.0,-0.03482719666884033,0.06104631335042274,0.0,0.00976803536018563,0.0,0.0,0.022987261397309423,0.04537687205331047,0.0,0.0
2025-07-16 00:00:00+00:00,-0.01449361137101477,0.02703647164309518,0.0,0.029913876857685557,0.0,0.0,-0.026402303556930733,0.019135990302934454,0.0037031413206464496,-0.017681655876218474,0.01684618891312924,0.0,0.0,-0.04920571345840985,0.0,-0.03976613361080564,0.0,0.05283424077822988,0.0,0.026233800245289398,0.0,-0.02215818653737346,-0.04502643321412367,0.0,0.030108863931792188,-0.0013995215497057294,-0.006495653628206128,0.000993815637310294,0.016706683574180724,-0.0014060124726105628,0.03916892979924625,0.0,-0.022167954737020858,-0.006756354516812019,0.0,0.0007528390403051444,0.0,0.0,-0.023282454415289307,0.0,0.0,0.0,0.0,-0.00595156044393348,0.015578576767569092,-0.029333047504174415,0.0013402958732559778,0.0,-0.00698521177998911,0.0,-0.028870779620647654,0.0,-0.0023155430799726676,0.0,0.0,-0.001573502904906439,-0.004151495248557314,-0.016017565930277165,0.0009455847886526329,0.0,0.0,0.021716781137561116,0.0,0.004713016488506556,0.0,-0.04201932070402057,0.0,0.015269593685510154,0.022011417462732587,-0.00848678405403534,0.0,0.0,-0.03141602458708687,0.013434339728683655,0.0,0.011133203380079932,0.0,0.0,0.028814167411887828,0.05497100603383797,0.0,0.0
2025-07-17 00:00:00+00:00,-0.02117655687239125,0.02255933655011067,0.0,0.02301652875896825,0.0,0.0,-0.02618119581890973,0.014016845784907847,0.005094153232265995,-0.018578239949738506,0.006617646755485399,0.0,0.0,-0.04997537038701813,0.0,0.0354862647033399,0.0,0.031203473308414505,0.0,0.015083916726181392,0.0,-0.033587964328781764,-0.0463211508458222,0.0,0.022264429315577552,0.01569794699994025,-0.011953543502998255,-0.002198351616517149,0.02446633378704564,0.007486083186935584,0.0340470123011801,0.0,-0.03489970237094805,0.011684404512809816,0.0,-0.0025206489006185276,0.0,0.0,-0.03581011226020009,0.0,0.0,0.0,0.0,-0.010352264911697712,0.020338926885625018,-0.026872181731346156,-0.0030988124952949243,0.0,-0.013762495751588713,0.0,-0.03148439006300777,0.0,-0.002715340340953946,0.0,0.0,-0.004627372092009421,-0.010275789435431403,-0.016087560232694465,0.007105081312789967,0.0,0.0,0.00761515065778952,0.0,0.018015014475222822,0.0,-0.012357804278213634,0.0,0.0019471565330170288,0.008418633140148872,-0.01288008695598324,0.0,0.0,-0.03021086495953626,0.07632691192152292,0.0,-0.01889083450698458,0.0,0.0,0.022652577582056594,0.04567480617735035,0.0,0.0
2025-07-18 00:00:00+00:00,-0.02454450705404813,0.0258063194114338,0.0,0.021828626925874003,0.0,0.0,-0.020426113642830177,0.009164411167663415,0.0029206448634535786,-0.014913160912066289,0.01658732165591742,0.0,0.0,-0.05409041725661958,0.0,0.03751246661890925,0.0,0.008021586673534187,0.0,0.006677092724527597,0.0,-0.031457760947688804,-0.041197052680780215,0.0,0.022054672986619187,0.012313549004708683,-0.006596110906848201,-0.0064622583274654526,0.022784986309022762,0.014306739093793812,0.031777129268922046,0.0,-0.029987020605494408,0.010371416575612644,0.0,-0.005038510388108945,0.0,0.0,-0.024001040059382788,0.0,0.0,0.0,0.0,0.009763055692549564,0.027388466363993513,-0.022526096989239148,0.016302171679308558,0.0,-0.015233656812267328,0.0,-0.035296280478541664,0.0,0.0014103482056870374,0.0,0.0,-0.008746707438293451,-0.01454168853741439,-0.02027708614417807,-0.006005981262883472,0.0,0.0,0.0065729676226557844,0.0,0.006811707382160606,0.0,-0.011519832547265262,0.0,0.01124423856890349,0.0029500311294900976,-0.01535366744676661,0.0,0.0,-0.034958750322556915,0.08138141214066003,0.0,-0.02042714339106909,0.0,0.0,0.022064338213490423,0.03558514387291687,0.0,0.0
2025-07-19 00:00:00+00:00,-0.01742714244541168,0.02544143252501187,0.0,0.023569397400765982,0.0,0.0,-0.026766859377271274,0.008753437047409867,-7.579642143285071e-18,-0.02251305327537683,0.009776446480780864,0.0,0.0,-0.05759498732318652,0.0,0.06007227411172413,0.0,-0.04542258644587286,0.0,0.0015191578809221073,0.0,-0.020789693759193893,-0.06143078897782826,0.0,0.02654296816432793,0.025213198409045203,-0.011312765339966457,-0.016399981065522814,0.021830113422527428,0.03440015296508338,0.04215293555872794,0.0,-0.028731790029880012,0.01319126050583844,0.0,-0.008552539836040587,0.0,0.0,-0.03790869555713598,0.0,0.0,0.0,0.0,0.013323691072205152,0.028215141463727486,-0.024358531930596776,0.012484197099034523,0.0,-0.013872487219533916,0.0,-0.025223281626686408,0.0,-0.0018706131928452237,0.0,0.0,-0.0025909078601835784,-0.013349224076326912,-0.022944339746659114,-0.01762742980910035,0.0,0.0,0.005521790696592271,0.0,0.010509183273158284,0.0,-0.010630084834176875,0.0,0.004714908592929386,-0.01527432622819308,0.012936988961118381,0.0,0.0,-0.040979409678354485,0.10203915537991405,0.0,-0.001466211751667447,0.0,0.0,0.020294815915866977,0.042535084460299855,0.0,0.0
2025-07-20 00:00:00+00:00,-0.03156118202884666,0.02625644824375614,0.0,0.02168209712942184,0.0,0.0,-0.02642167195630875,0.0065168321587882145,0.0,-0.012523258249629968,0.01802659187951571,0.0,0.0,-0.06886920730715465,0.0,0.05290578879721889,0.0,-0.058437158902135196,0.0,0.001700155164178552,0.0,-0.023920917893697293,-0.060250389069343345,0.0,0.02922497222298862,0.028809620352761432,0.001528010825601023,-0.012522417124935889,0.026920843301542024,0.04200506488615022,0.04634960145058226,0.0,-0.02185765958427995,0.012698138644340138,0.0,0.0005831389369671336,0.0,0.0,-0.03119116082378638,0.0,0.0,0.0,0.0,0.02018739982391702,0.035231948626523395,-0.027360304836994066,0.0388328348383565,0.0,-0.016968932932417646,0.0,-0.007291225277357161,0.0,0.004420020807437427,0.0,0.0,-0.0030558843652249714,-0.011830551885780288,-0.02063882248882061,-0.018296287011485612,0.0,0.0,0.0041296749123531,0.0,0.013453919509621642,0.0,-0.02167498697351964,0.0,0.0013153461290729212,-0.01783875954725902,0.02250319617907536,0.0,0.0,-0.03701361914520328,0.02179836993242734,0.0,-0.007202942501766385,0.0,0.0,0.015004616396459794,0.04464270875689016,0.0,0.0
2025-07-21 00:00:00+00:00,-0.03792332877832146,0.03330054936361718,0.0,0.0010372929786272404,0.0,0.0,-0.038345832945974066,0.019302803589943462,0.003339400384890279,-0.009772870604646617,0.02129045052916932,0.0,0.0,-0.049684074749705986,0.0,0.06495339961083368,0.0,-0.08720067789141442,0.0,0.003754342104187479,0.0,-0.016283859288261295,-0.03944684672642646,0.0,0.026966185124341284,0.04356086090122966,-0.004555391088920947,-0.0008451157297443392,0.03255286258262918,0.04678541827095159,0.0602354453942331,0.0,-0.016347858082321556,0.0017398253294906912,0.0,-0.0029419445510132274,0.0,0.0,-0.031348828092550705,0.0,0.0,0.0,0.0,0.029541021874891524,0.04365918457033607,-0.02211414795808359,0.048537455773584946,0.0,-0.019372890973379124,0.0,-0.019151281390529074,0.0,0.006055465203547277,0.0,0.0,-0.002686887000309374,-0.012420622856522212,-0.019217622630682125,-0.01607899688967971,0.0,0.0,-0.006402086459998539,0.0,0.020699300644648786,0.0,-0.013639811974268206,0.0,-0.009823355540547972,-0.02325457680351025,0.017401775772476917,0.0,0.0,-0.03103803528256966,-0.05148606116678595,0.0,0.002195432297968302,0.0,0.0,0.0077279722080036885,0.04674656094656521,0.0,0.0
2025-07-22 00:00:00+00:00,-0.03929148107811604,0.04296173378934334,0.0,0.0003376959011102192,0.0,0.0,-0.036033468658548305,0.003301121400487537,6.874428964475544e-19,-0.009757999982504244,0.019472740395244912,0.0,0.0,-0.05841466350872663,0.0,0.10760353278164865,0.0,-0.09757395073721123,0.0,0.0017378147782665737,0.0,-0.031491200704798675,-0.03679533924181794,0.0,0.016198689228617603,0.042747089353556075,-0.009309168082374919,0.001546818380048776,0.025213314794805878,0.0303099497246106,0.06441194668775124,0.0,-0.02460534323829916,0.010135237472170945,0.0,-0.003148332741837394,0.0,0.0,-0.02333113201439786,0.0,0.0,0.0,0.0,0.03386634969103284,0.04665081113022305,-0.02475662616976324,0.044492362574881365,0.0,-0.020712394331509405,0.0,-0.012019826833714798,0.0,0.0038168746921149617,0.0,0.0,0.001463537873046935,1.1636676315250278e-18,-0.01968152418887676,-0.01878144393327342,0.0,0.0,-0.005642773531635373,0.0,0.0164025381945833,0.0,0.01751550280298412,0.0,-0.012502828243410579,-0.02676720060058827,0.024494768015122965,0.0,0.0,-0.024949295280587355,-0.06648229373268925,0.0,-0.003619437733337453,0.0,0.0,0.0061074534892669174,0.04487984141709945,0.0,0.0
2025-07-23 00:00:00+00:00,-0.04533820759015559,0.03762834707218843,0.0,-0.0035218338404833776,0.0,0.0,-0.033368468801259564,-0.0058194930703198795,-0.007280895543139843,-0.020043686724873055,0.0207155323256127,0.0,0.0,-0.05539241045868593,0.0,0.11846513785705842,0.0,-0.07306973079749829,0.0,-0.004231608002798481,0.0,-0.031523186710680606,-0.03532776402270157,0.0,0.015765401549673368,0.032735507585004965,0.006841430676474722,-0.0231379109979828,0.024833404263907306,0.027071044317769247,0.04655577672094916,0.0,-0.005408680211738989,0.009860471789460935,0.0,0.0005576641718902212,0.0,0.0,-0.0181321551975388,0.0,0.0,0.0,0.0,0.03069736535193422,0.038801942612837904,-0.02721422963376897,0.03869843410402602,0.0,-0.022615797207531155,0.0,-0.019224724940513204,0.0,0.007512707979617553,0.0,0.0,-0.0024509357231257242,-0.007620664793798533,-0.026143328466810167,-0.015157126963472937,0.0,0.0,-0.01447306254333528,0.0,0.015198560417498659,0.0,0.031478757688158394,0.0,0.007009865798096332,-0.023954414761924257,0.01383498696115956,0.0,0.0,-0.03923691533283192,-0.008516722621857743,0.0,0.0015137492708690603,0.0,0.0,0.003560608161537647,0.038867258283101856,0.0,0.0
2025-07-24 00:00:00+00:00,-0.0470866245669,0.023933470181161993,0.0,-0.0,0.0,0.0,-0.0363141669062761,0.004084731607239674,-0.0011857389620475447,-0.02399496000948551,0.014551932307928202,0.0,0.0,-0.02870591184406399,0.0,0.11267354350672795,0.0,0.01692326720098435,0.0,0.0021072167636408527,0.0,-0.027017331779408894,-0.011056138195805308,0.0,0.016889597506090148,0.017810303067770126,-0.012918481134429826,-0.016539738710617452,0.026779377901215203,0.021258979403257994,0.04117682003514225,0.0,-0.02328519356368183,0.008374825955820783,0.0,-0.01016651722390377,0.0,0.0,-0.025556900345214927,0.0,0.0,0.0,0.0,0.023017025652225187,0.035051514599565445,-0.028504749928539738,0.033303766409219046,0.0,-0.017405619799685478,0.0,-0.018237134026998114,0.0,0.004096067582002686,0.0,0.0,-0.012528556031682566,-0.0035524401764997276,-0.02474343495517146,-0.01919431748636958,0.0,0.0,-0.023320329796343513,0.0,-0.022721062521910074,0.0,0.017683834223466678,0.0,-0.009109431776093795,-0.010261344501513333,0.01538006991598002,0.0,0.0,-0.039235564805598866,0.015358791092158649,0.0,0.01331279155083038,0.0,0.0,0.005874635874077651,0.02299912671173607,0.0,0.0
2025-07-25 00:00:00+00:00,-0.044850705079705254,0.01513396477153966,0.0,-0.001362550856821992,0.0,0.0,-0.0441415809097631,0.006879179824790773,0.004629719942202758,-0.026515145904634132,0.012277750070368269,0.0,0.0,-0.011811114879416749,0.0,0.0944967236683534,0.0,0.015387128035659068,0.0,0.002606567097351712,0.0,-0.02726276409960032,-0.008900310833050281,0.0,0.016214221841894284,0.014675018806993154,-0.018286080419161854,-0.017233937114106423,0.027216691639738468,0.0194022859202512,0.03881409374003527,0.0,-0.023550046198772313,0.009799832268354467,0.0,-0.013835791059275387,0.0,0.0,-0.02254184411585439,0.0,0.0,0.0,0.0,0.019089950672727174,0.024182433314792952,-0.03304518362994722,0.03152491853741156,0.0,-0.013720823505519567,0.0,-0.020206909485719366,0.0,0.0,0.0,0.0,-3.3112334285190866e-18,-0.0017037931536715508,-0.01834604970793098,-0.010516535722569099,0.0,0.0,-0.020429007650982017,0.0,-0.020499551422374626,0.0,0.012350563639020743,0.0,-0.017498860000711918,-0.001880386026857189,0.013570782221161285,0.0,0.0,-0.03244574523420728,0.0448409057956611,0.0,0.01628632856969554,0.0,0.0,0.006266703532871363,0.004938953099778764,0.0,0.0
2025-07-26 00:00:00+00:00,-0.05153382607050481,0.02069143117491101,0.0,-0.004543595564714781,0.0,0.0,-0.05522468675974021,0.014611650480876329,-0.0011351556265271482,-0.031323943525918836,0.025175932169709533,0.0,0.0,0.00457915113278027,0.0,0.13572305803192278,0.0,-0.03543011328879849,0.0,0.004555604109168148,0.0,-0.037770970300825754,-0.027075244688856276,0.0,0.028513642723486488,0.009938611029499361,-0.018562250827885537,-0.012345959202346267,0.04041183153910186,0.01840694585290914,0.05919826142738908,0.0,-0.032105802833587896,0.00650515642602056,0.0,-0.02204475527313352,0.0,0.0,-0.016091370160323675,0.0,0.0,0.0,0.0,0.025191088332210825,0.040035785972643546,-0.022134840648034764,0.04561056213230012,0.0,-0.020456165107222167,0.0,-0.03440082930046953,0.0,0.009323978920425986,0.0,0.0,-0.006396652644519497,-0.005971176826143194,-0.02805572296225802,-0.014242420830411709,0.0,0.0,-0.021923051363350283,0.0,-0.01986591149813734,0.0,0.02531686803298579,0.0,-0.013304931540443146,0.011743074487899689,0.012458755481478722,0.0,0.0,-0.030668512373231774,0.005768119921609019,0.0,0.016176129739099473,0.0,0.0,0.004867672833231629,-0.002195422734274611,0.0,0.0
2025-07-27 00:00:00+00:00,-0.04667129167209617,0.016279544696663976,0.0,0.005066073242319762,0.0,0.0,-0.04730220825426876,0.010972579464138668,0.0024009888083056092,-0.028649069730360906,0.026359715642879932,0.0,0.0,0.0018819130823298797,0.0,0.11083465162372404,0.0,-0.02529756227589608,0.0,0.002994001693127306,0.0,-0.025195975707648643,-0.022048432608949613,0.0,0.02637553250077131,0.005810569198872103,-0.023478510678551376,-0.023381135351773545,0.035196055385293155,0.005150779389031081,0.04497250864102107,0.0,-0.022646144731537976,0.005258324784290935,0.0,-0.020712753203582675,0.0,0.0,-0.016169893185874272,0.0,0.0,0.0,0.0,0.015600918988433346,0.029367801225727425,-0.02644980963861255,0.02627577702220079,0.0,-0.01423773487521157,0.0,-0.045457477500368715,0.0,0.010868790239266115,0.0,0.0,-0.004780008001765773,-0.0,-0.02196206908286134,-0.018103355471342973,0.0,0.0,-0.010652973510661563,0.0,-0.020527846903894663,0.0,0.017531098595623587,0.0,-0.011214815824406586,0.020965294107581522,0.002771994656625172,0.0,0.0,-0.030345520601122195,0.06411340879002624,0.0,0.017340080875176876,0.0,0.0,0.0032443854085220376,-0.0023481992511639144,0.0,0.0
2025-07-28 00:00:00+00:00,-0.046715361079736534,0.013647586705648735,0.0,0.0033053601309516634,0.0,0.0,-0.05015654505645452,0.0,-0.0002119089326407918,-0.03544719362121579,0.032659356770530154,0.0,0.0,0.013129297116455638,0.0,0.09824142722036738,0.0,-0.005876079925593191,0.0,1.3914914055924755e-18,0.0,-0.018782385821479848,-0.05179890033248455,0.0,0.023381650805737796,-0.005190175611149042,-0.02267214157420656,-0.016821944385980267,0.04147547592401725,0.009718178469678781,0.0504176732850393,0.0,-0.01912475724945659,0.007288472841661981,0.0,-0.01927888297030758,0.0,0.0,-0.017882517140169453,0.0,0.0,0.0,0.0,0.018248400131567408,0.03614700462712801,-0.023344882143596403,0.02411087661114621,0.0,-0.015521337376690356,0.0,-0.04863377924398365,0.0,0.015311340438677604,0.0,0.0,-0.003773623775227479,0.009930569720764842,-0.0154993271712355,-0.021708326824075076,0.0,0.0,-0.023005972321517385,0.0,-0.035253998812770686,0.0,0.020418953972761205,0.0,-0.004337068611344953,0.022764452682787397,0.008823852034844946,0.0,0.0,-0.03623527951582924,0.06509127069180562,0.0,0.018683263877184723,0.0,0.0,0.000425219915249048,0.00405270552313978,0.0,0.0
2025-07-29 00:00:00+00:00,-0.032593976603580536,0.006634674472054671,0.0,-4.028550065962855e-18,0.0,0.0,-0.03818569778104701,0.005083187544456039,0.005970138432868761,-0.01485002323347948,0.026377491689657657,0.0,0.0,0.016994457813637724,0.0,0.06734048826214999,0.0,-0.004339459016585033,0.0,0.0015977637170426892,0.0,-0.01931348896527482,-0.03453839196869199,0.0,0.021348603139308982,-0.0007780849780874838,-0.017211466822010413,-0.0175726917210504,0.027412105499767917,0.010323265597467475,0.03905300002379988,0.0,-0.014542281511725801,0.006044766606130591,0.0,-0.01387464031433298,0.0,0.0,-0.013388725590027307,0.0,0.0,0.0,0.0,0.013532316690122653,0.017247356952115274,-0.035410137446709955,0.014900082707844832,0.0,-0.009001577898233887,0.0,-0.03733695069082861,0.0,0.0017270368460599748,0.0,0.0,0.009371137437102455,0.00958459633701169,-0.010841265476495303,-0.01195503687675564,0.0,0.0,-0.018494069883949422,0.0,-0.023440957453965818,0.0,0.006845244708090558,0.0,-0.0105876935663482,0.007507832719732019,0.005148465184021018,0.0,0.0,-0.03330163605328348,0.07470104476944006,0.0,0.012152179377999239,0.0,0.0,0.0020497924237227612,0.0026112249008586603,0.0,0.0
2025-07-30 00:00:00+00:00,-0.03429356988906201,0.006152302453326437,0.0,0.008163667994740557,0.0,0.0,-0.04447759722964166,0.009952434515316739,-0.0,-0.012187188709585427,0.019893033070947225,0.0,0.0,0.013015421595699834,0.0,0.062061218324651564,0.0,0.018662962782615724,0.0,2.964986818430312e-18,0.0,-0.00851327501013787,-0.026779721501048962,0.0,0.025770966753736805,0.0013114848847598053,-0.026715273188459034,-0.023160353137425788,0.02986516029230869,0.009558833347727605,0.04380302438153082,0.0,-0.023166127704521054,0.014655619176514709,0.0,-0.013808973167845058,0.0,0.0,-0.02270157754694348,0.0,0.0,0.0,0.0,0.013616292189251835,0.018363817145838675,-0.04837291514370946,0.00924319392171529,0.0,-0.008734931222158097,0.0,-0.04907231802474814,0.0,0.007785105051969882,0.0,0.0,0.008401347794629772,0.016675817119562838,-0.0028357020148582174,-0.020224028931282723,0.0,0.0,-0.013247045240066785,0.0,-0.03085487558209505,0.0,-0.0028559768555890697,0.0,-0.009863821901167993,0.011191141919914088,0.01292082034469284,0.0,0.0,-0.04352997095494748,0.07296863061465468,0.0,0.017286718287049873,0.0,0.0,0.008419297791098217,0.005656931201038955,0.0,0.0
2025-07-31 00:00:00+00:00,-0.04404270798925344,0.008518773979493665,0.0,-3.748935883358735e-18,0.0,0.0,-0.038335598657920716,0.011390174131514892,-2.9527135663375523e-18,-0.03613584998210495,0.017183881467828413,0.0,0.0,0.02028897821562711,0.0,0.06318387225558125,0.0,0.027070300541124907,0.0,6.4621599138780286e-18,0.0,-0.02291563013204723,-0.035212385741798496,0.0,0.027641214628952714,-1.7081783858281046e-18,-0.03630959544024964,-0.016945328680564874,0.031062281293248298,0.007465771808484991,0.04994017439838987,0.0,-0.021671683149294664,-3.298327221586145e-19,0.0,-0.014321713719523182,0.0,0.0,-0.004733299602692863,0.0,0.0,0.0,0.0,0.015537464815288015,0.022707128062201386,-0.04213011914035742,0.027085481979528397,0.0,-0.0034203948437238185,0.0,-0.05907319573928346,0.0,0.006893879636775362,0.0,0.0,0.01583937834677561,0.01842401541303009,-0.0010198825296830972,-0.020739364384590262,0.0,0.0,-0.008430772285967267,0.0,-0.03586002850374043,0.0,-0.01247564578838655,0.0,-0.008854483980110281,0.020145408206928055,0.0122404964366292,0.0,0.0,-0.047189385801618966,0.05959443763777975,0.0,0.0237591860320527,0.0,0.0,0.009774836261482905,0.014069930544193953,0.0,0.0
2025-08-01 00:00:00+00:00,-0.05028567953853568,0.0027911069131235835,0.0,0.006290719810947697,-0.05348075480198468,0.0,-0.03497817443588457,0.013664388591629875,-5.1296358229255455e-05,-0.043833253070720606,0.018585166957608153,0.0,0.0,0.020972022163408627,0.0,0.07122879262116769,0.0,0.011083690411146364,0.0,0.004097682359913783,0.0,-0.010105077787135305,0.0,0.0,0.02462311473442995,0.005999087665038324,-0.024586384147228316,-0.02324559881373782,0.027288951218474324,0.007604883482976217,0.05193990270221985,0.0,-0.02386918531568607,0.013486457149537265,0.0,-0.014355282156739342,0.0,0.0,-0.004738086385665547,0.0,0.0,0.0,0.0,-2.8003038515783768e-18,0.016425970631473902,-0.04369688598009495,0.017916763698995884,0.0,0.0,0.0,-0.04708483281710857,0.0,0.004047390769486509,0.0,0.0,0.01437487766844373,0.018157535739402944,-0.0,-0.019747041292638337,0.0,0.0,-0.007269849590695762,0.0,-0.033120974786579986,0.0,0.005693505383507407,0.0,-0.01635270402952786,0.020526480403933574,0.009381840067684675,0.0,0.0,-0.044230097395032586,0.06965894632467903,0.0,0.019425366073587753,0.0,-0.0,0.011671023033742779,0.008095492126665346,0.0,0.0
2025-08-02 00:00:00+00:00,-0.049284932179613564,0.005612413416898831,0.0,0.015758741508236123,-0.052581501244314655,0.0,-0.031015287676912813,0.01097247099957645,-0.006122033206003317,-0.03195790302018586,0.015877905243191083,0.0,0.0,0.02102176678311663,0.0,0.06442078651499093,0.0,0.0043448729039794595,0.0,0.005938124828865199,0.0,-0.006885653418536439,0.0,0.0,0.022735653937128522,0.004002244357725816,-0.026521411959347603,-0.027571968902171423,0.023886368759129268,-0.002582808514966535,0.04511582441577,0.0,-0.03533700350091575,0.014013099054778886,0.0,-0.012796803224444143,0.0,0.0,-0.017736323092719206,0.0,0.0,0.0,0.0,-2.8647026980194964e-18,0.009885064155825936,-0.03447846956476671,0.037208486353786034,0.0,0.006963157979663854,0.0,-0.048188526291513635,0.0,-0.011478673328790797,0.0,0.0,0.011138583935905038,0.015395573840088916,-0.0,-0.01228023830654435,0.0,0.0,-0.008156680200101279,0.0,-0.03133307924374997,0.0,-0.0047131930302052915,0.0,-0.015368775672432472,0.021128725151085832,0.010937444500400776,0.0,0.0,-0.04376098731938152,0.08128680382320419,0.0,0.01551794237484466,0.0,0.0064631923117274975,0.0196612866208128,0.020865719126884747,0.0,0.0
2025-08-03 00:00:00+00:00,-0.055988058628055934,0.007586675080066111,0.0,0.021092640944631928,-0.056283202044535824,0.0,-0.039236130482142535,0.015100845513328898,-0.007042303953643685,-0.04132599309522728,-0.003514423303442152,0.0,0.0,0.025872317401385216,0.0,0.04759401577780633,0.0,0.020723594922391776,0.0,0.007535907561553585,0.0,0.010082923072821543,0.0,0.0,0.02430869491349061,0.0033476427634654827,-0.03318747691079928,-0.016548809919580063,0.010087005322531725,-0.007909895611989747,0.04737552824905226,0.0,-0.03707222217231962,0.02067986386839801,0.0,-0.012937064427801534,0.0,0.0,-0.017027677025262433,0.0,0.0,0.0,0.0,0.006689175332927642,0.0022752564251242867,-0.025779896699576102,0.04298845217818906,0.0,0.00950384700430361,0.0,-0.05025594565974076,0.0,-0.020101226510854168,0.0,0.0,0.015738826502083043,0.019190810037426786,-0.0,-0.010855880531113271,0.0,0.0,-0.012761788230693351,0.0,-0.032607651288965686,0.0,-0.005079255304554617,0.0,-0.013302356509542802,0.014857117393140688,0.007971915735732053,0.0,0.0,-0.045237796544467634,0.09522913560545351,0.0,0.018733349500557737,0.0,0.011245521806524538,0.023653388199666704,0.014590603742255449,0.0,0.0
2025-08-04 00:00:00+00:00,-0.052485991259529484,0.02266121997801011,0.0,0.02574247730345681,-0.05810091826431254,0.0,-0.04099932536301005,0.006362044247612182,-0.0014319997480355157,-0.01993066459510057,-0.007149608762186195,0.0,0.0,0.017287858553396405,0.0,0.0037900336718977128,0.0,0.05200015580848596,0.0,0.005547882616512147,0.0,-0.0,0.0,0.0,0.033006761019465355,-1.838903864513488e-18,-0.033195868929108564,-0.03291780291338435,0.013835676292491363,0.0,0.04646497174191598,0.0,-0.040320499151130056,0.024521899479139433,0.0,-0.015074935688210944,0.0,0.0,-0.008951331137840302,0.0,0.0,0.0,0.0,0.011248133034671792,-0.0,-0.03149910544028039,0.04461806993591083,0.0,0.009911549787738928,0.0,-0.05032416136678657,0.0,-0.013561764595185844,0.0,0.0,0.018293014200196585,0.012744753677828334,-0.0008415937664253642,-0.01321906115145991,0.0,0.0,-0.0171293980354562,0.0,-0.028170857694824532,0.0,-0.0048835698832385335,0.0,-0.024819049996456153,0.012524495182931476,0.010265843059015681,0.0,0.0,-0.051551596030649474,0.09514724711960801,0.0,0.017697395854657787,0.0,0.011088798054541512,0.027820018152781942,0.023978805000345254,0.0,0.0
2025-08-05 00:00:00+00:00,-0.05761471333930116,0.01534175425077258,0.0,0.020817395777508657,-0.05434411669005658,0.0,-0.04475451703463656,0.012252448305101686,-9.619296740022794e-18,-0.049291191162379205,0.00203443963894246,0.0,0.0,0.029915324753096925,0.0,0.005467570905791043,0.0,-0.010102650486220065,0.0,0.006269921780069845,0.0,0.012332505647853875,0.0,0.0,0.029001109743176882,-0.0004776106182241296,-0.029360533377241732,-0.009627012547098893,0.03224189365134345,0.01838446265245334,0.058216473974581295,0.0,-0.0388734647924874,0.01831240297994744,0.0,-0.011912090653166337,0.0,0.0,-0.009952500297409584,0.0,0.0,0.0,0.0,-0.005711017654165638,0.013788398492752103,-0.019528149161615944,0.05322342969072903,0.0,0.01567647126097633,0.0,-0.050031098785217935,0.0,-0.010244774119146698,0.0,0.0,0.014238164043198685,-2.5094925675831114e-18,-0.0062468363699765715,-0.02558666304093874,0.0,0.0,-0.016518493259776144,0.0,-0.03176267712314033,0.0,-0.02081154827966209,0.0,-0.02558278402483683,0.011142762252811031,0.010877974561649736,0.0,0.0,-0.041272428966992944,0.1081498794519244,0.0,0.029398912918679566,0.0,-0.0019242553728328008,0.02739558205663876,0.02705184836652529,0.0,0.0
2025-08-06 00:00:00+00:00,-0.06346969095482428,0.011888769313676445,0.0,0.02983117127043916,-0.07265653861592287,0.0,-0.03627345995412044,0.013904764189876403,-2.0226817677706215e-18,-0.04128169693720199,-0.0031496319723660305,0.0,0.0,0.03223518664450006,0.0,0.0032627642260101104,0.0,-0.015146108366995776,0.0,2.076281382337414e-18,0.0,0.023494861201240187,0.0,0.0,0.03888658785226943,-0.00602135104988708,-0.021366897983045016,-0.0017500618704476745,0.030252182126415374,0.014712974029929323,0.056821500296443346,0.0,-0.04697127947592959,0.018238350569939745,0.0,-0.014675973553498043,0.0,0.0,-0.020080894006645093,0.0,0.0,0.0,0.0,-3.7131252355458916e-19,0.010083178747665527,-0.02112414150186091,0.056975496850913215,0.0,0.017189188454519614,0.0,-0.05363252191945056,0.0,-0.004174154040841982,0.0,0.0,0.021134245917139985,0.021455798677807007,-0.007299438884008617,-0.026715497743372976,0.0,0.0,-0.0201816073314646,0.0,-0.040125403032270406,0.0,-0.03828533351605303,0.0,-0.026048001717636337,0.017795985011589528,0.006644145204892825,0.0,0.0,-0.056476455669417204,0.11837029796897788,0.0,0.035486711893155484,0.0,-0.0017675936489381172,0.03188493188447758,0.028124641414320462,0.0,0.0
2025-08-07 00:00:00+00:00,-0.04000698408959153,0.030114646543711154,0.0,0.032687030212357755,-0.06493131949721183,0.0,-0.06010786061482444,0.010673642206178337,-0.0,-0.0070014369044723345,0.0185945185981531,0.0,0.0,0.0184967795458154,0.0,0.026607999122542907,0.0,-0.05871443292581492,0.0,0.0,0.0,0.023790531444145214,0.0,0.0,0.021305436040218784,-0.006212294348020586,-0.01876255567177379,0.022984316829548983,0.018437724070255204,0.002286365745793627,0.05865276444116992,0.0,-0.03131896717536455,0.020409861655305287,0.0,-0.01766917675123542,0.0,0.0,-0.04424788947975322,0.0,0.0,0.0,0.0,-0.0,0.005105098000529428,-0.031630836608428886,0.062359673018547536,0.0,0.017066184491824603,0.0,-0.06821538777095423,0.0,-0.01544516511878204,0.0,0.0,0.028748361987832764,0.027865646395792372,-0.011514887321077612,-0.026965125568807986,0.0,0.0,-0.020297784424748905,0.0,-0.03085533310326408,0.0,-0.04163211691786479,0.0,-0.0332987558357545,0.02160179054669098,-0.0,0.0,0.0,-0.06748624189386704,0.13088219937447512,0.0,0.04350529760704306,0.0,-0.009641935454167997,0.036083041373419014,0.027697578224430107,0.0,0.0
2025-08-08 00:00:00+00:00,0.0034551334959572904,0.024061380272941697,0.0,0.02623145097271715,-0.053662341406629656,0.0,-0.0634821046535573,-0.004456785672143785,-5.7176941880471725e-18,-0.020792734896459716,0.0031199505209365238,0.0,0.0,2.167882495203465e-17,0.0,0.002498180427179548,0.0,0.0,0.0,6.73261456928976e-18,0.0,0.029645109653583402,0.0,0.0,0.008405129974581886,-0.003748276764243092,-0.010318537319004015,0.014851521868253375,0.016155936962552627,-0.007298645347439169,0.05923715093506453,0.0,-0.033667909712103844,-2.372980632639295e-17,0.0,-0.007898541230099339,0.0,0.0,-0.03776918898550236,0.0,0.0,0.0,0.0,0.03339578705925148,0.043116042499592604,-0.0253242607101398,0.05681027071585121,0.0,0.006119102640052396,0.0,-0.07223307683605244,0.0,-1.3823486369655715e-18,0.0,0.0,0.030571734285706902,0.023446250238149446,-0.01765715730104412,-0.03859845098975714,0.0,0.0,-0.024934489699031146,0.0,-0.048458472634630774,0.0,-0.04617463445220752,0.0,-0.02323571574649791,0.013058990015000663,0.008167820198434754,0.0,0.0,-0.05882882526862136,0.11641272115358423,0.0,0.04110509306165686,0.0,-0.02112275295797255,0.02649017957999909,0.033307966052089334,0.0,0.0
2025-08-09 00:00:00+00:00,-0.007639204508705212,0.009029130101231254,0.0,0.012529492870670166,-0.036031244546560905,0.0,-0.027828131785654336,0.008091486638351316,0.022540670581213035,-0.007182463136440904,0.01529829407880468,0.0,0.0,1.4783652092936623e-17,0.0,0.01842652612616081,0.0,-0.06092951779036735,0.0,1.5288196344910114e-18,0.0,0.0293808259325966,0.0,0.0,-0.008047053124479737,0.008551272822380048,0.002272630558692913,0.02665561465605851,0.02527178763763837,0.01569458217295161,0.08072650390662042,0.0,-0.029465593724010003,-0.006150308710384429,0.0,-0.0050148901510782,0.0,0.0,-0.043484047883873514,0.0,0.0,0.0,0.0,0.044025734936660635,0.06000001573212506,-0.01339229344575678,0.06396428260169848,0.0,0.00830173812499009,0.0,-0.0711313732457556,0.0,-0.004995588554042838,0.0,0.0,0.03667351382177143,-0.000564154002322151,-0.03251757669530364,-0.01924989264445624,0.0,0.0,-0.027529446328235962,0.0,-0.039773766809561566,0.0,-0.03993709800092076,0.0,-0.04908064625959445,-0.0034174057391199416,-0.01299303408464466,0.0,0.0,-0.06762707777558093,0.06986147818038702,0.0,0.04580521539445406,0.0,-0.026675735089398148,0.0220699111589978,0.015486836001793892,0.0,0.0
2025-08-10 00:00:00+00:00,0.01823831992825289,-0.008113678655998964,0.0,-0.01131452820359545,-0.008778512110242664,0.0,-0.028939148776058642,0.01755458051423287,0.04145917242162018,-0.015039685070889139,-0.009885419484704923,0.0,0.0,-0.020433054248827638,0.0,0.028195781108454644,0.0,-0.17503303422130323,0.0,-0.00028158541020369853,0.0,0.05469208863286909,0.0,0.0,-0.013655938186917363,0.019593639907267556,0.0036347609785234106,0.03506383270151774,0.014320835427968944,0.03872556442994317,0.10263634012076212,0.0,-0.02185614645925144,-0.021021551037450667,0.0,0.00882065391128816,0.0,0.0,-0.006645363112774772,0.0,0.0,0.0,0.0,0.04951059514869686,0.0702907039972628,-0.0035747339205855024,0.028668383525097596,0.0,0.018581577329162702,0.0,-0.03492742666657318,0.0,0.004527608370302317,0.0,0.0,0.04450192724798131,-0.0024250843785513132,-0.02951713142281775,-0.00716681318441838,0.0,0.0,-0.02685015216368162,0.0,-0.022661227550558372,0.0,-0.02752724583520345,0.0,-0.05372916980015399,-0.028282900293256214,-0.008607245319479876,0.0,0.0,-0.05798161040089396,0.04040236975794561,0.0,0.03768099352131552,0.0,-0.04235773613496774,0.006041681432130208,0.0034647116367642525,0.0,0.0
2025-08-11 00:00:00+00:00,0.025500756477380985,-0.015008549279404758,0.0,-0.006298181144371088,-0.010412295192923004,0.0,-0.04744450112535941,0.02810947445388859,0.04816146363276379,-0.07456775919146442,-0.031006836023344732,0.0,0.0,-0.05618141090362688,0.0,0.0,0.0,0.030745010630811746,0.0,8.015912324200515e-19,0.0,0.07180521157076752,0.0,0.0,0.003218620222882636,0.009252055074965954,-0.025890744020255874,0.03939598359708957,0.02611108958873648,0.03494385534357597,0.1023352457862197,0.0,-0.0374702743637137,-0.005896254402181539,0.0,0.01451124138574243,0.0,0.0,-0.025147704745578505,0.0,0.0,0.0,0.0,0.07289329956081933,0.07676965481896048,-0.02284196644486592,0.044088176596720874,0.0,0.014913400181751246,0.0,-0.055989914146760626,0.0,-0.021950665332695504,0.0,0.0,0.0555900184367693,-0.007741898984411166,-0.038860149607669446,-0.023249155541044907,0.0,0.0,-0.050408703316230846,0.0,-0.04160479627504865,0.0,0.010440405020375269,0.0,-0.06043017109096334,-0.03156549292965183,0.014393131250891584,0.0,0.0,-0.07879773806659782,0.039416480557455384,0.0,0.04892755181908217,0.0,-0.035719968050283116,0.007728379980079016,-0.014765375809282954,0.0,0.0
2025-08-12 00:00:00+00:00,0.009193417269914612,0.007659365422232791,0.0,-0.0,-0.00844531120651268,0.0,-0.014249383236637096,0.0068370355672333636,0.020813077949881405,-0.01666282554176167,-0.03237679043064825,0.0,0.0,2.6204075267950745e-19,0.0,0.015192379059524313,0.0,0.041841860234765126,0.0,-0.04213280408180939,0.0,0.02050001145786873,0.0,0.0,-0.008331429531795144,0.005658862429230024,-0.008694607817543047,0.01536827409140604,0.014130822580460752,0.014446835328390679,0.04468866009691541,0.0,-0.03395844022166623,-2.253814434335224e-17,0.0,0.011327214032318216,0.0,0.0,-0.025208438400460616,0.0,0.0,0.0,0.0,0.039973024989697445,0.03586404497876773,-0.026982989530448757,0.003975840058973966,0.0,0.0,0.0,-0.037406447008883,0.0,-0.01298956395880572,0.0,0.0,0.018506948107223788,-0.0012000075616531447,-0.02150809319422651,-0.01648278485950672,0.0,0.0,-0.018531090830289632,0.0,-0.019018900882028292,0.0,-0.008840485024282625,0.0,-0.024352785258672047,-0.0007363505183265553,-7.524832072557106e-19,0.0,0.0,-0.05091151825299585,0.05697112487347459,0.0,0.030034599948437515,0.0,-0.012662841713252642,0.020421010995494423,0.008279479589994697,0.0,0.0
2025-08-13 00:00:00+00:00,0.02399056029193242,0.02352257985195631,0.0,-0.011229749031052021,-0.013398242971468105,0.0,-0.017885944976172578,-0.019145583055811374,0.02927193975988516,-0.025336292913647904,-0.013781341775609031,0.0,0.0,0.003263728311254428,0.0,0.03639796334617272,0.0,0.017147550206537236,0.0,-0.043808990907433114,0.0,0.022583968521906136,0.0,0.0,-0.014213649876010532,0.0035367352620768707,0.010253948535745544,0.02593375479142422,0.008347233285263494,0.01570750607545723,0.04882091551010584,0.0,-0.01341234445753021,-0.005295169062012877,0.0,0.013991041424180749,0.0,0.0,-0.013477363315488823,0.0,0.0,0.0,0.0,0.04265832189056239,0.039880427648458325,-0.018028524680515308,0.00864607207594719,0.0,0.0,0.0,-0.040739732914816695,0.0,-0.009218844185993497,0.0,0.0,0.021206104607062837,-0.006652174901378974,-0.006366090234959873,-0.0,0.0,0.0,-0.025249190006252416,0.0,-0.02513663731203488,0.0,0.020730468423352105,0.0,-0.0435440630764139,-0.010453575939906133,-0.009363408371455407,0.0,0.0,-0.03291596864918815,0.02223415901721143,0.0,0.031741381102938254,0.0,-0.01848740959560094,-0.015947204491984154,-0.01677886323669412,0.0,0.0
2025-08-14 00:00:00+00:00,0.016788310906213116,0.028292653902529656,0.0,-0.02209760523424866,-0.008329693735350939,0.0,0.003212012643841429,0.002059736062223014,0.03755973445621977,-0.008631380455211404,-0.006033581660011344,0.0,0.0,-0.04424649911254817,0.0,0.029000241416691854,0.0,0.04050288773212722,0.0,-0.03854147872692089,0.0,0.009187527261349223,0.0,0.0,-0.014182212153592503,-0.004365804885866001,0.006033818934840389,0.0268938809016433,-0.012327080253144112,0.007665898970170185,0.05052813726448075,0.0,-0.008741314152430868,-0.010818383844798888,0.0,0.01936666163351013,0.0,0.0,0.008302882975330966,0.0,0.0,0.0,0.0,0.03711897791941979,0.0366238286579012,-0.02665793437731514,0.004820976502117928,0.0,9.64172280879193e-18,0.0,-0.03275719279083886,0.0,0.015509586721000094,0.0,0.0,0.03162848176414607,-0.0068541660047157305,-0.006101255093564679,-0.02811345063583933,0.0,0.0,-0.024670558975451617,0.0,-0.022255222994439224,0.0,0.021312681146894052,0.0,-0.033840343975887185,-0.025746442952944423,-7.129694004509893e-18,0.0,0.0,-0.041814612865356454,0.04838953812890522,0.0,0.030578955011926992,0.0,-0.0182332578002147,-0.02927604225383041,-0.03674189597896082,0.0,0.0
2025-08-15 00:00:00+00:00,0.012313915831448873,0.03004949626797959,0.0,-0.015699760872076494,-0.017441167394651968,0.0,0.008364161101642965,-0.003342990308462442,0.03156911468761907,0.001282484301297118,0.004949782626593878,0.0,0.0,1.4706233830701006e-17,0.0,0.03147306163155888,0.0,2.2034714449990214e-18,0.0,-0.045057320793224734,0.0,-0.005763925843303815,0.0,0.0,-0.009044247939861643,0.0029800920978700534,0.008684777737450619,0.01825535358209197,-0.016307124373445347,0.008278452198468934,0.03521888196247788,0.0,-0.011617567160052729,-0.0015783309845445613,0.0,-2.2070548623457735e-18,0.0,0.0,-0.007977841851062796,0.0,0.0,0.0,0.0,0.029941714523315257,0.027169605042381507,-0.02211562769831348,0.004221849881718723,0.0,0.0,0.0,-0.024556013920338942,0.0,0.01912028527738651,0.0,0.0,0.022320515427134237,-0.003426789767259674,-0.006967908996793897,-0.021874255506911387,0.0,0.0,-0.02438864828501307,0.0,-0.026904863015918736,0.0,0.021362165626329806,0.0,-0.022256223499036287,-0.013572944312368123,-3.006485048816603e-19,0.0,0.0,-0.03811608490580304,0.04599361975216535,0.0,0.019990107379702207,0.0,-0.004898594353963523,-0.016388768459201838,-0.02424243669502487,0.0,0.0
2025-08-16 00:00:00+00:00,0.01202586409844755,0.03238475781483123,0.0,-0.007416162154094516,-0.027373690805583217,0.0,0.005469039435102871,-0.0022917363265027575,0.03333357723770332,-0.02470669645155559,0.013069185360005836,0.0,0.0,0.0030328044662013376,0.0,0.03330508079315307,0.0,0.010610471254794987,0.0,-0.04564433847145109,0.0,-0.010371035407164364,0.0,0.0,-0.020416188693099774,0.010436781062307839,-0.0038526371927080413,0.021744720776077243,-0.015461288125986784,0.007917836242759217,0.034450316154146884,0.0,-0.014014459806800906,-0.017290001853887793,0.0,-4.0175191345791625e-19,0.0,0.0,-0.0036601775915669882,0.0,0.0,0.0,0.0,0.03016964236072652,0.02584618418474296,-0.022314029521111316,0.002928631125423104,0.0,0.0,0.0,-0.01472838356617871,0.0,0.020106164931453563,0.0,0.0,-0.0,-0.0,-0.009072904315631082,-0.027730670272138658,0.0,0.0,-0.013959243781519783,0.0,-0.029830434521562508,0.0,0.020621533883219696,0.0,-0.0157216938157902,-0.0010796540495027005,-4.2038957445446295e-19,0.0,0.0,-0.03476236561612071,0.04630646834240012,0.0,0.019118006748080476,0.0,-1.3679598110446185e-17,-0.00021804606168522814,-0.020961227869935126,0.0,0.0
2025-08-17 00:00:00+00:00,-0.006298452040557645,0.03303533578125413,0.0,-0.004980317587670911,0.004592884592458597,0.0,0.00444972970365675,-0.009637920368287391,0.034875321752964546,-0.019436972566366225,0.017606370961520297,0.0,0.0,0.0025572446636716447,0.0,0.04703831823983419,0.0,0.003261081797381136,0.0,-0.044918262855230255,0.0,-0.03058955682957788,0.0,0.0,-0.03369792424306533,0.010638884608135092,-0.018667200607212647,0.022070026859770827,-0.022748474192025192,3.0811585862994984e-18,0.03875301701083963,0.0,-0.015839800001675744,-0.018798854878762664,0.0,0.012993384274832126,0.0,0.0,-0.019507447413015015,0.0,0.0,0.0,0.0,0.031641862176967385,0.027700647606937624,0.007464424104976458,0.009390044950237672,0.0,0.0,0.0,-0.019042209068543453,0.0,0.01710067485524674,0.0,0.0,-7.498097794657116e-19,-0.0,-0.006564770895483305,-0.030371992378584733,0.0,0.0,0.005148076269196799,0.0,-0.04128297064333839,0.0,0.0264834468611085,0.0,-0.01564449656268894,-0.0,-4.932997361512119e-18,0.0,0.0,-0.03857675255240408,0.047419127683397636,0.0,0.02855144671058545,0.0,-0.0020988471663344363,-0.011738152622359877,-0.022329975991789115,0.0,0.0
2025-08-18 00:00:00+00:00,0.008463184087804818,0.044149851102814976,0.0,-0.0,0.0024122113859899957,0.0,0.005935469821045391,-0.0,0.04185974540258225,0.0006584798171556877,0.02856266420136372,0.0,0.0,0.0,0.0,0.0595323970064088,0.0,-0.05506426748529414,0.0,-0.04197331917112815,0.0,-0.03699560733522164,0.0,0.0,-0.038682217028969984,0.014794109419656146,0.012250440850442147,0.02780783626108273,-0.02689371914408312,-0.009509803770811167,0.0446009645608266,0.0,-0.009856871006214374,-0.028122248979377457,0.0,0.01333416586710971,0.0,0.0,-0.01125736876875332,0.0,0.0,0.0,0.0,0.02193130402822854,0.03695678903167548,0.002193757623011544,0.001986992881198884,0.0,0.0,0.0,-0.043164136079442396,0.0,0.011299490863964047,0.0,0.0,0.020669438981600945,-0.003294765237052064,-0.0063755403517638766,-0.03368474938892308,0.0,0.0,0.006799749936384873,0.0,-0.04638579359870979,0.0,0.027663882151461844,0.0,-0.025139660465596143,0.012745591574134253,-0.014498594530444862,0.0,0.0,-0.04010586484863055,0.0684554823937453,0.0,0.032670128938829375,0.0,-0.01124989060317232,-0.02672923944200648,-0.03875047095292315,0.0,0.0
2025-08-19 00:00:00+00:00,0.007939058247862257,0.04570635690118749,0.0,0.02009279324561154,0.00514745088037072,0.0,0.003804213304983077,-0.0029924738306012976,0.04352081400618489,-0.006381048455675117,0.02230859022566166,0.0,0.0,1.0222411912767164e-17,0.0,0.06660894024565,0.0,-0.03631944231419059,0.0,-0.03075604985598839,0.0,-0.03650519727906879,0.0,0.0,-0.02570926624923976,0.012475120639372016,0.011904922864822557,0.03010687393569824,-0.03408208016919911,-0.027632290135137266,0.04289325219694777,0.0,-0.0015513842584468094,-0.02958405615717743,0.0,0.013199871773018448,0.0,0.0,1.436782521437196e-18,0.0,0.0,0.0,0.0,0.012403055535347316,0.038679297227760645,-0.012521908213658426,-0.018207708576433293,0.0,-0.03201771006597075,0.0,-0.04441732755083123,0.0,-3.639210654979157e-20,0.0,0.0,0.01296144501289723,-0.0017022130518559843,-5.369867505322118e-18,-0.0330086272721192,0.0,0.0,0.005036990983583745,0.0,-0.027530311855082586,0.0,0.03301941507502169,0.0,-0.025851569148540282,0.013923085412919863,-0.027070434999475528,0.0,0.0,-0.034195663044044616,0.08034533026010054,0.0,0.0037111234210020815,0.0,-0.0036090629467348304,-0.012253315705755786,-0.02188886026077672,0.0,0.0
2025-08-20 00:00:00+00:00,0.0010291155502266003,0.05964843713807429,0.0,-1.3026668200821702e-17,0.022898970594296505,0.0,-0.016107610592370942,-2.482070773142349e-18,0.052274494726337085,-0.019011252653639895,0.02931338847538756,0.0,0.0,-0.017353828454492133,0.0,0.10671959698902891,0.0,-0.0985584551296146,0.0,-0.033821533411074765,0.0,-0.04327498232151899,0.0,0.0,-0.025098572789405783,0.003914073262145478,-0.00024652921701465163,0.044442363534102504,-0.03707295358742794,-0.031615190672128896,0.026749968437845134,0.0,-0.0036931280982637348,-0.013410865537063759,0.0,0.01672591955742235,0.0,0.0,-0.01392046506473617,0.0,0.0,0.0,0.0,0.028728130782924514,0.05189143978139558,-0.007490738732844606,-0.04267102660471944,0.0,0.0,0.0,-0.044858201543076036,0.0,-0.0138065492821739,0.0,0.0,0.03676006361310054,-1.22232192984991e-17,0.015620084820111648,-0.037735743645872816,0.0,0.0,0.005423630820924459,0.0,-0.04548138118947876,0.0,0.04467788538573245,0.0,-0.03545004321559456,0.015381767946674759,-0.02384977456229786,0.0,0.0,-0.0448231971958,0.1367066733038332,0.0,0.008414482239627485,0.0,-0.0,-0.01937134975757819,-0.0385971137010028,0.0,0.0
2025-08-21 00:00:00+00:00,0.03592702043966186,0.06821311893445844,0.0,0.039010446729118235,0.003803711025048207,0.0,-0.022424160911446587,-0.014483381188958333,0.07035512524159078,-0.015480255216431675,0.029370316406501087,0.0,0.0,-0.03793142768996464,0.0,0.11818782200985123,0.0,-0.14839303668835432,0.0,8.523248635810267e-18,0.0,-0.05444060235420566,0.0,0.0,-0.02427526769997927,0.014884906081770587,0.006905687283113611,0.034088354113980236,-0.04729288380948528,0.0,0.05502382197958291,0.0,-0.04071854018424267,-0.036740404896736384,0.0,0.017198555503373545,0.0,0.0,-0.04153296914875924,0.0,0.0,0.0,0.0,0.045527631145420626,0.06722120436751236,-0.0028837956816628414,-0.04936025310945562,0.0,1.3574109209124582e-16,0.0,-0.041424944152805135,0.0,-0.032137884589478374,0.0,0.0,0.018662401403516143,-7.796889029835279e-17,0.04270857273788044,-0.04711553130594899,0.0,0.0,-1.2142818435085472e-17,0.0,-0.06209967727593755,0.0,0.05336587314050596,0.0,-0.05054471958915682,-0.0003182389388479905,-0.035329688446346805,0.0,0.0,-0.016147222804337818,0.15861199970694803,0.0,0.018840533851253387,0.0,-2.812739134572011e-16,-0.023448285956256112,-0.05338393046228947,0.0,0.0
2025-08-22 00:00:00+00:00,0.039797720208894334,0.008899138612777024,0.0,0.026417972949896167,0.0031985483305883556,0.0,-0.016769998972888382,-0.007562253415994662,0.058414787643055695,0.0247779412560728,0.02272674026618974,0.0,0.0,-0.026433249999702577,0.0,0.11570032834635068,0.0,-0.19517324693845142,0.0,0.009946297001401493,0.0,-0.03305636709321053,0.0,0.0,-0.005992741039089376,-2.9489148018211225e-18,-0.007568657126934253,0.037374243438506566,-0.03439928207687109,1.3477461926900105e-17,0.022266782662275636,0.0,-0.017389711738238004,-0.029913569536790544,0.0,0.032169862494812115,0.0,0.0,-0.028426326314178164,0.0,0.0,0.0,0.0,0.032617225387138134,0.06264572434992614,0.0052178759165249,-0.019700038772792364,0.0,0.016368382681258755,0.0,-0.01240237600509161,0.0,-0.037459365457139585,0.0,0.0,0.034117299208940514,0.018253026979407262,0.048103914466529854,-0.028020962654430274,0.0,0.0,0.0010884120148210558,0.0,-0.03196799319167819,0.0,0.013000491476311972,0.0,-0.05023303645836407,-0.030612614620134024,-0.029191985290612156,0.0,0.0,-0.02725150838392805,0.16101941223251426,0.0,0.015870187325700943,0.0,-0.017030422337340853,-0.048068376423859985,-0.07536823140217423,0.0,0.0
2025-08-23 00:00:00+00:00,0.0372842830094938,0.005871378156842958,0.0,-0.009627889484520657,-0.010051961821536488,0.0,-0.011908650163888035,-0.0152150570418542,0.04069972703174082,0.029380351583910124,0.013454214847653618,0.0,0.0,1.882441396593422e-18,0.0,0.07541816593498187,0.0,-0.10717933931241802,0.0,-0.02582612434358529,0.0,-0.02660529263063687,0.0,0.0,-0.006758052926104915,-0.0003027639331829717,0.018089654834401715,0.030292244697564932,-0.020262180240957516,0.026781628818899877,0.04410072729098566,0.0,-0.019349210240885994,-0.025536529358149263,0.0,0.031228251083837,0.0,0.0,-0.02199549127069975,0.0,0.0,0.0,0.0,0.032220992228395945,0.04231373314117491,-0.011920304667524098,-0.01407807888686147,0.0,-0.013285153715795866,0.0,-0.02495736560269675,0.0,-0.03190909606478106,0.0,0.0,0.018419402974813773,0.01473023987148794,0.026823420152211213,-0.022184625236674207,0.0,0.0,0.011072602375826445,0.0,-0.027318750493786025,0.0,0.03021594493543576,0.0,-0.04495187255190766,-0.024014339716779375,-9.583212851775308e-18,0.0,0.0,-0.029367697223513872,0.12620987454328345,0.0,0.016516624552939545,0.0,-0.024788377833163476,-0.04591378820383733,-0.05581546910014017,0.0,0.0
2025-08-24 00:00:00+00:00,0.04354942832270343,0.017374580363477582,0.0,-0.0,-0.01207195321794073,0.0,-0.006797935035926433,-0.01678292780331257,0.04897394225985324,0.03633921224388725,0.030901448320154772,0.0,0.0,0.01115256384653943,0.0,0.06431146008963776,0.0,-0.11660454738308151,0.0,-0.01805663098296423,0.0,-0.03067813151339058,0.0,0.0,-0.01782132185630341,0.002439136278103684,0.02117041021849518,0.024568642622315975,-0.02317581491514417,0.019499626365082925,0.045898776069137566,0.0,-0.03460411393434077,-0.036607915334205876,0.0,0.022400597603239245,0.0,0.0,-0.029886394706010254,0.0,0.0,0.0,0.0,0.03216055307183244,0.039742654195370895,-0.026067829650001532,0.0,0.0,-0.019188419204182777,0.0,-0.052432662931937206,0.0,-0.023535255366694128,0.0,0.0,0.027172501283112216,0.018127009938364295,0.029355385341188735,-0.03160898628056175,0.0,0.0,0.0013551289111343296,0.0,-0.021171352864486896,0.0,0.04179565443178459,0.0,-0.04633216950554656,-0.019494726395540937,-0.0,0.0,0.0,-0.030173784555956266,0.1325999785197033,0.0,0.02120265993851005,0.0,-0.01909997432193398,-0.04687631136083773,-0.05302219111332851,0.0,0.0
2025-08-25 00:00:00+00:00,0.0472838158278625,0.015568372554234778,0.0,0.029884540032724352,-0.023833009076748724,0.0,-0.01961413812632553,-0.013542480555553616,0.053090683677471606,0.04357744742644981,0.038016016979854676,0.0,0.0,0.020476797656513685,0.0,0.07216607749889807,0.0,-0.16813876697169955,0.0,-0.01715592299581499,0.0,-0.04436553988182577,0.0,0.0,-0.0031971788847287097,0.003601209846319641,0.021452302415377645,0.02765669600936785,-0.026546306543567485,0.026325060434109704,0.05910568560275458,0.0,-0.0583398046175122,-0.03812564010238011,0.0,0.03274573960306438,0.0,0.0,-0.04291273669906267,0.0,0.0,0.0,0.0,0.032756101728894704,0.03260488813210634,-0.01403542988157293,-0.01547584177561788,0.0,-0.012273802049970844,0.0,-0.048232363461975014,0.0,-0.008707870531947829,0.0,0.0,0.023210935303360904,-0.0,0.03298494267042485,-0.03779281372463198,0.0,0.0,0.0030055856883122625,0.0,-0.03198648845480903,0.0,0.05666685693465236,0.0,-0.05507147497153366,-0.01457959463081136,-5.403662079734916e-18,0.0,0.0,-0.05111258946486852,0.1545346174802691,0.0,0.016435628096816583,0.0,-0.03157133813321582,-0.041313150381227896,-0.025225719682438558,0.0,0.0
2025-08-26 00:00:00+00:00,0.057146948033158076,0.019707096274063272,0.0,0.026813955130287073,-0.029152679567704835,0.0,-0.014962361704898586,-0.022291438998726,0.04216414161230624,0.048544707399246365,0.04366054991944157,0.0,0.0,0.020683276420306367,0.0,0.08957125116231716,0.0,-0.15300859192898456,0.0,0.014215400453241937,0.0,-0.03792639607157812,0.0,0.0,-0.046743254411526165,0.011279808632440751,0.020126507476529002,0.028051701402089492,-0.03497418076522537,0.028664618161113747,0.06521560950564456,0.0,-0.06053190634323455,-0.043784402944266346,0.0,0.0250035730546536,0.0,0.0,-0.037704484863032094,0.0,0.0,0.0,0.0,0.021461584641650162,0.03168285566888728,0.00046982476533002134,-0.01953751761104726,0.0,0.009367013114987631,0.0,-0.03303685948455185,0.0,-0.012037663679499667,0.0,0.0,0.023396909472329686,0.005093794147811202,0.02361061916262202,-0.03663625452698513,0.0,0.0,0.012827190362586595,0.0,-0.02454675151604537,0.0,0.06286313343647493,0.0,-0.057428474619669614,-0.021907487462238667,0.0030382899188099795,0.0,0.0,-0.05746232941811218,0.09442358227962176,0.0,-0.006141177446593664,0.0,-0.023733734736313704,-0.03382722804478185,-0.021708765462935004,0.0,0.0
2025-08-27 00:00:00+00:00,0.057069725235358616,0.041188671302706786,0.0,0.027717739329582686,-0.02424771411333393,0.0,-0.01749925980635555,-0.02321285338883224,0.042661723876147244,0.03845668453488067,0.041986605670035905,0.0,0.0,-0.03493886908444841,0.0,0.10064856103186061,0.0,-0.16336213231795452,0.0,0.01930442348972574,0.0,-0.043530613406096,0.0,0.0,-0.04377653195618319,0.01919061175680663,0.019100013811139453,0.007189495424446508,-0.03847268186267115,0.02475640864216688,0.0632103927657524,0.0,-0.04817753376692383,-0.04559319997067773,0.0,0.029692398545696694,0.0,0.0,-0.03212768697925222,0.0,0.0,0.0,0.0,0.009044960998716692,0.03392370041645382,0.03987991950509693,-0.017154679754366672,0.0,-0.0035329747797708134,0.0,-0.02326386292682808,0.0,-3.9053536247825074e-19,0.0,0.0,0.013472271935044076,-0.017097097996448315,0.010594306019327525,-0.0509977552534923,0.0,0.0,0.003738386272844109,0.0,-0.007958448028073014,0.0,0.05940670147272522,0.0,-0.05267030328549995,-0.03521656102845579,0.0058789431437386,0.0,0.0,-0.06135659011990927,0.09758917717148226,0.0,-0.016354381049311487,0.0,-0.0016484042086494979,-0.025932631755502367,0.02242094448730028,0.0,0.0
2025-08-28 00:00:00+00:00,0.05624153227715434,0.03374581199803911,0.0,0.001711589213281025,-0.01934849761599657,0.0,-0.015795159878921175,-0.024314291464484303,0.03265777246945477,0.05182597399708344,0.050280606137652825,0.0,0.0,0.012357241247938707,0.0,0.07572547391654351,0.0,-0.16906668599435856,0.0,-0.010170532380682263,0.0,-0.04008754259295223,0.0,0.0,-0.05401063280355305,0.03347621296997472,0.023999953626339766,-0.007342142461531372,-0.03517520367060796,0.039724228079802276,0.06504345957673194,0.0,-0.03999976755080513,-0.045337857202024656,0.0,0.024645659493736555,0.0,0.0,-0.04162818573146343,0.0,0.0,0.0,0.0,0.024012709801542718,0.01777417318285738,0.05798830344528915,-0.003015403760770694,0.0,0.012779507006310184,0.0,-0.00915694161288556,0.0,0.0016653293450358223,0.0,0.0,-0.004160325661085921,-0.008118176123901486,-0.0016709298098801302,-0.03804013911646705,0.0,0.0,0.013863841616052577,0.0,0.01345761516521476,0.0,0.0725270235849365,0.0,-0.06703122904383974,-0.022357965478671585,0.009227717153599931,0.0,0.0,-0.05930848621559923,0.04109062047299812,0.0,-0.022414044702709867,0.0,-0.013461258253795657,-0.053994028850133456,0.039183072199550945,0.0,0.0
2025-08-29 00:00:00+00:00,0.034431866538843545,-0.008099686307417567,0.0,0.00638026256569728,0.0014626803154435058,0.0,-0.012443830542141337,-0.012082031495800016,0.020625027484301492,0.056154456193238125,0.0407082081081251,0.0,0.0,-0.021599375690006778,0.0,0.08996589384755652,0.0,-0.10262428654246493,0.0,0.022054642787986942,0.0,-0.0310382157477232,0.0,0.0,-0.041278786254495665,0.02303994801847106,0.03219720903819112,0.008815749584331088,-0.032798091154768824,0.007727356169359983,0.04095503607765141,0.0,-0.023835187062084394,-0.02330328747500397,0.0,0.028423943108182116,0.0,0.0,-0.02028897319681058,0.0,0.0,0.0,0.0,-0.002157019009952255,0.02553878734253705,0.04553349707011642,-0.016675102920583884,0.0,-0.0016689156514757752,0.0,0.004823100779000991,0.0,-0.008731467896771969,0.0,0.0,0.008611697387866882,0.006866187026015112,0.02028900000797762,-0.0323233113319171,0.0,0.0,0.013723283006442287,0.0,0.005054464721854641,0.0,0.05971778757615221,0.0,-0.04150013142526286,-0.021210904983796536,0.00576116859195049,0.0,0.0,-0.0254433448246137,-0.056527848531019206,0.0,-0.01921294303761777,0.0,-0.008769067827335183,-0.048799625353117035,0.003550180914887586,0.0,0.0
2025-08-30 00:00:00+00:00,0.0509345896874986,-0.0050959222121758135,0.0,0.004039646860954958,-0.010794958172406261,0.0,-0.019406308454991965,-0.012144795125056338,0.024973790025797152,0.05140520110049479,0.04178236842631473,0.0,0.0,-0.05639469877201435,0.0,0.1059040198051033,0.0,-0.12648902269142315,0.0,0.012744140173543014,0.0,-0.02111028181208029,0.0,0.0,-0.03848439844031525,0.015974915290462938,0.02600479301055012,0.0077123279079623925,-0.03861924567770405,0.0004368023354021559,0.0410195658026259,0.0,-0.013835583194311097,-0.02677479011298046,0.0,0.012534516416584762,0.0,0.0,-0.0212069508540105,0.0,0.0,0.0,0.0,-0.00024411178249245753,0.03987079645781691,0.04324759062859748,-0.0004333960254143745,0.0,0.014065201230146335,0.0,0.015447040182010185,0.0,-0.0024761554110140573,0.0,0.0,0.02314653476408275,0.003144017983297734,0.018704034875355418,-0.024484185744880458,0.0,0.0,0.013709386188825152,0.0,0.0017990963209653594,0.0,0.06464232612762576,0.0,-0.04031861967369638,-0.034206472207170796,0.00035985709988937747,0.0,0.0,-0.023406887510217855,-0.04659326161385686,0.0,-0.012940376717647094,0.0,-0.006858921977686601,-0.045842097574287824,-0.005441116944073004,0.0,0.0
2025-08-31 00:00:00+00:00,0.040789653495522916,-0.007447072083757298,0.0,-0.015037132995678097,-0.014004051813364626,0.0,-0.010807153608374198,-0.007414037824580952,0.011984804210198156,0.035482744916985644,0.0283771461102743,0.0,0.0,0.010103513438330757,0.0,0.0987204907406257,0.0,-0.12638427129904922,0.0,0.021185304902726167,0.0,-0.02710555520129231,0.0,0.0,-0.027047776326901585,0.023490505505320915,0.011144971548923736,0.004270033147989246,-0.03807356569765822,-0.0037492222689144514,0.04508454180863365,0.0,-0.01702747987863007,-0.024605645145876244,0.0,0.013459400254446042,0.0,0.0,-0.03818958736761517,0.0,0.0,0.0,0.0,-0.001719979246004237,0.03863489337911145,0.0405726146812077,-0.0013094247653501019,0.0,0.014504897486213452,0.0,0.02795480296820833,0.0,-0.010295245130059917,0.0,0.0,0.015085944372909933,0.01098092536237723,0.02094953575972979,-0.028725960975863676,0.0,0.0,-0.0019954354619032577,0.0,0.0142684004910225,0.0,0.054175587191692014,0.0,-0.04260245698388971,-0.04033049914014197,0.00794052103584994,0.0,0.0,-0.010832808958411346,-0.008509960677063074,0.0,-0.018572636927887094,0.0,-0.00755704910478291,-0.051075419793553324,-0.008741804131696368,0.0,0.0
2025-09-01 00:00:00+00:00,0.02774051048209422,-0.01268843689313375,0.0,-0.02283186869127687,-0.006312643734282815,0.0,-0.01580864645282919,-0.005202255854308355,0.01555412794024777,0.03102304301373987,0.015944353044855777,0.0,0.0,0.0022434975426594917,0.0,0.07878435087293088,0.0,-0.09171537267186548,0.0,0.0200110794134962,0.0,-0.010257003047443538,0.0,0.0,-0.03137385320253065,0.017501927418219664,0.004683008531977103,0.00548234076375793,-0.03178928130819149,0.004631312992184547,0.03556776531341161,0.0,-0.0020950627362061333,-0.014220510229721145,0.0,0.01644615546959105,0.0,-0.0371212139658581,-0.027564374297307744,-0.004175151187026252,0.0,0.0,0.0,0.00290298516729541,0.023993334418791756,0.03265460095218597,-0.003565447963976546,0.0,0.009762283021920448,0.0,0.02075081656810955,0.0,-0.01845320070429777,0.0,0.0,0.011650231805144037,0.013067083687267582,0.015489160623739453,-0.02206380090243749,0.0,0.0,0.023577532551085262,0.0,0.0148590183288081,0.0,0.04576612059132229,0.0,-0.029628180006858018,-0.029269978321027776,0.010433044745110094,0.0,0.0,-0.006571986440754624,-0.009172989329906189,0.0,-0.007858055461999972,0.0,-0.005666850615086104,-0.03988537490936057,-0.01522814633225944,0.0,0.0
2025-09-02 00:00:00+00:00,0.0146312775918823,-0.017133791310771144,0.0,-0.021778884095703967,-0.006084993405427178,0.0,0.0,-0.011779302526094668,0.011369192472187678,0.031324587276184625,0.027194870678831657,0.0,0.0,0.024056915732810224,0.0,0.06665112716249488,0.0,-0.06616523426109414,0.0,0.01751873780087606,0.0,-0.011730223481432081,0.0,0.0,-0.03380258543376896,0.026289253115035695,0.01418804796554242,-5.365300569921408e-19,-0.03424094343448922,0.012428561431833096,0.02984836955287366,0.0,0.014466553752558602,-0.02643563514321649,0.0,0.013812367735708202,0.0,-0.04509782185218837,-0.03459183447499238,-0.0,0.0,0.0,0.0,0.004030596865960014,0.008615054655457432,0.03181498031988872,0.006018011398301606,0.0,3.7958163538250795e-18,0.0,0.01829039622536115,0.0,-0.0050672320641099835,0.0,0.0,0.012581087648601363,0.011367215604096363,0.009268268376254026,-0.01896281422902079,0.0,0.0,0.00990773644261684,0.0,0.018050678480569043,0.0,0.04365527213436658,0.0,-0.028865595632453386,-0.028428204876998805,0.007953614976703003,0.0,0.0,-0.009244002844800071,0.0,0.0,-0.005617016590956732,0.0,-0.010877543788306854,-0.04144113306180173,-0.02798798288936834,0.0,0.0
2025-09-03 00:00:00+00:00,0.016493779169119264,0.0032594817775955247,0.0,-0.025661620488868785,0.006312241112408927,0.0,0.015095493035313575,-0.020944728854753937,0.013831689781864415,0.024558033829119672,0.04210272162688418,0.0,0.0,0.056573675837583444,0.0,0.05975158579145409,0.0,-0.02788755299875702,0.0,0.006565516803562172,0.0,-0.010990761660132605,0.0,0.0,-0.034912340602297275,0.021761295690320814,0.023866895069071963,-0.00013103460566018136,-0.039616065549830194,0.0022229230703925437,0.01512680358451531,0.0,-0.014847858019990803,-0.031120578963824246,0.0,0.007999852807508125,0.0,-0.05263762775956757,-0.024993253309328774,0.0012089740751608411,0.0,0.0,0.0,-0.004440984306087866,0.014222468033572713,0.027989884490878345,0.0034644914501962072,0.0,-0.004256900018262957,0.0,0.024242070161898513,0.0,-0.006033637923905631,0.0,0.0,0.022319102237388096,0.00812213242177458,0.0131621454361251,-0.018762512972731165,0.0,0.0,0.019501558359578945,0.0,0.024688645421956205,0.0,0.050521522309102646,0.0,-0.030296468256323896,-0.02186130875432759,0.004867218860344904,0.0,0.0,-0.0002647372617717258,-0.05762094568234711,0.0,-0.00636412235257443,0.0,-0.021591767116695082,-0.05171796719118376,-0.022877427595468486,0.0,0.0
2025-09-04 00:00:00+00:00,0.03324737516510319,0.00310800192221866,0.0,-0.031279272095376315,-0.0016687489075012548,0.0,0.012461806528922467,-0.007956830478550447,0.017673385164352448,0.03485620560784874,0.037664831998196355,0.0,0.0,0.05365816728000466,0.0,0.03810517679580192,0.0,0.0008013337632218182,0.0,0.002778848235589284,0.0,-0.01908496983400314,0.0,0.0,-0.029129694965210923,0.021774043496362645,0.026646302678681066,-0.008258834591256058,-0.036141440788770025,-0.006168053799402898,0.023934801996339402,0.0,0.0059537000686431946,-0.029397034694069173,0.0,0.008573311036696922,0.0,-0.051133324737211015,-0.02750145883078978,-0.005149240745882652,0.0,0.0,0.0,0.009700739239649796,0.004894368717088818,0.013415878581582703,0.0004234269599980528,0.0,-0.03298124055920144,0.0,0.018391022458873876,0.0,-0.003316755681003222,0.0,0.0,0.019392683006693546,0.013982633264771562,0.003843869972971462,-0.015908834699939547,0.0,0.0,0.020725756846870936,0.0,0.015264981482955846,0.0,0.04552110050383546,0.0,-0.021237044819794427,-0.010803681820500587,0.00954786702357582,0.0,0.0,0.0026986486341652573,-0.043680109452388274,0.0,-0.01583422346012679,0.0,-0.021669780389432593,-0.051664707368381746,-0.029074985712223594,0.0,0.0
2025-09-05 00:00:00+00:00,0.03887233056204582,0.012758540318198782,0.0,-0.030070218350223266,-0.0020467282972451164,0.0,0.0030646236561561574,-0.01290675764477838,0.025707527180117883,0.006528221248370192,0.04688423369272686,0.0,0.0,0.061612627423464045,0.0,0.055199119688038235,0.0,0.016458052554913345,0.0,-0.02189455108865838,0.0,-0.008703420176932654,0.0,0.0,-0.021588686878741357,0.03276995917729158,0.028844749318160792,-0.020795053884614955,-0.03883579720042083,0.0022433662960594765,0.04513671163465334,0.0,0.0016523585019899171,-0.035989348571504,0.0,0.003922399786696705,0.0,-0.05815118873898709,-0.03858982200496615,-0.006438257341718437,0.0,0.0,0.0,0.011598799954306264,0.0016166537915157874,0.008576239399066382,0.004998482729441764,0.0,-0.02797374320183682,0.0,0.0019935710465395495,0.0,0.0007045750284976687,0.0,0.0,0.021695045198395407,0.018960800646902084,-0.0015871717533822132,-0.020825299764812958,0.0,0.0,0.03269994286906438,0.0,0.018464196517665725,0.0,0.044890253177329954,0.0,-0.0300460339356446,-0.0013732891557464366,0.008389025731391529,0.0,0.0,-0.009389507748543939,-0.06179916687946685,0.0,-0.018340771959095645,0.0,-0.02326656977888957,-0.05779877771145632,-0.007832245061333648,0.0,0.0
2025-09-06 00:00:00+00:00,-0.0029162319828654392,0.016866431318636133,0.0,-0.029201124573647614,0.029746874604248866,0.0,-0.010849163658631523,0.013487284337118809,0.01698231381989223,0.012849901045394855,0.050983367546249415,0.0,0.0,0.0737719801073574,0.0,0.012068301322877917,0.0,-0.006499229664344272,0.0,-0.017247514628330036,0.0,-0.009374785342601114,0.0,0.0,-0.030202253617458943,0.03140173874524219,0.03142878349975239,-0.010613139450308782,-0.04647123839400523,-0.022310311497338288,0.008187057311741594,0.0,0.02348006150039587,-0.03450128288652023,0.0,0.007153149896160825,0.0,-0.058727516581286006,-0.038728802847664244,0.00496856362355848,0.0,0.0,0.0,-0.004199376475433044,-0.0013347358206571003,0.019921018637186122,-0.005361477715878903,0.0,-0.027250248254116528,0.0,0.010839157159745856,0.0,-0.00831171371959122,0.0,0.0,0.03361299973731895,0.018424711804259006,0.022970629596140955,-0.01924844837154773,0.0,0.0,0.05081032650035215,0.0,0.029941457967857653,0.0,0.03518426795545097,0.0,-0.02064115264253051,0.007727353463092245,0.004824142389092578,0.0,0.0,0.012201483989850952,-0.10614962538479106,0.0,-0.0283407181953704,0.0,0.010062071213300347,-0.042691940392989264,-0.008723396994367251,0.0,0.0
2025-09-07 00:00:00+00:00,-0.015536599899547717,0.018120739655768724,0.0,-0.03388028144999182,0.01540329571803649,0.0,-0.0230232373099199,0.013612646072076202,0.007206742395926071,-0.006747046945767434,0.04639832106172694,0.0,0.0,0.06718066646231255,0.0,0.08345084820804642,0.0,0.0051157357812920004,0.0,-0.014045561541955265,0.0,-0.021411371327123365,0.0,0.0,-0.02541132317632193,0.024601621672099703,0.025913844271238114,-0.003505561380245507,-0.0458433734008643,-0.024736727484442014,0.011233927077933869,0.0,0.025227166529945493,-0.04051434672019065,0.0,0.009484386276344106,0.0,-0.061799503192139345,-0.028354440300847123,0.00921843195899183,0.0,0.0,0.0,-0.007398905223065914,0.0026808342624634477,0.024562082307502925,0.015397748386599953,0.0,-0.017590225032225727,0.0,0.011355050349390796,0.0,-0.004785856637426096,0.0,0.0,0.0240619726269528,0.01830682771511278,0.015109421591418683,-0.01867275903883823,0.0,0.0,0.04574476604084665,0.0,0.013131429046110933,0.0,0.037376972882251155,0.0,-0.01638210283687352,-0.0029439774986221405,0.0015699557835220357,0.0,0.0,0.021589053067399652,-0.10827430474125235,0.0,-0.03435213733410243,0.0,0.03352175713537523,-0.052409568571947826,-0.018957033292974972,0.0,0.0
2025-09-08 00:00:00+00:00,-0.0189765909875635,0.01659006331064573,0.0,-0.0495389955026513,0.0150411614274181,0.0,-0.026630711154273054,0.0010274455928077112,0.001268526275527464,0.0005023776745287818,0.03808018191301538,0.0,0.0,0.07044541297516059,0.0,0.09181038397210411,0.0,0.03837395716783941,0.0,-0.02075527115518805,0.0,-0.019848237973663148,0.0,0.0,-0.03044822036098234,0.04156142368158952,0.04466714797448261,-0.014692509315307196,-0.04842872460581978,-0.03263813154040009,-0.011214190289687799,0.0,0.033661568292460496,-0.04072135394350106,0.0,0.0023390808850586972,0.0,-0.05769124887120561,-0.018743622434228526,-0.005811767910360314,0.0,0.0,0.0,-0.00450702609054194,-0.006863816730389686,0.022505086231254988,0.03053100987101792,0.0,-0.029597094264058675,0.0,0.005539091391456018,0.0,0.006113877778934134,0.0,0.0,0.014263359077919549,0.019801196309524184,0.0061141154273329276,-0.013978310212293305,0.0,0.0,0.03565838783487285,0.0,0.01455149473361893,0.0,0.03866953325574689,0.0,-0.020088668718329546,-0.0014728900104408428,-0.015180828730978311,0.0,0.0,0.02422825854147632,-0.07348020237436904,0.0,-0.04696183522902042,0.0,0.042906985260313724,-0.04610486844792265,-0.001876010002930818,0.0,0.0
2025-09-09 00:00:00+00:00,-0.025918025359103092,0.026904076993820344,0.0,-0.04297896808321776,0.022441260366998304,0.0,-0.01480958270547353,0.025229525112293275,-0.003474244145910326,-0.01305823315838547,0.03865293474995899,0.0,0.0,0.07233575381850492,0.0,0.062529439436326,0.0,-0.02237737948247918,0.0,-0.032771058790056214,0.0,-0.04803412674199229,0.0,0.0,-0.029253000461290663,0.056078814570898555,0.04349190202356592,-0.005570090777397282,-0.04654612105377171,-0.04120633177492239,-0.021313604835829794,0.0,0.02428937368999398,-0.004219455833885586,0.0,0.007310775888607802,0.0,-0.04437319351629021,-0.038110250035697374,-0.00034142749587638937,0.0,0.0,0.0,-0.024877338104088594,-0.011027434532669814,0.02144977423680497,-0.016135894907257007,0.0,-0.028675879445823164,0.0,-0.004817775861372864,0.0,0.01905730419321619,0.0,0.0,0.022692597176234137,0.018136406648352543,0.013751649609934675,-0.0020826135085266497,0.0,0.0,0.053098244836583514,0.0,0.026555008784709982,0.0,0.04665756062318277,0.0,-0.024374585049326533,0.010021083080162915,-0.0036442646568539327,0.0,0.0,0.037375445008863424,-0.06357453240412544,0.0,-0.0407370834767535,0.0,0.029312267899051756,-0.042381217227212414,0.01931251467752426,0.0,0.0
2025-09-10 00:00:00+00:00,-0.024458759848490833,0.016659808528269912,0.0,-0.03429414675972162,0.021470276782796026,0.0,-0.006007038131212445,0.023863161710567696,0.0007471869830558114,0.021899980392914756,0.043724684945491483,0.0,0.0,0.015307067575032049,0.0,0.06752797986440323,0.0,-0.05953871273335735,0.0,-0.023465621520445044,0.0,-0.03685228406028761,0.0,0.0,-0.02406598972565411,0.048980498283121655,0.04777826806471636,0.005873347037332913,-0.03171918994255574,-0.030264573015299553,-0.014539779074702159,0.0,0.03172899786356955,-0.010498489456163334,0.0,0.008099805085728336,0.0,-0.024991073140789723,-0.03359387447570577,-0.005605774822669039,0.0,0.0,0.0,-0.031453994253779094,-0.008622216591626545,0.02110985020193206,-0.02514432355420223,0.0,-0.03418533786437674,0.0,-0.00962668110497185,0.0,0.026237284743215294,0.0,0.0,0.02496518721907873,0.025950523383233337,0.01945777982363064,0.0027242770962192762,0.0,0.0,0.03691534883022945,0.0,0.019250829774613187,0.0,0.036152136958705026,0.0,-0.019076243143467002,0.00044366789487729474,-0.001812337463686837,0.0,0.0,0.027008507403867975,-0.045664312233131894,0.0,-0.027157185173166544,0.0,0.023284892866824954,-0.04368933562500855,-0.010834075598955328,0.0,0.0
2025-09-11 00:00:00+00:00,-0.03288962862681629,0.0331412918473667,0.0,-0.03320646205213512,0.027876955362104848,0.0,-0.012059188587909046,0.01931765634289928,-0.0024819188879288824,0.0168892413933765,0.05921013577285146,0.0,0.0,-0.008638477896578265,0.0,0.09860086157409949,0.0,-0.02067076194260945,0.0,-0.0178572576374833,0.0,-0.04522353500610128,0.0,0.0,-0.04582357689044025,0.05801875534578967,0.06281146817678239,0.008670452146618523,-0.049526655443275794,-0.035164170683602336,-0.030793811475371243,0.0,0.04179472484048494,-0.019891977768287446,0.0,0.010485665972683376,0.0,-0.007017418739595648,-0.052461758461343086,-0.002473834520924066,0.0,0.0,0.0,-0.03625088916958085,-0.009237384501792713,-0.016026448437462665,0.0054302015922126495,0.0,-0.028726997653382325,0.0,-0.010715593477386787,0.0,0.04553255274978173,0.0,0.0,0.02755638429137237,0.0061557700862819,0.014750583517053776,0.0023695905660611302,0.0,0.0,0.04438020250875649,0.0,0.025925282521888995,0.0,0.04893376906078192,0.0,-0.02307303947110835,0.02172068294840249,-0.014903404570444258,0.0,0.0,0.008485801361278517,-0.0910656403159472,0.0,-0.04025990104588578,0.0,0.027786853942237025,-0.015347742968319155,-0.014057407689454654,0.0,0.0
2025-09-12 00:00:00+00:00,-0.03506279934902705,0.030173789284624362,0.0,-0.04240514177544619,-0.001428580190291191,0.0,-0.023761003842724452,0.01461052191097437,-0.006742510317984653,-0.01638802370784466,0.05636469549235872,0.0,0.0,-0.004104672067806027,0.0,0.07094946999630987,0.0,0.007673818556812993,0.0,-0.035093630076352966,0.0,-0.043049429533779215,0.0,0.0,-0.019164942489793477,0.05833829925973635,0.05188344585881698,0.020101065093161986,-0.03894986171399989,-0.03816629099197079,-0.03330189314953933,0.0,0.03344192512566631,-0.015442464023326219,0.0,-0.0017634061067843328,0.0,-0.005901626052424804,-0.05694909870107412,0.023838838878390355,0.0,0.0,0.0,-0.017371117720166904,-0.011522313426981796,-0.014991270718547122,-0.0519556266882258,0.0,-0.038423521276383925,0.0,0.01119076964981653,0.0,0.04514517141215616,0.0,0.0,0.01938084118003561,0.0099269107352788,0.003655512291242604,0.005148288136955325,0.0,0.0,0.04621537943387255,0.0,0.03344312680126906,0.0,0.04873301944209902,0.0,-0.004291212712601224,0.014925471506923796,-0.013261601576905578,0.0,0.0,0.019324092946580166,-0.0437345866916388,0.0,-0.03993468941552258,0.0,0.02532972519838641,0.0075672959573713835,-0.00420015983169663,0.0,0.0
2025-09-13 00:00:00+00:00,-0.031089313048439395,0.03022320140523759,0.0,-0.04322584277117346,-0.0133995694945635,0.0,-0.01621240979702224,0.010273288527925039,-0.013199076779750287,-0.020432399601062076,0.04981794133555904,0.0,0.0,-0.003027848897434805,0.0,0.07233655058888053,0.0,0.016803541709161554,0.0,-0.03139028431462136,0.0,-0.059106419100996024,0.0,0.0,-0.030722061960490266,0.05621977224124921,0.04406119192625426,-0.016897195389698843,-0.026623483281300972,-0.04116169991572776,-0.003320377091721773,0.0,0.0015390992201919985,-0.0028449859196547035,0.0,-0.00331918715921518,0.0,-0.0027621391373688965,-0.07486207675260943,0.04248187191096526,0.0,0.0,0.0,-0.029243247237878415,-0.0025179633349761373,-0.01830003292645766,-0.04955972619715914,0.0,-0.035297670880307,0.0,0.00991056893998626,0.0,0.026804081882809666,0.0,0.0,-0.0034546979299663124,0.017016664126449543,0.0074995708998859,0.03512412419185791,0.0,0.0,0.03142162223606222,0.0,0.05870930023429649,0.0,0.059181580927176854,0.0,-0.009694954040661011,0.00865831885115969,-0.014655381990046493,0.0,0.0,0.005498837739050338,0.004337504834298697,0.0,-0.04724111837035315,0.0,0.02453513137942149,0.010759391042753278,0.020348007170023497,0.0,0.0
2025-09-14 00:00:00+00:00,-0.03897243346227162,0.002423422343421896,0.0,-0.02367979378188383,-0.0060056063603689275,0.0,-0.01979694708000219,0.019073559317379,-0.01760582467759685,-0.009631809226292126,0.04795269503600042,0.0,0.0,-0.03665346714489395,0.0,0.04082286374494417,0.0,-0.013706286060708976,0.0,-0.026803809267614404,0.0,-0.019604637208013122,0.0,0.0,-0.0408726112948314,0.05890857501905781,0.04866838035645099,-0.01883848910705876,-0.0360589033043786,-0.03607799312705474,-0.020292625845596258,0.0,0.02585041130028195,0.013760692851506122,0.0,0.006302986336960587,0.0,0.008041995610947794,-0.06569328837894671,0.0422816552428992,0.0,0.0,0.0,-0.031498619993259536,-0.014861238383095832,-0.02019402276719304,-0.040808607282546906,0.0,-0.014833484782315474,0.0,-0.003850569891418602,0.0,0.020577253085554664,0.0,0.0,0.0182270742128313,0.012842117443182782,0.013973021207247489,0.041547047321505985,0.0,0.0,0.05307327158201685,0.0,0.06634173975222513,0.0,0.04852206900274797,0.0,-0.0004933687696172997,0.02168822720805855,-0.015431265706430188,0.0,0.0,-0.007416915594249944,-0.020043138332529645,0.0,-0.05038662193578021,0.0,0.0215435429603795,0.002730274458199772,0.014959503372149343,0.0,0.0
2025-09-15 00:00:00+00:00,-0.02918354446816949,-0.013366264120931353,0.0,-0.037051750854552035,-0.015397269139094638,0.0,-0.009851186412488135,0.016055329086351978,-0.01657601710226616,-0.013827132125004148,0.049340943253716435,0.0,0.0,-0.008233514491095292,0.0,0.06327652660469511,0.0,0.04719399266669409,0.0,-0.03098502886967566,0.0,-0.03190444055638934,0.0,0.0,-0.036767475525524,0.05249561468452285,0.04115349755309539,-0.016028296507131185,-0.03008050505956636,-0.039075765117713324,-0.003009054417581315,0.0,0.005323018528554788,0.002773876052848788,0.0,-0.0017599028310531896,0.0,0.013908223472105418,-0.06441865006784986,0.03920158235738932,0.0,0.0,0.0,-0.03528624050123182,-0.006208484596975181,-0.02181148869016283,-0.041461340577427876,0.0,-0.03788682674376245,0.0,-0.0005557575479619233,0.0,0.02683865288466691,0.0,0.0,0.022403656011435562,0.008956092197553656,0.024783712056461064,0.04357378811882207,0.0,0.0,0.0285502107940287,0.0,0.05369783483017485,0.0,0.05296788253560794,0.0,-0.009453555672030461,0.020854374183279414,-0.009075438223241358,0.0,0.0,-0.015366146074501917,-0.011580316953454278,0.0,-0.05555868180567222,0.0,0.0217816510906321,0.002617624632242103,0.004011991457629319,0.0,0.0
2025-09-16 00:00:00+00:00,-0.016130445815182245,-0.004250938853496432,0.0,-0.04042749557668807,-0.038897981597487356,0.0,-0.03223636699953256,0.012106910736481782,-0.011164728490394099,-0.019104066095069303,0.05117473401943045,0.0,0.0,0.0287590254173017,0.0,0.07987366848711844,0.0,0.07277989392197563,0.0,0.003191215383239471,0.0,-0.0136830917728667,0.0,0.0,-0.04989863740079148,0.047217523789275684,0.04091771892205701,-0.01018275707002155,-0.020737105279285704,-0.041207746064644966,0.016986228705956126,0.0,-0.0145793455538202,-0.021237444662906953,0.0,-0.004167114710970303,0.0,0.021719996454442135,-0.0748371621323107,0.04282554597207856,0.0,0.0,0.0,-0.03089616962775697,0.009882514082500446,-0.01934833781766008,-0.0074068050191777824,0.0,-0.05540995350621547,0.0,-0.011579613905887957,0.0,0.02162555755080874,0.0,0.0,0.006733160652811834,0.022112950391910868,0.02568344525674797,0.026414803520108034,0.0,0.0,0.010052984052568744,0.0,0.02423718528349474,0.0,0.05261861568781977,0.0,-0.015234113678016673,0.0029770889664016485,-0.019455586841900428,0.0,0.0,-0.01579305576077978,0.010070391090801682,0.0,-0.058926915425117854,0.0,0.014617356059451213,-0.01648693707228291,0.01870140232548197,0.0,0.0
2025-09-17 00:00:00+00:00,-0.028222390936602372,-0.01960277337900193,0.0,-0.03382358568934714,-0.04781767724480677,0.0,-0.037566500846831496,-0.0032747361681225253,-0.026850201620230038,-0.02784655182755549,0.049715860823206094,0.0,0.0,0.019838794575743023,0.0,0.09371732279953711,0.0,0.09070136443148731,0.0,0.008952383634422665,0.0,-0.011276746100399386,0.0,0.0,-0.05973339893879941,0.049761444284776364,0.03557489940769961,-0.016388084412824484,-0.014372608379119797,-0.041548688084464554,0.017966381803105717,0.0,0.04004513091966156,-0.009032707171820328,0.0,-0.0014397515999500499,0.0,0.02067171978017731,-0.07574872220900511,0.047560882330911936,0.0,0.0,0.0,-0.026822468364201272,-0.028354151176044638,-0.020532412426419892,-0.009309579157273542,0.0,-0.048678260682959044,0.0,-0.020894499153160065,0.0,0.02474938988687765,0.0,0.0,0.015078832477706654,0.023141004244913277,0.019355685588073674,0.033689451213254465,0.0,0.0,0.021602690994659342,0.0,0.018610546690813582,0.0,0.05221437114548593,0.0,-0.004536727581221877,0.015521699417747772,-0.015575448838896305,0.0,0.0,-0.012801121315174472,-0.020215595248211506,0.0,-0.05704175454403038,0.0,0.011396268535124227,-0.013909761014105631,0.02335077912519426,0.0,0.0
2025-09-18 00:00:00+00:00,-0.035256828606831235,-0.014734057162373063,0.0,-0.04755605395994166,-0.054446557862564825,0.0,-0.03351600820574804,-0.015152208810338144,-0.03210111547636782,-0.05670419460498485,0.07011886179324242,0.0,0.0,0.03731360350698517,0.0,0.14282115159128375,0.0,0.054354229153104776,0.0,-0.018614229826043067,0.0,-0.005295619098443418,0.0,0.0,-0.06680540292792726,0.0734954148077783,0.06803661694840185,0.0005729926779183324,-0.023443981366161628,-0.06543688161127122,0.016421724527510582,0.0,0.011907688873645182,-0.009710403101935718,0.0,0.0026179963289358053,0.0,0.024250355206845833,-0.10562535740496587,0.06522030186408292,0.0,0.0,0.0,-0.010617944477104502,-0.05681143688941937,-0.026706985291224786,-0.06764858911712611,0.0,-0.008694487906034483,0.0,0.036900694200829524,0.0,0.04282328404413454,0.0,0.0,0.042299936991533005,0.049335160867171,0.029443699035563826,0.05120054215325541,0.0,0.0,0.026609818352883827,0.0,0.02926708116658784,0.0,0.08341255883571332,0.0,-0.03763188619447165,0.03325843939341709,-0.030512513112041995,0.0,0.0,-0.008654128747668653,-0.0970316185039902,0.0,-0.08533827482003703,0.0,0.008956852507752966,-0.01150414252207057,0.024911902778510013,0.0,0.0
2025-09-19 00:00:00+00:00,-0.03495695607605141,0.03166378230140354,0.0,-0.03313150874358851,-0.053961101989274986,0.0,0.02176329520003539,-0.021216296725704156,-0.0325087109303538,-0.03479181011000438,0.06276818879666171,0.0,0.0,0.022251583902932828,0.0,0.10576482812812996,0.0,0.04297743350689821,0.0,-0.015030153600692157,0.0,-0.02415512108859109,0.0,0.0,-0.05353671348508795,0.057484198899720264,0.06001935098585184,0.015833565093909808,-0.03878622636861749,-0.06305243819467206,-0.006956370234897039,0.0,0.00285053655475859,-0.018025025047726146,0.0,0.01821181739980667,0.0,0.02144004317100562,-0.07925009393814046,0.05065458887131059,0.0,0.0,0.0,-0.012813992179451903,-0.02915858101405379,-0.02148062320444574,-0.025362927742338476,0.0,-0.04041448794367879,0.0,-0.0098594982698068,0.0,0.06130214743184567,0.0,0.0,0.03983078154120101,0.03266203517460125,0.01776067113985503,0.03754572881904487,0.0,0.0,0.03182459012701883,0.0,0.003263956220205332,0.0,0.0635005260647895,0.0,-0.0018327402984036195,0.04792741518360804,-0.035258925740430616,0.0,0.0,-0.012603991977532312,-0.057680519310332024,0.0,-0.07251176465121432,0.0,0.007145673256112474,-0.028854109719292944,0.0007439508136758334,0.0,0.0
2025-09-20 00:00:00+00:00,-0.029503567091964146,0.01715741117842755,0.0,-0.044890023316825116,-0.03781090672590112,0.0,0.031380251812471456,-0.027798193364102906,-0.027650483962504798,-0.03447987353059877,0.04662003255133161,0.0,0.0,0.011332623905130557,0.0,0.08607332959395825,0.0,0.08625555192572094,0.0,-0.0055466531503859514,0.0,-0.0258517874185421,0.0,0.0,-0.02801804736366994,0.03295909517897678,0.04549821326164379,0.021760188280219223,-0.03347289468687691,-0.044074832092142045,0.001797212043255597,0.0,-0.001261769010750338,-0.02501741010489354,0.0,0.011690810781338924,0.0,0.019493525283030187,-0.05741006891674981,0.04039463592468579,0.0,0.0,0.0,0.002739137163979618,-0.024569582711497957,-0.008143297108132884,-0.015360201707537885,0.0,-0.05453044691232283,0.0,-0.004673464700241603,0.0,0.046523239556958106,0.0,0.0,0.031133881318089644,0.019845092873091358,-0.007404018601380206,0.006070789453234218,0.0,0.0,0.011405498460115945,0.0,-0.01677815836568185,0.0,0.04406125439160199,0.0,-0.009058186752520752,0.02271961622768524,-0.022076340191487607,0.0,0.0,-0.013380099513790236,-0.01189477144824259,0.0,-0.05948683548622069,0.0,0.016316873628167573,0.0008087543899769592,0.016104895051873395,0.0,0.0
2025-09-21 00:00:00+00:00,-0.028275667637230197,0.013858425813433408,0.0,-0.042302936694603936,-0.013905778122698087,0.0,0.031169374784422367,-0.027975163611123968,-0.017197790124332275,-0.04423030322429044,0.043905053745460394,0.0,0.0,0.008027598935031426,0.0,0.0871400237667433,0.0,0.08355696041602077,0.0,-0.013841786647106469,0.0,-0.018566645841772197,0.0,0.0,-0.013388685618808596,0.02214996531799699,0.033256574707025824,0.03277534667156302,-0.020098100466119716,-0.04266477397639533,0.0015157334915901573,0.0,-0.01784280340696206,-0.019091866847692644,0.0,0.014329083553971325,0.0,0.025686359885099774,-0.05989512592141077,0.0411631364087292,0.0,0.0,0.0,0.005258383468115066,-0.027992431973350215,-0.005795066286906039,-0.03996370642475254,0.0,-0.05982747000064934,0.0,0.013290609333278466,0.0,0.047167562318619176,0.0,0.0,0.032425764263600027,0.02420050107767433,-0.005438362549368971,-0.007552722051203996,0.0,0.0,-0.0035690877610060996,0.0,-0.02649240122385755,0.0,0.04578716104448386,0.0,-0.01556568033124825,0.017564999772552648,-0.015180278181029506,0.0,0.0,-0.0025503305427686035,0.01239908642028996,0.0,-0.05586204102573225,0.0,0.015891402714342463,-0.009730313634601572,0.0022782122169777122,0.0,0.0
2025-09-22 00:00:00+00:00,-0.04708076523777638,0.030571393976174924,0.0,-0.03067782773613135,-0.006020753821458311,0.0,0.04308191426647408,-0.0212372441688073,-0.030234817137172184,-0.04945310560978774,0.045196993135377915,0.0,0.0,2.9882097161176236e-18,0.0,0.09624455500854044,0.0,0.09066695726009522,0.0,-0.00223760352348795,0.0,-0.008000137953470828,0.0,0.0,-0.010377287137150746,0.01612187478549903,0.03423817087243378,0.03946445958266224,-0.037492833863828144,-0.0776916235574269,-0.02173414745700029,0.0,-0.01742752569090133,-0.02285045097400721,0.0,0.01592990201127481,0.0,1.523322795841912e-19,-0.053792768938690214,0.04293684880540418,0.0,0.0,0.0,-1.9881754319317116e-18,-0.02365113581420658,-0.0002602729400273758,-0.01705205213485769,0.0,-0.05279456004614434,0.0,0.02959471879423396,0.0,0.04970972776063984,0.0,0.0,0.03259277267428511,0.027942883508415384,-0.0008500717377885413,-0.01732295825215386,0.0,0.0,-0.011829086619695627,0.0,-0.026234590936246485,0.0,0.042761756075249756,0.0,-0.011175805171359009,0.018860796406018773,-0.023034367441607848,0.0,0.0,0.007374866413054084,-0.011146644039486045,0.0,-0.049552517603253014,0.0,0.015258152421849533,-0.007255496331858236,0.009919708118098515,0.0,0.0
2025-09-23 00:00:00+00:00,-0.0504774056830976,0.01033158055205979,0.0,-0.026551603268459116,-0.021574051373965453,0.0,0.02444442162355421,-0.020439387669866003,-0.02222409629621267,-0.04522511773450365,0.040303381046950845,0.0,0.0,0.015945248493993328,0.0,0.061529193918933044,0.0,0.05060248274551786,0.0,-0.01556330546292906,0.0,1.6319659275165308e-18,0.0,0.0,-0.007281258271016691,0.019308374259601715,0.03259092199924896,0.03107401199857251,-0.03638821363539021,-0.059654895218292536,-0.015818218369279158,0.0,0.003701684186843886,-0.01903106513235843,0.0,-1.3531168649230175e-17,0.0,0.0016987255074303606,-0.04794143198077332,0.04282678211406512,0.0,0.0,0.0,-1.7241761565538792e-17,-0.010823238412819394,0.016009388702679414,-0.03355645993737691,0.0,-0.06251599951738626,0.0,0.023748777700658932,0.0,0.042060828199312915,0.0,0.0,0.019368797896638163,0.017775831642071725,-0.002602928034252119,-0.006890464462549762,0.0,0.0,-0.0027442314635989147,0.0,-0.009799220983763193,0.0,0.030182995218254956,0.0,-0.004072055001410487,0.023472465360673156,-0.013118068209792094,0.0,0.0,-0.0011377321618910446,0.031272046434637664,0.0,-0.04899751228879641,0.0,0.021766773409300638,0.016027795404563807,0.00838545215421768,0.0,0.0
2025-09-24 00:00:00+00:00,-0.018923724863997314,-0.006352603441483611,0.0,-0.04520976525513001,-0.01621606917588484,0.0,0.03423848447636456,-0.029485144482809433,-0.022945983787895613,-0.0528142058383306,0.044541671803503935,0.0,0.0,0.020695969823012226,0.0,0.0712954393454148,0.0,0.028549645845225312,0.0,-0.018411747752195153,0.0,-0.01475252894841981,0.0,0.0,-0.010187859709959288,0.022460646500322895,0.028249639854062442,0.032208414817505346,-0.0430425310158157,-0.05257065226137528,5.440082155837813e-18,0.0,-0.014510658545743894,-0.016921640885106753,0.0,0.010901202657553725,0.0,-0.009878697362330158,-0.051752380135695004,0.04742642085153302,0.0,0.0,0.0,0.016106141384952963,-8.03575722398205e-18,0.021419102873155578,1.7628579088112033e-17,0.0,-0.07049424805292494,0.0,0.02843119664627026,0.0,0.046610645747157585,0.0,0.0,-7.338132865012398e-18,0.018258854970574504,-0.007478206702287232,-0.00819882414941215,0.0,0.0,0.00023584657004017327,0.0,0.005656239062481434,0.0,0.030619221964537733,0.0,-0.009555935476573407,0.025651442248259358,-0.020320403335459272,0.0,0.0,-0.0,0.02823146002727874,0.0,-0.05900914292468179,0.0,0.017280884151388235,0.018719271522958544,0.0012451109599577815,0.0,0.0
2025-09-25 00:00:00+00:00,-0.0057390377458815724,-0.01565957003069255,0.0,-0.0398720385633323,-0.009626347066998414,0.0,0.012823226849966883,-0.018626125971815767,-0.019789853381044796,-0.0328313392976533,0.033941086619871365,0.0,0.0,0.014289199785351283,0.0,0.050656901075264174,0.0,0.06540853940489398,0.0,-0.009999657347432517,0.0,-0.008254872259611213,0.0,0.0,-0.0,0.024132912675315758,0.023118994018677758,0.032939890850930936,-0.036615501114794516,-0.06847617767387522,-0.0157157582573347,0.0,-0.014767527651062791,-0.010416543202662165,0.0,-0.0,0.0,0.005713177213265932,-0.04010092757041083,0.04540359275640748,0.0,0.0,0.0,-0.0,-0.0005647953478203362,0.017607270387889958,-0.03448974002916922,0.0,-0.06429819234927664,0.0,0.026665132799153553,0.0,0.04368067448036172,0.0,0.0,-0.0,-0.0,-9.027203970330254e-05,-0.0069645367212817265,0.0,0.0,0.0064090758143596094,0.0,0.0006798580674044168,0.0,0.014855769130911484,0.0,-0.02084212502824264,0.018576593875783462,-0.011821120228781895,0.0,0.0,-3.5062934644174124e-18,0.018305602117038595,0.0,-0.05219068149702656,0.0,0.023590210712071576,0.02371921024309556,0.035235821497889445,0.0,0.0
2025-09-26 00:00:00+00:00,-0.022046394419931573,-0.025055781018575737,0.0,-0.04106850356944922,-0.0010186556541799605,0.0,-0.012746449461308908,-0.0164885864657875,-0.020833587653578803,-0.020774732487028175,0.03896184470760932,0.0,0.0,0.030513029878891467,0.0,0.06582794233837139,0.0,0.06881063911980366,0.0,0.0071978826242179075,0.0,-0.026603349402679975,0.0,0.0,-0.009224498525341775,0.03566368559067168,0.02871230513603103,0.036466744281904676,-0.053320118027845115,-0.0789056055127743,-0.05684417955122794,0.0,-0.02112911349203984,-0.0037001918940104267,0.0,-0.0,0.0,-0.035597818798125194,-0.05842804908717006,0.04626863240128487,0.0,0.0,0.0,0.008349125113364147,-0.016544220656471265,0.020652668763509983,-0.016490793471575955,0.0,-0.05038148131559328,0.0,0.0466896089773665,0.0,0.04747918919476412,0.0,0.0,0.00837106307153758,0.017335003601715433,0.015590919888400384,0.009160866813860776,0.0,0.0,0.014315467767804917,0.0,0.018206357829069326,0.0,0.008410844326386412,0.0,-0.03865599217935088,0.003469903073782736,-0.017799471544332583,0.0,0.0,0.005428275022244766,0.04799085559856166,0.0,-0.05953049753495992,0.0,0.024915092316249787,0.022424396357421553,0.025975727928512236,0.0,0.0
2025-09-27 00:00:00+00:00,-0.02456647159407876,-0.020372149645598792,0.0,-0.04969065967771,0.00036999567495110306,0.0,0.007089751857426367,-0.019438718140283688,-0.02323003460191377,-0.012313525008586934,0.043341196531356846,0.0,0.0,0.03350016432328003,0.0,0.08251980924126306,0.0,0.0,0.0,-0.0,0.0,0.0236557999527797,0.0,0.0,-0.020009180802322633,0.03175232371187387,0.035347568473412645,0.04225396161492991,-0.0664431835352867,-0.08866245365628365,-0.07180870645245714,0.0,-0.005455245290494742,-0.009979767284690173,0.0,-0.0026573964776751913,0.0,-0.04087020417697983,-0.06409435485146589,0.051158405009906704,0.0,0.0,0.0,0.01599953390365901,-0.004418268459437304,0.0064433423972094905,-0.02818177993005544,0.0,-0.049348715156775635,0.0,0.06700859732954932,0.0,0.052120382111591354,0.0,0.0,0.009092497517177098,0.032951480776530644,-0.0,-0.012460558628753188,0.0,0.0,0.006988603213152293,0.0,0.0,0.0,0.0052292625028534925,0.0,-0.05080361311188621,0.021255169092017627,-0.01508504434123355,0.0,0.0,0.015701031068159902,0.07780138742800921,0.0,-0.07094088954984289,0.0,0.028173609778384526,0.045154707886041215,0.015922338978296695,0.0,0.0
2025-09-28 00:00:00+00:00,-0.006638675883809825,-0.027936926390399613,0.0,-0.06129484229122561,-0.01904280166815439,0.0,0.041185786469279555,-0.019207491836383987,-0.004566190225330421,-0.03755623163768096,0.04430799387039394,0.0,0.0,0.04285399739570106,0.0,0.06350402383365118,0.0,0.026507628088239595,0.0,-0.018857172863624226,0.0,9.937383056575195e-18,0.0,0.0,-9.791795780836305e-18,0.022726952940013135,0.027673862704279937,0.04852079269518723,-0.062289240078646425,-0.07896945319372584,-0.03854236604879591,0.0,-0.006682575242209243,-0.018866327663283063,0.0,-0.01603931835051358,0.0,-0.04012797058898257,-0.05201422799691031,0.056610262976728186,0.0,0.0,0.0,0.02356461570773953,-1.5769211212201976e-18,-0.0002596798868280868,7.146223358833253e-18,0.0,-0.05464023279625653,0.0,0.0485575162447675,0.0,0.0460786356756066,0.0,0.0,-2.2460932645756268e-17,0.023967778621503497,-0.0,-0.009626656228850646,0.0,0.0,-0.011451020661778805,0.0,-0.017291776106131335,0.0,0.010278486137974026,0.0,-0.04823063042682429,0.011552777381527947,-0.009438116789271981,0.0,0.0,-1.2227211052557902e-18,0.06936043303086027,0.0,-0.06938350697935515,0.0,0.030289343315431722,0.045856522955500884,0.045556021790586994,0.0,0.0
2025-09-29 00:00:00+00:00,0.0008460250125109427,0.00337439716467884,0.0,-0.05668656528372595,-0.03380581263771392,0.0,0.0067015614060921625,-0.029589708920277714,-0.007815290754207666,-0.034706902093385596,0.03830882493132826,0.0,0.0,0.01664004854067107,0.0,0.04124985114646818,0.0,0.07249871765183825,0.0,-0.024213612164606615,0.0,0.006278547056670958,0.0,0.0,0.025261589487967195,0.02145154382537181,0.029969595190841074,0.031767897054475046,-0.05351448168007405,-0.06255408437247137,-0.019954818925380945,0.0,-0.013575618734363486,-0.01934396076377121,0.0,-0.003762309588497737,0.0,-0.02554804509388833,-0.04735752292625779,0.0540058391935392,0.0,0.0,0.0,0.020107888160780085,0.015501738531618054,-0.0017164567495048628,0.0,0.0,-0.05463523359602377,0.0,0.0339821198109639,0.0,0.03582604585436546,0.0,0.0,-0.0,-0.0,-0.011809657027156745,-0.0136274321691956,0.0,0.0,0.00704333499027849,0.0,0.0,0.0,0.010645071076087191,0.0,-0.037732612019331924,0.013774284683800209,-0.01937411063583453,0.0,0.0,-0.0025574841743720737,0.029338454486570582,0.0,-0.061612120579050605,0.0,0.031884528372182926,0.04414188975557009,0.04489404750442251,0.0,0.0
2025-09-30 00:00:00+00:00,0.0049528865384047315,0.00047624525186106616,0.0,-0.05525843830376014,0.0011588386875467504,0.0,0.02858426125903784,-0.03760953707587732,-0.026908456100137475,-0.06300421778600743,0.018953105534697264,0.0,0.0,0.014290521492041188,0.0,0.052850694877366794,0.0,0.09172837932005014,0.0,-0.041736064219444036,0.0,0.017844264766483518,0.0,0.0,0.017898893391347214,0.015210908365765266,0.027816999558470713,0.0384056968553676,-0.06013303247691917,-0.03987165981467574,0.013058617564332553,0.0,-0.016061053939679472,-0.017801594579965167,0.0,-0.017817762567951693,0.0,-0.03250551774450967,-0.03622970825970716,0.05579238019444326,0.0,0.0,0.0,0.05137680886354594,0.016462858493981384,-0.012974784272680792,0.005419426710108755,0.0,-0.05688398958380234,0.0,0.037315234955843456,0.0,0.024779292514354564,0.0,0.0,-7.038878765439966e-18,-0.005080162051585571,-0.01075067649289384,-0.01975590299166257,0.0,0.0,0.0,0.0,-0.016580676804089728,0.0,0.010178335047390066,0.0,-0.038816456665056114,0.017719528249237986,-0.00037255965964503847,0.0,0.0,-0.004432409266911184,0.0021971169419754094,0.0,-0.06769754448029743,0.0,0.02295235061341142,0.04587247638751156,0.044986082702682686,0.0,0.0
2025-10-01 00:00:00+00:00,0.0033990302613446264,0.024594726155256767,0.0,-0.03329965950288695,0.0,0.0,0.047530816753264586,-0.03514231934534559,-0.0109003512684942,-0.04145043254042882,0.016380821990848123,0.0,0.0,0.030936508675447824,0.0,0.039778370420842014,0.0,0.09892711106843391,0.0,-0.033987979749149175,0.0,0.023478597050181082,0.0,-0.052054905238300996,0.030534494769590508,0.015528841281422588,0.014555566956051357,0.02777561552308299,-0.05304391811741984,-0.05924000897021505,0.0048522337185284755,0.0,-0.03306417319257151,-0.018680711359284268,0.0,-0.013543354603824002,0.0,-0.009781111341087044,-0.04354300754396779,0.042748468417265935,0.0,0.0,0.0,0.01774367760560286,0.007379547758896022,-0.023925155200058636,0.021566690491302064,0.0,-0.028421965797460987,0.0,0.0,0.0,0.01598711468585217,0.0,0.0,0.010012608116205919,-0.00365889589718473,-0.0,-0.014413513624411923,0.0,0.0,-0.01251692484774163,0.0,-0.02697124886671759,0.0,0.007921722930030736,0.0,0.0,0.013951051649843072,-9.086878796879771e-18,0.0,0.0,0.008389415306307465,0.008604817915973907,0.0,-0.05943307281100767,0.0,0.017876670570331484,0.04082066017027802,0.0437365203671543,-0.05830448870189819,0.03036549791011772
2025-10-02 00:00:00+00:00,-0.010959063422741935,0.020104151243986835,0.0,-0.00802900456932881,0.0,0.0,0.046719780025764816,-0.023333330238115523,-0.02937466206962489,-0.09037363551387685,0.01081596831693542,0.0,0.0,0.036372664778729705,0.0,0.018276042973711108,0.0,0.0958716604936855,0.0,-0.039220305159765184,0.0,0.00990527480641667,0.0,-0.048845457144363696,0.015668486713888128,0.012992145022291565,0.0188247857883744,-0.0,-0.03975738867423823,0.002637197270942649,0.017909820825182596,0.0,-0.012731078100471738,-0.02747159471226443,0.0,-0.011962020800327655,0.0,-0.005030147767432625,-0.0019700663689582384,0.016328066311334398,0.0,0.0,0.0,0.023711187218119382,0.01760487558015045,0.0020223561262604065,0.040543816334607866,0.0,-0.042219083921924805,0.0,0.0,0.0,0.015349923582915134,0.0,0.0,-0.0,-0.021554175218935823,-0.012112619498320737,-0.01404916733711993,0.0,0.0,-0.009458162951674362,0.0,-0.011939084264378749,0.0,0.019154720632962897,0.0,0.0,0.025051224543458397,-0.001747365496530133,0.0,0.0,-0.0,1.2020241982870374e-17,0.0,-0.03895100504716361,0.0,0.007328303590983755,0.045506813789041034,0.004429251032600955,-0.041711923739585634,0.01967182501479963
2025-10-03 00:00:00+00:00,-0.021507008499580035,0.019632770730571722,0.0,-0.02658433748889911,0.0,0.0,0.04718332502816276,-0.026279063745565556,-0.03511105789633473,-0.05918571210420931,-0.003512974224435704,0.0,0.0,0.008234974563749584,0.0,0.0481402104470478,0.0,0.10012198570608574,0.0,-0.05330401043815266,0.0,0.008720805368628395,0.0,-0.009692932831408256,-0.0,0.028051568694225353,0.029063692022452795,-2.3189212610247326e-18,-0.026902790697181957,0.007142795376390101,0.03654158465843858,0.0,0.005088828329019778,-0.02836575043378596,0.0,-0.004123164497408731,0.0,-0.012391145639645423,-0.019785773351791578,-1.1310098378203427e-17,0.0,0.0,0.0,0.03424771213187474,-0.005468930083865297,-0.007305328719922627,0.043426333869570045,0.0,-0.058676307353855574,0.0,0.0,0.0,0.012123726776541874,0.0,0.0,0.01346582472382153,-0.02061502156827176,-0.014730053382475773,-0.01164810656541352,0.0,0.0,-0.0104089096217307,0.0,-0.01893766134524092,0.0,0.03721155659832844,0.0,0.0,0.017791789791310828,-0.012258160784869892,0.0,0.0,-0.006761905640335405,-0.03207732779387812,0.0,-0.038462515807439784,0.0,0.006213119502007531,0.0454739999845652,0.049513772053042866,-0.05380345474130056,0.020509028901163316
2025-10-04 00:00:00+00:00,-0.024620196497271943,0.008521010766424973,0.0,-0.014563269059339247,0.0,0.0,0.04514274708928104,-0.03008880649301736,-0.03913838636015941,-0.06826225107278318,-0.004362409316805715,0.0,0.0,0.03207456519733415,0.0,0.04593273113130506,0.0,0.10065606426031984,0.0,-0.05378216353657843,0.0,0.014037587414425724,0.0,-0.03288802189876334,0.019772191952911224,0.016465282633509347,0.027696671370928655,0.0039579400781827815,-0.01958791377718272,0.0007528960098416782,0.028468074615347318,0.0,0.008588318914763136,0.02768110068649382,0.0,-1.2478357263857847e-17,0.0,-0.028329370309142125,0.003277576918302038,0.008832672152812238,0.0,0.0,0.0,0.007968203644869876,-0.025830638705725745,-0.005316137087980749,0.04288080745080406,0.0,-0.052325335382590696,0.0,0.0,0.0,0.010165561469961821,0.0,0.0,0.0045855100917171565,-0.020586318039522676,-0.01876461025402006,-0.013786232895503346,0.0,0.0,-0.002905449096348517,0.0,-0.005024931264752817,0.0,0.021445798842433642,0.0,0.0,0.020911501538638657,-0.01838884529655854,0.0,0.0,-0.012354252639887445,-0.03368945967606924,0.0,-0.044631959821990974,0.0,-1.4966205474608184e-05,0.04127427701915669,0.05019646595475273,-0.03780853576097263,0.015764903243923958
2025-10-05 00:00:00+00:00,-0.014734019242184974,0.006411026401017814,0.0,-0.011826863330859298,0.0,0.0,0.04565902989005077,-0.029297557243798934,-0.04088015687582899,-0.07542592085976624,0.0011744353976670403,0.0,0.0,0.021586749212062148,0.0,0.04401984250353629,0.0,0.11049248982214943,0.0,-0.05157465651903181,0.0,-0.015061066105361324,0.0,-0.022712919746321877,0.022757031483762413,0.016658762977946866,0.0259672991048721,-0.011886589728026016,-0.01697578953061142,0.0026191688243770864,0.03966405313665934,0.0,-0.003489154852755731,0.037958282901775865,0.0,-8.882551616692594e-18,0.0,-0.04426641032146238,-0.006477876122278089,0.01123892289678008,0.0,0.0,0.0,0.012788107120294899,-0.013081122662404278,-0.00402712453539759,0.04493123866613645,0.0,-0.04414915087725619,0.0,0.0,0.0,0.018989115999521876,0.0,0.0,-3.879057031595722e-18,-0.0236495343735527,-0.01454509110850225,-0.009747076619839312,0.0,0.0,-0.010519689754383775,0.0,9.367402095379339e-18,0.0,0.025793530294358706,0.0,0.0,0.03405909071556648,-0.02576220993965039,0.0,0.0,-0.010685850722778207,-0.017372691308673346,0.0,-0.045008637918715365,0.0,0.001167582176625791,0.03820097067039956,0.0374956974516075,-0.045042909302449155,0.008567641954721216
2025-10-06 00:00:00+00:00,-0.008558485791689902,-0.009406195514487748,0.0,-0.009836735787572609,0.0,0.0,0.0475365651730325,-0.020391934663871125,-0.03680872305187073,-0.08716702537360521,-0.006039650461278932,0.0,0.0,0.020643225573781118,0.0,0.03667946640591926,0.0,0.09706669282608643,0.0,-0.05564571676786969,0.0,-0.021310100386163624,0.0,-0.01461220978515741,0.029292553577592324,0.027508677537413283,0.008531849429015522,-0.019964987040855732,-0.024053494937449307,0.007390529257720106,0.04086939803121847,0.0,0.011546815292921148,0.04151539580758906,0.0,-0.0006303806808511442,0.0,-0.049131850335545096,0.001069108094993967,0.02107623837497805,0.0,0.0,0.0,-0.0,-0.01784224426479441,-0.020727923966506145,0.04134182762221653,0.0,-0.0551874710079623,0.0,0.0,0.0,0.024034425820645335,0.0,0.0,-0.0,-0.020686547468688782,-0.023099258090990966,-0.008417864316447067,0.0,0.0,-0.02812560926883342,0.0,0.009433245365471195,0.0,0.03162790273744904,0.0,0.0,0.0328847268030275,-0.02017487109959896,0.0,0.0,-0.01068544807671634,0.0,0.0,-0.03884866498956436,0.0,-5.889791895992487e-19,0.04401283357072536,0.033291915826574696,0.0,-0.0
2025-10-07 00:00:00+00:00,0.002658111391314969,0.005918345807126389,0.0,0.01701753185402166,0.0,0.0,0.04968802038783415,-0.036172289493453184,-0.019007013555442907,-0.07316982792671824,-0.022965574504041113,0.0,0.0,0.01174736827244695,0.0,0.05097778946022826,0.0,0.12651761570802172,0.0,-0.06221945289549427,0.0,-0.028157253148154607,0.0,-0.03768636416656284,0.019922002214555676,0.02847574010144438,0.037908718478121495,-0.02628355202082244,-0.01984791922165452,0.007723617488628483,0.052003473289510174,0.0,0.007862484452920477,0.039319192187912556,0.0,0.014637342723345232,0.0,-0.0182473932396572,0.0018457903852981258,0.008301062121990548,0.0,0.0,0.0,-0.0,0.012706189936876692,-0.02551221387716207,0.04189726814757053,0.0,-0.0532417342809667,0.0,0.0,0.0,-0.0,0.0,0.0,0.0160184970731999,-0.02358921931857727,-0.01814075881111907,-0.010186929121195116,0.0,0.0,-0.024631033582022427,0.0,0.011151766993509738,0.0,0.008630237087836716,0.0,0.0,0.019360836143028505,-0.009754961061539665,0.0,0.0,0.003565517774975528,-0.031179996272546792,0.0,-0.046824317127605326,0.0,-0.010145656597250455,0.04299544955063035,-0.007943372330935453,-0.031407170242564425,-0.0025359662368630545
2025-10-08 00:00:00+00:00,-0.02884002422615382,-0.0033532101277223823,0.0,0.015006229087489756,0.0,0.0,0.042434665907588404,-0.007405923650695894,-0.030418241355485317,-0.06507314770510365,-0.0157212803557868,0.0,0.0,0.008352220714393153,0.0,0.041070329229923735,0.0,0.08887322704485535,0.0,-0.04919350698230205,0.0,0.004668162853425844,0.0,-0.059525526142618426,0.023643603996425386,0.020844537518425233,0.02686600651787081,-0.007531941490331647,-0.018062992881811048,-0.008744532110249736,0.03672820877438628,0.0,0.0029582633639689236,0.03268038994242202,0.0,0.00614453403356585,0.0,-0.011154362540765501,3.2770622722377373e-19,0.01289176262566381,0.0,0.0,0.0,0.022083456722152034,-0.0038544782894098413,-0.020198819365491106,0.03934958826291158,0.0,-0.04240006780936389,0.0,0.0,0.0,0.021507734500342886,0.0,0.0,0.01785640772491671,-0.0214271486588915,-0.014227961593811943,-0.01680139342087364,0.0,0.0,-0.027983649391409616,0.0,-0.005462249630327307,0.0,0.021138792741011356,0.0,0.0,0.02232506585120452,-0.005343790577620549,0.0,0.0,-0.0,0.012943288783794525,0.0,-0.03837929840673088,0.0,-0.0034918650094532097,0.032909718985684726,-0.019514102204964665,-0.029166681255048614,-9.539462851023312e-18
2025-10-09 00:00:00+00:00,-0.02033751923294267,-0.013268306912582128,0.0,0.014128286246905113,0.0,0.0,0.04958202919534421,-0.022247660580035196,-0.026035694226579056,-0.03395308368376289,-0.019759965409221057,0.0,0.0,0.005271740464182422,0.0,0.0558552830516653,0.0,0.11920866031085829,0.0,-0.026974114437665765,0.0,-0.007461525823998751,0.0,-0.06198661305486695,0.012068849196063106,0.02364462947828594,0.02648779282826193,-0.019657063272374188,-0.0028988538879822323,0.009008758043545324,0.05378470954971443,0.0,0.030911474564691194,0.037687322468241184,0.0,0.012155052642363025,0.0,-0.03831702080021896,-0.010422269524320567,0.0090916265545207,0.0,0.0,0.0,0.01509528123169534,0.007258109585209626,-0.019176628314393915,0.05843620143370001,0.0,-0.05283298678498548,0.0,0.0,0.0,0.01466639765553125,0.0,0.0,0.02691727417390496,-0.012567997861929539,-0.0008514305162668396,-0.030150394066912986,0.0,0.0,-0.042307020757550017,0.0,-0.02812972177306604,0.0,0.03922481841862679,0.0,0.0,0.012673626470638525,0.014221166066923923,0.0,0.0,0.009703844747899896,0.01970764040242191,0.0,-0.030547601655492897,0.0,-0.029606850092474955,-0.007161079084500347,-0.06752473927116315,-0.05788786736086891,0.005273433604961073
2025-10-10 00:00:00+00:00,-0.010274638927115165,-0.010041080519082568,0.0,0.027200847690227008,0.0,0.0,0.03177090357516827,-0.025588098763936314,-0.026333933453102077,-0.06707798291650761,-0.006771705477357522,0.0,0.0,0.036187875105541494,0.0,0.03900356810710729,0.0,0.08843856672795622,0.0,-0.03332227858865301,0.0,0.0020213507867543326,0.0,-0.04970920274742568,0.027403254326527193,0.024133345928452007,0.006811347392429887,-0.02069879168286016,-0.005486834092282886,0.0036189426341978557,0.03783557048555016,0.0,0.013558884506648607,0.02977555605113568,0.0,0.012506082898063276,0.0,-0.033343629459662294,-0.007959836248822995,0.013779512185689688,0.0,0.0,0.0,-0.0,0.023824980380624586,-0.015372429196206109,0.04922737988018977,0.0,-0.03201595426250017,0.0,0.0,0.0,0.021591076491364776,0.0,0.0,0.01280837092782132,-0.011807316565788269,-0.014830289715668011,-0.031083756186186567,0.0,0.0,-0.034197054904397346,0.0,-0.02822003247667164,0.0,0.023935613968875596,0.0,0.0,0.01776209579439227,-0.0,0.0,0.0,0.018708816735946505,0.004508123341098142,0.0,-0.021867851619832682,0.0,-0.04481597421558997,0.0033620548567036518,-0.0435127374438125,-0.016539101637615353,0.02109639032261141
2025-10-11 00:00:00+00:00,0.007082578800268396,-0.009276184963878291,0.0,0.008361039042541346,0.0,0.0,0.018259791329562867,-0.015954099258058282,-0.011021936127207158,-0.05238593943481392,-0.008704265582183597,0.0,0.0,0.010113286128047103,0.0,0.022802393632346898,0.0,0.05971144950778208,0.0,-0.025822156432278438,0.0,-0.02516632160632288,0.0,-0.054629584554223266,0.022556110558199106,0.024030959133481158,-0.004362666521110965,-6.233685005513478e-17,-0.015230320078152218,-0.013346118556636855,0.031611055345358484,0.0,-0.006484338369288673,0.023570054774501647,0.0,0.0199167317603218,0.0,-0.038278283636435574,-0.026454103353677837,0.031705783794402954,0.0,0.0,0.0,0.026364151170757195,0.015962744415036565,-0.024734309724023646,0.021593848384224786,0.0,-0.023985967912429233,0.0,0.0,0.0,0.029615357363052396,0.0,0.0,0.018296065657177254,-3.7143951541736404e-18,-0.0,-0.017860896911231505,0.0,0.0,-0.029894933346693905,0.0,-0.03052944684986692,0.0,0.02590701487298506,0.0,0.0,0.01351122942612574,-0.0,0.0,0.0,0.013098453958826865,0.05089347219969497,0.0,-0.010391636939525177,0.0,-0.03536641948797488,0.012719802119812346,-0.042090747792342294,-0.021493135440395203,0.035780439504243804
2025-10-12 00:00:00+00:00,0.049904491798632565,-0.022092770816846238,0.0,0.05218466229197616,0.0,0.0,0.02897755403914824,-0.03430697500193608,-0.030988082106171114,0.0008571643324898674,0.020267053434823743,0.0,0.0,0.0,0.0,0.07396971917452971,0.0,0.09991115969471887,0.0,-0.036222714054237486,0.0,0.02287617222214433,0.0,-0.017638882968650408,-0.01557990542103878,0.028088017428603795,0.0098738016008506,-0.01847184004620276,-0.027604819156643246,0.03277339548599192,0.057821047467102565,0.0,-0.06714284050915509,0.01129511891956451,0.0,0.02866699974301214,0.0,-0.01970071174470157,-0.017241310830466438,0.0212949782322293,0.0,0.0,0.0,0.021418416757229008,0.01588079719607914,-0.004981339120821244,0.04501078638446115,0.0,-0.04371296638285827,0.0,0.0,0.0,0.05281624124688643,0.0,0.0,-0.044284944153081506,-0.03483202358939819,-0.02358715067539451,-0.03283280285519688,0.0,0.0,-0.014703030291284431,0.0,0.012145817106078986,0.0,0.025512748002833763,0.0,0.0,-0.01611125164435317,0.021047921697802598,0.0,0.0,-0.03682791505043731,-0.164121587392847,0.0,-0.026189835170248348,0.0,-0.027351694055816816,0.05524634349344144,-0.0891940569640961,0.03520274013244145,0.04267830211881075
2025-10-13 00:00:00+00:00,0.019067887177050984,0.0,0.0,0.04749698026301533,0.0,0.0,0.011671695827199865,-0.026144174378110743,-0.03406199225611431,0.002508718597213051,-0.0195160608033828,0.0,0.0,0.05855553561717376,0.0,0.054442111208509815,0.0,0.06417319184454211,0.0,-0.024584108539814055,0.0,-0.003748546534078495,0.0,9.898461887146888e-05,-0.003536650963177884,0.01920844864211441,-0.01606512395411937,-0.027852683539464993,-0.0035437710848845345,0.031516026011843695,0.06365254584511867,0.0,-0.06613042604131524,0.007418088314287028,0.0,0.010536794227376871,0.0,0.0,-0.013574414422831624,0.018042737972892138,0.0,0.0,0.0,0.024433179154226943,0.015966022027523154,0.021895708035544966,0.01773526915139361,0.0,-0.04171756758959777,0.0,0.0,0.0,0.02000506603974856,0.0,0.0,-0.048034789012205904,-0.033182901615684324,-0.010420892416990174,-0.03553313281629039,0.0,0.0,-0.010034400682597582,0.0,-0.020442511537883113,0.0,0.036824895909080405,0.0,0.0,-0.0067117593409018435,0.019925946808519196,0.0,0.0,0.008697024029443771,-0.09871294421620912,0.0,-0.0009589703271910529,0.0,-0.03960217324395217,0.01907219150926367,-0.07053750536409403,0.027968245118685276,0.03373420673025287
2025-10-14 00:00:00+00:00,0.03004049755800486,-0.00555851344712638,0.0,0.053211264273953986,0.0,0.0,0.006230140967053961,-0.02351325236017785,-0.024949065621355022,0.00037569924767567945,-0.017708400949987848,0.0,0.0,0.05935186288514893,0.0,0.0689054190895403,0.0,0.06327363426534334,0.0,-0.0015907965132982147,0.0,-0.008116666580832634,0.0,-0.02138670892745133,0.025541216502656082,-0.014662711141698847,-0.029008513626010698,-0.031951002023863403,-0.011747578380461452,0.032212798741520436,0.06344547769382117,0.0,-0.054032971663364376,0.005582271427254725,0.0,-0.0073799993771156884,0.0,-0.007291107355178695,0.0003394109646725482,0.019166429742379244,0.0,0.0,0.0,0.017252446956522626,0.008893861556324344,0.01751554122695147,0.01217126088916575,0.0,0.01872683592417922,0.0,0.0,0.0,0.036373964187719425,0.0,0.0,-0.048001500996519744,-0.03282067098061917,-0.024871417432691664,-0.04013168634442994,0.0,0.0,-0.00795912608682849,0.0,-0.015984068576552928,0.0,0.05144564777619777,0.0,0.0,0.009716520945558969,0.016758451101982454,0.0,0.0,-0.005660282014818644,-0.17056067975742797,0.0,0.003224391900258999,0.0,-0.041805543487674506,0.015353070120144004,-0.04901908569015994,0.043543777326687585,0.017059456064927557
2025-10-15 00:00:00+00:00,0.04432454421172314,-0.005658981466080092,0.0,0.05730949325856387,0.0,0.0,-0.013786945498941392,-0.027165266544135373,-0.020545356287923162,-0.007320202991232901,-0.014251220110439044,0.0,0.0,0.06319686884002551,0.0,0.0658573128901425,0.0,0.07031079020103723,0.0,-0.0074158612400315885,0.0,0.0160754901447618,0.0,-0.032348710039251556,0.013691605493726675,-0.014078055840571653,-0.0279658418903132,-0.03301192671153788,-0.008309828436795522,0.02968894300072481,0.07131303690349056,0.0,-0.052664079347212005,0.0043637268188458644,0.0,-0.0015037593079763882,0.0,0.004766501880877863,-0.011480001552438708,0.02158404590435931,0.0,0.0,0.0,0.02654979678690796,0.01508518833743739,0.022848547500135027,0.005999310336255251,0.0,0.016346234227764822,0.0,0.0,0.0,0.02569250339367715,0.0,0.0,-0.048170434371982686,-0.033282160153313874,-0.01967891179138926,-0.037034351531190536,0.0,0.0,-0.0010628775773371896,0.0,-0.008949320158703833,0.0,0.05224600487151691,0.0,0.0,-0.012279390391911942,0.01646936946485874,0.0,0.0,-0.009820087292770495,-0.18263661375143497,0.0,0.012950616257332027,0.0,-0.03819704641722249,0.02319809575358716,-0.058262897541215775,0.03068411751878648,0.016327984246815416
2025-10-16 00:00:00+00:00,0.022201274418409366,-0.014903905571869165,0.0,0.05841231798669351,0.0,0.0,-0.01789310040773162,-0.02732757514587408,-0.01333094804973409,0.007773100028260113,-0.017569190699866913,0.0,0.0,0.028838016419567236,0.0,0.07082878960664522,0.0,0.03324931139673439,0.0,-0.0047701959076238455,0.0,0.029781380269307697,0.0,-0.024496670996666723,0.02089320532985703,-0.019354191172177362,-0.01621468471737921,-0.03075766001557388,-0.011667664393455311,0.038001866682444575,0.07355057538871523,0.0,-0.05408305361670618,0.006858594501992276,0.0,0.0054391484425212935,0.0,-0.008887114067068217,-0.012608371280678139,0.03178038859411886,0.0,0.0,0.0,0.02834729541823862,-0.008868776924853461,0.025268927038114734,0.0094046009751775,0.0,0.028246722900037192,0.0,0.0,0.0,0.014761313335409153,0.0,0.0,-0.049316563081924204,-0.03152671738340977,-0.016327713776168973,-0.03235205161718543,0.0,0.0,0.007923325280643427,0.0,-0.01922443050476073,0.0,0.04484909874862917,0.0,0.0,-0.01904822214424149,0.01978583783835697,0.0,0.0,-0.00033280265469035845,-0.12364382664506463,0.0,0.02022242872060735,0.0,-0.04184890840066089,-0.010090774696297527,-0.07008666252592723,0.03057408827333981,0.039540168803768753
2025-10-17 00:00:00+00:00,-0.006667654095120836,-0.013560185967787618,0.0,0.04538622355945403,0.0,0.0,-0.022636934989273088,-0.02368923592537707,-0.006262579954052035,0.01948499723813913,-0.014827127805432057,0.0,0.0,0.009647466864460837,0.0,0.07193830906433764,0.0,-0.019229205873395935,0.0,0.008021963159915916,0.0,0.03781873199909895,0.0,-0.038773426210520316,0.03064583402255802,-0.025451180434813914,-0.0214824189452078,-0.027635357344732162,-0.010567739246735843,0.03844016199223377,0.07798910572149918,0.0,-0.05582366699939101,0.01352610353860718,0.0,0.013312445207626632,0.0,-0.0044629596614986,-0.014697695842448465,0.035403930396478496,0.0,0.0,0.0,0.03135049955160741,0.004155248423741079,0.030853138763608966,-0.009207647168622277,0.0,0.03707079742390718,0.0,0.0,0.0,-0.00039580383925788386,0.0,0.0,-0.046558849502171755,-0.027253919279663093,-0.003872245701881201,-0.03411634373965713,0.0,0.0,0.008787715296205824,0.0,-0.01949288342153098,0.0,0.0252546401786902,0.0,0.0,-0.0271538612549624,0.017162523733957397,0.0,0.0,0.0047572110990113025,-0.05461640696291053,0.0,0.010025405782197629,0.0,-0.026775927158948155,-0.01881547454159563,-0.07206829162902242,0.03447692312547515,0.04058564735319824
2025-10-18 00:00:00+00:00,-0.026661536769040758,-0.006862302652487509,0.0,0.03897673086501824,0.0,0.0,-0.01809606568145377,-0.02225724104743537,-0.008235037316438492,0.037431628028061735,-0.018704022377081363,0.0,0.0,-0.050205258656450126,0.0,0.06062778115003863,0.0,-0.009173152128804367,0.0,0.023072980586372017,0.0,0.05234570258262913,0.0,-0.035228914789531364,0.012893325164951352,-0.01899374083809579,-0.008662814072899185,-0.02706301050234698,0.004382702379046591,0.0484974601891384,0.0673533889020971,0.0,-0.044461732647577766,4.1506965853910614e-18,0.0,0.0047580441215998815,0.0,-0.004779573716802951,-0.004324683770058528,0.011953825677178346,0.0,0.0,0.0,0.024651651405052297,-0.007163872245456377,0.03290693612108976,-3.6086180954110215e-18,0.0,0.04560541029336564,0.0,0.0,0.0,-0.005935388411631227,0.0,0.0,-0.047025456300555164,-0.03501006089707062,0.0,-0.019991065630231623,0.0,0.0,0.02130565775192806,0.0,-0.002711993958753233,0.0,0.0147471560553611,0.0,0.0,-0.022798024911741266,0.01607762277214136,0.0,0.0,0.00595671053934844,-0.08344254010957149,0.0,0.026339559159136806,0.0,-0.03151858811206041,-0.0052795961724561285,-0.04173972741154093,0.02508521473807525,0.0313559126459426
2025-10-19 00:00:00+00:00,-0.021156161693987277,-0.0034676285636913167,0.0,0.02979979483116061,0.0,0.0,-0.022977190971184055,-0.027662969897518735,-0.006846559466717052,0.021319083833622698,-0.03935350805688381,0.0,0.0,-0.06260406771796773,0.0,0.04396800917640521,0.0,-0.019833146390275416,0.0,0.026647732814517832,0.0,0.05766074056282183,0.0,-0.03773932996804916,0.02252909136184688,0.010289971289068578,-0.014952137038689582,-0.030677049760516762,0.0006600024437724378,0.03615590347735214,0.07711199283887162,0.0,-0.04158962192535444,-0.016521801821779925,0.0,0.008826522565153988,0.0,-0.003150814431586414,-0.01106382914859977,0.007581255808920423,0.0,0.0,0.0,0.025519108010452072,-0.008902868058819865,0.02991770988860259,0.012465441665362944,0.0,0.040837243188364805,0.0,0.0,0.0,-0.03834342318660499,0.0,0.0,-0.04410574433645193,-0.022409779835331815,0.0034616986884048804,-0.017163003056481958,0.0,0.0,0.01804429391258237,0.0,-0.0,0.0,0.04989465020742658,0.0,0.0,-0.02202730200306717,0.017977053051604738,0.0,0.0,0.02030445051717474,-0.06752659529501834,0.0,0.006933484900369007,0.0,-0.03275526408804234,-2.04185215006296e-18,-0.02053528582199976,0.03127063727479781,0.03418921022596267
2025-10-20 00:00:00+00:00,-0.02524024828998964,-0.008751403146314762,0.0,0.015215615955462926,0.0,0.0,-0.03645255804810934,-0.03589592854792124,-0.001868459321657937,0.010850484311308759,-0.04332800493499253,0.0,0.0,-0.0961402619600457,0.0,0.02674370135634614,0.0,-0.04572214890411222,0.0,0.024343277886655572,0.0,0.05723244906604015,0.0,-0.052554744231598054,0.03356203530968477,0.013182245291473925,-0.011036681195646174,-0.02015761455806695,-0.009563380269719484,0.03466266484883023,0.061720075291751046,0.0,-0.04006890759358554,-0.011936332985548694,0.0,0.014094622997603463,0.0,-0.018367560166507303,-0.030326432459848122,0.006074748438565248,0.0,0.0,0.0,0.038555620057131416,-0.014066704155189765,0.036637319761908295,0.0172208439466552,0.0,0.04194338550080262,0.0,0.0,0.0,-0.03844995989683953,0.0,0.0,-0.04431687296905767,-0.00966090502900699,0.006042966990856629,-0.015351921502094534,0.0,0.0,0.024385293497157248,0.0,-0.015140939602357496,0.0,0.03176572076231217,0.0,0.0,-0.02075755981728725,0.028185763871411956,0.0,0.0,0.030426076095388534,0.12127615198652171,0.0,0.011303474527151115,0.0,-0.02344995725487759,-0.014257288392870065,-0.05115261055578267,0.007737232476423919,0.0408536155615843
2025-10-21 00:00:00+00:00,-0.02372511008159223,-0.01770933498051986,0.0,0.011486718478412171,0.0,0.0,-0.04252223658820948,-0.03932839719863496,-0.015258379911643803,0.0014511099376782722,-0.06216167090290226,0.0,0.0,-0.10176714239081587,0.0,0.028123936016631,0.0,-0.006436367607748855,0.0,0.015004738435769159,0.0,0.06393616931060353,0.0,-0.046020321988330525,0.013023246708564095,0.014670544492218026,-0.012825546463633774,-0.02929580120047234,-0.02456680934035696,0.03451360158129737,0.045722098686312794,0.0,-0.03664818703217895,0.050006634272885056,0.0,0.009607874734719217,0.0,-0.019252969868205804,-0.020741877287415146,0.001068933272252102,0.0,0.0,0.0,0.028300679524208207,0.04927790417481061,0.041774296431545586,0.04483524372189175,0.0,0.0439980885585379,0.0,0.0,0.0,-0.0655024750865191,0.0,0.0,-0.04568417064848044,-0.02660836504108842,0.003568117033781892,-0.016930832593978568,0.0,0.0,0.02001527284653187,0.0,-0.03334786751176853,0.0,0.011038669653630907,0.0,0.0,-0.04505391971227009,0.033749022037499514,0.0,0.0,0.038108510296673365,0.09601690871611974,0.0,-0.003211483247738425,0.0,-0.021973198140823408,-0.0059595998787379855,0.03522815154728379,-0.015033603116416737,0.04303919735062461
2025-10-22 00:00:00+00:00,-0.03279288360752287,-0.022844751746712307,0.0,1.1569630981459037e-18,0.0,0.0,-0.03781586474132224,-0.03540160637655215,-0.013754061561342729,0.003993002255926573,-0.06293821039478928,0.0,0.0,-0.09891070192268896,0.0,0.0,0.0,-0.0272702544401876,0.0,0.023710343159272108,0.0,0.05258749525257034,0.0,-0.046265849043196715,0.0172700817168418,0.024234986053252746,-0.0061638564580277135,-0.024077751704803,-0.020070024675084126,0.0372322108791789,0.025455584521063623,0.0,-0.02479721553969932,0.042136759113540374,0.0,0.01133225923686124,0.0,-0.021579119136670946,-0.03364761248764354,0.013171680692468914,0.0,0.0,0.0,0.03674108560435118,0.016757969065681316,0.026483956964167624,0.016339470594297724,0.0,0.04067394379393228,0.0,0.0,0.0,-0.05724354419443305,0.0,0.0,-0.04488078042543049,-0.011897567615051497,0.006297377810770494,-0.014214861512615888,0.0,0.0,0.01322543476658247,0.0,-0.013761959889299413,0.0,0.009467996885642139,0.0,0.0,-0.0454461586194658,0.02301707985378242,0.0,0.0,0.026569439492697838,0.1722766466176558,0.0,0.010339847926679522,0.0,-0.011340716730863497,-0.009257672756895102,0.018199695383604424,0.0015436871831047713,0.04731499075637174
2025-10-23 00:00:00+00:00,-0.026400799392535097,-0.022842737367441763,0.0,0.005486633148723971,0.0,0.0,-0.029763766400940195,-0.031295942129134516,-0.012406584222278727,0.003003781741604145,-0.056678491443592355,0.0,0.0,-0.08875531890873858,0.0,0.015008895309554845,0.0,-0.022272043909874705,0.0,0.015162039928882633,0.0,0.04484119680339664,0.0,-0.046200894256510756,0.031809263937215976,0.02267543049969589,-0.01570392250549353,-0.022365035445828314,-0.01862624621940218,0.02813577933539993,0.024942158677199247,0.0,-0.025263777801223356,0.042451983521281815,0.0,-7.535635595417354e-18,0.0,-0.014393199623594144,-0.025556394405674497,0.035583585233399245,0.0,0.0,0.0,0.03662200554243169,0.02297372957004432,0.016584263329441098,0.02215341933741011,0.0,0.036843563720340325,0.0,0.0,0.0,-0.04556327992136971,0.0,0.0,-0.03513355467094621,-0.007500156423903586,-0.0,-0.010480397284034975,0.0,0.0,0.020320429810976176,0.0,-0.008628764712359595,0.0,-0.0023752891222445383,0.0,0.0,-0.044061587862003274,0.02292480248090654,0.0,0.0,0.022489165365908174,0.13889355627324346,0.0,-0.0021936292187593118,0.0,-0.042166407125370856,-0.008700183473647915,0.009047321823909925,0.02515899013368783,0.02221640832224857
2025-10-24 00:00:00+00:00,0.022784820643177658,-0.006834261359446695,0.0,0.012527239697526275,0.0,0.0,-0.03463948807827601,-0.03785054156040955,-0.011582934705936378,-0.008813498421624467,-0.06532390962668742,0.0,0.0,-0.08248893978499854,0.0,0.040652822798001295,0.0,0.0917276532998712,0.0,0.019280341361777482,0.0,0.06621532638712252,0.0,-0.04855451970759306,0.005581345943958211,0.02954883065822592,-0.01802835378685441,-0.03895961231872397,-0.024999534055073748,0.020807966159100705,0.042470931501385485,0.0,-0.021452464850909,0.04742506712127744,0.0,-0.006350623009425553,0.0,-0.0423753559433132,-0.03867408471861689,0.013176268708221658,0.0,0.0,0.0,0.03501021138737607,0.014617579984712234,0.01183672779524191,0.018043098888541345,0.0,0.022002494070072907,0.0,0.0,0.0,-0.03065219501078137,0.0,0.0,-0.028821908414357444,-0.017095966621369734,0.002809682340100285,-0.00313241605605075,0.0,0.0,0.011826450069046233,0.0,0.025411547408417064,0.0,0.06593273571638401,0.0,0.0,-0.050778383741596766,0.03499237724433701,0.0,0.0,0.013133652936641661,-0.10284776399890146,0.0,0.023503005157649793,0.0,-0.04683340944805148,0.005889775064065209,0.025548967011870528,0.03126057642114711,0.013072669443748694
2025-10-25 00:00:00+00:00,0.021075005961560506,-0.005707831734342175,0.0,0.0283830319573535,0.0,0.0,-0.03582465500569214,-0.04977757314127996,-0.005030296289757268,-0.011148327430246107,-0.06485145122810552,0.0,0.0,0.03200993469389937,0.0,0.013189240938775108,0.0,0.07824929959557328,0.0,0.008424583253141904,0.0,0.07360164303864629,0.0,-0.037086712092382734,0.003527732901462907,0.013137893376527682,0.002978265144773675,-0.04128220653306768,-0.024818156239972612,0.03147464878490008,0.02012422217229933,0.0,-0.025641981905859337,0.04172168314759179,0.0,-0.006658654971726585,0.0,-0.010300388542787049,-0.018452232593963547,0.0016581245997402479,0.0,0.0,0.0,0.02578695449786377,0.023597292348457585,0.03585134304359204,0.030190144260627955,0.0,0.011395362312769556,0.0,0.0,0.0,-0.02945216424242014,0.0,0.0,-0.03257601155318715,-0.02683919832358141,0.0045132037178090625,0.005463367245387608,0.0,0.0,0.03218064677280151,0.0,0.020817042191189683,0.0,0.03768292826846374,0.0,0.0,-0.04184737041866208,0.014060662142269665,0.0,0.0,0.030073092090234867,-0.23064173830023807,0.0,-0.006397303330549583,0.0,-0.0422017764262292,-0.012284574951746332,0.05568926859384843,0.046762786229319224,0.01520120197491645
2025-10-26 00:00:00+00:00,-0.0016367130226054103,-0.0026161430931021133,0.0,0.0016158181344100022,0.0,0.0,-0.022863382885066952,-0.05126078824417677,-0.011404523013160498,-0.04337062896829374,-0.06681122797113537,0.0,0.0,0.0519338411295913,0.0,0.0005650414228379844,0.0,0.0996688364147977,0.0,-0.005151916728183741,0.0,0.05247433777075256,0.0,-0.013810255036400128,0.002609333552993991,0.014625023046478348,-0.0022746508774043293,-0.03279752640936832,-0.02559464765390884,0.0174846500391611,0.04051782156971831,0.0,-0.021152864952200166,0.03736065026664813,0.0,-0.01885504723543647,0.0,-0.0075684087319151635,-0.03303677866361585,0.022339995592087335,0.0,0.0,0.0,0.031439704516092605,0.03264307543664123,0.008142140101305232,0.04397427755927321,0.0,0.015471257501701181,0.0,0.0,0.0,-0.013300839206876795,0.0,0.0,-0.029999598979848142,-0.009001297568258055,-0.004281919707400067,0.00494656489801595,0.0,0.0,0.018549599889711103,0.0,-0.008222993210311353,0.0,0.05174504041942443,0.0,0.0,-0.037026615079304756,0.001993173420864935,0.0,0.0,0.03629789032476084,-0.23148159488724307,0.0,0.005030752699866456,0.0,-0.04997691954981373,0.016541126118481755,0.09052334772139863,0.031375171884159,0.013628810243856586
2025-10-27 00:00:00+00:00,0.010942163472308353,-0.009739650938476995,0.0,-0.01088075957670769,0.0,0.0,0.007243383845723905,-0.05033204310199395,-0.002898643072133835,-0.04784862025082424,-0.057949177034319364,0.0,0.0,0.09040273678446131,0.0,-0.01577275139449298,0.0,0.11721411242633178,0.0,-0.005860464583005739,0.0,0.02977993372243478,0.0,-0.038143331233898056,0.010860173010127216,0.01485490554002179,-0.00223174935289905,-0.02816634451237645,-0.011368492810638725,0.023202044522995558,0.0645191834265837,0.0,0.004060402833276646,0.036387230617217395,0.0,-0.022126632536418087,0.0,-0.0064113974466706945,-0.014688910013319175,0.010448313327380368,0.0,0.0,0.0,0.028416034129926857,0.01589244802136007,-0.010359372695825726,0.054746526628327165,0.0,0.008876157660739889,0.0,0.0,0.0,-0.014044378851377002,0.0,0.0,-0.025341564228492947,-0.017608861270872956,-0.0072667688490132,-0.01954279770677611,0.0,0.0,0.0004111095777020044,0.0,0.01158857799275733,0.0,0.06052288366021826,0.0,0.0,-0.030378937236058855,-0.011166660640370054,0.0,0.0,0.03443108258754305,-0.23149477898445545,0.0,0.026089840249540766,0.0,-0.03736518077605283,-0.0057788985246846475,0.08467794691818034,-0.021407682182579085,0.010607658849575296
2025-10-28 00:00:00+00:00,0.005359820793709356,-0.009830023393382173,0.0,-0.0224429006893637,0.0,0.0,0.0019948154707287854,-0.0059045252631952675,0.004218207326752634,-0.049185468805621954,-0.04819907404380126,0.0,0.0,0.0885218944901761,0.0,0.01863322031756562,0.0,0.15039222532068525,0.0,0.011223288496410118,0.0,0.027740379381534973,0.0,-0.04430898657469593,0.0016347893333681705,0.009398660751700197,0.0020657023421828654,-0.033275431779486095,-0.0063718577447377965,0.03592602053550305,0.07594342538914504,0.0,0.009719650862804461,0.008260545361299233,0.0,-0.012088133752086677,0.0,0.034095341620902726,-0.03238989748435916,-0.02037336378353827,0.0,0.0,0.0,0.021177357201978983,-0.01327215098630283,-0.010447189453648626,0.06344767142107138,0.0,0.003992891794015212,0.0,0.0,0.0,-0.01305890643269811,0.0,0.0,-0.021398740606303063,-0.021397156765591934,-0.017326598441695047,-0.01971722586615474,0.0,0.0,-0.002098903676304443,0.0,0.009699472941220458,0.0,0.056695104167778315,0.0,0.0,-0.022161501159583152,-0.01438024326831794,0.0,0.0,0.027033618389161438,-0.23384413840806792,0.0,0.017996920620388993,0.0,-0.037538600673209764,-0.02778787226843716,0.07936301385374517,-0.024181661873193896,-0.001553484990051721
2025-10-29 00:00:00+00:00,-0.005109980145031,-0.019462065546747162,0.0,0.006876610082340181,0.0,0.0,0.00504319066342702,-0.037234107324224705,-0.005436202332934344,-0.04287163801888199,-0.04973720693908045,0.0,0.0,0.07622560262230842,0.0,0.02324244020723579,0.0,0.1304627763449257,0.0,0.012510084421996148,0.0,0.015732101552099982,0.0,0.005598535183891779,-0.009037661740894647,0.0003783335390817674,0.008045838516021336,-0.028974954295985598,0.00032891464085955724,0.019760916312988614,0.055188676072117186,0.0,-0.021141629640334447,0.008085139201809538,0.0,-0.01948664523806347,0.0,0.0496016064980748,-0.020553260488492486,-0.005289333423845539,0.0,0.0,0.0,0.007648037953032697,0.010347464586825512,0.004217134149295558,0.04839611557668256,0.0,0.01012312626063379,0.0,0.0,0.0,-0.03302906538478038,0.0,0.0,-0.029584537468481137,-0.016069435059659798,-0.03357701575096897,-0.004204731397028154,0.0,0.0,0.00554558801406948,0.0,-0.011371942253462528,0.0,0.049980366527930996,0.0,0.0,-0.025875585328434793,-0.017844225128544815,0.0,0.0,0.02452501577576887,-0.20323488128163078,0.0,0.014520456052413243,0.0,-0.036632759316629446,0.015565756676027893,0.06520298243058127,0.005562875280934724,-0.002956821639237736
2025-10-30 00:00:00+00:00,-0.004824258062589969,-0.0318295538219763,0.0,-0.00996020199110911,0.0,0.0,0.01401938813279955,-0.04604053679722755,0.004485813525517188,-0.05034438106958003,-0.04791117507663214,0.0,0.0,0.09775158666544202,0.0,0.01237149952069875,0.0,0.1150137305045785,0.0,-0.018567409467808958,0.0,0.022499953893848856,0.0,-0.018842914110031445,0.006656950476991302,-0.012259443547010697,0.011040656607247023,-0.005705978685110747,-0.006392165010320804,0.016492534898015578,0.02003443854785111,0.0,-0.0013757869184808837,0.01583972958931578,0.0,-0.016599049206435366,0.0,0.06706743168447987,-0.036545214296929286,0.005299130114065531,0.0,0.0,0.0,0.027767325168189687,0.03431359981492598,-0.007146606590251005,0.06638564762657082,0.0,0.006891830571825159,0.0,0.0,0.0,0.016005719511202447,0.0,0.0,-0.012186396967258322,-0.01415511744090779,-0.02175132819024753,-0.0004403870592955938,0.0,0.0,0.0037101103897397734,0.0,0.00547591423975057,0.0,0.06322495660698862,0.0,0.0,-0.015623031801841124,-0.023668256777742272,0.0,0.0,0.042522367112568314,-0.23464173619848916,0.0,-0.0004376446336238092,0.0,-0.04491601421401215,-0.018908134757893606,0.07250722649703849,-0.02425225599790849,-0.022052563008936696
2025-10-31 00:00:00+00:00,0.0057926022002881385,-0.042065701290540825,0.0,0.006540348213063168,0.0,0.0,0.017895581758778704,-0.03954231705849918,-0.02541856788692162,-0.03932918153474399,-0.03808177674956871,0.0,0.0,0.0827700972336535,0.0,0.013464495053084509,0.0,0.10504244548284204,0.0,-0.008079129169279229,0.0,0.022265078723178455,0.0,0.01940991777380333,0.0026817366329418978,0.005321769908906978,0.00564221191112242,-0.012191826128987763,0.001775421385939217,0.03690879765428209,0.057751040404714515,0.0,-0.006073636769087481,0.013463950135540099,0.0,-0.025153014738140467,0.0,0.058700125091850665,-0.004663808494219843,0.012486778820002292,0.0,0.0,0.0,0.006497482160186597,0.023280675925400472,0.002446728661154797,0.053739590215145315,0.0,0.016654530646083646,0.0,0.0,0.0,-0.0034934623552226943,0.0,0.0,-0.02478866394656645,-0.037705752396830876,-0.031935649635309225,-0.023631664338278284,0.0,0.0,0.010897563050513027,0.0,0.011970140683909848,0.0,0.04133563315467285,0.0,0.0,-0.031022719193960647,-0.014777476228644445,0.0,0.0,0.03359419465337281,-0.21089567412056098,0.0,-0.010452442349297427,0.0,-0.04214197626313488,-0.015522534898796896,0.0628804567076049,-0.02618371521058461,-0.01805870348485959
2025-11-01 00:00:00+00:00,0.035217801910783185,-0.02418371999972593,0.0,0.010961895490165288,0.0,0.02973370643971085,0.00887503882021867,-0.022856743962720253,-0.009330205404498828,-0.016182576007060294,-0.033906117039205284,0.0,0.0,0.06414876176669444,0.0,0.036450927684927824,0.0,0.07389599344245487,0.0,-0.014108635746201371,0.0,0.0,0.0,0.008239682895744359,-0.01390973844695001,0.0049923043110510715,-0.005653278157516855,-0.02613367549053887,-0.00031351990074352274,0.031028320526855516,0.03537186095280417,0.0,0.0051430293729427985,0.021046070072148402,0.0,-0.014881467742728204,0.0,0.04618361541868636,-0.006235504411121077,0.005548890681130118,0.0,0.0,0.0,0.009800216684939684,0.019409931444868578,0.0,0.037444251357892665,0.0,0.0038138708912411313,0.0,0.0,0.0,-0.03373108200123582,0.0,0.0,-0.03335489976074966,-0.025067735022824365,-0.019046619532002308,-0.01498038285700856,0.0,0.0,0.0070265540195048075,0.0,0.025474224536829876,-0.0021724044164225364,0.029011966374382983,0.0,0.0,-0.019080964330971957,-0.007078439852282687,0.0,-0.024680075336551834,0.025804709145289872,-0.15996458017205986,0.0,-0.016978412493075357,0.0,-0.040018725502323084,-0.026102392145937365,0.051014777185708605,0.0,-0.0156865056945203
2025-11-02 00:00:00+00:00,0.036052418163350655,-0.05847110215712534,0.0,0.014091145973891831,0.0,0.03463660586298828,0.0075039916392355835,0.039270176023437714,-0.008257361440126041,-0.025452848055960632,-0.051563599123383035,0.0,0.0,0.10661244730611988,0.0,0.042621687630029166,0.0,0.06015935339058327,0.0,-0.024464620901829926,0.0,0.0,0.0,-0.014513375558174446,-0.03452192199684093,-0.03060351435325017,-0.0053086479202705435,-0.03324021691741791,0.004103704253910144,0.048270021563580644,0.025775291804038064,0.0,0.03456557062184716,0.030599076855048687,0.0,-0.01919050072047431,0.0,0.0713707806107146,0.04253251381590848,0.018802624161060034,0.0,0.0,0.0,0.006995747551508939,-0.002607206145576458,0.0,0.06919722608819506,0.0,0.0003573952890355875,0.0,0.0,0.0,-0.037950438736971556,0.0,0.0,-0.04598208276135729,-0.01967431231649345,-0.016248434432755737,-0.03481201875502196,0.0,0.0,0.023695480733747273,0.0,0.037933642514584524,-0.00478848666386877,-0.020106950444730463,0.0,0.0,-0.05673539594801728,0.014236033355123738,0.0,-0.009032997963858286,0.04958125267021908,-0.11619131837784709,0.0,-0.03017684014252478,0.0,-0.00834159484658334,-0.0919281347986623,0.005284199808727194,0.0,-0.02408446620776354
2025-11-03 00:00:00+00:00,0.04538821652997352,-0.05693608475870851,0.0,0.0017260380315389688,0.0,0.019915859772665915,0.005642157025339591,0.036378381444042616,-0.004483055679718686,-0.005848825866508722,-0.05490100367574759,0.0,0.0,0.07628387718451837,0.0,0.037064672656881806,0.0,-0.003951846098458147,0.0,-0.021395515534117327,0.0,0.0,0.0,0.0016553352165312872,-0.042135984784229225,-0.040801987228779056,0.0004951838078509639,-0.010792568361225018,0.0013959667948456446,0.05454896867684029,0.0023903556504040304,0.0,0.03341015767157697,0.02761908130182398,0.0,-0.012134647501462606,0.0,0.07071457243206278,0.04977673221141567,0.004395863224454821,0.0,0.0,0.0,0.004647993653425499,0.03352829365869021,0.0,0.06698270050292633,0.0,-0.001000034055161335,0.0,0.0,0.0,-0.04516917838250198,0.0,0.0,-0.030514865714430246,-0.02412993788838969,-0.018223414769958247,-0.0213238827787205,0.0,0.0,0.024192703860988547,0.0,0.0319380576359539,0.005926593664660668,0.0073114549278924966,0.0,0.0,-0.05796444099175826,-0.0011386852609316688,0.0,-0.005764784559258352,0.04029279831179763,-0.09899766131682934,0.0,-0.03006227547940219,0.0,-0.03987706978241761,-0.08199756043961716,0.03922501578441058,0.0,-0.01330172072518171
2025-11-04 00:00:00+00:00,0.021257885831360495,-0.043486786144152814,0.0,0.01603794493578603,0.0,0.04539862154590178,-0.0200777231102282,0.038616334836229504,-0.011689707817050332,-0.031056763258919914,-0.031587621218774696,0.0,0.0,0.08453863760637635,0.0,0.0488368525291512,0.0,-0.012474839334801908,0.0,-0.010449794913480987,0.0,0.0,0.0,-0.001323591783006233,-0.01678706281463911,-0.022205263516357415,-0.0080020258311773,5.602768634841049e-18,0.016148874268160533,0.06015761625632462,-2.8559274449789225e-18,0.0,0.02837802366808975,-0.007433709969063703,0.0,-0.011725769013750616,0.0,0.06771539967454095,0.047319016710060995,0.02215478334060467,0.0,0.0,0.0,0.0005579763252483892,-0.008463180724017244,0.0,0.044264575899296145,0.0,0.015618245520091214,0.0,0.0,0.0,-0.05113277941324401,0.0,0.0,-0.039627565459673865,-0.019336601343866534,-0.005542403963343421,-0.027093294029255584,0.0,0.0,0.027880219442646948,0.0,0.0236130311454483,0.0065403601417678685,-0.021378514271770743,0.0,0.0,-0.047729741390837695,0.01362813776772467,0.0,1.4254846937021074e-18,0.03440319835435207,-0.129659994206367,0.0,-0.014038677953409046,0.0,-0.02271766260163252,-0.06645775889890652,0.01398295173844297,0.0,0.004430145444122021
2025-11-05 00:00:00+00:00,-0.002334047712401808,-0.02989273580046408,0.0,-0.0015439475378022218,0.0,0.03545055477857521,-0.03016752705353627,0.038029912402740576,0.005991491656758983,-0.007030547391379781,-0.019972465960009587,0.0,0.0,0.029909651244283735,0.0,0.022081131391849106,0.0,-0.06041149314697862,0.0,0.0009622915956307548,0.0,0.0,0.0,-0.017768831509402276,0.003140587639515974,-0.01611259010091226,-0.0009966640130420349,0.00880275585659347,-0.005096112491452561,0.04311130181611702,-0.03988032810911221,0.0,0.0195108553970038,5.0014156866619337e-05,0.0,-0.005696546829025377,0.0,0.045409009948151,0.04092512933866845,0.017102447120089143,0.0,0.0,0.0,0.010167750122327856,-0.003069239043530646,0.0,0.04247104119712671,0.0,0.01916174746557149,0.0,0.0,0.0,-0.0325536811423631,0.0,0.0,-0.018338110813194485,-0.007290306707477011,0.01375650864141713,-0.014973526772731763,0.0,0.0,0.01865124465299698,0.0,0.004771190164420957,0.0,-0.032314236582453436,0.0,0.0,-0.026878888591601768,0.011190507442264139,0.0,0.004960765187063816,0.034917455414738854,-0.03140135927364745,0.0,-0.009524976078279797,0.0,-0.013606158358724486,-0.04251670529026201,-0.004839404070517492,0.0,0.0036850857495307134
2025-11-06 00:00:00+00:00,0.03218460907269534,-0.03749486440939719,0.0,0.011168682378803462,0.0,0.042061740963633854,-0.044476127796881135,0.044348691637237904,0.011218306640983782,0.001004237209002879,-0.0294639755574966,0.0,0.0,0.022598542907193032,0.0,-0.01658110329380242,0.0,-0.03267859659348732,0.0,0.00018810505391523227,0.0,0.0,0.0,-0.024081379463044197,-0.013011952285754386,-0.027734491558431253,0.0117676978578272,0.016033439248063785,-0.01047636942660104,0.04879297165537762,-0.05116594738734616,0.0,0.01693477966002884,0.003149816142267705,0.0,0.01010565268765255,0.0,0.039610809419606416,0.04005267722091739,-0.01379637701310252,0.0,0.0,0.0,0.011563975515909404,-0.02517180773694777,0.0,0.05655371277392897,0.0,0.01663959935045806,0.0,0.0,0.0,-0.028539954597471905,0.0,0.0,-0.006108191896201991,-0.015247144914997977,-0.007262450671477632,-0.027518987557447718,0.0,0.0,0.02690314521388915,0.0,0.008667610033065909,0.010578521057415673,-0.02553602052803541,0.0,0.0,-0.04337243552809449,0.001400894472964676,0.0,0.0005155727820458522,0.03562643892417039,-0.05482010991676125,0.0,0.002132105136008956,0.0,0.0,-0.05588054144150243,0.06038112734239785,0.0,0.008235367216820855
2025-11-07 00:00:00+00:00,0.01621382814780728,-0.019853481140828126,0.0,0.0011840374937831658,0.0,0.022181745507733972,-0.013042190387573543,0.029705742993887084,0.011737072195199417,0.006610331588256503,-0.0119280677489426,0.0,0.0,0.01443162797838428,0.0,-0.02147001667481651,0.0,-0.05592475689321858,0.0,0.00034533801501070984,0.0,0.0,0.0,-0.015463076661173022,-0.007744799112586475,-0.018463825934123306,0.014963849587993528,0.01041668884907262,-0.010018146453840691,0.03520072644909008,-0.027640499030082182,0.0,0.030194136069839672,0.0,0.0,0.0010720218912987959,0.0,0.01099846501632017,0.030944416240128687,-0.008550262798877372,0.0,0.0,0.0,0.0,-0.009836424888647265,0.0,0.02922601424959578,0.0,0.007535061644773384,0.0,0.0,0.0,0.02919985797514301,0.0,0.0,-0.0016990612913773938,-0.007095163278093061,0.007682101298383517,-0.014845885548719117,0.0,0.0,0.02009825922071325,0.0,-0.0,0.0,-0.024908228195548443,0.0,0.0,-0.02016898447429796,0.00770275358596285,0.0,0.004451775086856868,0.023158986352920134,-0.0454637689304948,0.0,0.0006281348908731176,0.0,-0.010643098927582056,-0.030079473704986447,0.007060089878441825,0.0,0.001896149868339233
2025-11-08 00:00:00+00:00,-0.0070651335387334245,-0.010511622670863013,0.0,0.010889587282593673,0.0,3.8641573312486185e-19,-0.002186775869667281,0.016549745949101982,4.304899636134049e-05,0.007686041676838378,-0.0060048995127971105,0.0,0.0,0.01104088110395512,0.0,-0.013403690247326164,0.0,-0.035327577916618544,0.0,0.003514125427106425,0.0,0.0,0.0,-0.012968860019492748,-0.0016189837836802052,-0.007300397745636352,0.014973151581034691,0.003074829228720034,-0.0036225394214123947,0.020806301295047267,-0.019063027725863813,0.0,0.012615280100556996,-0.0054266223663417615,0.0,0.0,0.0,0.0011136195819238047,0.01870649296866971,-0.008798493666261911,0.0,0.0,0.0,-0.0026709339911257343,-0.009564108524558164,0.0,0.020639907894976987,0.0,-0.0008236747102695665,0.0,0.0,0.0,0.02060361586551825,0.0,0.0,9.871832970563969e-19,0.008625376577738519,0.012897126314200398,-0.007000554300722559,0.0,0.0,0.007055786850124965,0.0,0.008693009263551297,0.0,-0.017960431836314954,0.0,0.0,-0.013176521055155387,0.004398469968743419,0.0,0.009627804714181185,0.013089948228851123,-0.023070965097430327,0.0,0.001751167789969903,0.0,0.001420115880677092,-0.013313634149649974,-0.008935986390521131,0.0,0.0
2025-11-09 00:00:00+00:00,-0.006956610094285892,-0.009851518636791458,0.0,0.00915646328553591,0.0,0.0022526364220750166,-0.004674974075453469,0.015045140748647453,0.001143041462997147,0.003480027446059168,-0.008239447034044145,0.0,0.0,-0.0009721420054985833,0.0,-0.011355752249492123,0.0,-0.04002425531479201,0.0,0.006012124656947965,0.0,0.0,0.0,-0.015124807775160617,0.0,-0.007823552528310676,0.018072127084012526,0.004352675715425691,-0.00593844766570729,0.017230084205420586,-0.018988269913351747,0.0,0.012350516742482165,-0.006014340783077651,0.0,0.0012009638688978718,0.0,0.005457550992871938,0.018618602046427405,-0.00966551181730894,0.0,0.0,0.0,-0.004134530119584935,-0.009768178077559315,0.0,0.02345591022152445,0.0,0.012574785725584552,0.0,0.0,0.0,0.02115397464022575,0.0,0.0,0.00038761585117426763,0.00833998293607471,0.01033519081282627,-0.0072463931116824335,0.0,0.0,0.007564374775412559,0.0,0.00974883672047256,0.0,-0.018239899451158684,0.0,0.0,-0.012346134258041937,0.0,0.0,0.010982804771614507,0.009315512355842123,-0.013394023591014995,0.0,0.009470073723542305,0.0,-0.0016175539776602135,-0.01608244066275579,-0.011534404202514555,0.0,0.0022921701331525763
2025-11-10 00:00:00+00:00,-0.005812124119122147,-0.011794386016763596,0.0,0.011003956106968147,0.0,0.010923703614060953,-0.0034005986578615733,0.012861969495147414,0.000696030083492106,0.0035924795542101096,-0.012318893483419389,0.0,0.0,-0.005833608938598718,0.0,-0.013484406112892337,0.0,-0.040578887071830126,0.0,-0.0005441667244222308,0.0,0.0,0.0,-0.018803479082203145,-0.0007809628963921243,-0.008322922407618347,0.020287031118774848,0.007347995821159397,-0.006875253207845313,0.015281009719789759,-0.01639495730868379,0.0,0.010450020935073722,-0.0054561456665319676,0.0,0.001980836417903819,0.0,0.006204653969738317,0.017076410730123396,-0.010883704729056313,0.0,0.0,0.0,-0.0011621151751215857,-0.011121326538018695,0.0,0.027705235962465328,0.0,0.010212811173314186,0.0,0.0,0.0,0.020140418164455578,0.0,0.0,0.0015594364223901085,0.006590823262402812,0.011065567499553697,-0.011518260378072728,0.0,0.0,0.014003121299664228,0.0,0.01220369168534132,-0.003837315625787962,-0.01789349475392449,0.0,0.0,-0.01559523042855805,0.003374449714483868,0.0,0.010450997188143992,0.011456033816141213,-0.018550654228857447,0.0,0.023770662455151033,0.0,-0.0027684632710879174,-0.019662278316204543,-0.00770623451841448,0.0,0.0008605234473397167
2025-11-11 00:00:00+00:00,-0.0014018947264098467,-0.016140045162170196,0.0,0.01578162851259253,0.0,0.006828843681377718,-0.0018844375806445226,0.012329160827238844,0.000488663717002703,0.008570184845690961,-0.016297487166392503,0.0,0.0,-0.008487481992730457,0.0,-0.021939059287651736,0.0,-0.04715323036154533,0.0,-0.003662906931281886,0.0,0.0,0.0,-0.01670042766164869,0.00624769476564174,-0.01070783570410514,0.01928472677063771,0.016721396734870973,-0.005340729182696061,0.006581145472536984,-0.022922199804335457,0.0,0.010869557478636866,-0.008298525894515324,0.0,0.0033949857863820984,0.0,0.019086112366185192,0.01827223146398494,-0.009779377862736409,0.0,0.0,0.0,0.004763335537058351,-0.013165470329635276,0.0,0.026004545264801747,0.0,0.0019911159825006194,0.0,0.0,0.0,0.02041816478647325,0.0,0.0,0.0077659595865510935,0.00476754868661302,0.004133140635788762,-0.01338316197366362,0.0,0.0,0.010952350013145111,0.0,0.003396175314509891,-0.00598577437672432,-0.01979632335182798,0.0,0.0,-0.018883040217509417,0.018360221482489086,0.0,0.010878405126996237,0.012619459308223904,-0.00798579427540475,0.0,0.01886396875739056,0.0,-0.006027249961566434,-0.0138042703509309,0.003754622461126364,0.0,-0.0033786212103209473
2025-11-12 00:00:00+00:00,-0.0004350757375961257,-0.015448178110506942,0.0,0.017660497378334205,0.0,0.005758311871214451,0.007319020217765692,0.0056400009538820906,-0.006205761291350914,0.011485136066750903,-0.015060431468552201,0.0,0.0,-0.004007056428354039,0.0,-0.03219452311734054,0.0,-0.04729876696787034,0.0,0.00712201670176596,0.0,0.0,0.0,-0.023307748313148535,-0.001156475384448103,-0.011335152134469012,0.024293415116028665,0.007227225437999205,-0.0031692543266855656,0.01237124438065713,-0.02573482339804998,0.0,0.010127394405181192,-0.008872032414579518,0.0,0.00661259359945392,0.0,0.0008113819599743736,0.008910516744790237,-0.016305349381321024,0.0,0.0,0.0,0.002768693489848816,-0.014258682642630307,0.0,0.030440700266721354,0.0,0.0038774427994695657,0.0,0.0,0.0,0.021200254440087236,0.0,0.0,0.009534468546863961,0.012383910530912753,0.009036793422394293,-0.015011444030285755,0.0,0.0,0.012800564512984518,0.0,0.010661237608974531,-0.009270442988839965,-0.024528564808753227,0.0,0.0,-0.02186364676141743,0.010448821505036326,0.0,0.012521026681923828,0.01898983248480906,0.013310074841899841,0.0,0.019589320111406624,0.0,-0.005039320612498243,-0.018507865872816238,0.006891920514171137,0.0,-0.0007832203997879785
2025-11-13 00:00:00+00:00,-0.002810112710063549,-0.02011951973400291,0.0,0.007962621271405661,0.0,0.00877550163249379,0.011208665952269669,0.010073804744646229,-0.013508214180010044,0.012052858794778019,-0.015452409324573431,0.0,0.0,0.011244671841541808,0.0,-0.03192520711372832,0.0,-0.0443125914174299,0.0,-0.0022983406730050196,0.0,0.0,0.0,-0.01765995938759725,-0.006346117864895443,-0.011605533876901983,0.01968168151554886,0.004755914999276621,-0.0015473104500790527,0.013810701468223304,-0.022383722419494018,0.0,0.010482632863148907,-0.007800481756558216,0.0,0.0020602018206273246,0.0,-0.0025540522927554577,0.010652690258324698,-0.017742047489352954,0.0,0.0,0.0,-0.0024116153717291754,-0.013988516139400898,0.0,0.03006266220284102,0.0,0.018316290621717215,0.0,0.0,0.0,0.02058989046071579,0.0,0.0,0.00817847594995408,0.012776431582604926,0.013294803518416517,-0.016841122156533234,0.0,0.0,0.01367200057233937,0.0,0.006616883488735857,-0.015420363165790289,-0.02753905582509697,0.0,0.0,-0.02343615827279887,0.013013674693020201,0.0,0.011875116141045762,0.02169047668586847,0.022884179505367554,0.0,0.018678262404173872,0.0,-0.0031602214889062466,-0.020273170746259332,0.008883519393411976,0.0,-0.0021587705255349883
2025-11-14 00:00:00+00:00,-0.005954058678150934,-0.021706121820549047,0.0,0.011357568084954264,0.0,0.002518450036670152,0.01117149267758888,0.004418890840544865,-0.017118259606165902,0.016322201581507833,-0.018010936630388875,0.0,0.0,0.025454435134510643,0.0,-0.04249371294005936,0.0,-0.051187107721912,0.0,-0.006600281715155213,0.0,0.0,0.0,-0.021581900775858042,0.005856684826845063,-0.01226215433572688,0.017532751557372182,0.009035038937440062,-0.0014781853258068309,0.013870824578511201,-0.03293088128139732,0.0,0.0074519979473041805,-0.007983785434734336,0.0,0.003319365491393688,0.0,-0.0042975216188270654,0.007203065893508192,-0.020794984862821643,0.0,0.0,0.0,0.0012735613394974886,-0.016215617799760298,0.0,0.03410503743929002,0.0,0.016950974118166387,0.0,0.0,0.0,0.02235255749113633,0.0,0.0,0.011589832747962462,0.014629529646313042,0.012431356589395759,-0.018404600341216198,0.0,0.0,0.005637989468742844,0.0,0.003511742799346322,-0.01788956481749962,-0.03397744497574846,0.0,0.0,-0.027520752065268266,0.01363058938095226,0.0,0.012451737322984248,0.027877463488405845,0.04919642843144119,0.0,0.021432831254487257,0.0,0.0032092025787209145,-0.01997394952199249,0.01956892372892754,0.0,-0.006980703144882351
2025-11-15 00:00:00+00:00,-0.00897659512861497,-0.0269859231357801,0.0,0.0035497082558406563,0.0,-0.008104706796877782,0.017581625895903397,0.00583382140096669,-0.014929867902282514,0.01782087155924828,-0.021252609964798184,0.0,0.0,0.021298320778730163,0.0,-0.02714419481265483,0.0,-0.060599853576564236,0.0,-0.011533988894132055,0.0,0.0,0.0,-0.02221832650528171,0.006688481222237783,-0.01592998400492114,0.02004515264195067,0.01894430780567941,0.002277314266949297,0.005791620187941152,-0.022320727340345153,0.0,0.00888063438563618,-0.0024602350166025634,0.0,0.005113959608440653,0.0,-0.006530291309706619,0.010407532646637463,-0.019782087606602265,0.0,0.0,0.0,0.010054039285314325,-0.013330979037490939,0.0,0.03767652542867359,0.0,0.020040732282517522,0.0,0.0,0.0,0.020119081988982195,0.0,0.0,0.017036267210239545,0.01367086586190495,0.01093528832227152,-0.0241052988580393,0.0,0.0,0.0009369078124106809,0.0,-0.005877785079558138,-0.01381257985741664,-0.03244766440508001,0.0,0.0,-0.03086613095176165,0.01767249858226858,0.0,0.01046483604828644,0.02450842652123701,0.04863716444542144,0.0,0.021795585006021852,0.0,-0.0005249072923352771,-0.02202953760722579,0.027584756605656142,0.0,-0.013602050973295794
2025-11-16 00:00:00+00:00,-0.007436582198432492,-0.03391321777839625,0.0,0.01237554433522475,0.0,0.01953667308469931,0.01737641557586397,0.00776573011608867,-0.02034033565236863,0.02426330007725074,-0.025608136403222778,0.0,0.0,0.03520300968911469,0.0,-0.030944502664373846,0.0,-0.06417275143109448,0.0,-0.011813849222071902,0.0,0.0,0.0,-0.019195154560595208,0.0039655196641499345,-0.003379382223295957,0.015222496753643266,0.018366928743147826,0.0003737878889747322,0.025311845853178996,-0.026258287181498006,0.0,0.009959498844352278,-0.002924194009251983,0.0,-0.001083484080717603,0.0,-0.010331308480012813,0.008009707326532866,-0.02432452735089976,0.0,0.0,0.0,0.0077398433615738374,-0.011473475771571835,0.0,0.040939200510176264,0.0,-0.005400317155128205,0.0,0.0,0.0,0.01562972465475872,0.0,0.0,0.02087532268369141,0.014408850277939865,0.015759915399334988,-0.02956204445120229,0.0,0.0,-0.0002533928047617846,0.0,-0.011686067440371015,-0.014126814314870277,-0.03825072249902353,0.0,0.0,-0.03698734066796571,0.020344107410739762,0.0,0.002931251484513827,0.03138773147673815,0.058991967477157084,0.0,0.024144842806351277,0.0,-0.011846239776630636,-0.023667099331145944,0.03003703791238838,0.0,-0.01594102595868268
2025-11-17 00:00:00+00:00,-0.009610835355515154,-0.03129112271734458,0.0,0.010056748297887311,0.0,0.014701611903844303,0.009688319862307903,0.012064350542099908,-0.015176062048236582,0.018564995783781492,-0.020227417210531944,0.0,0.0,0.03307700478792141,0.0,-0.01985899350517189,0.0,-0.058305221517992466,0.0,-0.0025068047316127444,0.0,0.0,0.0,-0.027526534689477664,0.005038697496962874,-0.009447649849731619,0.01834918147402963,0.01380043146222024,-0.006371085692287642,0.024914817884429712,-0.03291680765099687,0.0,0.010788915596147058,-0.0008144572644505085,0.0,-0.0034034945344521574,0.0,-0.010269212561863573,0.009360050184849672,-0.022900712993928735,0.0,0.0,0.0,0.0029235951219028044,-0.01416895659666896,0.0,0.021639712555478783,0.0,0.008822209576490067,0.0,0.0,0.0,0.010329914497543388,0.0,0.0,0.018974901255912075,0.01516662503159933,0.014975184385222152,-0.022266588383316844,0.0,0.0,0.003398249948126178,0.0,-0.005874604704119218,-0.016623360369326372,-0.033911440161855405,0.0,0.0,-0.030984918490621814,0.018851881536511902,0.0,0.004442014866846514,0.026751562227338682,0.06324690912927976,0.0,0.02164119082531236,0.0,-0.007094698379363863,-0.020824568011136885,0.022747531674876843,0.0,-0.011941060488918888
2025-11-18 00:00:00+00:00,-0.008913716290298607,-0.028501824169352215,0.0,-0.002933381486666918,0.0,0.00608162939157251,0.0143295085819929,0.012289828230398585,-0.012088040320251547,0.018849229010437403,-0.018628077849888493,0.0,0.0,0.035055932379442344,0.0,-0.013217585496848443,0.0,-0.05532909542064511,0.0,0.003438240026978401,0.0,0.0,0.0,-0.027839589751773235,-0.0030799427940709457,-0.012391660907708362,0.015969131493204645,0.007844682402941807,-0.0068046553165865544,0.016093152810951403,-0.026140732568018625,0.0,0.010679161308741504,-0.0012886633067766583,0.0,0.00024378565905500653,0.0,-0.009492633875891835,0.01600128140388556,-0.017255273593988082,0.0,0.0,0.0,-0.003950849802823342,-0.012116047929233839,0.0,0.025120524892010235,0.0,0.012739901315885111,0.0,0.0,0.0,0.01973633983079131,0.0,0.0,0.014162560722248044,0.015077648910674066,0.015275864200091242,-0.017551209436744923,0.0,0.0,0.00028499243674648335,0.0,-0.008099527098188928,-0.011867546175897303,-0.029675947014474107,0.0,0.0,-0.02683593492037527,0.011482145990243171,0.0,0.006616980693043794,0.023375444407711547,0.06734194840933208,0.0,0.018169462433422125,0.0,-0.004745050913347622,-0.02356493076133381,0.0018028435477374831,0.0,-0.0057503032883540455
2025-11-19 00:00:00+00:00,-0.008115107863577952,-0.030341134040904695,0.0,-0.004834083677994323,0.0,-0.004596726963917672,0.02338632486644495,0.007760237135478406,-0.012847482340309108,0.01837319770262092,-0.023902737917721337,0.0,0.0,0.04816555180916393,0.0,-0.003460076858001555,0.0,-0.05690455908514035,0.0,0.004541646485546566,0.0,0.0,0.0,-0.009680936907276965,0.006307963639586534,-0.0032301326457491292,0.014013299597424967,0.014032699165884564,-0.005195353208506486,0.0171126703116945,-0.02526174372286182,0.0,0.010869691869544132,-0.0009858194203738835,0.0,-0.0036214606255261248,0.0,-0.011607392136276432,0.006085014649735952,-0.01620320677105465,0.0,0.0,0.0,0.004116656387805613,-0.013531590195276475,0.0,0.03214339761339487,0.0,0.013766711433976413,0.0,0.0,0.0,0.0172372699719145,0.0,0.0,0.01848747645155457,0.018961874253857938,0.017072818708518078,-0.022154725472623687,0.0,0.0,0.002058969275332989,0.0,-0.005044522213128719,-0.015456146877985315,-0.017527883720736947,0.0,0.0,-0.02703547499773582,0.021753660327660004,0.0,-0.0017409814407400998,0.019446700091909342,0.0025061461038843424,0.0,0.01794465623125076,0.0,-0.005848316801315323,-0.022409228201377245,0.005559983748009936,0.0,-0.010167793726082735
2025-11-20 00:00:00+00:00,-0.0074855400844358,-0.025020579034275733,0.0,-0.003961759575715018,0.0,0.012461630174898904,0.02383636405330037,0.007925564626694769,-0.006269546421286168,0.0155429266841078,-0.01858608580940977,0.0,0.0,0.027310978881122525,0.0,-0.009336003570900125,0.0,-0.04883493307427409,0.0,0.008597284536745985,0.0,0.0,0.0,-0.011064373233352243,0.013832084168133012,-0.0068552051573164755,0.013502181206388563,0.0077858164127003575,-0.003936853678230245,0.012186144529447612,-0.02223595310754154,0.0,0.00943207920633135,-0.011347443170280518,0.0,-0.003994362223598885,0.0,-0.011033111707686918,0.004867802278477642,-0.009083755156191139,0.0,0.0,0.0,0.0031606986886251174,-0.01258780051440951,0.0,0.025010858641755247,0.0,0.025101177214588374,0.0,0.0,0.0,0.021223178793685994,0.0,0.0,0.014836726917561632,0.014652132579106397,0.013945898589994976,-0.01653344772750771,0.0,0.0,0.0007725893198506299,0.0,-0.008394840873542503,-0.014861028256624258,-0.015069009093577095,0.0,0.0,-0.022419102919604614,0.017828945478706663,0.0,0.0037034937646807137,0.015205270400735167,-0.0030133003674107494,0.0,0.018087552365500043,0.0,-0.0023345257061998287,-0.02079132182547495,-0.011653880095428532,0.0,-0.004105617128865415
2025-11-21 00:00:00+00:00,-0.00671712719984707,-0.024811056646981997,0.0,-0.005206040672611284,0.0,0.010454653104929289,0.018116298561111452,0.006772486222032332,-0.006507899084158924,0.02575086922299426,-0.015414732985202061,0.0,0.0,0.03206980188274837,0.0,-0.012039093361642859,0.0,-0.04639733224375007,0.0,0.01843514289018645,0.0,0.0,0.0,-0.014414216381235842,0.007249007032742795,-0.004061689083430931,0.011266156890522497,0.005781952180113425,-0.0060690598804210676,0.01121428571307003,-0.023244462516961568,0.0,0.008590940180922798,-0.013572841625713988,0.0,-0.0019479470710236806,0.0,-0.00945284726309834,0.005277163196764081,-0.010783099193918377,0.0,0.0,0.0,-0.00012386980674966764,-0.010019527433104984,0.0,0.019516675282208,0.0,0.021365813302359246,0.0,0.0,0.0,0.011613916131774673,0.0,0.0,0.01657133055613223,0.018458602675881605,0.01640463878200067,-0.017568517760218606,0.0,0.0,-0.0010588454400973098,0.0,-0.008761209097656259,-0.014952859071055483,-0.005631953832126007,0.0,0.0,-0.02152522888336539,0.01833392766311172,0.0,0.0007979662860418614,0.017155247184037624,-0.014044167763335896,0.0,0.014604921345457907,0.0,0.0023003435304956754,-0.01924957127533823,-0.011530559053299827,0.0,0.007003614808706676
2025-11-22 00:00:00+00:00,0.010526412008582163,-0.028777084616008662,0.0,-0.010285273788110639,0.0,0.029497414678143718,0.007040320874208772,0.010894490549708577,-0.007158347822170844,0.021901013516757516,-0.013111747455322882,0.0,0.0,0.046555436200643494,0.0,-0.029562974668948114,0.0,-0.05291531191826898,0.0,0.017747748163076865,0.0,0.0,0.0,-0.005205666457447462,0.012342940134725618,-0.004207595397998904,0.005848710049240533,0.002598163466534581,-0.005923894056917609,0.020222270960918994,-0.01989570509951547,0.0,0.011347121339538066,-0.013681139193252456,0.0,0.000265981904935388,0.0,-0.003978431353250987,0.01195607216515669,-0.017389420649642755,0.0,0.0,0.0,-0.002390235806152001,-0.011316624240908124,0.0,0.01799666076141855,0.0,0.023559339477597672,0.0,0.0,0.0,0.013517785943675883,0.0,0.0,0.00024046196718950356,0.016178263447014524,0.017418398848479403,-0.0178980045206849,0.0,0.0,-0.00899892829123296,0.0,-0.01792513977641246,-0.022822685091379,-0.0005921322015893102,0.0,0.0,-0.024523446414741103,0.023535848607656836,0.0,-0.0014099369951942,0.016530815049679175,-0.016274729228948685,0.0,0.021288885007239588,0.0,-0.0004210476869261664,-0.015738676135438435,-0.00416600679410027,0.0,-0.0024403694615587656
2025-11-23 00:00:00+00:00,0.017234234393246933,-0.02805787418918863,0.0,-0.009950620824120961,0.0,0.019524419015137025,0.0061159503635771755,0.014114434239024747,-0.008194518260369116,0.024447964418977657,-0.014281463676670098,0.0,0.0,0.04764611804607394,0.0,-0.038114354571464046,0.0,-0.05453957889886096,0.0,0.019686680067377133,0.0,0.0,0.0,0.00419779112412418,0.009257237563285206,-0.007888856675582923,0.0043767918140950705,0.006945068647684565,-0.0019910730644339845,0.02692485383246556,-0.017607754707513596,0.0,0.012117604896270414,-0.015211565657289644,0.0,-0.0046976684467954334,0.0,0.0033985999812687537,0.0099287945974938,-0.016489289703930217,0.0,0.0,0.0,0.0073878425131202585,-0.0077470471655665665,0.0,0.005874511683884603,0.0,0.01231871746032694,0.0,0.0,0.0,0.009984901254383696,0.0,0.0,-0.0034017552597892355,0.017072903808642438,0.020107782159865736,-0.01609756209501497,0.0,0.0,-0.008330636683622123,0.0,-0.01766213187475032,-0.022752990444275534,-0.003951682200159905,0.0,0.0,-0.025050422354450128,0.02433194423510676,0.0,-0.004234932569492838,0.005267203247711653,-0.02182266232061119,0.0,0.019871125745162452,0.0,0.009298651189449263,-0.012012177212774634,0.00905335082593026,0.0,-0.006396858266959157
2025-11-24 00:00:00+00:00,0.021946171414308227,-0.040545638189473515,0.0,0.013341268768366188,0.0,0.00950990772823604,0.0002962322382579343,0.01821668790121186,-0.014916369669732654,0.023978574203846192,-0.020516829242429823,0.0,0.0,0.05705303519303103,0.0,-0.042604293767487596,0.0,-0.06369317606946996,0.0,0.0156453092105894,0.0,0.0,0.0,0.02242744116166022,0.014966703247253483,-0.0035100668258530275,-0.005655497663121168,-0.004178717702107378,-0.005149534239704175,0.03194712637029089,-0.026515868819655068,0.0,0.01356571243235269,-0.020225030167660796,0.0,-0.006802756696063058,0.0,0.03957904711779385,0.014121065819370946,-0.02703357771802542,0.0,0.0,0.0,-0.0025114813426758624,-0.008856176898106029,0.0,0.009834947211115618,0.0,0.011785207205341455,0.0,0.0,0.0,0.00593763276347041,0.0,0.0,-0.009096242641152866,0.01938488102659326,0.020832348128480036,-0.022498974384384505,0.0,0.0,-0.015642064039388066,0.0,-0.020913435888322767,-0.027141147165319627,-0.00418691070190856,0.0,0.0,-0.03590994436814641,0.023564596077162533,0.0,-0.008121072985272156,0.000771711894719595,-0.019522877961844064,0.0,0.02102879195487069,0.0,0.007659995535493774,0.02704222093509557,0.02417854420034574,0.0,-0.012867474591953037
2025-11-25 00:00:00+00:00,0.028759081512030778,-0.04235066941255108,0.0,-0.011598733454342607,0.0,0.017207209803952746,-0.013416099504087422,0.020133140075299327,-0.011645576494707275,0.00993762501172977,-0.020670207509777005,0.0,0.0,0.06519231882541586,0.0,-0.03981180300432925,0.0,-0.07234339929043077,0.0,0.009846388301382292,0.0,0.0,0.0,0.010826458611506839,0.026478265241500428,0.01778341833146292,-0.010794762497368035,0.0009585528149185696,-0.01230726325618377,0.04053055483504609,-0.009753845758392991,0.0,0.010146613903237607,-0.010212092196139532,0.0,-0.016180183773832083,0.0,0.025956313980964738,0.00851517323047646,-0.03379726460940998,0.0,0.0,0.0,0.010599520198220089,-0.010971559203035464,0.0,0.0227624309254195,0.0,0.01623115434178695,0.0,0.0,0.0,0.007253203242532782,0.0,0.0,-0.007132320883091935,0.018740468614790336,0.025882210057697096,-0.012454082534550668,0.0,0.0,-0.015410016123507562,0.0,0.005791756509586828,-0.038783746760828006,0.012174404984798149,0.0,0.0,-0.02102727725731924,0.0036332066352493496,0.0,-0.013675910711407297,0.007223736445724349,-0.0696510467200099,0.0,0.009574463364834558,0.0,0.011400495962993997,0.016674476171374703,0.050757924919161174,0.0,-0.016982705897792508
2025-11-26 00:00:00+00:00,0.02844273524770882,-0.040099036016538504,0.0,-0.0012436531909857192,0.0,0.020205007950346535,-0.020647179501839145,0.0212197504699408,-0.010785916204239973,-0.0034158879149843446,-0.008642729910090095,0.0,0.0,0.061483730579399286,0.0,-0.04065862219808859,0.0,-0.07011865576849405,0.0,-0.0029526141790453303,0.0,0.0,0.0,0.01309824610665027,0.021834790492667868,0.0022614143038898935,-0.01275945305431496,0.013238552260227313,-0.015306804851292377,0.038232190288343584,-0.018885981925974266,0.0,0.012222802295306224,-0.009922780209451518,0.0,-0.01043599551754642,0.0,0.01687791370790487,0.014189277230402857,-0.030188702787626226,0.0,0.0,0.0,0.0034916628017930924,-0.005820208403376651,0.0,0.0060524183194532,0.0,0.016981099608804937,0.0,0.0,0.0,0.004373972634372654,0.0,0.0,-0.0055212675885088535,0.013740083282634244,0.025205707780835095,-0.009623567606389449,0.0,0.0,-0.014539962703451254,0.0,0.0429531159544744,-0.03447270885131812,0.014046783323142981,0.0,0.0,-0.015110048122893398,0.013737426836092359,0.0,-0.010510359594224104,0.007235575076264445,-0.07573748375297121,0.0,0.009227875808197769,0.0,0.004211474167664167,0.011412716038550425,0.048608453553127096,0.0,-0.01718515626455056
2025-11-27 00:00:00+00:00,0.03862797267795554,-0.04709424727639163,0.0,-0.005029182916415973,0.0,0.012057405119197444,-0.029987637104133564,0.01951058762104534,-0.008219586198435961,-0.00030483653339250384,0.011235812105291584,0.0,0.0,0.06867717737173314,0.0,-0.0028274553685116695,0.0,-0.054704444254491585,0.0,-0.005797312376649303,0.0,0.0,0.0,0.020094185438747542,0.04052760342843092,0.018852842801790164,-0.015456555664532601,0.00234206911784278,-0.01564259634740575,0.03688325685433302,-0.012730626574369575,0.0,0.0117558318629235,-0.012705111356807006,0.0,-0.014020154053377523,0.0,0.019068582474670456,0.005577372451654242,-0.041345259462222,0.0,0.0,0.0,-0.002381852579022538,-0.0018384267466991535,0.0,0.01960827192090437,0.0,-0.01251888195733815,0.0,0.0,0.0,-0.0017237519347481447,0.0,0.0,-0.012040364250152357,0.01941629776050859,0.025916601012100478,-0.013423702475720521,0.0,0.0,-0.02013658963475813,0.0,0.029199318087730283,-0.04551823247895408,0.02063060833447524,0.0,0.0,-0.024069485737037707,-0.007796573129485692,0.0,-0.017004057323325668,0.005741679787223116,-0.08033127853130557,0.0,0.012183520970888555,0.0,0.01132847445782005,0.03490508015028719,0.05050450173458472,0.0,-0.029996851276453837
2025-11-28 00:00:00+00:00,0.03693221538797062,-0.04080423845296619,0.0,-0.013489107965311473,0.0,0.014559382768911706,-0.03430786858021998,0.015728264376199078,0.0018943237709066322,-0.011685479020021655,0.018176434664237406,0.0,0.0,0.05960451167871597,0.0,0.010671544706358872,0.0,-0.03479323312059698,0.0,-0.0005553956758964542,0.0,0.0,0.0,0.009716679279580866,0.03329198851867825,0.00965912929734251,-0.01995169386782167,-0.0,-0.011301828027626332,0.023275596423453122,0.003604311955863245,0.0,0.007873544280307872,-0.0064603705666448595,0.0,-0.0137174863294197,0.0,0.010304308360251481,0.0,-0.047457482297655076,0.0,0.0,0.0,-0.0008179198809651236,0.0003013424395372509,0.0,0.010140560656161124,0.0,3.476084157401304e-19,0.0,0.0,0.0,-0.003327254694205901,0.0,0.0,-0.00894588383021332,0.013629388825766217,0.022756953618444282,-0.007285975795921639,0.0,0.0,-0.01563736195468895,0.0,0.03600428276330447,-0.04995511736250823,0.017152964347317765,0.0,0.0,-0.019885147884575384,-0.015301909832882562,0.0,-0.014862047409852601,-0.0008760720499563828,-0.025171699398623626,0.0,0.0056654476285405335,0.0,0.0017288321641114755,0.029426848869684035,0.03967451547755928,0.0,-0.035182798260629984
2025-11-29 00:00:00+00:00,0.039325520411537244,-0.04397255640418339,0.0,-0.008756692172984361,0.0,0.011079452902043908,-0.03633227220665994,0.010402064618825618,-0.001964608849814923,-0.02086065080557036,0.02410531007767485,0.0,0.0,0.027480513350441292,0.0,0.004726738957691619,0.0,2.1496398755816814e-18,0.0,0.0019646286273882624,0.0,0.0,0.0,0.01269696803586999,0.030289482665182565,0.007068209515041848,-0.020709391134268406,-0.0008129426972812287,-0.0015031770495027663,0.007152218214241785,0.019207443499473627,0.0,0.003627881792990245,-0.007579244529042193,0.0,-0.010325063759075985,0.0,0.010893521493279414,-0.0051497298557508725,-0.0390798840442387,0.0,0.0,0.0,0.0017554546755464784,-0.000982087815691778,0.0,-0.009376615864304385,0.0,-0.012066163571567687,0.0,0.0,0.0,-0.0025116587940799597,0.0,0.0,0.0049452944954979025,0.01092127916416799,0.019705775302816378,0.006877103086043871,0.0,0.0,-0.012912221917839879,0.0,0.032297409632364736,-0.048099880564986944,0.007982070259329933,0.0,0.0,-0.016305616547088543,-0.01963663843960047,0.0,-0.017264182787712006,0.006708424628262795,-0.01278633549342521,0.0,0.004659002932475861,0.0,0.009531381844225756,0.024125872850326826,0.039453107255967956,0.0,-0.029994514984038663
2025-11-30 00:00:00+00:00,0.0367695740767067,-0.04180198874083388,0.0,-0.019843769831141285,0.0,0.01743941066017851,-0.036415068789314095,0.01077078373581715,-9.087979488438153e-19,-0.01991742799577049,0.00870175735129666,0.0,0.0,0.010999313557428956,0.0,-0.01897381941310185,0.0,0.0,0.0,-0.008573915832767853,0.0,0.0,0.0,0.00990891550633404,0.03693149839514705,0.0009561196529966909,-0.020787906789067775,-0.001977199725255039,-0.004353475646327256,0.005764214401990062,0.009203740822057027,0.0,0.009183991270776714,-0.005592973095427345,0.0,-0.00811772977899064,0.0,0.012257020024101917,0.0,-0.04181951566139507,0.0,0.0,0.0,-7.49246960963489e-21,0.003223418158361124,0.0,-0.00870432464878193,0.0,-0.009747942072130835,0.0,0.0,0.0,-0.001228299705432465,0.0,0.0,0.008808526216426915,0.017269785278732176,0.020613761854842972,0.010778435447127971,0.0,0.0,-0.01717456009473541,0.0,0.030893567301311108,-0.047115425690585855,0.008567271797849578,0.0,0.0,-0.009333022724998991,-0.015878414560847213,0.0,-0.0123284917209383,0.003493721366821751,0.011502568327675341,0.0,0.010470456674967567,0.0,0.009246181266443672,0.03663490779404928,0.04823558851679623,0.0,-0.03893925693839362
2025-12-01 00:00:00+00:00,0.02815841065889543,-0.03784923661511728,0.0,0.0,0.0,0.0,-0.036968416691816046,0.01339776724703225,0.004306428003014958,-0.020192095544753767,-0.006312510395870779,0.0,0.0,0.021919413057054006,0.0,-0.012946372104826182,0.0,0.0,0.0,-0.012541206362174004,0.0,0.0,0.0,-0.001922645719951976,0.038513337832749635,-0.011794309193285188,-0.019552441489408028,-0.0,-0.0007021702073154815,0.011869733648575907,0.017618563200578707,0.0,0.010907687743569029,-0.0070680446750800985,0.0,-0.006069949298800283,0.0,-0.008438826613624835,0.0,-0.04216418327266439,0.018230089546168376,0.0,0.0,0.0032623481300473817,0.0029212073230308984,0.0,-0.010130378333374445,0.0,-0.01591160396778839,0.0,0.0,0.01200830767280637,-0.0012272356329686195,0.0,0.0,0.008027111642742408,0.02050760234512348,0.02240121233739661,0.015637495335384683,-0.009720487646240037,0.0,0.0,0.0,0.019396078815431435,-0.050551775209226116,0.0005086859265827705,0.0,0.0,-0.0011808145720751517,-0.016628792238347574,0.0,-0.0,0.009191652819374323,0.0313074117883512,0.0,0.01075473120801958,0.0,0.00776554182522337,0.003842737680335084,0.03389592461746417,0.0,-0.03647598462024337
2025-12-02 00:00:00+00:00,0.03525753060498855,-0.040690547902379796,0.0,0.0,0.0,0.0,-0.02875814444633153,0.021166180803639252,-0.0053855558394253315,0.0,-0.01163872852193932,0.0,0.0,0.03631075185126452,0.0,-0.021930823819249535,0.0,1.1517529593395645e-17,0.0,-0.018503546079544082,0.0,0.0,0.0,0.015759705100112053,0.032751713114257716,-0.016029141384194794,-0.011558380442684493,-0.0007372144698588142,-0.0034427436736575684,0.02056031677651941,0.0,0.0,0.021241835036375258,-0.019830649818507514,0.0,-0.014638683107702794,0.0,0.002188803577916448,0.007259299164666974,-0.036218416281299265,0.01500426673873529,0.0,0.0,-0.003846765496513771,-0.0021664117111529907,0.0,0.0007970782718430556,0.0,-0.009991606901073412,0.0,0.0,0.016223125562788744,0.002860891844995585,0.0,0.0,-2.585450838953488e-18,0.02166826007533562,0.025567917649935556,-0.007440351737052511,-0.006772163697605245,0.0,0.0,0.0,0.017317695165013264,-0.03475250033542237,-0.005578801555063293,0.0,0.0,-0.025742023912893836,-0.016024445330091223,0.0,-2.5776346326889097e-18,0.013153543660523058,0.03466982091892695,0.0,0.018054806520349645,0.0,0.006072189956342143,0.0009646628971253649,0.00745899789251767,0.0,-0.03063174672052855
2025-12-03 00:00:00+00:00,0.03320513384710963,0.0024638786439533738,0.0,0.0,0.0,0.0,-0.033518739625671444,0.0065883471018654835,-9.492294605501144e-18,-0.015011353177583018,-0.011443460742359733,0.0,0.0,0.0335408610987266,0.0,-0.006253696405169434,0.0,0.013130741228096064,0.0,-0.0272460222111741,0.0,0.0,0.0,0.006454366488748635,-0.002256653728065781,-0.012865987711490173,-0.0028763491227854266,-0.01746951562887472,0.008374435281356379,0.00597497001004399,0.006327155994244248,0.0,0.002234667883525464,-0.0053955374628935565,0.0,-0.009954646865653349,0.0,0.014112420767199714,-0.01486316064722274,-0.031479964069905275,0.011400058122288375,0.0,0.0,-0.014576621163716144,0.018677303428596404,0.0,-0.0037933519755140796,0.0,-0.01259877820838911,0.0,0.0,-0.005952589920939513,0.001188772728991834,0.0,0.0,-0.0,0.013410790304338428,0.015771055072498683,0.008696404730340918,-0.015913410430252628,0.0,0.0,0.0,3.1542233402388628e-18,-0.027698537422688907,0.008916948846938366,0.0,0.0,0.020136531863834847,-0.017331897118645877,0.0,-7.523094655435504e-19,0.004271127116038647,0.03475790667588049,0.0,0.0101273350295071,0.0,0.006473876994840099,0.02474202243637085,0.014606993425910646,0.0,-0.037083831482250265
2025-12-04 00:00:00+00:00,0.029281300469621265,-1.2925060132993617e-18,0.0,0.0,0.0,0.0,-0.03392854815836665,0.0027858209901417195,0.0037300066509875353,-0.022264577263160227,0.0031278907033242933,0.0,0.0,0.028656269963070934,0.0,0.014768628898742702,0.0,0.0047127942705346955,0.0,-0.02386549468605723,0.0,0.0,0.0,-0.005894722540723725,0.002910027077395811,-0.003142052859912446,0.0012851468569606824,-0.014621460149192656,0.010138641740708925,0.0071661759281190845,0.01599149304873682,0.0,8.551886671283461e-19,-0.0033483061937994436,0.0,-0.0012908052024261552,0.0,-0.0016340351113744427,-0.018243859868553935,-0.029410212392716056,0.005008434210722,0.0,0.0,-0.003761128132877335,0.029340189463673564,0.0,0.000513119715259498,0.0,-0.018282233892112237,0.0,0.0,-0.01318012690517923,-0.004998295297085409,0.0,0.0,-1.5354193820442495e-18,0.011277884599115552,0.00965154531049439,0.008530913215448252,-0.015171972988826075,0.0,0.0,0.0,0.021991514125456763,-0.029106142550932582,0.007612588442718268,0.0,0.0,0.013548748332994597,-0.018293522888549987,0.0,-3.3123063015233986e-18,0.012988153753276195,0.032724342052248584,0.0,0.006466605137142764,0.0,-0.007966969946309068,0.010665305652660105,0.008858194900939888,0.0,-0.035327268482339975
2025-12-05 00:00:00+00:00,0.02425384706870109,0.005550880703425689,0.0,0.0,0.0,0.0,-0.02822396254392734,0.0,-0.0,-0.02510180956481356,0.0025285622101278485,0.0,0.0,0.01731645818664966,0.0,0.012465026651557902,0.0,0.003569124861241846,0.0,-0.021854447628918083,0.0,0.0,0.0,-0.002239221852011712,-0.0,-0.0001293596080199593,-0.0014086125914525454,-0.013598521547413533,0.012489290295877597,0.004372865005044585,0.01975197283169899,0.0,0.0,-0.0012962128884708875,0.0,-0.004959620614316093,0.0,-0.004137468165559974,-0.031117505552619315,-0.021291998027268597,-0.0,0.0,0.0,-0.003914914965063458,0.021603677092382277,0.0,1.4136907384112336e-18,0.0,-0.014417084669036288,0.0,0.0,-0.01586358575993307,0.0008771606051494663,0.0,0.0,-5.984263003284703e-19,0.01115870884661539,0.006169283333856487,0.01151048587534644,-0.011702592673071372,0.0,0.0,0.0,0.010011447767633096,-0.02071345171542301,0.005406590950313329,0.0,0.0,0.015422013747165512,-0.015613707098939224,0.0,-0.0,0.010155286332976023,0.05691319779749773,0.0,0.010956158133826147,0.0,-0.004260178859819067,0.006686601388475943,0.0018336700391993028,0.0,-0.02915805339868525
2025-12-06 00:00:00+00:00,0.024721954487006363,0.005657150167858475,0.0,0.0,0.0,0.0,-0.027396482327952658,0.0,-0.0010157533560543517,-0.02984559897748613,-0.011678166579140474,0.0,0.0,0.013788605066692666,0.0,0.018126013358757003,0.0,0.0,0.0,-0.021713946521777456,0.0,0.0,0.0,0.008902694625880525,0.006446240406135063,-0.003073573206581912,-0.0027458983398013794,-0.010936390107750108,0.008016309842055216,0.0022818050132032202,0.018860596456707592,0.0,0.0,-0.005526917192902811,0.0,-0.007143909709512046,0.0,-0.001418958782061669,-0.0336070229535991,-0.01965765049041695,0.01021477101409068,0.0,0.0,-0.010259811326090643,0.022805527826709034,0.0,0.0014105886645010082,0.0,-0.008857224142595257,0.0,0.0,-0.017938078376411117,0.0008253083755804676,0.0,0.0,-0.0,0.013162135873988665,0.005630009589519902,0.01139075577761202,-0.008874587520828595,0.0,0.0,0.0,0.007933484697128772,-0.020326265712500704,0.006282657142048645,0.0,0.0,0.018165973106924894,-0.012699685647541807,0.0,-1.2585970756922492e-18,0.010780182915313796,0.06338445427541815,0.0,0.01077406978370142,0.0,-0.007861406844526811,0.0017093690257469981,0.0012863492608631358,0.0,-0.029979678637911768
2025-12-07 00:00:00+00:00,0.024218329547408803,-7.089473829676456e-19,0.0,0.0,0.0,0.0,-0.028019404887586648,0.0,-0.0,-0.031104965269538255,-0.008531280832939444,0.0,0.0,0.012788944040187303,0.0,0.01836040896822084,0.0,7.052575274890175e-18,0.0,-0.01918448236527077,0.0,0.0,0.0,0.005492433276145183,0.002512060428460826,-0.004911744041784898,-0.008640426828064311,-0.01775813851032538,0.004620292278760268,0.0012431871821077668,0.017359391587863135,0.0,3.97972100756971e-18,-0.0,0.0,-0.004754294998132487,0.0,-0.0030371603127339712,-0.03837589567082347,-0.012413146508342658,0.008081573538506998,0.0,0.0,-0.01266463471699616,0.022844434879322237,0.0,0.002221197362610835,0.0,-0.006567809933712912,0.0,0.0,-0.00771137398114218,-0.0017595977117716333,0.0,0.0,0.007978314255743581,0.014492892159226878,0.008692645469951268,0.01378034592662903,-0.0064787059527025995,0.0,0.0,0.0,0.008957398630907538,-0.021006741002284186,0.0030299866447037202,0.0,0.0,0.017850155126076364,-0.016120945860343034,0.0,-4.499185458432809e-19,0.01289404926399459,0.06977853931382032,0.0,0.008506458496487714,0.0,-0.008075602270529008,0.0,3.442861776881597e-18,0.0,-0.028586686722111194
2025-12-08 00:00:00+00:00,0.013732373019370192,0.0070541380270150245,0.0,0.0,0.0,0.0,-0.01836701111092834,-0.007329029671242484,0.0033350872107741937,-0.026028935479910188,0.005272458670482114,0.0,0.0,0.010930590485909086,0.0,0.01564330951044588,0.0,0.011849591370243122,0.0,-0.015524109881277497,0.0,0.0,0.0,0.005368651459211763,0.00211300341047956,-0.0008284677347137163,-0.009171186201185538,-0.009633284685981161,0.0016033833410334989,-0.007866070002310361,0.014856371224081096,0.0,-0.019515578105076096,0.003129172749609034,0.0,-0.0044976147039133925,0.0,-0.00277934012571796,-0.01550097061458469,-0.004759525983668562,0.003854750475624837,0.0,0.0,-0.0021444759332557846,0.013257738626731843,0.0,0.002887241487460666,0.0,0.0,0.0,0.0,-0.012938954637484349,-0.0029480776843603994,0.0,0.0,0.003782020527998753,0.004869105603411933,0.0022039068471325558,0.0076356829967594245,-0.008787714782597562,0.0,0.0,0.0,0.008430039047883114,-0.01238824478937463,0.008371522661132823,0.0,0.0,0.011918561419325001,-0.008008469540758737,0.0,-0.009955922969702397,0.005574474452315431,0.05278348420708647,0.0,0.004770987147357724,0.0,-0.00941446599557457,0.0,0.003149615378598411,0.0,-0.019989810723855164
2025-12-09 00:00:00+00:00,0.014332685963196985,0.0076508231571984315,0.0,0.0,0.0,0.0,-0.021131093213844303,-0.008467359961015273,0.0018156844213549214,-0.025550995744603903,0.0027149919302579505,0.0,0.0,0.014261567395344078,0.0,0.023686366039184722,0.0,0.014051838478344172,0.0,-0.01316494213880865,0.0,0.0,0.0,-0.0012178926195039084,0.0006389708197168052,-0.001600978699984894,-0.012327683124460804,-0.017514212678466732,0.0016872883952260094,-0.008790624108435924,0.021966936390001735,0.0,-0.018339542924418854,0.008410501937693791,0.0,-0.0007317172316563359,0.0,-0.006276210250326978,-0.017424777866861252,-0.01033019776567754,0.0034893740404583554,0.0,0.0,-0.0041533854410080815,0.017018469561468505,0.0,0.00274405639854124,0.0,0.007160747978389966,0.0,0.0,-0.016005985945078058,-0.005021408365198409,0.0,0.0,0.005057126440628939,0.012916192145425753,0.009421466136281599,0.01038449266505644,-0.011845664158519042,0.0,0.0,0.0,0.011545324961336851,-0.019120131391538574,0.0033657898532026,0.0,0.0,0.010877606757016442,-0.011874089502417015,0.0,-0.007232946115503564,0.007816321800527779,0.045771388629644756,0.0,0.0014937897868478316,0.0,0.0006529902481043359,-0.0010936336236723324,0.00020443299120186478,0.0,-0.021921752450652383
2025-12-10 00:00:00+00:00,0.0197494152733453,0.016613191066137442,0.0,0.0,0.0,0.0,-0.030613797170614705,-0.002559834316657046,0.0022974409209852147,-0.029341283357592368,0.012627916668688913,0.0,0.0,0.02444371291135334,0.0,0.01739481759889432,0.0,0.013062474740444436,0.0,-0.009203321761703943,0.0,0.0,0.0,-0.009483791899816392,0.008414310374039493,-0.00671970000873755,-0.0065197342542968545,-0.02744911169107878,-0.004019019341376932,-0.002819056950287647,0.032259109295199734,0.0,-0.021550707226783428,0.00885317766737583,0.0,0.00019436403264191704,0.0,-0.010831207065589689,-0.01675801458726081,-0.019102405358149027,-0.004989988975216914,0.0,0.0,-0.004610025043797749,0.021525280662031805,0.0,0.0011778431517611393,0.0,0.020238021140699385,0.0,0.0,-0.02432419078828952,-0.014287910833235959,0.0,0.0,0.009903348119431027,0.017481758879284433,0.016257794336276346,0.013542250129186962,-0.025037819284031558,0.0,0.0,0.0,0.006067929473630227,-0.03213614612407487,-0.004089515524229528,0.0,0.0,0.004297839501972379,-0.017259173459611143,0.0,-0.006086009783644103,0.017759069527341464,0.06052304229422381,0.0,0.0004548883339650961,0.0,-0.0010697333451950986,0.0015846825379675878,-0.008662618314032207,0.0,-0.007199562171573741
2025-12-11 00:00:00+00:00,0.020346944456492114,0.016025659712274418,0.0,0.0,0.0,0.0,-0.026609329728882872,-0.002145866288835635,0.005168531534764439,-0.03217296890454708,0.002231399802249899,0.0,0.0,0.01756631359108874,0.0,0.01784963430337751,0.0,0.019015930558171867,0.0,-0.012222081972889225,0.0,0.0,0.0,-0.00671072476956397,0.0029722049572908503,-0.005965893466230975,-0.011068031718943458,-0.025124652725102056,-0.008168304754888469,1.3918090858801653e-19,0.02877172537310488,0.0,-0.02625369005955354,0.012343102063503437,0.0,0.0002719963554577189,0.0,-0.010540135020097239,-0.011302456794302418,-0.01830939786200541,-0.002456822574155075,0.0,0.0,-0.001433468201996163,0.015306950368077143,0.0,0.009094303153392233,0.0,0.01578530088513221,0.0,0.0,-0.019875636371457738,-0.005286859754863631,0.0,0.0,0.010777335027041214,0.011910190744788201,0.013042271633921517,0.00990656167557124,-0.02308305428253865,0.0,0.0,0.0,0.007819742063351811,-0.026283680438386855,0.0006610781940537103,0.0,0.0,0.010041003530360835,-0.022543812396874346,0.0,-0.004294284302997497,0.01399136730658895,0.06500152174454282,0.0,-0.015001991250350753,0.0,0.001786290421467066,0.006949539127677142,-0.013417250989609514,0.0,-0.004366503954669417
2025-12-12 00:00:00+00:00,0.029588726679440028,0.0060406518588172736,0.0,0.0,0.0,0.0,-0.02900984868402679,-0.0008105379473976052,0.010022010227562874,-0.038028281292270386,-0.008441693485591005,0.0,0.0,0.028257159402208853,0.0,0.02925701726247523,0.0,0.037747872048183355,0.0,-0.011838970356740806,0.0,0.0,0.0,-0.0038576175121062795,0.0060213430179336894,-0.0039722738788258004,-0.019221823991786003,-0.029830930838221904,-0.01267607582929267,-0.0027034663217602966,0.03701132966710962,0.0,-0.034731516374222886,0.014712680613739107,0.0,0.00343906749554061,0.0,-0.015069206582480418,-0.011173274903799373,-0.01743430849131698,-0.0027650256800704084,0.0,0.0,-0.0016244534000322715,0.025979246318038083,0.0,0.013523678568170801,0.0,0.0197513699246907,0.0,0.0,-0.018207072177561515,-0.01189324201193838,0.0,0.0,0.010754264228596771,0.020554296665295707,0.016513308172446877,0.010292374486600775,-0.025268734329530387,0.0,0.0,0.0,0.01595128904352106,-0.030075464869396665,0.01940356694930143,0.0,0.0,0.015283723741214042,-0.022699772534740828,0.0,-0.006127169693404833,0.013612130937429686,-0.011792293193731585,0.0,-0.01657687913383974,0.0,-0.0018147643499274745,0.012374672617520292,-0.00026634138612977406,0.0,-0.008180740675693772
2025-12-13 00:00:00+00:00,0.031991120593433446,0.004124058553259446,0.0,0.0,0.0,0.0,-0.028017794830461983,-0.006528168433322405,0.01605315680218052,-0.03545905437419014,-0.0027683723684165484,0.0,0.0,0.035641497818101886,0.0,0.033459410255025496,0.0,0.03675437678714366,0.0,-0.007048924107420691,0.0,0.0,0.0,-0.001646457501024475,0.01875509287435828,-0.003136746282404189,-0.01660648850669773,-0.029124699145325637,-0.013094837069034197,-0.0021753670677677537,0.03551819358552065,0.0,-0.03649198558477588,0.01621909734076387,0.0,0.0008030686709066718,0.0,-0.017139910424222866,-0.01750047091404386,-0.021446433910881822,-0.004788583832872497,0.0,0.0,0.008358295955869085,0.027075514098686655,0.0,0.024990373192165093,0.0,0.02830309611109699,0.0,0.0,-0.027784305675379914,-0.010432001843589053,0.0,0.0,0.013928656356173564,0.02709190444814713,0.005474264352672987,0.007458994733647086,-0.02619574414124284,0.0,0.0,0.0,0.016618632089831675,-0.030658783595075047,0.01611143926841319,0.0,0.0,0.015663198081720283,-0.022891949095279005,0.0,-0.0005455613723786022,0.01681932558252028,-0.07044422224852256,0.0,-0.010771027244318054,0.0,0.0032729429375643005,0.011834178322485277,-0.0019309714316588017,0.0,-0.007691027811381016
2025-12-14 00:00:00+00:00,0.029877239343697324,0.00515080543958064,0.0,0.0,0.0,0.0,-0.022335967648209373,-0.004158095306402974,0.024950974767624933,-0.03080421266931757,0.007417605767098694,0.0,0.0,0.028459471372991277,0.0,0.045516813423921276,0.0,0.034286380381593214,0.0,0.014093355337958406,0.0,0.0,0.0,-0.011201341111427555,0.018920667899561216,0.003089903067281344,-0.015129741541361947,-0.02943053778767401,-0.012906310529066777,-1.571468270550909e-19,0.03710746701771816,0.0,-0.040579878892821,0.009706863744250713,0.0,-0.0008138384112943762,0.0,-0.01813223765685865,-0.01459829982626859,-0.019639449978748804,-0.007933658306630845,0.0,0.0,0.00602337769188658,0.01991890584542499,0.0,0.01011960195232298,0.0,0.02704955748762923,0.0,0.0,-0.02734094438738756,-0.010899446949115208,0.0,0.0,0.011211634887092523,0.025451838657960562,0.006785907575224562,0.00456826899823866,-0.024190255136489855,0.0,0.0,0.0,0.017092395312182693,-0.029787084777137905,0.025961871453726807,0.0,0.0,0.016629550177355696,-0.021616461345648576,0.0,0.0,0.010592446770249809,-0.08649685520388305,0.0,-0.013575043335177344,0.0,0.009005589891092397,0.004341634361021993,-1.317153460333049e-19,0.0,-0.011760467823764718
2025-12-15 00:00:00+00:00,0.03139038591901487,0.0014967250499129919,0.0,0.0,0.0,0.0,-0.01993325930864478,-0.014495528533672255,0.020668319412327222,-0.027107820274638456,0.004339818987119645,0.0,0.0,0.015386174748406586,0.0,0.033313830458113765,0.0,0.019224927734927157,0.0,0.014632525669812614,0.0,0.0,0.0,-0.00956743369606179,0.009461757323086217,0.003811934157863787,-0.0150674816241093,-0.027792776773715038,-0.017574403262051324,0.0015997049543969952,0.03342409038322867,0.0,-0.036439560244967,0.010825423325139836,0.0,-0.0027114277958580697,0.0,-0.019091714070001094,-0.016880456687841633,-0.018206857820965743,-0.0023564352202123493,0.0,0.0,0.008378470926076397,0.022695019097283043,0.0,0.002514315954457382,0.0,0.021733621204698936,0.0,0.0,-0.03003377274099713,-0.01015150284216181,0.0,0.0,0.01076265625085136,0.024900133303697322,0.003299289294797175,0.0056710379366007434,-0.024397025832751853,0.0,0.0,0.0,0.014995830466222392,-0.028075751477720824,0.02306549644902988,0.0,0.0,0.017106681610327204,-0.017999854748712647,0.0,-0.005242197683702416,0.015429519750822279,-0.022996377875742206,0.0,-0.007849056280995814,0.0,0.007565483191427897,0.004190061493090243,-0.00026424435124693357,0.0,-0.007648295905962124
2025-12-16 00:00:00+00:00,0.02332630606857914,0.004347998462183937,0.0,0.0,0.0,0.0,-0.017181617709729858,-0.016451364356690857,0.01258046778887887,-0.026700238494363152,0.004310458091424715,0.0,0.0,0.01637550793942699,0.0,0.02488304375960089,0.0,0.018557958272578445,0.0,0.01277629370648465,0.0,0.0,0.0,0.005266942378238193,0.0004714691272209202,-0.0016980359364154964,-0.0066946720464704165,-0.012148921217306496,-0.017575134850882544,-0.012244149467459817,0.02280725062510996,0.0,-0.03066731612329344,0.0015664619943405664,0.0,-0.0035421473496000766,0.0,-0.014787173024770678,-0.007050626104052721,-0.01608067653673262,-0.0016116472630630114,0.0,0.0,0.0038888334619189228,0.017808725556097818,0.0,0.001013777801647404,0.0,0.01758959176557562,0.0,0.0,-0.02294017738552859,-0.0033502706971644336,0.0,0.0,0.009187733364331702,0.01597605725976668,-0.0008040495621246653,0.0032035737338036185,-0.019189541126004985,0.0,0.0,0.0,0.008497487788375958,-0.026073345053432166,0.019111212088885103,0.0,0.0,0.012759303241662722,-0.01477929537816453,0.0,-0.01039701775928743,0.0013794335099807853,0.049310789638691385,0.0,-0.016663903674352706,0.0,-0.003294611529636287,0.0005777144391400498,-0.002729832137388582,0.0,-0.002918627080029452
2025-12-17 00:00:00+00:00,0.018780412729461904,-0.00470449759094337,0.0,0.0,0.0,0.0,-0.014275782556639544,-0.017520081951488437,0.011594107009210097,-0.03505471604338747,-0.00017185868548453805,0.0,0.0,0.020711605959144754,0.0,0.030233357668941085,0.0,0.02225425001710906,0.0,0.013756844563926372,0.0,0.0,0.0,0.0037931919983008066,0.011282625554112385,0.000873596894645999,-0.013206549817272898,-0.008594614353690673,-0.01807436651007357,0.0019846762992111614,0.015155529870540925,0.0,-0.029416316667016374,0.00124611339200501,0.0,-0.006512475122328023,0.0,-0.016872936736965802,-0.008042738346866817,-0.016934386584643,-0.0031749881809646245,0.0,0.0,0.004810868262796057,0.014835629446553948,0.0,0.007504167577678754,0.0,0.011327395082270904,0.0,0.0,-0.025571257292989,-0.002847468954470796,0.0,0.0,0.004519105495244479,0.015845421070436582,0.0013392672806190468,0.004354506780318354,-0.01564004295434955,0.0,0.0,0.0,0.007107179866374208,-0.023264204787472254,0.016748579267068422,0.0,0.0,0.01201404462773025,-0.015498701353580405,0.0,-0.008687628364771853,0.004011481859955872,0.05892972476012232,0.0,-0.007504521505280777,0.0,-0.009544800907910227,-0.00809403566746,0.006374858750769146,0.0,-0.01217957114849782
2025-12-18 00:00:00+00:00,0.018807142012234004,-0.0022341082516411305,0.0,0.0,0.0,0.0,-0.009819073898256328,-0.020186011774999683,0.006973966994793737,-0.029944868158279576,-0.0004774422111666361,0.0,0.0,0.019586870586856733,0.0,0.02485146963765909,0.0,0.02285302255820433,0.0,0.00938554198160578,0.0,0.0,0.0,0.0038957884008681792,0.010788655635173075,0.003739499630059891,-0.01004232922353384,-0.013419745185545878,-0.01833363564914779,-0.007299872727665661,0.00904849997621332,0.0,-0.028801476163581904,0.0014060439997967973,0.0,-0.006196447309254364,0.0,-0.013481410153824086,-0.014814418728308267,-0.016950181613021257,-0.0029013268673819125,0.0,0.0,0.0015636575417504802,0.01035816566781982,0.0,0.007066115187730193,0.0,0.01217123980904052,0.0,0.0,-0.020610865241175332,-0.00013657179423284902,0.0,0.0,0.006517012982877169,0.013049354546589668,0.003923682953341204,0.00839447810564843,-0.013898196373403759,0.0,0.0,0.0,0.0033671510754017765,-0.020733666459423435,0.013914959566241687,0.0,0.0,0.012092049255559494,-0.011130028286617242,0.0,-0.006203204348537942,0.0057485206478634825,0.06322535239552272,0.0,-0.009318415842920478,0.0,-0.006321189545502803,-0.007399999637310435,0.00909152575745314,0.0,-0.011165281461572172
2025-12-19 00:00:00+00:00,0.016333886828903552,0.0012773537643034475,0.0,0.0,0.0,0.0,-0.011507418078887487,-0.02052960926778324,0.004054303276441266,-0.03158617194920572,0.005592215626507841,0.0,0.0,0.02245871367671007,0.0,0.026686510473204805,0.0,0.027874784196394477,0.0,0.010301443170784791,0.0,0.0,0.0,-0.005601705614784181,0.010925036666444827,-0.001019746093784031,-0.005260680095683246,-0.019363199506242434,-0.020615924040310384,-0.00455634787117305,0.017320208767056883,0.0,-0.023590768209899346,0.0004099220145520625,0.0,-0.011449326152006493,0.0,-0.014610401667076089,-0.016134634002932777,-0.019554526259778285,-0.004140418550551449,0.0,0.0,0.005773284304217829,0.010375025098858341,0.0,0.006974784770157202,0.0,0.0129946029397897,0.0,0.0,-0.02393328406774906,0.003000144050068482,0.0,0.0,0.007414460008916795,0.012775420725555296,0.00480703659362353,0.0054340328958259534,-0.0127865309513654,0.0,0.0,0.0,-0.010812579322839673,-0.021383117906494272,0.007427050720715472,0.0,0.0,0.01200306478062562,-0.017358096480812487,0.0,-0.008718745942959766,0.007406488219928559,0.07325432088750697,0.0,0.0005487359896389398,0.0,-0.005388193762586673,-0.006482369262257179,0.012247725635581453,0.0,-0.009286761025151382
2025-12-20 00:00:00+00:00,0.023405866127816238,0.000982862912876528,0.0,0.0,0.0,0.0,0.0034324216378828873,-0.024023760455442685,0.01113117316128911,-0.03553409432884736,0.006884476238637414,0.0,0.0,0.03150630868375164,0.0,0.026318244481979457,0.0,0.037958429430795616,0.0,0.01829033479941696,0.0,0.0,0.0,-0.005149680224950271,-0.011307155610099007,0.013296428112376774,-0.014220576323383052,-0.032268472960572274,-0.030232994286213805,0.004892333653480918,0.028113664744337397,0.0,-0.007369065056312328,0.000565474606943597,0.0,-0.01499481793485156,0.0,-0.020975680179248276,-0.027197307025969016,-0.03538651529765439,-0.0069276513958172505,0.0,0.0,0.010313562021101388,0.004613339682061099,0.0,0.0014827246640875848,0.0,-0.00018862021908283406,0.0,0.0,-0.025053367304539855,0.00018313958127259944,0.0,0.0,0.0008715921507246522,0.016962226439132023,0.02203849872092676,0.013243028720121211,-0.021784602076931947,0.0,0.0,0.0,-0.008784613621502717,-0.023959243593272925,0.013517832387567758,0.0,0.0,0.015526300839110432,-0.013884380089306255,0.0,-0.017256258592742633,0.01081774545761072,0.067380670030146,0.0,0.011017153277675029,0.0,-0.0060050716427145325,-0.0032417190528435335,0.008823760065902743,0.0,-0.017823945356726097
2025-12-21 00:00:00+00:00,0.017444006304848044,-0.0,0.0,0.0,0.0,0.0,0.0013394651255754881,-0.01818592537062384,-0.0,-0.04567691047173249,0.003047416036149338,0.0,0.0,0.02706568552883814,0.0,0.018878050430248983,0.0,0.046881593385609904,0.0,0.01343318174810359,0.0,0.0,0.0,0.01069731012516955,-0.0054330505957338225,0.011731906223739864,-0.022063781930848545,-0.03791232251958407,-0.030866728559942446,-0.001359047283414041,0.029295474480425875,0.0,3.408734771145903e-19,-0.007272448874065899,0.0,-0.018996575171687208,0.0,-0.009543200054125789,0.0044760276271037045,-0.03673843703931071,-0.01295132900639332,0.0,0.0,0.0051867353313557775,0.004592036770941931,0.0,0.007508418769931174,0.0,9.12729275789044e-19,0.0,0.0,-0.03445879664098776,-0.008243671336960395,0.0,0.0,-0.007171132181290649,0.009960048143443397,0.017621800709161223,0.012327361857449195,-0.007521625263778556,0.0,0.0,0.0,-0.018869960090055912,-0.025889005830089497,0.016497901716057237,0.0,0.0,0.015123240298529279,-0.0022059425643156543,0.0,-0.021539694807967174,0.0016421929401289456,0.0793103216546054,0.0,0.026269657181356258,0.0,-0.009641140701090506,-0.00377633058231715,0.02069297616028598,0.0,-0.014705751672742852
2025-12-22 00:00:00+00:00,-0.003494669429408422,-0.003052324129465502,0.0,0.0,0.0,0.0,0.0009739912588476852,-0.02423844579714635,0.002432257785223732,-0.038078397438518055,0.001605127582491484,0.0,0.0,0.02180514476613406,0.0,0.019673495576096687,0.0,0.034130913449956696,0.0,0.007369082844291445,0.0,0.0,0.0,0.010367459095536031,-0.00042662583002078043,0.012242256740282766,-0.01632233023863063,-0.031469430190472575,-0.01968693622794532,-0.004813171736888001,0.022742394822259055,0.0,-0.011631490354394921,-0.0016352848563581178,0.0,-0.01402161393277945,0.0,-0.007843663558040377,0.0,-0.029912905866238952,-0.01412156162880746,0.0,0.0,0.002812623255508218,0.0050939878862373425,0.0,0.0036150740607832498,0.0,0.0008287678592734409,0.0,0.0,-0.025879338900370016,-0.0060585448299057786,0.0,0.0,-0.006283116507479453,0.005343794277649485,0.012716402393409968,0.010699357224335414,-0.003583336776765188,0.0,0.0,0.0,-0.016053438701154735,-0.017450943236016127,0.014746719140402955,0.0,0.0,0.009723637516834426,-0.003669039698792621,0.0,-0.015421618548041144,0.004364067885382388,0.0817536697422249,0.0,0.01786629042618253,0.0,-0.005499981518601605,-0.0,0.01231913156924241,0.0,0.005422562773655213
2025-12-23 00:00:00+00:00,-0.01310034217399662,-0.002036082438421499,0.0,0.0,0.0,0.0,0.0020821796898043057,-0.019713274273628914,0.0013232330386307473,-0.03878582705693141,0.009486663683727952,0.0,0.0,0.02295034843555253,0.0,0.02277066704631526,0.0,0.03843786740991258,0.0,0.009328631132257141,0.0,0.0,0.0,0.0038744057282857265,0.01896726099420706,0.012593679708849977,-0.0204764072072921,-0.03226877516002845,-0.01530808156991589,-0.00266010312130853,0.024101468264971303,0.0,-0.006450094528148105,-0.007513528689288165,0.0,-0.01032948642319698,0.0,-0.002975211809774353,1.8408257447570244e-18,-0.030507968419479847,-0.01006560121462033,0.0,0.0,0.005734779908114339,0.00771702788683241,0.0,-0.0015985589041420955,0.0,-0.010104718841194396,0.0,0.0,-0.029485750597785625,-0.00953867066606479,0.0,0.0,-0.007613045986856177,0.006095500145883673,0.012590223585986408,0.004908906460089752,-0.007064566694646237,0.0,0.0,0.0,-0.018853452093311237,-0.009774691688913059,0.01118721374425587,0.0,0.0,0.012111361216466764,-0.007831775595663257,0.0,-0.018103882769929615,0.004381866643292958,0.08037881731357557,0.0,0.01969888775923067,0.0,-0.015660484668437405,0.009044610211336084,0.011501225253426851,0.0,-0.003446442668030819
2025-12-24 00:00:00+00:00,-0.013078945535375978,-0.005158615256079034,0.0,0.0,0.0,0.0,0.004168910657078954,-0.033154668018364745,0.010858741049044449,-0.028887302536815863,0.01133224169059378,0.0,0.0,0.029085018795568855,0.0,0.014315853199251919,0.0,0.04021473821449795,0.0,0.008676909603568273,0.0,0.0,0.0,-0.005394049848446658,0.02340287602628126,0.006248382076964251,-0.030352058359305267,-0.03628333788025963,-0.024580365412188623,-0.01793812743252253,0.02887517630196157,0.0,1.62416871245012e-17,-0.0025084414147821927,0.0,-0.015179834141149736,0.0,-0.030374878516464286,1.7134003977192918e-18,-0.035093329155145125,-0.006035782580980528,0.0,0.0,0.008202971723244018,0.010143055591426963,0.0,2.8641163807540727e-18,0.0,0.00644779567119843,0.0,0.0,-0.02521779733719996,-0.010511040313123915,0.0,0.0,-0.007713751598092135,0.005929035622257757,0.015778222441611544,0.010984577404953011,-0.006451270644662516,0.0,0.0,0.0,-0.024472311841405508,-0.004239757439980667,0.01103548578092057,0.0,0.0,0.02022764634503744,-0.010977301147116874,0.0,-0.02062134553346416,0.011280151349971585,0.09837639051681009,0.0,0.028762726959318207,0.0,-0.018382507908621094,-0.0004416763296984495,0.006010544118532941,0.0,0.0026910450411516034
2025-12-25 00:00:00+00:00,-0.026288312424205398,-0.01655124744928902,0.0,0.0,0.0,0.0,0.015230467815680897,-0.021835199071189623,0.014745452787710455,-0.02761458738783606,0.01348796311841267,0.0,0.0,0.04219140904397881,0.0,0.03378759817251042,0.0,0.05751892322576686,0.0,0.03940542713042282,0.0,0.0,0.0,-0.012491854288814929,0.035632211595579465,0.0121516165016563,-0.04532403641712463,-0.06265922211315526,-0.022693364165799215,-0.021681530212757785,0.035144781284258186,0.0,8.117061482043496e-18,-0.0034229411698276676,0.0,-0.02006158490121084,0.0,-0.04913754110223445,9.205423211106728e-18,-0.033613458210294475,-0.013529513522078387,0.0,0.0,0.020083765030181777,0.01004386226886359,0.0,-0.016370665873728575,0.0,0.0,0.0,0.0,-0.023867444798424627,-0.026098585545656496,0.0,0.0,-0.012458146383562092,0.021598826021879357,0.0286676430357632,0.017413390101664,-0.0032517376957295796,0.0,0.0,0.0,-0.03305704576559313,0.016679885289893587,-0.0,0.0,0.0,0.019025888447174507,-0.011411583745290653,0.0,-0.030444495698298213,0.023989572284202364,0.09551072089807194,0.0,0.04325424403144238,0.0,-0.02749184393076766,-0.021143286891151764,-0.020008764418444756,0.0,0.006944345097351683
2025-12-26 00:00:00+00:00,-0.03619479023587685,-0.021113146447098108,0.0,0.0,0.0,0.0,0.021433445093151968,-0.00881835332677435,0.021620298148119697,-0.008898736842722643,0.033509382848702966,0.0,0.0,0.05960217616172561,0.0,0.014140625019901648,0.0,0.06294266468868291,0.0,0.04349416283215609,0.0,0.0,0.0,-0.029707331430353794,0.06492223055065341,-0.010179340930608459,-0.0525276544641224,-0.04637247847856869,-0.024630711017441128,-0.04163753126508612,0.027258684017683627,0.0,-0.022371529716659184,-0.008806369372448972,0.0,-0.021437283631892446,0.0,-0.03767631913098754,0.0056025509272712055,-0.03999365839252385,-0.03114975774861681,0.0,0.0,0.030996381906819935,0.00230339069323919,0.0,0.007028543231676996,0.0,0.01717961837190029,0.0,0.0,-0.03064955357925998,-0.021892422680012902,0.0,0.0,-0.026628076327169924,0.035575496333890254,0.036801006741956105,0.015335137713312023,0.018857395601927694,0.0,0.0,0.0,-0.05990999258734605,0.011062780743935852,-0.020925978924617634,0.0,0.0,0.009323867853726246,-0.023066628464313527,0.0,-0.03774865284295605,0.05238538571730591,0.08032750177229948,0.0,0.05976502567736328,0.0,-0.03040106092142396,-0.028822892472831128,-0.032415538441626625,0.0,0.022508037025936872
2025-12-27 00:00:00+00:00,-0.02733991577328937,-0.019485403168914193,0.0,0.0,0.0,0.0,0.02187157576569488,-0.02455456282918473,0.02231920228431853,0.01653770890101691,0.022917323619260896,0.0,0.0,0.02239764778054416,0.0,-0.005399492663668331,0.0,0.0343382527347307,0.0,0.028643825325142733,0.0,0.0,0.0,-0.08001419353457757,0.04164845611411774,-0.042121040089504735,-0.04591744643535124,-0.027909978369192075,-0.027220619739953503,-0.048177717147077984,0.028899444834065105,0.0,-0.03776759938656175,-0.002894118860500943,0.0,-0.01688085986408276,0.0,-0.01710209969468098,1.8421176969579963e-18,-0.013045804270125125,-0.009981866095935522,0.0,0.0,0.029314926884582034,0.0071233679764579946,0.0,0.008588991468832869,0.0,0.012500806541201111,0.0,0.0,0.0063713275329532765,0.00648551513814906,0.0,0.0,-0.0022547860578760663,0.032042978159621247,0.01994574197149174,0.02186342314948103,0.004446432833750846,0.0,0.0,0.0,-0.049154484269117026,0.0136826954370899,-0.010303228931673417,0.0,0.0,0.011339671283748827,-0.025428063938640624,0.0,-0.01834373068662869,0.04474509402402664,0.13618441516891916,0.0,0.05087714063921616,0.0,-0.03234646660934854,-0.028636851697984578,-0.04841766732058549,0.0,0.01561203186604155
2025-12-28 00:00:00+00:00,-0.039913767003078034,-0.0034765897153606275,0.0,0.0,0.0,0.0,0.032769482904187554,0.0,0.019396069220582013,0.005215946475031124,0.022602407603275896,0.0,0.0,0.05955469541146935,0.0,-0.034894388357315724,0.0,0.011286358424955229,0.0,0.02242927770983978,0.0,0.0,0.0,-0.10226235191344815,0.05562536941392326,-0.06380866341709149,0.013926403789379581,-0.03719290423652152,-0.02458890905111569,-0.03179524584011176,0.009412505452216963,0.0,-0.002209139068318231,-0.015292670732532293,0.0,-0.030536464825245746,0.0,-0.020670806136410168,-0.032773754843131726,-0.0266750636039284,-0.005661010779198902,0.0,0.0,0.03539584228192652,0.002662676959860703,0.0,0.05324123345640726,0.0,0.005194192257657032,0.0,0.0,0.0,0.027084914763644177,0.0,0.0,-0.005115098896576456,0.04013061082402426,0.02403103137435801,0.02901974439268907,-0.007985152920839077,0.0,0.0,0.0,-0.057114167008305794,0.019484021127778684,-0.01253308302356961,0.0,0.0,0.01664969175984015,-0.041199576852568996,0.0,-0.015189119824593585,0.05675894335293614,0.16918101578036532,0.0,0.021907519312528014,0.0,-0.038218994054263794,-0.013375321551884672,-0.07851735197151348,0.0,-0.011960358421952125
2025-12-29 00:00:00+00:00,-0.03903377666821366,-0.007702001086738876,0.0,0.0,0.0,0.0,0.026941395562438887,0.03187847903651199,0.01556606051285656,0.018718400034620036,0.01433814378320761,0.0,0.0,0.057914504872113956,0.0,0.012249006738381425,0.0,0.01640038030948909,0.0,0.01443656014655504,0.0,0.0,0.0,-0.07581623813865554,0.048605947771811264,-0.053160826957811276,-0.003973517500222353,-0.020220787394919258,-0.016344804939497255,-0.021776771071035816,-0.001556625785505867,0.0,0.019202209615465583,-0.019511621835113718,0.0,-0.02741410195656573,0.0,-0.009982884350403603,-0.009231430270448145,-0.025786882215685963,-0.007752404373584773,0.0,0.0,0.0346047037432374,0.0004410013413174394,0.0,0.03553696690427318,0.0,-0.0008952987730447618,0.0,0.0,-0.01341016826199615,0.020811584940039134,0.0,0.0,-0.01593405349738689,0.024840701501330848,0.022510850825000508,0.023006365913623292,0.0013288413050294332,0.0,0.0,0.0,-0.031008022289664768,0.002833345857306148,-0.011059526434622512,0.0,0.0,0.0009117843753536456,-0.0127946312980318,0.0,-0.021601253675630754,0.04078024989451193,0.07386334003740415,0.0,0.02851481088501865,0.0,-0.038392747120417826,-0.007707059610581419,-0.07167415029677585,0.0,-0.022494050104342658
2025-12-30 00:00:00+00:00,-0.022545903944253896,-0.027590705040351375,0.0,0.0,0.0,0.0,0.03291114752273527,0.011902347623962835,0.015011174945288709,-0.02631142397302244,0.016892768798921008,0.0,0.0,0.05304980924967381,0.0,0.02245420131641391,0.0,0.013701645548364904,0.0,0.0044206974138637865,0.0,0.0,0.0,-0.09227954924570109,0.04581029276526923,-0.04574635968507078,0.008596260319848911,-0.02298690319599921,-2.3972426762875576e-18,-0.03204095449898169,0.010727249497690113,0.0,0.026982000159908353,-0.022016067946481352,0.0,-0.032942427749998164,0.0,-0.023428741914440027,-0.03540745733025215,-0.04334223999431819,-0.027415247557969487,0.0,0.0,0.04103095279221199,-0.0017792026649794124,0.0,0.049078801230415386,0.0,0.0,0.0,0.0,-0.016226141181293275,0.01663060133780974,0.0,0.0,-0.008438265971104269,0.03351961443458067,0.02463084953239109,0.023810397483086092,-0.004237200924296834,0.0,0.0,0.0,-0.029276682632334867,-0.014766054848101546,-0.020205541654223055,0.0,0.0,0.012685058338322518,-0.005879264126025038,0.0,-0.008715357059280431,0.04675217014347493,0.13797777369140335,0.0,0.035174407871718376,0.0,-0.029209484977286013,-0.02022226704257558,-0.061250928950151294,0.0,-0.009489847908863524
2025-12-31 00:00:00+00:00,-0.02490347102323324,-0.0204324351158499,0.0,0.0,0.0,0.0,0.02696375258423173,3.903256009260518e-18,-0.0010668660716447466,-0.02663796255112377,0.02603902143927318,0.0,0.0,0.04627079683662689,0.0,0.04607089411836039,0.0,0.05673834302468352,0.0,0.010875163848948445,0.0,0.0,0.0,-0.06256511647801842,0.01980832971816154,-0.04026611731822204,0.005647210499279875,-0.0166446616012201,-2.1612750875805923e-19,-0.041090483292820765,0.028264704421816535,0.0,0.007918293356183137,-0.006951507770386706,0.0,-0.03222726252502335,0.0,-0.006349031746263589,-0.04534831390817625,-0.039615485692646134,-0.02907449907553974,0.0,0.0,0.033920111308062134,0.008423639901682371,0.0,0.03559556058613602,0.0,-0.016767011332258955,0.0,0.0,-0.03139026575062869,0.01039876231912266,0.0,0.0,-0.006465668666515036,0.018248026398046586,0.017657235813615446,0.02675653071942235,-0.009570628557202341,0.0,0.0,0.0,-0.04329690236622347,-0.022787228025066514,0.009422599359736468,0.0,0.0,0.010490503246143585,-0.008318441613224063,0.0,-0.013434552512076486,0.03109942358010266,0.12599523142235794,0.0,0.03219948835471046,0.0,-0.023010651009765633,-0.038029722787395435,-0.016530699952836514,0.0,-0.012028636113341937
2026-01-01 00:00:00+00:00,-0.02454882080603333,-0.027794718487132806,0.0,0.0,0.0,0.0,0.0171786059695333,0.0,0.010577703778392332,-0.039100469759603206,0.021384889211100776,0.0,-0.011090443813871018,0.04683191914814634,0.0,0.06537120233187006,0.0,0.04593522948804499,-0.046221033830891996,-0.001933883259151751,0.0,0.0,0.0,-0.05203501841375153,-0.010419012966138485,-0.05527657990470277,0.007108764674988563,-0.015888100059582373,0.0,-0.051758697480780845,0.043206827308319595,0.0,0.016446825888205775,-0.008094022959094716,0.0,-0.027034213010028597,0.0,-0.040774752828237504,-0.04609097683958335,0.0,-0.03931905823804212,0.0,0.0,0.04364482124047746,0.013547495711206843,0.0,0.026951545134582946,0.0,0.0,0.0,0.0,0.0,0.02636643106145054,0.0,0.0,0.005468549665784736,0.03178140222388387,0.03268580173546188,0.022163862870674435,-0.029131082884547223,0.0,0.0,0.009426592742963877,-0.05860859962873291,-0.02581501647348537,0.02600953205104488,0.0,0.0,0.01747199184456997,0.0,0.0,-0.004448212339446124,0.03312827591410896,0.13155719470554236,-0.0,0.020816161397818295,0.0,-0.01803907524278665,-0.0556902685217973,-0.03095322720076737,0.0,0.005003658850016526
2026-01-02 00:00:00+00:00,-0.034641218203961065,-0.0229970436336589,0.0,0.0,0.0,0.0,0.021826609107620302,0.017827369693185324,0.010764339355081283,0.002324671145717318,0.02719547242526727,0.0,-0.005929809107643571,-0.005064263800982369,0.0,0.014984084403836515,0.0,-0.005754359057386196,-0.02765602514256902,0.0035659994190400256,0.0,0.0,0.0,-0.04310237753185681,0.008311915312237054,-0.023827790361094323,0.012252583093712186,0.005436603879279554,0.0,-0.02031722298637929,0.0044863513006794245,0.0,0.026536865578075174,0.013105788450595901,0.0,-0.013340403499387551,0.0,-0.01165550272830242,-0.015913239422371515,0.0,-0.02571253517753933,0.0,0.0,0.02557176201874134,-0.005942919540593034,0.0,0.01725026144920004,0.0,-0.009739570686731501,0.0,0.0,0.0,0.01913175249258925,0.0,0.0,0.016083081754789487,0.019068729041747976,0.025834243947092352,0.02571391451780762,-0.002120561647698937,0.0,0.0,0.0038936235697558212,-0.008240705469870954,-0.0033091862432297406,0.001336946038906387,0.0,0.0,0.0014820773317569497,0.0,0.0,-0.001793117454212226,0.024774951278016263,0.058460470109699667,-0.03233576302643104,0.0016035772474455989,0.0,-0.007510636870223142,-0.04734830381002051,-0.03354189169288896,0.0,-0.0010295968668438123
2026-01-03 00:00:00+00:00,-0.03979064060388702,-0.014089597500606831,0.0,0.0,0.0,0.0,0.01464302541454045,0.023629717330357004,-0.002626649649245409,-0.0031810003754198916,0.02466524644877433,0.0,-0.029659092933666264,-0.022928203657158502,0.0,0.005113880490626955,0.0,-0.04784404094691004,-0.04686154325578593,-0.005786907672855423,0.0,0.0,0.0,-0.039684026177559235,0.018947665639687746,0.011687688464401585,0.03428883997418563,0.004670365786725292,0.0,-0.04005337520254286,0.01238763704924038,0.0,0.03210783809578399,0.041057137093729816,0.0,-0.011939745671761724,0.0,-0.016676957140342022,-0.02455675320291552,0.0,-0.039338345507648864,0.0,0.0,0.018756940647555266,-0.005011281411853083,0.0,0.010163086231711454,0.0,-0.01747049475057854,0.0,0.0,0.0,0.011705247241452143,0.0,0.0,0.012962576378002735,0.009989337757340594,0.029369040004965662,0.03388295619272017,-0.022557063551625244,0.0,0.0,0.00570637950564641,0.01586277959550462,-0.022520260081284195,-0.010780298170264725,0.0,0.0,0.01910574751952721,0.0,0.0,-0.001574658484666516,0.01642903961075299,0.10722362964796515,0.026888854304994943,0.0037552241316119533,0.0,-0.011541543800904969,-0.06741072092847188,-0.004178983489525506,0.0,0.003062303609675721
2026-01-04 00:00:00+00:00,-0.050170718140873614,-0.028338880854931206,0.0,0.0,0.0,0.0,0.01580078658496714,-0.0104462436574562,0.0035609354922940804,0.023570074034754238,0.029897402286066507,0.0,-0.04622899775282708,0.02109020724589231,0.0,-0.012207871204638971,0.0,-0.020155344901427265,-0.055250267628376135,-0.007713067010604397,0.0,0.0,0.0,0.0019651918710262947,0.02571510443950046,0.023639515022930633,0.015784476746658758,0.009285064157790238,0.0,-0.06535786456384321,0.025796799236279692,0.0,0.003211298220998773,0.04993142657203123,0.0,-0.002099223421361078,0.0,-0.04697806964605994,-0.045952455124962203,0.0,-0.045498191730924356,0.0,0.0,0.019798529049822596,-0.01901013816745244,0.0,-0.011561499890764939,0.0,-0.0266686955948112,0.0,0.0,0.0,0.013615596094774425,0.0,0.0,0.023188920038300097,0.015825385500209975,0.011377659083966428,0.04043248729868236,-0.04134292747608375,0.0,0.0,0.013909416963108705,0.0060578300537157855,-0.03504086395130756,0.019607915607847182,0.0,0.0,0.04977717690996261,0.0,0.0,-0.006112335466671133,0.019143038819665645,0.17220151342999573,0.018254610043423432,-0.026892149758166416,0.0,0.018166897392203115,-0.08077866528820177,0.002789265742202238,0.0,-0.009590052707325849
2026-01-05 00:00:00+00:00,-0.05027455796163176,-0.030581744526074386,0.0,0.0,0.0,0.0,0.01823316089711369,-0.011556966147637921,0.011201608226892824,0.04635355326261838,0.035831925941507886,0.0,-0.044245048990219873,-0.011237972714543984,0.0,-0.02445813813599284,0.0,0.00740028103930565,-0.04479279702426057,0.004693976578364514,0.0,0.0,0.0,0.05433378073862554,0.023490973325909627,0.023823335171265406,0.005660619648047415,0.011270186659253672,0.0,-0.053461376707045975,-0.008405745630482781,0.0,-0.007705133517036729,0.04677061076622465,0.0,0.027785597311176125,0.0,-0.026186917894216472,-0.03298672903114803,0.0,-0.026827679141077112,0.0,0.0,0.020699577087644354,-0.020341655893294872,0.0,-0.02554589117671186,0.0,-0.02889825246958821,0.0,0.0,0.0,-0.0020130528894114633,0.0,0.0,0.012244255341188209,0.010641570264763854,0.03058430562266943,0.03231044723608667,-0.008480824995131735,0.0,0.0,0.018876705956524936,0.04642390359121043,-0.032882385075340345,-0.013427847346160501,0.0,0.0,0.031824180470814464,0.0,0.0,0.014703730159610417,0.007377123449031873,0.004375801504266973,0.012114758329897966,-0.03394416725638039,0.0,0.014612252471046163,-0.0441611423247543,0.028653725009187284,0.0,-0.019875919212106283
2026-01-06 00:00:00+00:00,-0.03727791239058104,-0.019390118909234356,0.0,0.0,0.0,0.0,0.002715905538200688,-0.006315702516307955,-0.0034873513882894116,0.04698511741817158,0.01349290822586955,0.0,-0.048824045016239985,-0.011472474498221861,0.0,-0.004718429190203446,0.0,0.0784670467723754,-0.04406495340203678,-0.0062665743181942145,0.0,0.0,0.0,0.0642883437556454,-0.007294211734190921,0.011134906396451061,0.004887169683328369,0.015164799697379853,0.0,-0.038532354250257375,-0.00656245547938826,0.0,-0.019806798975720852,0.04426920060897885,0.0,0.018928263971493487,0.0,-0.017269052693650214,-0.02683271221106355,0.0,-0.031201852166120907,0.0,0.0,0.018058095371654304,-0.013335958066013788,0.0,-0.04283781502800731,0.0,-0.027310741120342076,0.0,0.0,0.0,2.2307797924963633e-18,0.0,0.0,0.012271007412889785,-0.010922848231575306,0.013678120513855795,0.02630368782205869,2.9309855340051006e-18,0.0,0.0,-0.0024470255622964106,0.049060918454655995,-0.024078891664190537,0.02025051325964473,0.0,0.0,0.040132867412587904,0.0,0.0,0.006847224974773675,0.006679977347927055,-0.08974620772130291,9.78502764400163e-19,-0.03453520701691516,0.0,0.03188849631834481,0.013632161590235975,0.06851804401766307,0.0,-0.03312308301384136
2026-01-07 00:00:00+00:00,-0.034818144591533616,-0.03254511632826051,0.0,0.0,0.0,0.0,-0.005417178474578816,-0.004808946864106763,-0.013520471411788514,0.07536455682050403,0.0132840872372185,0.0,-0.05503285147161194,-0.030312071765170513,0.0,-0.005290263587354718,0.0,0.018803918514547446,-0.04685881909243453,-0.002752584949349296,0.0,0.0,0.0,0.037672795822437745,-0.0132234221532383,0.0036406590962810024,0.008558878754730324,0.022582069151283045,0.0,-0.035112445142755445,0.013620263025719993,0.0,-0.0002041347380979659,0.04642163015594662,0.0,0.018013041412963365,0.0,-0.034225338829487535,-0.02263152694806247,0.0,-0.011586227579270997,0.0,0.0,0.015922157876979152,-0.016143303328333036,0.0,-0.0453839937980538,0.0,-0.026516195081568307,0.0,0.0,0.0,0.01726099924617431,0.0,0.0,0.009437656897505892,-0.0029374644689913933,0.01751032087516483,0.024922111686862324,0.005391290888513562,0.0,0.0,0.012102763841285677,0.04389005565364799,0.02285217958020867,0.05643854933662973,0.0,0.0,0.03878983352577837,0.0,0.0,0.008635541026179758,0.009590257493023153,-0.07743993804098664,-0.01961767734349562,-0.04088379720511968,0.0,0.035743743685299735,-0.026288175589257657,0.05757658594073483,0.0,-0.030475858762712114
2026-01-08 00:00:00+00:00,-0.03756909039547809,-0.02091478042246252,0.0,0.0,0.0,0.0,-0.006598858938239176,-0.017493443683055408,-0.011148815905793946,0.06932591343835548,0.021830223180424747,0.0,-0.059039275116873305,-0.008148205245474037,0.0,-0.022164384668799143,0.0,-0.055495202943953825,-0.05154551248109892,-0.020408802556100798,0.0,0.0,0.0,0.027140811120999576,0.013059754829790335,0.026605743670433335,0.018894954549628338,0.016169106442065765,0.0,-0.04780855218253627,-0.03396993262582172,0.0,0.004372979971714184,0.05275560515851799,0.0,0.027129524564011652,0.0,-0.01303212348384118,-0.03876219070707514,0.0,-0.005074399119304561,0.0,0.0,0.024568054852643687,-0.029720724734358304,0.0,-0.05381747088795618,0.0,-0.05915470388197175,0.0,0.0,0.0,0.007890648152771398,0.0,0.0,0.015120397609941055,-0.016194856197356562,0.007201732884471676,0.037151915993722945,0.013446370165714636,0.0,0.0,-0.00280234986188333,0.04404322063793654,-0.009544765866012375,0.03459807150462839,0.0,0.0,0.0545669139110911,0.0,0.0,0.014873545963443249,-0.009167141124284274,0.16214274980481952,-0.020891427248950156,-0.038982297751830666,0.0,0.018221168087688228,-0.013810505021812546,0.03708311252486065,0.0,-0.04493270596735048
2026-01-09 00:00:00+00:00,-0.026753683098326816,-0.0043905864861867785,0.0,0.0,0.0,0.0,-0.021640451036458185,-0.030565765229254676,-0.014308417428694587,0.057631674148084296,-0.008532512038427763,0.0,-0.05519686717685658,0.0024689033346597025,0.0,0.05103270833020017,0.0,-0.016904568813354885,-0.04342875538677208,-0.022333676638505905,0.0,0.0,0.0,0.011414262454028977,-0.021812718556189124,0.02058231859250948,0.005619207047121061,0.011945949648817454,0.0,-0.04905373681628433,-0.0461034168295502,0.0,1.6290160359467466e-18,0.048125502404882184,0.0,0.025313255892514847,0.0,-0.036071353644686686,-0.042106934941053345,0.0,0.010706398492799838,0.0,0.0,0.011923445535211368,-0.020893319705464874,0.0,-0.059014334112060245,0.0,0.005067745974637373,0.0,0.0,0.0,-0.0030788390703598394,0.0,0.0,0.010461990243008578,-0.011126255432938206,-0.0043019953654743325,0.036386881159658165,-0.0009409403741960724,0.0,0.0,0.0043803148875658235,0.042168579329819794,0.0015559462791936015,0.08185746407948097,0.0,0.0,0.06005774911774727,0.0,0.0,0.009468896443471483,-0.03837999613621344,0.12135370430989455,-0.00016731110392515295,-0.03566787818987716,0.0,0.01383596501077834,-0.01329054758175697,0.04002633903511305,0.0,-0.057320340558330095
2026-01-10 00:00:00+00:00,-0.04010634428786035,-0.021432329175232103,0.0,0.0,0.0,0.0,-0.01874742884298996,-0.03446143233384302,-0.015535345716826193,0.0514789628853152,-0.000796157545889539,0.0,-0.05483592493439643,0.0031841171696813577,0.0,0.0554768689023744,0.0,-0.028387951128060324,-0.02037282731520475,-0.011788313021320291,0.0,0.0,0.0,0.008531883925811294,-0.012296655481396758,0.002398642155726994,-0.00396956005174339,0.0085418391863106,0.0,-0.04381389140977024,-0.0831780467013777,0.0,5.534916950766768e-18,0.05234949268313506,0.0,0.027516846853544778,0.0,-0.044515379343838965,-0.0397092301995,0.0,-8.653170155960491e-18,0.0,0.0,0.03336355057144812,-0.043421826811869596,0.0,-0.05801725723421774,0.0,-0.022623034839437225,0.0,0.0,0.0,0.007027973516708645,0.0,0.0,0.020969227924976894,-3.545748922973601e-18,-0.002561652700717625,0.043971674444842526,0.022709849570928548,0.0,0.0,0.015072700194786699,0.03676296351746498,0.009056658837001698,0.0481896833357248,0.0,0.0,0.06968701414950787,0.0,0.0,0.01823700226363115,-0.009603254784971413,0.15975727034060977,-7.97100629211633e-18,-0.040433412863727175,0.0,0.012295045338278732,-0.017727920290247962,0.03324180428143785,0.0,-0.0714858950348093
2026-01-11 00:00:00+00:00,-0.02030264807498982,-0.01336980312903345,0.0,0.0,0.0,0.0,-0.019841418165256922,-0.05211916547518891,-0.005555715417620209,0.05217920785507441,0.0006299974747972267,0.0,-0.06129025047674471,-0.016342060964524154,0.0,0.10219128268234978,0.0,-0.03403431731622688,-1.4186601507713688e-17,0.0,0.0,0.0,0.0,0.011962939593502517,-0.03684066165923956,-0.0008767893083358995,0.0036968307254978687,0.030961198873077002,0.0,-0.04481264139903123,-0.05316129669807164,0.0,0.006945472829960481,0.039879606720250815,0.0,0.020143095276983592,0.0,-0.059414814075099014,-0.03195936218899138,0.0,0.0100492070071693,0.0,0.0,0.037770612277890164,-0.03273920183044699,0.0,-0.07354393036394605,0.0,-0.02707298476499773,0.0,0.0,0.0,-0.002715733457897875,0.0,0.0,0.025956983680157183,-0.0,-0.0008637724439564718,0.037409061699901956,0.028672345479899823,0.0,0.0,0.0,0.029332297963558,-3.476665860516221e-18,0.035509215514467896,0.0,0.0,0.06416041312792943,0.0,0.0,0.014834114127724703,-0.02158227566338043,0.15091660810707627,-0.0,-0.04183419858280795,0.0,-0.0046877502979589146,-0.030945147038038166,0.03191485653396962,0.0,-0.04920940875945387
2026-01-12 00:00:00+00:00,0.006259737524767286,-0.004032789463657633,0.0,0.0,0.0,0.0,-0.015068760829858504,-0.054147473984773896,-0.015289578059347445,0.045769500349354404,0.016147487603465304,0.0,-0.057071027912366755,0.014912540491337233,0.0,0.07367651687520495,0.0,0.028775917566501916,-0.018024144043920724,-0.0032312092005647997,0.0,0.0,0.0,-0.024947033042122556,-0.03290422016748906,-0.0070319555914987565,0.012202332441315532,0.02761910557353996,0.0,-0.0583131485381293,0.02540865484693101,0.0,0.0013266795463678087,0.021190078469975646,0.0,-0.0,0.0,-0.05457512102919922,-0.030206497986039027,0.0,0.011734202098184638,0.0,0.0,0.031235618333998193,-0.00987840105991789,0.0,-0.10815010546104561,0.0,-0.033102014302711855,0.0,0.0,0.0,0.023208112288951387,0.0,0.0,0.02740688057619354,-0.007279375333164105,-0.017376440713272257,0.02702400024792804,0.013688605096587684,0.0,0.0,-0.049662150362566215,4.844447669423336e-18,0.008498801383593414,0.07810983631918245,0.0,0.0,0.06594974513972238,0.0,0.0,0.011523983539645169,0.0,0.14444754795123751,-3.487434975053721e-17,-0.03044785709276586,0.0,-5.238059822862216e-19,-0.048055430033056054,0.02562393744451964,0.0,-0.06294508750103746
2026-01-13 00:00:00+00:00,0.00962934249989525,-0.0,0.0,0.0,0.0,0.0,0.0018935997924458682,-0.03422797523680372,-0.02262315360523081,0.04107147932991548,0.023689389704013675,0.0,-0.05817859980820716,0.0018269227191801817,0.0,0.07986458464062504,0.0,0.0613063772570992,-0.01645149606904377,2.749990179183805e-18,0.0,0.0,0.0,-0.01155510036740855,-0.035275627645232906,-0.0010595198438615022,0.02245305204023043,0.023983758609517285,0.0,-0.07328683765341915,0.017527310095447834,0.0,0.009916545782521873,0.030577242434622925,0.0,0.011999836856869114,0.0,-0.0542851259418888,-0.019320872154677534,0.0,0.015907495269024397,0.0,0.0,-9.21629930760485e-18,-0.020232541769891504,0.0,-0.12448051907212504,0.0,-0.03342682071417747,0.0,0.0,0.0,0.03377767709561681,0.0,0.0,0.022998174693967175,-0.013038963177961823,-0.007817262676305144,0.042957956510802496,0.006164533856507637,0.0,0.0,-0.031229394002652382,0.009373058493280953,0.00951348334588753,0.07896875649368117,0.0,0.0,0.06373464350600874,0.0,0.0,-0.0,-0.022590575119135252,0.14777754245175093,-0.0,-0.03460380040633074,0.0,-0.012103782634006407,-0.07326968826326205,0.0021861898137199576,0.0,-0.0700412971310103
2026-01-14 00:00:00+00:00,-0.01681229932853313,-0.003255409479184451,0.0,0.0,0.0,0.0,0.004119341534054454,-0.017906636334406315,-0.018483361321708254,0.04128274398972235,0.018735785126671112,0.0,-0.06318080576925537,-0.05804525568091671,0.0,0.06602558084965082,0.0,0.08106158423580988,-0.020446526656079742,-0.029825000712366035,0.0,0.0,0.0,-0.05434093408390567,1.9726195840385628e-18,-0.008852546205931917,0.022051888914328105,0.024137125549416015,0.0,-0.040773179555101235,0.014956695622281599,0.0,0.0,0.019078632617744454,0.0,0.010596007229836491,0.0,-0.05794458209433916,0.006346382058959459,0.0,-0.0,0.0,0.0,-0.0,-0.010711231216884338,0.0,-0.11516964333887503,0.0,-0.04438610984790356,0.0,0.0,0.0,0.03511247770308121,0.0,0.0,0.03704258419541714,0.017577936049777806,0.013452472038569155,0.025275927328120597,0.006237356666228214,0.0,0.0,0.02812501653085376,0.0,-0.012884111130022125,0.06913691950603136,0.0,0.0,0.026883710464207455,0.0,0.0,0.02145999722566477,0.00651264268943769,0.16005980784341373,-0.01582251629228991,-0.04506290712139232,0.0,-0.00580463969646507,-0.04289452117731189,-0.03076017669743618,0.0,-0.04190622222896933
2026-01-15 00:00:00+00:00,-0.007699882180983122,-0.001068467574584828,0.0,0.0,0.0,0.0,-0.0,-0.01293399293031278,-0.012572599169992432,0.03723312704626848,0.022909520177073935,0.0,-0.07237916922070248,-0.07392650988139754,0.0,0.07678937030529094,0.0,0.11919923776798334,-0.017817856728760705,-0.04303651243899195,0.0,0.0,0.0,-0.030520148426482086,4.0349989099335574e-05,-0.0,0.009498094469056273,0.009370495300711629,0.0,-0.021979069301873367,0.0425773105508287,0.0,0.008083187541457565,0.010010735091776564,0.0,0.006284297407237833,0.0,-0.03678594899194266,0.026500724806506167,0.0,0.014830574593452587,0.0,0.0,-0.003203162914013368,0.024945721703203746,0.0,-0.12376251739853993,0.0,-0.04666338942370061,0.0,0.0,0.0,0.019812310312268225,0.0,0.0,0.025407591412952606,-0.0,-0.007533134934378616,0.017568225398425473,0.010299547208133116,0.0,0.0,0.011899390864524394,-0.0172871693484379,-0.017263598162538172,0.06855341551642274,0.0,0.0,0.03334956057852211,0.0,0.0,0.018558955332775857,-0.016297773430079193,0.12395638916565554,-0.022778379425958437,-0.042490318821468635,0.0,-0.00792327063648378,-0.026855122781708953,-0.024646437416228715,0.0,-0.050253701000067194
2026-01-16 00:00:00+00:00,0.0031028079781966747,-0.007926789002764174,0.0,0.0,0.0,0.0,-0.010878556299949547,-0.006567923311776924,-0.00595302889665773,0.021211659873383925,-0.005394053432046276,0.0,-0.06542075297295478,-0.06366000557472165,0.0,0.06718402583126383,0.0,0.09830902975265503,-0.0031074570085397116,-0.02261867370549466,0.0,0.0,0.0,1.0273114430918897e-18,0.024079392926768556,-0.0073287778236327695,0.004334843968754302,4.2820219282090085e-18,0.0,-0.02756116335802973,0.05593108895084126,0.0,-0.0072849184591750864,-1.975125566298746e-19,0.0,-0.011844793227580279,0.0,-0.03515877631484818,0.020659093354351888,0.0,-5.503591966966957e-18,0.0,0.0,-0.012402191742970062,0.030155897095306746,0.0,-0.11541198171783229,0.0,-0.06745572221990977,0.0,0.0,0.0,0.013161704510102906,0.0,0.0,0.025869783915737455,0.02016581685564854,-0.0008092670744982475,0.01974646456451806,-0.02147741957347989,0.0,0.0,0.02563406877922392,-0.014217677378378778,-0.025990621163418354,0.04763277959850196,0.0,0.0,0.028317766117720237,0.0,0.0,0.0161223037286462,0.0022037808769700324,0.12336002229557592,-0.016972411030166144,-0.04047810096803112,0.0,-0.016386480598680413,-0.011382695038285333,1.8186723504842057e-18,0.0,-0.02349209308034565
2026-01-17 00:00:00+00:00,-0.0002122435335220622,-0.015004035825214227,0.0,0.0,0.0,0.0,-0.01964948406828848,0.003678066453125583,-0.007032155765303093,0.001977732748474209,-0.02692431972635133,0.0,-0.060630061780686015,-0.07307545151936116,0.0,0.08336047944108532,0.0,0.09561940297108235,0.00841725285998097,-0.024191142669749463,0.0,0.0,0.0,0.0015554731399792037,0.009863751862033593,-0.03666930916509064,-0.008003505333406182,-0.006835604262377832,0.0,-0.02204658398654312,0.0527628979370874,0.0,0.000611111905643688,0.007428582606264494,0.0,0.007888673150648699,0.0,-0.03807214505982072,0.024707705607262518,0.0,0.00900524414325153,0.0,0.0,-0.024086148659570757,0.024840735692414614,0.0,-0.10379881399863689,0.0,-0.039200359024537355,0.0,0.0,0.0,0.01036691251575688,0.0,0.0,0.0257011773385515,0.028726531401823376,-0.0,-1.4734107713777984e-17,0.003135789347260809,0.0,0.0,0.026283101960566876,-0.014412758948330487,-0.011194970572940532,0.05663241940900406,0.0,0.0,0.02822675579833109,0.0,0.0,0.018057938623630997,0.017263059297755838,0.10598172419196214,-0.022039987403622778,-0.04103722987360106,0.0,-0.02772739078879122,-0.01904452490605782,-0.016486847241469163,0.0,0.005282553710294859
2026-01-18 00:00:00+00:00,-0.002374391423084536,-0.021542597227643172,0.0,0.0,0.0,0.0,-0.0040449934964968525,0.012192159727910322,0.017092800596814103,0.014519344138573984,-0.02226758497530143,0.0,-0.039102284027908676,-0.09378096418819515,0.0,0.09993357913799963,0.0,0.09915942945807574,0.005936262729416406,-0.005777564072616737,0.0,0.0,0.0,-0.035679972080530836,-0.016127432941053746,-0.04405553923641571,-0.0013392366982640411,-0.032792076718637965,0.0,-0.023237302511176235,0.05854409127653123,0.0,0.003753569157491483,-0.01019531669283418,0.0,0.03307570402985202,0.0,-0.03397003476682722,0.019019123873929403,0.0,-3.2837122378213422e-18,0.0,0.0,-0.030584095629135794,0.02682616680439567,0.0,-0.11034348963298596,0.0,-0.01814403129578164,0.0,0.0,0.0,0.010401179294859722,0.0,0.0,0.02908474829401818,0.027349124252030385,-6.392389283626757e-05,-0.0,-0.011984659467964029,0.0,0.0,0.011772808344113908,-0.022434897017147896,0.007496402714686855,0.06340322177463834,0.0,0.0,0.023634080997583247,0.0,0.0,0.025961845541420763,0.02098741821172905,0.11156186200001379,-0.03066381815065566,-0.04338353666022288,0.0,-0.04141723272417798,-0.017380071811322156,-0.03300237510904363,0.0,0.02398450009217628
2026-01-19 00:00:00+00:00,0.00019465119437517655,-0.011749779008957495,0.0,0.0,0.0,0.0,-0.011084831243605014,0.01774110721656412,0.013827788387206746,0.005314265455099125,-0.02849764170943932,0.0,-0.012293858059813962,-0.10176222454409271,0.0,0.10203915942590602,0.0,0.09713259481752765,0.015127786423424334,0.0033732029524496513,0.0,0.0,0.0,-0.05236142889767351,0.007972190290729483,-0.038882654761078134,0.013492418351302219,-0.02360291153959351,0.0,-0.02883354580973138,0.07322143215525277,0.0,0.004452072496933844,-0.01660432158883444,0.0,0.020041638739970953,0.0,-0.04218637759555787,0.02695596499937167,0.0,-0.0027688705340249385,0.0,0.0,-0.04107318365800617,0.03000810538237953,0.0,-0.10751202201042388,0.0,0.006028396164261137,0.0,0.0,0.0,-0.007279036613915764,0.0,0.0,0.029572310740388512,0.034771403826001496,-0.003167669862155716,-8.1972979039241e-18,-0.023486254972245206,0.0,0.0,0.01965253621863198,-0.022002211184531075,0.010778588819826948,0.035925278402236284,0.0,0.0,0.02179664634008184,0.0,0.0,-2.0367555024539757e-17,0.012265853735225025,0.10688857552653108,-0.024289728449872375,-0.03465036314954369,0.0,-0.04196141887266143,-0.028696910787175563,-0.02181085250700533,0.0,0.01798412929826095
2026-01-20 00:00:00+00:00,0.002014419620028961,-0.007681802137284444,0.0,0.0,0.0,0.0,-0.019057626437588893,0.024478087437340652,-0.010857412709004893,0.030080314981688387,-0.016370866941444753,0.0,0.005057012850473909,-0.09190495879533202,0.0,0.10711313198812694,0.0,0.09958679758820356,0.009113075230036318,0.013952791864814452,0.0,0.0,0.0,-0.08638538903943016,0.012648699188226871,-0.03078174667581182,0.022731683457574568,-0.014238102680737436,0.0,-0.03607490748620997,0.07126168805427717,0.0,-0.011072486265601903,-0.009758802126141452,0.0,0.012131794511703115,0.0,-0.041155481189840956,0.025353056600611847,0.0,0.009110048414339288,0.0,0.0,-0.040137997479087945,0.008974059158746028,0.0,-0.1104168224166138,0.0,8.534387901002205e-18,0.0,0.0,0.0,0.0048100022318171625,0.0,0.0,0.040505701274195186,0.037040082342096776,-0.0,0.017815228760321912,-0.024897250691136984,0.0,0.0,0.023569203210376324,0.002891261046960845,0.006220619397015851,0.013630611885345199,0.0,0.0,-0.01196408104336826,0.0,0.0,-0.0,0.03414914972440105,0.11218619537229035,-0.021673521634437927,-0.0718649945030569,0.0,-0.041213066032579966,-0.021620798331617966,-0.027296601574684397,0.0,-0.0
2026-01-21 00:00:00+00:00,0.006578543963691123,-0.0008419401870639753,0.0,0.0,0.0,0.0,-0.015213678491857665,0.050183472447723726,-0.025034496387061816,0.051487354937392295,-0.02919137217784549,0.0,0.01807491934593454,1.48474285820279e-17,0.0,0.08156872204657727,0.0,6.132070502048688e-18,0.025442696805438484,0.0208161875686023,0.0,0.0,0.0,-0.07932541074553513,0.02716435484249855,-0.024357431564086884,0.03998982157670044,-0.020755193927246,0.0,-0.0392246731485239,-0.028641446466158835,0.0,0.01086968762857194,-0.0013051246148509175,0.0,0.026116223861948593,0.0,-0.032858546122349196,0.046200297721504635,0.0,-0.0,0.0,0.0,-0.05257626354029253,-0.04995961839309708,0.0,-0.1090319642596674,0.0,0.011384667029274272,0.0,0.0,0.0,-0.01017470526460691,0.0,0.0,0.05200578833109939,0.04532931761626095,0.012318231020845801,0.04475672817037962,-0.03579041449950916,0.0,0.0,0.032125005862978714,0.03300700155777027,-0.0,-0.040634320149526296,0.0,0.0,-0.01484067403240406,0.0,0.0,-5.086699162670315e-18,0.02954224330032263,0.13557452406656315,-0.01870653569947143,-0.07928055816877869,0.0,-0.047126115702312066,-0.002717303490592108,-0.014643373284593449,0.0,-0.028304629384647628
2026-01-22 00:00:00+00:00,0.03883241575008878,0.01780705643644928,0.0,0.0,0.0,0.0,-0.034954964638362715,0.028559681239463185,-0.03080708798154765,0.0655213164417149,-0.036722485663121036,0.0,-0.000957323791780251,5.764296597368019e-18,0.0,0.03457203717431731,0.0,-0.018027094900559613,0.03235456114924025,0.024628566785498216,0.0,0.0,0.0,-0.09138575352551055,-0.033751499112403216,-0.0331843915548587,0.043064464783663776,0.014684297635293865,0.0,-0.05600536037436824,-0.035720671301815776,0.0,0.0016706720635063798,-2.080542531202744e-17,0.0,0.025733643541265633,0.0,-0.032962482729006516,0.03043255697691373,0.0,-2.0344759071407883e-17,0.0,0.0,-0.07141730193352536,-0.04793544458062205,0.0,-0.1051976993915228,0.0,0.026595922093130716,0.0,0.0,0.0,-0.010293394989854836,0.0,0.0,0.0578658531439863,0.035965681090524164,0.019439116447278713,0.03952084299764672,-0.02919262667447193,0.0,0.0,0.03749568375422988,0.043280463312005385,0.00609196409662994,0.0,0.0,0.0,-0.014374666991834421,0.0,0.0,-6.491063008263412e-18,0.028615364903056897,0.1528271138830377,-0.012284844551545394,-0.07479352273028683,0.0,-0.049215435590577304,-0.010455232598454212,0.01130746065497812,0.0,0.012772549252109664
2026-01-23 00:00:00+00:00,0.0371098573497742,0.022538110733106714,0.0,0.0,0.0,0.0,-0.030895491721181202,0.02018761887172147,-0.06834373142892759,0.056733397109809874,-0.04127388086282877,0.0,0.013365426373313227,0.0611549014943553,0.0,0.07646238174239167,0.0,0.016954413775274624,0.034182635470807785,0.032436753016497455,0.0,0.0,0.0,-0.09484080850972892,-0.05975447063474934,-0.038281736248279886,0.04858656809247121,0.002998658967030614,0.0,-0.04926424821248128,-0.03902156425636964,0.0,-0.02082528793725581,-1.9471485957007256e-16,0.0,0.027777960929387457,0.0,-0.023653998073871578,0.0260748263562005,0.0,0.01945861901659318,0.0,0.0,-0.07635796796363184,-0.04785128133433806,0.0,-0.08808857866425504,0.0,-0.04375140632151593,0.0,0.0,0.0,-0.006878465090791537,0.0,0.0,0.06260209988593195,0.03857065264064437,0.025558018118915376,0.0476548583746578,-0.02163922861980716,0.0,0.0,0.032690374770968166,0.03204894451286018,-0.007906581620222631,-0.033308493219457544,0.0,0.0,-0.012644125017350722,0.0,0.0,-0.002926517019601939,0.0332245616475839,0.14567837211873197,-0.0037144747583092593,-0.08178401205124876,0.0,-0.04758856087236987,0.005701092192928226,0.005296505637305895,0.0,0.015547301239311332
2026-01-24 00:00:00+00:00,0.045370506064928505,0.041954936775928854,0.0,0.0,0.0,0.0,-0.025074936341738647,0.018248016705878715,-0.0854120557403529,0.056460269518371686,-0.03430603849022481,0.0,-0.004939071874752403,0.054605901797591685,0.0,0.09889918033218627,0.0,0.03058318293777746,0.008433820698436666,0.0062901394841932525,0.0,0.0,0.0,-0.10084150197143531,-0.0670473150350719,-0.013972355709022695,0.0624734028855463,-0.030671891212575512,0.0,-0.033567885052177206,-0.020187042489538672,0.0,-0.018104916637896193,-3.12351710648149e-16,0.0,0.023883455960007443,0.0,0.006901888149149445,0.04021435886116092,0.0,0.01541602692468295,0.0,0.0,-0.0881098503256005,-0.05653218235245168,0.0,-0.14420649774159372,0.0,-0.05962736471887872,0.0,0.0,0.0,-0.009130190481120296,0.0,0.0,0.07030695918093509,0.028088276931816977,0.0356162574384215,0.058248310439467404,-0.033089676381954834,0.0,0.0,0.03333372078604553,0.04826937424211353,-0.005464579311735719,-0.028089636316820123,0.0,0.0,-0.018151509819443457,0.0,0.0,-0.023633195604142062,-0.005510820661498024,0.13960069782300105,-0.008094381344993263,-0.056808647802999906,0.0,-0.050797038600278295,0.033180991946669715,0.033078619137272385,0.0,0.03191228699671388
2026-01-25 00:00:00+00:00,0.05181816162436307,0.04524920892562088,0.0,0.0,0.0,0.0,-0.044545466728584796,0.030181056639849085,-0.07678593531733606,0.05590224874042183,-0.04982118517725266,0.0,-0.059951501563151974,0.004312637051480019,0.0,0.07061340643630816,0.0,0.06184182258278092,-0.0071716527976852336,-0.022077531185875816,0.0,0.0,0.0,-0.040193500331904136,-0.05201205330427344,-0.007954637391786385,0.053709949956507914,-0.038171744994805634,0.0,-0.026118109808882736,-0.013419605893825126,0.0,1.2868635747508705e-18,0.009883254294936614,0.0,-0.020925061569152744,0.0,0.010749833911338507,0.052219998841763496,0.0,-2.183762218753558e-18,0.0,0.0,-0.08529185349629541,-0.034853933094608755,0.0,-0.10238070375589868,0.0,0.012089461361713742,0.0,0.0,0.0,-0.010602367280253863,0.0,0.0,0.0618694643689083,0.017774001626628688,0.0412729525865581,0.039279565879877666,-0.004342715685786564,0.0,0.0,0.035172468467051396,0.05575921953647219,-0.011124355959504017,-0.017513108604145063,0.0,0.0,-0.020531063680305484,0.0,0.0,-0.017338905862895125,0.007310232734932842,0.04563812952984361,-0.021986057481924,-0.05171281812125816,0.0,-0.03671344222306867,0.03444764713908068,0.0488451583673194,0.0,0.02759943070670337
2026-01-26 00:00:00+00:00,-0.0028807525299880633,0.036303359793191305,0.0,0.0,0.0,0.0,-0.020121174334197738,0.021327957272819158,-0.06798929207041722,0.05384800764006737,-0.03748191046602411,0.0,-0.05693054312262897,0.0009619560468105699,0.0,0.05232402228356504,0.0,0.007506151950050409,0.0118399789288493,-0.04003580651060882,0.0,0.0,0.0,-0.02231647086149551,-0.0373493931662192,0.024064560150361552,0.048000515004408426,-0.03392241666585434,0.0,-0.0020992056717403997,-0.05482252739243791,0.0,0.02156162379916747,0.015067102033476752,0.0,0.007007257314291381,0.0,0.0063866921050647375,0.03969363221127093,0.0,-0.00039225715615967397,0.0,0.0,-0.0787655227797531,-0.06608383895198192,0.0,-0.06659895029256994,0.0,-0.025415175458903795,0.0,0.0,0.0,-0.016037147191857132,0.0,0.0,0.05723610507498893,0.010160355809758331,0.04029867236872485,0.039830756916481413,0.024541269721886704,0.0,0.0,0.04075494415146715,0.06697654481531976,0.008157308547076582,-0.06595668846261345,0.0,0.0,-0.021920445403478366,0.0,0.0,-0.021553614976446017,-0.007512651087064888,0.09590042040624364,-0.01974974527330101,-0.04384467809591527,0.0,-0.03230993246915709,0.0481503945916057,0.05030478366843014,0.0,0.013885767785436359
2026-01-27 00:00:00+00:00,0.036243041760677566,0.019510612141443517,0.0,0.0,0.0,0.0,-0.004710050083724705,-0.03748235307661513,-0.08706270038294414,-0.0025106752419273557,-0.06043621878884348,0.0,-0.05943522030560698,-0.015298084033442306,0.0,0.05251539312258021,0.0,0.026644912968955454,0.060407506387115416,-0.06286973279911413,0.0,0.0,0.0,0.01641179793298656,-0.041279273459863486,0.017672374818575268,0.018868667322114775,-0.01573506657798993,0.0,-0.025880978570867588,0.004710904979301877,0.0,-0.018535436329960027,0.007389463049005954,0.0,-0.0032489714207466786,0.0,0.014614179959383012,0.02892006697245755,0.0,-0.007968552728239915,0.0,0.0,-0.07699780804957682,-0.044026836499800985,0.0,-0.026942448038921332,0.0,0.012733431556077984,0.0,0.0,0.0,-0.05585014183728521,0.0,0.0,0.05396389686835647,0.016105202808049716,0.0444242557988709,0.04147341116806242,0.03307760291807177,0.0,0.0,0.04446405603980485,0.04910577210668966,0.013694771629332829,-0.03748904232420566,0.0,0.0,-0.012239693044672052,0.0,0.0,-0.021782659668341278,0.008088665781951979,0.07801586717274282,-0.02437594275626283,-0.06919909211416292,0.0,-0.046007764936165464,0.03757788846246331,0.05540157835709277,0.0,0.06532942098711561
2026-01-28 00:00:00+00:00,0.05558958964191087,0.03555206460914888,0.0,0.0,0.0,0.0,-0.0039009300031935135,-0.06092840296858133,-0.07268056417935073,0.0,-0.032036122452803226,0.0,-0.052631533203880095,0.03442985880536741,0.0,0.10964525440275456,0.0,0.052043814317124334,0.05046463578141441,-0.05067353462693659,0.0,0.0,0.0,0.0,-0.08305340275209937,0.027836242099180356,-3.2586627955549725e-20,-0.007209709152582331,0.0,-0.04024309706749935,0.05773156616150845,0.0,-0.0475099546740309,-0.0,0.0,-0.01231284164116338,0.0,0.010482457594251073,0.013305124440383547,0.0,-0.0033444266955613726,0.0,0.0,-0.04727174893352037,-0.04529842982717336,0.0,-0.021634814902744465,0.0,0.0,0.0,0.0,0.0,-0.0401678683255921,0.0,0.0,0.03259569187527124,-0.0,0.01690537085128175,0.042386370211908206,0.047484470380012654,0.0,0.0,0.021229518898917697,0.03453139043049311,0.01937002346031906,0.015677963108291663,0.0,0.0,-0.009723593439097584,0.0,0.0,-0.009118265828403749,-0.027972617642481608,0.023118813437936692,-0.0,-0.07002982478449427,0.0,-0.03562952375296801,0.0027614878426357285,0.03303282997837113,0.0,0.037196668525674666
2026-01-29 00:00:00+00:00,0.0580685784939883,0.026527432555154006,0.0,0.0,0.0,0.0,0.01454576008221637,-0.06694868304044634,-0.07639078501212963,0.0,-0.03814499685776303,0.0,-0.061461223858247115,0.05106321162861829,0.0,0.1396346646863379,0.0,0.02555106168422495,0.04617522385273813,-0.04774386774151217,0.0,0.0,0.0,-0.02817277505187907,-0.06474972205677008,0.020062574805013996,0.004447885639024786,-0.00359563470232971,0.0,-0.019313330491423395,0.04674129431157638,0.0,-0.046809549410780756,-0.0,0.0,-0.02005332527723648,0.0,-0.014454426952080653,-0.014068484693537102,0.0,-0.0,0.0,0.0,-0.034009557699953605,-0.07735717966339367,0.0,-0.017190315695453325,0.0,-0.03132964072059738,0.0,0.0,0.0,-0.024127643645420548,0.0,0.0,0.04575264673497064,-0.0,0.01399284763042753,0.04672724439168172,0.061454506369351666,0.0,0.0,0.017908285710940202,0.0370158955754545,0.017785835574343104,-0.042088450611360455,0.0,0.0,-0.02707196823554388,0.0,0.0,0.016224764044976928,-0.014357389560465821,0.053499904509058706,-0.0,-0.07317591682944491,0.0,0.05650341184605537,0.018183291146523752,0.034076229141697646,0.0,-0.009327682606605665
2026-01-30 00:00:00+00:00,0.04198607813578726,0.03548817984050333,0.0,0.0,0.0,0.0,0.0208340947441869,-0.05638981852190803,-0.06027253473580073,0.02554444706321991,-0.043882055443512744,0.0,-0.0544028283664315,-0.016591596208735595,0.0,0.10669974425517527,0.0,-0.09326639040258228,0.029584988331205972,-0.05378227377731647,0.0,0.0,0.0,0.009956215557534155,-0.05054675687020561,0.03136499998975237,0.011064447981439378,-0.014782145988443974,0.0,-0.02462256536968208,0.004768539056971932,0.0,-0.015284995746958494,0.01745469018202333,0.0,-0.011755213986752893,0.0,0.004641843703939521,0.01195853718605526,0.0,-0.0004065324723500109,0.0,0.0,-0.04795793662134928,-0.07871773698169626,0.0,0.025910188264290607,0.0,-0.022059625684519916,0.0,0.0,0.0,-0.029992870051756673,0.0,0.0,0.014284373928311432,0.017260687665556298,0.01903405682832418,0.04171970760444765,0.06437987210313344,0.0,0.0,0.018542537457569324,0.05595483344327613,0.03837300164729206,-0.046531264426244334,0.0,0.0,-0.02454265792541562,0.0,0.0,-0.004263645981448588,-0.024624589224352088,0.1030800544184293,0.013648823800467355,-0.060180316121514914,0.0,0.04099149124502948,0.03170822521890972,0.039994008681048084,0.0,-0.04137231742490164
2026-01-31 00:00:00+00:00,-0.007202548367543842,0.02266073849455221,0.0,0.0,0.0,0.0,0.023495809041638095,-0.05936761021773195,-0.05481566607056305,0.032761575683722025,-0.016777698543764978,0.0,-0.06186134500342732,1.2778883840013602e-18,0.0,0.05631015790296654,0.0,-0.06529291843170908,0.02583885550943996,-0.041480810563088576,0.0,0.0,0.0,-0.04636179255248363,-0.05024253906481979,0.05335896291652165,0.007460266462186505,-0.021184327106051466,0.0,-0.029495095974623513,-0.03222330698313007,0.0,-0.001458286694606951,0.03310466884565108,0.0,-0.015297710339767151,0.0,0.0019443850079784502,0.024888899702245372,0.0,0.010840723070683018,0.0,0.0,-0.04406713289384744,-0.07963650011203517,0.0,-0.013515920670309146,0.0,-0.022679800956829428,0.0,0.0,0.0,-0.04296568672024626,0.0,0.0,0.02504408832020711,0.023475232311969563,0.015183199002329737,0.040290647960091366,0.0656320942497443,0.0,0.0,0.03112145747767724,0.05064616664557585,0.048979330686585304,-0.015089240939381559,0.0,0.0,-0.03160202900482729,0.0,0.0,0.008436824426274036,-0.02118753857612753,0.17165292914977592,0.011059919842544055,-0.06529551639065616,0.0,0.04187345334056328,0.02570343425936699,0.02393603734138578,0.0,-0.03659883547410402
2026-02-01 00:00:00+00:00,0.028449281515949717,0.01601837822199317,0.0,0.0,0.0,0.0,-0.006406919174982564,0.0,-0.04963080981655223,0.032566541343501225,-0.034824291337680995,0.0,-0.057342938314219494,0.005702473444185545,0.0,-0.011932133033514269,0.03580901642108014,-0.05910704364720555,0.0,0.0,0.045614516406422216,0.0,0.0,0.0,-0.05190081206555362,0.027192610989489295,-0.013405155985186167,-0.008992632418715719,0.0,-0.025174510767387616,-0.02235688546177091,0.0,-0.05869897710352439,0.0,-0.03169273778177303,-0.010469687391069283,0.0,0.000691915249267289,0.036624808361259496,0.0,0.013963173239910321,0.0,0.0,-0.036766787871476574,-0.05594924133492537,0.0,-0.03139319569537148,0.0,0.0,0.0,0.0,0.0,-0.040121618011990934,0.0,0.0,0.013181764081965862,0.019097932020904186,0.012962153810083801,0.037411453951073474,0.0,0.0,0.0,0.0,0.05707293215850905,0.03503520752133178,-0.020132718268736412,0.0,0.0,-0.01024747858455142,0.0,0.0,0.012114902861989072,-0.02258901214249562,0.13677440502222843,0.019225790282739085,-0.04729964678294583,0.0,0.03678869688962379,0.03797422847898548,0.04616305071913688,0.0,0.0
2026-02-02 00:00:00+00:00,-0.007818217674898075,-0.0005974649381425638,0.0,0.0,0.0,0.0,0.0006297354528324283,0.0,-0.059943102391433446,0.04520182896587951,-0.01773018731725938,0.0,-0.066837843417686,0.07840792216985511,0.0,-0.04399749764700236,0.04471012146573373,-0.05547483784988086,0.0,0.0,0.0589378623325456,0.0,0.0,0.0,-0.06090746990651493,0.014004922083763234,-0.03625891515013107,-0.004699412310528699,0.0,-0.027751887048624437,-0.05317312994674856,0.0,-0.04057840761338062,0.0,-0.026164653700631327,-0.013014266757847236,0.0,-0.02005615996780937,0.043293515642215265,0.0,0.024616311038410978,0.0,0.0,-0.03908456942356652,-0.08000482013854072,0.0,-0.050842293073605174,0.0,0.0,0.0,0.0,0.0,-0.030980291080396176,0.0,0.0,0.030654691536438263,0.035877524566535736,0.03416338669286526,0.048503944706016724,0.0,0.0,0.0,0.0,0.06582395424562404,0.04063340221828873,-0.025355302936616232,0.0,0.0,-0.03282326401339059,0.0,0.0,0.02551793006784366,0.008865660255594047,0.14741033598340114,-0.022049850539109486,-0.06039401244263185,0.0,0.044443861492885255,0.03981883335138602,0.04502211301826099,0.0,0.0
2026-02-03 00:00:00+00:00,-0.003984969082957688,0.015423191519809608,0.0,0.0,0.0,0.0,0.004051344209193513,0.0,-0.05858779693827801,0.04647074099435781,-0.02325033146774994,0.0,-0.06444925966304081,0.07525888909998127,0.0,-0.032862633294066426,0.04323061471605144,-0.044839681394878296,0.0,0.0,0.05202149687087918,0.0,0.0,0.0,-0.06381860422096933,0.01581614214626652,-0.02754833262542758,-0.024648267188749805,0.0,-0.010038708857922473,-0.050197603186604545,0.0,-0.006197720448770789,0.0,-0.05872263069667385,-0.012487856855433828,0.0,0.0220153570208812,0.03395826384801283,0.0,0.01823033129296503,0.0,0.0,-0.03677952069333586,-0.05989451578635163,0.0,-0.047908484624602864,0.0,0.0,0.0,0.0,0.0,-0.040886288520009535,0.0,0.0,0.00856102193997053,0.027668218076289497,0.03546139827395938,0.04074963424066102,0.0,0.0,0.0,0.0,0.06297088787126673,0.04826200694624693,-0.016535867784384383,0.0,0.0,-0.02847780323504705,0.0,0.0,0.03128003679952907,-0.008938247947964717,0.11405077200584585,-0.0034679309675409217,-0.05722306545044227,0.0,0.04165434555157732,0.025443163944572755,0.0191682635628851,0.0,0.0
2026-02-04 00:00:00+00:00,0.004810546235112651,0.020702721010624668,0.0,0.0,0.0,0.0,0.015115402524748741,0.0,-0.07499982954407734,0.0855259523728336,-0.0324348387499569,0.0,-0.07981171440878738,0.07892312812566911,0.0,-0.04866022657703617,-0.019469940080916424,-0.07566203589812025,0.0,0.0,0.056391298218033306,0.0,0.0,0.0,-0.0664729444992673,0.005077103351367533,-0.012984774669276474,-0.021349514086541604,0.0,-0.02207261383228774,-0.052193542893869835,0.0,0.01904297408199176,0.0,-0.07765110298327024,-0.024790417666456014,0.0,0.00916358881924084,0.040638317540932556,0.0,0.03215043077257089,0.0,0.0,-0.04195733743140825,-0.07093625783984338,0.0,-0.01659519573709693,0.0,0.0,0.0,0.0,0.0,-0.03333171268823701,0.0,0.0,-0.0013565727279586505,0.04835509111174421,0.0495225008842715,0.020599292510102885,0.0,0.0,0.0,0.0,2.3898327864611807e-18,0.054922712660691576,-0.03984026837282433,0.0,0.0,-0.017041784807148946,0.0,0.0,0.03971389283654396,0.021486675048821492,0.20580110584078234,-0.010924057800607274,-0.06616224336410212,0.0,0.05416888264048639,0.029799022452343085,0.014788287620177521,0.0,0.0
2026-02-05 00:00:00+00:00,0.0031015998273481392,0.004377024988831189,0.0,0.0,0.0,0.0,0.018060147887141085,0.0,-0.05115633176142257,0.06472304838477987,-0.01635191916079315,0.0,-0.04817717085164462,0.0815508173668824,0.0,-0.04008685289588025,-0.0004624761087801223,-0.06686054166102734,0.0,0.0,0.044817266159559374,0.0,0.0,0.0,-0.033906524698785294,0.007667831125344631,-0.011592240522611267,-0.008593901558868362,0.0,-0.024047066879252284,-0.03353407247872552,0.0,0.01062759166367256,0.0,-0.04725269413157727,-0.0004460098231065455,0.0,-0.004237648218884745,0.0389745232505967,0.0,0.023059636098177225,0.0,0.0,-0.0229196264253121,-0.04872794292122868,0.0,-0.004761729833849001,0.0,0.0,0.0,0.0,0.0,-0.010571650825676066,0.0,0.0,0.019661971477930487,0.03491112217418397,0.040896931049050726,0.03953695496094775,0.0,0.0,0.0,0.0,0.000781442777106589,0.0340913618838188,-0.032433565766146415,0.0,0.0,-0.0538572972245688,0.0,0.0,0.03214816871134909,0.03459949628293407,0.1722647491111216,-0.00046325537258463045,-0.05156207752155658,0.0,0.033523427892257214,-0.04151544015653229,-0.0858570762742196,0.0,0.0
2026-02-06 00:00:00+00:00,0.0005263097441643267,0.0063367409873953786,0.0,0.0,0.0,0.0,0.0191529961265013,0.0,-0.044092892897415505,0.06883224867935751,-0.01338928797266234,0.0,-0.050135308695373984,0.052349294196578314,0.0,-0.049276174550504155,-0.004994367688027304,-0.0497668243898252,0.0,0.0,0.049295717447808855,0.0,0.0,0.0,-0.03123018471692943,0.009184451906268038,-0.010371322099362704,-0.004848401831647907,0.0,-0.030511482944173596,-0.040653199805551654,0.0,0.007284016092079139,0.0,-0.05036715071460472,0.00743971936699676,0.0,-0.01108762954470534,0.041164564847578335,0.0,0.023581050991314644,0.0,0.0,-0.013657082944250975,-0.05118625178544416,0.0,-0.020183325920259503,0.0,0.0,0.0,0.0,0.0,-0.014032542528429425,0.0,0.0,0.029106448681230964,0.03535620411702,0.04061228731985765,0.037068876004312,0.0,0.0,0.0,0.0,0.007112320724619509,0.02792358617276602,-0.039595772717390405,0.0,0.0,-0.05009205601387115,0.0,0.0,0.03947190012089472,0.036116174374373256,0.13052329236945248,-0.0004375738886822612,-0.03807114125232519,0.0,0.039904854967443386,-0.04017409011858834,-0.05018899021798732,0.0,0.0
2026-02-07 00:00:00+00:00,0.01913029460869933,0.03128896047214799,0.0,0.0,0.0,0.0,-0.009542836016634425,0.0,-0.0789262728060661,0.0945577321750804,-0.0007473036132585318,0.0,-0.038761384281221334,0.09989953717040576,0.0,-0.08080861392628212,-0.0324645301744554,-0.006068766776890189,0.0,0.0,0.06612769294906685,0.0,0.0,0.0,-0.04678352174589389,0.020342066894075216,-0.05434461845938545,-0.06183204273861421,0.0,-0.04862929834958597,-0.04375262896477784,0.0,-0.0078373493069418,0.0,0.012825479013365037,-0.030951901768834892,0.0,0.07909693835832128,0.05659904799199287,0.0,-0.003281183823544682,0.0,0.0,-0.048455012777757184,-0.04455420442756188,0.0,-0.05036818190659092,0.0,0.0,0.0,0.0,0.0,-0.017355201371390117,0.0,0.0,-0.018864098810943107,0.046189289171091365,0.04704260072091737,0.043844275087672774,0.0,0.0,0.0,0.0,0.04416342124757604,-0.05307532689191319,-0.06452549452874327,0.0,0.0,-0.05047507966028078,0.0,0.0,0.036471328727656724,0.03207450066647671,0.09146494506803074,0.001999152604986692,-0.04293528115244652,0.0,0.054153469023632606,0.007773288211338704,0.05029611411747926,0.0,0.0
2026-02-08 00:00:00+00:00,0.013374018896512688,0.026520861855150114,0.0,0.0,0.0,0.0,-0.007007889115609877,0.0,-0.07393431201692646,0.08594327942993164,0.0011465592263712409,0.0,-0.022526586447018215,0.0875011150493208,0.0,-0.09443237908512335,-0.016523207499294628,-0.02281868372526691,0.0,0.0,0.06335884570998658,0.0,0.0,0.0,-0.02393401287302615,0.03428030830130502,-0.04478813977311051,-0.07323509705660786,0.0,-0.0438850908392917,-0.03621742522862357,0.0,0.0043165868763897644,0.0,-0.020816972664509475,-0.02816691951784694,0.0,0.06714416631806953,0.04644458088710777,0.0,0.00586494089595654,0.0,0.0,-0.03734506105634492,-0.03519192860838774,0.0,-0.020638558619560286,0.0,0.0,0.0,0.0,0.0,-0.023549292662876975,0.0,0.0,-0.020708867987887687,0.04503622799636372,0.036442206737529466,0.04591927504669856,0.0,0.0,0.0,0.0,0.037797528636675744,-0.05394941334389826,-0.07363285725002644,0.0,0.0,-0.05647717887417196,0.0,0.0,0.03053059498448964,0.03359393855126802,0.15055784280843854,-0.0,-0.034782782995879405,0.0,0.05232862835237556,-0.02180175420811034,0.018262904889458708,0.0,0.0
2026-02-09 00:00:00+00:00,0.018384070373645475,0.03893262618925093,0.0,0.0,0.0,0.0,-0.02965302852400222,0.0,-0.07054425887924314,0.058101666390814655,0.0,0.0,-0.008360450129753783,0.07685798662344887,0.0,-0.0854940796731938,-0.02874539298280205,0.008238177231264928,0.0,0.0,0.04381407456912078,0.0,0.0,0.0,-0.03011179304152722,0.020656310023244598,-0.04011454657640028,-0.07372544064046276,0.0,-0.047257872478089706,0.014011157796453226,0.0,-0.02148516776682938,0.0,0.01669796777851479,-0.04929089446817455,0.0,0.0694695642139091,0.042659542966645606,0.0,-0.0014125362646547528,0.0,0.0,-0.0421047990092608,0.008940271140861045,0.0,-0.027227935527394734,0.0,0.0,0.0,0.0,0.0,-0.04737614562798948,0.0,0.0,-0.0243182645017135,0.039144341256925286,0.017096019739094193,0.03542204027519512,0.0,0.0,0.0,0.0,0.027120624600765107,-0.04349761642437176,-0.043873295718223466,0.0,0.0,-0.049630299357008203,0.0,0.0,0.026110541568911964,0.023155568625148858,0.1414435074301468,-0.017195405275496328,-0.031905984602249846,0.0,0.046772141754220245,0.006167633295339325,0.03412937362592102,0.0,0.0
2026-02-10 00:00:00+00:00,0.01638509691282882,0.02549833918287116,0.0,0.0,0.0,0.0,-0.043777060818444014,0.0,-0.05960774486797025,0.05921610207497471,0.005478338788870239,0.0,0.03122694191815198,0.06554608010448801,0.0,-0.08679966632690987,-0.02434795994029468,0.006453167205040884,0.0,0.0,0.03337973720273105,0.0,0.0,0.0,-0.02369824915824237,0.012501182543570022,-0.04928094076945047,-0.06413346926410529,0.0,-0.036045495477877,0.008898697354899347,0.0,-0.018967241658128242,0.0,0.02996191540392399,-0.02406779310057644,0.0,0.05891163071314061,0.03692391478264907,0.0,-0.016294101235801554,0.0,0.0,-0.03585139075431775,-0.003885705519048584,0.0,-0.03133553669857577,0.0,0.0,0.0,0.0,0.0,-0.03946482598210448,0.0,0.0,-0.0210482703016283,0.03062586763090926,0.01618064016269652,0.033056928059611794,0.0,0.0,0.0,0.0,0.013630856655184638,-0.03443064483453752,-0.04333406313050959,0.0,0.0,-0.04771230976678105,0.0,0.0,0.01720378091417671,0.023770937921012522,0.13906242152412973,-0.015546835844932811,-0.011041565187691936,0.0,0.03718471068363425,-0.005617741740040744,0.035191324638473465,0.0,0.0
2026-02-11 00:00:00+00:00,0.007809447874287903,0.01626332628927388,0.0,0.0,0.0,0.0,-0.041843545754457874,0.0,-0.04900650031565272,0.04513604335342366,-0.00810866194782927,0.0,0.0428077376013591,0.05787337614296538,0.0,-0.08181370509675208,-0.02051839963423147,0.02193179233366072,0.0,0.0,0.0362399594542258,0.0,0.0,0.0,-0.03449434549863384,0.0,-0.03361534223794333,-0.058684866152525494,0.0,-0.03693512898279341,-0.0,0.0,-0.021535334325916852,0.0,0.03454587033876283,-0.01590026433503095,0.0,0.05196093372595399,0.036195660153890995,0.0,-0.012199943589158345,0.0,0.0,-0.03493699463573116,-0.0014539610336075602,0.0,-0.024907057981038417,0.0,0.0,0.0,0.0,0.0,-0.047015187969951126,0.0,0.0,-0.004744169528363153,0.02923513439792396,0.009256770485898947,0.02715843413615534,0.0,0.0,0.0,0.0,0.02245936891278364,-0.027247900451109894,-0.05099117761825505,0.0,0.0,-0.03593269317727916,0.0,0.0,0.008421936776916604,0.01755646203859345,0.13231493132309358,-0.017368752900710504,-0.02003773818120164,0.0,0.03647225273004105,0.014769756481116711,0.03088247679784563,0.0,0.0
2026-02-12 00:00:00+00:00,0.006606829083634927,0.014874460346569834,0.0,0.0,0.0,0.0,-0.047046878747787756,0.0,-0.04594338337813925,0.05264430571100357,0.0020470921454562342,0.0,0.038754540838219415,0.05584509482303054,0.0,-0.07475362819997278,-0.022959180944423375,0.01793568015114079,0.0,0.0,0.02953939537328712,0.0,0.0,0.0,-0.027974142238079033,0.002359876642820723,-0.03286968233228991,-0.055060601744014954,0.0,-0.03697971475423105,-0.002862593493865754,0.0,-0.033350845474660516,0.0,0.040949095299812124,-0.014164907056512391,0.0,0.04802381643157835,0.03252919991114646,0.0,-0.006392849608752108,0.0,0.0,-0.03406693686566616,-0.007194720180144718,0.0,-0.027507541075299832,0.0,0.0,0.0,0.0,0.0,-0.045904207548074394,0.0,0.0,-0.017994988737636455,0.02813645106213806,0.015025534496108741,0.01688068213104728,0.0,0.0,0.0,0.0,0.018431138174735587,-0.011626293754577948,-0.038973262754743915,0.0,0.0,-0.03471851211621915,0.0,0.0,0.0032029457096189925,0.013419600770158732,0.12248228566709554,-0.010464627333995764,-0.003243993789052231,0.0,0.028350899868848863,0.012372131698938289,0.031642435791749315,0.0,0.0
2026-02-13 00:00:00+00:00,0.03563794844282793,0.021692518461587734,0.0,0.0,0.0,0.0,-0.055977851912284673,0.0,-0.03732388135079478,0.05262491484984982,0.01080151938537122,0.0,0.04079654995867655,0.05734320418118749,0.0,-0.06481413096817577,-0.025225664635521217,0.009467343570019193,0.0,0.0,0.024146229105168823,0.0,0.0,0.0,-0.027938542488646276,0.002602742609810155,-0.04332848635949122,-0.05918600778066678,0.0,-0.047505784111417315,-0.005164572274553995,0.0,-0.011275284253860214,0.0,0.03081438537406044,-0.017731143407328585,0.0,0.056289871877918195,0.016366447998006104,0.0,-0.03228381443196299,0.0,0.0,-0.013489800972626101,-0.0053768288144405195,0.0,0.00399967033265227,0.0,0.0,0.0,0.0,0.0,-0.05851888229740307,0.0,0.0,-0.0478159638476282,0.024142607305482653,0.011644271407205605,0.025615812965784378,0.0,0.0,0.0,0.0,0.03468164573495908,-0.019037004587543063,-0.04589516792616935,0.0,0.0,-0.013576198640702196,0.0,0.0,0.001689738881010929,0.006639927450570089,0.11818893371983619,0.008943307086510442,-0.031902036439389214,0.0,0.02789008555231309,0.006746895326109058,0.03460047592368805,0.0,0.0
2026-02-14 00:00:00+00:00,0.0407844927071505,0.030026965229491973,0.0,0.0,0.0,0.0,-0.06050806114477571,0.0,-0.04636108392062176,0.05510710468067948,0.000701162066466956,0.0,0.03870772365846215,0.06111038867309359,0.0,-0.08644314095199716,-0.03066020286373051,5.596645395322298e-18,0.0,0.0,0.04369382321565976,0.0,0.0,0.0,-0.008493530563872347,0.0039032101438169595,-0.03379103412323306,-0.059476613053814104,0.0,-0.049305851494561126,-0.0,0.0,0.0,0.0,-0.0,-0.027146913456891242,0.0,0.05549791626085729,-0.061366958284597,0.0,-0.04223580430526208,0.0,0.0,-0.016576474900650656,0.0036466145961507536,0.0,0.017983333482623726,0.0,0.0,0.0,0.0,0.0,-0.04296191171724529,0.0,0.0,-0.0424126330551514,0.02051476921177102,0.003669259586278194,0.011123278034099172,0.0,0.0,0.0,0.0,0.037310431970642134,-0.007410229887514278,-0.024495549429162905,0.0,0.0,-0.01615097633869378,0.0,0.0,0.011908914363108852,0.019426364918925156,0.11129362673542195,0.012307639804962297,-0.02276646705384056,0.0,0.04010962876914478,0.03153140859455453,0.02820537984225384,0.0,0.0
2026-02-15 00:00:00+00:00,0.03596173243390579,0.03513272185667008,0.0,0.0,0.0,0.0,-0.058810249798109934,0.0,-0.04587340845779188,0.07544747415483827,0.0016821049682160998,0.0,0.03795720447835317,0.04794504494134728,0.0,-0.07946091652127556,0.027717468414764298,-0.03181034341857029,0.0,0.0,0.005474416090658854,0.0,0.0,0.0,-0.017992276476543636,0.049584242769365905,-0.010996559711836456,-0.04293016761695956,0.0,-0.012238502543483553,-0.039120470571025155,0.0,0.00755910635752669,0.0,-0.03050811080618008,-0.01664078452975363,0.0,0.061407462349292175,-0.028724356418678505,0.0,-0.039500125047085735,0.0,0.0,-0.04103260192815583,-0.02485347933201589,0.0,-0.005561178900358875,0.0,0.0,0.0,0.0,0.0,-0.0342096604996941,0.0,0.0,-0.04497111301382533,-0.0068262398371038814,0.026443226912637348,0.04080421898335888,0.0,0.0,0.0,0.0,0.05082404496766209,-0.004411604327967931,-0.03808276560079181,0.0,0.0,-0.02008776656587557,0.0,0.0,0.011392533572591724,0.03929732035230376,0.036931878766134685,0.02235520272104235,-0.005446131657192696,0.0,0.023435855251003505,0.02615770399037998,0.016577849248222924,0.0,0.0
2026-02-16 00:00:00+00:00,0.04394968300265088,0.03325676006832722,0.0,0.0,0.0,0.0,-0.060433976027116636,0.0,-0.050900784830733875,0.07874960221840885,0.010746211248666865,0.0,0.03930687807109391,0.05251404872829381,0.0,-0.0850975250288597,0.017476703171639102,-0.03145514881326399,0.0,0.0,-0.008925747500979894,0.0,0.0,0.0,-0.034423456435874,0.0403339339390749,-0.011674365481681164,-0.044818964022577165,0.0,-0.004364991884877848,-0.042363324171918584,0.0,0.010644029471049657,0.0,-0.02844961019066592,-0.026581793962491686,0.0,0.0598110602032588,-0.0372534470784563,0.0,-0.041403733333026944,0.0,0.0,-0.0443602951867212,-0.01521811832258598,0.0,0.0006699460314464301,0.0,0.0,0.0,0.0,0.0,-0.01751461873814127,0.0,0.0,-0.043926142941196566,-0.012342125843047703,0.024664687218551924,0.038513774902926706,0.0,0.0,0.0,0.0,0.049260199359579794,-0.023292086599772957,-0.03591180288800578,0.0,0.0,-0.019560025800305088,0.0,0.0,0.007818408033035776,0.03393615256826209,0.08237140042226886,0.017057527448435857,-0.00893835743658133,0.0,0.02421580379825384,0.04284978377206856,0.021063848841587875,0.0,0.0
2026-02-17 00:00:00+00:00,0.04766339446701281,0.035991253152914494,0.0,0.0,0.0,0.0,-0.06703762019774602,0.0,-0.04449425819884916,0.08065298474465409,-0.005341601750080082,0.0,0.003415566256907985,0.055446497184188044,0.0,-0.0829504009479812,0.01968802732726189,-0.036422929201176,0.0,0.0,0.01707020475289581,0.0,0.0,0.0,-0.02054035604945101,0.030552220800940888,-0.012142252880926257,-0.03541179739059095,0.0,-0.008354386519916672,-0.04251929764340701,0.0,0.004672812699010519,0.0,-0.03294468280694542,-0.03797562240617115,0.0,0.059999509371462915,-0.04101053311639629,0.0,-0.041623169330025106,0.0,0.0,-0.03963091205567248,-0.014464617538179838,0.0,-0.009097971782291374,0.0,0.0,0.0,0.0,0.0,-0.025832875574400126,0.0,0.0,-0.04877263448236494,-0.004816691661723907,0.03260946064830409,0.03797140140788783,0.0,0.0,0.0,0.0,0.047191359011184104,-0.03382535480403311,-0.041175480373431814,0.0,0.0,-0.013544138360566874,0.0,0.0,0.012656253547414509,0.03861817340152112,0.10728772558087081,0.019044970231326123,0.009946148170591721,0.0,0.018319334245986703,0.04050769124774257,0.02062459682224784,0.0,0.0
2026-02-18 00:00:00+00:00,0.0486889578158406,0.039338532118104,0.0,0.0,0.0,0.0,-0.06492054620186827,0.0,-0.0435559081595346,0.08285466725250294,0.006609765097340515,0.0,-0.0004749232658709006,0.05130857390900136,0.0,-0.07604566538159484,0.02426309987476621,-0.042111045005188225,0.0,0.0,0.0058154616548122965,0.0,0.0,0.0,0.011060862044624302,0.0383620493038066,-0.013878797108696429,-0.024828824223854212,0.0,-0.010516530381934858,-0.03338440992911197,0.0,0.00700566201146625,0.0,-0.03600897603196077,-0.046056077976308375,0.0,0.06351673110305975,-0.0434820676944454,0.0,-0.04494630827902669,0.0,0.0,-0.039706421092161256,-0.006061248588787828,0.0,-0.027413907909208224,0.0,0.0,0.0,0.0,0.0,-0.013347716399192768,0.0,0.0,-0.03592724771003708,-0.014636950855168673,0.027882529412583016,0.03899409281982912,0.0,0.0,0.0,0.0,0.048584746027294866,-0.01818671020375098,-0.026344852558571552,0.0,0.0,-0.016498914284921985,0.0,0.0,0.020072547549181505,0.04766800698853068,0.03097534070902044,0.015275345878974625,0.006994155126076688,0.0,0.017509561443240673,0.024462262288575905,0.021091098812563637,0.0,0.0
2026-02-19 00:00:00+00:00,0.05165044578893748,0.0464268003912345,0.0,0.0,0.0,0.0,-0.06394434345924792,0.0,-0.050045477017814,0.08586503825881757,0.0006232339533264575,0.0,-0.009366703086978229,0.06309460139813575,0.0,-0.07480030244440891,0.015245607434492122,-0.030726447497888422,0.0,0.0,0.011658502784762277,0.0,0.0,0.0,-0.000522860037805073,0.04817825266407499,-0.012114476369536316,-0.044484663719699176,0.0,-0.009629110612762592,-0.012975855870775196,0.0,0.002813764759895623,0.0,-0.03739532519676465,-0.046422395913949255,0.0,0.06465539394639111,-0.05960075269299856,0.0,-0.04658070239472864,0.0,0.0,-0.033555632956106626,0.007829616984678855,0.0,-0.013237203253054693,0.0,0.0,0.0,0.0,0.0,-0.010546446386032025,0.0,0.0,-0.057149813993147475,-0.02268407262749892,0.013716751679037026,0.04054241366943488,0.0,0.0,0.0,0.0,0.044812251469262335,0.018770953242714973,-0.015993689995065296,0.0,0.0,-0.012720450539940703,0.0,0.0,0.019021390537016385,0.030239626994954836,0.01881105683676984,0.0067747186980060365,-0.002658107107646191,0.0,0.019514689710169352,0.03317972174770511,0.02373000022403139,0.0,0.0
2026-02-20 00:00:00+00:00,0.03774281377705466,0.02567073458101259,0.0,0.0,0.0,0.0,-0.050896294382634544,0.0,-0.055734781516667005,0.05622998944937135,-0.002380698482654711,0.0,-0.015601468450851462,0.04338741995666305,0.0,-0.054988465771994746,0.0068021462306920065,0.003680744312395921,0.0,0.0,-0.014176453371896817,0.0,0.0,0.0,-0.012644293303888426,0.02885727587556628,-0.023212357562990553,-0.04309024976850861,0.0,-0.023212606921958687,-0.006979070114418674,0.0,-0.011453593304358894,0.0,-0.03302651934983253,-0.039426491756215286,0.0,0.03958881247969741,-0.05580179931377386,0.0,0.02471668153272874,0.0,0.0,-0.02913060427086911,0.004991572110007206,0.0,-0.012164700147408577,0.0,0.0,0.0,0.0,0.0,-0.006979396500295089,0.0,0.0,-0.05212761810988124,-0.020102008360125698,0.008804286943369143,0.03371380100554027,0.0,0.0,0.0,0.0,0.023511510394585322,0.03712832952263465,0.005682980037232569,0.0,0.0,-0.0009185086114406341,0.0,0.0,-0.010653834382763483,0.02233944218819816,0.11220026933775795,-0.00010216502064996565,0.010643124100571645,0.0,0.010042070469463002,0.012266217487011333,0.026803756984525223,0.0,0.0
2026-02-21 00:00:00+00:00,0.007596986826821052,0.033083318714155166,0.0,0.0,0.0,0.0,-0.045063952888121955,0.0,-0.05421085974122006,0.04892886095169113,0.0005379290243096758,0.0,-0.016348869211881993,0.02155443754051653,0.0,-0.026325281071618325,0.01755020100080561,-0.02346829588004828,0.0,0.0,-0.02950811123696818,0.0,0.0,0.0,-0.018806187471958134,0.028470541880606673,-0.00836067783527878,-0.043714539885523804,0.0,0.014537420669141009,-0.026238951580576778,0.0,5.190220101941424e-18,0.0,-0.030245855868862463,-0.03417550083836782,0.0,0.03009103757535209,-0.05098677877797072,0.0,0.03185448613685237,0.0,0.0,-0.02771766793303883,0.011862809443176574,0.0,0.010519389669910626,0.0,0.0,0.0,0.0,0.0,0.0010953123654646765,0.0,0.0,-0.05106715433192001,-0.020374122472799523,0.011039688074136376,0.03406687496071235,0.0,0.0,0.0,0.0,0.027297783261511006,0.03980522137884792,-0.008268245042910311,0.0,0.0,-0.01077089436334054,0.0,0.0,-0.003609199480615877,0.015962209427566345,0.1033542025263854,-2.954578826551269e-18,0.008925288887070929,0.0,0.01331297540908611,0.0019934010146131016,0.015820769174289755,0.0,0.0
2026-02-22 00:00:00+00:00,0.021496479172039926,0.019793971905063972,0.0,0.0,0.0,0.0,-0.04439060058771626,0.0,-0.055902805181573985,0.04167113489371302,0.0,0.0,-0.024233930748236873,0.034092335418197346,0.0,-0.017958219406507357,-0.01289237429592557,3.3357766727776414e-17,0.0,0.0,-0.03040229862839932,0.0,0.0,0.0,-0.029083318689537997,0.003466862586066325,-0.0007549763585184995,-0.0446324427472217,0.0,0.025497254996255492,-0.013295532770416679,0.0,0.008398712388443266,0.0,-0.016202790010292758,-0.03610912984879869,0.0,0.03169892359764848,-0.053867576164187025,0.0,0.040176937884136295,0.0,0.0,-0.020909742330210816,0.009697935268576645,0.0,0.00968828180835947,0.0,0.0,0.0,0.0,0.0,0.004069274000185956,0.0,0.0,-0.05593707380560038,-0.015941394738314442,-0.005108373279730397,0.015361753708463693,0.0,0.0,0.0,0.0,0.009937189114704616,0.04392354650406324,-2.5535163362007714e-20,0.0,0.0,-0.005007664394631168,0.0,0.0,-0.00038619536296992775,0.008614014931698144,0.0954413831535179,-0.005061065526000386,0.024072380538229576,0.0,0.01876337530298991,-0.003470774012252366,0.025686531714689292,0.0,0.0
2026-02-23 00:00:00+00:00,0.015426831708988287,0.0213843553913848,0.0,0.0,0.0,0.0,-0.0460703507375639,0.0,-0.056008305207671756,0.038565373715336165,-0.0025789573838299325,0.0,-0.020076594051091846,0.03521339313284573,0.0,-0.017464749585564775,-0.0,3.316394434398559e-17,0.0,0.0,-0.03024472653570709,0.0,0.0,0.0,-0.026254218749621534,0.008307666731015535,-0.004487715918574837,-0.04477271247999813,0.0,0.007598635751531383,-0.0001749425272006859,0.0,0.01108156415944585,0.0,-0.019502880174130908,-0.038999571230398024,0.0,0.03297318058891464,-0.05312480994067198,0.0,0.038753712327865966,0.0,0.0,-0.02731648237324361,0.009910724851733263,0.0,1.3389741621387104e-17,0.0,0.0,0.0,0.0,0.0,0.005686323613612853,0.0,0.0,-0.05698795814161816,-0.014663896569184133,-1.9083436828114594e-18,0.021139066920594723,0.0,0.0,0.0,0.0,0.016944934174815192,0.04585520091026364,-0.0036303638088590203,0.0,0.0,-0.0,0.0,0.0,-0.00818774929678446,0.0081233727759674,0.11061960286493334,-0.0,0.02432873396204233,0.0,0.028507897359401988,-0.028072037603050118,0.018198451374071615,0.0,0.0
2026-02-24 00:00:00+00:00,0.02269333510964855,0.02252698762004909,0.0,0.0,0.0,0.0,-0.048231554487938845,0.0,-0.054884137609325985,0.03033249457390099,-0.015249157742952369,0.0,-0.010424270268696125,0.006343206640275555,0.0,-0.00833370142338941,0.009567188210590626,-0.0018211954351927539,0.0,0.0,-0.025330106256094484,0.0,0.0,0.0,-0.029207401601690296,0.021853666567578527,-0.0030109379556320036,-0.04784393284119502,0.0,0.02313364421669141,-0.003848044369223473,0.0,0.0014576854100080674,0.0,-0.014833806210751968,-0.04351953092715233,0.0,0.03973510117267856,-0.049249522671643196,0.0,0.03787898510333818,0.0,0.0,-0.030967284391359103,0.0003558337428633118,0.0,6.825778789200106e-19,0.0,0.0,0.0,0.0,0.0,0.00675455737683933,0.0,0.0,-0.054480563675237285,-0.022752007846873094,-0.0006702749021416416,0.02746606146712217,0.0,0.0,0.0,0.0,0.025371762946718487,0.042681899841280416,-0.017771364273219428,0.0,0.0,-0.007089751439861172,0.0,0.0,-0.011155514979845321,0.005034290860779393,0.1196508398319131,-0.0,0.02146407822107016,0.0,0.030187358709718014,-0.015268773769090692,0.021453857455442153,0.0,0.0
2026-02-25 00:00:00+00:00,0.023642775552736528,0.02173635458080721,0.0,0.0,0.0,0.0,-0.04068113327441348,0.0,-0.05945714535128173,0.012642200826065058,-0.014173837509654815,0.0,-0.010830081650258335,-0.003957713313218651,0.0,-0.026812934999678115,-6.093486642865265e-18,-0.004080818951470308,0.0,0.0,-0.034214577625185594,0.0,0.0,0.0,-0.01198704941647165,0.01736129351717504,-0.01241113895250476,-0.04066468394506663,0.0,0.025530231715082032,-0.007376590752947743,0.0,0.005931051272381489,0.0,-0.013722563026046207,-0.046081675575239456,0.0,0.04046822420418177,-0.047998030596855056,0.0,0.035919336640624557,0.0,0.0,-0.029331638809383546,-0.0006670537760836809,0.0,0.004723234813861581,0.0,0.0,0.0,0.0,0.0,0.001708151337573042,0.0,0.0,-0.05705724548346603,-0.023317544828842525,0.005825053242773858,0.032401728926537386,0.0,0.0,0.0,0.0,0.014279198009307138,0.044909040749895365,0.004370629972327639,0.0,0.0,-0.013761523702016045,0.0,0.0,-0.0054375255724014365,0.003599766588510852,0.14116568838167376,0.008471851645454097,0.028457089831558854,0.0,0.03229613443339808,-0.02311397145020842,0.02169744232076895,0.0,0.0
2026-02-26 00:00:00+00:00,-0.004090539945939101,0.034652334095147015,0.0,0.0,0.0,0.0,0.004783879791059534,0.0,-0.05347730283433206,-0.02850925807663073,0.02122352293932076,0.0,-0.039146139925256576,-0.019373189862556085,0.0,-0.02542910535762212,0.0059033992733651805,-0.027003146535473088,0.0,0.0,-0.04743831072188825,0.0,0.0,0.0,0.00042095914467881986,0.012218920973054263,0.03766349305261284,-0.039783321949533254,0.0,0.035260835820321274,-0.01176554461105283,0.0,0.03884265955946419,0.0,-0.03212344689447684,-0.034791273921066755,0.0,0.03449991131285503,0.00044869543064984075,0.0,0.008065375558688899,0.0,0.0,-0.03691985940235661,0.021660448408587166,0.0,0.022486435039809512,0.0,0.0,0.0,0.0,0.0,0.03617879088093334,0.0,0.0,-0.05548853489155318,-0.03752363876585702,-0.007495183664839928,0.008670388230371895,0.0,0.0,0.0,0.0,-0.012482064112420812,0.04332597146597952,0.00996593178095122,0.0,0.0,-0.007942902537899154,0.0,0.0,0.021876947015807516,-0.0004915714725777752,0.10570504064062443,-0.016615902717613186,0.040533798689117946,0.0,0.016034411944341534,-0.01280740728959453,-0.009724505557201921,0.0,0.0
2026-02-27 00:00:00+00:00,-0.026153118598628976,0.029621234832087055,0.0,0.0,0.0,0.0,0.005958343014340615,0.0,-0.032416158736468435,-0.027594396428577837,0.022902268586633752,0.0,-0.04359829376063114,-0.015419949174212728,0.0,-0.01766479550061214,-0.014993689104905021,-0.013458158701584287,0.0,0.0,-0.051863495643091624,0.0,0.0,0.0,0.009994171214950935,0.004402730334892352,0.03620634120914966,-0.03353152240625986,0.0,0.0296371064984271,0.00042502738532730145,0.0,0.03599665424486235,0.0,-0.021020806843483116,-0.03545045148107222,0.0,0.0462217269619987,0.01574233418162106,0.0,-0.006582935565342353,0.0,0.0,-0.037600077533602866,0.027559947561055446,0.0,0.030667826257225816,0.0,0.0,0.0,0.0,0.0,0.033534020948091804,0.0,0.0,-0.05184568520762018,-0.0347922274378891,-0.011598239657080112,-0.0035934839777496006,0.0,0.0,0.0,0.0,-0.01690651167726615,0.023188559341983245,0.010330968315334383,0.0,0.0,-0.01176636115094937,0.0,0.0,0.01782062672277608,-0.01475949829361833,0.09426259707623745,-0.020127750123801108,0.040394042368702046,0.0,0.01627883647358679,0.0104591665841788,0.001133076890983725,0.0,0.0
2026-02-28 00:00:00+00:00,-0.0015324886932836484,0.032967908880748055,0.0,0.0,0.0,0.0,0.01411568623865908,0.0,-0.018912157853165915,-0.03577486214945798,0.017275823497254147,0.0,-0.056844534704139235,-0.02474580459243139,0.0,-0.010537041233779272,-0.018154494851132835,-0.02488171650954475,0.0,0.0,-0.037682069615558055,0.0,0.0,0.0,0.005060478796063839,0.0013726732595507399,0.04157908908096535,-0.038638382227610304,0.0,0.026428244403416137,-0.01426850866807395,0.0,0.039628092559311476,0.0,-0.004057794404722156,-0.04183423469251063,0.0,0.052958540194064777,0.04915619656539394,0.0,-0.012592670053907717,0.0,0.0,-0.0461848350386891,0.015470713685545864,0.0,0.03159884525692024,0.0,0.0,0.0,0.0,0.0,0.03678845913565113,0.0,0.0,-0.04989302776973703,-0.030824180639294103,-0.010356721863890046,0.005157840116654602,0.0,0.0,0.0,0.0,-0.027159966416218897,0.014221192196303715,-0.007709666266246537,0.0,0.0,-0.01908604630802992,0.0,0.0,0.0037392523640216455,-0.0038340668422481364,0.11118107359451083,-0.029451184344280835,0.045443406351214355,0.0,0.018308895151265103,-0.003121107695206359,0.0056251521056435915,0.0,0.0
2026-03-01 00:00:00+00:00,-0.023953887689676365,0.026066663819058655,0.0,0.0,0.0,0.0,0.017990384307059442,0.0,-0.023083990224101708,-0.0419950405864324,0.023691365322619864,-0.014235592345892382,0.0,-0.025402507142808048,0.0,-0.008894349400278188,-0.015905843774381416,-0.004621943607977518,0.0,0.0,-0.03150781864164657,0.0,0.0,0.0,0.017499210999437805,-0.010309274590632913,0.04394223805656272,-0.04403475368044897,0.0,0.0017900897459365035,-0.0056910299333283775,0.0,0.039907844180104166,0.0,0.001125765224780938,-0.038367669159826166,0.0,0.04367976116461071,0.0311409640704345,0.0,0.0,0.0,0.0,-0.03188036285764052,0.025721080579190335,0.0,0.01894742080266868,0.05767851328447973,0.0,0.0,0.0,0.0,0.04852152933620143,0.0,0.0,-0.04444450326781804,-0.029997893276323566,0.0,-0.013523265011616062,0.0,0.0,0.0,0.0,-0.03767012538144838,0.010544245163976593,0.0035790383302318177,-0.05084143158321078,0.0,-0.02051427291212426,0.0,0.0,0.005158874389835197,0.0,0.036228432563362514,0.0,0.046849350448152104,0.0,0.025289869115894294,-0.008016312344963278,-0.00046077349202214464,0.0,0.0
2026-03-02 00:00:00+00:00,-0.002493228298822236,0.03121717742877839,0.0,0.0,0.0,0.0,0.01818882728973996,0.0,-0.014981153917271658,-0.04023212543033381,0.03563063091994176,-0.01650797374430808,0.0,-0.029123804230532124,0.0,0.010114009126697562,-0.015308904825724058,-0.015880133507784045,0.0,0.0,-0.04431123536350878,0.0,0.0,0.0,0.02076093964756704,-0.008026745046555421,0.041814646988880114,-0.04966226600082098,0.0,0.009777669584290353,0.003593673871367873,0.0,0.03833770758270278,0.0,-0.014422120504898073,-0.038854650667355786,0.0,0.026738445374364154,0.031073272737317456,0.0,0.0,0.0,0.0,-0.024085653090443564,0.02170713748285293,0.0,0.005665126952331707,0.01167824312176448,0.0,0.0,0.0,0.0,0.04875843401275762,0.0,0.0,-0.033556103715155765,-0.027155230293333846,0.0,-0.013635829557045778,0.0,0.0,0.0,0.0,-0.0370479592661109,0.0069371853441554405,0.011353519146297637,-0.0498974056103085,0.0,-0.011884223684874577,0.0,0.0,0.01943718826898789,0.0,0.03862570649306903,0.0,0.04615805796955373,0.0,0.021538012300106855,-0.012495666828716756,0.00045680194038002136,0.0,0.0
2026-03-03 00:00:00+00:00,0.015474828471921644,0.013094133047812923,0.0,0.0,0.0,0.0,0.019694574165957816,0.0,-0.021090020791961376,-0.03545315900680516,0.02920811962551521,-0.02568173802688515,0.0,-0.03103001667517754,0.0,0.01937997743782237,-0.013674219163971482,0.013243699238459776,0.0,0.0,-0.03804447209232888,0.0,0.0,0.0,0.016152690513873604,-0.0076703422335734,0.032442196308998014,-0.020111567414392944,0.0,0.005743280260862544,0.018080449956619938,0.0,0.03038663778116262,0.0,-0.027586633684946276,-0.03977026302141715,0.0,0.015213623480547287,0.02568627808030133,0.0,0.0,0.0,0.0,-0.026361547538726115,0.02328801840725119,0.0,0.024116717935434035,0.009465135952300587,0.0,0.0,0.0,0.0,0.04237038390086008,0.0,0.0,-0.04261955607916173,-0.01592752936717086,0.0,-0.016052264314123033,0.0,0.0,0.0,0.0,-0.04114053576020167,0.0018642202490820902,0.017591744176648272,-0.04632798171992746,0.0,-0.010271892012905293,0.0,0.0,0.005301163747053807,0.0,0.0353100872086764,0.0,0.04253106991906086,0.0,0.02838421753723956,-0.018273970208134566,-0.006935538291651943,0.0,0.0
2026-03-04 00:00:00+00:00,-0.018269564307519442,-0.0013348189635338584,0.0,0.0,0.0,0.0,0.023826701622495377,0.0,-0.0062881792574326625,-0.0339147196051758,0.027896169237580735,-0.029413530790214797,0.0,-0.03504280612132493,0.0,0.018606174640474916,-0.0069434491037124214,0.013551206395787666,0.0,0.0,-0.010992063093305745,0.0,0.0,0.0,0.021909760053013313,-0.019834055060744146,0.03507717572344975,-0.03178358828089067,0.0,0.0015975580072519458,0.01022644495431735,0.0,0.036630174239191175,0.0,-0.018399337252979396,-0.03645690941073941,0.0,0.014757333000905449,0.04252266429008766,0.0,0.0,0.0,0.0,-0.028696793813030374,0.023238955366628376,0.0,0.029455363516355446,0.019869652416453647,0.0,0.0,0.0,0.0,0.04336512910905983,0.0,0.0,-0.031595369811579725,-0.01397229124338474,0.0,-0.02029790437342902,0.0,0.0,0.0,0.0,-0.04155065390262548,0.006569575642133895,0.016253086814786474,-0.05047552491567555,0.0,-0.004478405150738989,0.0,0.0,0.01628853326910048,0.0,0.011958529588142936,0.0,0.04121396306009264,0.0,0.018758956957363675,-0.02457479690092477,-0.00925834654571075,0.0,0.0
2026-03-05 00:00:00+00:00,-0.01188365435985604,-0.008761574501638985,0.0,0.0,0.0,0.0,0.009295501984691893,0.0,-0.005522636738731653,-0.025378610993297784,0.01548272020558081,-0.03730764915616052,0.0,-0.035387354791572366,0.0,0.02216280675822777,-0.007167193557097991,0.033835668567019896,0.0,0.0,-0.005436566716371064,0.0,0.0,0.0,0.006955691611966415,0.0003497122125716918,0.009550855649553552,-0.028949975309211368,0.0,-0.009152679958981594,0.01889946364752812,0.0,0.01089726896837011,0.0,-0.026525309571450124,-0.043551290768932695,0.0,0.01877592990179309,0.030078694380766893,0.0,0.0,0.0,0.0,-0.0269215029750858,0.023448263304148,0.0,0.019940416530025866,0.015159130776700254,0.0,0.0,0.0,0.0,0.03460804502928953,0.0,0.0,-0.022308913527670636,-0.01183450304292305,0.0,-0.021599419754594004,0.0,0.0,0.0,0.0,-0.04612933435073555,0.0034539097934838544,0.014699879796181052,-0.05684838268570511,0.0,-0.004634156902331739,0.0,0.0,-0.0012864010054347737,0.0,0.11101448269376085,0.0,0.022731007338699902,0.0,0.027027230109798104,-0.012774005303618437,0.0009944367112435088,0.0,0.0
2026-03-06 00:00:00+00:00,0.004040425222448325,-0.012450361461392449,0.0,0.0,0.0,0.0,0.01670948396443914,0.0,0.0046511674695001205,-0.043661016894861904,0.020710382298899474,-0.03873383539363597,0.0,-0.03432474965756363,0.0,0.025607917641933507,-0.005918129700921836,0.03971412500462973,0.0,0.0,0.0005068115691308191,0.0,0.0,0.0,0.006079579079994489,-0.018151533574056713,0.016760663245135397,-0.04966713932251339,0.0,-0.0029093556314340116,0.026227997304684326,0.0,0.0188734788204787,0.0,-0.02593442790741224,-0.04804752808666377,0.0,0.014368849717614452,0.04525992813282863,0.0,0.0,0.0,0.0,-0.023208456917587765,0.03095384760610288,0.0,0.012915996631445839,0.013457289383219297,0.0,0.0,0.0,0.0,0.04313844438519095,0.0,0.0,-0.01874362031002723,-0.009940760089659932,0.0,-0.026815577480053785,0.0,0.0,0.0,0.0,-0.05082614199698134,-0.005536899140536699,0.027848796679342487,-0.06027418712794294,0.0,0.001291089070267111,0.0,0.0,0.015308749587489404,0.0,0.04262769320428125,0.0,0.03786925276101763,0.0,0.03595122204871739,-0.026993699540977533,0.0012642294054318183,0.0,0.0
2026-03-07 00:00:00+00:00,-0.0021163224601521767,-0.021798428792725845,0.0,0.0,0.0,0.0,0.010906808138689682,0.0,0.0013400422308524479,-0.03807018444819467,0.01782506704619557,-0.03819329029450698,0.0,-0.03257274791535368,0.0,0.022224550491062638,-0.01341750378624483,0.033280851409901294,0.0,0.0,0.01798567566255787,0.0,0.0,0.0,0.008483313517267532,-0.012956001662766413,0.013381057991813982,-0.04741676716581577,0.0,-0.022240250061428185,0.027766151215531013,0.0,0.014843412034209759,0.0,0.02259367099616813,-0.04304487324452861,0.0,0.011501770087285782,0.028856599414091567,0.0,0.0,0.0,0.0,-0.02508065657864096,0.02221988916717499,0.0,-0.004078000984868471,-0.00945679651335972,0.0,0.0,0.0,0.0,0.03721288206567452,0.0,0.0,-0.016111923916380586,-0.016534493641893563,0.0,-0.022819409846827687,0.0,0.0,0.0,0.0,-0.045597252108381954,-0.00575860375926604,0.026886583824019653,-0.051024367808123264,0.0,-0.0060963225012097624,0.0,0.0,0.018479998758557433,0.0,0.10558542258477627,0.0,0.03270004166820387,0.0,0.019367159028560905,-0.025291069026409565,0.0062343191844838365,0.0,0.0
2026-03-08 00:00:00+00:00,0.00163055196524168,-0.01518340892932768,0.0,0.0,0.0,0.0,0.006184984557898939,0.0,-0.004144104149255684,-0.029749736364851915,0.010159875671179567,-0.0332220415400363,0.0,-0.01220540754315006,0.0,0.0334893702911244,-0.014544160147711007,0.037274037845239985,0.0,0.0,0.0010128365616713796,0.0,0.0,0.0,0.0003266195093329448,-0.004712534187403738,0.007289636967409951,-0.045385959474841385,0.0,-0.023919892925341007,0.026702165624712206,0.0,0.008191642072099867,0.0,0.01030239044783867,-0.04137281788038359,0.0,0.011300775291512606,0.03446124750088989,0.0,0.0,0.0,0.0,-0.035399007558747315,0.02219061990601689,0.0,0.016011967276425988,-0.017011062234222118,0.0,0.0,0.0,0.0,0.026773505399503853,0.0,0.0,-0.027482338360197017,-0.019942825470865393,0.0,-0.01888990823715856,0.0,0.0,0.0,0.0,-0.03630003085762715,-0.004244056238749039,0.014155619125553168,-0.04747614058087542,0.0,0.003996273707880485,0.0,0.0,0.005608522807058507,0.0,0.11932212819323287,0.0,0.02527191652241296,0.0,0.00742239333121625,-0.01465191778957546,0.01675826989486685,0.0,0.0
2026-03-09 00:00:00+00:00,-0.01842654110386327,-0.019195454136299594,0.0,0.0,0.0,0.0,0.013065297833751911,0.0,-0.01685852231530752,-0.03951047259705391,0.014902581645690005,-0.029199106334987863,0.0,-0.016842620788352466,0.0,0.01796002592011801,-0.010349675946525815,0.020061889272425897,0.0,0.0,0.01958789134376588,0.0,0.0,0.0,0.007072630113922275,0.0015745592926370315,0.014505338016608374,-0.044344804847217215,0.0,-0.020878449613980485,0.021997328209514274,0.0,0.017313700744414916,0.0,0.009307834787309456,-0.040977394230282745,0.0,0.006834568304017647,0.03998335380120435,0.0,0.0,0.0,0.0,-0.043383165846000264,0.016055450862547532,0.0,0.019998763125735196,0.03961228890539793,0.0,0.0,0.0,0.0,0.028361645573730353,0.0,0.0,-0.022149889324683508,-0.02695122902133474,0.0,-0.014032426833019923,0.0,0.0,0.0,0.0,-0.03937594152399588,0.00021979445110838105,0.011550907541111535,-0.04940275164153848,0.0,0.0027013428302111457,0.0,0.0,0.013205791307136634,0.0,0.1266071413494696,0.0,0.02386489525814598,0.0,-0.014655798491629755,-0.023618134289399878,0.0038073583954988718,0.0,0.0
2026-03-10 00:00:00+00:00,-0.028715052284188473,-0.018619420410129116,0.0,0.0,0.0,0.0,0.008910134348385274,0.0,-0.021845997316139537,-0.04628871371213655,0.03478485172189854,-0.02814404598458622,0.0,-0.015507821509520844,0.0,0.03785876440829033,-0.0037474065638136815,0.034030891400598715,0.0,0.0,0.01964871059844746,0.0,0.0,0.0,0.0069379882221836135,-0.006758334622306405,0.01823336867890438,-0.04050673536064506,0.0,-0.02667317829031039,0.013510364112450319,0.0,0.003938395469725725,0.0,0.0173457494350436,-0.03321289347467444,0.0,0.003730048715863009,0.03824608268202287,0.0,0.0,0.0,0.0,-0.04486851342624989,0.022916967358108588,0.0,0.011740711281859093,0.015198730738359607,0.0,0.0,0.0,0.0,0.01376142387375633,0.0,0.0,-0.024853766143095462,-0.022089421280818575,0.0,-0.017804990418517245,0.0,0.0,0.0,0.0,-0.022812392279677345,0.005689964736275439,0.015878575531928375,-0.043091194302209666,0.0,0.018047371945970003,0.0,0.0,0.013056833602429206,0.0,0.11301031534455816,0.0,0.023386042897453795,0.0,-0.025193079774249776,-0.01613941230300719,-0.0029899176482365347,0.0,0.0
2026-03-11 00:00:00+00:00,0.004020457979300077,-0.0004153190456681862,0.0,0.0,0.0,0.0,-0.006430992318879157,0.0,-0.02420011164974778,-0.03777712256506847,0.03513278477438174,-0.031410830445616426,0.0,-0.021970757556079443,0.0,0.04473213720269297,-0.0018064907577191782,0.04018323604429567,0.0,0.0,0.017667058588263302,0.0,0.0,0.0,-0.00898705812532702,0.012278898412089454,0.010467938429555955,-0.04201504619409922,0.0,-0.018373366446566838,0.018179364186051407,0.0,-0.023726214808241934,0.0,0.016827641124058035,-0.042298821452999215,0.0,0.003710094886122781,0.008393558028777018,0.0,0.0,0.0,0.0,-0.035824646964725725,0.024336821506595666,0.0,0.002541079578305141,0.014320611585913691,0.0,0.0,0.0,0.0,0.015195056605870193,0.0,0.0,-0.03326688196592606,-0.03080289978658536,0.0,-0.018808971822665877,0.0,0.0,0.0,0.0,-0.01016714907891508,0.0008093141787357543,0.011142754594460662,-0.0365228690722369,0.0,0.023006472832006204,0.0,0.0,0.009232884020897917,0.0,0.10122989630151963,0.0,0.01739669830332388,0.0,-0.03620585683070784,0.023271845949768673,0.006934801774789859,0.0,0.0
2026-03-12 00:00:00+00:00,-0.004861664129085664,-0.009416312555632706,0.0,0.0,0.0,0.0,-0.0062273408109615215,0.0,-0.011721503075180736,-0.006740038685826656,0.026213346007546278,-0.04699443215479419,0.0,-0.014033840039883033,0.0,0.03433943213360998,-0.000883716288149548,0.011358613726953685,0.0,0.0,0.01855163409213608,0.0,0.0,0.0,-0.022125666772994598,-0.00784741716964237,0.009362691783715744,-0.03298170564352309,0.0,-0.02552597157730507,0.010098773659776959,0.0,-0.023347239109179362,0.0,0.013392066595196126,-0.03874223854940086,0.0,-0.017107868051308744,0.03287003111070301,0.0,0.0,0.0,0.0,-0.031816314466209,0.008663871020198607,0.0,0.00155295184344584,0.01112600968560792,0.0,0.0,0.0,0.0,0.020470762096981603,0.0,0.0,-0.016618504872390614,0.008248958210138567,0.0,-0.0175164362170003,0.0,0.0,0.0,0.0,5.544399601321024e-19,0.004445083802943045,0.005061122792810396,-0.0224026433923307,0.0,0.02353222611994673,0.0,0.0,0.01593944767305864,0.0,0.11550917019305135,0.0,0.014865968290289173,0.0,-0.03572960513411764,0.014304329283732944,-0.007266031426926338,0.0,0.0
2026-03-13 00:00:00+00:00,-0.008219236604694603,-0.014031381627606612,0.0,0.0,0.0,0.0,-0.02081899028720017,0.0,-0.007996816850460378,-0.007156476639705196,0.029150103803715143,-0.04705062627029268,0.0,-0.023237531648031783,0.0,0.044032536758476945,0.004719750067928171,0.02438536877884224,0.0,0.0,0.01022587882393588,0.0,0.0,0.0,-0.022531943023102245,0.006522118485793965,0.005192945516249715,-0.028258162093226215,0.0,-0.025952324385373225,0.015866497214976655,0.0,-0.02856170622567295,0.0,0.009222383005067983,-0.043731818897568366,0.0,-0.02888738620436228,0.03312315103391449,0.0,0.0,0.0,0.0,-0.03369587523737708,0.00832561070428324,0.0,-0.004879533206366502,0.010574279119211386,0.0,0.0,0.0,0.0,0.025334481486110193,0.0,0.0,-0.01799096173367085,0.011675168140541784,0.0,-0.015105459193812986,0.0,0.0,0.0,0.0,0.011277353788496229,-0.0037404739569632133,0.005987727619714082,-0.00796109766967613,0.0,0.025272688571704015,0.0,0.0,0.015747895987865936,0.0,0.11224128466453037,0.0,0.01417922198922917,0.0,-0.03527582011706164,0.010674565637049771,-0.008647389325412267,0.0,0.0
2026-03-14 00:00:00+00:00,-0.013170029570844085,-0.01665545323353588,0.0,0.0,0.0,0.0,-0.016528945226770418,0.0,-0.014785640977584119,-0.015019182936605627,0.029360113406644083,-0.04331267260425968,0.0,-0.023578297991240397,0.0,0.04682384357875435,0.0027421789662457592,0.03491332563118947,0.0,0.0,0.008610837837479873,0.0,0.0,0.0,-0.02622867983610801,0.003309649188302382,-0.008553806840928675,-0.02125004848316917,0.0,-0.00879131032796675,0.02469412203551397,0.0,-0.029759083385189525,0.0,0.0031904157881898917,-0.026728144536608964,0.0,-0.027291162561252448,0.01402133604732232,0.0,0.0,0.0,0.0,-0.032734079286956194,0.01215408045928306,0.0,0.004527800564345896,-0.022232738990335333,0.0,0.0,0.0,0.0,0.02153911839754101,0.0,0.0,-0.018046639222364734,0.0037065594660269023,0.0,-0.01954691193151055,0.0,0.0,0.0,0.0,0.009486232219096816,-0.011403769849549564,0.021688311534894766,-0.01188323824434125,0.0,0.027121755988382627,0.0,0.0,0.01783742577730597,0.0,0.12307396310777388,0.0,0.012204084107813125,0.0,-0.037775482008067886,0.02032189717737837,0.00394826676570474,0.0,0.0
2026-03-15 00:00:00+00:00,-0.022748000006161364,-0.019285754153507945,0.0,0.0,0.0,0.0,-0.018753849641310515,0.0,-0.020796312351100597,-0.01670302646645434,0.030697899819563057,-0.01841788039859648,0.0,-0.013019747135044798,0.0,0.05803259616429741,-0.005239601139337104,0.04654237336787721,0.0,0.0,0.013628058281210342,0.0,0.0,0.0,-0.033590927279771025,0.0032728939366049405,-0.01358165545541688,-0.018522691136415748,0.0,-0.026403753243437016,0.03123530217663142,0.0,-0.03438352517817635,0.0,-7.2224121279949e-19,-0.04387344434993329,0.0,-0.054824071974876175,0.03303353824017184,0.0,0.0,0.0,0.0,-0.013195049027281448,0.020875660175888384,0.0,-0.004660737918202307,-0.025220070421301047,0.0,0.0,0.0,0.0,0.022110660048698702,0.0,0.0,-0.02321226594254988,0.0048873568208282325,0.0,-0.02164883181572815,0.0,0.0,0.0,0.0,0.00652579659134029,-0.009276723427613336,0.027859388381449447,-0.04435754445455679,0.0,0.0385196144629627,0.0,0.0,0.0170784418383152,0.0,0.1361059221842222,0.0,0.01125242091400125,0.0,-0.05036250577859732,0.037001598012077884,0.01341844727922929,0.0,0.0
2026-03-16 00:00:00+00:00,-0.003798580138097159,-0.019007342168782648,0.0,0.0,0.0,0.0,-0.021616003556704826,0.0,-0.005734788233517742,-0.027656048730762592,0.031840238984020414,-0.025186919460691314,0.0,-0.023370923314568748,0.0,0.06885201432239808,-0.010244913682364801,0.05981861342442499,0.0,0.0,-0.008572700217604255,0.0,0.0,0.0,-0.02736854102178641,-0.001363702129827408,-0.01782581375331451,-0.00928820928338452,0.0,-0.024773742607199188,0.03870193693488231,0.0,-0.04075118996960205,0.0,-0.007733394421441426,-0.03917310781388529,0.0,-0.058429686472760846,0.018677458230492078,0.0,0.0,0.0,0.0,-0.01292767339758338,0.028700034454233546,0.0,0.010300807640155242,-0.036011772484779776,0.0,0.0,0.0,0.0,0.014513228610119668,0.0,0.0,-0.01825929689987177,0.004876280652343637,0.0,-0.020238055402327964,0.0,0.0,0.0,0.0,0.009175463708943758,-0.007258515070787532,0.039814401456012394,-0.06118907242242961,0.0,0.03661068796115607,0.0,0.0,0.016876647947364543,0.0,0.1176420501068858,0.0,0.012290452558541977,0.0,-0.04845016862225433,0.04188738464008532,0.02565245964427021,0.0,0.0
2026-03-17 00:00:00+00:00,-0.018698782867814137,-0.00670355815378535,0.0,0.0,0.0,0.0,-0.025236891595551807,0.0,-0.0008863119004178261,0.0007440641197788581,0.037857940225847105,-0.031629488349817034,0.0,-0.05129376018716772,0.0,0.02984238559437944,-0.01207775678559697,0.058473269382733534,0.0,0.0,-0.020516200288503785,0.0,0.0,0.0,-0.049567053937318105,0.0005981971180962877,-0.007878082969165836,-0.03955437625489512,0.0,-0.023083375425462432,0.06933112001400021,0.0,-0.04271261563623165,0.0,-0.018475963805664186,-0.050364184741722474,0.0,-0.06610430079914797,0.022273173964547366,0.0,0.0,0.0,0.0,0.0006568810180149805,0.025018451845135833,0.0,0.01668183515607142,-0.04968640909076958,0.0,0.0,0.0,0.0,0.014299303719065579,0.0,0.0,-0.025391126177200872,0.022190336236619798,0.0,0.015241845950465387,0.0,0.0,0.0,0.0,0.02768223487069465,-0.02036150142010842,0.04037635320536992,-0.08735998778543372,0.0,0.03523680836132324,0.0,0.0,0.03737975398315164,0.0,0.10386275384509018,0.0,0.00048767909992809735,0.0,-0.054129815723112734,0.07212375115975661,0.07135340502481757,0.0,0.0
2026-03-18 00:00:00+00:00,-0.015222355768777495,0.011015331098313052,0.0,0.0,0.0,0.0,-0.021081895077678374,0.0,-0.004773446349153291,0.010912692340436543,0.01253584593114991,-0.031093205164842066,0.0,-0.04145462945976968,0.0,0.018357493747157345,0.01940453835739088,0.034377324596867584,0.0,0.0,-0.031359388011900795,0.0,0.0,0.0,-0.04376330200498952,-0.0018404380532704638,-0.0046986093457167975,-0.036798586097842,0.0,-0.009685674948999827,0.05120772134724833,0.0,-0.019126561460342143,0.0,-0.019920027332859663,-0.037777401442442016,0.0,-0.04704764524647438,0.020355639252608606,0.0,0.0,0.0,0.0,-0.0033203643735585414,0.029373429539739666,0.0,0.017154080338646016,-0.058075476161215805,0.0,0.0,0.0,0.0,0.005635617702580127,0.0,0.0,-0.006389304075989224,0.01507524434489488,0.0,-0.020944201216716772,0.0,0.0,0.0,0.0,0.012547701204558956,-0.01564590880405811,0.028111960251219537,-0.07151041264808547,0.0,0.01303132668538214,0.0,0.0,0.02354991617485186,0.0,0.14812694356537895,0.0,-0.012731737132576451,0.0,-0.011189429847811223,0.04482236177307744,0.04985483177356826,0.0,0.0
2026-03-19 00:00:00+00:00,0.015954613979732413,0.02130101552915368,0.0,0.0,0.0,0.0,0.020800755374568346,0.0,-0.010285530284160408,0.0065565776603692325,0.014135293663030754,0.0,0.0,-0.059548054575855554,0.0,0.0068503591245140105,0.007978503832040655,0.006542519254326039,0.0,0.0,-0.04175434150007135,0.0,0.0,0.0,-0.01991252801501506,-0.013536627935937746,0.012930066504687055,-0.03569406433061232,0.0,-0.01033515993453369,0.062130965219536434,0.0,-0.0041407350960160705,0.0,-0.017140401035865834,-0.047492731097780384,0.0,-0.052370875284240094,0.00733030736733717,0.0,0.0,0.0,0.0,-0.03728500552045744,0.014331301667124555,0.0,0.0127126434214574,-0.06007109382655445,0.0,0.0,0.0,0.0,0.03568409053689899,0.0,0.0,-0.013433451577563853,-0.02012597477958911,0.0,-0.007505168086746525,0.0,0.0,0.0,0.0,-0.009230006921478611,-0.011638399464769304,0.03624887776663364,-0.08753710939740109,0.0,0.0136433174420171,0.0,0.0,0.012686176345376663,0.0,0.1698542152002176,0.0,-0.019840315651606308,0.0,-0.018168128709420715,0.060009409468118086,0.05936469366853611,0.0,0.0
2026-03-20 00:00:00+00:00,-0.016701152426276348,0.01650847033836367,0.0,0.0,0.0,0.0,0.012178065501113548,0.0,-0.029235072094749886,-0.040382937122244014,0.0158469480272913,0.014113661623685238,0.0,-0.017233700619655266,0.0,0.00022523633749557814,-0.009109652565683881,0.01623972652167917,0.0,0.0,-0.029344291582260477,0.0,0.0,0.0,-0.012712412297221653,0.003991589968568903,0.015447454224391309,-0.039036104833750015,0.0,1.2607883758905093e-05,0.04909035375521812,0.0,-0.0038278424186365015,0.0,-0.010341358581879349,-0.025838406487561243,0.0,-0.07606790803792943,0.0,0.0,0.0,0.0,0.0,-0.025179806637680446,0.011256089560703855,0.0,0.04001046702422683,-0.039432375662344976,0.0,0.0,0.0,0.0,0.020742117406789252,0.0,0.0,-0.018702923497584085,-0.017146835436629555,0.0,-0.00077481212753142,0.0,0.0,0.0,0.0,-0.006157973328847432,0.03203106638648311,0.03892504717137977,-0.0730645391471295,0.0,0.009606500263495597,0.0,0.0,0.00048432212930695986,0.0,0.15382502546254526,0.0,-0.01908549059968688,0.0,-0.04737163227154786,0.05158404130055572,0.05462843688977809,0.0,0.0
2026-03-21 00:00:00+00:00,-0.019574229442270757,0.006885926593697952,0.0,0.0,0.0,0.0,0.021050902130862796,0.0,-0.029915673777000756,-0.034761643762802316,0.017252481313472522,0.02153222907869765,0.0,0.012844737120046468,0.0,0.015396431220994555,-0.012607647117518455,0.0270723340951616,0.0,0.0,-0.03149093544502623,0.0,0.0,0.0,-0.012114925062093529,-0.0005009750423219968,0.005873435812445723,-0.018825022036975548,0.0,0.002075494639157443,0.03746386743673106,0.0,0.00028627289947065823,0.0,-0.01475129889695835,-0.047463847684727986,0.0,-0.05594895982702795,-0.00045447064524419835,0.0,0.0,0.0,0.0,-0.016938153323973346,0.0177865285935282,0.0,0.034128405998312815,-0.04727728724382125,0.0,0.0,0.0,0.0,0.013631402826712524,0.0,0.0,-0.01081379766570367,-0.018350925155198455,0.0,-0.011516891969002626,0.0,0.0,0.0,0.0,0.022757993796898565,0.0056144172455652236,0.03694615902442855,-0.06645606141039051,0.0,0.011815518778388292,0.0,0.0,-0.009473815136323852,0.0,0.13512456914318272,0.0,-0.019661638025444815,0.0,-0.04648297452344853,0.03456644652088353,0.04527561892463626,0.0,0.0
2026-03-22 00:00:00+00:00,-0.021032272283189334,0.004110138749175112,0.0,0.0,0.0,0.0,0.033568928378040076,0.0,-0.02951318471464749,-0.0651167605611891,0.014479442362946524,-0.011446309242574304,0.0,0.00034986856469632234,0.0,0.009357964247337317,-0.0,0.02853450803837073,0.0,0.0,-0.03287934477856858,0.0,0.0,0.0,-0.014646478786239987,-0.003300553753586761,0.01707056860235433,-0.02832489417008556,0.0,0.004341339494733971,0.04817925263260423,0.0,0.0017632645869170168,0.0,-0.022574028819044963,-0.050748618517648406,0.0,-0.0520719096641409,-0.010860654366484744,0.0,0.0,0.0,0.0,-0.006451092097049632,0.012419674675143363,0.0,0.040249593495434006,0.0,0.0,0.0,0.0,0.0,0.026818694421428643,0.0,0.0,-0.0347723862715661,-0.03281877633282468,0.0,-0.0024322219396356246,0.0,0.0,0.0,0.0,0.03396814340996096,-0.012320840477783533,0.04781316977328762,-0.05280531432172594,0.0,0.011702070649100515,0.0,0.0,-0.013398681646287899,0.0,0.1528770962271915,0.0,-0.022255956177907155,0.0,-0.05511684556972476,0.033429925296345205,0.05385348088683791,0.0,0.0
2026-03-23 00:00:00+00:00,-0.0,0.0033419987761110674,0.0,0.0,0.0,0.0,0.026317009223428462,0.0,-0.03881859568098194,-0.01484566087646624,0.017959924703149575,-0.06081137599783768,0.0,0.0245300036836616,0.0,0.016504638109278554,0.012332129059027223,0.03231361622412088,0.0,0.0,2.01156029885617e-18,0.0,0.0,0.0,-0.04807967136079527,0.006110385497245433,0.016037804511154254,-0.023276350896679215,0.0,0.009082961837712927,0.052633334422132444,0.0,0.002250957824494554,0.0,-0.004750895695470689,-0.06348908111940149,0.0,-0.08596309992711763,0.0,0.0,0.0,0.0,0.0,-0.009140148057509673,0.016438421656220583,0.0,0.025591758004215072,-0.03934370614345018,0.0,0.0,0.0,0.0,0.03572977693217678,0.0,0.0,-0.04370257069515068,-0.022952683069718777,0.0,0.005497142225335106,0.0,0.0,0.0,0.0,0.02735810508278696,-0.03915404530699451,0.04247874608027175,-0.05708967005156148,0.0,0.009334402316094899,0.0,0.0,-0.0,0.0,0.1607088228249338,0.0,-0.004861919501440988,0.0,-0.05215642047221675,0.017889068820860818,0.047994887038380424,0.0,0.0
2026-03-24 00:00:00+00:00,-0.009122871294279137,-3.656165864017608e-05,0.0,0.0,0.0,0.0,0.03210231251813186,0.0,-0.02615198641620117,-0.0485639226401567,0.01922570708883112,-0.04439997335117169,0.0,0.01985245198164284,0.0,0.01189784280814036,-0.0,0.042778152391861,0.0,0.0,-0.01628308533680506,0.0,0.0,0.0,-0.04861030167952965,0.01009828774985578,0.004158548972401449,-0.024954654721788972,0.0,0.02126452938753746,0.035348795513978036,0.0,0.005690966509841103,0.0,-1.03269230623857e-18,-0.043419272119637024,0.0,-0.033594194597785364,-0.0033297986344859773,0.0,0.0,0.0,0.0,-0.010153740335007497,0.018415756762936834,0.0,0.03155708449837293,-0.02303117782195641,0.0,0.0,0.0,0.0,0.02051226805806346,0.0,0.0,-0.06165324308845753,-0.02731731176771148,0.0,-0.011164850471397867,0.0,0.0,0.0,0.0,0.035797955476703044,-0.020485249882436118,0.043165583837310846,-0.057455207576399034,0.0,-1.694702510221739e-18,0.0,0.0,-0.006877087343214842,0.0,0.150756543878009,0.0,-0.011920559528438138,0.0,-0.0428166798820631,0.0455164314000322,0.023202511313913668,0.0,0.0
2026-03-25 00:00:00+00:00,-0.008108302089654,-0.0026831827980919793,0.0,0.0,0.0,0.0,0.04156609736286824,0.0,-0.027085748118947303,-0.07235960176377781,0.02539780087369874,-0.04366899621297889,0.0,0.020329201122464273,0.0,-0.005372249423597311,0.015035937855751098,0.029993915406835776,0.0,0.0,-0.02001205267407676,0.0,0.0,0.0,-0.045767932376134524,0.009055354788558172,-0.003373448953976715,-0.026380052806227444,0.0,0.03202559298178361,0.028251193841563917,0.0,0.016528481100232004,0.0,-0.004898410535573272,-0.05299784772133704,0.0,-0.03259675819931542,0.00098355328707163,0.0,0.0,0.0,0.0,-0.01787942029543751,0.028308535145883926,0.0,0.05091575446279869,-0.024075508868814474,0.0,0.0,0.0,0.0,0.011936691839518548,0.0,0.0,-0.07037091508268804,-0.030759739975500744,0.0,0.011252432161503729,0.0,0.0,0.0,0.0,0.049375808054025874,-0.029795775054054577,0.044614112589442124,-0.06176731324195022,0.0,-0.0024593270102741616,0.0,0.0,0.003392411841272015,0.0,0.15881042992509276,0.0,-0.006920237747039881,0.0,-0.05397875641702076,0.06553827272610359,-5.563865174318811e-20,0.0,0.0
2026-03-26 00:00:00+00:00,-0.01527572992838752,0.001269603985698707,0.0,0.0,0.0,0.0,0.03108330374716084,0.0,-0.021101001521770926,-0.08855633768846924,0.01837178351818744,-0.04174549646913142,0.0,0.036689723385280114,0.0,0.014194465719793381,0.016549341051009855,0.030065622197120386,0.0,0.0,-0.007110927455597783,0.0,0.0,0.0,-0.0041040651216828795,0.013943237771011438,-0.016200960670210762,-0.007706460541111094,0.0,0.027689302892091424,0.026283041713351996,0.0,0.008180616836308115,0.0,-0.0074622012292580465,-0.060211823323213426,0.0,-0.01972175676299026,-0.021842020346531644,0.0,0.0,0.0,0.0,-0.005640546203726667,0.032285203195545634,0.0,0.0389673203962083,-0.03670733653281229,0.0,0.0,0.0,0.0,0.0008501486106485876,0.0,0.0,-0.06728479301930208,-0.02565683281362616,0.0,0.004875021802021562,0.0,0.0,0.0,0.0,0.03781686475385855,-0.05522237633627584,0.04669260925790989,-0.05924688100167728,0.0,-0.0005456299325597808,0.0,0.0,-0.008024460418056314,0.0,0.168516792719214,0.0,0.004608230623754405,0.0,-0.05057916701244144,0.06182001246352655,-0.0008054423108682334,0.0,0.0
2026-03-27 00:00:00+00:00,-0.02923989701616385,-0.004308147956111538,0.0,0.0,0.0,0.0,0.04046368101820719,0.0,-0.025495962530179665,-0.11103464241616504,0.011297277249446028,-0.03336459228602883,0.0,0.03979549600057404,0.0,0.029690381347534663,0.021168058833559853,0.03256458324302979,0.0,0.0,0.012178015552180005,0.0,0.0,0.0,-0.025481154016109033,0.015490403738088588,-0.008857143988136282,0.030647002934874847,0.0,0.015419781562992054,0.029502252256834144,0.0,0.012241010032377828,0.0,-0.002797393694447717,-0.05853192196503484,0.0,-0.020909293747321884,-0.021097489899944092,0.0,0.0,0.0,0.0,-0.01343836028749887,0.03344448514214501,0.0,0.03798554836524531,-0.045566462907405875,0.0,0.0,0.0,0.0,0.0038259943993558367,0.0,0.0,-0.07199932450232777,-0.04730461684475953,0.0,0.011721935297835839,0.0,0.0,0.0,0.0,0.036272107784163246,-0.07442900400831723,0.033507839556927814,-0.06123986160679135,0.0,0.006383785646818389,0.0,0.0,-0.004975114601650729,0.0,0.18308966942744662,0.0,0.009024553498413319,0.0,-0.050350158246794625,0.07298421155054652,-0.00827753191740823,0.0,0.0
2026-03-28 00:00:00+00:00,-0.017994791846995505,-0.012547861971083958,0.0,0.0,0.0,0.0,0.03941081622317113,0.0,-0.042336917613865634,-0.0732091011298824,-0.00010515752362101757,-0.022386615174735135,0.0,0.07580164577238796,0.0,0.007189060625909721,0.015508018152266533,0.020345602584517383,0.0,0.0,0.03378558285130299,0.0,0.0,0.0,-0.05032136567580949,0.016150247179191207,-0.04306982831316751,0.045349354299728195,0.0,0.015266573231555471,0.028601704027496167,0.0,0.006600533824181232,0.0,0.012405691886811716,-0.07253225799086077,0.0,-0.015162733088488894,-0.028491371224117438,0.0,0.0,0.0,0.0,0.04150648827371029,0.020531139816940987,0.0,0.03240919354156886,-0.035823711259893455,0.0,0.0,0.0,0.0,0.015632775174606865,0.0,0.0,-0.06351891240128535,-0.038394150458314916,0.0,0.016067374161889466,0.0,0.0,0.0,0.0,0.032185273568981175,-0.04422901148052245,0.01888457386916473,-0.044413742107585925,0.0,-0.004731368033836093,0.0,0.0,-0.02490917668327311,0.0,0.15079562159103135,0.0,-0.026120697193836733,0.0,-0.04400297693199543,0.06521207480857068,-0.005337597361812865,0.0,0.0
2026-03-29 00:00:00+00:00,-0.02880885220657591,-0.0026951233473523936,0.0,0.0,0.0,0.0,0.02223978991958832,0.0,-0.026659088751942676,-0.06768632373180719,-0.005187429090991611,-0.0006515789698513027,0.0,0.07700493627199684,0.0,-0.001009929628396507,0.02198215815572303,0.018135946384885925,0.0,0.0,0.04299023792112722,0.0,0.0,0.0,-0.036797931842545255,0.02344168378132623,-0.03974704246775969,0.04194600569194565,0.0,0.019280100808463693,0.026158759440147908,0.0,-0.020743486417193445,0.0,0.004772659938446097,-0.06981482171170485,0.0,-0.002353381737199195,-0.033964283531771965,0.0,0.0,0.0,0.0,0.049323622610838246,0.000558343181188135,0.0,0.03577194642838902,-0.028842364197896046,0.0,0.0,0.0,0.0,0.011178309825740106,0.0,0.0,-0.06027338908031722,-0.022599551689410354,0.0,0.013646923716585446,0.0,0.0,0.0,0.0,0.04079134349008963,-0.03132396044285208,0.008573661840200723,-0.06130750639706337,0.0,-0.020285197779766156,0.0,0.0,-0.029366925599319273,0.0,0.1326972279468662,0.0,-0.025185262795844585,0.0,-0.03373383387324227,0.054068707055899064,0.004474900881355819,0.0,0.0
2026-03-30 00:00:00+00:00,-0.031738642499433624,-0.00993604075818654,0.0,0.0,0.0,0.0,0.032677348206971144,0.0,-0.032804685221416455,-0.07054335738339473,-0.00807460118361763,0.005094375969842654,0.0,0.031511044020396,0.0,-0.02676630887603024,0.025646007700012432,0.02759377775480275,0.0,0.0,0.05313659798903208,0.0,0.0,0.0,-0.01954712771354339,0.034554991983001035,-0.036054667377856967,0.050626249374462855,0.0,0.018866490658677803,0.033088642190032005,0.0,-0.010827212514681776,0.0,0.006169262332614073,-0.07904673125818888,0.0,-0.018635166819529873,-0.03106124645250355,0.0,0.0,0.0,0.0,0.0605179701648847,0.008506018240734133,0.0,0.04022953081045188,-0.07059099580032889,0.0,0.0,0.0,0.0,0.012278851098295476,0.0,0.0,-0.06835341464402458,-0.035544846719042685,0.0,0.021954644965828433,0.0,0.0,0.0,0.0,0.0572299179122587,-0.020064043823311613,-0.0,-0.07060366345658717,0.0,-0.026407351197927673,0.0,0.0,-0.03481926543668406,0.0,0.16290734757494654,0.0,-0.026442792524830172,0.0,-0.026913446626143908,0.06273748251686553,0.009449056823154101,0.0,0.0
2026-03-31 00:00:00+00:00,-0.028042453718808442,-0.01098502051732994,0.0,0.0,0.0,0.0,-0.005023942597272243,0.0,-0.02319623440809994,-0.0556539847937554,-0.004747902476431769,0.005224668675520215,0.0,0.05201263686404429,0.0,1.4694037405936375e-18,0.02643023437600069,0.024704304564248724,0.0,0.0,0.04514855459097254,0.0,0.0,0.0,-0.00011350464015699935,0.026945793304586383,-0.06067858607359999,0.04650124411990784,0.0,0.013531746992162532,0.029075579659224415,0.0,-0.02156775627469761,0.0,0.00889957354127195,-0.061905081160427734,0.0,-0.05690453066987963,-0.007817742796017114,0.0,0.0,0.0,0.0,0.055571180847061585,0.02189516332886364,0.0,0.025279249410509946,-0.06195493247869209,0.0,0.0,0.0,0.0,0.007108783071783491,0.0,0.0,-0.03710262687252736,-0.02272381449036822,0.0,0.017516912995672252,0.0,0.0,0.0,0.0,0.04924767220589946,-0.018452455641127817,-0.007450576971120322,-0.0534275810867542,0.0,-0.014424187332290823,0.0,0.0,-0.044792066383706586,0.0,0.1377862715858326,0.0,0.004740490493515591,0.0,-0.026919116839202537,0.0532118647841618,-0.02694782718897315,0.0,0.0
2026-04-01 00:00:00+00:00,-0.03703324827001795,-0.04391890954334306,0.0,0.0,0.0,0.0,-0.009028404798175722,0.0,-0.020949719997724724,-0.041440239995323876,-0.01596240832476006,0.006242898467011941,0.0,0.056022295636910455,0.0,0.0006420557030318423,0.014416786227331045,0.02982656398918227,0.0,0.0,0.04100066898676185,0.0,0.0,0.0,-0.01338197309827767,0.02784149139271053,-0.06181085833169466,0.046901806061626805,0.0,5.4038617125718644e-05,0.03465834225851395,-0.010406273506057176,-0.020777628013072435,0.0,0.014181011999820484,-0.05748293518649215,0.0,-0.06945474774425102,2.9053041316609917e-19,0.0,0.0,0.0,0.0,0.0,0.012458366695673326,0.0,0.011490943579587099,0.0,0.0,0.0,0.0,0.0,0.006685143319663255,0.0,0.0,-0.017550917311434946,0.007861457251808748,0.0,0.02126629154429466,0.0,0.0,0.0,0.0,0.03715193009503405,0.0,-0.00907887369043989,0.0,0.0,-0.008037017874047503,0.0,0.0,-0.04530939591168715,0.0,0.10714880673730551,0.0,0.012358756104292924,0.0,-0.024663245421349275,0.03505034077245989,-0.01697319842199706,0.0,0.0
2026-04-02 00:00:00+00:00,-0.05083993396655079,-0.022602349972019264,0.0,0.0,0.0,0.0,-0.013132754119340364,0.0,0.0,-0.05807435812526526,0.017226078166263713,0.009597574213455997,0.0,0.050369846870548546,0.0,-0.05904860796296349,0.02014108156707604,0.022959130857135666,0.0,0.0,0.046621390404887254,0.0,0.0,0.0,-0.03232503678660532,0.03168557779481005,-0.05026877492630843,0.048550554908803396,0.0,0.003215346459860625,0.045398277225031265,-0.02370392516116192,-0.023589140203938187,0.0,0.015184079067467186,-0.04762482320748958,0.0,-0.06668549108230411,-0.006110134262418809,0.0,0.0,0.0,0.0,0.0,0.03226172896174057,0.0,0.003908174280517853,0.0,0.0,0.0,0.0,0.0,-0.03206052611169421,0.0,0.0,-0.014529144224611741,0.007778007335862223,0.0,0.02601210804554896,0.0,0.0,0.0,0.0,0.06055681163912201,0.0,-0.03434225442063224,0.0,0.0,-0.010198944734301297,0.0,0.0,-0.04120300731765099,0.0,0.123452867821799,0.0,0.012726124726694632,0.0,-0.03144445673265275,0.04078416323767587,-0.0006452602663922076,0.0,0.0
2026-04-03 00:00:00+00:00,-0.04991405846368955,-0.01566197477250498,0.0,0.0,0.0,0.0,-0.01641263947333371,0.0,-0.004087384026938526,-0.012710310736985503,0.009933245245966518,0.0075195213846757075,0.0,0.02764797982247453,0.0,-0.07544745101602812,0.014083601997492694,0.02813682312515681,0.0,0.0,0.039275336637350125,0.0,0.0,0.0,-0.03921747731640961,0.03805964538535751,-0.053061943734106005,0.046946138049778964,0.0,0.006648859689981556,0.042646226713166764,-0.028626933465014038,-0.012479511408885457,0.0,0.015180304083396661,-0.04830297994911835,0.0,-0.015592687184712283,0.0010154320046815858,0.0,0.0,0.0,0.0,0.0,0.02867920660678112,0.0,-0.013734704059831595,0.0,0.0,0.0,0.0,0.0,-0.02691997039790052,0.0,0.0,-0.019755286636227443,0.018823173371857602,0.0,0.029961074918524656,0.0,0.0,0.0,0.0,0.05877887829670191,0.0,-0.02896036529954929,0.0,0.0,-0.008140488777843815,0.0,0.0,-0.04058759508441881,0.0,0.11674378562406251,0.0,-0.03290268332876802,0.0,-0.016474670628276605,0.02301376263278782,0.005898120170347152,0.0,0.0
2026-04-04 00:00:00+00:00,-0.07187408439771732,0.001679870353000163,0.0,0.0,0.0,0.0,-0.031170685530220007,0.0,0.008213320401801909,-0.040208727367014946,0.03233325116734848,-0.004005613657707711,0.0,-0.03210026778964988,0.0,-0.11553773768502501,0.02333288357096148,0.016769818693138996,0.0,0.0,0.05991944419383582,0.0,0.0,0.0,-0.03599464930104382,0.03940685027635343,-0.06880397654162754,0.0695137866878265,0.0,0.012841930101829201,0.051551172358184336,-0.04143971659573838,-0.010198415189113344,0.0,0.013702639667039124,-0.06037724773592892,0.0,-0.0700285290518254,0.015699861002631602,0.0,0.0,0.0,0.0,0.0,0.029006373872699987,0.0,-0.013799327539754035,0.0,0.0,0.0,0.0,0.0,0.028620492003301252,0.0,0.0,0.0,0.06574608907616665,0.0,0.04772380357015147,0.0,0.0,0.0,0.0,0.08941000509073596,0.0,-0.0476958365548533,0.0,0.0,-0.00446711628575398,0.0,0.0,-0.04398417349856444,0.0,0.15595121641819915,0.0,-0.04738528109597034,0.0,-0.008162551460591328,0.028153566349442306,-0.042342437576548216,0.0,0.0
2026-04-05 00:00:00+00:00,-0.08036915107240662,-0.0,0.0,0.0,0.0,0.0,-0.042331665976117774,0.0,0.005096967837617037,0.010528391422415092,0.029830244492767295,-0.014391026036037455,0.0,-0.057674242069294786,0.0,-0.11797157522246167,0.013560225786424773,0.014643840186580197,0.0,0.0,0.03232060635550819,0.0,0.0,0.0,-0.020537291311190857,0.043648083864171815,-0.05626160517274831,0.08497917900007518,0.0,0.07834622111558612,0.058946503432218106,-0.055070400388229385,0.0042105684874257435,0.0,0.012930901188325806,-0.030893581873006334,0.0,-0.10102423995366606,0.010395929789439231,0.0,0.0,0.0,0.0,0.0,0.044163397523696496,0.0,0.009529270357378467,0.0,0.0,0.0,0.0,0.0,0.05214997459587478,0.0,0.0,0.00774332113996226,0.07287632803686404,0.0,0.037458560286154664,0.0,0.0,0.0,0.0,0.08601431742503479,0.0,-0.03841564296279023,0.0,0.0,-0.012347999823885285,0.0,0.0,-0.047644489943726484,0.0,0.12637557504881877,0.0,-0.07057071275020482,0.0,-0.049171287661698246,0.01922702977838287,-0.060300524933257445,0.0,0.0
2026-04-06 00:00:00+00:00,-0.10208981433488096,0.02646929903759931,0.0,0.0,0.0,0.0,-0.04770051358767881,0.0,0.03879368684341754,-0.03271086590974072,0.04106526962334064,-0.00921860313336592,0.0,-0.11417220342394849,0.0,-0.094656559443381,0.0034030574443857826,0.0924688965877375,0.0,0.0,0.02205461318752801,0.0,0.0,0.0,-0.031738628820037244,0.05002576972145288,-0.07360348314556803,0.09055055425152335,0.0,0.09234646499414534,0.0743449043883145,-0.04780126561323784,-0.009580743766700916,0.0,-0.005551503583236645,-0.031964749478337745,0.0,-0.07028951135345447,-0.005393947913485986,0.0,0.0,0.0,0.0,0.0,0.04750965546352076,0.0,0.03618751667049041,0.0,0.0,0.0,0.0,0.0,0.03223324924138064,0.0,0.0,0.010395765480013834,0.03958240154497126,0.0,0.04557306996881116,0.0,0.0,0.0,0.0,0.08431617932030046,0.0,-0.02206839048344931,0.0,0.0,-0.004079896653928415,0.0,0.0,-0.05935586737234438,0.0,0.08934389682056999,0.0,-0.08533855817020025,0.0,-0.06402270684336579,0.04363492166577495,-0.048961359224935296,0.0,0.0
2026-04-07 00:00:00+00:00,-0.11421446201304071,0.014090317725554625,0.0,0.0,0.0,0.0,-0.05752965798230926,0.0,0.03834238114942458,0.0,0.018485401380875833,0.026430165586546903,0.0,-0.11106388559130412,0.0,-0.08566858584158057,0.006535191454630938,0.10369368805054492,0.0,0.0,0.01155556771751998,0.0,0.0,0.0,-0.043917023894039744,0.03131741615219439,-0.0534705967684308,0.05331942234605888,0.0,0.0861539554081047,0.0968217472702671,-0.05761203709114665,0.010473867013564323,0.0,0.01836882584954857,-0.05669316964032318,0.0,-0.06969390841512983,0.008841819130047505,0.0,0.0,0.0,0.0,0.0,0.06414355999599777,0.0,0.01755587375362476,0.0,0.0,0.0,0.0,0.0,0.07364899992613567,0.0,0.0,0.03319874044116816,0.06555047775235781,0.0,0.042089837593059676,0.0,0.0,0.0,0.0,0.033652907192540306,0.0,-0.06684537760544779,0.0,0.0,0.009194955030553845,0.0,0.0,-0.06261245284382172,0.0,0.11208683788035838,0.0,-0.09027068387447904,0.0,-0.058118168950769,-0.01819408918888143,-0.029647856099975594,0.0,0.0
2026-04-08 00:00:00+00:00,-0.13948200730090018,0.0322195776929862,0.0,0.0,0.0,0.0,-0.07556937210801562,0.0,0.07947865695997128,0.05038930916093902,0.006449033647060042,3.341265300406261e-17,0.0,-0.15207251782635536,0.0,-0.09863358470046002,0.009681162795491234,0.11772282354764925,0.0,0.0,0.008527521221362215,0.0,0.0,0.0,-0.03925294396169976,0.015745495600477385,-0.053371852781205625,0.04888803671597922,0.0,0.0773115293748116,0.08608246192460987,-0.07842845673974809,0.01025816276356463,0.0,-0.014208206303256471,-0.02991514644781459,0.0,-0.021275276113616133,0.009445848364986482,0.0,0.0,0.0,0.0,0.0,0.05544794981908801,0.0,0.013179206592274595,0.0,0.0,0.0,0.0,0.0,0.06454227554075669,0.0,0.0,0.04092695996541465,0.032788875377085525,0.0,0.04944000145818144,0.0,0.0,0.0,0.0,0.032931300827397626,0.0,-0.04333382210891044,0.0,0.0,0.05847475990776235,0.0,0.0,-0.045712307428187986,0.0,0.13429613537367732,0.0,-0.10320896652525827,0.0,-0.06579248935902754,-0.039624227855352724,-0.034345907071717884,0.0,0.0
2026-04-09 00:00:00+00:00,-0.10176421858234681,-0.005235654779630751,0.0,0.0,0.0,0.0,-0.05513573082508087,0.0,0.08122150567143209,0.07749745811969158,-0.02154006832928706,-0.01828951139097471,0.0,-0.061242919917426836,0.0,-0.12193872423153354,-0.005893595473595984,0.09080539378999876,0.0,0.0,-0.007320116974360537,0.0,0.0,0.0,-0.04352461237985018,0.01653427006718889,-0.020469054776383253,0.05177871254842682,0.0,0.03879993410376284,0.06323884714137076,-0.0736780066425506,0.015955531619057557,0.0,7.284545641530572e-18,0.004365338825671388,0.0,-0.04721659445564124,0.040084677472520584,0.0,0.0,0.0,0.0,0.0,-0.00425231060914445,0.0,-0.0060315114362992995,0.0,0.0,0.0,0.0,0.0,0.08400897471296633,0.0,0.0,0.03313332121219587,0.03149701955828782,0.0,0.03702941874221006,0.0,0.0,0.0,0.0,0.02163963893124079,0.0,-0.021800554461761015,0.0,0.0,0.015462990174580455,0.0,0.0,-0.026423137643956762,0.0,0.1372320008244006,0.0,-0.08220999767884189,0.0,-0.04140267201384926,-0.041219598618688416,-0.03369644229379963,0.0,0.0
2026-04-10 00:00:00+00:00,-0.1133081021869347,-0.005404920365380904,0.0,0.0,0.0,0.0,-0.05657611871703935,0.0,0.08730852729183411,0.07984410970495885,0.03232439849769412,0.0018696968787073004,0.0,-0.07210204356220506,0.0,-0.07734789435206159,-0.013155189942507525,0.10248800768924757,0.0,0.0,0.013497221863703914,0.0,0.0,0.0,-0.02294816640591928,-0.011641529119259426,-0.03671441082055054,0.023958769047524624,0.0,0.04222979546890093,0.06440118529295356,-0.062234445451303105,0.04526452775381698,0.0,-0.0140691215349787,0.0016014952091509323,0.0,-0.07828865256366037,0.07025989414018176,0.0,0.0,0.0,0.0,0.0,0.0,0.0,0.02803792905422295,0.0,0.0,0.0,0.0,0.0,0.0819487307386921,0.0,0.0,0.018239389103961747,0.018686999222576047,0.0,0.013440536429261253,0.0,0.0,0.0,0.0,0.002017123896556392,0.0,-0.02334032552432297,0.0,0.0,0.017423405235465723,0.0,0.0,-0.021446913494865313,0.0,0.12446856698617247,0.0,-0.07802140055198033,0.0,-0.04343664242267675,-0.07969866978032497,-0.05957576270961242,0.0,0.0
2026-04-11 00:00:00+00:00,-0.11552320455769878,-0.030445629674397512,0.0,0.0,0.0,0.0,-0.053631106519384075,0.0,0.10048675075444684,0.08068242312077373,0.03948094903879179,-0.034417030283768045,0.0,-0.11418525309946907,0.0,-0.08284034216491183,-0.005937455198742064,0.155137898072123,0.0,0.0,0.013162971441184456,0.0,0.0,0.0,-0.021632986260536873,0.013120176629137524,-0.04273612281447299,-0.0018554202121333276,0.0,0.029754996679216196,0.09697909613982625,-0.07918989618239684,0.058799443243552574,0.0,-0.02581015054211717,-0.004225918494954938,0.0,-0.09151729297031509,0.06350758999991374,0.0,0.0,0.0,0.0,0.0,0.043111969021855136,0.0,0.012576032878800502,0.0,0.0,0.0,0.0,0.0,0.08641179485491399,0.0,0.0,0.013026297775855919,-0.00914310058367729,0.0,0.031284333795780696,0.0,0.0,0.0,0.0,-0.010635524134652479,0.0,0.0065113089808472285,0.0,0.0,0.029149103337045252,0.0,0.0,-0.020331745695564923,0.0,0.09846738856299876,0.0,-0.09000006799424083,0.0,-0.018908872277102997,-0.09375490545864963,-0.024928499207876688,0.0,0.0
2026-04-12 00:00:00+00:00,-0.08830160754234466,-0.042427257047921205,0.0,0.0,0.0,0.0,-0.03289003182992388,0.0,0.09418504190986711,0.04805491585378675,0.02650958181332318,-0.04234829892985634,0.0,-0.11548583305430284,0.0,-0.07138625643966774,0.007598429996794391,0.13931814038090515,0.0,0.0,-0.009975544118815065,0.0,0.0,0.0,-0.015440708081586606,-0.005645685098340943,-0.039734694539404106,-0.016705161126863363,0.0,-0.003873597611208049,0.09146086845460039,-0.06312039341664473,0.057400726092811646,0.0,-0.03135061117693766,-0.005445622208369332,0.0,-0.07906353476185281,0.05210018017921883,0.0,0.0,0.0,0.0,0.0,0.052217174691485485,0.0,0.03590055665440581,0.0,0.0,0.0,0.0,0.0,0.08810286036871684,0.0,0.0,0.02544410671382372,-0.02217694334756979,0.0,0.03718652121320338,0.0,0.0,0.0,0.0,-0.023573423969548934,0.0,0.025383710937491852,0.0,0.0,0.03704386926815526,0.0,0.0,0.0009127882764232632,0.0,0.03785130936291964,0.0,-0.07349104616303274,0.0,0.0060188884441394535,-0.08627862495754698,0.006025204809665665,0.0,0.0
2026-04-13 00:00:00+00:00,-0.10223818066561674,-0.05733838617422609,0.0,0.0,0.0,0.0,-0.0410901322395674,0.0,0.10223617069640491,0.05930790541820137,0.046801239044464135,-0.039027699433259955,0.0,-0.10527184652603608,0.0,-0.11417307990093377,0.007446904442777092,0.13390631550311352,0.0,0.0,-0.036924830539472236,0.0,0.0,0.0,-0.01928408085324233,0.01367743117158841,-0.04299426656675321,-0.020160534963350386,0.0,-0.006464663910008846,0.09972284959706838,-0.07942046350471689,0.059498198000375445,0.0,-0.0013475606882500418,-0.013253729902780483,0.0,-0.10547791702573868,0.07743375223499495,0.0,0.0,0.0,0.0,0.0,0.0414496092298426,0.0,0.019215101137214932,0.0,0.0,0.0,0.0,0.0,0.10151696829695264,0.0,0.0,-0.011771409678751387,-0.01601175377393381,0.0,0.034745468947364105,0.0,0.0,0.0,0.0,-0.01898018488343275,0.0,0.011059419648319132,0.0,0.0,0.049570976647681154,0.0,0.0,-0.010116752809047783,0.0,0.13848330409339918,0.0,-0.08770370615760933,0.0,0.018912801034536197,-0.1038416437145109,0.017908408766941154,0.0,0.0
2026-04-14 00:00:00+00:00,0.013506291992284451,-0.04554716080423109,0.0,0.0,0.0,0.0,-0.03892971000514427,0.0,0.10137303230611053,0.03093109286590269,0.03763141483227,-0.07056796991978095,0.0,-0.08833227759387152,0.0,-0.06716408405753303,0.010883061703418864,0.12210255083040983,0.0,0.0,-0.03505616576373489,0.0,0.0,0.0,-0.02021641156910896,-0.009432272822575508,-0.08950703482413354,0.005877388562401855,0.0,0.005865776452098342,0.08547508750528918,-0.062224166286978355,0.025693674157403465,0.0,0.023001588772935344,-0.011842826084765414,0.0,-0.07534391432062024,0.049739894931313186,0.0,0.0,0.0,0.0,0.0,0.038664399158483846,0.0,-0.014039258470120917,0.0,0.0,0.0,0.0,0.0,0.08552718702508134,0.0,0.0,0.011099060914514612,0.02990738446695738,0.0,0.03320851551488174,0.0,0.0,0.0,0.0,-0.005352210813899603,0.0,0.016754482376291017,0.0,0.0,0.031036029741762162,0.0,0.0,0.001443663268341924,0.0,-6.33725314929686e-19,0.0,-0.07214884383560877,0.0,0.003693196724803731,-0.07486482595363095,0.017154359022782315,0.0,0.0
2026-04-15 00:00:00+00:00,0.0064927328949444816,-0.05064453347867244,0.0,0.0,0.0,0.0,0.0045045907981879725,0.0,0.07634124684084276,-0.004827314261826622,0.03138495776204437,-0.06956564396169691,0.0,-0.05781951363771144,0.0,-0.05358355128395717,-0.002339002329604342,0.10853503585680489,0.0,0.0,-0.031548156829746654,0.0,0.0,0.0,-0.031062100132057645,0.003998467871543163,-0.08160339351737189,-0.013109130945249965,0.0,0.0,0.06907488163099611,-0.061327585630123554,0.028991043703496987,0.0,0.027704605449812365,-0.03510962355815773,0.0,-0.11032958226530751,0.025909010554591355,0.0,0.0,0.0,0.0,0.0,0.014606013471077421,0.0,0.002086862036181052,0.0,0.0,0.0,0.0,0.0,0.06574752267253925,0.0,0.0,-0.032211759670477805,0.02404479356462058,0.0,0.02322851507970779,0.0,0.0,0.0,0.0,-0.02438196653954464,0.0,-0.0031405592747996026,0.0,0.0,0.023081498869666303,0.0,0.0,0.006820983091199077,0.0,0.2164340880253379,0.0,-0.06281127875507991,0.0,0.017154857215248242,-0.06830493486198654,0.017577923544530246,0.0,0.0
2026-04-16 00:00:00+00:00,0.026756029366262788,-0.06150747485829381,0.0,0.0,0.0,0.0,0.0011598748990428052,0.0,0.06879997316088071,-0.046573842411787206,0.0,-0.033822764300681284,0.0,-0.07050063700654165,0.0,-0.012251936088702686,0.002775037039827917,0.09338436287648934,0.0,0.0,0.01739165361273195,0.0,0.0,0.0,-0.0321029608025595,-0.007983179500886995,-0.11782991836334701,-0.0021206048578775575,0.0,-0.014337177218124967,0.06926544172961699,-0.04196694036581672,0.018341785840066224,0.0,0.029832710359566278,-0.016559949406810753,0.0,-0.10368556499496799,0.008909945944921832,0.0,0.0,0.0,0.0,0.0,0.014851763318810699,0.0,-0.0023874660231609935,0.0,0.0,0.0,0.0,0.0,0.0683989160828022,0.0,0.0,0.005124741898584947,0.03228762151346555,0.0,0.020511295553608467,0.0,0.0,0.0,0.0,-0.02067970851485797,0.0,-0.02118198482090083,0.0,0.0,0.023426769996300126,0.0,0.0,0.02948548397257467,0.0,0.19165459528751963,0.0,-0.053527563904745806,0.0,0.010063690529280687,-0.061708444090951727,-0.011693575451338412,0.0,0.0
2026-04-17 00:00:00+00:00,0.03213143221481648,-0.05159469575393415,0.0,0.0,0.0,0.0,0.011920544850858094,0.0,0.0707836702750186,-0.06903045769149149,-0.03404908954878467,-0.03561440811768012,0.0,-0.07261391829965892,0.0,-0.002180082610796097,0.007522890559774614,0.041904958218321596,0.0,0.0,-0.00500715171058682,0.0,0.0,0.0,-0.029235266639613223,0.029155347695400135,-0.060967129156840556,0.0399777840724834,0.0,-0.020393112480059386,0.022717548664216058,-0.037436039216261346,0.038508737592194885,0.0,0.03194892496486252,0.024804722567437435,0.0,-0.09014787475767008,0.017253191551867234,0.0,0.0,0.0,0.0,0.0,-0.006565020158174473,0.0,-0.03806592031504501,0.0,0.0,0.0,0.0,0.0,0.01818243682273026,0.0,0.0,0.03300079583198756,0.011840300363591096,0.0,0.04117158448900703,0.0,0.0,0.0,0.0,-0.007441701348638723,0.0,-0.01048032734496305,0.0,0.0,0.0016638770188967071,0.0,0.0,0.04658810157199256,0.0,0.07111659340463844,0.0,-0.02764135346442935,0.0,-0.0036207236991763507,-0.017643433688003418,0.027534263271712343,0.0,0.0
2026-04-18 00:00:00+00:00,0.020574845004537285,-0.06899934055555182,0.0,0.0,0.0,0.0,0.0010670580282915823,0.0,0.05981028508050142,-0.0662467629804758,-0.03405003306547798,-0.044347006512358615,0.0,-0.07791479392530971,0.0,0.022341888368936,-0.0051112962131867135,0.07954421296582244,0.0,0.0,-0.02023219656907556,0.0,0.0,0.0,0.0077813091419544275,0.02576925906170309,-0.06484695260736903,0.03894626264219518,0.0,-0.025112647111369686,0.05074089721936395,-0.005031962551907211,0.010818473539278478,0.0,0.040979883729047914,0.002818698353784426,0.0,-0.1021157040927998,-0.009528764991667885,0.0,0.0,0.0,0.0,0.0,2.2760908471454073e-17,0.0,-0.042803162585859526,0.0,0.0,0.0,0.0,0.0,0.009362716100141964,0.0,0.0,0.03702422441557169,0.009569534273962028,0.0,0.012902347147596006,0.0,0.0,0.0,0.0,-0.006990229916399646,0.0,-0.03532165081150487,0.0,0.0,-0.009551731380939827,0.0,0.0,0.04595100652173685,0.0,0.14011796759513304,0.0,-0.02900759708468584,0.0,-0.042880939241841234,0.005079999594977884,0.06889190341324507,0.0,0.0
2026-04-19 00:00:00+00:00,-0.00964011120483722,-0.04757045586567923,0.0,0.0,0.0,0.0,0.0030094487767732578,0.0,0.04133013002361193,-0.03979075571625846,-0.030223311078395827,-0.059683083518372655,0.0,-0.05066155901207848,0.0,0.022390158540500797,-0.007531711629715427,0.058170752074751884,0.0,0.0,-0.006728661968871148,0.0,0.0,0.0,-0.007550117643646854,-0.009923064992239062,-0.052164038346293885,0.032403076434471684,0.0,-0.027409460618634293,0.03385978265086513,-0.012876495275014407,0.016332810343565214,0.0,0.025436340702261674,0.0025378996897803294,0.0,-0.06008528569068355,-0.01715551143988886,0.0,0.0,0.0,0.0,0.0,0.006409271330774581,0.0,-0.01391930039148302,0.0,0.0,0.0,0.0,0.0,-0.016095257081447142,0.0,0.0,0.019844226653595753,0.025764753596972317,0.0,0.01294492261480239,0.0,0.0,0.0,0.0,-0.010382484193194026,0.0,-0.016440985025820032,0.0,0.0,-0.0003961235806874588,0.0,0.0,0.031405321809598465,0.0,0.1491715482854887,0.0,-0.0046879806123308835,0.0,-0.027248321873665764,0.01712820072652227,0.03002543250490133,0.0,0.0
2026-04-20 00:00:00+00:00,-0.025223753233644154,-0.03260472467713607,0.0,0.0,0.0,0.0,0.006523409107033915,0.0,0.03225893030585998,-0.015259021939376997,-0.03133096526241624,-0.047350452700521295,0.0,-0.031219261069021165,0.0,-0.004218870205977021,0.005334871910775111,0.04424717142808542,0.0,0.0,0.01295009683881417,0.0,0.0,0.0,0.00033568063334990696,-0.013669709847621671,-0.040948424567463663,0.030440325071755963,0.0,-0.0282194919835412,0.020702348965539286,-0.011979610791269855,0.01171982104667154,0.0,0.01683190903547743,0.018291462969484723,0.0,-0.04434037004072206,-0.014689201519039555,0.0,0.0,0.0,0.0,0.0,0.00042365944967802377,0.0,-0.048570247048811334,0.0,0.0,0.0,0.0,0.0,0.0003541342071110043,0.0,0.0,0.017396019321929804,0.02873547385300835,0.0,0.006420725236653648,0.0,0.0,0.0,0.0,-0.02227915179790825,0.0,-0.02481665525151984,0.0,0.0,-0.0034408682026386772,0.0,0.0,0.02775258205920235,0.0,0.14667120926044055,0.0,-0.008509346755524071,0.0,-0.017094394903808964,0.017960882318456006,0.020413808778634922,0.0,0.0
2026-04-21 00:00:00+00:00,-0.02843241219106644,-0.030809548305321004,0.0,0.0,0.0,0.0,-0.0,0.0,0.03333842395116197,-0.00932260086742657,-0.026919624721439144,-0.04645272584518733,0.0,-0.04000970858605433,0.0,-0.004537331875980133,-0.0013991028461114807,0.037846893896120226,0.0,0.0,0.023102935813143332,0.0,0.0,0.0,0.007528841472258474,0.00300204774591122,-0.020976487714166468,0.028680462068241198,0.0,-0.028582320993412548,0.003990407082946825,-0.01835157740411371,-0.0019340655695738581,0.0,0.02386793196999973,0.0108480700735459,0.0,-0.026884350708830294,-0.019422484527005762,0.0,0.0,0.0,0.0,0.0,-0.00750524033261607,0.0,-0.024356327243436292,0.0,0.0,0.0,0.0,0.0,-0.000897767251501138,0.0,0.0,0.010167350628815658,0.028597098980973457,0.0,0.009390244384221735,0.0,0.0,0.0,0.0,-0.0185747975929057,0.0,-0.021423054228218014,0.0,0.0,-0.00791378466419892,0.0,0.0,0.024421382342482444,0.0,0.1254000010751383,0.0,-0.0215068154561655,0.0,-0.018166147226292267,0.030412083629142238,0.02378410103692027,0.0,0.0
2026-04-22 00:00:00+00:00,-0.022775619395710957,-0.026844014297551583,0.0,0.0,0.0,0.0,0.0016106999286257982,0.0,0.029907161586855704,0.012859035066635632,-0.025682872784892785,-0.04309544127707302,0.0,-0.03159996373124006,0.0,-0.011485179996211355,0.0012969331065352972,0.022521359883321386,0.0,0.0,0.018667851485325182,0.0,0.0,0.0,0.002273035422405246,-0.012135103809417676,-0.016456693073303164,0.02544489393166788,0.0,-0.029918775563899783,0.0010296497239478792,-0.012312640811677609,-0.0006552623207061195,0.0,0.021536587472554,0.004153282126191818,0.0,-0.019146478183447807,-0.020799374671030497,0.0,0.0,0.0,0.0,0.0,0.003357544999404052,0.0,-0.015621689448029462,0.0,0.0,0.0,0.0,0.0,0.005354953985041876,0.0,0.0,0.004928784003414295,0.030588012944669892,0.0,0.009043520429095004,0.0,0.0,0.0,0.0,-0.005530874304123437,0.0,-0.02158591707637055,0.0,0.0,-0.021428338557967566,0.0,0.0,0.021025686057794542,0.0,0.11810199445817045,0.0,-0.019575324732927606,0.0,-0.017963852020692832,0.031149660582707555,0.009762768861910461,0.0,0.0
2026-04-23 00:00:00+00:00,-0.02669474245295883,-0.03660375924015463,0.0,0.0,0.0,0.0,0.0033622178931836653,0.0,0.037176975454630806,0.03526772632009571,-0.033898941168269435,-0.053255974961695346,0.0,0.00015459477343408027,0.0,0.013118821331502276,0.014168675329176917,0.058356895703358065,0.0,0.0,0.02127381848030739,0.0,0.0,0.0,-0.0046930141782285184,-0.008704891931087132,-0.02050814211668534,0.030083344271314105,0.0,-0.04072873046832449,0.012828974532771615,-0.028137871359684007,-0.008675678925159148,0.0,0.02421911780438908,-0.007084070408048571,0.0,-0.01849333918917736,-0.027018021903421258,0.0,0.0,0.0,0.0,0.0,-0.011206946666356648,0.0,-0.024086117539645558,0.0,0.0,0.0,0.0,0.0,0.0006213144390383215,0.0,0.0,-0.006783759749373664,0.02823600316760937,0.0,0.008240203201173841,0.0,0.0,0.0,0.0,-0.008630764674851972,0.0,-0.011000993703429775,0.0,0.0,-0.028945057356785396,0.0,0.0,0.01787425152774975,0.0,0.08421604879579932,0.0,-0.010093326537435787,0.0,-0.026359424757975126,0.03670190758168955,0.0157026786815241,0.0,0.0
2026-04-24 00:00:00+00:00,-0.020044139611222183,-0.029518757203566025,0.0,0.0,0.0,0.0,-0.009123613461364368,0.0,0.023119295415368172,0.035293572907171625,-0.02574271308273764,-0.05299128043250471,0.0,1.5020306139670651e-05,0.0,0.017343895043407997,0.008774358673824879,0.04610904797061282,0.0,0.0,0.018819094019388492,0.0,0.0,0.0,-0.023592934933333143,0.008399887461445231,-0.04650228110507429,0.024546840525376926,0.0,-0.017489366390325254,0.017136548467782925,-0.02171689521279139,-0.0173482257285245,0.0,0.0265724559368667,-0.010150191705579032,0.0,-0.017910186634791034,-0.031000194728578803,0.0,0.0,0.0,0.0,0.0,-0.0,0.0,0.0028044373366605457,0.0,0.0,0.0,0.0,0.0,0.007963281310563728,0.0,0.0,-0.004851900541287641,0.029027394624036997,0.0,0.010628177530322361,0.0,0.0,0.0,0.0,-0.004871414251540352,0.0,-0.018673829604346853,0.0,0.0,-0.020305071952939475,0.0,0.0,0.006470792538350985,0.0,0.07494954952552667,0.0,-0.011292862828503482,0.0,-0.020257918996468782,0.02389119827934093,0.021518930533291365,0.0,0.0
2026-04-25 00:00:00+00:00,-0.035154715129488714,-0.03867824344407234,0.0,0.0,0.0,0.0,0.009514704275023413,0.0,0.02787169862636199,0.08581491401748055,-0.03244029721614465,-0.03901584082457289,0.0,0.0050051530267510745,0.0,0.007905899597011684,0.011082700123723822,0.0669538074725482,0.0,0.0,0.03286077399287583,0.0,0.0,0.0,-0.033261901240005116,0.028276511884028455,-0.054201194021008536,0.030965421135269813,0.0,-0.01919726103452123,-0.0051626060236195995,-0.040527735538314784,-0.012857966694096884,0.0,0.045241870228836606,0.036956333461812894,0.0,-0.01617182891576789,-0.04112654029517339,0.0,0.0,0.0,0.0,0.0,-0.005275683901237604,0.0,0.028066093625657464,0.0,0.0,0.0,0.0,0.0,0.028041510738224706,0.0,0.0,0.0034108304311702203,0.002560694346766742,0.0,0.012889861128073995,0.0,0.0,0.0,0.0,0.006059568951989824,0.0,-0.030076784319271056,0.0,0.0,-0.03113448223312894,0.0,0.0,-0.0012938930855478203,0.0,-0.008905740129276191,0.0,-0.03755993314098337,0.0,-0.025476042713390507,0.025299337298907015,0.01274100553710707,0.0,0.0
2026-04-26 00:00:00+00:00,-0.035036903820414904,-0.02366280013333886,0.0,0.0,0.0,0.0,0.004008521825944968,0.0,0.02741620497239563,0.09774853077184915,-0.020789434532954135,0.024496542242036057,0.0,-0.005101687078294055,0.0,-0.014325211460431303,0.002177641354957867,0.06885285961570403,0.0,0.0,0.033322006115621736,0.0,0.0,0.0,-0.027148619601059066,0.045080504659201076,-0.05104485437190026,0.03130921201815486,0.0,-0.028902090447938646,-0.011959896827178655,-0.045619483143290264,-0.0033152355373283495,0.0,0.04734147169889632,0.037378414717709516,0.0,0.009681310064750892,-0.03906856932645256,0.0,0.0,0.0,0.0,0.0,-0.004055337140379454,0.0,-0.004662267400618179,0.0,0.0,0.0,0.0,0.0,0.019219223274325774,0.0,0.0,0.006408016981531393,0.0017515490520992735,0.0,0.009866992145060685,0.0,0.0,0.0,0.0,0.00991614881016098,0.0,-0.027110084647998117,0.0,0.0,-0.03929255710953047,0.0,0.0,-0.006983391335121363,0.0,-0.022143812589129085,0.0,-0.04060993957808675,0.0,-0.02929502330446556,-0.004005211077881221,0.008157260143391076,0.0,0.0
2026-04-27 00:00:00+00:00,-0.030472600899614666,-0.03863600509928435,0.0,0.0,0.0,0.0,0.011119759028742595,0.0,0.03628710268180044,0.11677462086253207,-0.02266314423524616,0.012611697855538732,0.0,-0.016823084615757686,0.0,0.00790399880202978,0.003956719339661737,0.11851629964217247,0.0,0.0,0.0389384272602373,0.0,0.0,0.0,-0.009130939218770492,0.08000163791913562,-0.062282886950142786,0.03437788695791388,0.0,-0.04001172210584045,0.008559143713643571,-0.05310670831268981,-0.012337104948024596,0.0,0.055776626291140344,0.026633526832967293,0.0,0.025871376219905214,-0.04720047870078066,0.0,0.0,0.0,0.0,0.0,0.007034164435527159,0.0,0.017917574344728304,0.0,0.0,0.0,0.0,0.0,0.012839480765014632,0.0,0.0,0.01117778066824104,-0.0014011313850756041,0.0,0.008411601077359613,0.0,0.0,0.0,0.0,0.01610584477974042,0.0,-0.034140904974736305,0.0,0.0,-0.0438601078493808,0.0,0.0,-0.012474233293193752,0.0,-0.15030067751940066,0.0,-0.04889684477216156,0.0,-0.04324544463763164,-0.016675869215227297,0.03284461925492702,0.0,0.0
2026-04-28 00:00:00+00:00,-0.01191940444937143,-0.03136227944756727,0.0,0.0,0.0,0.0,0.021483385559981263,0.0,0.04355174458614696,0.14124544612186204,-0.04475278576853361,0.024820939334329856,0.0,-0.018253197057619595,0.0,-0.04059204979443554,-0.002730022621099427,0.11085213922558368,0.0,0.0,0.045855844438442414,0.0,0.0,0.0,0.02482892816487731,0.09713573124314785,-0.05353835671330571,0.045876180737439584,0.0,-0.03761788053386094,-0.012142510559918093,-0.05541941737561132,0.001772138440828876,0.0,0.05244203502337628,0.032581921122956166,0.0,-0.030751022257738903,-0.04712598737266826,0.0,0.0,0.0,0.0,0.0,-0.003644390195908894,0.0,0.010734786824627175,0.0,0.0,0.0,0.0,0.0,-0.005623012293092805,0.0,0.0,0.005395970646661873,0.0005858003450735802,0.0,0.033551061277200825,0.0,0.0,0.0,0.0,0.012177318997851353,0.0,-0.05074383459222105,0.0,0.0,-0.03646073611897891,0.0,0.0,-0.0033584750406966137,0.0,-0.05467899093931542,0.0,-0.024844224434902692,0.0,-0.05037935981749764,-0.0404439762402929,-0.048509458465749944,0.0,0.0
2026-04-29 00:00:00+00:00,-0.010090296976787205,-0.01430932245399545,0.0,0.0,0.0,0.0,0.016317620756234226,0.0,0.035455159095496874,0.09534098469571942,-0.027684109900686135,0.023235840438086693,0.0,0.005187103427517671,0.0,-0.024991324477070195,0.010804813549259698,0.037741072435619555,0.0,0.0,0.0024570761103743445,0.0,0.0,0.0,0.0019480456551856453,0.07398635977629398,-0.021356621724210215,0.031045596894290216,0.0,-0.00816759649425204,-0.0075654562081260614,-0.031395754339570925,0.00782213349150514,0.0,0.04976039252734933,0.03719042941134517,0.0,-0.014293068281709717,-0.022124425340047223,0.0,0.0,0.0,0.0,0.0,-0.009111642172052039,0.0,0.012695952861887363,0.0,0.0,0.0,0.0,0.0,-0.014016252490305213,0.0,0.0,0.009433732726860692,0.0040155985561764135,0.0,0.025537241136452303,0.0,0.0,0.0,0.0,0.025252852924685473,0.0,-0.031058583950539346,0.0,0.0,-0.019183715063030484,0.0,0.0,0.0072872443821153455,0.0,-0.14573824440826563,0.0,-0.014910392953633944,0.0,-0.02681815541602432,-0.030170674846732512,-0.03952961335541687,0.0,0.0
2026-04-30 00:00:00+00:00,-0.013272040472868568,-0.01148063544722906,0.0,0.0,0.0,0.0,0.035919579753545636,0.0,0.035834529987198216,0.09068063964123439,-0.017963715007052936,0.020028584506886764,0.0,-0.02510417339031613,0.0,-0.04271778099073427,0.0019163711908210767,0.01634166155430459,0.0,0.0,-0.012936646044418323,0.0,0.0,0.0,0.0362369184293988,0.09277594112426332,-0.013087101813170327,0.03135281326463754,0.0,-0.008832017226867555,-0.015082345933305255,-0.037699512258303196,0.01479462345734307,0.0,0.04534424608987589,0.018862145321367815,0.0,-0.0038749684315385856,-0.02166613806657253,0.0,0.0,0.0,0.0,0.0,-0.008457044083388796,0.0,0.022765911870814934,0.0,0.0,0.0,0.0,0.0,-0.01897575173650131,0.0,0.0,0.010292393073705176,0.003964322560313696,0.0,0.034359884771587273,0.0,0.0,0.0,0.0,0.03488221331781121,0.0,-0.03102697553121534,0.0,0.0,-0.022713366931778556,0.0,0.0,0.009316314708648054,0.0,-0.1316141901887406,0.0,-0.020892433236765786,0.0,-0.024428862725519942,-0.033882131711589464,-0.03996126339588105,0.0,0.0
2026-05-01 00:00:00+00:00,-0.01721714610760533,-0.0037927604629760243,0.0,0.0,0.0,0.0,0.044859211001301726,0.0,0.02869740508519696,0.06561953117481278,-0.029280475821459147,0.017104391720257944,0.0,-0.08234301388596756,0.0,-0.07687870133843523,0.007599825113673582,0.049510244087779536,0.0,0.0,-0.01949771122972466,0.0,0.0,0.0,0.05497822119089,0.10889034873434002,-0.03859998853435407,0.03582785182914238,0.0,-0.0014129161452120984,0.00885392888511312,0.0,0.012313336543648865,0.0,0.0,0.011027233843853457,0.0,-0.059989412027005994,-0.05094005230078283,0.0,0.0,0.0,0.0,0.0,-0.011769303716761659,0.0,0.0,0.0,0.0,0.0,0.0,0.0,-0.03577569237903922,0.0,0.0,0.007813659820926366,0.030205804200888014,0.0,0.040902522361291466,0.0,0.0,0.0,0.0,0.047594986145085776,0.0,-0.04965906725931126,0.0,0.0,-0.034449693857934865,0.0,0.0,0.0,0.0,0.17581617156441154,0.0,-0.03163256412121122,-0.008614557126461062,-0.04210732246827895,-0.07073971948528099,-0.08291457503481134,0.0,0.0
2026-05-02 00:00:00+00:00,-0.013065826010977805,-0.0,0.0,0.0,0.0,0.0,0.050868975332256976,0.0,0.02945209412724604,0.027943463255211763,-0.049544155488951844,0.006762532605800925,0.0,-0.03211513123577801,0.0,-0.12689526287316444,0.03835512237261542,0.14527200248452393,0.0,0.0,-0.026190779292264533,0.0,0.0,0.0,0.04417752759291833,0.15516344648337607,-0.09878592898343333,0.015319641930082435,0.0,-1.8347106333652107e-17,0.052806406345159845,0.0,0.010616007175009387,0.0,0.0,-0.020257560046710112,0.0,-0.07088425120775907,-0.10120004930432118,0.0,0.0,0.0,0.0,0.0,-0.026730323017937787,0.0,0.0,0.0,0.0,0.0,0.0,0.0,-0.08631650415838932,0.0,0.0,-0.00016877209423864676,3.368104215644353e-17,0.0,0.08315721144336904,0.0,0.0,0.0,0.0,0.05574930250271213,0.0,-0.021303763088413884,0.0,0.0,-0.011760248467950402,0.0,0.0,0.0,0.0,0.2647881593823755,0.0,-0.025819407177341967,-0.0,-0.05102349451029305,-0.11708553982254537,-0.10128489625218745,0.0,0.0
2026-05-03 00:00:00+00:00,-0.02221734113850648,0.008638943101690805,0.0,0.0,0.0,0.0,0.062008736948448516,0.0,-0.005524821709760463,0.013910013812152663,-0.030707035474547142,0.0,0.0,-0.07437415681614322,0.0,-0.07686613692481621,0.050811707517986346,0.14405825306249853,0.0,0.0,-0.03458194266076648,0.0,0.0,0.0,0.07345879528103816,0.15232081979741832,-0.07763702339679356,0.011613665649205162,0.0,0.02651030252323108,0.04452151612700661,0.0,0.016269728006361884,0.0,0.0,-0.039816718520513286,0.0,-0.0972152835568912,-0.11148718468089622,0.0,0.0,0.0,0.0,0.0,-0.018468567860693633,0.0,-0.01547564934359066,0.0,0.0,0.0,0.0,0.0,-0.07176882927849698,0.0,0.0,0.02605847355728124,2.0517010189609243e-17,0.0,0.07719315360036914,0.0,0.0,0.0,0.0,0.06541053874767912,0.0,-0.029505269670225726,0.0,0.0,-0.01569069702698127,0.0,0.0,0.0,0.0,0.273133101925528,0.0,-0.03114492032338013,-0.005266269152750606,-0.05158196091834168,-0.1371003041667493,-0.0994876370370514,0.0,0.0
2026-05-04 00:00:00+00:00,-0.0,0.010506570915820485,0.0,0.0,0.0,0.0,0.0684407132108158,0.0,-0.011507668414214385,0.0040335889449994045,-0.031710571019216115,3.85255798586832e-17,0.0,-0.08907229662604096,0.0,-0.06387257073237289,0.05098659022295872,0.13091118229474802,0.0,0.0,-0.05948068793241823,0.0,0.0,0.0,0.06578729045485474,0.12155638945096683,-0.08644769991504596,0.011320878092981197,0.0,0.035080582915796084,0.06121835198117353,0.0,0.02640364113472456,0.0,0.0,-0.05488691026678136,0.0,-0.12020593289729423,-0.09679043483554542,0.0,0.0,0.0,0.0,0.0,-0.014287401179691647,0.0,0.01715777839253818,0.0,0.0,0.0,0.0,0.0,-0.09531457287589824,0.0,0.0,0.02842864549256801,0.0,0.0,0.07608144809316764,0.0,0.0,0.0,0.0,0.02394433814333044,0.0,-0.01828436585212174,0.0,0.0,-0.007170400202824019,0.0,0.0,0.0,0.0,0.26631354458654316,0.0,-0.01060910539754502,-1.5003022158565634e-17,-0.044240405581364,-0.13059287058691632,-0.0636976400126962,0.0,0.0
2026-05-05 00:00:00+00:00,-0.0020631800335814145,-0.00299420407203236,0.0,0.0,0.0,0.0,0.03773075656079546,0.0,-0.015848997304462323,0.0012833125098350696,-0.022846591990231098,3.4836597338662247e-17,0.0,-0.09083725656510239,0.0,-0.02997652141932606,0.02754263311166175,0.12893895381256504,0.0,0.0,-0.05900379376277247,0.0,0.0,0.0,0.05241170130393361,0.1071601496158091,-0.0690128688207857,0.004174231680366589,0.0,0.03264158151709995,0.07916458494928286,0.0,0.038518617713197194,0.0,0.0,-0.03949006373574975,0.0,-0.11633711795324944,-0.07892248593464762,0.0,0.0,0.0,0.0,0.0,0.025651826213371625,0.0,-0.0535100662556293,0.0,0.0,0.0,0.0,0.0,-0.1307998959549444,0.0,0.0,0.02357113904890903,0.0,0.0,0.06103989373973269,0.0,0.0,0.0,0.0,0.020054065975804846,0.0,-0.013747519802507381,0.0,0.0,-3.320206083185362e-17,0.0,0.0,0.0,0.0,0.25825671003225725,0.0,0.025682314536399856,0.0,-0.045043032831747126,-0.12017881223182111,-0.033210063652432134,0.0,0.0
2026-05-06 00:00:00+00:00,-0.01262947307105773,0.00938482551054484,0.0,0.0,0.0,0.0,0.004323232066030541,0.0,-0.004331602250630879,-0.009187040776081146,-0.01865262295657908,-0.005681448900360706,0.0,0.00045056117128408445,0.0,-0.04281769390610204,0.009714898268560165,0.05378920417247094,0.0,0.0,-0.022427247786762364,0.0,0.0,0.0,0.017433238221895325,0.0453435432909758,-0.024813868752471612,0.0,0.0,0.013263669224596163,0.010606509146850684,0.0,0.01974870297802014,0.0,0.0,0.008005071465618383,0.0,-0.04137504619646999,0.017918723047559027,0.0,0.0,0.0,0.0,0.0,0.0154753129081084,0.0,-0.02552826628652388,0.0,0.0,0.0,0.0,0.0,-0.04768031107638834,0.0,0.0,0.00643778234296069,-0.030603227718489532,0.0,0.02298175508553706,0.0,0.0,0.0,0.0,0.008433800414546609,0.0,-0.01448896842538638,0.0,0.0,0.005995210850435316,0.0,0.0,0.0,0.0,0.11183633058865128,0.0,-0.0,0.0037277730320169223,-0.018436290552635588,-0.049054807713069526,-0.017162227417653577,0.0,0.0
2026-05-07 00:00:00+00:00,-0.017611219951497153,0.0028978992673688686,0.0,0.0,0.0,0.0,0.0013448935785463274,0.0,-0.002502729552666336,-0.027989319679828827,-0.013156396877999806,-0.01180676085973773,0.0,-0.03689484376431326,0.0,-0.004591915524963816,0.011316227722596882,0.03757132390321534,0.0,0.0,-0.020284616177488675,0.0,0.0,0.0,0.017716838144742734,0.039719242459266085,-0.01932879519269126,-0.006643738321618481,0.0,0.02480683322246069,-0.019088985247546597,0.0,0.025039826081098875,0.0,0.0,0.013424382569634566,0.0,-0.04578287684564703,0.019646869379028205,0.0,0.0,0.0,0.0,0.0,0.019695480639345037,0.0,-0.03477734258117658,0.0,0.0,0.0,0.0,0.0,0.006826461358259056,0.0,0.0,0.0196756137263985,-0.03078648379827618,0.0,0.014579938791898258,0.0,0.0,0.0,0.0,-0.0015571664229075755,0.0,-0.005668429928983159,0.0,0.0,-0.0,0.0,0.0,0.0,0.0,0.12834960947661167,0.0,-0.0,0.018546927151325117,-0.016663354599192052,-0.05126625959242048,-0.034757132552841206,0.0,0.0
2026-05-08 00:00:00+00:00,-0.02183638853967844,-0.004629160357871532,0.0,0.0,0.0,0.0,0.01946620574629283,0.0,-2.839163471762395e-17,-0.095660090245194,-0.022691815976394046,-0.026759154266747676,0.0,-0.09850285395376315,0.0,-0.04616726599293754,0.038723900042256364,0.04585703150108233,0.0,0.0,-0.0156149696597833,0.0,0.0,0.0,0.01143553627942485,0.02162172347079397,-0.014674256355369363,0.004973597724701745,0.0,0.04324225623579276,-0.05099326056318837,0.0,0.0627916783648996,0.0,0.0,0.041541306639910014,0.0,-0.08666134434870762,0.04750810156672495,0.0,0.0,0.0,0.0,0.0,0.02978092000058285,0.0,-0.06812703510846445,0.0,0.0,0.0,0.0,0.0,0.02292347827967937,0.0,0.0,0.06611175503443632,-3.387795985382502e-18,0.0,0.040769162667377803,0.0,0.0,0.0,0.0,-0.06133899612742621,0.0,-1.9077361745036572e-17,0.0,0.0,-0.005787512848838528,0.0,0.0,0.0,0.0,0.2813877334065097,0.0,0.014693296017325712,0.05866601713799563,-0.017936905230329203,-0.10668491800170374,-0.10742777253938947,0.0,0.0
2026-05-09 00:00:00+00:00,-0.026363229245008613,-1.1485370437133974e-17,0.0,0.0,0.0,0.0,0.0211585747672548,0.0,0.00980355522055298,-0.06755596446979462,-0.01699767656123824,-0.022839614046942364,0.0,-0.13037692781278737,0.0,-0.021848564980550867,0.03739294379556107,-0.018944517047854527,0.0,0.0,-0.026542091236870555,0.0,0.0,0.0,0.024411714819986326,0.0059631404004007365,-0.008142031932231604,0.0,0.0,0.05217874394090728,-0.07262107814797335,0.0,0.048214302271024606,0.0,0.0,0.026703586318862726,0.0,-0.0717303397174926,0.038695404157619816,0.0,0.0,0.0,0.0,0.0,0.039236574900124686,0.0,0.0,0.0,0.0,0.0,0.0,0.0,0.014439712960485282,0.0,0.0,0.047852858008545954,-3.3090252122758866e-17,0.0,0.020866253670582115,0.0,0.0,0.0,0.0,-0.04313638882823471,0.0,0.0032217961775608444,0.0,0.0,0.007450807913030723,0.0,0.0,0.0,0.0,0.24614886138600792,0.0,0.04062354067806351,0.02552347424892354,-0.008363034949117136,-0.08242504080761597,-0.09199934585178235,0.0,0.0
2026-05-10 00:00:00+00:00,-0.030868906242267385,-0.013787857015841842,0.0,0.0,0.0,0.0,0.023210493005756564,0.0,0.01825388782349133,-0.08302051039228882,-0.007569387753990844,-0.035155817241795284,0.0,-0.13862828125025115,0.0,0.0,0.03983032923798926,-0.012342361778633433,0.0,0.0,-0.030987954927643915,0.0,0.0,0.0,0.002793263064845611,0.0024577373482403543,-0.03039633683316731,-0.00980392572311561,0.0,0.04372793402901427,-0.0791770957346155,0.0,0.03563591935578702,0.0,0.0,0.03271085448634098,0.0,-0.06965725022847784,0.036801508308285456,0.0,0.0,0.0,0.0,0.0,0.041748741952817935,0.0,0.0,0.0,0.0,0.0,0.0,0.0,0.007187036748959659,0.0,0.0,0.045399499756178296,-5.740664531216219e-17,0.0,0.015956475223045222,0.0,0.0,0.0,0.0,-0.057811472452725256,0.0,0.02174871248457181,0.0,0.0,0.0500586285579982,0.0,0.0,0.0,0.0,0.2806580435565469,0.0,0.07507260261665771,0.027326112431504762,-0.0183537495930878,-0.08982294527152171,-0.09319392754860752,0.0,0.0
2026-05-11 00:00:00+00:00,-0.04928543443710028,0.004682481577865477,0.0,0.0,0.0,0.0,0.02294171547459836,0.0,0.005771387435568893,-0.07380718088353738,-0.017386546750254566,-0.046515990585533656,0.0,-0.14291455495297736,0.0,0.005612651790925612,0.06827966955915507,-0.028736953640232446,0.0,0.0,-0.05661274196512776,0.0,0.0,0.0,0.009940337261504473,0.022981354565500274,-0.052460419179339135,-0.013756428246969654,0.0,0.0714527507653425,-0.1370084651093478,0.0,-0.0,0.0,0.0,0.02847079550480666,0.0,-0.025437178183952303,0.025508396707709803,0.0,0.0,0.0,0.0,0.0,0.06277390172745319,0.0,0.06143872422029483,0.0,0.0,0.0,0.0,0.0,-0.004874981184234377,0.0,0.0,0.036886121389120265,-0.001460196295398906,0.0,0.0183007851045648,0.0,0.0,0.0,0.0,-0.037091638212752215,0.0,0.042310598390889284,0.0,0.0,0.05535495433416783,0.0,0.0,0.0,0.0,0.23671338933139693,0.0,0.09171331489517537,0.031696942368082875,-0.03471343961911222,-0.10119896227819813,-0.07956916088005428,0.0,0.0
2026-05-12 00:00:00+00:00,-0.04574562026260973,0.01084677410720427,0.0,0.0,0.0,0.0,0.024868833204615134,0.0,0.004346344829672283,1.871981913384273e-18,-0.020108822831765162,-0.04362506450834434,0.0,-0.1634471733135471,0.0,0.06633832178181005,0.058690080590641125,-0.03999895224462538,0.0,0.0,-0.054810640965110555,0.0,0.0,0.0,0.07250138377616763,0.01560783178098071,-0.05599552494033368,-0.015262820019229734,0.0,0.04015031899174831,-0.1343215342070537,0.0,-0.0,0.0,0.0,0.01936756991217412,0.0,3.532554968108169e-18,0.026073207986054066,0.0,0.0,0.0,0.0,0.0,0.04477248802430838,0.0,-0.07348349503372434,0.0,0.0,0.0,0.0,0.0,-0.0014028200328672275,0.0,0.0,0.025631081927126282,-0.005333783287328678,0.0,-0.0036079750060675903,0.0,0.0,0.0,0.0,-0.0367293447606516,0.0,0.07116837944672287,0.0,0.0,0.05102277244983036,0.0,0.0,0.0,0.0,0.22063236680626816,0.0,0.08169496915755108,0.032566649102539376,-0.03586531519231503,-0.0802073121839938,-0.05633317508584663,0.0,0.0
2026-05-13 00:00:00+00:00,-0.02985401421408808,0.002426257738439915,0.0,0.0,0.0,0.0,0.019260518225296324,0.0,0.00573592918655652,0.07018024320899613,-0.01506329679210104,-0.03413411799827533,0.0,-0.1359267105876917,0.0,0.07510776580707865,0.02381276020052728,-0.006957700284474285,0.0,0.0,-0.02552475265770908,0.0,0.0,0.0,0.05968660646927405,0.0076123525270312235,-0.04071754945031138,-0.015385650883127534,0.0,0.00977735695920349,-0.0936636649565649,0.0,0.007744938832017133,0.0,0.0,0.0,0.0,-0.02525014969844633,0.012475583768648577,0.0,0.0,0.0,0.0,0.0,0.02543953464276356,0.0,-0.009291561180033252,0.0,0.0,0.0,0.0,0.0,0.022321433969566346,0.0,0.0,0.02561531591089291,-0.02097829471947167,0.0,-0.015055080791103381,0.0,0.0,0.0,0.0,-0.049483959189338775,0.0,0.05035781163368436,0.0,0.0,0.03607725789185117,0.0,0.0,0.0,0.0,0.1371828232292733,0.0,0.053291435373380804,0.019854681362534172,-0.017029786585866298,-0.06480655351774395,-0.06483776343066892,0.0,0.0
2026-05-14 00:00:00+00:00,-0.00546615399526577,-0.001189472230112109,0.0,0.0,0.0,0.0,0.007984000245399251,0.0,0.00488888566810221,0.02515989967832847,-0.0,-0.021079209177548786,0.0,-0.0824154873443926,0.0,0.06543697227879376,0.009674317342767273,-0.0050462148830543955,0.0,0.0,-0.005913125472225429,0.0,0.0,0.0,0.027880890015537927,0.014952193084808755,-0.008071179644774466,-0.014804773626326706,0.0,0.002231175933211738,-0.065484845565076,0.0,-0.003992669098034269,0.0,0.0,-0.0,0.0,0.006125247815284169,0.0012988051042932788,0.0,0.0,0.0,0.0,0.0,0.028706639986695422,0.0,-0.015117654949298044,0.0,0.0,0.0,0.0,0.0,0.011674806105288284,0.0,0.0,0.011731525560825644,-0.0304150734302172,0.0,-0.008130917577531854,0.0,0.0,0.0,0.0,-0.04303200177000016,0.0,0.012007645884334847,0.0,0.0,0.026179591961964586,0.0,0.0,0.0,0.0,0.09694356428841597,0.0,0.02659960568607772,-1.7916836444227597e-17,-0.005407418823685828,-0.04069521800000418,-0.023214351052581492,0.0,0.0
2026-05-15 00:00:00+00:00,-0.011549582305790038,0.01114100268306828,0.0,0.0,0.0,0.0,-0.0021629179219685296,0.0,-0.009497143650749827,0.02414361027889408,0.009886685748476213,-0.0252977343968376,0.0,-0.09243150228449118,0.0,0.06156269511710402,-9.130881090013625e-19,0.014339676727562811,0.0,0.0,-0.014751899263014413,0.0,0.0,0.0,0.02733590540802363,0.02160770214329739,0.0011870123835346722,-0.017967133325376704,0.0,0.016630379775969092,-0.06810304284260155,0.0,-0.014773281799722343,0.0,0.0,-0.008690233994858418,0.0,0.021791675649673978,-0.017474833218845336,0.0,0.0,0.0,0.0,0.0,0.03468193573238349,0.0,-0.004791999611260899,0.0,0.0,0.0,0.0,0.0,0.004898561672637895,0.0,0.0,-9.830228503609574e-19,-0.025907461269883768,0.0,-0.010606865047377173,0.0,0.0,0.0,0.0,-0.030093730335623577,0.0,0.016128339848408505,0.0,0.0,0.018384898112395416,0.0,0.0,0.0,0.0,0.07474164533310106,0.0,0.028301535445280874,-3.905357143532485e-18,-0.013104122417596955,-0.03289643736763427,0.013336658993821157,0.0,0.0
2026-05-16 00:00:00+00:00,-0.001466431346813932,0.006559892202142651,0.0,0.0,0.0,0.0,-0.009877866702700038,0.0,-0.010061219631315003,0.004160019131996852,-0.0032647458384580078,-0.014823921967469508,0.0,-0.056344254726558546,0.0,0.04502948431814918,-0.003987764540642635,0.009990492141872852,0.0,0.0,0.0037988629342980327,0.0,0.0,0.0,0.017779149152710897,0.018027256400808038,0.0010232537951358064,5.2131215373283156e-18,0.0,0.01267570424895427,-0.03686559210472656,0.0,-0.006874697303374213,0.0,0.0,-0.007914540456025751,0.0,0.015610999263659622,-0.010986467496394483,0.0,0.0,0.0,0.0,0.0,0.02008440749485496,0.0,0.006028771496067291,0.0,0.0,0.0,0.0,0.0,0.006313582288225105,0.0,0.0,-5.758366486509773e-19,-0.030990020425459515,0.0,-0.020460440438169004,0.0,0.0,0.0,0.0,-0.031489327398153924,0.0,0.009919913617193302,0.0,0.0,0.01911897839214452,0.0,0.0,0.0,0.0,0.06334049178094228,0.0,0.020399631104355963,-0.0028637626667161764,-0.008471069284264774,-0.02449879937229175,0.0013800319360221906,0.0,0.0
2026-05-17 00:00:00+00:00,-0.0011267343472598015,-0.0,0.0,0.0,0.0,0.0,-0.012433514872596918,0.0,-0.011580028813338136,0.017539360807968658,-0.008471360438878243,-0.005971413326222244,0.0,-0.04376599709926432,0.0,0.03171022762210074,-0.00591440564061493,0.0111592733183519,0.0,0.0,0.01172303529368198,0.0,0.0,0.0,0.00907140825739774,0.010868660256223522,0.0,0.0,0.0,0.01412849989279525,-0.02378721600925826,0.0,-0.0012784581380071408,0.0,0.0,-0.0013747925517276968,0.0,0.012816448458919728,-0.002364730587844418,0.0,0.0,0.0,0.0,0.0,0.011708378186225797,0.0,0.002423423591029167,0.0,0.0,0.0,0.0,0.0,0.00877169141987439,0.0,0.0,-0.0,-0.03229400380526858,0.0,-0.0220207330263638,0.0,0.0,0.0,0.0,-0.030450548732235294,0.0,-0.0009551446759362831,0.0,0.0,0.016870792473211937,0.0,0.0,0.0,0.0,0.05471313619913978,0.0,0.01175872952381796,-0.001407341452790104,-0.0027224075837952734,-0.019695746487151552,0.002351512287814478,0.0,0.0
2026-05-18 00:00:00+00:00,-0.0,-0.002456514540589031,0.0,0.0,0.0,0.0,-0.008338423387242626,0.0,-0.006444914699397932,0.018049580385642788,-0.0039474535439414935,0.0,0.0,-0.04298341507509975,0.0,0.030808587497186977,-0.005291058243887021,0.008273217585429158,0.0,0.0,0.011477908152108307,0.0,0.0,0.0,0.0062020743034309316,0.011493982925952472,1.877718971801166e-18,0.0,0.0,0.012315013383633956,-0.032595061599773406,0.0,0.0056307616745914935,0.0,0.0,0.003808140028471775,0.0,0.007751132015484376,0.003692911627837552,0.0,0.0,0.0,0.0,0.0,0.01205079454234337,0.0,-0.020898690109676748,0.0,0.0,0.0,0.0,0.0,0.012111072047901501,0.0,0.0,0.004299463709177461,-0.03448227922432933,0.0,-0.018347350866493046,0.0,0.0,0.0,0.0,-0.029970795237463255,0.0,-0.0048337754005960635,0.0,0.0,0.017169643119301695,0.0,0.0,0.0,0.0,0.059854396850265904,0.0,0.012815406121312307,-1.36028732018752e-18,-0.0030492761467493953,-0.024165077894832934,0.0,0.0,0.0
2026-05-19 00:00:00+00:00,-0.001597385719091034,-0.004456296359228967,0.0,0.0,0.0,0.0,-0.003937974185493169,0.0,-0.00522605295596197,0.019020978239609986,-0.004823488302213642,0.0,0.0,-0.04041657621319056,0.0,0.02488934258046009,-0.006683293358163155,-0.005220051096738946,0.0,0.0,0.013912683312944329,0.0,0.0,0.0,-3.60747893808794e-18,0.006153022990651091,0.0,0.0,0.0,0.015845803708176044,-0.02898980700323435,0.0,0.007709879094261736,0.0,0.0,0.009563888414402004,0.0,0.007625003157262275,0.0052079305364188255,0.0,0.0,0.0,0.0,0.0,0.011647814467199182,0.0,-0.019344960564399428,0.0,0.0,0.0,0.0,0.0,0.014018330751147527,0.0,0.0,0.005458148476323778,-0.035258156589457856,0.0,-0.016152245002976528,0.0,0.0,0.0,0.0,-0.03183692945226484,0.0,-0.005877451717334948,0.0,0.0,0.01977075275771101,0.0,0.0,0.0,0.0,0.06326813919555163,0.0,0.02146108792354725,-0.00036860862226628405,-0.00014554440326385317,-0.02619986698580172,-0.009018117074585543,0.0,0.0
2026-05-20 00:00:00+00:00,-0.004655370758558237,-0.002369115599331396,0.0,0.0,0.0,0.0,-0.0029078228913168155,0.0,-0.005547421463648212,0.019605113859502168,-0.0035763684621723684,5.16215093571389e-18,0.0,-0.03879471543438702,0.0,0.026613530726968662,-0.0055911332262172705,0.0036971046883848974,0.0,0.0,0.013264924437919856,0.0,0.0,0.0,-4.2133090017372604e-18,0.0029099317102007105,-0.015435123902130157,0.0,0.0,0.02428243908966388,-0.029007925805709624,0.0,0.008757197375118217,0.0,0.0,0.007589679062326035,0.0,0.004928554031741133,0.001698398243526075,0.0,0.0,0.0,0.0,0.0,0.007699562385576129,0.0,-0.012770422016412984,0.0,0.0,0.0,0.0,0.0,0.014226008389032234,0.0,0.0,0.0062177721195686535,-0.03384311909454522,0.0,-0.015412873459611103,0.0,0.0,0.0,0.0,-0.032552826231142085,0.0,-0.007137363364814166,0.0,0.0,0.020338821910446333,0.0,0.0,0.0,0.0,0.06557166993030782,0.0,0.01793765848478606,-0.0001388406655024417,-0.0,-0.023954133401667025,-0.011643790667902758,0.0,0.0
2026-05-21 00:00:00+00:00,-0.0036858629412119706,-0.0069355899001492605,0.0,0.0,0.0,0.0,-4.073554105561805e-18,0.0,-0.015995792969678048,0.020306119511674374,0.004629986027309314,3.6382961888296986e-18,0.0,-0.04334037016677308,0.0,0.022671709224325043,-0.0032013711917435778,0.0071389539045670115,0.0,0.0,0.006961382487869698,0.0,0.0,0.0,0.0066437456760521044,-0.007361940575193348,-0.015585103109038953,7.84647081142524e-18,0.0,0.02100874466130654,-0.03788706058982114,0.0,0.00733884213691483,0.0,0.0,0.005026556948095937,0.0,-0.002995157989742916,-4.930112195684597e-19,0.0,0.0,0.0,0.0,0.0,0.015507270992626776,0.0,-0.0252561952458316,0.0,0.0,0.0,0.0,0.0,0.016607339151706733,0.0,0.0,0.004704328629964523,-0.03278607080885877,0.0,-0.014544684770547014,0.0,0.0,0.0,0.0,-0.03216598787464158,0.0,0.006934840831118583,0.0,0.0,0.020255031077655142,0.0,0.0,0.0,0.0,0.08388036489332597,0.0,0.02928319543902814,-0.0027080932011835867,0.011053661763467929,-0.034709989325638256,-0.010792802696955612,0.0,0.0
2026-05-22 00:00:00+00:00,-0.0081870605962801,-0.01194616387928763,0.0,0.0,0.0,0.0,0.006468564230249359,0.0,-0.014727367972430063,0.02344769093591294,0.0068393406093940675,0.0,0.0,-0.045579118858716024,0.0,0.03398639743974328,-0.0007933328545181795,-0.002654724542525689,0.0,0.0,0.002832218997606989,0.0,0.0,0.0,0.006229702322670698,0.002680892379705081,1.3660353003299438e-17,0.0,0.0,0.013872928845740389,-0.04073722564140243,0.0,0.010648908823471389,0.0,0.0,0.0028008632893631725,0.0,-0.004011681041712481,-0.0,0.0,0.0,0.0,0.0,0.0,0.01070915081766911,0.0,-0.034566733367259767,0.0,0.0,0.0,0.0,0.0,0.016532258215086578,0.0,0.0,0.0044278460849497565,-0.033933472099756674,0.0,-0.013886976071046204,0.0,0.0,0.0,0.0,-0.03745464708670961,0.0,0.007614205654468799,0.0,0.0,0.02384189199800805,0.0,0.0,0.0,0.0,0.08490573818234343,0.0,0.02742787734128629,-7.733355783202373e-18,0.02338809697300322,-0.038012203659971724,-0.022163865469055997,0.0,0.0
2026-05-23 00:00:00+00:00,-0.009388520249194569,-0.021881072312093117,0.0,0.0,0.0,0.0,-3.556486535559009e-18,0.0,-0.02194353354371523,0.04079921588721269,4.7996118649902375e-05,0.0045541866580315095,0.0,-0.05395204879598462,0.0,0.04461074597854299,-0.00827534627374924,-0.030633031277217695,0.0,0.0,-0.0027196150912742333,0.0,0.0,0.0,0.0043180708930555395,0.003943764021458187,0.0054147200393535955,0.011229388804116782,0.0,0.010610955671662403,-0.0637289558708579,0.0,0.005695411021499806,0.0,0.0,0.0018549134871545423,0.0,-0.008732487428735496,0.0025054392741165428,0.0,0.0,0.0,0.0,0.0,0.003366016420126835,0.0,-0.050522198593157014,0.0,0.0,0.0,0.0,0.0,0.021637067991744467,0.0,0.0,0.005680518902743838,0.03592452228367715,0.0,-0.024699441759811844,0.0,0.0,0.0,0.0,-0.04582138721813453,0.0,-0.0029926590404681045,0.0,0.0,0.021024032334944022,0.0,0.0,0.0,0.0,0.14006507366755613,0.0,0.019527285341395414,0.003352924661985223,0.027754553334198004,-0.04256205710331083,-0.026064448235521155,0.0,0.0
2026-05-24 00:00:00+00:00,-0.006692485252994347,-0.01784222088887324,0.0,0.0,0.0,0.0,0.0065864590746726815,0.0,-0.0201908897647102,0.026701493641884472,0.016012244668815408,0.0,0.0,-0.05042751045446612,0.0,0.037543584770325086,-0.0,-0.01628520916610202,0.0,0.0,-0.0198359632315951,0.0,0.0,0.0,0.014693810212021959,8.118191673533454e-05,0.019945566899002384,8.506440765491031e-19,0.0,0.019549125564235922,-0.03919083147507492,0.0,0.008163567266295222,0.0,0.0,-0.004175567541852977,0.0,0.0,0.003354456621413338,0.0,0.0,0.0,0.0,0.0,0.006374842973486735,0.0,-0.04604589876914298,0.0,0.0,0.0,0.0,0.0,0.01508505660249199,0.0,0.0,-0.0,-0.03324752667732964,0.0,-0.014958008026981943,0.0,0.0,0.0,0.0,-0.03586814394547955,0.0,-4.026429328633023e-19,0.0,0.0,0.02454989393201364,0.0,0.0,0.0,0.0,0.09039819072630739,0.0,0.017045379271213648,0.010895956466780689,0.03224477390361,-0.02471846680049193,-0.01974686251621092,0.0,0.0
2026-05-25 00:00:00+00:00,-0.009879900458930583,-0.016203638353592176,0.0,0.0,0.0,0.0,0.003115608783372225,0.0,-0.01649786456665246,0.01596935699471518,0.009091136261649412,0.0,0.0,-0.04683665693993016,0.0,0.049125032232865004,-0.0,0.009562527110550072,0.0,0.0,-0.01748778105694731,0.0,0.0,0.0,0.015917371086505566,9.641254791126377e-18,0.0023796218996658697,9.34122349947857e-18,0.0,0.019915474458367066,-0.02590788444575694,0.0,0.01291980123763446,0.0,0.0,-0.0065386213165268365,0.0,-0.013254019105026606,0.008809575102648059,0.0,0.0,0.0,0.0,0.0,-0.0,0.0,-0.04395737002153067,0.0,0.0,0.0,0.0,0.0,0.012501307255012294,0.0,0.0,0.008101148218282709,-0.031993618072650484,0.0,-0.012299114594799527,0.0,0.0,0.0,0.0,-0.03611571355616692,0.0,-3.712207164584668e-19,0.0,0.0,0.02071566639766368,0.0,0.0,0.0,0.0,0.09080153283469286,0.0,0.009943694234873266,-4.00069484213893e-18,0.030672667252038505,-0.021088855798708766,-0.021480483073316882,0.0,0.0
2026-05-26 00:00:00+00:00,-0.024284683939301124,-0.02985465668778694,0.0,0.0,0.0,0.0,0.01031581564193827,0.0,-0.024982832366085735,0.02748083806552838,0.008251059440894095,-0.021843731561867405,0.0,-0.05740880909263981,0.0,0.07052156341930911,-0.0025911837880791544,0.012109426445703874,0.0,0.0,-0.019784817011428504,0.0,0.0,0.0,-0.008792799043954134,0.006339368507150433,0.014799662064498034,0.0076738261775922256,0.0,0.01992380271502688,-0.03917232459924456,0.0,0.013353907405253388,0.0,0.0,-0.0013751465763313301,0.0,-0.026942252706855394,0.008700804458298362,0.0,0.0,0.0,0.0,0.0,0.002627189043836573,0.0,-0.05045088569212564,0.0,0.0,0.0,0.0,0.0,0.01425785931185954,0.0,0.0,0.010348460142440367,0.03670744642159429,0.0,-0.02436893474289326,0.0,0.0,0.0,0.0,-0.0520631888031808,0.0,-0.011537989520222539,0.0,0.0,0.010670189889017469,0.0,0.0,0.0,0.0,0.13145670740445675,0.0,-0.007657123280203474,0.011612806483626354,0.025760896328225494,-0.009877400877933887,-0.02992286907611625,0.0,0.0
2026-05-27 00:00:00+00:00,-0.010969754786872895,-0.02360662035660718,0.0,0.0,0.0,0.0,0.012127541672857841,0.0,-0.011876457610234625,0.02547938013207292,0.005056613984923951,-0.009763472383504812,0.0,-0.04175200478717422,0.0,0.051661715179501334,-6.739477477611036e-19,-0.016514011777976078,0.0,0.0,-0.01806192486781065,0.0,0.0,0.0,-0.009382393917312286,0.001322199161331935,0.014054405189559738,0.009466891697597518,0.0,0.0,-0.03953660352284223,0.0,0.013074617246213461,0.0,0.0,0.003975193233519966,0.0,-0.02016721237104504,0.00785063143788972,0.0,0.0,0.0,0.0,0.0,0.002108314217030258,0.0,-0.0454896084515282,0.0,0.0,0.0,0.0,0.0,0.010699842097115672,0.0,0.0,0.009660741952284642,0.03497906961607365,0.0,-0.022148616971556134,0.0,0.0,0.0,0.0,-0.03720075717960304,0.0,-0.009401083951006785,0.0,0.0,0.005934798096458586,0.0,0.0,0.0,0.0,0.11290430871459521,0.0,-0.006216974987924667,0.01464321836162748,0.015828640691388885,-0.008293835801114719,-0.020446788957929115,0.0,0.0
2026-05-28 00:00:00+00:00,-0.02047930270454778,-0.0164472405626315,0.0,0.0,0.0,0.0,0.012194789242150145,0.0,-0.005893750040194452,0.025680344461841316,0.0005868866464484658,-0.0031514099928796964,0.0,-0.03820529484731048,0.0,0.04686046942215177,-0.0038427839076296865,-0.02788391759381117,0.0,0.0,-0.014049924226358293,0.0,0.0,0.0,-0.009778542244541553,0.0,0.013010057480477337,0.009505690185706241,0.0,-0.0008610894990543912,-0.049028531472475684,0.0,0.013505734276752175,0.0,0.0,0.0030512194427451044,0.0,-0.017770827789483072,0.009808795018527345,0.0,0.0,0.0,0.0,0.0,-0.004593739788258143,0.0,-0.028316540087969518,0.0,0.0,0.0,0.0,0.0,0.012935223782727318,0.0,0.0,0.009629498176145272,0.03383466390337016,0.0,-0.022351407124250006,0.0,0.0,0.0,0.0,-0.038021156500204885,0.0,-0.008342907997217692,0.0,0.0,0.006029712092350117,0.0,0.0,0.0,0.0,0.09803951668460122,0.0,-0.009339677394863055,0.010199370216766777,0.016890294323208845,0.01866277822042485,-0.02206699980271336,0.0,0.0
2026-05-29 00:00:00+00:00,-0.0320391759769874,-0.025237830310080957,0.0,0.0,0.0,0.0,0.03221463519875488,0.0,-6.980019314381901e-18,0.04642525304079116,-0.003879594795574006,0.0,0.0,-0.06355701361496377,0.0,0.04334251916167097,-0.00682717620404237,-0.06862366168649076,0.0,0.0,-0.031095127692657477,0.0,0.0,0.0,-0.008594412123546212,0.0,0.011424942158732814,0.020741840030982645,0.0,-0.007696608408078125,-0.08224227693159453,0.0,0.035895836960795464,0.0,0.0,0.012178125694631536,0.0,0.05575308868117857,0.03631581528900508,0.0,0.0,0.0,0.0,0.0,-0.017410498420421975,0.0,-0.05464209476707556,0.0,0.0,0.0,0.0,0.0,0.036504029466114064,0.0,0.0,0.03750671437432956,-2.4262354096576982e-17,0.0,-0.03396913289212574,0.0,0.0,0.0,0.0,-0.07037753369285922,0.0,-0.007463400777578368,0.0,0.0,0.026530026509140943,0.0,0.0,0.0,0.0,0.05666585727123478,0.0,-0.010171711936065038,0.035776999460768226,0.043351165075120414,0.02412765456530663,-0.0309272527084163,0.0,0.0
2026-05-30 00:00:00+00:00,-0.01830464489076003,-0.03529474517688438,0.0,0.0,0.0,0.0,0.033052537501986855,0.0,-0.0141199425559626,0.04302778232247509,-0.007112732208547599,0.01374296245418668,0.0,-0.06586033114913194,0.0,0.08121345291771098,-0.01737113455452192,-0.05689133346347885,0.0,0.0,-0.047903487480544925,0.0,0.0,0.0,-0.00900411995543758,-0.03079225686237858,-0.007234017161170378,0.03256354837657583,0.0,-0.0212253358840234,-0.06948734872788372,0.0,0.03146569804303171,0.0,0.0,0.016765844193139437,0.0,0.07873288688992555,0.029906294011514293,0.0,0.0,0.0,0.0,0.0,-0.003972285349544725,0.0,-0.039880130129329755,0.0,0.0,0.0,0.0,0.0,0.039474166086676706,0.0,0.0,0.02513976752811223,-0.0,0.0,-0.039650064036256476,0.0,0.0,0.0,0.0,-0.06693624785378428,0.0,0.010994024728722731,0.0,0.0,0.0,0.0,0.0,0.0,0.0,0.008059178496445179,0.0,-0.02172080413619527,0.04304342494527005,0.03936522435007278,0.03116339049248818,0.015050778237502139,0.0,0.0
2026-05-31 00:00:00+00:00,-0.019349255001338366,-0.022643700386108207,0.0,0.0,0.0,0.0,0.0268223617089591,0.0,-0.01428006845141501,0.026578749197190582,-0.003828828509913535,0.019979508337600947,0.0,-0.06558653116384844,0.0,0.09352196974325455,-0.021847597693273702,-0.0730804222007357,0.0,0.0,-0.04572032362721376,0.0,0.0,0.0,-0.009791019190100251,-0.02981040271134976,-0.017515230588380264,0.033066985261717856,0.0,-0.02761431872892926,-0.09034052771083848,0.0,0.03482042637758283,0.0,0.0,0.01510669968780902,0.0,0.07009394084663696,0.03014854220657108,0.0,0.0,0.0,0.0,0.0,0.017431465970744676,0.0,-0.03245507923708366,0.0,0.0,0.0,0.0,0.0,0.0322841932423872,0.0,0.0,0.023139206479576607,-0.0,0.0,-0.038199105940559384,0.0,0.0,0.0,0.0,-0.034486845576090434,0.0,0.011509861101569244,0.0,0.0,-0.0,0.0,0.0,0.0,0.0,0.009788721956153783,0.0,-0.02741339168644983,0.046931014227075685,0.04148464991634088,0.02835507144783601,0.012899280694621094,0.0,0.0
2026-06-01 00:00:00+00:00,-0.032279955395931204,-0.023518091871485482,0.0,0.0,0.0,0.0,0.03250191498936934,0.0,-0.011805832908305716,0.011392011829398302,0.018507023337677835,0.017156870192037755,0.0,-0.05916437550438271,0.0,0.08967195234904766,-0.014327731038727852,-0.09182975378717556,0.0,0.0,-0.03299472228702601,0.0,0.0,0.0,-0.0010644941260022263,-0.03464083914701769,-0.011463793923679811,0.03365341360678383,0.0,-0.031214823200259614,-0.08773447051921855,0.0,0.026139472012825255,0.0,0.0,0.026214663548999047,0.0,0.07087563445358686,0.02901412348473746,0.0,0.0,0.0,0.0,0.0,0.014228056154978774,0.0,-0.02430566971985929,0.0,0.0,0.0,0.0,0.0,0.033086086902125306,0.0,0.0,0.01564233125742406,-0.0,0.0,-0.032400560110880695,0.0,0.0,0.0,0.0,-0.018664085901576918,0.0,0.0006046188864190213,0.0,0.0,-0.0008808233490732362,0.0,0.0,0.0,0.0,0.01576689656577029,0.0,-0.029234564929090275,0.048600907657961136,0.03771700746793923,0.031362050022265,-0.014610446999653274,0.0,0.0
2026-06-02 00:00:00+00:00,-0.040048058346289474,-0.03011589710711906,0.0,0.0,0.0,0.0,0.025316143882949352,0.0,-0.01362179638620869,-0.008304729313881138,0.01912314467420899,0.015579367708089644,0.0,-0.04903865784134229,0.0,0.09456167770111165,-0.009952641988206286,-0.0890592052733418,0.0,0.0,-0.006609732913491427,0.0,0.0,0.0,-0.002144273448638511,0.013344155638793096,-0.018777506445371735,0.0319793104435846,0.0,-0.028419275486059433,-0.0757887895925357,0.0,0.028766684290013146,0.0,0.0,0.013064013678050962,0.0,0.06933269743555585,0.032191726994297086,0.0,0.0,0.0,0.0,0.0,0.004673934188381993,0.0,-0.036382551175389875,0.0,0.0,0.0,0.0,0.0,0.032100795393380864,0.0,0.0,0.01831084455332421,0.006429446399948617,0.0,-0.026930445134580403,0.0,0.0,0.0,0.0,-0.006536419472869972,0.0,-0.004991852046812794,0.0,0.0,-0.005011103033374497,0.0,0.0,0.0,0.0,-0.011265511076558096,0.0,-0.023605186182677453,0.042845065728671854,0.03396263172502487,0.03429479594411494,-0.0292728041147532,0.0,0.0
2026-06-03 00:00:00+00:00,-0.03584310027334319,-0.028913994006482296,0.0,0.0,0.0,0.0,0.00408236174938148,0.0,-0.009214458377207656,-0.0008748038977524912,-0.0071193364218144674,0.02858395785253547,0.0,-0.04329379782276551,0.0,0.07256769701731293,-0.010150812016533617,-0.0697011778330638,0.0,0.0,-0.005976378825565724,0.0,0.0,0.0,0.020919266120611447,-0.005090006737443977,-0.013889381521815545,0.030735371252094006,0.0,-0.020982983021046092,-0.059878715333216294,0.0,0.02480709330886928,0.0,0.0,0.018006122267327337,0.0,0.06372591384245016,0.03718075268300825,0.0,0.0,0.0,0.0,0.0,-0.0009441671021555173,0.0,-0.04004145871068382,0.0,0.0,0.0,0.0,0.0,0.041157326311368224,0.0,0.0,0.030467941124894957,0.003253339265828902,0.0,-0.024180122192599816,0.0,0.0,0.0,0.0,-0.01024907350953593,0.0,-0.017705826072003182,0.0,0.0,0.007306526036132387,0.0,0.0,0.0,0.0,-0.028576928560451683,0.0,-0.012947745570818577,0.026715910398801876,0.030011847827648885,0.03285777042477492,-0.02680492967674136,0.0,0.0
2026-06-04 00:00:00+00:00,-0.022241276405273038,-0.03325467240319704,0.0,0.0,0.0,0.0,-0.0021103942885390735,0.0,-0.004269857062611125,0.006153936797987514,-0.01816227584118866,0.0198651855045165,0.0,-0.032783251136381274,0.0,0.04466316186600115,-0.00438529474347222,-0.05603255293123763,0.0,0.0,-0.0028927936658163303,0.0,0.0,0.0,0.01995890126043326,-0.01587054955305373,-0.002239135512903813,0.025778140277632894,0.0,-0.007032877733910083,-0.05083019002903435,0.0,0.022706923377393294,0.0,0.0,0.014201279952411026,0.0,0.04334667879159618,0.030653653265264716,0.0,0.0,0.0,0.0,0.0,-0.005466805955913943,0.0,-0.02867794698044769,0.0,0.0,0.0,0.0,0.0,0.03400930806363366,0.0,0.0,0.028661170568292437,0.006793818268378029,0.0,-0.02116447361641651,0.0,0.0,0.0,0.0,-0.008317535274395261,0.0,-0.026526581637416627,0.0,0.0,0.006156858904389657,0.0,0.0,0.0,0.0,-0.018897503045628837,0.0,-0.009304812663066422,0.04281208486561782,0.02116419542653904,0.02626106415312251,-0.022725580863305856,0.0,0.0
2026-06-05 00:00:00+00:00,-0.011642771835890412,-0.031189159976777382,0.0,0.0,0.0,0.0,-0.002872730591338103,0.0,0.0021434069459303905,0.026472867561607206,-0.02216742271404421,0.004796559900658762,0.0,-0.02966613405942705,0.0,0.046094219169900766,-0.0010326299119238255,-0.053660109575225254,0.0,0.0,-0.004261316586027892,0.0,0.0,0.0,0.019037690114772278,-0.02155893364887849,-0.01373726548122259,0.02520505014792978,0.0,-0.015069650430936544,-0.048674649096389445,0.0,0.02406835479957849,0.0,0.0,0.013555236797003292,0.0,0.0401879338952159,0.02710197761596237,0.0,0.0,0.0,0.0,0.0,-0.010583606595629258,0.0,-0.027999048369288966,0.0,0.0,0.0,0.0,0.0,0.022822560120897523,0.0,0.0,0.025221642287668537,0.016715186033648924,0.0,-0.023135184106051383,0.0,0.0,0.0,0.0,-0.009338146222261909,0.0,-0.02705789259412524,0.0,0.0,0.01044936637271849,0.0,0.0,0.0,0.0,0.011771221199227964,0.0,-0.006286811307873066,0.021057372774761475,0.019699754164585408,0.02392059524253575,-0.020387532041292268,0.0,0.0
2026-06-06 00:00:00+00:00,-0.015289870174848431,-0.028986917778717723,0.0,0.0,0.0,0.0,-0.0014656446942845215,0.0,-0.0027660188159769152,0.02073525366984878,-0.017682883165392245,0.0044132707373164505,0.0,-0.027516455967662282,0.0,0.04763686584501761,-0.0027405877614984082,-0.05793802956832625,0.0,0.0,0.0058854277304147915,0.0,0.0,0.0,0.022597543530999332,-0.02186005090904567,-0.01390151496670817,0.022240933600401996,0.0,-0.020533813885023924,-0.03920108289553992,0.0,0.018222439683655903,0.0,0.0,0.008315302816794351,0.0,0.03077767386622473,0.026223979711694174,0.0,0.0,0.0,0.0,0.0,-0.012170784234198364,0.0,-0.024057660589707427,0.0,0.0,0.0,0.0,0.0,0.023499697826186813,0.0,0.0,0.02144322106262844,0.02103329077899413,0.0,-0.02131640379899933,0.0,0.0,0.0,0.0,-0.0157795823002292,0.0,-0.030688413536381638,0.0,0.0,0.01602423022685735,0.0,0.0,0.0,0.0,0.028597479317981806,0.0,-0.003089308381658642,0.018033139612929225,0.019242778196087693,0.022926807169107163,-0.02086431195894178,0.0,0.0
2026-06-07 00:00:00+00:00,-0.01865551498018022,-0.02949034301187077,0.0,0.0,0.0,0.0,-0.004269751528732979,0.0,-0.003613710372377578,0.0165219646845494,-0.019977974747520826,1.4203772549168215e-17,0.0,-0.023689169763316094,0.0,0.030485175099889954,-0.005383000640735698,-0.06569001091726417,0.0,0.0,0.01311149376775927,0.0,0.0,0.0,0.030934086643819407,-0.01797286597008533,-0.01437974923771313,0.02154841088525578,0.0,-0.020647201569139902,-0.042875345223819895,0.0,0.019763409152900556,0.0,0.0,0.008724956375218182,0.0,0.04159947789284289,0.03019372759289633,0.0,0.0,0.0,0.0,0.0,-0.010738430270507911,0.0,-0.04078084385876228,0.0,0.0,0.0,0.0,0.0,0.023263033485863956,0.0,0.0,0.018618398432501352,0.020309105651948194,0.0,-0.022503347020531646,0.0,0.0,0.0,0.0,-0.014467624296171542,0.0,-0.03584248912783242,0.0,0.0,0.020166611930869095,0.0,0.0,0.0,0.0,0.05370940881374997,0.0,-0.0006717587463829958,0.01982481943640134,0.018349338529377188,0.026507241767692643,-0.021981528860590127,0.0,0.0
2026-06-08 00:00:00+00:00,-0.018586384619195612,-0.04235523292551904,0.0,0.0,0.0,0.0,-0.030192294934722957,0.0,-0.03978148611511077,0.043113119343333416,-0.039281985455887986,-0.007477405561120316,0.0,-0.029830288802816556,0.0,0.04793090656203428,-0.013139059110252042,-0.060432151858449384,0.0,0.0,0.0027192611925223576,0.0,0.0,0.0,0.04607562061466045,0.005209894676688815,-0.026913594066379873,0.032953753941962476,0.0,-0.030778898707841066,-0.008532960117159016,0.0,0.021389718559062396,0.0,0.0,-0.011446182425925308,0.0,0.04197109806946207,0.036122639352351125,0.0,0.0,0.0,0.0,0.0,0.018679247170778037,0.0,-0.05879034208316584,0.0,0.0,0.0,0.0,0.0,0.02963366269620724,0.0,0.0,-0.0021309754630815165,0.02668537819163901,0.0,-0.025006996174216808,0.0,0.0,0.0,0.0,-0.021069042067350306,0.0,-0.02333218907410656,0.0,0.0,0.02465435159542954,0.0,0.0,0.0,0.0,0.03801972567210506,0.0,-0.011013068438704187,0.03099462845666629,0.022192260148987557,0.02795685778526373,0.0037884139718512254,0.0,0.0
2026-06-09 00:00:00+00:00,-0.018126227423217907,-0.029357571781247708,0.0,0.0,0.0,0.0,-0.029369811702209786,0.0,-0.05054219855059894,0.04544523905254635,-0.04490524755203488,-0.004718133267757775,0.0,-0.035221232976946015,0.0,0.04259976529613537,-0.017471134596356942,-0.06351386019156406,0.0,0.0,0.0054873061998282156,0.0,0.0,0.0,0.045785062070691114,0.004175416759010239,-0.0156031451445126,0.033645559290709795,0.0,-0.022945290105508723,-0.006477458620325287,0.0,0.016787221112926225,0.0,0.0,-0.01413692565674887,0.0,0.052241180364642564,0.02363348857879353,0.0,0.0,0.0,0.0,0.0,0.01752044569965453,0.0,-0.048214818633601296,0.0,0.0,0.0,0.0,0.0,0.02465157836509033,0.0,0.0,-0.014250293043728204,0.03105313969595898,0.0,-0.02267115870997043,0.0,0.0,0.0,0.0,-0.019441830669077124,0.0,-0.019256336878654873,0.0,0.0,0.02519628623656208,0.0,0.0,0.0,0.0,0.03580839850031903,0.0,-0.028848925238254924,0.022881499997408867,0.01919738099192521,0.02812020363549293,0.030842428894620876,0.0,0.0
2026-06-10 00:00:00+00:00,-0.03464402540346643,-0.03139570095884064,0.0,0.0,0.0,0.0,-0.025860848379014614,0.0,-0.04595274437358613,0.04746235435931057,-0.04072843190047948,-0.00804578658756673,0.0,-0.036970222234533716,0.0,0.048344492803346635,-0.02037785746248845,-0.05182591763430764,0.0,0.0,0.026042946692235534,0.0,0.0,0.0,0.05493985434848423,0.013654208128000516,-0.01692549706007661,0.011179958792271861,0.0,-0.022883576691288043,-0.010860041850681996,0.0,0.02217618569931995,0.0,0.0,0.0,0.0,0.04118748072898028,0.008558334105885789,0.0,0.0,0.0,0.0,0.0,0.029881720825506455,0.0,-0.03142140555157416,0.0,0.0,0.0,0.0,0.0,0.024086228284235803,0.0,0.0,-0.004184239967457164,0.03316911066690935,0.0,-0.011279247774123778,0.0,0.0,0.0,0.0,-0.020282525113459866,0.0,-0.024418104421791115,0.0,0.0,-0.003970520013181015,0.0,0.0,0.0,0.0,0.024842238875855394,0.0,-0.03541468755874588,0.02213474021321215,0.019874162943711693,0.026877619802462498,0.023029743666934742,0.0,0.0
2026-06-11 00:00:00+00:00,-0.03149166125364445,-0.025927172837288116,0.0,0.0,0.0,0.0,-0.03241823808190571,0.0,-0.05308743990390928,0.05320315978792549,-0.048140965234265864,-0.01120903570666884,0.0,-0.03082344284018217,0.0,0.06717858252691966,-0.024462977822578523,-0.02026725592480704,0.0,0.0,0.02026797544672531,0.0,0.0,0.0,0.05705927008560387,0.019425857885402402,-0.035375736940007486,0.0074410422091851095,0.0,-0.013863506631682317,0.0018389607890751695,0.0,0.007778087821987731,0.0,0.0,0.010907194242760916,0.0,0.05025782760775301,0.007262812039814259,0.0,0.0,0.0,0.0,0.0,0.030391693325911386,0.0,-0.05742565234136258,0.0,0.0,0.0,0.0,0.0,0.01881834387699869,0.0,0.0,-0.011571011552530513,0.040760258962776026,0.0,-0.022850308251934938,0.0,0.0,0.0,0.0,-0.012514655487786321,0.0,-0.020988526268587483,0.0,0.0,-0.0063381002498765025,0.0,0.0,0.0,0.0,0.04067296728785312,0.0,-0.036651988214167965,0.006237556013581124,0.01923018329837508,0.027284184368733293,0.009391717965804427,0.0,0.0
2026-06-12 00:00:00+00:00,-0.031792991363224846,-0.018973477682017466,0.0,0.0,0.0,0.0,-0.042163034632207226,0.0,-0.028850345480338314,0.06283973697977564,-0.05115924671910526,-0.009243366988298729,0.0,-0.0363942687792802,0.0,0.07147791631984618,-0.023749265814991396,-0.012043221715031681,0.0,0.0,0.031248945013183343,0.0,0.0,0.0,0.05227302561312055,0.01003567571016351,-0.03356692501696817,0.0018205184842024476,0.0,0.024499533607571854,-0.010953485420044774,0.0,0.0012037937424488679,0.0,0.0,0.04583710947132166,0.0,0.02100962366213413,0.005519989672700113,0.0,0.0,0.0,0.0,0.0,0.03337412971627621,0.0,-0.07448390542663456,0.0,0.0,0.0,0.0,0.0,0.023881783619051557,0.0,0.0,-0.011170770242376742,0.03276755151043619,0.0,-0.022437388947840062,0.0,0.0,0.0,0.0,0.002166237927777518,0.0,-0.009468165483622325,0.0,0.0,-0.007086198687573402,0.0,0.0,0.0,0.0,-0.035211163441914765,0.0,-0.03498078934146782,0.016642458661774325,0.019672908694453,0.026639153277808098,0.01081791949889247,0.0,0.0
2026-06-13 00:00:00+00:00,-0.024875352401677053,-0.0058730900167881074,0.0,0.0,0.0,0.0,-0.04069223692144452,0.0,-0.015412015209453529,0.05800120864634208,-0.04809908528229516,-0.005409952937899177,0.0,-0.03756423927960516,0.0,0.05726779268076068,-0.016029595179010207,-0.014203776109881626,0.0,0.0,0.013097152396746588,0.0,0.0,0.0,0.04788255401455926,0.02308269831040532,-0.029550737475889235,-0.005549016558481742,0.0,0.0167554971502394,-0.005019924843955894,0.0,0.006838760767168597,0.0,0.0,0.022420705489450504,0.0,-0.02687247949859986,0.013582915466356725,0.0,0.0,0.0,0.0,0.0,0.036581835281960615,0.0,-0.07073105929503816,0.0,0.0,0.0,0.0,0.0,0.014738801289301847,0.0,0.0,0.00847542545605901,0.03394693473442866,0.0,-0.012126074897560209,0.0,0.0,0.0,0.0,0.03663903970264899,0.0,-0.007382118053116706,0.0,0.0,-0.003132046488146083,0.0,0.0,0.0,0.0,-0.016970393959904073,0.0,-0.030101013281319013,0.015643911470755466,0.008103328063942341,0.008348325742621947,-0.005812678973682595,0.0,0.0
2026-06-14 00:00:00+00:00,-1.2564748191841384e-17,-0.01468643349295511,0.0,0.0,0.0,0.0,-0.027985992633226993,0.0,-0.016227198797422234,0.05657479794440733,-0.0487941837713569,-0.001982185053794352,0.0,-0.03660274015106473,0.0,0.025229814173256013,-0.01280937105786926,-0.025200702094371235,0.0,0.0,-0.0005858620543153905,0.0,0.0,0.0,0.04728626177269449,0.021211951531412122,-0.027630326771415442,-0.009873399456350875,0.0,-0.007125588785581268,-0.004681808632164257,0.0,0.008903920481735961,0.0,0.0,0.013553601898755215,0.0,-0.022798975990808018,0.02127889859988157,0.0,0.0,0.0,0.0,0.0,0.02638286776709685,0.0,-0.025618688615384442,0.0,0.0,0.0,0.0,0.0,0.019107828929186225,0.0,0.0,0.03776699722670305,0.026425708619707104,0.0,-0.01122245031784784,0.0,0.0,0.0,0.0,0.05325344075580425,0.0,0.016827070059270796,0.0,0.0,-0.004778721441021092,0.0,0.0,0.0,0.0,-0.052443468634289184,0.0,-0.03663107622521737,0.006012601844156305,0.013567164272200321,0.0070531434259364315,-0.01275689532574799,0.0,0.0
2026-06-15 00:00:00+00:00,-0.0018047907366464033,-0.001505750996412986,0.0,0.0,0.0,0.0,-0.027866081783295173,0.0,-0.0205976856866615,0.053721596583056794,-0.04352900940437883,-0.0044421389888809485,0.0,-0.033611099409930345,0.0,0.010242703708555631,-0.0034057662742938764,-0.014421695412073275,0.0,0.0,-0.0041099296817766855,0.0,0.0,0.0,0.04177950402166731,-0.002224325511823241,-0.024050954392114278,-0.011200270086372106,0.0,-0.03233248296611413,-0.011023646354275137,0.0,0.008787479314010893,0.0,0.0,0.0171996351714561,0.0,-0.016273567463145584,0.029084700859155398,0.0,0.0,0.0,0.0,0.0,0.018411854772670575,0.0,-0.016577459458377453,0.0,0.0,0.0,0.0,0.0,0.01612703530315102,0.0,0.0,0.03344793662181702,0.028225995944492155,0.0,-0.010782644248292067,0.0,0.0,0.0,0.0,0.040293584980627226,0.0,0.018707353053640963,0.0,0.0,0.017678736407273035,0.0,0.0,0.0,0.0,-0.04662178527423098,0.0,-0.0349591057116979,0.009672363968645042,0.012323913635083497,0.005635795495490284,-2.984864191250977e-17,0.0,0.0
2026-06-16 00:00:00+00:00,0.05764008176788524,-0.04614664327759524,0.0,0.0,0.0,0.0,-0.058582529720624534,0.0,-0.04316384343401564,0.07091397575073267,-0.07730081457949008,0.0019888175070988754,0.0,-0.03190675323822272,0.0,0.008858193305236333,0.0019073045226774051,0.0032353443945395137,0.0,0.0,-0.04108091392111354,0.0,0.0,0.0,0.06664854892075242,-0.06164693867704365,-0.03262496481738352,-0.01835876202061171,0.0,0.0,0.015277292224470997,0.0,-0.010026434122395782,0.0,0.0,-0.013588834577173213,0.0,-0.006899000981272471,0.001352613224125332,0.0,0.0,0.0,0.0,0.0,0.004646305329481891,0.0,-0.019567210381501905,0.0,0.0,0.0,0.0,0.0,0.028285858176047726,0.0,0.0,0.041211822502166096,0.0274889664702567,0.0,-0.023572769506785635,0.0,0.0,0.0,0.0,0.03806517653839535,0.0,0.05714647639675218,0.0,0.0,0.0,0.0,0.0,0.0,0.0,-0.10960504206324667,0.0,0.05892189391115338,0.016199533598889492,0.020083782284604623,0.01485726358225321,0.059342204910956826,0.0,0.0
2026-06-17 00:00:00+00:00,0.05665247277842647,-0.04677391751451513,0.0,0.0,0.0,0.0,-0.055098893799950255,0.0,-0.03489739940375772,0.06279366021604776,-0.06034631846819997,0.010980778262214913,0.0,-0.03782530551700529,0.0,-0.015629390609542566,0.013957100830909525,0.026451330085748896,0.0,0.0,-0.041122079883492896,0.0,0.0,0.0,0.05887342469537735,-0.05252177434853111,-0.014518577308520145,-0.016500472506978843,0.0,-0.003901292451343992,0.03187838824369768,0.0,1.6564401156607905e-17,0.0,0.0,-0.012820740556289713,0.0,-0.03064483500632585,-0.01244078282383018,0.0,0.0,0.0,0.0,0.0,0.01904011083281643,0.0,0.002654746536758282,0.0,0.0,0.0,0.0,0.0,0.003003949565168325,0.0,0.0,0.023735794759111167,0.019863925114513577,0.0,-0.012696363272041454,0.0,0.0,0.0,0.0,0.004963625150852295,0.0,0.055869340189308156,0.0,0.0,-0.0013536593834830575,0.0,0.0,0.0,0.0,-0.11880296286082292,0.0,0.0648123925374449,0.02798515871583624,0.02110254133129417,0.016535585889068203,0.046740439980036706,0.0,0.0
2026-06-18 00:00:00+00:00,0.06380174189990585,-0.06299109479927799,0.0,0.0,0.0,0.0,-0.040516447727191866,0.0,-0.018759887025483535,0.04173916861811529,-0.07387566849172668,-0.0019767798804253595,0.0,-0.03499655177305949,0.0,0.012040534705294753,-0.006946439066676364,0.007026081621636858,0.0,0.0,-0.056124550854953305,0.0,0.0,0.0,0.03728704587188851,-0.052333974882239925,-0.010379758874417134,-0.024617469649334305,0.0,-0.027717047027273727,0.01906288729345833,0.0,-0.012177777973767434,0.0,0.0,-0.01672841968534062,0.0,0.012397572736827745,-0.0160318605879899,0.0,0.0,0.0,0.0,0.0,0.03291635126944847,0.0,0.009541577463110025,0.0,0.0,0.0,0.0,0.0,-0.002254791964823078,0.0,0.0,0.028572652138248455,-0.006201132353994338,0.0,0.012239131855384519,0.0,0.0,0.0,0.0,0.026890780581169768,0.0,0.0692498163300314,0.0,0.0,-0.03306662438589135,0.0,0.0,0.0,0.0,-0.08644712056799597,0.0,0.08133344076829174,0.0176874572290002,0.02885935824078416,0.03345459559337566,0.050043203355890735,0.0,0.0
2026-06-19 00:00:00+00:00,0.06373375584157752,-0.040960555219609215,0.0,0.0,0.0,0.0,-0.03542896979414066,0.0,-0.011535927995717614,0.009516265375478436,-0.06935789266092211,-0.009022630408061885,0.0,-0.040984267854877465,0.0,-0.011995196010092522,0.007378609697965175,-0.03093764504003782,0.0,0.0,-0.039667807079931734,0.0,0.0,0.0,0.02127251591695671,-0.05393061039507937,-0.011029876942777118,-0.0130520369010749,0.0,-0.011529986898924432,0.01475125152962045,0.0,0.01298970018439751,0.0,0.0,-0.026729259708073907,0.0,0.006622345171162291,-0.0028396317716031048,0.0,0.0,0.0,0.0,0.0,0.03380091125850422,0.0,-0.010051030494033558,0.0,0.0,0.0,0.0,0.0,0.029645527972295572,0.0,0.0,0.04942715465509357,-0.0023587796525995877,0.0,0.002151699401017315,0.0,0.0,0.0,0.0,-0.02407221448678248,0.0,0.05277698396733696,0.0,0.0,-0.032570373771341185,0.0,0.0,0.0,0.0,-0.02399679282504824,0.0,0.07406034902705644,0.050406460413423955,0.025067389274491283,0.03868672091891675,0.009763845305434697,0.0,0.0
2026-06-20 00:00:00+00:00,0.07165972503331933,-0.04295965896712,0.0,0.0,0.0,0.0,-0.05622601295257787,0.0,-0.02015611803598068,0.011874376211949122,-0.0941654106166613,-0.025214483654097824,0.0,-0.04822648719642126,0.0,-0.0285078661988657,0.005987878083757882,-0.022317554262020096,0.0,0.0,-0.050372520651899406,0.0,0.0,0.0,0.021077075004904296,-0.04780304775484607,-0.038273791394508073,-0.012539088399380737,0.0,0.08910493266841457,0.03376635655590331,0.0,0.03888217232108217,0.0,0.0,-0.039388953559717554,0.0,0.021156663014949128,-0.006004786603679658,0.0,0.0,0.0,0.0,0.0,0.036424157884704884,0.0,-0.017702805967904623,0.0,0.0,0.0,0.0,0.0,0.0222413752189778,0.0,0.0,0.023717988937693703,0.031960968120648484,0.0,-0.007890597165992237,0.0,0.0,0.0,0.0,-0.014194910337887208,0.0,0.061232843319475254,0.0,0.0,-0.06697512022092282,0.0,0.0,0.0,0.0,0.035598587113362355,0.0,0.07329200291379459,0.02360616964605143,0.020346418580633626,0.02362107770607071,-0.006631554395209532,0.0,0.0
2026-06-21 00:00:00+00:00,0.07294958630550882,-0.03849934718688643,0.0,0.0,0.0,0.0,-0.05243547030487381,0.0,-0.020703606080090257,0.012814846064209481,-0.07200426370133692,0.06205966527209233,0.0,-0.04501131305299207,0.0,-0.010601923190712884,0.0112864777387274,-0.005130472132099717,0.0,0.0,-0.04952306736448873,0.0,0.0,0.0,0.013146774603054148,-0.06428791995472667,-0.04439025378686868,-0.014633822698789265,0.0,0.053653364605720025,0.04590671080674302,0.0,0.004431643404036829,0.0,0.0,0.026121756162528532,0.0,0.019850092731167928,-0.012256096351205423,0.0,0.0,0.0,0.0,0.0,0.018228727689451843,0.0,0.027702234308168747,0.0,0.0,0.0,0.0,0.0,0.02072390559048922,0.0,0.0,0.001490383996243107,0.008866994729878258,0.0,-0.020440675233445612,0.0,0.0,0.0,0.0,-0.05972981989819405,0.0,0.06672156960214122,0.0,0.0,-0.07422754255281681,0.0,0.0,0.0,0.0,0.008469475422240766,0.0,0.05934762396294603,0.01115010711415456,0.02321065177831475,0.015743001601710268,-2.5172993744842373e-17,0.0,0.0
2026-06-22 00:00:00+00:00,0.06867852425816673,-0.04947938973730943,0.0,0.0,0.0,0.0,-0.02008585944583338,0.0,-0.017859054780131663,0.004631082248419153,-0.056827714192490324,0.05394055652125597,0.0,-0.03695636570161917,0.0,-0.003040842846188378,0.007415085185811556,-0.02900404415073704,0.0,0.0,-0.03905029265358968,0.0,0.0,0.0,0.017877539484210277,-0.06520127864101515,-0.05303939665737586,0.0022655442957224704,0.0,0.04005046643259975,0.03251323180367177,0.0,0.027471240588451677,0.0,0.0,-0.016136059272627876,0.0,-0.006341967731867224,-0.007643584357205816,0.0,0.0,0.0,0.0,0.0,-0.01497971484440247,0.0,0.03255769313796684,0.0,0.0,0.0,0.0,0.0,0.021902532118659213,0.0,0.0,0.004327652212862149,0.027095944584353382,0.0,-0.021505295988778556,0.0,0.0,0.0,0.0,-0.050021067191868815,0.0,0.05946885649958582,0.0,0.0,-0.07193288043867715,0.0,0.0,0.0,0.0,0.0449990566349412,0.0,0.06893627968998665,0.02193771356708315,0.02443851744964636,0.025062130717819858,-0.02646483879949592,0.0,0.0
2026-06-23 00:00:00+00:00,0.06644034349310621,-0.049315658855019144,0.0,0.0,0.0,0.0,-0.00545705554978838,0.0,0.006458469571456284,0.0039115578686980245,-0.05536204466793252,0.06250718253013372,0.0,-0.03067991665838375,0.0,0.011223464953320998,0.007731306942002105,-0.0148702112806968,0.0,0.0,-0.04989652970402466,0.0,0.0,0.0,0.01895153117394907,-0.07420710237915126,-0.07915446555204839,0.022513922693423984,0.0,-0.005226968274554044,0.021253318308052518,0.0,0.025267537692582536,0.0,0.0,-0.02730956671776262,0.0,-0.010283470972154273,0.0034757879302627238,0.0,0.0,0.0,0.0,0.0,-0.015705030721418118,0.0,0.032799934050072636,0.0,0.0,0.0,0.0,0.0,0.0027177574971841015,0.0,0.0,0.011156037843365453,0.028503452845868627,0.0,-0.02295381478585872,0.0,0.0,0.0,0.0,-0.057079750370706145,0.0,0.04924298976361194,0.0,0.0,-0.058532139913327265,0.0,0.0,0.0,0.0,0.11105545898885659,0.0,0.058834232356208195,0.03145570920172132,0.021703769840872914,0.01299368899716634,-0.054163728139090164,0.0,0.0
2026-06-24 00:00:00+00:00,0.05496037378118724,-0.0416445796442385,0.0,0.0,0.0,0.0,0.0035502814359146162,0.0,-0.008394566457575194,-0.011871929384268207,-0.0029737977511789136,0.052893969957175435,0.0,-0.015704081754620576,0.0,0.020422656273948694,-0.00460309862601915,-0.011386805639463907,0.0,0.0,-0.04013300538663062,0.0,0.0,0.0,0.012650951729908298,-0.07846411599273874,-0.07869059974557528,0.046021614701222624,0.0,0.0030214878540111784,0.012224915982041281,0.0,0.04310454254954567,0.0,0.0,-0.025315321383855144,0.0,0.014705464112307286,0.024260895151647824,0.0,0.0,0.0,0.0,0.0,-0.024552588424665296,0.0,-0.04307208277344639,0.0,0.0,0.0,0.0,0.0,0.0,0.0,0.0,0.024537181559831044,0.029340273382599525,0.0,-0.04508457569983839,0.0,0.0,0.0,0.0,-0.048785172219859944,0.0,0.040892605687590525,0.0,0.0,-0.05724270847044067,0.0,0.0,0.0,0.0,0.10513716522962775,0.0,0.030117979343458997,0.024278214728800936,0.014791274704215375,0.016599646905955563,-0.03559246571657499,0.0,0.0
2026-06-25 00:00:00+00:00,0.06393598149218538,-0.028716984754104245,0.0,0.0,0.0,0.0,0.007667395318371843,0.0,-0.028525262021501886,-0.01601847038867839,0.02116174436742274,0.04410459561875975,0.0,-0.008145971345662929,0.0,0.001886531522684305,-0.008280510517510045,-0.034791102913730956,0.0,0.0,-0.031476177945442545,0.0,0.0,0.0,-0.001531641615593799,-0.06535676511168556,-0.057349875194122005,0.04340031651816343,0.0,0.015367071204687851,0.0076549149350576065,0.0,0.03279999059980087,0.0,0.0,-0.03402330413273873,0.0,-0.003819826357608582,0.022654857750174957,0.0,0.0,0.0,0.0,0.0,-0.015059310887783726,0.0,-0.036035818859958275,0.0,0.0,0.0,0.0,0.0,0.01694543879080511,0.0,0.0,0.045639972931149804,0.024276813548932293,0.0,-0.056669882553356456,0.0,0.0,0.0,0.0,-0.056707741902151845,0.0,0.03933845054095145,0.0,0.0,-0.039275307693151774,0.0,0.0,0.0,0.0,0.08103366072566409,0.0,0.039606223529955166,0.010717319330617023,0.017073366996637928,0.011910425937603211,-0.02539111746484318,0.0,0.0
2026-06-26 00:00:00+00:00,0.07017424251999621,-0.03026642809098317,0.0,0.0,0.0,0.0,-0.015076730665905843,0.0,-0.05199474551826017,-0.019757513901380693,0.019735171398434805,0.0504856930823167,0.0,0.013803567087745619,0.0,0.01886678280009076,-0.020256434410958236,-0.03732416886773636,0.0,0.0,-0.035477036751432975,0.0,0.0,0.0,-0.006431685760361032,-0.06761591505552252,-0.07070636357454733,0.04737471093745085,0.0,0.03253963215299945,0.0029270202706369887,0.0,0.0288674123720612,0.0,0.0,-0.03328405639921983,0.0,-0.007513182063941658,0.02999601225237884,0.0,0.0,0.0,0.0,0.0,-0.024398255797491587,0.0,0.0,0.0,0.0,0.0,0.0,0.0,0.005342423141276925,0.0,0.0,0.04755692115435832,0.03332577727230163,0.0,-0.06347348291246575,0.0,0.0,0.0,0.0,-0.06175373238101014,0.0,0.049993568404145323,0.0,0.0,-0.014848268592659817,0.0,0.0,0.0,0.0,0.07667302582841048,0.0,0.04169999401088587,-0.006976225342878311,0.01646947384171936,0.009865679560124439,-0.028542882000578383,0.0,0.0
2026-06-27 00:00:00+00:00,0.062054309036595964,-0.023513157536722635,0.0,0.0,0.0,0.0,-0.016812249652330098,0.0,-0.05011234445654634,-0.02749643167580439,0.03788389861653908,0.043706509756002335,0.0,0.01227429637749336,0.0,0.02443287967816833,-0.0035898279167340965,-0.047295921968273175,0.0,0.0,-0.033628149810810665,0.0,0.0,0.0,-0.0017060482950409718,-0.06460270078079669,-0.0699876737726674,0.045382375164500645,0.0,0.03787317101220091,-0.010704321538378777,0.0,0.019294997945427883,0.0,0.0,-0.02440807606936832,0.0,-0.027686355266470782,0.025651636535918558,0.0,0.0,0.0,0.0,0.0,-0.01894863874884067,0.0,-0.0067256682968426925,0.0,0.0,0.0,0.0,0.0,-0.0019224899644000827,0.0,0.0,0.05088786783512939,0.01543068972638381,0.0,-0.06429432055630578,0.0,0.0,0.0,0.0,-0.0708400921003337,0.0,0.06401958342462212,0.0,0.0,-0.0038191843076120805,0.0,0.0,0.0,0.0,0.05486603547381639,0.0,0.05188104894081303,0.028771371923434787,0.012481150843774566,0.012116899798715249,-0.030915069375257054,0.0,0.0
2026-06-28 00:00:00+00:00,0.06341314968282467,-0.02703515820805219,0.0,0.0,0.0,0.0,-0.030772134317494752,0.0,-0.050459222223490016,-0.02251470098615532,0.032194409431211254,0.017028097170130332,0.0,0.01451094000249118,0.0,0.02098747668504963,-0.0077574578014884465,-0.05002000561557165,0.0,0.0,-0.03166191581903648,0.0,0.0,0.0,0.006082766308773086,-0.07491551007697055,-0.08187034501341445,0.04648611383902036,0.0,0.04545000910401224,-0.008490634797145109,0.0,0.015876085562435666,0.0,0.0,-0.04494583698346347,0.0,-0.030126742386722524,0.010480128818966263,0.0,0.0,0.0,0.0,0.0,-0.01080704727870224,0.0,0.0023868985069617,0.0,0.0,0.0,0.0,0.0,0.010906059756736619,0.0,0.0,0.03767040910978719,0.02950946312906013,0.0,-0.06401514825332688,0.0,0.0,0.0,0.0,-0.07497441093023363,0.0,0.05290532376442009,0.0,0.0,-0.010834745605652677,0.0,0.0,0.0,0.0,0.10575284905896266,0.0,0.06269029927997873,0.053096543693540665,0.014684058787561599,0.015173821972842014,-0.03608388736784568,0.0,0.0
2026-06-29 00:00:00+00:00,0.05558656739574001,-0.022102012138593797,0.0,0.0,0.0,0.0,-0.03229847671697765,0.0,-0.028904669751919312,-0.015365731697036936,0.0309936950615025,0.03201590596211339,0.0,0.009315708114772203,0.0,0.010094131004417653,-0.004402945599430041,-0.047947772390747066,0.0,0.0,-0.022885366344542232,0.0,0.0,0.0,0.013917401486263649,-0.0681274781032037,-0.06570831937257869,0.040087018852767,0.0,0.03999553795054705,-0.009648001038988469,0.0,0.006351139481210349,0.0,0.0,-0.03181375328257333,0.0,-0.079200223324445,0.016236588277658726,0.0,0.0,0.0,0.0,0.0,-0.009213074391356223,0.0,0.004191589839832245,0.0,0.0,0.0,0.0,0.0,0.010398984979665384,0.0,0.0,0.036855125036408934,0.03465000884218803,0.0,-0.055823461403204065,0.0,0.0,0.0,0.0,-0.06579920955948207,0.0,0.04791075114203098,0.0,0.0,-0.0057895575574717145,0.0,0.0,0.0,0.0,0.09300723227267804,0.0,0.05147411385710976,0.05208074267541697,0.010237587379433817,-0.003704802286862299,-0.026664974652344253,0.0,0.0
2026-06-30 00:00:00+00:00,0.051371297886662746,-0.01740947630301622,0.0,0.0,0.0,0.0,-0.02645293268586902,0.0,-0.01013762016358149,-0.019709134130072935,0.02822908529712275,0.02311082712347556,0.0,0.011481211100597825,0.0,-0.03276287115805564,0.0013942425288673932,-0.03919678145004208,0.0,0.0,-0.003214188108343973,0.0,0.0,0.0,0.008901365170479982,-0.05743161905965471,-0.05108399844841587,0.0377785716435647,0.0,0.045957066290628006,-1.203557244875181e-17,0.0,0.014050749008344595,0.0,0.0,-0.023434213158709243,0.0,-0.07210366243254451,0.024512804839581268,0.0,0.0,0.0,0.0,0.0,-0.011940426295466901,0.0,0.007713262246141825,0.0,0.0,0.0,0.0,0.0,0.00893420366571399,0.0,0.0,0.029620382206645833,0.03396758638194569,0.0,-0.04899866723454997,0.0,0.0,0.0,0.0,-0.044844837957299495,0.0,0.04937545119259491,0.0,0.0,0.005841680932083246,0.0,0.0,0.0,0.0,0.02286024582105537,0.0,0.03831372147615332,0.04699835583227508,0.004658086364262975,-0.00521032073268925,-0.031139447689885667,0.0,0.0
2026-07-01 00:00:00+00:00,0.04304440005389112,-0.009286873780567707,0.0,-0.021925842090695022,0.0,0.0,-0.020990946713840455,0.0,0.001249413680994163,0.0,0.02547114872310856,0.0,0.0,0.0207556300224284,0.0,-0.03218585974328593,-0.008171469961644745,-0.03730020633834487,0.0,0.0,-0.0077960223556569975,0.0,0.0,0.0,-0.0019189685252054306,-0.04486325847022416,-0.0391408154588655,0.033913742141767386,0.0,0.031164911124789505,-0.002231651623628406,0.0,0.00509150657574452,0.0,0.0,-0.020853851577168635,0.0,-0.06114766520817025,0.018355690499905822,0.0,0.015215280422603991,0.0,0.0205106574239686,0.0,-0.014049384126599966,0.0,0.01481854705579368,0.0,0.0,0.0,0.0,0.0,0.005143352999030512,0.0,0.0,0.020501042410433067,0.030887337084911613,0.0,-0.0391647472018267,0.0,0.0,0.0,0.0,-0.035351273525646126,0.0,0.050574644893247284,0.0,0.0,0.006306842448436625,0.0,0.0,0.022124682006756748,0.0,-0.011066946310166057,0.0,0.012889467165538614,0.03610830423439194,0.004381357513180106,0.015366120200188441,-0.02642829566957384,0.0,0.0
2026-07-02 00:00:00+00:00,0.0450187446314548,0.01164289028382433,0.0,-0.03653247722988118,0.0,0.0,-0.03323039333312556,0.0,-0.006397327431576912,0.0,0.024143692317565617,0.0,0.0,0.03652521917387511,0.0,-0.04389265340769887,0.0039437228676840845,-0.026930520396509287,0.0,0.0,-0.02249481749431188,0.0,0.0,0.0,0.03362627352404147,-0.06547891946909308,-0.0566861000332852,0.023083094004041516,0.0,0.043769885701584785,0.009642086880111493,0.0,0.015693122271380665,0.0,0.0,-0.021315356932573182,0.0,-0.07404931741021435,0.005500262654992719,0.0,0.0032527181853008306,0.0,0.029180352814933242,0.0,-0.003944783275931368,0.0,0.042168759507565746,0.0,0.0,0.0,0.0,0.0,-0.001964773656373368,0.0,0.0,-0.011824054788487874,0.03718269600590191,0.0,-0.05934738699548618,0.0,0.0,0.0,0.0,-0.04261050134734154,0.0,0.07390252240470212,0.0,0.0,0.03245883048795787,0.0,0.0,0.01705528745746262,0.0,-0.029570914482028678,0.0,-0.0,0.04845760047138182,-0.004362221677100662,0.030176119973634914,-0.025791362258378445,0.0,0.0
2026-07-03 00:00:00+00:00,0.03377563032525272,0.009414229002243977,0.0,-0.02699813299016675,0.0,0.0,-0.025471811846672503,0.0,-0.01496442200257544,0.0,0.02441906720702362,0.0,0.0,0.026012511413188773,0.0,-0.042776524581109664,0.0006266724115022936,0.01397446497529179,0.0,0.0,-0.02133157817410536,0.0,0.0,0.0,0.00126172020420165,-0.06617397925129823,-0.05520516804204809,0.01633724685851323,0.0,0.005591139867908878,0.03918016892233121,0.0,0.017393489430521252,0.0,0.0,-0.035118602484517474,0.0,-0.09355528541170648,-0.008184743771103311,0.0,-0.0054181056300995675,0.0,0.03580905478522711,0.0,0.03131494049593245,0.0,0.055694694659090896,0.0,0.0,0.0,0.0,0.0,-0.004770980261883077,0.0,0.0,-0.012359169429636491,0.035544221924732,0.0,-0.03509020008757226,0.0,0.0,0.0,0.0,-0.04930806222655109,0.0,0.06636830395781604,0.0,0.0,0.03269810396658468,0.0,0.0,0.0011363193402031202,0.0,-0.037466952247413476,0.0,0.03477836759435417,0.04276378262982438,-7.692483533119633e-19,0.015004362041610379,-0.004904773574895324,0.0,0.0
2026-07-04 00:00:00+00:00,0.020120044662449377,0.01640123034685366,0.0,-0.020085925219531002,0.0,0.0,-0.026983963799880106,0.0,-0.02197464146535059,0.0,0.006537633220514707,0.0,0.0,0.023932587224409777,0.0,-0.043014031465246856,0.03453082235771056,0.014297953514028613,0.0,0.0,-0.025110190121393112,0.0,0.0,0.0,5.570769225622732e-18,-0.05626599168536015,-0.053170697220336946,-0.0,0.0,-0.03484460322172318,0.0369253339475924,0.0,0.004026165064882136,0.0,0.0,-0.02588891911269103,0.0,-0.06309819055996126,-0.026101865675765754,0.0,-0.022898806188733082,0.0,0.04998101729506988,0.0,0.021441240586124535,0.0,0.04309061078138465,0.0,0.0,0.0,0.0,0.0,-0.014437521307936718,0.0,0.0,-0.007228491082029848,0.00832536900888701,0.0,0.0060604704691497565,0.0,0.0,0.0,0.0,-0.038859034547148834,0.0,0.06252018720718233,0.0,0.0,0.0259424593546709,0.0,0.0,0.005028480533739157,0.0,-0.014321068875914661,0.0,0.02630841397305688,0.03926885524255028,-0.009227605970004184,0.034956515347500786,0.023816157381249956,0.0,0.0
2026-07-05 00:00:00+00:00,0.018215007843708664,0.03157599953433916,0.0,-0.01971581760898091,0.0,0.0,-0.02988424572217495,0.0,-0.023796180204180575,0.0,0.009237781365286999,0.0,0.0,0.022657557509787655,0.0,-0.034963079666242104,0.023038468952548123,0.01509096901782006,0.0,0.0,-0.035918812208735364,0.0,0.0,0.0,0.00018554339121326874,-0.04741267821799695,-0.032909179526745144,-0.0,0.0,-0.02163889753814384,0.033322973127490246,0.0,1.2779056522850034e-05,0.0,0.0,-0.04199353692515895,0.0,-0.016367416713074567,-0.02367658150645546,0.0,-0.021956639532875473,0.0,0.03658955250442735,0.0,0.023035788013810895,0.0,0.027919002353425114,0.0,0.0,0.0,0.0,0.0,-0.02611680696473204,0.0,0.0,0.005159996280643877,0.003521190530492211,0.0,0.0011378073986819629,0.0,0.0,0.0,0.0,-0.03572259805159865,0.0,0.05904794058935234,0.0,0.0,0.0304069581430146,0.0,0.0,0.0,0.0,-0.020712453817374365,0.0,0.028634990479921383,0.01505592435014746,-0.02446934863273499,0.04421798452897616,0.029190057865594015,0.0,0.0
2026-07-06 00:00:00+00:00,0.02082264732267996,0.026589379254729317,0.0,-0.008040264412744922,0.0,0.0,-0.037264033255490686,0.0,-0.020233713105051,0.0,0.01620348376759809,0.0,0.0,0.0301890984990211,0.0,0.022678373335255245,0.015292578217973097,0.026182849460283052,0.0,0.0,-0.01967381962689774,0.0,0.0,0.0,1.7147905336976866e-17,-0.040374991684139876,-0.03858082197923379,-3.402098228453313e-17,0.0,-0.010583313259339071,0.04754456431069589,0.0,0.029724074842224037,0.0,0.0,-0.058330088761970704,0.0,-0.022302293444286327,-0.021158235949633574,0.0,-0.025759028945786452,0.0,0.0,0.0,0.03826753722872095,0.0,0.03262306775200576,0.0,0.0,0.0,0.0,0.0,-0.029690572830420627,0.0,0.0,0.02390030676173066,-0.02783378959448219,0.0,4.606746650294124e-18,0.0,0.0,0.0,0.0,-0.03362485222152031,0.0,0.04174874453755158,0.0,0.0,0.018087104336597992,0.0,0.0,1.4903564571553605e-17,0.0,-0.0,0.0,0.01726572444139054,0.007770024821785783,-0.04410534429543789,-0.0,0.022665604476191998,0.0,0.0
2026-07-07 00:00:00+00:00,0.033440415983140716,0.03858424279010643,0.0,-0.029533618601737966,0.0,0.0,-0.03139302739938522,0.0,-0.037042642202145974,0.0,0.01324449799407667,0.0,0.0,0.03998315490696807,0.0,-0.0024172778920631107,-0.03594067494194183,0.052743758251610935,0.0,0.0,-0.04573015349767746,0.0,0.0,0.0,0.0036583289339815243,-0.06860630531808214,-0.03679929107268698,-0.0,0.0,-0.029972336914994922,0.06747869346059907,0.0,0.0489493824425247,0.0,0.0,-0.06935073234464434,0.0,-0.0697221900356047,-0.03059779301035787,0.0,-0.022480462788348074,0.0,0.04058576817586562,0.0,0.0476438970268612,0.0,0.03520797591057133,0.0,0.0,0.0,0.0,0.0,0.007503306977980151,0.0,0.0,0.04329512833773161,0.0028312671080690695,0.0,2.4582836743371043e-18,0.0,0.0,0.0,0.0,-0.06697077243543718,0.0,0.056773883375234334,0.0,0.0,0.011832760805231933,0.0,0.0,-0.014830591332908115,0.0,-0.0,0.0,0.030300831847354177,0.0,-0.013544976447697789,-0.0,0.030875551907806078,0.0,0.0
2026-07-08 00:00:00+00:00,0.024957676273740147,0.038765045902779426,0.0,-0.046419144944093015,0.0,0.0,-0.006388024363922022,0.0,-0.04521223859734914,0.0,0.0011581162174901835,0.0,0.0,0.04375801243495506,0.0,-0.010460252529513122,-0.02361065906700699,0.05299628801927024,0.0,0.0,-0.04726097885024577,0.0,0.0,0.0,0.008521234038836478,-0.0772085935532504,-0.06041181320711008,-0.022743899090452175,0.0,-0.029961951609819147,0.0739250001312022,0.0,0.010944439198688734,0.0,0.0,-0.05886566092285871,0.0,-0.07414422610173257,-0.014171311000995796,0.0,-0.008742852805517187,0.0,0.004925174876863002,0.0,0.045409545071199535,0.0,0.05125408302229353,0.0,0.0,0.0,0.0,0.0,0.005273983445604663,0.0,0.0,0.015079943298332218,0.0064898939790809275,0.0,0.00730349090352722,0.0,0.0,0.0,0.0,-0.04929472890501444,0.0,0.0549776334845598,0.0,0.0,0.011228467869846716,0.0,0.0,0.010753251423590876,0.0,0.12015551173624775,0.0,0.031317839318100026,0.004957220259157854,-0.029362292573904873,-0.02604250540813879,0.0061492826255577,0.0,0.0
2026-07-09 00:00:00+00:00,0.030419495899691142,0.032888712139502535,0.0,-0.029740923023493033,0.0,0.0,-0.012703993761288427,0.0,-0.017814672129568193,0.0,-0.017572804400346618,0.0,0.0,0.06194485411316997,0.0,-0.0025950566297631168,-0.026502870450349658,0.05185841106890877,0.0,0.0,-0.04807923367868816,0.0,0.0,0.0,-0.0016744637292378727,-0.0763453736424411,-0.07235988080720128,-0.004304809665751998,0.0,-0.03205879209238212,0.07611733981485673,0.0,0.028753593077192486,0.0,0.0,-0.06657273134736685,0.0,-0.0861911477749143,0.013022351086216398,0.0,0.0016248115888426473,0.0,-0.0075923962479861945,0.0,0.026779812218326097,0.0,0.053585608392208536,0.0,0.0,0.0,0.0,0.0,-0.01453834754583334,0.0,0.0,0.008140352618979425,0.013403352755975777,0.0,0.018010882331359942,0.0,0.0,0.0,0.0,-0.061996500224677654,0.0,0.04208981229228098,0.0,0.0,-0.006582992558982077,0.0,0.0,0.03602689587287261,0.0,0.0970622382641001,0.0,0.04466436527571254,-0.001146184268410079,-0.018548990472223626,-0.027843665269049567,-0.0036270590902413536,0.0,0.0
2026-07-10 00:00:00+00:00,0.02477905891994449,0.016430006890947434,0.0,-0.034729448899553025,0.0,0.0,-0.0029774873583848535,0.0,0.04529318383686872,0.0,-0.00881692019287226,0.0,0.0,0.053633142515007205,0.0,-0.01726326823344947,-0.03262856487425898,0.07211165199025485,0.0,0.0,-0.05532737550936463,0.0,0.0,0.0,-0.004725755784965693,-0.08790832231912302,-0.06511265052068578,-0.002940953829390272,0.0,-0.01998273460300951,0.06029181217389384,0.0,0.01793163768247638,0.0,0.0,-0.06364106357877881,0.0,-0.06453142657853594,0.037872762692935935,0.0,-0.0008340834421671805,0.0,-0.010962433675692405,0.0,0.007960843322927284,0.0,0.033396795371995525,0.0,0.0,0.0,0.0,0.0,-0.018557380049908735,0.0,0.0,0.006142003929034795,0.016687683573584067,0.0,0.015984768607588594,0.0,0.0,0.0,0.0,-0.04599919625816657,0.0,0.024998601284751894,0.0,0.0,-0.029403818104814,0.0,0.0,0.03421277719025848,0.0,0.127808888140287,0.0,0.03415591785261314,-0.009784823444895742,-0.023933927220590484,-0.02267374051417219,-0.006956160982590014,0.0,0.0
2026-07-11 00:00:00+00:00,0.018159188259347852,-0.0020590733413593486,0.0,-0.025480366821109105,0.0,0.0,0.0012873346522332169,0.0,0.04361638233359711,0.0,-0.0052529434293324805,0.0,0.0,0.05523834685209546,0.0,-0.019986285932376894,-0.033599473105905345,0.06837144349867946,0.0,0.0,-0.057402336923519814,0.0,0.0,0.0,-0.005676701147941023,-0.09084949774556822,-0.016213327564883525,-0.003070880799171536,0.0,-0.04270003999842389,0.05914971892402629,0.0,0.022639492451422827,0.0,0.0,-0.06177467019173698,0.0,-0.0626383420323597,0.01784454817385735,0.0,-0.000913676175820818,0.0,-0.016991007262737636,0.0,0.04098784215953746,0.0,0.04885765129282777,0.0,0.0,0.0,0.0,0.0,-0.026587951762542594,0.0,0.0,-0.003845338379490058,0.004987092476277967,0.0,0.0230177568103097,0.0,0.0,0.0,0.0,-0.022684620545305633,0.0,0.016507048893112535,0.0,0.0,-0.007862586816409622,0.0,0.0,0.0107662519951437,0.0,0.10933323830481072,0.0,0.03551998438965544,-0.02923423352925153,-0.027207989345803076,-0.005107981081877263,-0.009143997534008646,0.0,0.0
2026-07-12 00:00:00+00:00,0.0234090989258377,-0.004128072262838288,0.0,-0.03712103391764782,0.0,0.0,0.020246205618222348,0.0,0.04983074515398776,0.0,-0.012811940530665764,0.0,0.0,0.05703703518895758,0.0,2.868703075460337e-17,-0.03424341794706793,0.07196962908673105,0.0,0.0,-0.042639701010908956,0.0,0.0,0.0,-0.009780694834983719,-0.08987827111631858,-0.019253486703804532,-0.0017784985424461987,0.0,-0.06479984591076286,0.06043340481834861,0.0,0.021552298545760327,0.0,0.0,-0.06600182574340317,0.0,-0.08054034018314728,0.014433942504055263,0.0,0.0016171026766569514,0.0,-0.00848761580181902,0.0,0.03677857962080579,0.0,0.04577709947886554,0.0,0.0,0.0,0.0,0.0,-0.023149997260943533,0.0,0.0,0.0,0.004727126896323981,0.0,0.018298661681010405,0.0,0.0,0.0,0.0,-0.05167033221787102,0.0,0.020989868755908504,0.0,0.0,1.7349134521338237e-17,0.0,0.0,0.024157720621141715,0.0,0.12746280569581203,0.0,0.03964176989557407,-0.041960325472222455,-0.01479767116612783,-0.011026546776851822,-0.024293477764168868,0.0,0.0
2026-07-13 00:00:00+00:00,0.028070122588940368,-0.008617571862582793,0.0,-0.046333970655783305,0.0,0.0,-0.003510448412682352,0.0,0.05541187335524887,0.0,-0.021377349474620996,0.0,0.0,0.05456695675848654,0.0,-0.02171775282645611,-0.03785139381496599,0.07374407283537127,0.0,0.0,-0.05454551151359452,0.0,0.0,0.0,-0.0014003340237160125,-0.08993689223150172,-0.023581771968435365,0.0011788697502017442,0.0,-0.0743896968427094,0.07747116452381682,0.0,0.039732079842331874,0.0,0.0,-0.06540236377533376,0.0,-0.08642505362359357,0.009792563134276146,0.0,0.013628440488711448,0.0,-0.004945417207040683,0.0,0.05243803296894125,0.0,0.014328207971918763,0.0,0.0,0.0,0.0,0.0,-0.015524669254910712,0.0,0.0,-0.016457998063970126,0.015082463145866266,0.0,0.02759843565717804,0.0,0.0,0.0,0.0,-0.06289503942885882,0.0,0.025932672264793632,0.0,0.0,0.02330714084583676,0.0,0.0,0.01991149915718306,0.0,0.1495051962329927,0.0,0.045894317385457614,-0.0499467839402367,-0.004569933846998329,0.0010018311609497903,-0.039165987300511795,0.0,0.0
2026-07-14 00:00:00+00:00,0.039295945763364155,-0.006573241992220636,0.0,-0.013545013939023095,0.0,0.0,-0.024392936032421215,0.0,0.06204825491972219,0.0,-0.012404482687219052,0.0,0.0,0.07119661474646262,0.0,-0.01393939512489548,-0.04033974475475843,0.047210891587060655,0.0,0.0,-0.06373905567345224,0.0,0.0,0.0,0.030779535721585052,-0.09308519239986064,-0.02993258962086367,-8.091272935234679e-18,0.0,-0.02911289290533354,0.08657774867345787,0.0,0.00450189427994814,0.0,0.0,-0.06298039479726256,0.0,-0.08664409214951466,-0.020962682513192814,0.0,0.0023053968797115652,0.0,-0.0015099807706929619,0.0,0.06676234672319911,0.0,0.025047497393215618,0.0,0.0,0.0,0.0,0.0,-1.5338521738440345e-17,0.0,0.0,-0.0325618516847064,0.012168723175394846,0.0,0.04276171777847885,0.0,0.0,0.0,0.0,-0.1012522738325508,0.0,0.0034024585031641164,0.0,0.0,0.020355785430587775,0.0,0.0,0.03655133625455935,0.0,0.10616925822436671,0.0,0.05619102049052141,-0.03781707308559024,-0.003429472516952285,0.0070482977063669044,-0.04615235777065625,0.0,0.0
2026-07-15 00:00:00+00:00,0.037487871445790154,-0.02654947926831401,0.0,-0.03401055217298649,0.0,0.0,-0.03326078195198205,0.0,0.04901694055794909,0.0,0.0,0.0,0.0,0.02723239364771637,0.0,0.011960784176964697,-0.05109665516443204,0.0678747048716987,0.0,0.0,-0.052846012908242965,0.0,0.0,0.0,0.03379710472413265,-0.03979241105419179,-0.03641135430471188,-0.0,0.0,0.011712389735798686,0.07798079363177983,0.0,0.036277254241977454,0.0,0.0,-0.07722571012632841,0.0,-0.08173545630652787,-0.012179585416298933,0.0,0.0082927642207232,0.0,-7.878974483607871e-18,0.0,0.07901621947030765,0.0,0.06668152040521706,0.0,0.0,0.0,0.0,0.0,0.004155920106195844,0.0,0.0,-0.012851850060858145,-7.612435602629356e-05,0.0,0.015705101019759974,0.0,0.0,0.0,0.0,-0.10089667779018967,0.0,0.0,0.0,0.0,0.024540007873795937,0.0,0.0,0.028346907039621234,0.0,-0.0,0.0,0.05561345581159188,-0.0438698952940156,-2.8572874142876897e-18,-0.014245852389227478,-0.018643734416686864,0.0,0.0
2026-07-16 00:00:00+00:00,0.038696098249643866,-0.016014590840588434,0.0,-0.0358111871645242,0.0,0.0,-0.016204104364735017,0.0,0.045736173811891205,0.0,-0.0029193739958916,0.0,0.0,-0.01835125620935411,0.0,0.02532204434224387,-0.05293085989972215,0.0790497170159009,0.0,0.0,-0.054925329715843484,0.0,0.0,0.0,0.005133818921669817,-0.037705168439328016,-0.037234300595650166,-0.006239007982302261,0.0,-0.0016002934891165101,0.0901870097896644,0.0,0.04273590739671727,0.0,0.0,-0.07105350128111777,0.0,-0.08222407848828477,-0.0568443941099963,0.0,0.016359752879098553,0.0,-0.014575068001998372,0.0,0.09008875142979067,0.0,0.04725079935488268,0.0,0.0,0.0,0.0,0.0,0.027434008659197998,0.0,0.0,0.008304326974733177,0.012447872870118294,0.0,0.030324869993612658,0.0,0.0,0.0,0.0,-0.09715074723785252,0.0,-0.008820692073010976,0.0,0.0,0.026691395443652396,0.0,0.0,0.027448518005751682,0.0,0.02143396235338258,0.0,0.05328691764937319,-0.04196508075159692,-0.0016321268225407417,-0.020022190471553715,-0.013708593206317123,0.0,0.0
2026-07-17 00:00:00+00:00,0.02946997510456549,-0.006306659319553129,0.0,-0.043821701483146555,0.0,0.0,-0.020879634381362536,0.0,0.04792729145454987,0.0,-0.00861183653547521,0.0,0.0,0.002542382639750677,0.0,0.035702491714294,-0.04987986184219012,0.07039610241143017,0.0,0.0,-0.03850376413891322,0.0,0.0,0.0,0.04050507259576242,-0.05035738542290344,0.01612342477887818,-0.0,0.0,-0.02099085042694299,0.0870409103970614,0.0,-0.004417087781550097,0.0,0.0,-0.044081994871843166,0.0,-0.08497250145845925,-0.07158097634548631,0.0,0.011815508619211108,0.0,-0.026389347395411558,0.0,0.08292682499003741,0.0,0.07109438117020896,0.0,0.0,0.0,0.0,0.0,0.010288826268123705,0.0,0.0,-0.019225882927656705,0.011028069470923609,0.0,0.03442323181116511,0.0,0.0,0.0,0.0,-0.1104109833920485,0.0,-0.0219478553261174,0.0,0.0,0.02309402338686775,0.0,0.0,0.018531005981338194,0.0,0.0494169926293959,0.0,0.06381440265761651,-0.03819091618967489,-0.010297538578503688,-0.015920271373502836,-0.019353868890438865,0.0,0.0
2026-07-18 00:00:00+00:00,0.02221865877401601,0.00790980941261019,0.0,-0.039355099971029234,0.0,0.0,0.00897440228594639,0.0,0.04301431412024319,0.0,0.008515945158594575,0.0,0.0,-0.013216731196349986,0.0,0.0044704881357143485,-0.05190182632747363,0.06958112634580095,0.0,0.0,-0.058784495214590254,0.0,0.0,0.0,0.05101898342328244,-0.06160389214667821,-0.028741911993788453,0.02076188044744993,0.0,0.026147598415192937,0.0896020681058197,0.0,-0.02536521038945503,0.0,0.0,-0.04790381241388087,0.0,-0.09174948662347499,-0.04784122247845705,0.0,0.030915207305923502,0.0,-0.0169412743200816,0.0,0.08964673169959285,0.0,0.07638774063012345,0.0,0.0,0.0,0.0,0.0,0.005370874315907856,0.0,0.0,-0.04677705212850853,0.036082845874472004,0.0,0.0130570280417311,0.0,0.0,0.0,0.0,-0.11001717718710147,0.0,-0.015845568730556137,0.0,0.0,0.020594364541688472,0.0,0.0,-0.0030481424248547297,0.0,0.022628872649859674,0.0,0.07596061430505169,-0.007414485166603705,-0.0023981607800273685,-0.025839798277121306,-0.028114206218988674,0.0,0.0
2026-07-19 00:00:00+00:00,0.0157114698604998,0.0010501838075468947,0.0,-0.02710131279003849,0.0,0.0,-0.012814051943064692,0.0,0.013980524219521347,0.0,0.018720146882610995,0.0,0.0,-0.008518728966196482,0.0,0.03362776335674432,-0.047123956488720434,0.08787336530933848,0.0,0.0,-0.07661778221168943,0.0,0.0,0.0,0.022587755538889392,-0.05200213075345652,-0.03106490059227521,0.004646586715965022,0.0,0.02027120671456504,0.08253745390496152,0.0,-0.03434296082672778,0.0,0.0,-0.040886770222907175,0.0,-0.07368410698423536,-0.020115056081940443,0.0,0.029046116112286312,0.0,-0.025213712970850122,0.0,0.07839474632038962,0.0,0.10173463403015794,0.0,0.0,0.0,0.0,0.0,0.013391053229148698,0.0,0.0,-0.05281448821826398,0.027231444006994662,0.0,0.02449594357952841,0.0,0.0,0.0,0.0,-0.11463553709014479,0.0,0.009012892554731922,0.0,0.0,0.0398815301737673,0.0,0.0,-0.0206158440071466,0.0,0.040224489426907956,0.0,0.03838592348939316,-0.005030928396727905,-0.024355590348212025,-0.015267861450048215,-0.020599508891303193,0.0,0.0
2026-07-20 00:00:00+00:00,0.015030880096562478,0.007694873207658841,0.0,-0.028501682344056145,0.0,0.0,-0.016968715128626063,0.0,0.01995085960663051,0.0,0.027892009747728146,0.0,0.0,-0.03579231495467376,0.0,0.008935098839879502,-0.04635067570668443,0.07850948511960308,0.0,0.0,-0.0722009740533295,0.0,0.0,0.0,0.025271476569383177,-0.04310593521386711,-0.04312680710388104,0.0038380894280338907,0.0,0.014998874594845852,0.07985070146570011,0.0,-0.06404963968805699,0.0,0.0,-0.03965128874955634,0.0,-0.06757296427776273,-0.01989650149608831,0.0,0.03091261072140389,0.0,-0.014033025634080563,0.0,0.076648603826454,0.0,0.08923767756124455,0.0,0.0,0.0,0.0,0.0,0.004962865353734558,0.0,0.0,-0.049716639009091734,0.014026795839171139,0.0,0.025084281226283114,0.0,0.0,0.0,0.0,-0.07479969975647001,0.0,0.024990544753529128,0.0,0.0,0.050677261589074325,0.0,0.0,-0.013822169723668402,0.0,0.022993364596367617,0.0,0.0420550351811743,0.0020584621480124726,-0.03244799542936607,-0.0076468144915044795,0.004063991288288992,0.0,0.0
2026-07-21 00:00:00+00:00,0.007986163114457337,0.012663887961204873,0.0,-0.04676785788179451,0.0,0.0,0.00166799473863023,0.0,0.02283115959498772,0.0,0.01428691573786828,0.0,0.0,-0.02996679393687947,0.0,-0.016543588140381236,-0.03641469413216588,0.0796581720136047,0.0,0.0,-0.08198479325914503,0.0,0.0,0.0,0.01038270381233055,-0.06947385584461835,-0.06332199329833253,0.0011719950478865742,0.0,-0.02537111659732004,0.07824914693405333,0.0,-0.05710017112009402,0.0,0.0,-0.05767072325237583,0.0,-0.0801162296005538,0.012464711386917113,0.0,0.036848006211661066,0.0,-0.021262472033098223,0.0,0.08672903059379651,0.0,0.09688915840314974,0.0,0.0,0.0,0.0,0.0,0.003631694949516973,0.0,0.0,-0.06643019823670951,0.014266896278894301,0.0,0.030587519603364945,0.0,0.0,0.0,0.0,-0.020553117579763157,0.0,0.027006706678464415,0.0,0.0,0.06370888116801425,0.0,0.0,-0.01861264546681893,0.0,0.06246717013156375,0.0,0.050928802739561414,-0.021381397538483112,-0.021347095705121832,-0.009456687727222758,0.02934871425095011,0.0,0.0
2026-07-22 00:00:00+00:00,0.016367481178531797,0.022859687938235788,0.0,-0.019511187424901086,0.0,0.0,-0.03996493737334067,0.0,0.012180264790654097,0.0,-0.004825203752899542,0.0,0.0,-0.021750201645617712,0.0,-0.04587091216434871,-0.0366635074080264,0.08188104437788246,0.0,0.0,-0.07104609337615928,0.0,0.0,0.0,-0.001328893138325239,-0.04719815261214942,-0.01652462559555691,-0.0041028316251815735,0.0,-0.03725612501061389,0.05891360346599103,0.0,-0.017113053797678097,0.0,0.0,-0.041630530735786965,0.0,-0.01359764016368395,0.011157302383966314,0.0,0.024042833836910412,0.0,-0.015085982280083116,0.0,0.07888802428256063,0.0,0.07031161080476635,0.0,0.0,0.0,0.0,0.0,-0.029595278415246652,0.0,0.0,-0.039778371753103975,0.01695478961336696,0.0,0.019792245321138192,0.0,0.0,0.0,0.0,-0.04296263923136517,0.0,0.00815612266369406,0.0,0.0,0.047116376808801194,0.0,0.0,-0.02415613660573206,0.0,0.03857193533107254,0.0,0.04547008557118135,-0.025516864087980828,-0.024658366668183603,0.012837700201541758,0.054636426295669865,0.0,0.0
2026-07-23 00:00:00+00:00,0.022528158499891378,0.02688016375334763,0.0,-0.025423382620248857,0.0,0.0,-0.013004911256893013,0.0,0.029277574474090504,0.0,0.011407697532879263,0.0,0.0,-0.01069056612637552,0.0,-0.05525043287125181,-0.030151685201021523,0.06400266992190233,0.0,0.0,-0.06337921535976034,0.0,0.0,0.0,0.0051907602759262315,-0.04641003664045872,-0.028609727341325258,-0.0010273218851826142,0.0,-0.04358884653000514,0.0488952557946985,0.0,-0.02701903409332835,0.0,0.0,-0.02752840291241749,0.0,0.017368817892250817,-0.0016300024057405251,0.0,0.011683513733503462,0.0,-0.0017895850931831268,0.0,0.057129692233086435,0.0,0.07063908398555899,0.0,0.0,0.0,0.0,0.0,-0.03804271894548037,0.0,0.0,-0.03819030203181941,0.0012363926875520693,0.0,0.023956349156154286,0.0,0.0,0.0,0.0,-0.047138345543338615,0.0,0.015002999262895864,0.0,0.0,0.04753946138637311,0.0,0.0,-0.033469893133102474,0.0,0.03459253143218782,0.0,0.05046490138915426,-0.01920372461329804,-0.024795922319202898,-0.008396208494425746,0.04694424200640698,0.0,0.0
2026-07-24 00:00:00+00:00,0.029228988110409658,0.028707619183932224,0.0,-0.017573188911708358,0.0,0.0,0.004313309682144462,0.0,0.005676993139856292,0.0,-0.02883916732825202,0.0,0.0,-0.023286015192163848,0.0,-0.0029132574103304925,-0.033795553069543315,0.06855094721857213,0.0,0.0,-0.07100259036167024,0.0,0.0,0.0,0.0034168184012783953,-0.08543646832377826,-0.04195893605796948,-0.010270954770519229,0.0,-0.044019387840322284,0.04971164555732282,0.0,-0.046412306016881136,0.0,0.0,-0.05229015502712174,0.0,0.022831075829496315,-0.009027649009001387,0.0,0.0330089092993333,0.0,0.011754899729819026,0.0,0.06531783176342527,0.0,0.10231135194672451,0.0,0.0,0.0,0.0,0.0,-0.01214944750922033,0.0,0.0,-0.05208080017845055,0.01147732345569901,0.0,0.02443608031541464,0.0,0.0,0.0,0.0,-0.043216650275589664,0.0,0.013748624924519712,0.0,0.0,0.037807977534976035,0.0,0.0,-0.03824818606839117,0.0,0.0631124819138442,0.0,0.055598378980547876,-0.030731914818931092,-0.010600350785251721,-0.015013066478945292,0.03785478844672576,0.0,0.0
2026-07-25 00:00:00+00:00,0.020528409782426826,0.014311050606524824,0.0,0.033553239406421805,0.0,0.0,-0.017352181673428932,0.0,-0.01439727962662463,0.0,-0.016107744279641772,0.0,0.0,-0.01174917754323868,0.0,0.013091944959793394,-0.01935454557619958,0.0524229361616327,0.0,0.0,-0.06265137684016664,0.0,0.0,0.0,-0.0011841226020824513,-0.06786661455991028,-0.047692658470548016,-0.0011358430446408384,0.0,-0.09371485061241616,0.05248067578983652,0.0,-0.04330993604677526,0.0,0.0,-0.045690244200242223,0.0,0.025461885532676053,-0.012809034346104798,0.0,0.026042771970720323,0.0,0.009053045887236674,0.0,0.05818809676519299,0.0,0.08227898127453745,0.0,0.0,0.0,0.0,0.0,-0.014699903554743704,0.0,0.0,-0.036285321998231417,0.011017700964873698,0.0,0.011503333790891489,0.0,0.0,0.0,0.0,-0.010205742023300352,0.0,0.010031185472973853,0.0,0.0,0.0,0.0,0.0,-0.03453647632676005,0.0,0.108989447662622,0.0,0.04530270422422633,-0.013033950479486496,-0.0214476780617445,-0.013785014960477668,0.024752286574177683,0.0,0.0
2026-07-26 00:00:00+00:00,0.006124550739475779,0.011733020483190896,0.0,0.014564863557595984,0.0,0.0,0.00396490402062168,0.0,-0.0204662808600191,0.0,0.033146976306991746,0.0,0.0,-0.031178354860229827,0.0,0.002239533901395094,-0.008620305311425326,0.04277205484885706,0.0,0.0,-0.06579117182346664,0.0,0.0,0.0,-0.010623040509650161,-0.029042954971952164,-0.04634549567315227,0.0,0.0,-0.0790506240927388,0.05801407665086488,0.0,-0.024027751496866433,0.0,0.0,-0.04073573459012999,0.0,0.026681346145582988,-0.031901180621622005,0.0,0.01723096723571263,0.0,0.0019546888433569316,0.0,0.054704506408869175,0.0,0.04831341683860765,0.0,0.0,0.0,0.0,0.0,-0.0325019001318593,0.0,0.0,-0.045885123880582135,0.017518984240632314,0.0,0.021146533669210085,0.0,0.0,0.0,0.0,0.04139816360466978,0.0,0.005728852299068884,0.0,0.0,-0.024786439365186444,0.0,0.0,-0.032399760950357154,0.0,0.10526785079525074,0.0,0.03344081255294427,0.014127579684537832,-0.03012108877151205,-0.03459650882937447,0.02800003391268777,0.0,0.0
2026-07-27 00:00:00+00:00,0.017786643029987444,0.0006652525436271654,0.0,0.013776453273977328,0.0,0.0,0.02935721515047742,0.0,-0.02293486119689132,0.0,0.017506493164847182,0.0,0.0,-0.014452735338277357,0.0,-0.012711829847654591,-0.011439193773445953,0.03561258571424825,0.0,0.0,-0.059724622354296805,0.0,0.0,0.0,-0.005451054780845676,-0.018930774269305072,-0.036079873680778564,-0.008352245515637948,0.0,0.0071968118882355415,0.04892535582879805,0.0,-0.012537408341503345,0.0,0.0,-0.04125345089020894,0.0,0.01710735457159749,-0.007441639317761111,0.0,-0.010307594229891531,0.0,-0.015802860819793915,0.0,0.05228351437614398,0.0,0.05005502254303348,0.0,0.0,0.0,0.0,0.0,-0.03139885323477724,0.0,0.0,-0.03661295345522256,0.014155712569756129,0.0,0.0242538053329253,0.0,0.0,0.0,0.0,0.03349825786545042,0.0,-0.004211387631655907,0.0,0.0,-0.03303009481575342,0.0,0.0,-0.03729787707510222,0.0,0.07081679859640061,0.0,0.03577376412081079,-0.013439869689608436,-0.027769629799024434,-0.029727891168407503,0.02213766065552734,0.0,0.0
2026-07-28 00:00:00+00:00,0.021202506719469442,0.0017741584754252197,0.0,-0.02933988132624011,0.0,0.0,0.017789362378070276,0.0,-0.02097606279110348,0.0,0.009091856335149025,0.0,0.0,-0.0022433177952139935,0.0,0.04097094117722585,-0.01368872411429739,0.04122205678040227,0.0,0.0,-0.051979214511415586,0.0,0.0,0.0,0.009824293843627985,-0.009903588216338067,-0.04143259511011028,-0.001546528135334598,0.0,0.004210711222807013,0.048429584806045776,0.0,-0.018331041645204313,0.0,0.0,-0.04276922824364142,0.0,0.020264949939683332,-0.01885555733784779,0.0,-0.0038342667402352574,0.0,-0.01610792593563141,0.0,0.03545943706789459,0.0,0.03799866469949562,0.0,0.0,0.0,0.0,0.0,-0.03826632420846623,0.0,0.0,-0.03662748229330423,0.013158213365637118,0.0,0.022344481390321212,0.0,0.0,0.0,0.0,0.02772847187031092,0.0,0.005705391253680958,0.0,0.0,-0.03100881211682619,0.0,0.0,-0.030309103928781743,0.0,0.06567812043807969,0.0,0.030835483434246864,-0.006785883971593576,-0.023004069793304244,-0.02002442382288033,0.0033453468401971344,0.0,0.0
2026-07-29 00:00:00+00:00,0.026572171186742325,0.012143681918129758,0.0,-0.03568361916249198,0.0,0.0,0.00719454014745242,0.0,-0.013624731089096528,0.0,0.022309820839243665,0.0,0.0,0.004588107896028279,0.0,0.05313338752195253,-0.0030086818275531207,0.022721823229596903,0.0,0.0,-0.04493937873021727,0.0,0.0,0.0,0.0223390421954661,-0.005693231982944184,-0.04611874637836792,0.004161678323207555,0.0,-0.012891387273793901,0.049924336494155945,0.0,-0.023666462552391822,0.0,0.0,-0.042764079192023324,0.0,0.019229247403401276,-0.008047831600917743,0.0,-0.02199671429673524,0.0,-0.02013924097185525,0.0,0.035942346465317326,0.0,0.052123413860692226,0.0,0.0,0.0,0.0,0.0,-0.04181278908108702,0.0,0.0,-0.02947928497181555,0.0032168224340619494,0.0,0.024498366127160935,0.0,0.0,0.0,0.0,0.02751653793678017,0.0,0.0020886277486210436,0.0,0.0,-0.033158565508197936,0.0,0.0,-0.0262857557964007,0.0,0.03734880215632109,0.0,0.03654065033893184,-0.0029997984375647107,-0.02596585310049729,-0.014714002717693622,-0.010603249551618286,0.0,0.0
2026-07-30 00:00:00+00:00,0.01975011374640169,0.01546768493212693,0.0,-0.0516094030159776,0.0,0.0,-0.02329332444603296,0.0,-0.004920832314397071,0.0,0.011701045007438191,0.0,0.0,0.015660929375658557,0.0,0.053534130594569546,-0.0030403978283016185,0.03190771538048551,0.0,0.0,-0.05406102812034694,0.0,0.0,0.0,0.024600073049434342,0.0018461430415490593,-0.027833374629564915,-0.003559079046444488,0.0,-0.0037277644697492024,0.03714170988286342,0.0,-0.030132047436374747,0.0,0.0,-0.04420717342436721,0.0,0.005721379573701147,-0.013930890397232262,0.0,-0.01269189913680964,0.0,-0.010192420714930468,0.0,0.02800085259596246,0.0,0.03332016376770546,0.0,0.0,0.0,0.0,0.0,-0.03386050050152789,0.0,0.0,-0.017259107446961942,-0.007792685276251076,0.0,0.018453313038130872,0.0,0.0,0.0,0.0,0.022742755286384343,0.0,0.000921081723818587,0.0,0.0,-0.02616262993715512,0.0,0.0,-0.025245021891090545,0.0,0.07957202786784762,0.0,0.031229728818181233,-0.009538378945398898,-0.023147506362211898,-0.006353064964324222,0.0009876826231918674,0.0,0.0
2026-07-31 00:00:00+00:00,0.021180097031106106,0.014928234629936525,0.0,-0.029363129776760668,0.0,0.0,-0.024477048165801683,0.0,-0.01539643943584837,0.0,0.012909064922465094,0.0,0.0,0.017075911998183355,0.0,0.0708080628971083,-0.00653562351246946,0.03692774852214178,0.0,0.0,-0.057928405474061084,0.0,0.0,0.0,0.015220419886426334,0.00857542794267987,-0.03192216289001179,-0.01481569546049041,0.0,-0.0012890377311887428,0.03446460964471843,0.0,-0.004370830853622146,0.0,0.0,-0.04525786814188402,0.0,0.0038489802556603506,-0.007457618426496222,0.0,0.008539480045307423,0.0,-0.020804183672481658,0.0,0.024070891685001435,0.0,0.01707856493104073,0.0,0.0,0.0,0.0,0.0,-0.029329386389054815,0.0,0.0,-0.02096677074052354,-0.015277583351910248,0.0,0.011350848419438711,0.0,0.0,0.0,0.0,0.01835050075075307,0.0,0.007706351096059236,0.0,0.0,-0.020016148284543074,0.0,0.0,-0.02291842709134049,0.0,0.07219501796747017,0.0,0.027030199823232227,-0.004579067787039114,-0.024842863749294168,-0.0339149938756287,0.009202872361721228,0.0,0.0
2026-08-01 00:00:00+00:00,0.024595723031408064,0.024680415962337478,0.0,0.0,0.0,0.0,-0.04755065712099463,0.0,-0.01149105499995157,0.0,0.017626419597012388,0.0,0.0,0.00485578012850646,0.0,0.09992331078308789,-0.005608449134152098,0.027811155680095682,0.0,0.0,-0.06810257208656516,0.0,0.0,0.0,0.018393969365175865,0.0031328660396409023,-0.04695878021179685,0.0,0.0,-0.0054495886303482,0.042946698909112006,0.012461773216230366,0.00045047198497067287,0.0,0.0,-0.05343271128510936,0.0,0.01232980310484489,-0.008490842343986648,0.0,-0.000464178864019705,0.0,-0.02343163052084041,0.0,0.024107665630660833,0.0,0.005008831626630867,0.0,0.0,0.0,0.0,0.0,-0.029508411640215462,0.0,0.0,-0.03490003274285176,0.01762850656050723,0.0,0.02468398160691924,0.0,0.0,0.0,0.0,0.02734439336835053,0.0,-0.010706013054832387,0.0,0.0,-0.02842745681139119,0.0,0.0,-0.02822916206848529,0.0,0.05366901183524738,0.0,0.03824516089237875,-0.015126547265902035,-0.0316345362677713,-0.03506128617430905,0.004677971900405728,0.0,0.0
2026-08-02 00:00:00+00:00,0.021299736690491455,0.030638418031470546,0.0,0.0,0.0,0.0,-0.045658500744909486,0.0,0.004402144956803701,0.0,-0.013292754127688091,0.0,0.0,0.013752482709818083,0.0,0.08101982413782255,-0.0016724080852393178,0.020867384824781867,0.0,0.0,-0.06106381155455026,0.0,0.0,0.0,0.013172824292956863,-0.004805484870931327,-0.001643602092737496,0.0,0.0,-0.018697530607422498,0.04094383887611169,0.012254285300369473,-0.0045120603159597315,0.0,0.0,-0.047789320549225585,0.0,0.028645887848271902,-0.035012237059984304,0.0,0.01530459265790555,0.0,-0.013801987995286497,0.0,0.020127223955605032,0.0,-0.01624746967116459,0.0,0.0,0.0,0.0,0.0,-0.03193914269447905,0.0,0.0,-0.0367275788276491,0.0189985759048842,0.0,0.0274513319758578,0.0,0.0,0.0,0.0,0.026546364186710587,0.0,-0.037782889788554,0.0,0.0,-0.02711626987124649,0.0,0.0,-0.011224480795115777,0.0,0.10334199544867614,0.0,0.041834110265030415,-0.04618456483286039,-0.032477911612121574,-0.036286241163044415,0.003335225196602124,0.0,0.0
2026-08-03 00:00:00+00:00,0.01437480141557602,0.05137780444383287,0.0,0.0,0.0,0.0,-0.05798319954129483,0.0,0.014605257100781702,0.0,0.03060267842272692,0.0,0.0,0.02269363022891666,0.0,0.12992632639063542,0.0031653904140622087,0.01605338489416816,0.0,0.0,-0.08108689964764336,0.0,0.0,0.0,0.009302806161254876,-0.006838696443661214,0.008295054892271012,0.0,0.0,-0.04567164746474703,0.05070521327505017,0.010141078106865709,0.016882821437365744,0.0,0.0,-0.07815065497559472,0.0,0.05376796415827963,-0.02262614780287581,0.0,0.03270077328912842,0.0,-0.02732856295669144,0.0,0.027401690260229677,0.0,-0.043871755886901516,0.0,0.0,0.0,0.0,0.0,-0.04323022370635064,0.0,0.0,-0.053347119575628224,0.015431855076928822,0.0,0.04883422052625815,0.0,0.0,0.0,0.0,0.03113938264259907,0.0,-0.04141203991637037,0.0,0.0,-0.04004842326982761,0.0,0.0,-0.032277419155492454,0.0,0.04363144851327179,0.0,0.06013187801807587,-0.06427029359823923,-0.03482905023545755,-0.042092436294249934,0.023899110802746978,0.0,0.0
2026-08-04 00:00:00+00:00,0.010241809272965176,0.04869844976050103,0.0,0.0,0.0,0.0,-0.03735054614859705,0.0,0.017920785050979184,0.0,0.025524005798862534,0.0,0.0,-0.00040059713392964595,0.0,0.12659397764738187,-0.02031192475239308,0.01767519599360743,0.0,0.0,-0.08354611951732525,0.0,0.0,0.0,-0.004681793862407383,-0.009900439892838845,0.041148725517081826,0.0,0.0,-0.06056500447354253,0.02332034104604942,-0.011552405102558838,0.028136707627151418,0.0,0.0,-0.07872875598557036,0.0,0.04811139579814161,0.006037079130124653,0.0,0.01764464089085371,0.0,-0.03796555684392713,0.0,-0.004057519599769492,0.0,-0.0643103861197931,0.0,0.0,0.0,0.0,0.0,-0.021463989167403504,0.0,0.0,-0.025535997641788172,0.009327744080734873,0.0,0.03892924705279849,0.0,0.0,0.0,0.0,0.034892121900667136,0.0,-0.06835209445951348,0.0,0.0,-0.02963309443215645,0.0,0.0,0.006598015809889885,0.0,0.16776982342002789,0.0,0.04377792820267047,-0.06450260473645386,-0.03230284127682306,-0.0602687257768638,0.0030824029231665707,0.0,0.0
2026-08-05 00:00:00+00:00,-0.0019059462989493483,0.06385334219651229,0.0,0.0,0.0,0.0,-0.01838817444895673,0.0,0.02868132883782416,0.0,0.03693231891674106,0.0,0.0,-0.024866757435547764,0.0,0.1476927367956731,-0.018664060729135432,0.04023307210303441,0.0,0.0,-0.10304023847882093,0.0,0.0,0.0,-0.007671019734725621,-0.023562901609134365,0.05738528484953326,0.0,0.0,-0.04617798648161734,0.028744812844296627,-0.03442149938633872,0.011334690944719143,0.0,0.0,-0.07942902864783682,0.0,0.031005750057136072,-0.019273289983809613,0.0,0.03379009094569183,0.0,-0.03241364746831928,0.0,-0.012882151352064069,0.0,-0.03987043739125455,0.0,0.0,0.0,0.0,0.0,-0.0059328342353846516,0.0,0.0,-0.040872198493599556,0.025228025753229067,0.0,0.053449606302264314,0.0,0.0,0.0,0.0,0.05203076131822521,0.0,-0.047046579287176614,0.0,0.0,-0.03132871860083451,0.0,0.0,-0.005748140016807448,0.0,0.1567902477615881,0.0,0.0363301149803219,-0.06925071318175406,-0.025218813638794146,-0.08955203022876612,-0.025965017477162525,0.0,0.0
2026-08-06 00:00:00+00:00,-0.013891259160366598,0.05796070474025887,0.0,0.0,0.0,0.0,0.02714901734490829,0.0,0.0025130336426949893,0.0,0.03443129752858045,0.0,0.0,0.00828448626074568,0.0,0.14555380037689736,-0.015181962361730477,0.05340767290426642,0.0,0.0,-0.07833103122996447,0.0,0.0,0.0,-0.007018825279940926,-0.021680021830221288,0.04979984776501139,0.0,0.0,-0.06428643706888351,0.041298402524070264,-0.02823672299499058,0.022366106041168038,0.0,0.0,-0.07532004708281194,0.0,0.0010217353157971475,-0.001039734043899928,0.0,0.028094853578696757,0.0,-0.041930865951117856,0.0,-0.004533596868111477,0.0,0.012004121894600858,0.0,0.0,0.0,0.0,0.0,-0.013253024792938503,0.0,0.0,-0.05008486096953268,0.02102771224293708,0.0,0.051744220383761926,0.0,0.0,0.0,0.0,0.04116825923876589,0.0,-0.03810508339772048,0.0,0.0,-0.03856051014303905,0.0,0.0,0.0019639167612866366,0.0,0.10255251231555829,0.0,0.03394611129415412,-0.05612432643677651,-0.027602035304286492,-0.0949037994707577,-0.06620366776706986,0.0,0.0
2026-08-07 00:00:00+00:00,-0.014176020164918708,0.06756417406411148,0.0,0.0,0.0,0.0,0.023235130446529806,0.0,0.011170148213727804,0.0,0.034741404005113705,0.0,0.0,-0.01395849913380417,0.0,0.1370170740629292,-0.010917768886207256,0.03531438467411049,0.0,0.0,-0.04990324063115074,0.0,0.0,0.0,0.06892929344217641,-0.01057857302823575,0.04722042283815558,0.0,0.0,-0.0494409124376119,0.05669154639633184,-0.025475884767349452,-0.0007934193364058205,0.0,0.0,-0.024055057624476867,0.0,0.005588527672153977,0.026912324894320633,0.0,-0.022792676922237173,0.0,-0.03677702341698785,0.0,0.00409564866947825,0.0,0.036338210930632046,0.0,0.0,0.0,0.0,0.0,-0.03849475345628396,0.0,0.0,-0.04183900403347876,0.01921136155462418,0.0,0.046420480249811824,0.0,0.0,0.0,0.0,0.02817326934361759,0.0,-0.06703927636126508,0.0,0.0,-0.058358687435664115,0.0,0.0,0.01713886540979073,0.0,0.032746116016927576,0.0,0.01955389046949703,-0.02977932016863828,-0.0283034082920512,-0.10646576200940816,-0.08891298524786502,0.0,0.0
2026-08-08 00:00:00+00:00,0.002743638365651606,0.05048901725341698,0.0,0.0,0.0,0.0,0.01274743628720418,0.0,0.008616842624552147,0.0,0.017156919041411027,0.0,0.0,0.02109192754396252,0.0,0.1041080122132284,-0.02969088314701717,0.07430012043905382,0.0,0.0,-0.05114794726480059,0.0,0.0,0.0,0.052698240277792636,0.00985856186517735,0.03172374358286322,0.0,0.0,-0.008380933901013923,0.05774932708051937,-0.009950712007765122,-0.027154221533211016,0.0,0.0,-0.07224369596287195,0.0,-0.018351205246196187,0.007238970059989355,0.0,-0.02651962395601992,0.0,-0.03928947935422539,0.0,0.02313851101463668,0.0,0.04391586388305702,0.0,0.0,0.0,0.0,0.0,-0.048677164523326204,0.0,0.0,-0.0202816305118518,-0.018743874828704033,0.0,0.030307136357617472,0.0,0.0,0.0,0.0,0.01534295677868062,0.0,0.012036971631237433,0.0,0.0,-0.024635713519545313,0.0,0.0,-0.011818129420806437,0.0,0.04557650932205884,0.0,0.011564101472256257,-0.04107103985604557,-0.021182957778812222,-0.08526684243496853,-0.07799875184718547,0.0,0.0
2026-08-09 00:00:00+00:00,0.00790196275586075,0.051894017778209914,0.0,0.0,0.0,0.0,0.026078517588266355,0.0,-0.03798477459167684,0.0,0.0015724970649953287,0.0,0.0,0.019308445373150445,0.0,0.11703743568800677,-0.03598053326225001,0.05902963007123638,0.0,0.0,-0.021246351391374232,0.0,0.0,0.0,0.06124256239382346,0.003954615655609797,0.0230917276847327,0.0,0.0,-0.03853805536953062,0.0452195037992864,-0.006223704623344049,-0.014125188342508222,0.0,0.0,-0.04838805366939932,0.0,-0.023466349045894685,0.034502426692996316,0.0,-0.04065230787401677,0.0,-0.027119596648483794,0.0,0.026695838543508113,0.0,0.04582125117041948,0.0,0.0,0.0,0.0,0.0,-0.06053235675233582,0.0,0.0,-0.005049193518775465,-0.006742789128081994,0.0,0.025834886975781856,0.0,0.0,0.0,0.0,-0.005002504511070121,0.0,0.042104059914055116,0.0,0.0,0.0019380129288057496,0.0,0.0,-0.031909754127441944,0.0,-0.002636898778178425,0.0,0.017760999128208714,-0.018741456456843445,-0.028198262003201417,-0.0963339561532896,-0.06211630495925666,0.0,0.0
2026-08-10 00:00:00+00:00,-0.008781608092243076,0.041180622884715135,0.0,0.0,0.0,0.0,0.019104054675485777,0.0,-0.04511969589996653,0.0,0.004561736454818282,0.0,0.0,0.0065530201446415475,0.0,0.11924967203251916,-0.036309937572103386,0.07170835057914199,0.0,0.0,-0.026154068490897044,0.0,0.0,0.0,0.06100633469657772,-0.035798202269871335,0.007813610109756645,0.0,0.0,-0.07564585317997077,0.0421214486818622,0.0015296418102347118,-0.007583980074801157,0.0,0.0,-0.064883457682885,0.0,0.004065310404327164,0.04058191416585509,0.0,-0.04348761996875154,0.0,0.001794476131157105,0.0,-0.0042975338126301586,0.0,0.028031695047769378,0.0,0.0,0.0,0.0,0.0,-0.05925594736673579,0.0,0.0,-0.009675224508603256,0.01085682130948116,0.0,0.020442497594386606,0.0,0.0,0.0,0.0,-0.005148604215718863,0.0,0.05600399456462673,0.0,0.0,0.0019355960698838935,0.0,0.0,-0.05125441592617032,0.0,0.11771120844037058,0.0,0.015822366401551217,0.004980150415626288,-0.020273402039048715,-0.10596020252906696,-0.0774247689853245,0.0,0.0
2026-08-11 00:00:00+00:00,-0.032774517755510234,0.03835123105760556,0.0,0.0,0.0,0.0,0.01686475553392335,0.0,-0.023158085667197473,0.0,0.003179682162516935,0.0,0.0,-0.014920109388374181,0.0,0.14159483666831377,-0.04224463749725282,0.04479269226996198,0.0,0.0,-0.02819232405435056,0.0,0.0,0.0,0.06175156993134306,-0.018568167829831554,0.009849335183547475,0.0,0.0,-0.08476055108056343,0.028409817839922493,-0.011427649332717067,-0.011705440282831147,0.0,0.0,-0.049760001977345564,0.0,-0.031242587048099336,0.06612666011124883,0.0,-0.04768646990140568,0.0,0.00803276703564162,0.0,0.028396104834448356,0.0,0.02639480572351476,0.0,0.0,0.0,0.0,0.0,-0.064022288326399,0.0,0.0,0.020764333176279216,0.012134231710023133,0.0,0.03066831837674046,0.0,0.0,0.0,0.0,-0.012228398468811397,0.0,0.06139764937535268,0.0,0.0,-0.006810583254670582,0.0,0.0,-0.05189685160666777,0.0,0.1455381881181387,0.0,0.029605002949136774,-0.02091829454294511,0.011805219148075679,-0.12085368605307405,-0.11248655713768786,0.0,0.0
2026-08-12 00:00:00+00:00,-0.030906372933260297,0.03408162337691305,0.0,0.0,0.0,0.0,0.003827772919025625,0.0,-0.022548641763267267,0.0,-0.020129173332476002,0.0,0.0,-0.021107020866249875,0.0,0.12570505844913854,-0.04185670527827638,0.013588300342100939,0.0,0.0,-0.05389595739945352,0.0,0.0,0.0,0.05539483407222407,0.03478093906243049,-0.02329962479265701,0.0,0.0,-0.07779204524051234,0.023449156606705827,7.835584346822507e-05,-0.001116299365447931,0.0,0.0,-0.06797747061422352,0.0,-0.054370470490680896,0.055565819061192234,0.0,-0.00040772774168648597,0.0,0.010249023148223011,0.0,0.055932989638718976,0.0,0.034546094506072725,0.0,0.0,0.0,0.0,0.0,-0.03782034811034449,0.0,0.0,0.008662776452485182,0.009481736322215998,0.0,0.018072850839524167,0.0,0.0,0.0,0.0,-0.005226492022820364,0.0,0.060576603163610174,0.0,0.0,-0.0,0.0,0.0,-0.07298622450621195,0.0,0.18549119056655064,0.0,0.0005595065279373564,-0.0197046075089505,0.009784045121702197,-0.10321914250245505,-0.08546435155126557,0.0,0.0
2026-08-13 00:00:00+00:00,-0.008050151056420846,0.030728359736790993,0.0,0.0,0.0,0.0,-0.008842970132759394,0.0,-0.05582378521717662,0.0,-0.006627848168872391,0.0,0.0,0.0038410405302674406,0.0,0.10542473797929645,-0.039638366686590404,0.023427555187768928,0.0,0.0,-0.04440385910520886,0.0,0.0,0.0,0.04620086874085118,0.016801475741852864,-0.019201228417777088,0.0,0.0,-0.06577180921965359,0.021510522254990175,0.006468824673351823,-0.016703536099273834,0.0,0.0,-0.07174446306962823,0.0,-0.03791148184125582,0.03571869573404247,0.0,0.010710450999417604,0.0,0.005829864244615281,0.0,0.04915212472380394,0.0,0.02522124469195649,0.0,0.0,0.0,0.0,0.0,-0.00046698264804702247,0.0,0.0,-0.016961914861805087,0.013552213088793754,0.0,-0.00823769330097892,0.0,0.0,0.0,0.0,-0.0036231122371137747,0.0,0.052250709496823027,0.0,0.0,0.013447284350408373,0.0,0.0,-0.06774612174266467,0.0,0.2043505318860814,0.0,-0.021571534105186873,-0.03133339063039841,0.012186358985709645,-0.07880057110493077,-0.07336204340107928,0.0,0.0
2026-08-14 00:00:00+00:00,-0.010898289773000993,0.034977161949809425,0.0,0.0,0.0,0.0,-0.01935544601700565,0.0,-0.03273403356380259,0.0,0.019423026810417025,0.0,0.0,-0.0576266638808843,0.0,0.1109844464093138,-0.036524533760774185,-0.014659837881678999,0.0,0.0,-0.03947586886247352,0.0,0.0,0.0,0.05410933509281976,0.019913656637407306,-0.017819306456870857,0.0,0.0,-0.09099617321034507,0.03869501457906095,0.02864584821192621,-0.024027407312590596,0.0,0.0,-0.07011367294870768,0.0,-0.06000700344368042,0.0413229671850919,0.0,-6.217681793863426e-19,0.0,0.0,0.0,0.06891755450322906,0.0,0.012964840486506231,0.0,0.0,0.0,0.0,0.0,-0.0071970182614547835,0.0,0.0,0.006210469493612997,0.0075610818364317415,0.0,-0.0,0.0,0.0,0.0,0.0,0.00580541284952207,0.0,0.06665882425284123,0.0,0.0,0.020414254507832536,0.0,0.0,-0.07099184728384829,0.0,0.22362842193513083,0.0,-0.03681476920778868,-0.027170105878087585,0.02489536403502248,-0.08404869824058996,-0.08466700479239149,0.0,0.0
2026-08-15 00:00:00+00:00,-0.01792745551924783,0.032755187110144364,0.0,0.0,0.0,0.0,-0.05330597446629452,0.0,-0.060111786964573574,0.0,0.032781898230093184,0.0,0.0,-0.0700638814140995,0.0,0.14029714630914347,-0.02031250791923964,-0.02720388067884635,0.0,0.0,-0.034310408595604865,0.0,0.0,0.0,0.059063555392298656,0.025463594973933797,-0.03292391900135795,0.0,0.0,-0.10702678250738432,0.05633165095623923,0.0339096608838298,-0.0194096755909603,0.0,0.0,-0.07393466673208997,0.0,-0.04909031399611954,0.06652019189327632,0.0,-0.02325323282741989,0.0,0.011120745243256257,0.0,0.09633786968556017,0.0,-0.027573952571166144,0.0,0.0,0.0,0.0,0.0,-0.004637346211444635,0.0,0.0,0.0,7.182824131925467e-18,0.0,-8.425431314299649e-18,0.0,0.0,0.0,0.0,0.018078391568063592,0.0,0.08175466054865016,0.0,0.0,0.015310090897617737,0.0,0.0,-0.07292549248125957,0.0,0.25257989839202083,0.0,-0.046990348106344,8.041503282337833e-19,0.03348518714992073,-0.12033703777028154,-0.09445106588031414,0.0,0.0
2026-08-16 00:00:00+00:00,-0.006906203431005127,0.016468018595449916,0.0,0.0,0.0,0.0,-0.054164805832082885,0.0,-0.05680567424694978,0.0,0.02448499911994314,0.0,0.0,-0.06353599024006022,0.0,0.1341585733799034,-0.016481958321067566,0.023342781430844513,0.0,0.0,-0.04296601512006563,0.0,0.0,0.0,0.047543081904482566,0.02425080841552496,-0.0380244373324063,0.0,0.0,-0.06734888123045521,0.0636209579063082,0.033129963029065665,-0.01128849581705349,0.0,0.0,-0.07978063857934323,0.0,-0.06346242745110534,0.05441804041205332,0.0,-0.01541520487216416,0.0,0.027083747909015958,0.0,0.08599168393283883,0.0,-0.009988767151473458,0.0,0.0,0.0,0.0,0.0,-0.012584479296896262,0.0,0.0,1.1105167582851793e-18,0.0016027854287314863,0.0,-0.019649807794551884,0.0,0.0,0.0,0.0,0.010581342650011956,0.0,0.06952965487756517,0.0,0.0,-0.0,0.0,0.0,-0.07361125638887786,0.0,0.19950572647547435,0.0,-0.03621564556137958,0.0,0.03382132322546217,-0.106443573585873,-0.07485922643986467,0.0,0.0
2026-08-17 00:00:00+00:00,0.013429600301064612,-7.27455500235407e-18,0.0,0.0,0.0,0.0,-0.06721515056129622,0.0,-0.04657863508954436,0.0,0.020623079457977152,0.0,0.0,-0.04414120763545005,0.0,0.11505064724146254,-0.009714409246026158,0.011579027315275433,0.0,0.0,-0.04406073178471143,0.0,0.0,0.0,0.04789618490675648,0.04045110295421293,-0.02680993440754684,0.0,0.0,-0.09334215530788544,0.07005936766646863,0.047758758840135154,-0.01058982884451417,0.0,0.0,-0.07443769423493149,0.0,-0.06650882177456845,0.061323956431038024,0.0,-0.02305898557412259,0.0,0.01731054112052291,0.0,0.08536984256355896,0.0,0.022512833683142743,0.0,0.0,0.0,0.0,0.0,-0.009875202544774773,0.0,0.0,-0.007132654966876923,0.0,0.0,-0.029646189238065692,0.0,0.0,0.0,0.0,0.014254887373552128,0.0,0.055870263472197784,0.0,0.0,-0.0,0.0,0.0,-0.06088842703642739,0.0,0.19707750908854627,0.0,-0.03310381565269658,-0.01196955474472812,0.03906550506133902,-0.11352757930777581,-0.0870321295253084,0.0,0.0
2026-08-18 00:00:00+00:00,0.02644417275323681,-0.007622833541899661,0.0,0.0,0.0,0.0,-0.05124663009011049,0.0,-0.04380919370454725,0.0,0.010040547192137768,0.0,0.0,-0.02942460261682421,0.0,0.10576301950506717,-0.012344992232102647,0.07391548951992327,0.0,0.0,-0.04661695697772735,0.0,0.0,0.0,0.016435753620345186,0.03322150574188966,-0.04156176102567615,0.0,0.0,-0.05520002617658981,0.08095154751456075,0.03286129798199501,-0.013137013823453536,0.0,0.0,-0.0823391871963123,0.0,-0.02512961242621237,0.03522217088994198,0.0,-0.03775804753829461,0.0,0.021886290500768877,0.0,0.07376015235858185,0.0,0.008438895774819512,0.0,0.0,0.0,0.0,0.0,-0.0,0.0,0.0,-0.026749094373297814,1.497188615987956e-18,0.0,-0.02957786536294923,0.0,0.0,0.0,0.0,0.011766154936462922,0.0,0.05959073283196689,0.0,0.0,-0.0033015112668524256,0.0,0.0,-0.0800790726550955,0.0,0.1455799627993555,0.0,-0.025597840259515652,-0.0045895673401882215,0.019509848883235006,-0.08888443949191972,-0.050417294704719284,0.0,0.0
2026-08-19 00:00:00+00:00,0.028637946199944708,0.016316172143683586,0.0,0.0,0.0,0.0,-0.056589391103330125,0.0,-0.03055982980793758,0.0,0.020634130160982332,0.0,0.0,-0.026947779309530684,0.0,0.06871574905565317,-1.6678238650760978e-18,0.09262971128800127,0.0,0.0,-0.04656434659705703,0.0,0.0,0.0,0.015442532511425503,0.02051724773435132,-0.04411606712605713,0.0,0.0,-0.07262749735812427,0.08880783839595251,0.03833808789203146,-0.043169626117084234,0.0,0.0,-0.07414939704374085,0.0,0.04687757119831545,0.03360162071316357,0.0,-0.04662101037294783,0.0,0.010950760605827474,0.0,0.0761884570327407,0.0,-0.005596758322165247,0.0,0.0,0.0,0.0,0.0,-0.018630828418812563,0.0,0.0,-0.029996589903166712,0.0017802415622387782,0.0,-0.03126296389459964,0.0,0.0,0.0,0.0,0.014258016593670804,0.0,0.07956336557430949,0.0,0.0,-0.05560121380304155,0.0,0.0,-0.060667403789346576,0.0,0.15333665870744517,0.0,-0.012210780650693307,-0.00404364446950275,0.009922590636048617,-0.10112577918454531,-0.056037790734102574,0.0,0.0
2026-08-20 00:00:00+00:00,0.015266163877109032,-0.01399600922982746,0.0,0.0,0.0,0.0,-0.07671374084690398,0.0,0.021225839441858754,0.0,0.006735945501860513,0.0,0.0,-0.07480135075894617,0.0,0.09457324071234656,-0.037443070985030906,0.09773076750339879,0.0,0.0,-0.057825308891866774,0.0,0.0,0.0,0.01931856738278066,0.0476380576068424,-0.07144567156937653,0.0,0.0,-0.034511029294591586,0.05743939573847194,0.03909074282062319,-0.061468596100161504,0.0,0.0,-0.08288164507728717,0.0,0.048990706614979285,0.05360252831144371,0.0,-0.055457811107448594,0.0,-0.005463113273288596,0.0,0.07709833257035421,0.0,0.0247860327278614,0.0,0.0,0.0,0.0,0.0,-0.03604761188802827,0.0,0.0,-0.01901041455336344,-0.001985914520334393,0.0,-0.008594191669588597,0.0,0.0,0.0,0.0,-0.006447782755360577,0.0,0.07671689569055332,0.0,0.0,-0.036818944101092224,0.0,0.0,-0.038389566071936894,0.0,0.04358713068197533,0.0,-0.029295604434640285,0.006692638058656693,0.006314420196615392,-0.015240607693202143,0.02703057938454476,0.0,0.0
2026-08-21 00:00:00+00:00,-0.008818846054644324,-0.013986027554425098,0.0,0.0,0.0,0.0,-0.09178024794424271,0.0,0.005655296440991793,0.0,0.020518648380691885,0.0,0.0,-0.02329187697273901,0.0,0.1135553057947085,-0.043738987300723384,0.10952705089540464,0.0,0.0,-0.08045555450071525,0.0,0.0,0.0,0.032826829877537336,0.06266494019411398,-0.03265772646586602,0.0,0.0,-0.015715293423621237,0.054157506350203714,0.03409276157461715,-0.041465867793050934,0.0,0.0,-0.07100324400024789,0.0,0.05147674713859664,0.022323824387186293,0.0,-0.059670715842552784,0.0,-0.03207682998088578,0.0,0.07430479604104209,0.0,-0.008109770707430746,0.0,0.0,0.0,0.0,0.0,-0.056104837242813003,0.0,0.0,-0.014000643299728062,0.008994119054949004,0.0,0.013191967663733208,0.0,0.0,0.0,0.0,-0.015211284943969349,0.0,0.07524914312421621,0.0,0.0,-0.04344677152112106,0.0,0.0,-0.050467068378933125,0.0,0.010494738885754475,0.0,-0.04177205186985582,0.021641810901554794,-0.014100516468645529,0.003962149384579196,0.04323652617633032,0.0,0.0
2026-08-22 00:00:00+00:00,0.004355709616824357,-0.005372215781656496,0.0,0.0,0.0,0.0,-0.06631886299235974,0.0,-0.02344625625091798,0.0,-0.01620907809785007,0.0,0.0,0.0014068230548895959,0.0,0.11215375415201694,-0.04230512802541475,0.10405999427769422,0.0,0.0,-0.09395926060814104,0.0,0.0,0.0,0.0440753987467376,0.0578812025130321,-0.03008226885202704,0.0,0.0,0.0029579282283824903,0.05380739024282374,0.019315430200550154,-0.05537923816642297,0.0,0.0,-0.038739373284187216,0.0,0.047380539238515526,-0.013309045303598794,0.0,-0.07820856215816295,0.0,-0.04075998738232119,0.0,0.07247430004594842,0.0,0.011059595244154318,0.0,0.0,0.0,0.0,0.0,-0.041164508043987,0.0,0.0,-0.03131826324703207,0.012257788537551278,0.0,0.021040811418393948,0.0,0.0,0.0,0.0,-0.01210520236568209,0.0,0.07458504318697454,0.0,0.0,-0.013038357201432526,0.0,0.0,-0.018760446542662196,0.0,-0.013671827090310682,0.0,-0.043478003264439895,0.027637156702678856,-0.041421419557093025,0.005335213231780131,0.047263225576751715,0.0,0.0
2026-08-23 00:00:00+00:00,0.02312691242780832,0.004555420185839581,0.0,0.0,0.0,0.0,-0.06067204441267835,0.0,0.01084720333168784,0.0,-0.0059250126636430705,0.0,0.0,0.0018847172140442508,0.0,0.11368741377272004,0.004691350029512521,0.07647336869453172,0.0,0.0,-0.06733044726491044,0.0,0.0,0.0,0.02984809063429163,0.05942479534339293,-0.01275174960543771,0.0,0.0,-0.013087098679589366,0.030724507027070132,0.006731030219213428,-0.05895430663258886,0.0,0.0,-0.03537882352653835,0.0,0.013805382604252592,-0.06886743356887054,0.0,-0.0541994756455778,0.0,-0.05886917993869145,0.0,0.03728103904963359,0.0,0.010476125009379306,0.0,0.0,0.0,0.0,0.0,-0.04745827256694256,0.0,0.0,0.010174183632194847,-0.030559105260923144,0.0,0.02111570690815274,0.0,0.0,0.0,0.0,-0.0199924216535087,0.0,0.06629971467080152,0.0,0.0,-0.024893078500129236,0.0,0.0,-0.02757135104124197,0.0,0.0564032118502753,0.0,-0.02213171663539878,0.026229442032783757,-0.03221155194493322,-0.007403374467440485,0.04447682937145806,0.0,0.0
2026-08-24 00:00:00+00:00,0.03754291294505818,0.007935506033822084,0.0,0.0,0.0,0.0,-0.06216191964856917,0.0,0.01079235041741653,0.0,-0.015396375299283244,0.0,0.0,-0.01462209369470942,0.0,0.13620466132057926,0.002540154879553921,0.09003196571191265,0.0,0.0,-0.05896598144530165,0.0,0.0,0.0,0.016618113471104493,0.0676520180967995,-0.02464372033222398,0.0,0.0,-0.015620759879803988,0.03268181043455908,0.014996461031698232,-0.0677484825753543,0.0,0.0,-0.04010481951044008,0.0,0.04826506341787721,-0.06634393755480657,0.0,-0.025509072924331275,0.0,-0.06769090665675269,0.0,0.036294599874556736,0.0,-0.010484743067717768,0.0,0.0,0.0,0.0,0.0,-0.010431971293222476,0.0,0.0,0.020927707869606196,-0.04088598067717412,0.0,0.015643929466259518,0.0,0.0,0.0,0.0,-0.023499956998031687,0.0,0.08651719505605641,0.0,0.0,0.002031210355309475,0.0,0.0,-0.037431517780864766,0.0,-0.07286040272483367,0.0,-0.02208591639599523,0.02816074036977335,-0.026755902666575716,-0.004433355449920829,0.052841415823969826,0.0,0.0
2026-08-25 00:00:00+00:00,0.016967745245458795,0.005846466849330986,0.0,0.0,0.0,0.0,-0.07151615895253792,0.0,-0.0028606566748741406,0.0,-0.004149164917100079,0.0,0.0,-0.00045989711860993233,0.0,0.10811003752093254,0.00038360199041816915,0.07360646957836872,0.0,0.0,-0.054224496643758564,0.0,0.0,0.0,0.016669569160445197,0.034917986890643835,-0.03885174007396394,0.0,0.0,-0.014359456703163095,0.031334811030121104,0.016360800982125858,-0.058660442765257434,0.0,0.0,-0.03221122010577775,0.0,0.03747460978720471,-0.05295423569460938,0.0,0.009537809373944078,0.0,-0.06224661022570976,0.0,0.03116081611340536,0.0,0.005000811225938747,0.0,0.0,0.0,0.0,0.0,-0.023580844173110693,0.0,0.0,0.0023137622172297047,-0.027957012083742665,0.0,0.01640058826234482,0.0,0.0,0.0,0.0,-0.03235161365786544,0.0,0.07315141763883012,0.0,0.0,-0.028503626068653868,0.0,0.0,-0.032881639922349735,0.0,0.03962058208399723,0.0,-0.012245221889679907,0.025315848007052687,-0.026202057396556268,-0.005193846158385627,0.03723620726791344,0.0,0.0
2026-08-26 00:00:00+00:00,0.017098710613983676,-0.007442624571787147,0.0,0.0,0.0,0.0,-0.0695349208237933,0.0,-0.005806477527222254,0.0,0.016251213523893557,0.0,0.0,0.0019662598002561987,0.0,0.14625785142761835,-0.006249541128559893,0.12274254897253664,0.0,0.0,-0.022373147086251974,0.0,0.0,0.0,0.010394524536219365,0.03623723198982522,-0.04278080791751474,0.0,0.0,0.007507061024562409,0.05244182609904541,0.008481068173554476,-0.05813074935550663,0.0,0.0,-0.04520394979985983,0.0,0.06421197683860906,-0.03273284299355061,0.0,0.021736990999019427,0.0,-0.05447805485618338,0.0,0.04041528265312667,0.0,-0.005530104842092619,0.0,0.0,0.0,0.0,0.0,-0.018380046915479224,0.0,0.0,-0.01481724800553955,-0.01775561608608662,0.0,0.006349032467457001,0.0,0.0,0.0,0.0,-0.028089760769707723,0.0,0.10173414253177716,0.0,0.0,-0.03728566377296631,0.0,0.0,-0.03594550468934212,0.0,-0.20368772947761998,0.0,-2.669247466742857e-18,0.03482863857518282,-0.015173880407058018,-0.01840741056105665,0.05115172136051115,0.0,0.0
2026-08-27 00:00:00+00:00,0.01756854391531145,0.0013607287006761272,0.0,0.0,0.0,0.0,-0.0774664375142516,0.0,-0.018082958871115527,0.0,0.01911387136934715,0.0,0.0,0.0,0.0,0.18044263944708444,0.002474626867499897,0.1316111554234011,0.0,0.0,-0.005980523937671198,0.0,0.0,0.0,0.006011226634703471,0.04715965905380933,-0.007753861316882363,0.0,0.0,0.00556139576252311,0.030256052000356696,0.012596199195451031,-0.0638498092015698,0.0,0.0,-0.04006255758820333,0.0,0.0787558737205442,-0.035076439070726925,0.0,-0.0005110766647397141,0.0,-0.06215140327741541,0.0,0.043997191550204276,0.0,-0.012287418091327263,0.0,0.0,0.0,0.0,0.0,-0.03937750052177971,0.0,0.0,-0.04426343075122062,-0.004732329138644189,0.0,0.008056226127872088,0.0,0.0,0.0,0.0,-0.027409631999061254,0.0,0.11547939386203909,0.0,0.0,-0.052694924483605424,0.0,0.0,-0.03675943706733992,0.0,-0.2396311265774684,0.0,-0.0,0.04855937850731073,0.011258005608447332,-0.041103742628916716,0.04893244095535787,0.0,0.0
2026-08-28 00:00:00+00:00,0.019853137778445468,-0.004356773032432778,0.0,0.0,0.0,0.0,-0.07523104059293684,0.0,-0.027437653783414978,0.0,-0.004994596917549184,0.0,0.0,0.009365082785264702,0.0,0.16620977955116928,0.005351148714826238,0.1203509686230651,0.0,0.0,-0.011908817503772214,0.0,0.0,0.0,0.016988636455156563,0.04238487176602601,-0.017067663863041316,0.0,0.0,0.0017927434138954989,0.035053539777271873,0.0034167920729726276,-0.07139199168801522,0.0,0.0,-0.031008924113173207,0.0,0.06113665763823952,-0.016028296931038882,0.0,-0.0028905565125493518,0.0,-0.06318074967190362,0.0,0.0601772571136202,0.0,-0.04448483512242556,0.0,0.0,0.0,0.0,0.0,-0.00613667243912313,0.0,0.0,-0.05799408712447137,-0.02179703576182496,0.0,0.013199735383980607,0.0,0.0,0.0,0.0,-0.01380423874653765,0.0,0.10758314409169528,0.0,0.0,-0.039043610974936416,0.0,0.0,-0.04983507431810906,0.0,-0.19023780453877098,0.0,0.024914556222718678,0.049272457527988096,0.005017533942694057,-0.036536351803522646,0.04329873258051965,0.0,0.0
2026-08-29 00:00:00+00:00,0.02185515380288301,-0.007199239881629728,0.0,0.0,0.0,0.0,-0.07448710163883357,0.0,-0.015924519196128084,0.0,-0.0034474737610377094,0.0,0.0,-0.008674369022163326,0.0,0.08836926065541863,0.0037226807615961467,0.07516492629622677,0.0,0.0,-0.026747431360527714,0.0,0.0,0.0,0.013009253316881568,0.018306326071515274,-0.02950170252827106,0.0,0.0,-0.004770847357242605,0.04139169053316321,0.0011589180950438067,-0.0645784725786746,0.0,0.0,-0.021081443805926168,0.0,0.021786226995558534,-0.011367228697830316,0.0,0.011927884522575972,0.0,-0.06472162393691351,0.0,0.0380813193237381,0.0,-0.019123826166424433,0.0,0.0,0.0,0.0,0.0,-0.008757693503638034,0.0,0.0,-0.057209098643523075,-0.0031716260146954366,0.0,0.017511844537131303,0.0,0.0,0.0,0.0,-0.02875373553166387,0.0,0.06904957517364134,0.0,0.0,-0.04527665033179306,0.0,0.0,-0.046494348395013825,0.0,0.07475943553737187,0.0,0.01900948838134523,0.036224305727812274,-0.002817008190665651,-0.03999033311243886,0.03276748392313153,0.0,0.0
2026-08-30 00:00:00+00:00,0.023771956056225615,-0.026805165087327578,0.0,0.0,0.0,0.0,-0.07998965707624496,0.0,-0.01479075672994902,0.0,0.02036610199690392,0.0,0.0,-0.017305984022137025,0.0,0.09857104852942607,-0.012090140120253353,0.09398880713787414,0.0,0.0,-0.02184902525166701,0.0,0.0,0.0,0.008392098378310894,0.013484961465386478,-0.03400847397461714,0.0,0.0,-0.001952161854725246,0.04558848288041917,-0.0005066202361087937,-0.0762935546821097,0.0,0.0,-0.01846771157996238,0.0,0.023691765349770803,0.038225621050051624,0.0,0.009020235063094541,0.0,-0.06350423937884439,0.0,0.04085340557286428,0.0,-0.03446389435767328,0.0,0.0,0.0,0.0,0.0,0.01163858769302395,0.0,0.0,-0.06567413849708632,0.00044913348465371375,0.0,0.007657145472365549,0.0,0.0,0.0,0.0,-0.02191311065880487,0.0,0.08129883115147055,0.0,0.0,-0.041208737865937886,0.0,0.0,-0.050990055307857225,0.0,0.008957640550955537,0.0,0.022460342011512865,0.036777653247175024,0.002455803742095894,-0.03469376262660031,0.02885756847432599,0.0,0.0
2026-08-31 00:00:00+00:00,0.02000130255927471,-0.022478955046845807,0.0,0.0,0.0,0.0,-0.07072364877829669,0.0,-0.02601278530573123,0.0,0.02082801634265366,0.0,0.0,0.005333209999875458,0.0,0.11310632014674465,-0.014496247499842697,0.10792282208398139,0.0,0.0,-0.03949508071206042,0.0,0.0,0.0,0.017810236369375194,0.011142241895631153,-0.03365777045094418,0.0,0.0,0.0037075233893643245,0.055608067360352814,-0.006218015683804039,-0.07067012019092085,0.0,0.0,-0.015472583165942208,0.0,0.0067293677348996194,0.012450302475765672,0.0,0.00935740688809523,0.0,-0.06203081249260478,0.0,0.053350738117714305,0.0,-0.009642929788757158,0.0,0.0,0.0,0.0,0.0,-0.0007316574497748154,0.0,0.0,-0.05766388967741062,-0.0029613692459342002,0.0,0.005548771043240884,0.0,0.0,0.0,0.0,-0.010041988187517116,0.0,0.07999128782150795,0.0,0.0,-0.04532347133296464,0.0,0.0,-0.04673591164653205,0.0,-0.051679815793024296,0.0,0.040721556954151326,0.03107766797482315,-0.006385825070451147,-0.03427786170979789,0.03201390007170531,0.0,0.0
