time,daily,hourly,combined
2022-02-05 00:00:00+00:00,,,
2022-02-06 00:00:00+00:00,,0.0,
2022-02-07 00:00:00+00:00,0.0,0.0005805082120799998,
2022-02-08 00:00:00+00:00,0.0,-5.2290207864613694e-05,
2022-02-09 00:00:00+00:00,0.0,0.001179864518489282,
2022-02-10 00:00:00+00:00,0.0,-0.0014739843039365485,
2022-02-11 00:00:00+00:00,0.0,-0.004250352940114244,
2022-02-12 00:00:00+00:00,0.0,0.0,
2022-02-13 00:00:00+00:00,0.0,0.0,
2022-02-14 00:00:00+00:00,0.0,0.0,
2022-02-15 00:00:00+00:00,0.0,0.0,
2022-02-16 00:00:00+00:00,0.0,0.0,
2022-02-17 00:00:00+00:00,0.0,0.0,
2022-02-18 00:00:00+00:00,0.0,0.0,
2022-02-19 00:00:00+00:00,0.00018608459040003744,0.0,
2022-02-20 00:00:00+00:00,-2.8175392526041954e-05,0.0,
2022-02-21 00:00:00+00:00,0.0006062423464444411,0.0,
2022-02-22 00:00:00+00:00,0.0004953152191921717,0.0,
2022-02-23 00:00:00+00:00,-0.0004392390587851347,0.0,
2022-02-24 00:00:00+00:00,0.0003503231166560372,-0.016015132114807852,
2022-02-25 00:00:00+00:00,-0.0003916506893717919,0.0,
2022-02-26 00:00:00+00:00,-0.0003169008411213037,0.0,
2022-02-27 00:00:00+00:00,4.1902874911770026e-05,0.0,
2022-02-28 00:00:00+00:00,0.0005134904390244888,0.0,
2022-03-01 00:00:00+00:00,-0.0019686962393861583,0.0,
2022-03-02 00:00:00+00:00,-0.0004444287586936824,0.0,
2022-03-03 00:00:00+00:00,0.00018745593600160148,0.0,
2022-03-04 00:00:00+00:00,0.0005249702834170033,0.0,
2022-03-05 00:00:00+00:00,0.0012046295951951614,0.0,
2022-03-06 00:00:00+00:00,-8.579749759343169e-05,0.0,
2022-03-07 00:00:00+00:00,0.0003506325036894964,0.0,
2022-03-08 00:00:00+00:00,0.00015519421997196582,0.0,
2022-03-09 00:00:00+00:00,-0.0002641794364110606,0.0,
2022-03-10 00:00:00+00:00,-0.0011543988171439645,0.0,
2022-03-11 00:00:00+00:00,0.0009146025876710428,0.0,
2022-03-12 00:00:00+00:00,0.0002475174522802881,0.0,
2022-03-13 00:00:00+00:00,-2.865932356381773e-05,0.0,
2022-03-14 00:00:00+00:00,0.00037488414851010176,0.0,
2022-03-15 00:00:00+00:00,-0.000685807225966606,0.0,
2022-03-16 00:00:00+00:00,0.00014033349303761434,0.0,
2022-03-17 00:00:00+00:00,-0.0006553627905337533,0.0,
2022-03-18 00:00:00+00:00,7.928944285713335e-05,0.0,
2022-03-19 00:00:00+00:00,-0.0003042134450506717,0.0,
2022-03-20 00:00:00+00:00,-0.00015302539323647224,0.0,
2022-03-21 00:00:00+00:00,0.0003393226699596852,0.0,
2022-03-22 00:00:00+00:00,0.00010189007449539212,0.0,
2022-03-23 00:00:00+00:00,-0.0004883095254836877,0.0,
2022-03-24 00:00:00+00:00,-0.00018296662011676456,0.0020557318130903558,
2022-03-25 00:00:00+00:00,-0.0003993461852885183,0.0019872603539582644,
2022-03-26 00:00:00+00:00,-0.00011242537378528539,0.00034266421496136344,
2022-03-27 00:00:00+00:00,-6.994204651631364e-05,0.01774818278464041,
2022-03-28 00:00:00+00:00,-0.0008447305382325743,0.014600386377765595,
2022-03-29 00:00:00+00:00,-0.0001045005570649904,-0.005282746880499812,
2022-03-30 00:00:00+00:00,8.090347834925904e-05,-0.0030981382335659724,
2022-03-31 00:00:00+00:00,-0.00010436535455911055,-0.013781036977918193,
2022-04-01 00:00:00+00:00,-0.0004309507239286914,-0.003483568484622346,
2022-04-02 00:00:00+00:00,0.00020963744243005512,0.0,
2022-04-03 00:00:00+00:00,-0.00013507368407907893,0.0,
2022-04-04 00:00:00+00:00,0.00016327430503164652,0.0,
2022-04-05 00:00:00+00:00,4.8526718389352294e-05,0.0,
2022-04-06 00:00:00+00:00,-0.0003100815284786229,0.0,
2022-04-07 00:00:00+00:00,-0.0006539951052010994,0.0,
2022-04-08 00:00:00+00:00,7.107758998246006e-05,0.0,
2022-04-09 00:00:00+00:00,-0.0003430464747620432,0.0,
2022-04-10 00:00:00+00:00,0.00014076009418877432,0.0,
2022-04-11 00:00:00+00:00,-0.0001715967339577462,0.004782603624588511,
2022-04-12 00:00:00+00:00,0.00021708357754062212,-0.00022447192648937796,
2022-04-13 00:00:00+00:00,-0.00020273709539364582,-0.004177044379080952,
2022-04-14 00:00:00+00:00,-0.00038469640896316993,0.0042388223432517245,
2022-04-15 00:00:00+00:00,0.0004391668117864178,-0.0018080383995809912,
2022-04-16 00:00:00+00:00,-0.00022230388517723297,0.00017964114106074902,
2022-04-17 00:00:00+00:00,6.261066276085359e-05,0.0012035314709777812,
2022-04-18 00:00:00+00:00,0.00025905243718398195,-0.015740759024220962,
2022-04-19 00:00:00+00:00,-0.00041195004899712283,0.0,
2022-04-20 00:00:00+00:00,-0.0002457614321980106,0.0,
2022-04-21 00:00:00+00:00,5.572644998372844e-05,0.0,
2022-04-22 00:00:00+00:00,0.0003163639386851269,0.0,
2022-04-23 00:00:00+00:00,0.0002769275131682125,0.0,
2022-04-24 00:00:00+00:00,8.902378532646971e-05,0.0,
2022-04-25 00:00:00+00:00,-1.1836684427013467e-05,-0.01993629702667419,
2022-04-26 00:00:00+00:00,-0.0003524153431266663,0.0,
2022-04-27 00:00:00+00:00,0.0008379958433547774,0.0,
2022-04-28 00:00:00+00:00,-0.003337742173288261,0.0,
2022-04-29 00:00:00+00:00,-0.0015628943871494716,0.0,
2022-04-30 00:00:00+00:00,0.003493343345795452,0.0,
2022-05-01 00:00:00+00:00,0.0028519648539258925,-0.014204726290748981,
2022-05-02 00:00:00+00:00,-0.002437378426423065,-0.005692391656512674,
2022-05-03 00:00:00+00:00,-0.00022003390656935017,0.0,
2022-05-04 00:00:00+00:00,0.0024530211999778118,0.0,
2022-05-05 00:00:00+00:00,-0.00582576181875496,0.010866864598910241,
2022-05-06 00:00:00+00:00,0.009441550042768254,0.003840816394991453,
2022-05-07 00:00:00+00:00,0.0015789614969630161,0.015337284141587882,
2022-05-08 00:00:00+00:00,0.001562160297503956,0.012187453928343838,0.0038952224160982963
2022-05-09 00:00:00+00:00,0.004246966763112425,0.052653992789992055,0.014664696773441625
2022-05-10 00:00:00+00:00,0.011695492437792466,-0.0030035608498861334,0.009269249842268998
2022-05-11 00:00:00+00:00,-0.0027146601189990127,0.00545356305038307,-0.0010639004711916642
2022-05-12 00:00:00+00:00,0.005613019942501474,-0.002800577016746253,0.0038986046651864423
2022-05-13 00:00:00+00:00,9.265972579206583e-05,-0.010260966844687469,-0.0020867865951956716
2022-05-14 00:00:00+00:00,-0.0007342542964268617,-0.0028757692048858806,-0.00118128460158794
2022-05-15 00:00:00+00:00,-0.0023040895274651697,-0.006932468878214193,-0.0032704728866294617
2022-05-16 00:00:00+00:00,-0.0035842485854572946,0.0,-0.002833659169266005
2022-05-17 00:00:00+00:00,0.00426356540544548,0.0,0.003357675298308585
2022-05-18 00:00:00+00:00,-0.0016400375509520782,0.0,-0.001286023605370442
2022-05-19 00:00:00+00:00,0.00503032783339763,0.0,0.003940966349865243
2022-05-20 00:00:00+00:00,-0.004095496846223257,0.0,-0.0031899861090886753
2022-05-21 00:00:00+00:00,0.0029045817609496096,0.0,0.002251811716665977
2022-05-22 00:00:00+00:00,-0.0006052417780625374,0.0,-0.0004684228809770763
2022-05-23 00:00:00+00:00,-0.002169010735355625,0.0,-0.001678440490261693
2022-05-24 00:00:00+00:00,0.003044970411092107,0.0,0.0023530423222215624
2022-05-25 00:00:00+00:00,-0.0013914428928870626,0.0,-0.0010733509086256097
2022-05-26 00:00:00+00:00,0.00028830751064132796,0.0,0.00022098022805878007
2022-05-27 00:00:00+00:00,0.0008845008596205961,0.0,0.0006780124877230814
2022-05-28 00:00:00+00:00,0.0003987173412170364,0.0,0.0003056305037825934
2022-05-29 00:00:00+00:00,-0.00026236145621634234,0.0,-0.0002011104691079142
2022-05-30 00:00:00+00:00,-0.0002884168734829107,0.0,-0.0002210719116148751
2022-05-31 00:00:00+00:00,-0.0015381544755322719,0.0,-0.0011803363671393753
2022-06-01 00:00:00+00:00,-4.2283708212709216e-05,0.0,-3.242564029011432e-05
2022-06-02 00:00:00+00:00,0.0013762380488199887,0.0,0.0010553584528788398
2022-06-03 00:00:00+00:00,-0.0004346597131495766,0.0,-0.00033322129662265767
2022-06-04 00:00:00+00:00,0.0005143772129631685,0.0,0.00039437421406708276
2022-06-05 00:00:00+00:00,-0.00011040941849289609,0.0,-8.465211762021834e-05
2022-06-06 00:00:00+00:00,-3.939534781629561e-05,0.0,-3.0203944358454265e-05
2022-06-07 00:00:00+00:00,-0.0009818171726078129,0.0,-0.0007527338927563031
2022-06-08 00:00:00+00:00,0.00016530606048692498,0.0,0.00012669769033687628
2022-06-09 00:00:00+00:00,0.000638467969476908,0.0,0.0004895817334825971
2022-06-10 00:00:00+00:00,7.351030600379893e-05,0.0,5.6372159551157925e-05
2022-06-11 00:00:00+00:00,0.0006957601670046998,0.0,0.0005335469654812015
2022-06-12 00:00:00+00:00,0.0007705187066366026,-0.005039089566687416,-0.0005840869857891541
2022-06-13 00:00:00+00:00,0.0021613642472413817,0.07301165733682917,0.01864940986656883
2022-06-14 00:00:00+00:00,0.013784554352402889,0.013697708262780361,0.01376917924361046
2022-06-15 00:00:00+00:00,0.0011507949672789675,-0.01436426924550438,-0.00195335531950379
2022-06-16 00:00:00+00:00,-0.0014837091892264676,0.025058840973221398,0.00377680007022407
2022-06-17 00:00:00+00:00,0.007243584293256422,-0.000999263446231402,0.005639357767750583
2022-06-18 00:00:00+00:00,-0.00023509509086054868,0.01480551215630701,0.002769417132050104
2022-06-19 00:00:00+00:00,0.004954315377884111,-0.017476515746217336,0.000500507666011802
2022-06-20 00:00:00+00:00,-0.005264325504835532,-0.0016572541329761936,-0.004549134822737943
2022-06-21 00:00:00+00:00,-1.5125242488722712e-05,-0.001574917713958346,-0.0003299331003253415
2022-06-22 00:00:00+00:00,-0.0004605914196495808,0.0,-0.00036768825091729467
2022-06-23 00:00:00+00:00,0.0024271249568111218,0.0,0.0019374628021206696
2022-06-24 00:00:00+00:00,-0.0036910747383071428,0.0,-0.002945409538741561
2022-06-25 00:00:00+00:00,-0.0004270490155718898,0.0,-0.0003400021156744139
2022-06-26 00:00:00+00:00,-0.0008136745311110083,0.0,-0.0006462453082991447
2022-06-27 00:00:00+00:00,0.0015142789090150988,0.0,0.0012007343433983219
2022-06-28 00:00:00+00:00,0.001001146481383408,0.0,0.000793517257676312
2022-06-29 00:00:00+00:00,0.0015201526442926827,0.0,0.0012047129212532206
2022-06-30 00:00:00+00:00,0.0005353253105677691,0.0,0.0004233581229422832
2022-07-01 00:00:00+00:00,0.0006006843668232787,0.0,0.0004750193428261815
2022-07-02 00:00:00+00:00,0.002137138287889595,0.0,0.0016900719744394799
2022-07-03 00:00:00+00:00,0.00010502674005614665,0.0,8.303552658192012e-05
2022-07-04 00:00:00+00:00,-0.00020376268036510493,0.0,-0.00016109629960468414
2022-07-05 00:00:00+00:00,-0.00301727929116713,0.0,-0.0023853752886097
2022-07-06 00:00:00+00:00,0.0001969187258334504,0.0,0.00015542790190621256
2022-07-07 00:00:00+00:00,-0.0012474559145628562,0.0,-0.0009847935240979194
2022-07-08 00:00:00+00:00,-0.0034797113850354887,0.0,-0.0027459240027805755
2022-07-09 00:00:00+00:00,9.895487400020108e-05,0.0,7.793038971683874e-05
2022-07-10 00:00:00+00:00,4.4865601785248896e-05,0.0,3.533305847246336e-05
2022-07-11 00:00:00+00:00,0.002426956781975953,0.0,0.0019111577797301734
2022-07-12 00:00:00+00:00,0.0029861299336436443,0.0,0.0023504229997331903
2022-07-13 00:00:00+00:00,0.0020911299331665576,0.0,0.0016444125495717389
2022-07-14 00:00:00+00:00,-0.0010269469058529434,0.0,-0.0008073743045283661
2022-07-15 00:00:00+00:00,-0.0004045185931608186,0.0,-0.00031789648671113436
2022-07-16 00:00:00+00:00,-0.00027542016707353677,0.0,-0.0002164342272149114
2022-07-17 00:00:00+00:00,-0.00040697710412331836,0.0,-0.0003198005433837589
2022-07-18 00:00:00+00:00,0.0004501120487283128,0.0,0.0003526647401436664
2022-07-19 00:00:00+00:00,-0.0018487101648182013,0.0,-0.0014486589572033708
2022-07-20 00:00:00+00:00,-0.0011551062225316987,-0.00399672459106204,-0.001771536523965549
2022-07-21 00:00:00+00:00,8.248667935135678e-05,0.0,6.458716002982049e-05
2022-07-22 00:00:00+00:00,4.0492657061541594e-05,0.0,3.17050940307537e-05
2022-07-23 00:00:00+00:00,0.00022913039087262276,0.0,0.00017940095523852491
2022-07-24 00:00:00+00:00,0.00011531857157205394,0.0,9.029166144658764e-05
2022-07-25 00:00:00+00:00,-6.038127840917174e-05,0.0,-4.705874856830354e-05
2022-07-26 00:00:00+00:00,0.0006132246012309217,0.0,0.00047795103748599077
2022-07-27 00:00:00+00:00,3.0600949575010364e-05,0.0,2.3850795543563233e-05
2022-07-28 00:00:00+00:00,-0.0008146271222674528,0.0,-0.0006361999720310312
2022-07-29 00:00:00+00:00,-0.0004281032494966253,0.0,-0.00033445587085907517
2022-07-30 00:00:00+00:00,3.489122941102707e-05,0.0,2.7285840250846746e-05
2022-07-31 00:00:00+00:00,7.161933689876498e-05,0.0,5.5899862655448006e-05
2022-08-01 00:00:00+00:00,0.00016700554960977776,0.0,0.00013043214999973812
2022-08-02 00:00:00+00:00,1.864409631946451e-05,0.0,1.4562044815530922e-05
2022-08-03 00:00:00+00:00,0.0001390982954351916,0.0,0.000108692879096412
2022-08-04 00:00:00+00:00,8.373705071362814e-05,0.0,6.574984215468243e-05
2022-08-05 00:00:00+00:00,9.310287086630175e-05,0.0,7.395494317905735e-05
2022-08-06 00:00:00+00:00,-0.00033066509165655675,0.0,-0.0002621847898357218
2022-08-07 00:00:00+00:00,0.00017396457732461458,0.0,0.0001377789145189654
2022-08-08 00:00:00+00:00,-0.0001068814990174527,0.0,-8.191252489513876e-05
2022-08-09 00:00:00+00:00,-0.0003043518276770074,0.0,-0.00023893818178900636
2022-08-10 00:00:00+00:00,0.00032389979658593583,0.0,0.0002546512471142514
2022-08-11 00:00:00+00:00,-0.00038499988376132775,-0.019991462244114168,-0.004488038444671285
2022-08-12 00:00:00+00:00,1.4003782776450536e-05,0.0,1.112138437760855e-05
2022-08-13 00:00:00+00:00,-0.00022631119577929404,0.0,-0.0001797347169825583
2022-08-14 00:00:00+00:00,-1.9233366339177493e-05,0.0,-1.5283230054562554e-05
2022-08-15 00:00:00+00:00,6.561845035948365e-05,0.0,5.2308706956745235e-05
2022-08-16 00:00:00+00:00,0.00010050360733488972,0.0,8.03911077125025e-05
2022-08-17 00:00:00+00:00,0.00011774361799345989,0.0,9.425722163519395e-05
2022-08-18 00:00:00+00:00,0.0002473649956596269,0.0,0.00019903068306103706
2022-08-19 00:00:00+00:00,7.424925843766417e-05,0.0005149218195754201,0.0001587980633006983
2022-08-20 00:00:00+00:00,0.001138382174575092,-0.002752210187515325,0.00039699362144609803
2022-08-21 00:00:00+00:00,-0.00014621283188891442,-0.0042387416240966536,-0.0009255936597085208
2022-08-22 00:00:00+00:00,-0.00018211779374894822,0.0019539986293317215,0.0002217630298548876
2022-08-23 00:00:00+00:00,5.619110892980394e-05,-0.0015253113742670354,-0.000240526302516953
2022-08-24 00:00:00+00:00,-6.364571649413176e-05,-0.0020299257448140873,-0.0004314219274892994
2022-08-25 00:00:00+00:00,7.785210248054675e-05,0.0,6.329406078116383e-05
2022-08-26 00:00:00+00:00,-9.219352440714701e-05,0.0,-7.495983455939949e-05
2022-08-27 00:00:00+00:00,0.0006340729640883058,0.006172780730522476,0.0016695383412824798
2022-08-28 00:00:00+00:00,0.0010523502821880193,0.0034279731561048356,0.0014956623219694123
2022-08-29 00:00:00+00:00,0.002479739624991506,-0.009064772529392084,0.0003256454073409924
2022-08-30 00:00:00+00:00,-0.0038297795985124507,0.008782428679511067,-0.0014853523737649635
2022-08-31 00:00:00+00:00,0.00246701785076775,-0.007260086654747577,0.0006337137842924024
2022-09-01 00:00:00+00:00,-0.0012370818996985111,0.00244767271690991,-0.0005424692684510546
2022-09-02 00:00:00+00:00,-0.00040789139996655344,0.002663899104504752,0.00017212171125126634
2022-09-03 00:00:00+00:00,0.0009628073494206468,0.005666381505060691,0.001851138376791938
2022-09-04 00:00:00+00:00,0.0006400317124565458,-0.0011245843588507443,0.00030709155910788207
2022-09-05 00:00:00+00:00,-0.0008905560778573518,0.000985970720239937,-0.0005365541628593717
2022-09-06 00:00:00+00:00,0.0011000238598183553,0.025940617853708846,0.005785211468307601
2022-09-07 00:00:00+00:00,0.005247139200029416,-0.01115238995495742,0.002250252285394838
2022-09-08 00:00:00+00:00,-0.0026357557043170223,0.0008092618108043404,-0.00199609159388993
2022-09-09 00:00:00+00:00,-0.00010654279047017656,-0.008343504025192816,-0.001648535271352577
2022-09-10 00:00:00+00:00,-0.009650518785507512,0.0,-0.007851111647720704
2022-09-11 00:00:00+00:00,-0.0013473736723595975,0.0,-0.0010747306786203553
2022-09-12 00:00:00+00:00,-0.0008432020507595839,0.0,-0.0005968593181161343
2022-09-13 00:00:00+00:00,-0.002688996302054569,0.0,-0.0020000350030684984
2022-09-14 00:00:00+00:00,0.010754397737364885,0.0,0.007908358573085859
2022-09-15 00:00:00+00:00,-0.0002614133732238066,0.0,-0.00017798271100296582
2022-09-16 00:00:00+00:00,0.0025149220793694747,0.0,0.0017433435931006646
2022-09-17 00:00:00+00:00,-0.00046814705945799064,0.0,-0.00031817466011700767
2022-09-18 00:00:00+00:00,-0.0014608317014568107,0.0,-0.0009753863775046791
2022-09-19 00:00:00+00:00,0.0033340231493031334,-0.020025947902932016,-0.0042631778090296765
2022-09-20 00:00:00+00:00,-0.0005923808433759392,0.0,-0.0004116192993867309
2022-09-21 00:00:00+00:00,0.0031506056954144768,0.0,0.0021890828730769733
2022-09-22 00:00:00+00:00,0.001987607062786889,0.0,0.00137889449096129
2022-09-23 00:00:00+00:00,-0.004459056023865338,0.0,-0.0031066826408983604
2022-09-24 00:00:00+00:00,0.0005341816442747671,0.0,0.0003691925200170367
2022-09-25 00:00:00+00:00,0.0017585175086538563,0.0,0.001215675661889285
2022-09-26 00:00:00+00:00,0.0005319733308383867,0.0,0.0003676516939824127
2022-09-27 00:00:00+00:00,-0.000516530766919887,0.0,-0.0003570639562563017
2022-09-28 00:00:00+00:00,0.0001843621881706614,0.0,0.0001275262822968741
2022-09-29 00:00:00+00:00,-0.0004122676054971741,0.0,-0.00028519371451751047
2022-09-30 00:00:00+00:00,-0.00021053169835545394,0.0,-0.0001456417376492741
2022-10-01 00:00:00+00:00,0.0002173444295521243,0.0,0.00015060292957197233
2022-10-02 00:00:00+00:00,0.00013716744817005022,0.0,9.50454668962232e-05
2022-10-03 00:00:00+00:00,0.00031631863634027366,0.0,0.00021918654747721342
2022-10-04 00:00:00+00:00,-0.000696841312306673,0.0,-0.0004846426685864435
2022-10-05 00:00:00+00:00,-0.0008675470551742448,0.0,-0.0006032272166599746
2022-10-06 00:00:00+00:00,0.00023367552969779659,0.0,0.0001625354343082187
2022-10-07 00:00:00+00:00,0.00024938074885798577,0.0,0.00017434357665974533
2022-10-08 00:00:00+00:00,0.000540670115759978,0.0,0.00037798316943988327
2022-10-09 00:00:00+00:00,0.0001446972580210204,0.0,0.00010115114751405615
2022-10-10 00:00:00+00:00,-2.757665265500364e-05,0.0,-1.931934954310987e-05
2022-10-11 00:00:00+00:00,0.0003813094320275656,0.0,0.0002680552086303788
2022-10-12 00:00:00+00:00,9.165513596123275e-05,0.0,6.453991971254882e-05
2022-10-13 00:00:00+00:00,-0.00010699241251344027,-0.007990366521466608,-0.0024365171167261904
2022-10-14 00:00:00+00:00,-0.0002617288220966074,0.0,-0.00018516498396347318
2022-10-15 00:00:00+00:00,0.0002518626325023643,0.0,0.00017818562867898992
2022-10-16 00:00:00+00:00,0.0001307775522827903,0.0,9.252862831590036e-05
2022-10-17 00:00:00+00:00,-0.0002331858854378144,0.0,-0.00016499492212032575
2022-10-18 00:00:00+00:00,-0.0003515312557318184,0.0,-0.00024910392512666866
2022-10-19 00:00:00+00:00,0.0002772863425390959,0.0,0.00019642860649047767
2022-10-20 00:00:00+00:00,0.0002572238127005022,0.0,0.00018221385929970715
2022-10-21 00:00:00+00:00,0.00010478067781338751,0.0,7.422451285485853e-05
2022-10-22 00:00:00+00:00,-0.0001404542474439996,0.0,-9.949566618083724e-05
2022-10-23 00:00:00+00:00,-5.1438172818318864e-05,0.0,-3.643718605564287e-05
2022-10-24 00:00:00+00:00,-0.0004459617876374722,0.0,-0.0003159056765738998
2022-10-25 00:00:00+00:00,0.0003035993561738337,0.0,0.00021505964922530787
2022-10-26 00:00:00+00:00,-0.0009177045552644314,-0.0002935663361747443,-0.0007356766187927451
2022-10-27 00:00:00+00:00,-0.0008473697540343217,-0.007722187404227854,-0.0028528383176913766
2022-10-28 00:00:00+00:00,0.0005852641303298433,0.0,0.00041595356754088657
2022-10-29 00:00:00+00:00,-0.00036716655536432884,0.0,-0.00026092228075718017
2022-10-30 00:00:00+00:00,-0.00026168231375642834,0.0,-0.00018594569934846645
2022-10-31 00:00:00+00:00,0.00022581798125971276,0.0,0.00016045416961546388
2022-11-01 00:00:00+00:00,0.0001665470511190037,0.0,0.0001183385055750726
2022-11-02 00:00:00+00:00,1.2475400393974212e-05,0.0,8.864268326945775e-06
2022-11-03 00:00:00+00:00,0.0004134394784960804,0.0,0.0002937646812197657
2022-11-04 00:00:00+00:00,-7.102174007715956e-05,-0.011604576962325596,-0.003409917656858485
2022-11-05 00:00:00+00:00,-0.0011542714673827836,-0.005906316068759155,-0.002502565742217941
2022-11-06 00:00:00+00:00,-0.0001840596080807222,-0.00740123245608153,-0.002226071747157384
2022-11-07 00:00:00+00:00,0.0004904873824566724,-0.006737660474627027,-0.0015406086890789516
2022-11-08 00:00:00+00:00,0.0004055087194351881,0.0,0.0002921653896570583
2022-11-09 00:00:00+00:00,0.0025325683433917944,0.014950924383148356,0.006003776453205926
2022-11-10 00:00:00+00:00,0.005609207914738912,-0.026290111626754875,-0.003545462281184312
2022-11-11 00:00:00+00:00,-0.007436032190068631,0.0,-0.005436917784112345
2022-11-12 00:00:00+00:00,0.0023081563864081112,0.0,0.0016559834296873883
2022-11-13 00:00:00+00:00,0.001111232253040706,0.0,0.0007960344286702865
2022-11-14 00:00:00+00:00,0.002127127707358056,0.0,0.001523308718241689
2022-11-15 00:00:00+00:00,-0.0012512066592563543,0.0,-0.0008949247734205497
2022-11-16 00:00:00+00:00,-0.0012594086518096681,0.0,-0.0009002430151144524
2022-11-17 00:00:00+00:00,0.0010291775023358429,0.0,0.0007352320188175542
2022-11-18 00:00:00+00:00,-0.00014707711463359807,0.0,-0.0001050381490938213
2022-11-19 00:00:00+00:00,-3.2933806292567704e-05,0.0,-2.3523217757439242e-05
2022-11-20 00:00:00+00:00,-5.040105341502788e-06,0.0,-3.5978182063408493e-06
2022-11-21 00:00:00+00:00,0.001843634203363065,0.0,0.0013156579949245946
2022-11-22 00:00:00+00:00,0.002191171431495764,0.0,0.0015622236770939288
2022-11-23 00:00:00+00:00,-0.0019502512382189696,0.0,-0.001388587962733755
2022-11-24 00:00:00+00:00,-0.0016267937407748567,0.0,-0.001156707259583657
2022-11-25 00:00:00+00:00,2.485815294992477e-05,0.0,1.7658495855205785e-05
2022-11-26 00:00:00+00:00,0.00033704451714959837,0.0,0.000238871456696117
2022-11-27 00:00:00+00:00,0.00029650618199768,0.0,0.00021000991331890216
2022-11-28 00:00:00+00:00,0.00011771481952056461,0.0,8.321453067990358e-05
2022-11-29 00:00:00+00:00,0.0009565709894314267,0.0,0.0006762389647024595
2022-11-30 00:00:00+00:00,-0.0009936324059806267,0.0,-0.0007018698180775326
2022-12-01 00:00:00+00:00,-0.003139480897088065,0.0,-0.0022168800194025556
2022-12-02 00:00:00+00:00,0.0008078269215918699,0.0,0.0005681623739350217
2022-12-03 00:00:00+00:00,-0.0004884329414349909,0.0,-0.0003427339753925418
2022-12-04 00:00:00+00:00,0.0009077075555572022,0.0,0.0006369579000311738
2022-12-05 00:00:00+00:00,-0.0009525082240552374,0.0,-0.0006683529510450372
2022-12-06 00:00:00+00:00,0.0006205927208826178,0.0,0.00041280915845276885
2022-12-07 00:00:00+00:00,-0.000521612185072562,0.0,-0.00034710683192807533
2022-12-08 00:00:00+00:00,0.00110598720773587,0.0,0.0007377841647407975
2022-12-09 00:00:00+00:00,-0.0016992034347836915,0.0,-0.0011268642575317813
2022-12-10 00:00:00+00:00,0.00041952894690941986,0.0,0.00028944805708165086
2022-12-11 00:00:00+00:00,-4.0167592928019856e-06,0.0,-2.774141038049582e-06
2022-12-12 00:00:00+00:00,9.153063868212463e-05,0.0,6.324437613558395e-05
2022-12-13 00:00:00+00:00,-0.00025912928375442234,0.0,-0.0001797533049249244
2022-12-14 00:00:00+00:00,-0.0012198648961195603,-0.00352457864197675,-0.0018243465917517662
2022-12-15 00:00:00+00:00,-0.0007543822914284126,0.0,-0.0005562445695937825
2022-12-16 00:00:00+00:00,0.00041734042973438077,0.0,0.00030878553221022414
2022-12-17 00:00:00+00:00,0.0006651251952439097,0.0,0.0004921542576732173
2022-12-18 00:00:00+00:00,-0.0001278714058481123,0.0,-9.473443734607884e-05
2022-12-19 00:00:00+00:00,3.619582135203636e-05,0.0,2.6109109507744693e-05
2022-12-20 00:00:00+00:00,0.00027606294280984044,-0.007386266106800887,-0.001857626943017465
2022-12-21 00:00:00+00:00,-0.0004146528969877883,0.0,-0.0003027428039500547
2022-12-22 00:00:00+00:00,6.446388788656776e-05,0.0,4.7201586962244404e-05
2022-12-23 00:00:00+00:00,6.52853445686219e-06,0.0,4.855726529632933e-06
2022-12-24 00:00:00+00:00,3.999726524153147e-05,0.0,2.9755079159517793e-05
2022-12-25 00:00:00+00:00,-4.455747316782777e-05,0.0,-3.323090544519703e-05
2022-12-26 00:00:00+00:00,4.9268018874837335e-06,0.0,3.6752622947933743e-06
2022-12-27 00:00:00+00:00,-8.034940037924266e-05,0.0,-5.9951698170414455e-05
2022-12-28 00:00:00+00:00,0.0001972257702216762,0.0,0.00014716090061703258
2022-12-29 00:00:00+00:00,0.0001472123771226741,0.0,0.00010985535332281905
2022-12-30 00:00:00+00:00,-7.867424270149303e-05,0.0,-5.871100685317609e-05
2022-12-31 00:00:00+00:00,3.055370410982583e-05,0.0,2.2801530937734896e-05
2023-01-01 00:00:00+00:00,6.233058662523661e-05,0.0,4.651653867919334e-05
2023-01-02 00:00:00+00:00,-6.294523845524757e-05,0.0,-4.697893373249011e-05
2023-01-03 00:00:00+00:00,-5.1103353109738235e-05,0.0,-3.815630155715015e-05
2023-01-04 00:00:00+00:00,2.287606092821193e-06,0.0,1.7091411975388353e-06
2023-01-05 00:00:00+00:00,-0.000156756831512328,0.0,-0.00011712245545071635
2023-01-06 00:00:00+00:00,1.9272336370512733e-05,0.0,1.4399844471432142e-05
2023-01-07 00:00:00+00:00,-0.00010597740843638625,0.0,-7.920265021904899e-05
2023-01-08 00:00:00+00:00,8.676987546119009e-06,0.0,6.48482442962032e-06
2023-01-09 00:00:00+00:00,-0.00016773031269565753,0.0,-0.0001253548448453182
2023-01-10 00:00:00+00:00,-4.0050269463609566e-05,-0.00012818678550374774,-6.231064220280796e-05
2023-01-11 00:00:00+00:00,-0.00023368563877685934,0.0014589238429482342,0.0001938254197069881
2023-01-12 00:00:00+00:00,-0.00046158209424733697,0.014493594756675643,0.0033686300755919906
2023-01-13 00:00:00+00:00,-0.0008204414985614417,0.03879476947747729,0.008721365714917821
2023-01-14 00:00:00+00:00,-0.0009924895265587485,0.03820100103697706,0.0061731030583561525
2023-01-15 00:00:00+00:00,-0.0009463687189590342,-0.0021277595706299833,-0.0011304165455269556
2023-01-16 00:00:00+00:00,-0.00013208995911890843,0.006369166619226041,0.0008823757824538102
2023-01-17 00:00:00+00:00,0.0004879785154815686,0.000752092125542303,0.0005290420744578127
2023-01-18 00:00:00+00:00,-0.0001032327801111288,-0.01030050495907251,-0.0016894496735555364
2023-01-19 00:00:00+00:00,-0.0007414216060225964,0.006039671282233083,0.0003021934215104704
2023-01-20 00:00:00+00:00,0.0006260353358458648,0.04347833946436883,0.007209875278481285
2023-01-21 00:00:00+00:00,0.002576894733757484,0.0042653657046141545,0.002802170528435683
2023-01-22 00:00:00+00:00,0.00010580997644933365,-0.004169239683775583,-0.000474861720461502
2023-01-23 00:00:00+00:00,-0.000210119566946676,0.004674065041165809,0.00045189528489014
2023-01-24 00:00:00+00:00,0.0005042315439586442,-0.003443174967174234,-3.024164493644065e-05
2023-01-25 00:00:00+00:00,-0.0007296101190729986,-0.0043114180669093114,-0.001213275769408862
2023-01-26 00:00:00+00:00,0.001067263170092847,0.0011646824096994911,0.0010804523014095709
2023-01-27 00:00:00+00:00,-0.00016336355248736112,-7.801131761004942e-05,-0.00015178297351299097
2023-01-28 00:00:00+00:00,0.0001477669287815786,-0.0007185777340079191,3.0258337977398747e-05
2023-01-29 00:00:00+00:00,-0.00014694928888703274,0.0130597594452458,0.001643870186732403
2023-01-30 00:00:00+00:00,0.0017877357835833774,-0.0256551845090355,-0.0018980474604398247
2023-01-31 00:00:00+00:00,-0.002290571269745989,0.0,-0.0019935954551435586
2023-02-01 00:00:00+00:00,0.0007310998333828423,0.0,0.000634980374874951
2023-02-02 00:00:00+00:00,0.001502563699542847,-0.01979520269019397,-0.001300082444873653
2023-02-03 00:00:00+00:00,-0.0006028518854967801,0.0,-0.0005243070930785064
2023-02-04 00:00:00+00:00,-0.00018695846622243106,0.0,-0.00016260206427451336
2023-02-05 00:00:00+00:00,-0.00027066867266811734,0.0,-0.0002352722931455584
2023-02-06 00:00:00+00:00,-0.0009944498100813882,0.0,-0.0008640139621403295
2023-02-07 00:00:00+00:00,-0.00044524629405029437,0.0,-0.00038671632885075403
2023-02-08 00:00:00+00:00,0.0011747023039720083,0.0,0.0010209625272395533
2023-02-09 00:00:00+00:00,-0.0007092279326788242,0.0,-0.0006202781754923427
2023-02-10 00:00:00+00:00,-0.0029186540981305685,0.0,-0.0026277040605565505
2023-02-11 00:00:00+00:00,-0.00045930135396123897,0.0,-0.0004127759690537748
2023-02-12 00:00:00+00:00,0.000580598477963834,0.0,0.0005221784383931091
2023-02-13 00:00:00+00:00,-0.0002127547474904734,0.0,-0.00019187839918317494
2023-02-14 00:00:00+00:00,-2.2566019176339936e-05,0.0,-2.0369170432057482e-05
2023-02-15 00:00:00+00:00,-2.7220500645519508e-05,0.0,-2.459276294860592e-05
2023-02-16 00:00:00+00:00,0.0,-0.018859015768775956,-0.0018071751724551969
2023-02-17 00:00:00+00:00,-0.005750330456079533,-0.0009174010813751687,-0.00529919263457964
2023-02-18 00:00:00+00:00,0.00747480351579406,0.0,0.006654655052615235
2023-02-19 00:00:00+00:00,0.00033994007083428814,0.0,0.00029478884279973894
2023-02-20 00:00:00+00:00,-0.002677418873100823,0.0,-0.0023251203233007217
2023-02-21 00:00:00+00:00,0.004092187811581338,0.0,0.003551687761875626
2023-02-22 00:00:00+00:00,-0.0029247803054039513,0.0,-0.0025241704900564616
2023-02-23 00:00:00+00:00,-0.0019803639716913014,0.0,-0.0017053076145053128
2023-02-24 00:00:00+00:00,-0.0017515927398566778,0.0,-0.0015062451640498642
2023-02-25 00:00:00+00:00,-0.005384999261031221,0.0,-0.004626321729211774
2023-02-26 00:00:00+00:00,-0.0002132499401617638,0.0,-0.00018140533469166313
2023-02-27 00:00:00+00:00,0.002828503299311347,0.0,0.0024061991911629166
2023-02-28 00:00:00+00:00,-0.0004931082907747797,0.0,-0.000418363127981659
2023-03-01 00:00:00+00:00,-0.002520591777386527,0.0,-0.0021389474598319178
2023-03-02 00:00:00+00:00,0.003475439147695347,0.0,0.0029525849042087013
2023-03-03 00:00:00+00:00,-0.001203709596137803,0.0,-0.0010183921732513732
2023-03-04 00:00:00+00:00,-0.009233486471099405,0.0,-0.007809253923437337
2023-03-05 00:00:00+00:00,-3.234426316023331e-05,0.0,-2.668941801258174e-05
2023-03-06 00:00:00+00:00,0.00031183320513390457,0.0,0.0002573481805828633
2023-03-07 00:00:00+00:00,-9.708430585309014e-05,0.0,-8.0131028482916e-05
2023-03-08 00:00:00+00:00,-0.0008020131489003379,0.0,-0.0006619739291038397
2023-03-09 00:00:00+00:00,-0.0016477570339357816,0.026226457597948505,0.0032095676299217766
2023-03-10 00:00:00+00:00,-0.0023114671272910893,0.0027161718370486863,-0.0014669422091282236
2023-03-11 00:00:00+00:00,0.0,-0.006741948811897358,-0.0011380277100612839
2023-03-12 00:00:00+00:00,0.0,-0.006771260873794116,-0.0011392365684097842
2023-03-13 00:00:00+00:00,0.0,0.0,0.0
2023-03-14 00:00:00+00:00,0.0,-0.004024362656612324,-0.0006749189113554973
2023-03-15 00:00:00+00:00,0.00041064285705845195,0.0,0.0003418673243798988
2023-03-16 00:00:00+00:00,-0.0002998276334455374,0.0,-0.0002495976762386036
2023-03-17 00:00:00+00:00,0.000511104389508521,0.01694411484122651,0.003262439940171903
2023-03-18 00:00:00+00:00,0.0017512118063609083,-0.0127173760996514,-0.0006381405509256043
2023-03-19 00:00:00+00:00,-0.0022867333320150786,0.02483233614590068,0.0021717387106509837
2023-03-20 00:00:00+00:00,0.00494036256416801,-0.008079505714674418,0.002847541780356091
2023-03-21 00:00:00+00:00,-0.0012268056251399484,0.001153464781958613,-0.0008314000470863046
2023-03-22 00:00:00+00:00,0.0018176082359283806,-0.016930502758036602,-0.0013006781451530937
2023-03-23 00:00:00+00:00,-0.0040543415691885135,0.0117753657095514,-0.001449018310363076
2023-03-24 00:00:00+00:00,0.004966981627034706,-0.01064744386613301,0.002366385947427136
2023-03-25 00:00:00+00:00,-0.004026135096901995,0.0017959673881386528,-0.0030336049200895567
2023-03-26 00:00:00+00:00,3.925237921222902e-05,0.006857647194002859,0.0012192257477594646
2023-03-27 00:00:00+00:00,0.0024005065752238596,-0.010791878700446445,0.00012056983463196234
2023-03-28 00:00:00+00:00,-0.003985491560135212,0.001421783397613563,-0.0030503181680849338
2023-03-29 00:00:00+00:00,0.0006438846643827212,0.013481517756701412,0.0028946565742393564
2023-03-30 00:00:00+00:00,0.00513134057431226,-0.012389243566530327,0.002077497378387868
2023-03-31 00:00:00+00:00,-0.001543788267300572,0.005021745494277319,-0.00037751343062156066
2023-04-01 00:00:00+00:00,0.0020595399625101597,-0.000477712258965024,0.0016083903799172443
2023-04-02 00:00:00+00:00,-9.098823162427827e-05,-0.003086092130847762,-0.0006259220505426755
2023-04-03 00:00:00+00:00,-0.0013533416299515322,-0.002284719749008279,-0.001519571725704262
2023-04-04 00:00:00+00:00,-0.001778683876712117,0.0029381973998852118,-0.000936215601570635
2023-04-05 00:00:00+00:00,0.0017566733399537958,-0.00016575712239537134,0.0014126191609530076
2023-04-06 00:00:00+00:00,-2.764712751328613e-05,-0.0012430859854037247,-0.0002459100184143586
2023-04-07 00:00:00+00:00,-0.0006220285865385699,-0.000382216906786792,-0.0005789728455821012
2023-04-08 00:00:00+00:00,-0.0006247087441495047,-0.0001613877601434499,-0.0005415161015626356
2023-04-09 00:00:00+00:00,0.0001564620857537058,0.003320188955166703,0.0007245808543892
2023-04-10 00:00:00+00:00,0.0018180090787573544,0.008993133100541418,0.0031064317892780437
2023-04-11 00:00:00+00:00,0.0061612861808361345,0.017852007779041258,0.00826282528218779
2023-04-12 00:00:00+00:00,0.002592342091759159,-0.011310596598191757,3.7804968414178065e-05
2023-04-13 00:00:00+00:00,-0.0014770538081124052,0.012111704566520665,0.0010353915309854048
2023-04-14 00:00:00+00:00,0.0022536459455893,-0.0003485810937761347,0.0017444265471754162
2023-04-15 00:00:00+00:00,0.0004033508076914938,-0.0011668601125081946,7.29381335133289e-05
2023-04-16 00:00:00+00:00,-0.0008254412382175946,-0.000508724668276983,-0.0007588110979480585
2023-04-17 00:00:00+00:00,-9.435497631060664e-06,-0.006342595313212951,-0.0013448551730511288
2023-04-18 00:00:00+00:00,-0.001628495588181167,0.0,-0.0012859898798829278
2023-04-19 00:00:00+00:00,0.001717413582401983,0.0,0.0013533610465648522
2023-04-20 00:00:00+00:00,-0.0028580087485322813,0.0,-0.002249910878210249
2023-04-21 00:00:00+00:00,-0.0010424696266728485,0.0,-0.000792229649687574
2023-04-22 00:00:00+00:00,-0.0018047039925650043,0.0,-0.001372831644579159
2023-04-23 00:00:00+00:00,0.001011797620447208,0.0,0.0007689316676301641
2023-04-24 00:00:00+00:00,-0.0004283973839221744,0.0,-0.00032529945533348926
2023-04-25 00:00:00+00:00,-0.00014989172968178367,0.0,-0.00011380033131938192
2023-04-26 00:00:00+00:00,0.0014412043278460463,0.0,0.0010938433437885737
2023-04-27 00:00:00+00:00,0.00019176957634634562,0.0,0.00014550964918114836
2023-04-28 00:00:00+00:00,0.001940853234523443,0.0,0.0014726336902710455
2023-04-29 00:00:00+00:00,-0.0003028489359339748,0.0,-0.00022957226663015658
2023-04-30 00:00:00+00:00,-0.00016700161297189542,0.0,-0.0001260776797829696
2023-05-01 00:00:00+00:00,1.201635992020833e-05,0.0,8.926711824685591e-06
2023-05-02 00:00:00+00:00,-0.0021300334277478015,0.0,-0.0015841308891491122
2023-05-03 00:00:00+00:00,0.001100248019467731,0.0,0.0008176247188982975
2023-05-04 00:00:00+00:00,0.0006516594468589431,0.0,0.0004786032827231786
2023-05-05 00:00:00+00:00,-0.0003642210285356162,0.0,-0.00026747059985702474
2023-05-06 00:00:00+00:00,0.0012047327908437655,0.0,0.0008847006158818632
2023-05-07 00:00:00+00:00,-0.0012072337760723917,0.0,-0.000886154580009612
2023-05-08 00:00:00+00:00,-0.0007723761287258713,0.0,-0.0005668944180111693
2023-05-09 00:00:00+00:00,-0.001393866019414669,0.0,-0.001022963736641733
2023-05-10 00:00:00+00:00,-9.744536134250747e-05,0.0,-7.151806824283051e-05
2023-05-11 00:00:00+00:00,-5.6455750953210424e-05,0.0,-4.143775166148737e-05
2023-05-12 00:00:00+00:00,-0.0011590831806176816,-0.0004469940369084435,-0.0009706654651671185
2023-05-13 00:00:00+00:00,-0.0003211233402974356,-0.00190197227997404,-0.0007396783485837336
2023-05-14 00:00:00+00:00,-4.623278182966928e-05,-6.43927566822855e-05,-5.103748053071149e-05
2023-05-15 00:00:00+00:00,0.0002529118866853253,-0.005532235175377131,-0.0012776968259450218
2023-05-16 00:00:00+00:00,0.00046107337865075593,0.0,0.00033942687410909005
2023-05-17 00:00:00+00:00,-0.0002441565965894954,0.0,-0.0001797251571033944
2023-05-18 00:00:00+00:00,0.0006742403268401809,0.0,0.0004902071528261122
2023-05-19 00:00:00+00:00,-0.0010939381761155386,0.0,-0.0008018741565336095
2023-05-20 00:00:00+00:00,0.00010679606965129374,0.0,7.95130835804128e-05
2023-05-21 00:00:00+00:00,0.00040148979347613966,0.0,0.00029893686003748776
2023-05-22 00:00:00+00:00,-0.0006661753432041894,0.0,-0.0004969002126888047
2023-05-23 00:00:00+00:00,0.00019440380533946032,0.0,0.00014575922435927763
2023-05-24 00:00:00+00:00,0.0006675753460940737,0.0,0.0005016666132172803
2023-05-25 00:00:00+00:00,-0.0016594947248917747,0.0,-0.0012481397955353699
2023-05-26 00:00:00+00:00,0.0002613340285237076,0.0,0.00019657216763411937
2023-05-27 00:00:00+00:00,0.0004098562456335664,0.0,0.00031097789230055017
2023-05-28 00:00:00+00:00,0.0002688881719418834,0.0,0.0002040076703699146
2023-05-29 00:00:00+00:00,0.0022266619088285645,0.0,0.0016937819120628327
2023-05-30 00:00:00+00:00,-0.000627966262542512,0.0,-0.00047692651099074236
2023-05-31 00:00:00+00:00,-8.676181047446718e-05,0.0,-6.601733216280265e-05
2023-06-01 00:00:00+00:00,-0.0008885347918230924,0.0,-0.0006787850643528263
2023-06-02 00:00:00+00:00,-0.0007404508833971368,0.0,-0.0005657746536885378
2023-06-03 00:00:00+00:00,0.0007684026593989923,0.0,0.0006050464640628739
2023-06-04 00:00:00+00:00,-0.00033020854616765404,0.0,-0.0002599580822229179
2023-06-05 00:00:00+00:00,7.52209638242185e-05,0.0014345870959652895,0.0003644531119802647
2023-06-06 00:00:00+00:00,-0.0025730772800707903,-0.008895603774416783,-0.003918141921057893
2023-06-07 00:00:00+00:00,0.002800663666847436,0.0,0.002204918161238586
2023-06-08 00:00:00+00:00,-0.001662932460288946,0.0,-0.0012790686556811075
2023-06-09 00:00:00+00:00,0.0002900752371245652,0.0,0.0002232971143531961
2023-06-10 00:00:00+00:00,-4.2193982999583215e-05,0.0,-3.24261079924131e-05
2023-06-11 00:00:00+00:00,-0.0011942165499640779,0.0,-0.0009161474650741813
2023-06-12 00:00:00+00:00,0.0001480957553171791,0.0,0.00011353657404665669
2023-06-13 00:00:00+00:00,-2.8059259886092925e-05,0.0,-2.1497334957404245e-05
2023-06-14 00:00:00+00:00,1.9463940109920585e-05,-0.003700458261678108,-0.0008503579440733656
2023-06-15 00:00:00+00:00,-0.0009035389746017807,-0.016003041339808212,-0.0044271076192568615
2023-06-16 00:00:00+00:00,0.0005278322846385741,0.0,0.00040398646739693214
2023-06-17 00:00:00+00:00,0.0008424972834699673,0.0,0.0006414985644064904
2023-06-18 00:00:00+00:00,0.00018567445624100286,0.0,0.0001374171026737979
2023-06-19 00:00:00+00:00,-0.0002061720761948438,0.0,-0.0001538194825255603
2023-06-20 00:00:00+00:00,0.0005539958313713455,0.0,0.000413590322192084
2023-06-21 00:00:00+00:00,0.001633788943204939,0.015096474119198922,0.005206692480794544
2023-06-22 00:00:00+00:00,0.003282492309841034,-0.0044175861766482475,0.0013169663933163104
2023-06-23 00:00:00+00:00,-0.0004928234409689481,0.01212147630890823,0.0027128255186035983
2023-06-24 00:00:00+00:00,0.0032225742311310147,-0.004032900406835127,0.0014797511853599527
2023-06-25 00:00:00+00:00,-0.0006439608488258752,-0.0004201478332785058,-0.0005889624457149363
2023-06-26 00:00:00+00:00,-0.00030660668332354034,-0.0044405146940156735,-0.0013371011213088346
2023-06-27 00:00:00+00:00,-0.0008427051998958213,0.005455772170229611,0.0006734490647207716
2023-06-28 00:00:00+00:00,0.0016870138123888712,-0.009098796486279426,-0.000994992999492876
2023-06-29 00:00:00+00:00,-0.002538084369285465,0.003269293053038913,-0.0011387919610521865
2023-06-30 00:00:00+00:00,0.001492243052367126,-0.004016414261626244,0.00014822784173158603
2023-07-01 00:00:00+00:00,4.54694538126077e-05,0.0004483621408327032,0.00014302507293511213
2023-07-02 00:00:00+00:00,0.00042446678266871984,0.0003348016533588183,0.0004027138586338308
2023-07-03 00:00:00+00:00,0.00012177516244955555,0.002230130604659797,0.0006316176700731919
2023-07-04 00:00:00+00:00,0.002144474565993759,-0.001512652969527517,0.0012664051452660793
2023-07-05 00:00:00+00:00,-0.0016319819744951669,-0.001886175679178126,-0.0016931773399137002
2023-07-06 00:00:00+00:00,-0.0011258939349904295,-0.001418713558294904,-0.00119683324677612
2023-07-07 00:00:00+00:00,-0.002523772044798189,0.000711632193197076,-0.0017385699339354608
2023-07-08 00:00:00+00:00,0.0018472223952040513,-0.0004094281584247739,0.0012921758355837962
2023-07-09 00:00:00+00:00,-0.0002487791165646236,-0.0002833722892539248,-0.0002573635875399336
2023-07-10 00:00:00+00:00,-0.0005183318417999461,0.0008415183192565401,-0.0001764171916721936
2023-07-11 00:00:00+00:00,0.0010091386324549757,0.001187914284631164,0.001054070952213169
2023-07-12 00:00:00+00:00,0.0008365665534944,0.0,0.0006217677040653169
2023-07-13 00:00:00+00:00,-0.0009972735986953697,-0.012858764452673154,-0.004195140080182933
2023-07-14 00:00:00+00:00,0.004364493705083383,-0.006442816055456202,0.0016321106491862364
2023-07-15 00:00:00+00:00,-0.004691608090672594,0.0,-0.003458689138765811
2023-07-16 00:00:00+00:00,-6.726067497935251e-05,0.0,-4.8713230984559326e-05
2023-07-17 00:00:00+00:00,-0.00020181222128836662,0.0,-0.00014558400725044838
2023-07-18 00:00:00+00:00,-0.0002841097007512339,0.0,-0.0002053802118363876
2023-07-19 00:00:00+00:00,-0.0008527721282913347,0.0,-0.0006179482810627999
2023-07-20 00:00:00+00:00,0.0001285844161588834,0.0,9.375317424766475e-05
2023-07-21 00:00:00+00:00,-0.0003279139969632583,0.0,-0.00023930581560872508
2023-07-22 00:00:00+00:00,0.0002933465621229647,0.0,0.0002146665551900317
2023-07-23 00:00:00+00:00,-0.00010479129198612825,0.0,-7.674507348987189e-05
2023-07-24 00:00:00+00:00,0.00023196526866882118,0.0,0.0001699094013824504
2023-07-25 00:00:00+00:00,-0.0007547968087289636,0.0,-0.0005528645325517546
2023-07-26 00:00:00+00:00,3.768511212496328e-05,0.0,2.7638210902413716e-05
2023-07-27 00:00:00+00:00,9.306708955079124e-05,0.0,6.825742475557386e-05
2023-07-28 00:00:00+00:00,-0.00010698191700080351,0.0,-7.872610663802693e-05
2023-07-29 00:00:00+00:00,6.964192077356657e-05,0.0,5.1251510681167473e-05
2023-07-30 00:00:00+00:00,2.7105613129085882e-05,0.0,1.994804713496128e-05
2023-07-31 00:00:00+00:00,-6.0704777713072036e-05,0.0,-4.467489897662842e-05
2023-08-01 00:00:00+00:00,-4.60264403175259e-05,0.0,-3.400949978201653e-05
2023-08-02 00:00:00+00:00,0.00039247405059192884,0.0,0.0002903230484224024
2023-08-03 00:00:00+00:00,-0.0004465761414952807,0.0,-0.00033042661440042223
2023-08-04 00:00:00+00:00,1.1180387866627228e-06,0.0,8.272003977071595e-07
2023-08-05 00:00:00+00:00,-7.235979523201319e-05,0.0,-5.360986843867099e-05
2023-08-06 00:00:00+00:00,-4.1818424750061924e-05,0.0,-3.102254072739991e-05
2023-08-07 00:00:00+00:00,7.86396071847939e-06,0.0,5.8369282782394895e-06
2023-08-08 00:00:00+00:00,9.847921335679466e-05,0.0,7.322754316561967e-05
2023-08-09 00:00:00+00:00,0.00045502184079335704,0.0,0.00033834825711635515
2023-08-10 00:00:00+00:00,-0.00016050765273654122,0.0,-0.00011933050148978866
2023-08-11 00:00:00+00:00,-0.00011376910572071796,0.0,-8.469275556888203e-05
2023-08-12 00:00:00+00:00,-2.9965982351121135e-05,0.0,-2.230521641645369e-05
2023-08-13 00:00:00+00:00,-2.832734683444471e-06,0.0,-2.1085672794895287e-06
2023-08-14 00:00:00+00:00,-0.00011152190904690773,0.0,-8.277591964277534e-05
2023-08-15 00:00:00+00:00,9.730020317175737e-05,0.0,7.223165005192911e-05
2023-08-16 00:00:00+00:00,-0.00019840032576348143,0.0,-0.00014729358085164762
2023-08-17 00:00:00+00:00,-0.0004005982104935413,0.0388197993621302,0.009691932502106313
2023-08-18 00:00:00+00:00,-0.0017557225282222254,0.008633912534871113,0.00015408474007597714
2023-08-19 00:00:00+00:00,-0.0004791054491362301,0.00018472005398852964,-0.00035729618356005366
2023-08-20 00:00:00+00:00,4.010240875516047e-05,-0.0018107494239621546,-0.00029958944043180285
2023-08-21 00:00:00+00:00,7.52545531054416e-05,0.0008570001338116473,0.00021846406018331344
2023-08-22 00:00:00+00:00,-5.000920615936266e-05,0.003677747495814554,0.0006327648143069132
2023-08-23 00:00:00+00:00,-5.981008469175819e-05,-0.008730210039923603,-0.0016427835283433613
2023-08-24 00:00:00+00:00,0.00031423484347388176,0.0015882559922975048,0.0005422665352314471
2023-08-25 00:00:00+00:00,-0.00021457952301666693,0.00031311522612078593,-0.00012015308781189755
2023-08-26 00:00:00+00:00,-9.642181780642468e-05,0.00013262649263099391,-5.5449990347209924e-05
2023-08-27 00:00:00+00:00,-4.2284243979096024e-05,-0.00026817650943211646,-8.268394109272904e-05
2023-08-28 00:00:00+00:00,-5.5299634114325254e-06,0.00015486426291233535,2.2708439141788786e-05
2023-08-29 00:00:00+00:00,0.0,-0.004907637037547841,-0.0008630031881628996
2023-08-30 00:00:00+00:00,0.0,0.0,0.0
2023-08-31 00:00:00+00:00,0.0,0.0,0.0
2023-09-01 00:00:00+00:00,0.0,0.0,0.0
2023-09-02 00:00:00+00:00,0.0,0.0,0.0
2023-09-03 00:00:00+00:00,0.0,0.0,0.0
2023-09-04 00:00:00+00:00,0.0,0.0,0.0
2023-09-05 00:00:00+00:00,0.0,0.0,0.0
2023-09-06 00:00:00+00:00,0.0,0.0,0.0
2023-09-07 00:00:00+00:00,0.0,0.0,0.0
2023-09-08 00:00:00+00:00,0.0,0.0,0.0
2023-09-09 00:00:00+00:00,0.0,0.0,0.0
2023-09-10 00:00:00+00:00,0.0,0.0,0.0
2023-09-11 00:00:00+00:00,0.0,-8.52979829750522e-05,-1.4058104368173788e-05
2023-09-12 00:00:00+00:00,0.0,-0.006178686926362009,-0.001018308339952926
2023-09-13 00:00:00+00:00,0.0,0.0,0.0
2023-09-14 00:00:00+00:00,0.0,0.0,0.0
2023-09-15 00:00:00+00:00,0.0,0.0,0.0
2023-09-16 00:00:00+00:00,0.0,0.0,0.0
2023-09-17 00:00:00+00:00,0.0,0.0,0.0
2023-09-18 00:00:00+00:00,0.0,0.0,0.0
2023-09-19 00:00:00+00:00,0.0,0.0,0.0
2023-09-20 00:00:00+00:00,0.0,0.0,0.0
2023-09-21 00:00:00+00:00,0.0,0.0,0.0
2023-09-22 00:00:00+00:00,0.0,0.0,0.0
2023-09-23 00:00:00+00:00,0.0,0.0,0.0
2023-09-24 00:00:00+00:00,0.0,0.0,0.0
2023-09-25 00:00:00+00:00,0.0,0.0,0.0
2023-09-26 00:00:00+00:00,0.0,0.0,0.0
2023-09-27 00:00:00+00:00,0.0,0.0,0.0
2023-09-28 00:00:00+00:00,0.0,0.0,0.0
2023-09-29 00:00:00+00:00,0.0,0.0,0.0
2023-09-30 00:00:00+00:00,0.0,0.0,0.0
2023-10-01 00:00:00+00:00,0.0,0.0,0.0
2023-10-02 00:00:00+00:00,0.0,-0.010359812715265449,-0.0016281108009150698
2023-10-03 00:00:00+00:00,0.0,0.0,0.0
2023-10-04 00:00:00+00:00,0.0,0.0,0.0
2023-10-05 00:00:00+00:00,0.0,0.0,0.0
2023-10-06 00:00:00+00:00,0.0,0.0,0.0
2023-10-07 00:00:00+00:00,0.0,0.0,0.0
2023-10-08 00:00:00+00:00,0.0,0.0,0.0
2023-10-09 00:00:00+00:00,0.0,0.0,0.0
2023-10-10 00:00:00+00:00,0.0,0.0,0.0
2023-10-11 00:00:00+00:00,0.0,0.0,0.0
2023-10-12 00:00:00+00:00,0.0,0.0,0.0
2023-10-13 00:00:00+00:00,0.0,0.0,0.0
2023-10-14 00:00:00+00:00,0.0,0.0,0.0
2023-10-15 00:00:00+00:00,0.0,0.0,0.0
2023-10-16 00:00:00+00:00,0.0,0.0,0.0
2023-10-17 00:00:00+00:00,0.0,0.0,0.0
2023-10-18 00:00:00+00:00,0.0,0.0,0.0
2023-10-19 00:00:00+00:00,0.0,0.0,0.0
2023-10-20 00:00:00+00:00,0.0,0.0,0.0
2023-10-21 00:00:00+00:00,0.0,0.0,0.0
2023-10-22 00:00:00+00:00,0.0,0.0,0.0
2023-10-23 00:00:00+00:00,0.0,0.08353071236671013,0.004049961205033509
2023-10-24 00:00:00+00:00,0.0,0.010561050706967135,0.00022879553957889476
2023-10-25 00:00:00+00:00,0.0035338413312449024,0.007589729448579075,0.003621251225254617
2023-10-26 00:00:00+00:00,0.0023576269591854882,-0.006429068397928783,0.001989984573859663
2023-10-27 00:00:00+00:00,-0.0014427409373961586,-0.007457616674317524,-0.0017295661390418896
2023-10-28 00:00:00+00:00,-0.00113914172802152,0.0049026819889248065,-0.000839285797859101
2023-10-29 00:00:00+00:00,0.0007713409937142313,0.010229770405284144,0.0012523639078582073
2023-10-30 00:00:00+00:00,0.0018148296898206518,-0.00414101060921721,0.0015099848577043878
2023-10-31 00:00:00+00:00,-0.00023130482472046853,0.001470781103219254,-0.00013945348310383124
2023-11-01 00:00:00+00:00,0.000659635922668711,0.012352127251028433,0.0012900423354123764
2023-11-02 00:00:00+00:00,0.0032506786294415058,-0.008891305232119628,0.002598321476304963
2023-11-03 00:00:00+00:00,-0.002119997793659567,-0.004329815844698515,-0.002255747167520195
2023-11-04 00:00:00+00:00,-0.0010470480020100315,0.007430540127935448,-0.0004988617393345871
2023-11-05 00:00:00+00:00,0.0015040216777820526,-0.0026564538432981566,0.0012321286715469197
2023-11-06 00:00:00+00:00,-0.00022888164463654714,0.001832289530586717,-9.141337732954883e-05
2023-11-07 00:00:00+00:00,8.950419631363893e-05,0.0020446091494174647,0.00022001170227297428
2023-11-08 00:00:00+00:00,0.0014164458610347985,0.006643980451425735,0.001764879310342963
2023-11-09 00:00:00+00:00,0.0008751738352615224,0.009676107896702568,0.0014712228030640305
2023-11-10 00:00:00+00:00,0.004498818776772185,0.0,0.004193356811644474
2023-11-11 00:00:00+00:00,0.0028596486777255235,0.0,0.0026339032234042074
2023-11-12 00:00:00+00:00,-0.0008731793489376693,0.0,-0.0008009914193636895
2023-11-13 00:00:00+00:00,-0.00048137048816980775,0.0,-0.00044134014897482756
2023-11-14 00:00:00+00:00,-0.0029654211359965155,0.0,-0.0027182454444679392
2023-11-15 00:00:00+00:00,-0.004511372932014557,0.0,-0.004115143536775453
2023-11-16 00:00:00+00:00,0.011111295923898146,0.0,0.009955526863741584
2023-11-17 00:00:00+00:00,-0.008174264657155428,0.0,-0.006999853978817148
2023-11-18 00:00:00+00:00,0.002081025579723361,0.0,0.0017461041166528888
2023-11-19 00:00:00+00:00,-0.0002481312767899313,0.0,-0.00020796852811288835
2023-11-20 00:00:00+00:00,0.0037431234255106195,0.0,0.003137166048533856
2023-11-21 00:00:00+00:00,0.0003585037197178842,0.0,0.0002994268498422201
2023-11-22 00:00:00+00:00,-0.008255936579784939,0.0,-0.006888672623629061
2023-11-23 00:00:00+00:00,0.00798757899081064,0.0,0.006548178146654615
2023-11-24 00:00:00+00:00,-0.00028777497357572733,0.0,-0.00023267249856790954
2023-11-25 00:00:00+00:00,0.0007154630288197072,0.0,0.0005784516561978269
2023-11-26 00:00:00+00:00,8.72748216129704e-05,0.0,7.055773301112801e-05
2023-11-27 00:00:00+00:00,-0.0006056363767040108,0.0,-0.0004896345372781163
2023-11-28 00:00:00+00:00,-0.0003832762850666027,0.0,-0.0003096904289130084
2023-11-29 00:00:00+00:00,0.0010119728993708498,0.0,0.0008176311149465166
2023-11-30 00:00:00+00:00,2.4322379161167973e-05,0.0,1.9648747008990153e-05
2023-12-01 00:00:00+00:00,-0.00023445831918453842,-0.000827879980957591,-0.0003484854826604878
2023-12-02 00:00:00+00:00,0.0016606634806949129,0.01583781278213068,0.004384822264341379
2023-12-03 00:00:00+00:00,0.0036527601258140143,0.0173997972814413,0.006271166574360738
2023-12-04 00:00:00+00:00,0.0025295817806083145,0.04302378930471731,0.010226878827523501
2023-12-05 00:00:00+00:00,0.009475801248183702,0.0516216763124981,0.016936442058230448
2023-12-06 00:00:00+00:00,0.009732593632599462,-0.010915472500370237,0.006153830934227976
2023-12-07 00:00:00+00:00,-0.0014856870862378635,-0.01318093198330712,-0.0036258987084355973
2023-12-08 00:00:00+00:00,-0.002286589461832511,0.016757580577262378,0.0011801750856443617
2023-12-09 00:00:00+00:00,0.004148287388298311,-0.008420278731433273,0.0018639614184984494
2023-12-10 00:00:00+00:00,-0.0023252612823290606,-0.002796055012251819,-0.002411240447705851
2023-12-11 00:00:00+00:00,0.00021978090862049272,-0.014890116938618391,-0.00255098040889798
2023-12-12 00:00:00+00:00,-0.011875647532836608,0.0,-0.00971313977428999
2023-12-13 00:00:00+00:00,0.0010904227662156263,0.0,0.0008747332983775632
2023-12-14 00:00:00+00:00,0.006327681738115843,0.0,0.005075782333060678
2023-12-15 00:00:00+00:00,0.0006752204250680905,0.0,0.0005393628449660343
2023-12-16 00:00:00+00:00,-0.005029205764057143,0.0,-0.004017364890463777
2023-12-17 00:00:00+00:00,0.0014398443871789456,0.0,0.0011462132242967668
2023-12-18 00:00:00+00:00,-0.004234121934432844,0.0,-0.003370271673265527
2023-12-19 00:00:00+00:00,0.005926102457181814,0.0,0.004705652212287361
2023-12-20 00:00:00+00:00,-0.0018065610701706093,0.0,-0.0014295592335546224
2023-12-21 00:00:00+00:00,0.006523429085654309,0.0,0.005159370314456979
2023-12-22 00:00:00+00:00,0.000698761338450371,0.0,0.0005504044163726633
2023-12-23 00:00:00+00:00,0.0003185039041220694,0.0,0.0002508855920479279
2023-12-24 00:00:00+00:00,-0.001358689099767485,0.0,-0.0010702631178938625
2023-12-25 00:00:00+00:00,-0.003440683981950654,0.0,-0.0027093668879521102
2023-12-26 00:00:00+00:00,0.002703978433995813,0.0,0.0021258226827222766
2023-12-27 00:00:00+00:00,-0.005198798885357303,0.0,-0.004085038040672667
2023-12-28 00:00:00+00:00,0.004093696290694826,0.0,0.0032059483640859403
2023-12-29 00:00:00+00:00,-0.004187971592032325,0.0,-0.0032751934373318903
2023-12-30 00:00:00+00:00,-0.002670293192438855,0.0,-0.0020837368045423586
2023-12-31 00:00:00+00:00,0.0001453025977318223,0.0,0.00011327853478711129
2024-01-01 00:00:00+00:00,0.00046657962066887215,0.0,0.00036328035796778183
2024-01-02 00:00:00+00:00,0.0031314243860635304,-0.0027525536068897516,0.0018287900570706857
2024-01-03 00:00:00+00:00,0.0011808280608515797,-0.009643573829031072,-0.001220478735273162
2024-01-04 00:00:00+00:00,-0.015702419053297233,0.0,-0.012232432142131395
2024-01-05 00:00:00+00:00,0.001607076036019972,0.0,0.0012215389526081097
2024-01-06 00:00:00+00:00,-1.4543334343297686e-05,0.0,-1.105264224353368e-05
2024-01-07 00:00:00+00:00,-0.00025225497634886465,0.0,-0.0001917085847206965
2024-01-08 00:00:00+00:00,-6.622973084950967e-05,0.0003959747879977993,4.471503166717657e-05
2024-01-09 00:00:00+00:00,0.003803682024822752,-0.016470152493452406,-0.0010630073210341645
2024-01-10 00:00:00+00:00,-0.0029458440154945366,0.0,-0.0022430204398851956
2024-01-11 00:00:00+00:00,0.0018176551418541908,-0.019965846807537102,-0.0033946034662199185
2024-01-12 00:00:00+00:00,-0.0011498403728909868,0.0,-0.0008780955117338154
2024-01-13 00:00:00+00:00,-0.013809155745276991,0.0,-0.010543800555315605
2024-01-14 00:00:00+00:00,8.73334867070863e-05,0.0,6.560577883019225e-05
2024-01-15 00:00:00+00:00,-0.0021982122144784456,0.0,-0.0016513205813520246
2024-01-16 00:00:00+00:00,0.0015062225879579395,0.0,0.0011310116807025361
2024-01-17 00:00:00+00:00,0.0011846906310839067,0.0,0.0008894383099153886
2024-01-18 00:00:00+00:00,-0.0007082225997338653,0.0,-0.0005316701763749716
2024-01-19 00:00:00+00:00,-0.002904623404721618,0.0,-0.0021804139507325074
2024-01-20 00:00:00+00:00,0.0004119513468670011,0.0,0.000309018069599453
2024-01-21 00:00:00+00:00,2.154151826871953e-05,0.0,1.615887111070765e-05
2024-01-22 00:00:00+00:00,-0.00015657393794041852,-0.00043466497842541417,-0.0002440520478390093
2024-01-23 00:00:00+00:00,-0.0025522241632415232,0.006428445923587578,0.000284739611180509
2024-01-24 00:00:00+00:00,-0.0002783696164108118,-0.006707644269309321,-0.0023083858317534977
2024-01-25 00:00:00+00:00,0.0001090124190080033,-0.001052102026466839,-0.000257102016106516
2024-01-26 00:00:00+00:00,-8.471943451582309e-05,-0.017438321321702956,-0.0055706915010667385
2024-01-27 00:00:00+00:00,0.0011354977768322616,0.0,0.0007817645275027643
2024-01-28 00:00:00+00:00,0.0001744126970412374,0.0,0.0001198428496336674
2024-01-29 00:00:00+00:00,-5.600940000862753e-05,0.0,-3.8480303620201833e-05
2024-01-30 00:00:00+00:00,0.0007687329681826504,0.0,0.0005281422370903091
2024-01-31 00:00:00+00:00,-0.00023205100581780158,0.0,-0.0001589530570356052
2024-02-01 00:00:00+00:00,-0.00022452183393379955,0.0,-0.000153671698808926
2024-02-02 00:00:00+00:00,0.0003055660757568912,0.0,0.00020912892621587032
2024-02-03 00:00:00+00:00,5.894977184488504e-05,0.0,4.0307694848203104e-05
2024-02-04 00:00:00+00:00,-0.0001223289285468887,0.0,-8.364554265630076e-05
2024-02-05 00:00:00+00:00,-0.0002651269134312795,0.0,-0.00018128199453531612
2024-02-06 00:00:00+00:00,6.721765289596782e-05,0.0,4.595794487257397e-05
2024-02-07 00:00:00+00:00,0.0002293031872239837,0.00019830497187021124,0.00021948559402386656
2024-02-08 00:00:00+00:00,0.0007565390250034998,0.009346633255484616,0.0034880419593830234
2024-02-09 00:00:00+00:00,-1.0497545755860927e-05,0.01646988482260885,0.0051864452220877835
2024-02-10 00:00:00+00:00,0.0010106753587828087,0.004378227633148368,0.0020578819323162738
2024-02-11 00:00:00+00:00,0.0003300944385971061,-0.0006404081297417541,2.844980475602145e-05
2024-02-12 00:00:00+00:00,0.00030398134129572263,0.026094581705559738,0.0083195908330357
2024-02-13 00:00:00+00:00,0.003743153358683893,-0.014232318630018148,-0.001675445210557062
2024-02-14 00:00:00+00:00,-0.0009717749389001274,0.03076616520705975,0.008489248804042004
2024-02-15 00:00:00+00:00,0.007889753994239967,-0.002692306506761555,0.004938363778522655
2024-02-16 00:00:00+00:00,0.00022154541176546693,0.005301879619899674,0.0016359469842166352
2024-02-17 00:00:00+00:00,0.0008693657769826224,-0.007175456339904818,-0.0013665939665041364
2024-02-18 00:00:00+00:00,-0.0018072950695366742,0.006565168850217029,0.0005139709890180995
2024-02-19 00:00:00+00:00,0.001747043592871611,-0.0043204578255847,7.120419593105746e-05
2024-02-20 00:00:00+00:00,-0.0014493188254662837,-0.004352012876995737,-0.002250770848367485
2024-02-21 00:00:00+00:00,0.0017138053139962306,-0.006672287491290207,-0.0005570215175480829
2024-02-22 00:00:00+00:00,-0.001614173845296585,-0.0007000252067828506,-0.0013714270941657756
2024-02-23 00:00:00+00:00,-0.0021496797115614142,-0.006886023316196343,-0.0034082841531598513
2024-02-24 00:00:00+00:00,-0.002088794954751072,0.007755835709196868,0.0005244628458604618
2024-02-25 00:00:00+00:00,0.0030359306170483435,0.0013504567778558573,0.0025887466548863663
2024-02-26 00:00:00+00:00,0.0005250212717118341,0.03636302469875918,0.010058464847376937
2024-02-27 00:00:00+00:00,0.010049389005703225,0.034633171296857904,0.016301030684265645
2024-02-28 00:00:00+00:00,0.00915692737156668,0.05374784312044274,0.020408744091235314
2024-02-29 00:00:00+00:00,0.01869910477156047,0.0,0.014231463582266396
2024-03-01 00:00:00+00:00,-0.004615277329266143,0.0,-0.003421488740362538
2024-03-02 00:00:00+00:00,0.003757442591618876,0.0,0.002776273718482159
2024-03-03 00:00:00+00:00,-0.0016026173030261547,0.0,-0.0011815684313868766
2024-03-04 00:00:00+00:00,0.0035120195272467123,0.02927776982981132,0.010604651262034158
2024-03-05 00:00:00+00:00,0.01662018652245485,-0.029300709840355,0.003473274144001306
2024-03-06 00:00:00+00:00,-0.017063260026796166,0.0,-0.012129988004345296
2024-03-07 00:00:00+00:00,0.00577126355465567,0.0,0.004004270090373862
2024-03-08 00:00:00+00:00,0.001638028956714388,0.0,0.0011307438227798109
2024-03-09 00:00:00+00:00,0.0030160698769592376,0.0,0.0020813492031297063
2024-03-10 00:00:00+00:00,0.0003151455232954792,0.0,0.0002174195457776782
2024-03-11 00:00:00+00:00,0.0013336747914737047,0.011209771045144468,0.004421556527272069
2024-03-12 00:00:00+00:00,0.007466310302930745,-0.032113390064253663,-0.0045767473445096915
2024-03-13 00:00:00+00:00,-0.0021382469048995658,-0.007476265678395722,-0.0037204049265338436
2024-03-14 00:00:00+00:00,0.0044288423068237215,-0.012979672063271086,-0.0006960844170182789
2024-03-15 00:00:00+00:00,-0.0028275236987903352,0.0,-0.0019975725654864385
2024-03-16 00:00:00+00:00,-0.0030409615572181137,0.0,-0.002151282736912791
2024-03-17 00:00:00+00:00,-0.006637401538544152,0.0,-0.004691825200029494
2024-03-18 00:00:00+00:00,0.0048464844276030926,0.0,0.00341913885278963
2024-03-19 00:00:00+00:00,-0.0013214289250814027,0.0,-0.000932954024231421
2024-03-20 00:00:00+00:00,-0.008256100754782647,0.0,-0.005829737112531358
2024-03-21 00:00:00+00:00,0.006618756735161213,0.0,0.004662291661862516
2024-03-22 00:00:00+00:00,-0.002626362666527893,0.0,-0.0018449176493460988
2024-03-23 00:00:00+00:00,-0.0019399432490600833,0.0,-0.001361950360617655
2024-03-24 00:00:00+00:00,0.00019577273173836395,0.0,0.000137422806439042
2024-03-25 00:00:00+00:00,0.0036016963562755856,0.0,0.0025305967825466178
2024-03-26 00:00:00+00:00,0.0029005196128451425,0.0,0.0020372282420878375
2024-03-27 00:00:00+00:00,8.45559232119264e-05,0.0,5.9488255558262374e-05
2024-03-28 00:00:00+00:00,-0.0006424629207249178,0.0,-0.00045242545538036455
2024-03-29 00:00:00+00:00,0.0013777666715902638,0.0,0.00097155890941427
2024-03-30 00:00:00+00:00,-0.0010863300117823992,0.0,-0.0007665040918368427
2024-03-31 00:00:00+00:00,-0.00021026607309573286,0.0,-0.00014833884151465416
2024-04-01 00:00:00+00:00,0.0008523055691311398,0.0,0.0006012694338040914
2024-04-02 00:00:00+00:00,-0.0009076170597544176,0.0,-0.000640517323089176
2024-04-03 00:00:00+00:00,-0.0021907975429816375,0.0,-0.0015438719465562896
2024-04-04 00:00:00+00:00,0.00023455992882075448,0.0,0.00016838221908218915
2024-04-05 00:00:00+00:00,0.0013095292757582034,0.0,0.0009401453238095285
2024-04-06 00:00:00+00:00,-0.00035660078895656256,0.0,-0.0002560058590020619
2024-04-07 00:00:00+00:00,0.0005506897327243632,0.0,0.0003953383415724267
2024-04-08 00:00:00+00:00,0.00022914454601403734,-0.0004915585809520228,2.5848977440206383e-05
2024-04-09 00:00:00+00:00,0.0011835287127468508,-0.007673692654663444,-0.0013327777974489557
2024-04-10 00:00:00+00:00,-0.001308357955911954,0.0,-0.0009383450687438698
2024-04-11 00:00:00+00:00,0.0007637123569987914,0.0,0.0005446607647443213
2024-04-12 00:00:00+00:00,-0.0003440313786362115,0.0,-0.00024540584484672554
2024-04-13 00:00:00+00:00,-0.0015327891512341818,0.0,-0.001111878863869352
2024-04-14 00:00:00+00:00,-0.0016822364536781987,0.0,-0.0012198275595571954
2024-04-15 00:00:00+00:00,0.0008738825844382348,0.0,0.0006338148498693203
2024-04-16 00:00:00+00:00,-0.0011748732257152784,0.0,-0.0008521685109737972
2024-04-17 00:00:00+00:00,0.00019028669480332107,0.0,0.00013798584124319704
2024-04-18 00:00:00+00:00,-0.001330309553863107,0.0,-0.0009647991579582432
2024-04-19 00:00:00+00:00,0.0011605239425462432,0.0,0.0008422806550978624
2024-04-20 00:00:00+00:00,0.00017769105162512844,0.0,0.00012896170441173527
2024-04-21 00:00:00+00:00,0.0005811060005050716,0.0,0.00042175180058270527
2024-04-22 00:00:00+00:00,4.905405285926534e-06,0.0,3.5603595501292033e-06
2024-04-23 00:00:00+00:00,0.000978809806275871,0.0,0.0007108103540670738
2024-04-24 00:00:00+00:00,-0.00020610947763139987,0.0,-0.00014957498222920295
2024-04-25 00:00:00+00:00,-0.0011244766294624454,0.0,-0.0008159685002252929
2024-04-26 00:00:00+00:00,0.00011645643798119387,0.0,8.411474786707597e-05
2024-04-27 00:00:00+00:00,-0.00038725302124922314,0.0,-0.00027970415167738694
2024-04-28 00:00:00+00:00,-0.00017984569984010878,0.0,-0.0001298886536443933
2024-04-29 00:00:00+00:00,-0.00017633025044532235,0.0,-0.00012734756598930334
2024-04-30 00:00:00+00:00,0.0003937749271365032,-0.014102579759301648,-0.003633791938330869
2024-05-01 00:00:00+00:00,-0.0016937495476623044,0.017551168895578638,0.0036104120444082864
2024-05-02 00:00:00+00:00,-0.0012566065857294805,-0.011052863400844104,-0.003937179652222914
2024-05-03 00:00:00+00:00,0.0003865302849208163,-0.013305203125883657,-0.0033445381993075602
2024-05-04 00:00:00+00:00,0.002039481864041104,0.0,0.001487433873971192
2024-05-05 00:00:00+00:00,0.0005292430650901015,0.0,0.0003859443549907459
2024-05-06 00:00:00+00:00,6.147794609390189e-05,0.0,4.4835261786060366e-05
2024-05-07 00:00:00+00:00,-0.00044838958048727396,0.0,-0.0003270059231429078
2024-05-08 00:00:00+00:00,-0.0004533342583938005,0.0,-0.0003305847062811951
2024-05-09 00:00:00+00:00,-0.0006096829488791977,0.0,-0.0004442218729979263
2024-05-10 00:00:00+00:00,-1.1774328277813773e-05,0.0,-8.554316946874927e-06
2024-05-11 00:00:00+00:00,0.0,0.0,0.0
2024-05-12 00:00:00+00:00,0.0,0.0,0.0
2024-05-13 00:00:00+00:00,0.0,0.0,0.0
2024-05-14 00:00:00+00:00,0.0,0.0,0.0
2024-05-15 00:00:00+00:00,0.0,0.0,0.0
2024-05-16 00:00:00+00:00,0.0,0.0,0.0
2024-05-17 00:00:00+00:00,-0.00025808862232334917,-0.0020540066233364573,-0.0007731672842832473
2024-05-18 00:00:00+00:00,0.0004681537970432359,0.0006560389917772191,0.0005221497760274289
2024-05-19 00:00:00+00:00,-2.6648327913680882e-05,-0.002713668187381435,-0.0007989897761552447
2024-05-20 00:00:00+00:00,-0.0001737940068438082,0.022742792882261574,0.0064144555182407735
2024-05-21 00:00:00+00:00,0.0013875046237982857,0.006601347468397823,0.00285995995899507
2024-05-22 00:00:00+00:00,-0.002591209568201913,-0.007667298548628865,-0.004025714147939357
2024-05-23 00:00:00+00:00,-0.0019289540642570824,-0.005857286999700872,-0.0030376148927732894
2024-05-24 00:00:00+00:00,-0.002458624424740341,0.0,-0.0017645595507206266
2024-05-25 00:00:00+00:00,0.0011207790699158337,0.0,0.0008036922767014757
2024-05-26 00:00:00+00:00,0.0014092197396350149,0.0,0.0010110927703715872
2024-05-27 00:00:00+00:00,-0.001607743299295561,0.0,-0.0011306967125923016
2024-05-28 00:00:00+00:00,0.0018206521227411177,0.0,0.001263551881915099
2024-05-29 00:00:00+00:00,-0.002065378658407746,0.0,-0.0013330398403028796
2024-05-30 00:00:00+00:00,-0.0015417003302598876,0.0,-0.0010434647914632977
2024-05-31 00:00:00+00:00,0.0013838293353382713,0.0,0.0009394245981434956
2024-06-01 00:00:00+00:00,-0.0016884576103492366,0.0,-0.0011483671652885062
2024-06-02 00:00:00+00:00,0.0003997757243817901,0.0,0.0002718861678330569
2024-06-03 00:00:00+00:00,-2.7136514003034406e-05,0.0,-1.783109759422289e-05
2024-06-04 00:00:00+00:00,0.002034047480813328,0.0,0.0013540896350425584
2024-06-05 00:00:00+00:00,0.00338815644334578,0.0,0.002435173312490701
2024-06-06 00:00:00+00:00,0.0010393327406594377,0.0,0.00075228025210802
2024-06-07 00:00:00+00:00,-0.0006446767373593954,0.0,-0.000466868941640007
2024-06-08 00:00:00+00:00,-0.0029156858286830236,0.0,-0.002117686230997136
2024-06-09 00:00:00+00:00,-0.00010178477931264141,0.0,-7.372835204725524e-05
2024-06-10 00:00:00+00:00,0.0005947390351177528,0.0,0.0004280709866155196
2024-06-11 00:00:00+00:00,-0.0002563485674519139,0.0,-0.00017641493995546452
2024-06-12 00:00:00+00:00,-0.004479593043665031,0.0,-0.003074021872567838
2024-06-13 00:00:00+00:00,0.0018517456690645862,0.0,0.001252170052987878
2024-06-14 00:00:00+00:00,-0.0029905722184558224,0.0,-0.002024675084559027
2024-06-15 00:00:00+00:00,-0.0015304654615728719,0.0,-0.0010362919269702635
2024-06-16 00:00:00+00:00,0.00030806172021642376,0.0,0.0002126764662314341
2024-06-17 00:00:00+00:00,0.0008389461226566475,0.0,0.0005866640865758994
2024-06-18 00:00:00+00:00,-0.00040210099032782497,0.0,-0.00028123177333999865
2024-06-19 00:00:00+00:00,-0.0026769285173114054,0.0,-0.0019454818781020691
2024-06-20 00:00:00+00:00,-0.00045552661320791277,0.0,-0.00033982792983123334
2024-06-21 00:00:00+00:00,-9.617255574483341e-05,-0.006015894920098486,-0.0015804725622117325
2024-06-22 00:00:00+00:00,-0.0005397424462038946,-0.0015834023299971856,-0.0007974444119186179
2024-06-23 00:00:00+00:00,7.308459552706204e-05,0.007692579290760904,0.0019540050626878345
2024-06-24 00:00:00+00:00,-0.000767663878844993,0.0449634738380126,0.009990921305837138
2024-06-25 00:00:00+00:00,-0.0009883612771351747,-0.023382632236957558,-0.00470909461420276
2024-06-26 00:00:00+00:00,0.00039997864028147313,0.0,0.00033727064265920686
2024-06-27 00:00:00+00:00,-0.0002505783608950818,0.0,-0.00021126935668271037
2024-06-28 00:00:00+00:00,0.0002153607337660901,0.0,0.00018182939801597488
2024-06-29 00:00:00+00:00,-0.00034015834255314293,0.0,-0.00028728169999870106
2024-06-30 00:00:00+00:00,0.0001433177502419003,0.0,0.0001210384594778643
2024-07-01 00:00:00+00:00,0.0004730254433073622,0.0,0.0003997159260578514
2024-07-02 00:00:00+00:00,2.6403684879650057e-05,0.0,2.231153083010154e-05
2024-07-03 00:00:00+00:00,-0.00020818223092760045,0.0,-0.00017629822255279073
2024-07-04 00:00:00+00:00,-0.0005175393831615693,0.0,-0.0004383201404275511
2024-07-05 00:00:00+00:00,-0.0008531163858150004,-0.008026834655362091,-0.0019437242579239495
2024-07-06 00:00:00+00:00,0.00013786015962196084,-0.00834169833605558,-0.0011445152064835356
2024-07-07 00:00:00+00:00,-0.0005364318624814901,0.0,-0.0004559692703905801
2024-07-08 00:00:00+00:00,0.0008127185011561622,0.0,0.000690856330666198
2024-07-09 00:00:00+00:00,-0.0002801518311873252,0.0,-0.00023802719216072302
2024-07-10 00:00:00+00:00,-0.00044385409007270394,0.0,-0.00037736095304151683
2024-07-11 00:00:00+00:00,0.00011168933925089774,0.0,9.500812433598564e-05
2024-07-12 00:00:00+00:00,0.00013784087793740075,0.0,0.00011724659744144733
2024-07-13 00:00:00+00:00,-0.0001838740565117014,0.0,-0.0001565429696746919
2024-07-14 00:00:00+00:00,-0.00043515282999899706,0.0,-0.00037093464408368885
2024-07-15 00:00:00+00:00,-0.000537612431620893,0.0,-0.0004585679853305816
2024-07-16 00:00:00+00:00,-0.000631187394516397,0.0,-0.0005386425432609562
2024-07-17 00:00:00+00:00,8.674047356209691e-05,-0.002444305134722313,-0.00028438379488279975
2024-07-18 00:00:00+00:00,-0.0002545038479070616,-0.0015704606182985082,-0.0004465813300495046
2024-07-19 00:00:00+00:00,-2.6489774475124684e-05,0.001226713513839317,0.00015521534745917647
2024-07-20 00:00:00+00:00,0.0007099886506872988,0.0035262517467671284,0.001118087635945562
2024-07-21 00:00:00+00:00,0.0003535950664414145,0.008468711057357492,0.001528944336375924
2024-07-22 00:00:00+00:00,0.0008037666673451404,-0.0035393098744257666,0.00017857418447906627
2024-07-23 00:00:00+00:00,-0.000500045552974715,-0.015676627574169655,-0.0026790742702453027
2024-07-24 00:00:00+00:00,-0.0012245987676275493,-0.00640445734929731,-0.0019514422868198015
2024-07-25 00:00:00+00:00,-0.00045179197771485493,-0.0038604142936849327,-0.0009287062705671304
2024-07-26 00:00:00+00:00,0.0003111075912319627,0.0,0.00026764051585002516
2024-07-27 00:00:00+00:00,0.0016168876117324872,-0.019598295354630778,-0.0013498664885906097
2024-07-28 00:00:00+00:00,-1.9042999883955856e-05,0.0,-1.6436191620223276e-05
2024-07-29 00:00:00+00:00,0.0002521567451308826,-0.020003030112326646,-0.0025208786195785554
2024-07-30 00:00:00+00:00,-0.001138369388752758,0.0,-0.0009851330035327932
2024-07-31 00:00:00+00:00,-0.00046273172096362726,0.0,-0.0003989607265170242
2024-08-01 00:00:00+00:00,-0.0012089222121925535,0.0,-0.0010413454956373716
2024-08-02 00:00:00+00:00,0.0005487761914829914,0.0,0.00047138431721967467
2024-08-03 00:00:00+00:00,-0.0029874344627554006,0.0,-0.0025726812418663363
2024-08-04 00:00:00+00:00,-0.0006343126089318974,0.0038990516744013435,1.0500995550517442e-05
2024-08-05 00:00:00+00:00,-0.0016497045342068084,0.01178213994703523,0.0002577524878070777
2024-08-06 00:00:00+00:00,-0.0017041079986953368,0.0,-0.0014638249324142628
2024-08-07 00:00:00+00:00,0.0,0.0,0.0
2024-08-08 00:00:00+00:00,0.0,0.0,0.0
2024-08-09 00:00:00+00:00,0.0,0.0,0.0
2024-08-10 00:00:00+00:00,0.0,0.0,0.0
2024-08-11 00:00:00+00:00,0.0,0.0,0.0
2024-08-12 00:00:00+00:00,0.0,0.0,0.0
2024-08-13 00:00:00+00:00,0.0,0.0,0.0
2024-08-14 00:00:00+00:00,0.0,0.0,0.0
2024-08-15 00:00:00+00:00,0.0,0.0,0.0
2024-08-16 00:00:00+00:00,0.0,0.0,0.0
2024-08-17 00:00:00+00:00,0.0,0.0,0.0
2024-08-18 00:00:00+00:00,0.0,0.0,0.0
2024-08-19 00:00:00+00:00,0.0,0.0,0.0
2024-08-20 00:00:00+00:00,0.0,0.0,0.0
2024-08-21 00:00:00+00:00,0.0,0.0,0.0
2024-08-22 00:00:00+00:00,0.0,0.0,0.0
2024-08-23 00:00:00+00:00,0.0,0.0,0.0
2024-08-24 00:00:00+00:00,0.0,0.0,0.0
2024-08-25 00:00:00+00:00,0.0,0.0,0.0
2024-08-26 00:00:00+00:00,0.0,0.0,0.0
2024-08-27 00:00:00+00:00,0.0,0.0,0.0
2024-08-28 00:00:00+00:00,0.0,0.0,0.0
2024-08-29 00:00:00+00:00,0.0,0.0,0.0
2024-08-30 00:00:00+00:00,0.0,0.0,0.0
2024-08-31 00:00:00+00:00,0.0,0.0,0.0
2024-09-01 00:00:00+00:00,0.0,0.0,0.0
2024-09-02 00:00:00+00:00,0.0,0.0,0.0
2024-09-03 00:00:00+00:00,0.0,0.0,0.0
2024-09-04 00:00:00+00:00,0.0,0.0,0.0
2024-09-05 00:00:00+00:00,0.0,0.0,0.0
2024-09-06 00:00:00+00:00,0.0,0.0070845763170749535,0.0008423116325560565
2024-09-07 00:00:00+00:00,0.0,-0.003018978673816286,-0.0003417707675452804
2024-09-08 00:00:00+00:00,-0.00020893153781964546,-0.005307322351965249,-0.0007858339656886189
2024-09-09 00:00:00+00:00,-0.0006796763518603699,-0.014887857736600462,-0.0022759667786907438
2024-09-10 00:00:00+00:00,-0.00209466388965347,0.0,-0.001863987754437856
2024-09-11 00:00:00+00:00,-0.0005840754239514245,0.0,-0.000526340841428507
2024-09-12 00:00:00+00:00,0.00028397462243843206,0.0,0.00025694576829000346
2024-09-13 00:00:00+00:00,-0.0007674239748536981,0.0,-0.0006995458826830346
2024-09-14 00:00:00+00:00,-0.0022861707769851634,0.0,-0.0020871428824081493
2024-09-15 00:00:00+00:00,0.00047606034545846223,0.0,0.0004328059635921525
2024-09-16 00:00:00+00:00,0.0008398292738323488,0.0,0.0007640387047773789
2024-09-17 00:00:00+00:00,0.0008939525691489258,0.0,0.0008123276689540314
2024-09-18 00:00:00+00:00,-0.0020190382675445485,0.0,-0.0018441057365844592
2024-09-19 00:00:00+00:00,-0.001411053872992718,0.0026623088232040184,-0.0010452993424595067
2024-09-20 00:00:00+00:00,-0.0003928038870049333,0.0005165472444179642,-0.0003097779555135692
2024-09-21 00:00:00+00:00,0.0,6.915787387029582e-05,6.309740144949145e-06
2024-09-22 00:00:00+00:00,0.0,0.0014598815748795956,0.00013407825204053808
2024-09-23 00:00:00+00:00,0.0,-0.005510242717875568,-0.0006772908998150529
2024-09-24 00:00:00+00:00,0.0,0.003062818317956939,0.00041590812799972995
2024-09-25 00:00:00+00:00,0.0,-0.0029261235102339576,-0.0003946580415721596
2024-09-26 00:00:00+00:00,0.0,0.004094834908984523,0.0005520241668726891
2024-09-27 00:00:00+00:00,0.0,-0.002465636505591151,-0.0003300544883721335
2024-09-28 00:00:00+00:00,0.0,-0.0027518777411438934,-0.00036828359986089507
2024-09-29 00:00:00+00:00,0.0,-0.000175846420968373,-2.3498718305181592e-05
2024-09-30 00:00:00+00:00,0.0,-0.015041551929491925,-0.002001639456304261
2024-10-01 00:00:00+00:00,0.0,0.0,0.0
2024-10-02 00:00:00+00:00,0.0,0.0,0.0
2024-10-03 00:00:00+00:00,0.0,0.0,0.0
2024-10-04 00:00:00+00:00,0.0,0.0,0.0
2024-10-05 00:00:00+00:00,0.0,0.0,0.0
2024-10-06 00:00:00+00:00,0.0,0.0,0.0
2024-10-07 00:00:00+00:00,0.0,0.0,0.0
2024-10-08 00:00:00+00:00,0.0,0.0,0.0
2024-10-09 00:00:00+00:00,0.0,0.0,0.0
2024-10-10 00:00:00+00:00,0.0,0.0,0.0
2024-10-11 00:00:00+00:00,0.0,0.0,0.0
2024-10-12 00:00:00+00:00,0.0,0.0,0.0
2024-10-13 00:00:00+00:00,0.0,0.0,0.0
2024-10-14 00:00:00+00:00,0.0,0.0,0.0
2024-10-15 00:00:00+00:00,0.0,-0.015467961759588134,-0.0019732968708398146
2024-10-16 00:00:00+00:00,0.0,0.0,0.0
2024-10-17 00:00:00+00:00,0.0011772238043087136,0.0,0.0010337773990495224
2024-10-18 00:00:00+00:00,-0.00046346173486151444,-0.006832378368418146,-0.0012548769854847255
2024-10-19 00:00:00+00:00,0.002169485121350778,0.001281199833389346,0.002060155261505661
2024-10-20 00:00:00+00:00,-0.00015626723658344056,0.010281249953288584,0.0012201736600234517
2024-10-21 00:00:00+00:00,0.0014099576362854639,-0.024756573012198958,-0.0019241544606655985
2024-10-22 00:00:00+00:00,-0.004340732725765651,0.0,-0.0038113628663024235
2024-10-23 00:00:00+00:00,4.537561382611521e-05,0.0,3.906460699642081e-05
2024-10-24 00:00:00+00:00,-0.002033717411750535,0.0,-0.0017505855586989185
2024-10-25 00:00:00+00:00,0.003939340810673597,0.0,0.003379459695159702
2024-10-26 00:00:00+00:00,-0.003988209390529596,0.0,-0.0033346390727024802
2024-10-27 00:00:00+00:00,0.0010305743776916287,0.0,0.0008499095725081105
2024-10-28 00:00:00+00:00,0.002353170914122371,0.004984839495978921,0.0028550699776146646
2024-10-29 00:00:00+00:00,0.005024355663155821,0.03757690653976895,0.011328835195687241
2024-10-30 00:00:00+00:00,0.007203311746666019,-0.003930776365329902,0.0053440256080989875
2024-10-31 00:00:00+00:00,-0.0010611167294396929,-0.022396572497170288,-0.005140985115238426
2024-11-01 00:00:00+00:00,-0.005278366469525753,0.0,-0.004323593910077953
2024-11-02 00:00:00+00:00,-0.0021952857434895724,0.0,-0.00178196132094615
2024-11-03 00:00:00+00:00,-0.00038877079593111483,0.0,-0.0003148028365978777
2024-11-04 00:00:00+00:00,-0.0016230102348582464,0.0,-0.0013104743842364073
2024-11-05 00:00:00+00:00,-0.002468393082216336,0.0,-0.001993313094211989
2024-11-06 00:00:00+00:00,0.00390812403433638,0.004899002168723454,0.004101003798335112
2024-11-07 00:00:00+00:00,0.016121377853175335,0.0020648880691799933,0.01331294487207026
2024-11-08 00:00:00+00:00,0.0006563244021634329,0.004533629255309224,0.001695905899406291
2024-11-09 00:00:00+00:00,0.0015323910274770646,0.0013512166480182497,0.001483928425137508
2024-11-10 00:00:00+00:00,0.00043335311683176945,0.03772439876031704,0.010419525215453772
2024-11-11 00:00:00+00:00,0.009421892354575735,0.07021123409344324,0.023782509827909554
2024-11-12 00:00:00+00:00,0.019825447228855663,-0.009779804377382817,0.014110726335234122
2024-11-13 00:00:00+00:00,-0.0019958453849768356,-0.0040555473620999425,-0.002479584430131517
2024-11-14 00:00:00+00:00,0.0056137775977471716,-0.011600945384231842,0.001564440459880725
2024-11-15 00:00:00+00:00,-0.007106287559268587,0.012659483305788432,-0.002434961622121483
2024-11-16 00:00:00+00:00,0.004987142095158536,-0.003153388983086214,0.003031568754084012
2024-11-17 00:00:00+00:00,-0.0006281638649014764,-0.0028410789043419983,-0.0011633825639771331
2024-11-18 00:00:00+00:00,-0.0010576888049962374,0.005471121972729165,0.0005213105363995234
2024-11-19 00:00:00+00:00,0.0007460009379192556,-0.004501327151661206,-0.0005229659567288442
2024-11-20 00:00:00+00:00,0.0024063890949431953,0.011071965804493055,0.004499912037372067
2024-11-21 00:00:00+00:00,0.0026124937975701814,0.02919288754476268,0.00901647137836278
2024-11-22 00:00:00+00:00,0.008212163420685181,0.001400058854150954,0.006613907504150098
2024-11-23 00:00:00+00:00,0.0010547319402696154,-0.006391370851943012,-0.0007277430597825772
2024-11-24 00:00:00+00:00,-0.0024590738489822517,0.0008676120389718989,-0.0016642141695565244
2024-11-25 00:00:00+00:00,0.0003754628065706367,-0.02090447783007974,-0.00472501979532408
2024-11-26 00:00:00+00:00,-0.009956678859406255,0.0,-0.0076071297483876555
2024-11-27 00:00:00+00:00,-0.002249798423027727,0.0,-0.0016997540336439617
2024-11-28 00:00:00+00:00,0.0078014864398340935,0.0,0.0058898742201124185
2024-11-29 00:00:00+00:00,-0.0004959833520759016,0.0,-0.0003725580150414977
2024-11-30 00:00:00+00:00,0.0035776312065566975,0.0,0.002687127182082989
2024-12-01 00:00:00+00:00,-0.0021713418574880405,0.0,-0.0016295538542301644
2024-12-02 00:00:00+00:00,0.0015059516284085638,0.0,0.0011294017624674758
2024-12-03 00:00:00+00:00,-0.0028949042385647107,0.0,-0.0021709665311624034
2024-12-04 00:00:00+00:00,-5.016166829958646e-05,0.0,-3.757556468479272e-05
2024-12-05 00:00:00+00:00,0.005424451061744273,-0.02078856366597783,-0.0011527892658341988
2024-12-06 00:00:00+00:00,-0.0036451678492819273,0.0,-0.002736456864268553
2024-12-07 00:00:00+00:00,0.0055838383364024136,0.0,0.004184497062018545
2024-12-08 00:00:00+00:00,7.699057914374307e-05,0.0,5.7551877823620486e-05
2024-12-09 00:00:00+00:00,0.002506774420252711,0.0,0.0018694248163288957
2024-12-10 00:00:00+00:00,-0.007830968550719386,0.0,-0.0058423475044501886
2024-12-11 00:00:00+00:00,-0.0015650907028245565,0.0,-0.0011602292993820418
2024-12-12 00:00:00+00:00,0.009059376555396348,0.0,0.0067130806801160535
2024-12-13 00:00:00+00:00,-0.001865437992712371,0.0,-0.0013741227085068912
2024-12-14 00:00:00+00:00,0.0021608619438475696,0.0,0.0015920616983117802
2024-12-15 00:00:00+00:00,-2.8555798132390287e-05,0.0,-2.103560944740114e-05
2024-12-16 00:00:00+00:00,0.004835536457837808,-0.0038860437042439687,0.0025383729447524405
2024-12-17 00:00:00+00:00,0.0029140663930180555,0.0008013415962464076,0.0023557443707618118
2024-12-18 00:00:00+00:00,4.1942253717630604e-05,-0.019228054270203798,-0.005046133249908118
2024-12-19 00:00:00+00:00,-0.009934485947130822,0.0,-0.007344502903474454
2024-12-20 00:00:00+00:00,-0.004703734952078098,0.0,-0.0034448722663872494
2024-12-21 00:00:00+00:00,-0.001906522320828752,0.0,-0.001393033996634161
2024-12-22 00:00:00+00:00,-0.00022918335625861098,0.0,-0.0001673712756408714
2024-12-23 00:00:00+00:00,-0.0008265005656352242,0.0,-0.0006033417678037236
2024-12-24 00:00:00+00:00,-0.00012425993416185222,0.0,-9.068949286447287e-05
2024-12-25 00:00:00+00:00,0.0014523816033499947,0.0,0.0010598585378453142
2024-12-26 00:00:00+00:00,0.0002788855767646314,0.0,0.00020348132099393205
2024-12-27 00:00:00+00:00,-0.0014078361507648518,0.0,-0.0010271234463902802
2024-12-28 00:00:00+00:00,-0.0005900416921820861,0.0,-0.00043029949588161624
2024-12-29 00:00:00+00:00,0.0003808334460067453,0.0,0.0002777045534446205
2024-12-30 00:00:00+00:00,-0.0006158921043368792,-0.0039805576874087254,-0.0015335821454859015
2024-12-31 00:00:00+00:00,-0.00037332467730581963,0.0,-0.00027153988585172195
2025-01-01 00:00:00+00:00,0.0002973283719882147,0.0,0.00021625257537273698
2025-01-02 00:00:00+00:00,0.00039126573623446956,0.0,0.0002845819288895334
2025-01-03 00:00:00+00:00,0.000917281527244107,0.0,0.0006671920736280435
2025-01-04 00:00:00+00:00,0.0004467161892793836,0.0,0.00032493270616548416
2025-01-05 00:00:00+00:00,3.6106578163774826e-06,0.0,2.626408074357039e-06
2025-01-06 00:00:00+00:00,5.377546226319474e-05,0.0,3.911651864243692e-05
2025-01-07 00:00:00+00:00,0.001471773417705835,0.0,0.0010705807913089312
2025-01-08 00:00:00+00:00,-0.0020273716624805926,0.0,-0.0014747114089250562
2025-01-09 00:00:00+00:00,-0.0007495834460039763,0.0,-0.0005449465252980758
2025-01-10 00:00:00+00:00,-0.0009822724656678439,0.0,-0.0007140217474147154
2025-01-11 00:00:00+00:00,0.0008436980044445264,0.0,0.0006131799346545854
2025-01-12 00:00:00+00:00,-4.851040137774376e-05,0.0,-3.525735458735835e-05
2025-01-13 00:00:00+00:00,-2.9831745975994473e-05,-0.003971539327965945,-0.0011067219697567905
2025-01-14 00:00:00+00:00,-1.0514023475849399e-05,0.0,-7.6207198175019195e-06
2025-01-15 00:00:00+00:00,0.0007791416695902776,0.0,0.0005647327736117549
2025-01-16 00:00:00+00:00,0.0015222632628433708,0.0,0.0011033800896699908
2025-01-17 00:00:00+00:00,-0.0002060781192753769,0.0010725440456462731,0.00014633298297668873
2025-01-18 00:00:00+00:00,0.001574546445011249,-0.0021729050026468633,0.0005420029796742009
2025-01-19 00:00:00+00:00,0.0001735161156003251,-0.014920979099210552,-0.0039963230863743066
2025-01-20 00:00:00+00:00,-1.995638392826571e-05,-0.01997898574799799,-0.005603510412065107
2025-01-21 00:00:00+00:00,0.0,0.0,0.0
2025-01-22 00:00:00+00:00,0.0,0.0,0.0
2025-01-23 00:00:00+00:00,0.0,0.0,0.0
2025-01-24 00:00:00+00:00,0.0,0.0,0.0
2025-01-25 00:00:00+00:00,0.0,0.0,0.0
2025-01-26 00:00:00+00:00,0.0,0.0,0.0
2025-01-27 00:00:00+00:00,0.0,0.0,0.0
2025-01-28 00:00:00+00:00,0.0,0.0,0.0
2025-01-29 00:00:00+00:00,0.0,0.0,0.0
2025-01-30 00:00:00+00:00,0.0,0.0,0.0
2025-01-31 00:00:00+00:00,0.0,0.0,0.0
2025-02-01 00:00:00+00:00,0.0,0.0,0.0
2025-02-02 00:00:00+00:00,0.0,0.0,0.0
2025-02-03 00:00:00+00:00,0.0,0.0,0.0
2025-02-04 00:00:00+00:00,0.0,0.0,0.0
2025-02-05 00:00:00+00:00,0.0,0.0,0.0
2025-02-06 00:00:00+00:00,0.0,0.0,0.0
2025-02-07 00:00:00+00:00,0.0,0.0,0.0
2025-02-08 00:00:00+00:00,0.0,0.0,0.0
2025-02-09 00:00:00+00:00,0.0,0.0,0.0
2025-02-10 00:00:00+00:00,0.0,0.0,0.0
2025-02-11 00:00:00+00:00,0.0,0.0,0.0
2025-02-12 00:00:00+00:00,0.0,0.0,0.0
2025-02-13 00:00:00+00:00,0.0,0.0,0.0
2025-02-14 00:00:00+00:00,0.0,0.0,0.0
2025-02-15 00:00:00+00:00,0.0,0.0,0.0
2025-02-16 00:00:00+00:00,0.0,0.0,0.0
2025-02-17 00:00:00+00:00,0.0,0.0,0.0
2025-02-18 00:00:00+00:00,0.0,0.0,0.0
2025-02-19 00:00:00+00:00,0.0,0.0,0.0
2025-02-20 00:00:00+00:00,0.0,0.0,0.0
2025-02-21 00:00:00+00:00,0.0,0.0,0.0
2025-02-22 00:00:00+00:00,0.0,0.0,0.0
2025-02-23 00:00:00+00:00,0.0,0.0,0.0
2025-02-24 00:00:00+00:00,0.0,0.0,0.0
2025-02-25 00:00:00+00:00,0.0,0.016191524171926996,0.006086451751531819
2025-02-26 00:00:00+00:00,0.0,0.031469966135214245,0.011099144586019506
2025-02-27 00:00:00+00:00,0.0,-0.005549257292317833,-0.0015933962826956997
2025-02-28 00:00:00+00:00,0.0,-0.0010561998943894757,-0.0003021906881952791
2025-03-01 00:00:00+00:00,0.0,-0.0018966173838486978,-0.0005369960634068633
2025-03-02 00:00:00+00:00,0.0,0.0,0.0
2025-03-03 00:00:00+00:00,0.0,0.0,0.0
2025-03-04 00:00:00+00:00,0.0,0.0,0.0
2025-03-05 00:00:00+00:00,0.0,0.0,0.0
2025-03-06 00:00:00+00:00,0.0,0.0,0.0
2025-03-07 00:00:00+00:00,0.0,0.0,0.0
2025-03-08 00:00:00+00:00,0.0,0.0,0.0
2025-03-09 00:00:00+00:00,0.0,0.0,0.0
2025-03-10 00:00:00+00:00,0.0,-0.010146954809693631,-0.0027801344000971118
2025-03-11 00:00:00+00:00,0.0,-0.00977985061249349,-0.0024492825011320674
2025-03-12 00:00:00+00:00,0.0,0.0,0.0
2025-03-13 00:00:00+00:00,0.0,0.0,0.0
2025-03-14 00:00:00+00:00,0.0,0.0,0.0
2025-03-15 00:00:00+00:00,0.0,0.0,0.0
2025-03-16 00:00:00+00:00,0.0,0.0,0.0
2025-03-17 00:00:00+00:00,0.0,0.0,0.0
2025-03-18 00:00:00+00:00,0.0,0.0,0.0
2025-03-19 00:00:00+00:00,0.0,0.0,0.0
2025-03-20 00:00:00+00:00,0.0,0.0,0.0
2025-03-21 00:00:00+00:00,-0.0004807376259319485,0.0,-0.0004339685724881576
2025-03-22 00:00:00+00:00,-4.520430476362414e-06,0.0,-4.109365182542788e-06
2025-03-23 00:00:00+00:00,0.0,0.0,0.0
2025-03-24 00:00:00+00:00,0.0,0.0,0.0
2025-03-25 00:00:00+00:00,0.0,0.0,0.0
2025-03-26 00:00:00+00:00,0.0,0.0,0.0
2025-03-27 00:00:00+00:00,0.0,0.0,0.0
2025-03-28 00:00:00+00:00,0.0,0.0,0.0
2025-03-29 00:00:00+00:00,0.0,0.0,0.0
2025-03-30 00:00:00+00:00,0.0,0.0,0.0
2025-03-31 00:00:00+00:00,0.0,0.0,0.0
2025-04-01 00:00:00+00:00,0.0,0.0,0.0
2025-04-02 00:00:00+00:00,0.0,0.0,0.0
2025-04-03 00:00:00+00:00,0.0,0.0,0.0
2025-04-04 00:00:00+00:00,0.0,0.0,0.0
2025-04-05 00:00:00+00:00,0.0,0.0,0.0
2025-04-06 00:00:00+00:00,0.0,0.010251677871848486,0.0007744090605837383
2025-04-07 00:00:00+00:00,0.0,-0.015033748199092822,-0.0011097223177912309
2025-04-08 00:00:00+00:00,0.0,0.0,0.0
2025-04-09 00:00:00+00:00,0.0,0.0,0.0
2025-04-10 00:00:00+00:00,0.0,0.0,0.0
2025-04-11 00:00:00+00:00,0.0,0.0,0.0
2025-04-12 00:00:00+00:00,0.0,0.0,0.0
2025-04-13 00:00:00+00:00,0.0,0.0,0.0
2025-04-14 00:00:00+00:00,0.0,0.0,0.0
2025-04-15 00:00:00+00:00,0.0,0.0,0.0
2025-04-16 00:00:00+00:00,0.0,0.0,0.0
2025-04-17 00:00:00+00:00,0.0,0.0,0.0
2025-04-18 00:00:00+00:00,0.0,0.0,0.0
2025-04-19 00:00:00+00:00,0.0,0.0,0.0
2025-04-20 00:00:00+00:00,0.0,0.0,0.0
2025-04-21 00:00:00+00:00,0.0,0.0,0.0
2025-04-22 00:00:00+00:00,0.0,0.023652093856929367,0.0002624157807881017
2025-04-23 00:00:00+00:00,0.0,0.009389527478589654,9.147359171747317e-05
2025-04-24 00:00:00+00:00,0.0,-0.0033629959721307888,-3.223146424903723e-05
2025-04-25 00:00:00+00:00,0.0,0.013203789343091188,0.00012617045908666012
2025-04-26 00:00:00+00:00,0.0,-0.00044105571909796025,-4.085228300388682e-06
2025-04-27 00:00:00+00:00,0.0,-0.007804207048831602,-7.227524898355173e-05
2025-04-28 00:00:00+00:00,0.0,0.008326418762494736,7.610765639816839e-05
2025-04-29 00:00:00+00:00,0.0,-0.00622066123265792,-5.6246156825527414e-05
2025-04-30 00:00:00+00:00,0.0,-0.00022906757512084486,-2.0541289840612274e-06
2025-05-01 00:00:00+00:00,0.0,0.021033840806412307,0.00018860733647869666
2025-05-02 00:00:00+00:00,0.0,0.0028159355178635883,2.3578331128483086e-05
2025-05-03 00:00:00+00:00,0.0004598436499675618,-0.0042898888275641365,0.00042009380027355025
2025-05-04 00:00:00+00:00,-0.001210193011418581,-0.008875556159112018,-0.001298832996446458
2025-05-05 00:00:00+00:00,-0.0018716503959998576,-0.0056690513020522856,-0.001960076484147938
2025-05-06 00:00:00+00:00,0.0005554533451145538,0.0,0.000534245037286683
2025-05-07 00:00:00+00:00,0.0024875221448497076,0.0,0.002389635290292285
2025-05-08 00:00:00+00:00,0.00022114388514253845,0.04490041485475551,0.0027296212683524776
2025-05-09 00:00:00+00:00,0.00735907252760013,-0.002076132892061655,0.00693138176135532
2025-05-10 00:00:00+00:00,-0.0005691363946911165,0.005994603344862926,8.681828710540337e-05
2025-05-11 00:00:00+00:00,0.003351007685836116,-0.0007267775092349327,0.002943100728072388
2025-05-12 00:00:00+00:00,-0.0013586728694972461,-0.012168380881753715,-0.002514453378035489
2025-05-13 00:00:00+00:00,-0.002478972469783103,0.0047972920743606816,-0.0017026004793337236
2025-05-14 00:00:00+00:00,0.0024248068713951464,-0.0024610800480020954,0.0018850677158468027
2025-05-15 00:00:00+00:00,-0.0011844358119756037,-6.972676117995568e-05,-0.0010579618684429335
2025-05-16 00:00:00+00:00,0.0004525943890412609,-7.039326163371662e-06,0.0004000342494747851
2025-05-17 00:00:00+00:00,-0.0005872318554653866,-0.0018747031808825864,-0.000734545253363843
2025-05-18 00:00:00+00:00,-0.0006240814066589495,0.011085397749467152,0.0007178001262039027
2025-05-19 00:00:00+00:00,0.006077077795234498,-0.012169068188993682,0.003997560608821632
2025-05-20 00:00:00+00:00,-0.0016283584664402273,0.004446080906823857,-0.000841149114469242
2025-05-21 00:00:00+00:00,0.0022896903746309595,0.012022991808634175,0.0035631355959071876
2025-05-22 00:00:00+00:00,0.005089582025235284,0.01931880112888531,0.006962876373875806
2025-05-23 00:00:00+00:00,0.003670265240743387,-0.025919953280442963,-0.000414063043228172
2025-05-24 00:00:00+00:00,-0.007998192949497884,0.0004168763230567807,-0.006856770115911395
2025-05-25 00:00:00+00:00,0.0007487335330434774,0.005644378580721687,0.0015130863319183824
2025-05-26 00:00:00+00:00,0.002255671620449018,-4.553491042480484e-05,0.0018965935812192808
2025-05-27 00:00:00+00:00,0.0007301693752147731,-0.0010773118490471135,0.0004420801477622253
2025-05-28 00:00:00+00:00,-0.0009389759089298621,-0.008667927064325443,-0.002250021871311305
2025-05-29 00:00:00+00:00,-0.0021434442909985087,-0.006574734391226777,-0.0028941476916433213
2025-05-30 00:00:00+00:00,-0.004009691032736828,-0.0008184723772163505,-0.003466051153967041
2025-05-31 00:00:00+00:00,-0.0029383143148527637,0.0,-0.0024236722203117324
2025-06-01 00:00:00+00:00,0.0010527568276674781,0.0,0.0008657738849128169
2025-06-02 00:00:00+00:00,0.0006597069011890832,0.0,0.0005423776772299844
2025-06-03 00:00:00+00:00,0.00014774950379394802,0.0,0.00012146072128586017
2025-06-04 00:00:00+00:00,-0.00033448035778591565,0.0,-0.0002749678624629661
2025-06-05 00:00:00+00:00,-0.00046278203049006096,0.0,-0.00038041898167785526
2025-06-06 00:00:00+00:00,-0.002136919330332554,0.0,-0.001756429520756009
2025-06-07 00:00:00+00:00,0.0018793051921794479,0.0,0.0015422613294269643
2025-06-08 00:00:00+00:00,0.0008532481638439116,0.0,0.0006995190241055002
2025-06-09 00:00:00+00:00,0.00010816637155897091,0.0,8.8505655603389e-05
2025-06-10 00:00:00+00:00,0.003038253156692772,0.0,0.0024817095671849565
2025-06-11 00:00:00+00:00,-1.296061641717916e-05,0.0,-1.0558313478501342e-05
2025-06-12 00:00:00+00:00,-0.0011005158455720475,0.0,-0.0008965296681609148
2025-06-13 00:00:00+00:00,-0.0019959442278170815,0.0,-0.0016252177443026098
2025-06-14 00:00:00+00:00,0.0002780237229899729,0.0,0.00022607028246196182
2025-06-15 00:00:00+00:00,-0.00045072888171928673,0.0,-0.00036650078802426256
2025-06-16 00:00:00+00:00,0.00011319345406213266,0.0,9.203230622845914e-05
2025-06-17 00:00:00+00:00,0.0008064391400665726,0.0,0.0006556803256124376
2025-06-18 00:00:00+00:00,-0.0015028190680553167,0.0,-0.0012216999723855255
2025-06-19 00:00:00+00:00,0.00021150929948903218,0.0,0.00017180733806307797
2025-06-20 00:00:00+00:00,-0.00015379815113436557,0.0,-0.00012494173827451755
2025-06-21 00:00:00+00:00,-0.0009211573595006462,0.0,-0.0007483121760549111
2025-06-22 00:00:00+00:00,-0.0007922381518161048,-0.007079856249622129,-0.0019736645434974757
2025-06-23 00:00:00+00:00,-0.0008022418960416777,-0.0008973401007577487,-0.000820052475716647
2025-06-24 00:00:00+00:00,0.00295639285041025,0.0,0.002402213006648642
2025-06-25 00:00:00+00:00,0.0004956509632735972,0.0,0.00040174808421371966
2025-06-26 00:00:00+00:00,0.0008314444640852958,0.0,0.0006738976440650012
2025-06-27 00:00:00+00:00,-0.0002474902540052559,0.0,-0.00020056508065058846
2025-06-28 00:00:00+00:00,6.018732261900972e-05,0.0,4.877376013816261e-05
2025-06-29 00:00:00+00:00,0.00014694114790549939,0.0,0.00011907651430034627
2025-06-30 00:00:00+00:00,0.0007006773394079069,0.0,0.0005678096088625353
2025-07-01 00:00:00+00:00,-0.0008199126196583251,0.0,-0.0006643732848580146
2025-07-02 00:00:00+00:00,-0.0009713072441376314,-0.0010660565583937576,-0.0009893016848162804
2025-07-03 00:00:00+00:00,0.0021076245340374555,0.001989023514906263,0.0020850707268767915
2025-07-04 00:00:00+00:00,0.0004857542376017321,-0.0074234914747495885,-0.0010256123440779952
2025-07-05 00:00:00+00:00,-0.0010777594379553612,0.0,-0.000872713895111861
2025-07-06 00:00:00+00:00,0.00013933727693369314,0.0,0.00011260663025656768
2025-07-07 00:00:00+00:00,0.0006573145023891058,0.0,0.0005290002442807504
2025-07-08 00:00:00+00:00,-0.0006332495155737305,0.0,-0.0005095942323053883
2025-07-09 00:00:00+00:00,0.0004388130998898454,-0.0022111754155243355,-7.901994207999198e-05
2025-07-10 00:00:00+00:00,0.0015393120654346505,0.030012914233071265,0.007100661066767065
2025-07-11 00:00:00+00:00,0.009752708375400366,0.010346050565927056,0.00986232684894271
2025-07-12 00:00:00+00:00,0.0030156507887042494,-0.0023456980210135427,0.0019281056498070212
2025-07-13 00:00:00+00:00,-0.0002952495986536574,0.009146736203307127,0.0016322108754479557
2025-07-14 00:00:00+00:00,0.0032656170923178072,0.011839866831991053,0.005009628526651013
2025-07-15 00:00:00+00:00,0.0015020212981326608,-0.00440187264144658,0.0002996094469650951
2025-07-16 00:00:00+00:00,-0.004256375125213064,0.0,-0.00339010931427469
2025-07-17 00:00:00+00:00,0.0016521575849505865,0.0,0.0013096088131828894
2025-07-18 00:00:00+00:00,0.0011111117553166405,0.0,0.0008803989271146681
2025-07-19 00:00:00+00:00,-0.0026538328864906813,0.0,-0.002102541992465802
2025-07-20 00:00:00+00:00,-0.00023735584572028844,0.0,-0.00018768094147944916
2025-07-21 00:00:00+00:00,-0.0012819443763040673,0.0,-0.001013608353552636
2025-07-22 00:00:00+00:00,0.00016008896025150322,0.0,0.00012545498010133746
2025-07-23 00:00:00+00:00,0.005322834601094862,0.0,0.004166161728280995
2025-07-24 00:00:00+00:00,-0.002650729233136606,0.0,-0.0020623155561627746
2025-07-25 00:00:00+00:00,-0.0009185227187455735,0.0,-0.0007112137728697252
2025-07-26 00:00:00+00:00,-0.0015086286278799045,0.0,-0.0011677452733175548
2025-07-27 00:00:00+00:00,0.0005475351805994677,0.0,0.0004229151659433046
2025-07-28 00:00:00+00:00,0.0030329729589206435,0.0,0.002340131789318533
2025-07-29 00:00:00+00:00,-0.0028599320332226563,0.0,-0.002200875494920002
2025-07-30 00:00:00+00:00,-0.00036379785518105836,0.0,-0.0002793418751150384
2025-07-31 00:00:00+00:00,-0.0003266081450432612,0.0,-0.0002485864303302819
2025-08-01 00:00:00+00:00,-0.004259839591499471,0.0,-0.0032416831962104667
2025-08-02 00:00:00+00:00,-0.005001568152493574,0.0,-0.0037867163726354154
2025-08-03 00:00:00+00:00,-0.0015282683106547124,0.0,-0.0011482453262716876
2025-08-04 00:00:00+00:00,0.003321847135614364,0.0,0.00249409936163602
2025-08-05 00:00:00+00:00,0.0017050644628694655,0.0,0.0012775411926452176
2025-08-06 00:00:00+00:00,-0.0019475168080572702,0.0,-0.0014601266192767245
2025-08-07 00:00:00+00:00,0.0017257973711821695,0.0,0.0012107588245404022
2025-08-08 00:00:00+00:00,0.004376647658654353,0.0,0.0031099038184315515
2025-08-09 00:00:00+00:00,-0.0014310275810309526,0.0,-0.0010106345963374784
2025-08-10 00:00:00+00:00,-0.00016348748801018332,0.0,-0.00011569171320263377
2025-08-11 00:00:00+00:00,0.0011354508611528757,-0.0060782741429695085,-0.0010082614146488373
2025-08-12 00:00:00+00:00,-0.0004454364176875281,0.0,-0.00031391591360356656
2025-08-13 00:00:00+00:00,0.0009744131581328475,0.001075916818333722,0.0010043162652645583
2025-08-14 00:00:00+00:00,0.0022167687349564868,-0.015121763578285718,-0.002886911934849168
2025-08-15 00:00:00+00:00,-0.009832986912908348,0.0,-0.007006684707087556
2025-08-16 00:00:00+00:00,-0.0019030627161697121,0.0,-0.0013219653348713026
2025-08-17 00:00:00+00:00,3.864067913341707e-05,0.0,2.6664840473444355e-05
2025-08-18 00:00:00+00:00,1.323447572096903e-05,0.0,9.146587242780374e-06
2025-08-19 00:00:00+00:00,-0.004204858708653525,0.0,-0.002905350990339134
2025-08-20 00:00:00+00:00,-0.00214353958619764,0.0,-0.0014650087549636353
2025-08-21 00:00:00+00:00,0.0008828712382268122,0.0,0.0005932623867499104
2025-08-22 00:00:00+00:00,-0.0011309587043446755,0.0,-0.0007224604796338849
2025-08-23 00:00:00+00:00,0.001058302725364202,0.0,0.0006897202644626324
2025-08-24 00:00:00+00:00,-0.00044957242983576504,0.0,-0.00029203179993732834
2025-08-25 00:00:00+00:00,-0.000569460704746283,-0.0030061845566408786,-0.0014204379088130002
2025-08-26 00:00:00+00:00,-0.0009921324578258783,-0.008526534112955387,-0.0036187325442742276
2025-08-27 00:00:00+00:00,0.0004747096824346375,-0.00035446783498032096,0.00018550031968697067
2025-08-28 00:00:00+00:00,-0.00015354766859549952,0.0,-9.96902642347658e-05
2025-08-29 00:00:00+00:00,0.0003753343737034953,-0.0023684391727967435,-0.0005773908556368434
2025-08-30 00:00:00+00:00,-0.001218432172867101,-0.0009283983219543712,-0.0011184010191309791
2025-08-31 00:00:00+00:00,0.00011711304685189106,-0.0029802131102288467,-0.0009511636522519777
2025-09-01 00:00:00+00:00,-0.00016509390619030563,0.0040303553974410985,0.0012790250678110424
2025-09-02 00:00:00+00:00,0.00028063522079797566,-0.016412404542993732,-0.005447842646826363
2025-09-03 00:00:00+00:00,0.000577863897879416,0.0,0.00038871062560658597
2025-09-04 00:00:00+00:00,0.00013490793804549206,0.0,9.07427234298993e-05
2025-09-05 00:00:00+00:00,-0.0002902951884170335,0.0,-0.0001955622976182883
2025-09-06 00:00:00+00:00,-2.7028552330810028e-05,0.0,-1.823017002715926e-05
2025-09-07 00:00:00+00:00,-0.0001438771037940434,0.0,-9.706795491112906e-05
2025-09-08 00:00:00+00:00,0.0002707234049714291,0.0,0.000182646398166337
2025-09-09 00:00:00+00:00,0.0002656127712341583,0.0,0.0001797885021809222
2025-09-10 00:00:00+00:00,-0.00015711454846449867,0.0,-0.00010634406889495116
2025-09-11 00:00:00+00:00,0.0006919928905446682,0.0,0.0004685578408035237
2025-09-12 00:00:00+00:00,0.00044010716675968453,-0.0010452747826324548,-3.832891253243586e-05
2025-09-13 00:00:00+00:00,0.0001542226376050948,-0.000256297749429546,2.2000830179714923e-05
2025-09-14 00:00:00+00:00,-3.4801883260415777e-05,0.00018963180880207097,3.7476065093075276e-05
2025-09-15 00:00:00+00:00,-0.00019449169861578407,-0.0023652528250213576,-0.0008935571650833163
2025-09-16 00:00:00+00:00,1.870438748037273e-05,0.0,1.2688649265863588e-05
2025-09-17 00:00:00+00:00,0.00041466093629809463,0.0,0.00028151653179458487
2025-09-18 00:00:00+00:00,-0.00010711007362000924,-0.0029209001251944812,-0.001010684330507574
2025-09-19 00:00:00+00:00,0.00017184819211779612,-0.005974013997671568,-0.0017992798307876145
2025-09-20 00:00:00+00:00,-0.00042117009788711357,0.0,-0.00028690527591136494
2025-09-21 00:00:00+00:00,1.5146990448133835e-05,0.0,1.0282247644700805e-05
2025-09-22 00:00:00+00:00,-0.00012815866292015254,0.0,-8.701559230563205e-05
2025-09-23 00:00:00+00:00,-0.0007525171629281901,0.0,-0.0005125299869305935
2025-09-24 00:00:00+00:00,-0.0001985739653001417,0.0,-0.00013523325608440776
2025-09-25 00:00:00+00:00,0.00037537372711056173,0.0,0.0002557043636222402
2025-09-26 00:00:00+00:00,-0.0012601326997764505,0.0,-0.0008583629000426394
2025-09-27 00:00:00+00:00,0.0001865931243250074,0.0,0.00012703380513300237
2025-09-28 00:00:00+00:00,-6.876680946454883e-06,0.0,-4.681660215240866e-06
2025-09-29 00:00:00+00:00,0.0007391997670025852,0.0,0.0005033509369642813
2025-09-30 00:00:00+00:00,0.0006216574622736282,0.0,0.0004233086790633141
2025-10-01 00:00:00+00:00,-8.153259855796513e-05,0.0,-5.5524470219687195e-05
2025-10-02 00:00:00+00:00,0.0013206451068875414,0.00526539110001063,0.0025755336546894048
2025-10-03 00:00:00+00:00,0.0032149593868802118,0.01446529566925978,0.006812957753269003
2025-10-04 00:00:00+00:00,0.003655205512229287,-0.001506041686117765,0.0020485328516526595
2025-10-05 00:00:00+00:00,0.000274842528578878,0.0031425726589850767,0.0011760698134422444
2025-10-06 00:00:00+00:00,0.002289156765886702,0.004607281603065316,0.003016444262524269
2025-10-07 00:00:00+00:00,0.0025540377160426344,-0.01589188511693975,-0.003234499490504135
2025-10-08 00:00:00+00:00,-0.0073235975831063005,0.0,-0.0050986014903729795
2025-10-09 00:00:00+00:00,0.0042211631929037095,0.0,0.0026751064804434906
2025-10-10 00:00:00+00:00,-0.003634116992081182,0.0,-0.002338377094115492
2025-10-11 00:00:00+00:00,-0.024916008884870177,0.0,-0.01600697618745533
2025-10-12 00:00:00+00:00,0.0,0.0,0.0
2025-10-13 00:00:00+00:00,0.0,0.0,0.0
2025-10-14 00:00:00+00:00,0.0,0.0,0.0
2025-10-15 00:00:00+00:00,0.0,0.0,0.0
2025-10-16 00:00:00+00:00,0.0,0.0,0.0
2025-10-17 00:00:00+00:00,0.0,0.0,0.0
2025-10-18 00:00:00+00:00,0.0,0.0,0.0
2025-10-19 00:00:00+00:00,0.0,0.0,0.0
2025-10-20 00:00:00+00:00,0.0,0.0,0.0
2025-10-21 00:00:00+00:00,0.0,0.0,0.0
2025-10-22 00:00:00+00:00,0.0,0.0,0.0
2025-10-23 00:00:00+00:00,0.0,0.0,0.0
2025-10-24 00:00:00+00:00,0.0,0.0,0.0
2025-10-25 00:00:00+00:00,0.0,0.0,0.0
2025-10-26 00:00:00+00:00,0.0,0.0,0.0
2025-10-27 00:00:00+00:00,0.0,0.0,0.0
2025-10-28 00:00:00+00:00,-9.233889255091387e-05,0.0,-4.8701802869032176e-05
2025-10-29 00:00:00+00:00,-0.0002528161353877456,0.0,-0.00013333828240115703
2025-10-30 00:00:00+00:00,-0.0005787605269588659,0.0,-0.0003052440273594614
2025-10-31 00:00:00+00:00,-0.0003516122633310914,0.0,-0.00018613544906771233
2025-11-01 00:00:00+00:00,0.00025881257430864223,0.0,0.00013776255529580504
2025-11-02 00:00:00+00:00,9.292645493084173e-05,0.0,4.947856451713833e-05
2025-11-03 00:00:00+00:00,8.602466699545453e-05,0.0,4.595637375455352e-05
2025-11-04 00:00:00+00:00,-0.0008062824835516791,0.0021873994488118553,0.000586463782641431
2025-11-05 00:00:00+00:00,-9.154330599026039e-06,-0.019913606001131103,-0.009247636268400408
2025-11-06 00:00:00+00:00,-0.0021233130889134256,0.0031469361438071,0.0001448877896448597
2025-11-07 00:00:00+00:00,0.0022561561131548835,-0.0029383070102883433,4.06421335579592e-05
2025-11-08 00:00:00+00:00,-0.0017477965397579842,0.0017262061355103775,-0.0002642841736339622
2025-11-09 00:00:00+00:00,0.0009296205387265388,-0.003137518295216557,-0.0008064214589624239
2025-11-10 00:00:00+00:00,-0.002110342533193177,-0.0006808679755124558,-0.0014977837634594414
2025-11-11 00:00:00+00:00,-0.0011287686451024515,0.0,-0.0006445703700861472
2025-11-12 00:00:00+00:00,0.002634614856737505,0.0,0.001504443179234695
2025-11-13 00:00:00+00:00,0.0012458547713240175,-0.00909002723361967,-0.0033728786478605436
2025-11-14 00:00:00+00:00,0.001737656604900817,0.033147033591553,0.015178634946442131
2025-11-15 00:00:00+00:00,0.004517711201800045,-0.002773338360653854,0.0019020499160394583
2025-11-16 00:00:00+00:00,-0.0011886924971697744,0.009883860228760666,0.002816212741804881
2025-11-17 00:00:00+00:00,0.0016163832742220664,0.013339341528412563,0.005804635514110107
2025-11-18 00:00:00+00:00,0.0024595902943362,-0.0028166545994185556,0.0006236007102260112
2025-11-19 00:00:00+00:00,-0.0008561685406202723,0.00994396355652385,0.002903086752314751
2025-11-20 00:00:00+00:00,0.0016818905796356365,0.008169962040603097,0.003914506271174919
2025-11-21 00:00:00+00:00,0.005811867600531118,0.0252747236449657,0.012466881805965455
2025-11-22 00:00:00+00:00,0.0020250972022755496,-0.004973061263423362,-0.00025249037945799537
2025-11-23 00:00:00+00:00,0.0005542010760449135,-0.01342048308591468,-0.003989614796527702
2025-11-24 00:00:00+00:00,-0.0028216519317712406,-0.0014780432637421237,-0.002391638780252537
2025-11-25 00:00:00+00:00,-0.0019197100377383648,0.0023441079328095247,-0.0005424047497027874
2025-11-26 00:00:00+00:00,0.0012296764175251606,-0.004010859540220224,-0.00046468008039430263
2025-11-27 00:00:00+00:00,-0.004157930672550459,0.0,-0.0028149257125668035
2025-11-28 00:00:00+00:00,-0.001142947674135475,0.0,-0.0007711953892770943
2025-11-29 00:00:00+00:00,0.0006056811417936014,0.0,0.0004086667037878013
2025-11-30 00:00:00+00:00,0.00011435873235656757,0.0,7.711857484060817e-05
2025-12-01 00:00:00+00:00,0.0006142664120964092,0.0,0.0004139855227846998
2025-12-02 00:00:00+00:00,0.005493120552474329,0.0,0.003654753191325211
2025-12-03 00:00:00+00:00,-0.006686069773895608,0.0,-0.004423193300823976
2025-12-04 00:00:00+00:00,-0.002861746547019339,0.0,-0.001878179163592918
2025-12-05 00:00:00+00:00,0.0018255830228140813,0.0,0.0011965389967398604
2025-12-06 00:00:00+00:00,0.0013095471784903667,0.0,0.0008577329830599727
2025-12-07 00:00:00+00:00,4.5153468313507974e-05,0.0,2.9564246763568482e-05
2025-12-08 00:00:00+00:00,-0.0005422596496283072,0.0,-0.0003550520625360421
2025-12-09 00:00:00+00:00,-0.00012255173486359628,0.0,-8.024174866751293e-05
2025-12-10 00:00:00+00:00,-0.000962065431387904,0.0,-0.0006299204096538332
2025-12-11 00:00:00+00:00,0.0003197377274509083,0.0,0.00020934921959788304
2025-12-12 00:00:00+00:00,-0.00023588498794859802,0.0,-0.0001544339479630326
2025-12-13 00:00:00+00:00,0.0010818757945883829,0.0,0.0007083025672175459
2025-12-14 00:00:00+00:00,2.350858086468399e-05,0.0,1.5387156389490554e-05
2025-12-15 00:00:00+00:00,0.0009955384244724641,0.0,0.0006513563657029677
2025-12-16 00:00:00+00:00,0.0008232745093233795,0.0,0.0005385319191970404
2025-12-17 00:00:00+00:00,-0.0006763446573775145,0.0,-0.00044237344229570383
2025-12-18 00:00:00+00:00,0.0007812344948289862,0.0,0.0005106552384147709
2025-12-19 00:00:00+00:00,0.00035283129206615805,0.0,0.0002301075379263926
2025-12-20 00:00:00+00:00,-0.0012363201416453196,0.0,-0.0008062815257940651
2025-12-21 00:00:00+00:00,-9.729165772307536e-05,0.0,-6.343561175735817e-05
2025-12-22 00:00:00+00:00,-0.00013347607652887118,0.0,-8.702839482605939e-05
2025-12-23 00:00:00+00:00,2.5503746835298102e-05,0.0,1.6630057495752908e-05
2025-12-24 00:00:00+00:00,0.0005362775340231885,0.0,0.0003496864720678313
2025-12-25 00:00:00+00:00,-6.793131384266182e-05,0.0,-4.42940515911957e-05
2025-12-26 00:00:00+00:00,0.00022048964026493144,0.0,0.00014380338486771942
2025-12-27 00:00:00+00:00,-5.6105229422653834e-05,0.0,-3.659171334234102e-05
2025-12-28 00:00:00+00:00,-0.00023848872195804117,0.0,-0.00015554199354399724
2025-12-29 00:00:00+00:00,-3.604413961644237e-05,0.0,-2.3510735760317042e-05
2025-12-30 00:00:00+00:00,0.00035130287691891303,0.0,0.00022916766453591212
2025-12-31 00:00:00+00:00,-0.0005850728732696541,0.0,-0.0003816504068459099
2026-01-01 00:00:00+00:00,0.00040635179321255597,0.0,0.0002648618143197416
2026-01-02 00:00:00+00:00,-0.0005572302558746189,0.0,-0.0003601652716805855
2026-01-03 00:00:00+00:00,-0.0005417167547413948,0.0,-0.00035101324565627604
2026-01-04 00:00:00+00:00,-0.0003023362742231361,0.0,-0.00019582674680388888
2026-01-05 00:00:00+00:00,-0.0004213498225267731,0.001516198085391629,0.0002610052299052364
2026-01-06 00:00:00+00:00,-0.0011007893106293799,-0.005147810278026621,-0.002562434623112233
2026-01-07 00:00:00+00:00,5.664669088925045e-05,0.0,3.661220971832061e-05
2026-01-08 00:00:00+00:00,0.0011484303767419935,0.0,0.0007452121863234395
2026-01-09 00:00:00+00:00,0.0001389862645752249,0.0,9.036794190099834e-05
2026-01-10 00:00:00+00:00,0.00021972011396802492,0.0,0.00017129949008856072
2026-01-11 00:00:00+00:00,7.23461153080418e-05,0.0,5.640263190636783e-05
2026-01-12 00:00:00+00:00,-0.00022942031306640853,0.0,-0.0001788617775425642
2026-01-13 00:00:00+00:00,-0.00013343825041334245,0.0,-0.0001040272737013832
2026-01-14 00:00:00+00:00,-0.0019608791999102372,-0.000312340508001685,-0.0015975022859377112
2026-01-15 00:00:00+00:00,-0.0007323910631714892,-0.01126529323321912,-0.0030697378684403603
2026-01-16 00:00:00+00:00,0.0006459215720863387,-0.00016438149961541803,0.00046905122420000844
2026-01-17 00:00:00+00:00,3.8401972963830747e-05,-0.0007453899496736582,-0.0001327738614999478
2026-01-18 00:00:00+00:00,0.00019260877324636105,0.0006334576107415391,0.0002888747527402828
2026-01-19 00:00:00+00:00,0.0007255430599356849,-0.0033756402156896793,-0.00017003004703670986
2026-01-20 00:00:00+00:00,0.0004939367726485511,0.0,0.00038618393444133444
2026-01-21 00:00:00+00:00,0.0020171895184160514,0.0,0.001577016345997693
2026-01-22 00:00:00+00:00,-0.0004775864513545169,0.0,-0.0003727493427405951
2026-01-23 00:00:00+00:00,-4.209811655024876e-05,0.0,-3.2852252525780434e-05
2026-01-24 00:00:00+00:00,-1.2556130186891501e-05,0.0,-9.798428005069186e-06
2026-01-25 00:00:00+00:00,0.00018609890638536796,-0.00031815163427770796,7.534994366276219e-05
2026-01-26 00:00:00+00:00,0.0012204868837997652,-0.009889162433272935,-0.0012194462861844272
2026-01-27 00:00:00+00:00,-0.0007877933372864466,0.0,-0.0006166255455044478
2026-01-28 00:00:00+00:00,-0.0004190128703007723,0.0,-0.00032787490205113526
2026-01-29 00:00:00+00:00,-2.35154324598863e-05,0.002910190840800508,0.0006143893964191102
2026-01-30 00:00:00+00:00,0.002223630378192354,-0.00113840707061843,0.0014934751541137658
2026-01-31 00:00:00+00:00,0.0006992229828092888,0.056647589549774315,0.012931502154558766
2026-02-01 00:00:00+00:00,0.010093842608817604,0.008324030703800434,0.009800226699490336
2026-02-02 00:00:00+00:00,0.003212161753459597,-0.013349724938104712,7.782118451631591e-05
2026-02-03 00:00:00+00:00,-0.003184352430040227,0.016800546954765384,0.0005834605026465681
2026-02-04 00:00:00+00:00,0.005350744339230618,0.017044945921354148,0.007610424429061693
2026-02-05 00:00:00+00:00,0.004674853037123672,0.06442279413577348,0.01628612015021104
2026-02-06 00:00:00+00:00,0.01836592184519472,-0.016759016052569752,0.012629435247450319
2026-02-07 00:00:00+00:00,-0.008854162047303382,0.0,-0.007048263210873326
2026-02-08 00:00:00+00:00,0.0016560577182007652,0.0,0.0013022076376083475
2026-02-09 00:00:00+00:00,-0.0013539325812988111,0.0,-0.00106538573422662
2026-02-10 00:00:00+00:00,0.00022614244489527202,0.0,0.0001779286974433595
2026-02-11 00:00:00+00:00,0.0016779993733154086,0.0,0.0013210279901661054
2026-02-12 00:00:00+00:00,0.0022658181167687363,0.0,0.001781538000059687
2026-02-13 00:00:00+00:00,0.0010502904494514187,0.0,0.000817129462278791
2026-02-14 00:00:00+00:00,-0.003327449678751493,0.0,-0.00259403992156532
2026-02-15 00:00:00+00:00,-0.001263195854576704,0.0,-0.0009824342360980616
2026-02-16 00:00:00+00:00,0.0012997680839077041,0.0,0.0010090549531019868
2026-02-17 00:00:00+00:00,-8.938943948781919e-05,0.0,-6.941663602114626e-05
2026-02-18 00:00:00+00:00,0.0018125595494222324,0.0,0.0014066533964312204
2026-02-19 00:00:00+00:00,0.0013697279585417998,0.0,0.0010623587789537119
2026-02-20 00:00:00+00:00,-0.0006280812218619313,0.0,-0.00048565151204837487
2026-02-21 00:00:00+00:00,-0.001131379123528009,0.0,-0.0008746758643215262
2026-02-22 00:00:00+00:00,6.013671389224484e-05,0.0,4.635145126365691e-05
2026-02-23 00:00:00+00:00,0.0003662126760059614,0.0,0.0002826630778435954
2026-02-24 00:00:00+00:00,0.003379920408639192,0.0,0.002610853811987703
2026-02-25 00:00:00+00:00,0.0008095214796995265,0.0,0.000624331494633125
2026-02-26 00:00:00+00:00,-0.005331851924615716,0.0,-0.00412516835837156
2026-02-27 00:00:00+00:00,0.0006916072860239985,0.0,0.0005326009900604264
2026-02-28 00:00:00+00:00,0.0021973316304630063,0.0,0.0016921360268536934
2026-03-01 00:00:00+00:00,-0.0015060812512903477,0.0,-0.0011592780507655338
2026-03-02 00:00:00+00:00,0.0006315155693045194,0.0,0.00048583274121423274
2026-03-03 00:00:00+00:00,-0.0016343762843513908,0.0,-0.0012622989974681105
2026-03-04 00:00:00+00:00,0.00027319531985026124,0.0,0.00021250594495971355
2026-03-05 00:00:00+00:00,-0.002665998105853595,0.0,-0.002077305973657317
2026-03-06 00:00:00+00:00,0.0004286445879701617,0.0,0.00033359494172217555
2026-03-07 00:00:00+00:00,0.0006606530627699669,0.0,0.0005142263116972129
2026-03-08 00:00:00+00:00,0.00020231429112915755,0.0,0.0001574744227035214
2026-03-09 00:00:00+00:00,0.0003069235616915744,0.0,0.00023893035570077297
2026-03-10 00:00:00+00:00,-0.0005855572129408904,0.0,-0.00045585691702669344
2026-03-11 00:00:00+00:00,-0.000358568700446904,0.0,-0.00027918541112829085
2026-03-12 00:00:00+00:00,-6.28077907103508e-05,0.0,-4.88983855118146e-05
2026-03-13 00:00:00+00:00,-8.212752579614958e-05,0.0,-6.394149936330464e-05
2026-03-14 00:00:00+00:00,-9.892040180623508e-05,0.0,-7.701888474347431e-05
2026-03-15 00:00:00+00:00,-6.810172867837139e-05,0.0,-5.3022761277312986e-05
2026-03-16 00:00:00+00:00,-0.0003839124088621526,0.0,-0.00029891578590741236
2026-03-17 00:00:00+00:00,-0.0004923696476670126,-0.0035475588742355014,-0.001168909519631024
2026-03-18 00:00:00+00:00,0.00023285460397284296,-0.004440649916164596,-0.0008008724295663066
2026-03-19 00:00:00+00:00,0.0006376017134342327,0.0,0.000496772043740844
2026-03-20 00:00:00+00:00,0.00031351079459023267,0.0,0.0002442613433387234
2026-03-21 00:00:00+00:00,-0.00013928834508787348,0.0,-0.000108566072259978
2026-03-22 00:00:00+00:00,0.0003792660821521299,0.0,0.0002956109314026485
2026-03-23 00:00:00+00:00,0.00024842204923007926,0.0,0.00019363537044856017
2026-03-24 00:00:00+00:00,-0.0007223401703742472,0.0,-0.000563045985705331
2026-03-25 00:00:00+00:00,8.345000971914374e-05,0.0,6.503496723515174e-05
2026-03-26 00:00:00+00:00,-0.0001831311111974765,0.0,-0.0001427217743862737
2026-03-27 00:00:00+00:00,0.0005993275055622416,0.0,0.00046706015099682305
2026-03-28 00:00:00+00:00,0.0005753399036615203,0.0,0.00044837564893841645
2026-03-29 00:00:00+00:00,4.478369875959842e-06,0.0,3.4902863677390325e-06
2026-03-30 00:00:00+00:00,8.453451564407465e-05,0.0,6.588361201032762e-05
2026-03-31 00:00:00+00:00,-0.0001863192530487945,0.0,-0.00014520950014651918
2026-04-01 00:00:00+00:00,-0.0003514265095587943,0.0,-0.0002739139243040224
2026-04-02 00:00:00+00:00,3.63248833970875e-05,0.0,2.8310456667459922e-05
2026-04-03 00:00:00+00:00,0.00028915076315625397,0.0,0.00022538211588582136
2026-04-04 00:00:00+00:00,-1.4774979739384796e-05,0.0,-1.151810407805414e-05
2026-04-05 00:00:00+00:00,-7.946482965279778e-05,0.0,-6.195138500057537e-05
2026-04-06 00:00:00+00:00,-0.0004089632889362482,0.0,-0.00031885731330540254
2026-04-07 00:00:00+00:00,4.4992034148538806e-05,0.0,3.5071091626789865e-05
2026-04-08 00:00:00+00:00,-0.0007294505581653344,0.0,-0.0005686027301520114
2026-04-09 00:00:00+00:00,0.00020554202273794785,0.0,0.0001602009328369591
2026-04-10 00:00:00+00:00,-0.00016944885101586316,-0.0010466816687896951,-0.0003629569835537246
2026-04-11 00:00:00+00:00,-0.00027859920998691835,0.0005650907097500601,-9.248987688331793e-05
2026-04-12 00:00:00+00:00,-2.6458619915881164e-05,-0.007369385608566948,-0.0016466119611308803
2026-04-13 00:00:00+00:00,0.0005485821143579095,0.0,0.00042793825788887724
2026-04-14 00:00:00+00:00,-0.0008773612741922676,-0.003038634571004062,-0.0013526025165015562
2026-04-15 00:00:00+00:00,6.514154590337995e-05,0.004731103008531213,0.0010881813088382331
2026-04-16 00:00:00+00:00,-0.00016413213470716225,-0.0004436079626463973,-0.00022575513006384832
2026-04-17 00:00:00+00:00,-8.076936231951048e-05,0.011606954730667241,0.002496605122641109
2026-04-18 00:00:00+00:00,-0.0004621918369300815,-0.0185442430148516,-0.004431304819914066
2026-04-19 00:00:00+00:00,0.0003272731776637006,-0.004775335000408032,-0.0007741114695814014
2026-04-20 00:00:00+00:00,0.0004497779688236836,0.0,0.0003527613868406363
2026-04-21 00:00:00+00:00,-0.0004885989981403104,0.0,-0.0003832092170954141
2026-04-22 00:00:00+00:00,-0.00012282843203701433,-0.0028857949816327054,-0.0007181261491495801
2026-04-23 00:00:00+00:00,-0.00044458722879359147,-0.016649701162272268,-0.003932947398855852
2026-04-24 00:00:00+00:00,-2.194191020641334e-05,0.0,-1.727903394543531e-05
2026-04-25 00:00:00+00:00,0.00019493863361113027,0.0,0.0001535120485456906
2026-04-26 00:00:00+00:00,-4.8019338404325926e-05,0.0,-3.7814440927703224e-05
2026-04-27 00:00:00+00:00,-0.00024729716754094965,0.0,-0.00019450264825558508
2026-04-28 00:00:00+00:00,0.0003061734590534826,0.0,0.0002408447931971257
2026-04-29 00:00:00+00:00,0.0002480852092366703,0.0,0.000195169063762715
2026-04-30 00:00:00+00:00,0.0001320414899805389,0.0,0.00010387610572827797
2026-05-01 00:00:00+00:00,-0.00013496296577062417,0.0,-0.00010622773042490975
2026-05-02 00:00:00+00:00,-0.00045473059321270436,0.0,-0.0003412837076046304
2026-05-03 00:00:00+00:00,-0.00011254773979418875,0.0,-8.593651694849283e-05
2026-05-04 00:00:00+00:00,3.014591977432701e-05,-0.017330201200599516,-0.0040991055344945975
2026-05-05 00:00:00+00:00,-0.00047395779847796414,-0.0025527916370410297,-0.000963639868862644
2026-05-06 00:00:00+00:00,0.0005672125050120158,0.00284332241290679,0.0011037372537961994
2026-05-07 00:00:00+00:00,0.00030149120408276,-0.0184503632349714,-0.0067326657656451815
2026-05-08 00:00:00+00:00,-0.0007806887089774727,0.0,-0.0005797397510027681
2026-05-09 00:00:00+00:00,0.00010619871713801743,0.0,8.416965201711966e-05
2026-05-10 00:00:00+00:00,0.00026528985307976426,0.0,0.00021086313573535944
2026-05-11 00:00:00+00:00,0.0008519285170340396,0.0,0.0006783454196634099
2026-05-12 00:00:00+00:00,-0.0002703325001844448,0.0,-0.00021509809485363126
2026-05-13 00:00:00+00:00,-0.0006893808879151253,0.0,-0.0005501398846826279
2026-05-14 00:00:00+00:00,-0.0006567144216894194,0.0,-0.0005268432522514018
2026-05-15 00:00:00+00:00,0.0009759044155022156,0.0,0.0007836848684727592
2026-05-16 00:00:00+00:00,-0.0010927148649976237,0.0,-0.0008871852013148502
2026-05-17 00:00:00+00:00,-0.0005443834323657582,0.0,-0.0004421942271911852
2026-05-18 00:00:00+00:00,-0.00014663454554877386,0.0,-0.00011932565648913667
2026-05-19 00:00:00+00:00,-9.887138043427335e-05,0.0,-8.045702485373014e-05
2026-05-20 00:00:00+00:00,-3.6558802830843896e-05,0.0,-2.9876213776273884e-05
2026-05-21 00:00:00+00:00,0.0001455589355843223,0.0,0.00011926055646500685
2026-05-22 00:00:00+00:00,1.3807215709538134e-05,0.0,1.1316152353762068e-05
2026-05-23 00:00:00+00:00,-0.00043068861113646493,-0.003983434583581103,-0.0010675691955058476
2026-05-24 00:00:00+00:00,-0.00043231798125291653,0.0,-0.00035494744130777753
2026-05-25 00:00:00+00:00,-0.00010506339288640643,0.0,-8.626757709066018e-05
2026-05-26 00:00:00+00:00,-8.533286357708114e-05,0.0,-7.120092889009182e-05
2026-05-27 00:00:00+00:00,0.0004895394073575865,0.0,0.0004089660908547853
2026-05-28 00:00:00+00:00,0.0005303868086612873,-0.001768775142985657,0.00024107055603064443
2026-05-29 00:00:00+00:00,0.00029626617268818656,0.00014369080547771418,0.00027712423248923247
2026-05-30 00:00:00+00:00,0.00023225606514047924,-0.003055019739229126,-0.00014908134882463434
2026-05-31 00:00:00+00:00,-0.0006230965210937356,-0.00044445087714681806,-0.000603103110324289
2026-06-01 00:00:00+00:00,0.00032154477773893575,0.021735772788993968,0.002710010003147703
2026-06-02 00:00:00+00:00,0.0033951992539910324,0.0658787787138145,0.009230846244098997
2026-06-03 00:00:00+00:00,0.009895701179653748,0.01842925272898044,0.010467644344260745
2026-06-04 00:00:00+00:00,0.005496378534619461,0.011944763851552275,0.0062629611653978335
2026-06-05 00:00:00+00:00,0.0006989343074857324,0.017510317758147285,0.002870119474334506
2026-06-06 00:00:00+00:00,0.0075151718241777575,0.011131133785927672,0.00797381936493309
2026-06-07 00:00:00+00:00,0.00045536956881098156,-0.02815090081589746,-0.0036515520379028278
2026-06-08 00:00:00+00:00,-0.006447088484206387,0.0,-0.0055628728844717675
2026-06-09 00:00:00+00:00,0.0006496975883500067,0.0,0.0005528633314458852
2026-06-10 00:00:00+00:00,0.003613738119889698,0.0,0.0030752228189818926
2026-06-11 00:00:00+00:00,0.0005568490671891358,0.0,0.00047226845464515206
2026-06-12 00:00:00+00:00,-0.005568993223902141,0.0,-0.004723126893664167
2026-06-13 00:00:00+00:00,0.00013837708480428644,0.0,0.00011625813413280646
2026-06-14 00:00:00+00:00,-0.002300141345994211,0.0,-0.001932507945309709
2026-06-15 00:00:00+00:00,-0.0034350036306968422,0.0,-0.0028814218634106883
2026-06-16 00:00:00+00:00,-0.0015624588741899315,0.0,-0.0013061136844004378
2026-06-17 00:00:00+00:00,0.0017112108335106235,0.0,0.001429055479176932
2026-06-18 00:00:00+00:00,0.003113822046534631,0.0,0.0025988596955196413
2026-06-19 00:00:00+00:00,0.0041281068947895076,0.0,0.0034375675720608057
2026-06-20 00:00:00+00:00,-0.0015402755014609637,0.0,-0.001277606601892085
2026-06-21 00:00:00+00:00,-0.0019878726025331027,0.0,-0.0016476447003090954
2026-06-22 00:00:00+00:00,0.00262596850479202,0.0,0.0021740105793657707
2026-06-23 00:00:00+00:00,-0.0018419330506507237,0.0,-0.001522980460642818
2026-06-24 00:00:00+00:00,0.0034414827385214506,0.0,0.002842695567595479
2026-06-25 00:00:00+00:00,0.004361347157855233,-0.019961236905574477,7.92238823538829e-05
2026-06-26 00:00:00+00:00,0.0033672409273280746,0.0,0.0027755928943892045
2026-06-27 00:00:00+00:00,-0.0007587117453982994,0.0,-0.000624060118732405
2026-06-28 00:00:00+00:00,0.00020931803980088758,0.0,0.0001721303170628057
2026-06-29 00:00:00+00:00,0.0006907089170657299,0.0,0.0005680009820477647
2026-06-30 00:00:00+00:00,-0.0010125147011688762,0.0,-0.0008326482852109721
2026-07-01 00:00:00+00:00,0.0024935900153821413,0.0,0.0020500292173390436
2026-07-02 00:00:00+00:00,-0.0021105765488580674,0.0,-0.0017333080545377084
2026-07-03 00:00:00+00:00,-0.002338845717777427,0.0,-0.0019183002546166175
2026-07-04 00:00:00+00:00,-0.001550869662733745,0.0,-0.0012701260577416451
2026-07-05 00:00:00+00:00,-0.000507458693717533,0.0,-0.00041531194410592275
2026-07-06 00:00:00+00:00,-0.000467637364942064,0.0,-0.0003827100355210982
2026-07-07 00:00:00+00:00,-0.0003776198549218401,0.0,-0.0003090093905730365
2026-07-08 00:00:00+00:00,0.0006787273023321383,0.0,0.0005554755262467706
2026-07-09 00:00:00+00:00,0.0010491488959099905,0.0,0.0008585963601996382
2026-07-10 00:00:00+00:00,-0.0008947754141215514,0.0,-0.0007321771967073178
2026-07-11 00:00:00+00:00,-0.0008829705982615676,0.0,-0.0007223534356955545
2026-07-12 00:00:00+00:00,0.00034409116981635177,0.0,0.0002812503708666619
2026-07-13 00:00:00+00:00,4.3265895714439394e-05,0.0,3.536495647759388e-05
2026-07-14 00:00:00+00:00,0.0014026305289404294,0.0,0.0011466600346127622
2026-07-15 00:00:00+00:00,-0.0025927797677143703,0.0,-0.0021185727010204513
2026-07-16 00:00:00+00:00,-9.724139536306797e-05,0.0,-7.931976315684569e-05
2026-07-17 00:00:00+00:00,0.000320576174558429,0.0,0.000261114529230416
2026-07-18 00:00:00+00:00,-3.410959430614202e-05,0.0,-2.76726358719606e-05
2026-07-19 00:00:00+00:00,-0.000305480028345495,0.0,-0.00024774997771188564
2026-07-20 00:00:00+00:00,4.137690709686837e-05,0.0,3.355555673150874e-05
2026-07-21 00:00:00+00:00,-0.00017882856372155586,0.000268041677332409,-9.439733287295057e-05
2026-07-22 00:00:00+00:00,-0.0004435967345649772,-0.0007876797869760477,-0.000508646287926403
2026-07-23 00:00:00+00:00,0.00015461598768404806,-0.003505815289260572,-0.000548100585072391
2026-07-24 00:00:00+00:00,0.0003513617242698164,0.0,0.00028397116818488133
2026-07-25 00:00:00+00:00,0.00033257953300753763,0.0,0.0002687908213432826
2026-07-26 00:00:00+00:00,-7.353156090093017e-05,0.0,-5.942928226121842e-05
2026-07-27 00:00:00+00:00,-0.00035340074712570947,0.0,-0.00028563280210823456
2026-07-28 00:00:00+00:00,0.0005742573189545741,0.0,0.00046410076024683126
2026-07-29 00:00:00+00:00,-6.0421510950914306e-05,0.0,-4.883000872515122e-05
2026-07-30 00:00:00+00:00,-1.3814694812763761e-05,0.0,-1.1164225863642996e-05
2026-07-31 00:00:00+00:00,-0.0002665862551751275,0.0,-0.00021544312474918023
2026-08-01 00:00:00+00:00,0.0006564011536357661,0.0,0.0005305014032141907
2026-08-02 00:00:00+00:00,2.5536974447959437e-05,0.0,2.0638770370150783e-05
2026-08-03 00:00:00+00:00,-0.0002554459337962278,0.0,-0.00020558214292911402
2026-08-04 00:00:00+00:00,2.2255205886256844e-05,0.0,1.7909533616603498e-05
2026-08-05 00:00:00+00:00,-0.0001949677418689788,0.0,-0.00015689081344606577
2026-08-06 00:00:00+00:00,-0.00019084733449403757,0.0,-0.0001527724585981772
2026-08-07 00:00:00+00:00,0.00011830953721267968,0.0,9.472551693999446e-05
2026-08-08 00:00:00+00:00,-0.00019880389777202634,0.0,-0.0001591741260400689
2026-08-09 00:00:00+00:00,-1.1093704253828384e-05,0.0,-8.881851766800904e-06
2026-08-10 00:00:00+00:00,2.4960795557804616e-05,0.0,1.998555076774086e-05
2026-08-11 00:00:00+00:00,0.00032428624254357,0.0,0.0002596618130747872
2026-08-12 00:00:00+00:00,0.00012902731059258877,0.0,0.00010333564331078183
2026-08-13 00:00:00+00:00,4.579625524194775e-05,0.0,3.668445714242274e-05
2026-08-14 00:00:00+00:00,4.02844939815239e-06,0.0,3.227289437185774e-06
2026-08-15 00:00:00+00:00,0.00015501825631720757,0.0,0.0001242403523875457
2026-08-16 00:00:00+00:00,-2.608885637744862e-07,0.0,-2.0912269974691909e-07
2026-08-17 00:00:00+00:00,0.0,0.0,0.0
2026-08-18 00:00:00+00:00,0.0,0.0,0.0
2026-08-19 00:00:00+00:00,0.0,0.0,0.0
2026-08-20 00:00:00+00:00,0.0,0.011357960553551783,0.0022533867357050538
2026-08-21 00:00:00+00:00,0.0,0.05474180147481293,0.01079424813773933
2026-08-22 00:00:00+00:00,0.0,-0.0027240000640066375,-0.00046760315592968564
2026-08-23 00:00:00+00:00,0.0,0.0010495240367284886,0.00017995811741345472
2026-08-24 00:00:00+00:00,0.0,0.0020746050160910024,0.0003557373762373892
2026-08-25 00:00:00+00:00,0.0,-0.015028357770213585,-0.0025771137260377467
2026-08-26 00:00:00+00:00,0.0,0.0,0.0
2026-08-27 00:00:00+00:00,0.0,0.0,0.0
2026-08-28 00:00:00+00:00,0.0,0.0,0.0
2026-08-29 00:00:00+00:00,0.0,0.0,0.0
2026-08-30 00:00:00+00:00,0.0,0.0,0.0
2026-08-31 00:00:00+00:00,0.0,0.0,0.0
2026-09-01 00:00:00+00:00,0.0,0.0,0.0
