time,daily_1D_4D,hourly_1h_4h
2022-05-08 00:00:00+00:00,0.7804237511307326,0.21957624886926744
2022-05-09 00:00:00+00:00,0.7847888857178625,0.21521111428213757
2022-05-10 00:00:00+00:00,0.8349388529969305,0.16506114700306945
2022-05-11 00:00:00+00:00,0.7979046833594011,0.2020953166405989
2022-05-12 00:00:00+00:00,0.7962327782494206,0.20376722175057937
2022-05-13 00:00:00+00:00,0.7894992342874507,0.21050076571254928
2022-05-14 00:00:00+00:00,0.7912551047880632,0.2087448952119368
2022-05-15 00:00:00+00:00,0.7912048071409924,0.20879519285900774
2022-05-16 00:00:00+00:00,0.7905866743627309,0.20941332563726925
2022-05-17 00:00:00+00:00,0.7875275688324423,0.21247243116755768
2022-05-18 00:00:00+00:00,0.7841427805258951,0.2158572194741049
2022-05-19 00:00:00+00:00,0.7834412548025523,0.2165587451974476
2022-05-20 00:00:00+00:00,0.7789008828148369,0.22109911718516312
2022-05-21 00:00:00+00:00,0.7752619488768602,0.2247380511231398
2022-05-22 00:00:00+00:00,0.77394340238138,0.22605659761861982
2022-05-23 00:00:00+00:00,0.7738276546549689,0.22617234534503092
2022-05-24 00:00:00+00:00,0.7727636083588811,0.2272363916411188
2022-05-25 00:00:00+00:00,0.7713941507139733,0.22860584928602679
2022-05-26 00:00:00+00:00,0.7664740594763516,0.2335259405236484
2022-05-27 00:00:00+00:00,0.7665481388157301,0.2334518611842699
2022-05-28 00:00:00+00:00,0.7665342642226026,0.2334657357773973
2022-05-29 00:00:00+00:00,0.7665396892067835,0.23346031079321647
2022-05-30 00:00:00+00:00,0.7665013109157571,0.2334986890842428
2022-05-31 00:00:00+00:00,0.7673717990716926,0.2326282009283073
2022-06-01 00:00:00+00:00,0.7668589549193829,0.23314104508061703
2022-06-02 00:00:00+00:00,0.7668429555364519,0.23315704446354812
2022-06-03 00:00:00+00:00,0.7666256764587437,0.23337432354125637
2022-06-04 00:00:00+00:00,0.7667023424214586,0.23329765757854135
2022-06-05 00:00:00+00:00,0.766711017735004,0.233288982264996
2022-06-06 00:00:00+00:00,0.7666880998055464,0.23331190019445364
2022-06-07 00:00:00+00:00,0.766674197352813,0.23332580264718703
2022-06-08 00:00:00+00:00,0.7664431053748181,0.23355689462518192
2022-06-09 00:00:00+00:00,0.7668070394881481,0.23319296051185187
2022-06-10 00:00:00+00:00,0.7668606296951707,0.23313937030482929
2022-06-11 00:00:00+00:00,0.7668547162999594,0.2331452837000407
2022-06-12 00:00:00+00:00,0.7668335576693355,0.2331664423306646
2022-06-13 00:00:00+00:00,0.7672833110446153,0.23271668895538475
2022-06-14 00:00:00+00:00,0.8229614153123517,0.17703858468764833
2022-06-15 00:00:00+00:00,0.799926687752594,0.20007331224740604
2022-06-16 00:00:00+00:00,0.8018084461645644,0.19819155383543566
2022-06-17 00:00:00+00:00,0.8053795755779035,0.19462042442209643
2022-06-18 00:00:00+00:00,0.8002399654790228,0.1997600345209773
2022-06-19 00:00:00+00:00,0.801442590903964,0.19855740909603606
2022-06-20 00:00:00+00:00,0.8017253865068577,0.19827461349314232
2022-06-21 00:00:00+00:00,0.7981732418928721,0.20182675810712788
2022-06-22 00:00:00+00:00,0.7982959196179401,0.20170408038205986
2022-06-23 00:00:00+00:00,0.7982542459067312,0.20174575409326873
2022-06-24 00:00:00+00:00,0.7979815494314346,0.2020184505685653
2022-06-25 00:00:00+00:00,0.7961664897391098,0.20383351026089033
2022-06-26 00:00:00+00:00,0.7942307195196927,0.2057692804803073
2022-06-27 00:00:00+00:00,0.7929413374576357,0.20705866254236432
2022-06-28 00:00:00+00:00,0.7926085467331524,0.2073914532668475
2022-06-29 00:00:00+00:00,0.792494704907589,0.2075052950924109
2022-06-30 00:00:00+00:00,0.7908427167272684,0.2091572832727317
2022-07-01 00:00:00+00:00,0.7907969127585639,0.2092030872414362
2022-07-02 00:00:00+00:00,0.7908107697178598,0.2091892302821403
2022-07-03 00:00:00+00:00,0.7906131956255126,0.20938680437448737
2022-07-04 00:00:00+00:00,0.7906074817823826,0.20939251821761742
2022-07-05 00:00:00+00:00,0.790571590635549,0.20942840936445087
2022-07-06 00:00:00+00:00,0.7892997542431294,0.21070024575687055
2022-07-07 00:00:00+00:00,0.7894415446681489,0.21055845533185105
2022-07-08 00:00:00+00:00,0.7891240677572949,0.21087593224270496
2022-07-09 00:00:00+00:00,0.7875346263053236,0.21246537369467655
2022-07-10 00:00:00+00:00,0.7875311389243487,0.21246886107565136
2022-07-11 00:00:00+00:00,0.7874708746046017,0.2125291253953983
2022-07-12 00:00:00+00:00,0.7871134384514973,0.21288656154850266
2022-07-13 00:00:00+00:00,0.786375118776879,0.21362488122312098
2022-07-14 00:00:00+00:00,0.78618894504365,0.21381105495635
2022-07-15 00:00:00+00:00,0.785863720693681,0.21413627930631893
2022-07-16 00:00:00+00:00,0.7858328949351185,0.2141671050648814
2022-07-17 00:00:00+00:00,0.7857949259151836,0.2142050740848164
2022-07-18 00:00:00+00:00,0.7835043321769297,0.2164956678230703
2022-07-19 00:00:00+00:00,0.783605231783766,0.2163947682162341
2022-07-20 00:00:00+00:00,0.7830706937073106,0.21692930629268933
2022-07-21 00:00:00+00:00,0.7830010922697923,0.2169989077302077
2022-07-22 00:00:00+00:00,0.7829837884574388,0.21701621154256118
2022-07-23 00:00:00+00:00,0.7829644708207074,0.21703552917929259
2022-07-24 00:00:00+00:00,0.7829758920502335,0.2170241079497664
2022-07-25 00:00:00+00:00,0.7793599242700938,0.22064007572990624
2022-07-26 00:00:00+00:00,0.7794061694958141,0.22059383050418596
2022-07-27 00:00:00+00:00,0.7794135762061611,0.22058642379383886
2022-07-28 00:00:00+00:00,0.7809707713391826,0.2190292286608174
2022-07-29 00:00:00+00:00,0.7812504839716515,0.21874951602834844
2022-07-30 00:00:00+00:00,0.7820257615291507,0.21797423847084932
2022-07-31 00:00:00+00:00,0.7805135467040599,0.21948645329594008
2022-08-01 00:00:00+00:00,0.7810048845951741,0.21899511540482594
2022-08-02 00:00:00+00:00,0.7810539361099572,0.21894606389004279
2022-08-03 00:00:00+00:00,0.7814105755670742,0.21858942443292587
2022-08-04 00:00:00+00:00,0.7851941475648567,0.21480585243514327
2022-08-05 00:00:00+00:00,0.7943357974992914,0.20566420250070863
2022-08-06 00:00:00+00:00,0.7929013266028044,0.2070986733971956
2022-08-07 00:00:00+00:00,0.7919940751034193,0.20800592489658062
2022-08-08 00:00:00+00:00,0.7663863778871893,0.2336136221128107
2022-08-09 00:00:00+00:00,0.7850722751124034,0.21492772488759665
2022-08-10 00:00:00+00:00,0.7862037883271358,0.21379621167286417
2022-08-11 00:00:00+00:00,0.7907302967001888,0.2092697032998113
2022-08-12 00:00:00+00:00,0.7941700149984351,0.20582998500156496
2022-08-13 00:00:00+00:00,0.7941927767366904,0.20580722326330955
2022-08-14 00:00:00+00:00,0.7946206496067882,0.20537935039321178
2022-08-15 00:00:00+00:00,0.7971646186427382,0.20283538135726176
2022-08-16 00:00:00+00:00,0.7998828086302412,0.2001171913697589
2022-08-17 00:00:00+00:00,0.8005293470804464,0.19947065291955363
2022-08-18 00:00:00+00:00,0.8046032646223817,0.1953967353776182
2022-08-19 00:00:00+00:00,0.8081368972809635,0.19186310271903642
2022-08-20 00:00:00+00:00,0.80944070102203,0.19055929897796992
2022-08-21 00:00:00+00:00,0.80956008683346,0.19043991316653994
2022-08-22 00:00:00+00:00,0.810927522844768,0.189072477155232
2022-08-23 00:00:00+00:00,0.8123825826394062,0.1876174173605938
2022-08-24 00:00:00+00:00,0.8129583753594822,0.1870416246405177
2022-08-25 00:00:00+00:00,0.8130038722715214,0.18699612772847862
2022-08-26 00:00:00+00:00,0.8130704953675517,0.1869295046324484
2022-08-27 00:00:00+00:00,0.813049284984969,0.1869507150150311
2022-08-28 00:00:00+00:00,0.81339123955711,0.18660876044289
2022-08-29 00:00:00+00:00,0.8134096799549405,0.18659032004505952
2022-08-30 00:00:00+00:00,0.8141144537842276,0.18588554621577233
2022-08-31 00:00:00+00:00,0.8115262290606775,0.18847377093932247
2022-09-01 00:00:00+00:00,0.8114901252537672,0.1885098747462328
2022-09-02 00:00:00+00:00,0.8111807721348343,0.18881922786516572
2022-09-03 00:00:00+00:00,0.8111370209171473,0.18886297908285252
2022-09-04 00:00:00+00:00,0.8113243108445624,0.18867568915543753
2022-09-05 00:00:00+00:00,0.8113525928023401,0.18864740719765985
2022-09-06 00:00:00+00:00,0.8113898721728812,0.18861012782711886
2022-09-07 00:00:00+00:00,0.8172577464686983,0.1827422535313017
2022-09-08 00:00:00+00:00,0.8143219569655633,0.18567804303443664
2022-09-09 00:00:00+00:00,0.8127959526649001,0.18720404733509996
2022-09-10 00:00:00+00:00,0.8135429630488846,0.1864570369511154
2022-09-11 00:00:00+00:00,0.7976485667396378,0.2023514332603622
2022-09-12 00:00:00+00:00,0.7078485133882964,0.29215148661170365
2022-09-13 00:00:00+00:00,0.7437849585513899,0.2562150414486101
2022-09-14 00:00:00+00:00,0.7353604326543737,0.2646395673456263
2022-09-15 00:00:00+00:00,0.6808477653918171,0.31915223460818287
2022-09-16 00:00:00+00:00,0.6931998440038128,0.30680015599618715
2022-09-17 00:00:00+00:00,0.6796468197095643,0.32035318029043575
2022-09-18 00:00:00+00:00,0.667692504572551,0.332307495427449
2022-09-19 00:00:00+00:00,0.6747769532186176,0.32522304678138236
2022-09-20 00:00:00+00:00,0.6948558583375853,0.3051441416624147
2022-09-21 00:00:00+00:00,0.6948133421656211,0.30518665783437887
2022-09-22 00:00:00+00:00,0.6937460209201998,0.3062539790798003
2022-09-23 00:00:00+00:00,0.6967130765505226,0.3032869234494773
2022-09-24 00:00:00+00:00,0.6911366647917522,0.3088633352082479
2022-09-25 00:00:00+00:00,0.6913071128986846,0.30869288710131537
2022-09-26 00:00:00+00:00,0.6911092580580983,0.30889074194190164
2022-09-27 00:00:00+00:00,0.6912733550907368,0.3087266449092631
2022-09-28 00:00:00+00:00,0.6917160376661664,0.30828396233383354
2022-09-29 00:00:00+00:00,0.6917684307831586,0.3082315692168413
2022-09-30 00:00:00+00:00,0.691780566949961,0.30821943305003907
2022-10-01 00:00:00+00:00,0.6929228868773663,0.3070771131226338
2022-10-02 00:00:00+00:00,0.6929156163814665,0.30708438361853346
2022-10-03 00:00:00+00:00,0.6929296041900855,0.3070703958099146
2022-10-04 00:00:00+00:00,0.695484983492421,0.3045150165075789
2022-10-05 00:00:00+00:00,0.6953250697609916,0.3046749302390084
2022-10-06 00:00:00+00:00,0.6955603546439776,0.30443964535602247
2022-10-07 00:00:00+00:00,0.6991059953831013,0.3008940046168987
2022-10-08 00:00:00+00:00,0.6991012789907607,0.3008987210092393
2022-10-09 00:00:00+00:00,0.6990536579439658,0.3009463420560342
2022-10-10 00:00:00+00:00,0.7005690569048986,0.2994309430951014
2022-10-11 00:00:00+00:00,0.7029860426085673,0.2970139573914326
2022-10-12 00:00:00+00:00,0.7041604274074416,0.29583957259255844
2022-10-13 00:00:00+00:00,0.7045015659516775,0.29549843404832243
2022-10-14 00:00:00+00:00,0.7074688315951938,0.2925311684048062
2022-10-15 00:00:00+00:00,0.7074714772439189,0.29252852275608104
2022-10-16 00:00:00+00:00,0.7075268400483489,0.29247315995165113
2022-10-17 00:00:00+00:00,0.707568220994775,0.2924317790052251
2022-10-18 00:00:00+00:00,0.7086252532739475,0.29137474672605246
2022-10-19 00:00:00+00:00,0.7083962545424763,0.29160374545752354
2022-10-20 00:00:00+00:00,0.7083864335370353,0.29161356646296466
2022-10-21 00:00:00+00:00,0.7083797738649014,0.29162022613509875
2022-10-22 00:00:00+00:00,0.7083848868330385,0.2916151131669616
2022-10-23 00:00:00+00:00,0.7083685920248388,0.2916314079751611
2022-10-24 00:00:00+00:00,0.7083693835013133,0.2916306164986867
2022-10-25 00:00:00+00:00,0.7083666182156523,0.2916333817843478
2022-10-26 00:00:00+00:00,0.708353164564772,0.2916468354352279
2022-10-27 00:00:00+00:00,0.7082877443883041,0.29171225561169595
2022-10-28 00:00:00+00:00,0.7107108499994068,0.28928915000059324
2022-10-29 00:00:00+00:00,0.7106373849826123,0.28936261501738775
2022-10-30 00:00:00+00:00,0.7105780160654767,0.28942198393452323
2022-10-31 00:00:00+00:00,0.7105464707477209,0.28945352925227896
2022-11-01 00:00:00+00:00,0.7105409839440243,0.28945901605597557
2022-11-02 00:00:00+00:00,0.7105397860598797,0.28946021394012045
2022-11-03 00:00:00+00:00,0.7105385346565319,0.28946146534346795
2022-11-04 00:00:00+00:00,0.7105059235906258,0.2894940764093742
2022-11-05 00:00:00+00:00,0.7162707028371238,0.28372929716287615
2022-11-06 00:00:00+00:00,0.7170620432566875,0.2829379567433125
2022-11-07 00:00:00+00:00,0.7190018644202031,0.2809981355797969
2022-11-08 00:00:00+00:00,0.7204910169724592,0.2795089830275408
2022-11-09 00:00:00+00:00,0.7204776462599974,0.2795223537400026
2022-11-10 00:00:00+00:00,0.7130136213716072,0.28698637862839277
2022-11-11 00:00:00+00:00,0.7311584518654651,0.26884154813453487
2022-11-12 00:00:00+00:00,0.7174485400724444,0.2825514599275556
2022-11-13 00:00:00+00:00,0.7163528834697409,0.28364711653025904
2022-11-14 00:00:00+00:00,0.7161341150192035,0.2838658849807964
2022-11-15 00:00:00+00:00,0.7152493689191535,0.2847506310808466
2022-11-16 00:00:00+00:00,0.7148140627911966,0.28518593720880336
2022-11-17 00:00:00+00:00,0.7143879623766126,0.2856120376233874
2022-11-18 00:00:00+00:00,0.7141705856515801,0.28582941434841996
2022-11-19 00:00:00+00:00,0.7142574881406227,0.2857425118593772
2022-11-20 00:00:00+00:00,0.7138378987269545,0.2861621012730455
2022-11-21 00:00:00+00:00,0.7136220365865622,0.28637796341343785
2022-11-22 00:00:00+00:00,0.7129627808388798,0.28703721916112035
2022-11-23 00:00:00+00:00,0.7120046563856341,0.28799534361436574
2022-11-24 00:00:00+00:00,0.7110349828569581,0.2889650171430419
2022-11-25 00:00:00+00:00,0.7103703919908186,0.28962960800918125
2022-11-26 00:00:00+00:00,0.7087237576693558,0.2912762423306442
2022-11-27 00:00:00+00:00,0.7082817359961331,0.291718264003867
2022-11-28 00:00:00+00:00,0.7069163510492926,0.2930836489507075
2022-11-29 00:00:00+00:00,0.7069406998265828,0.29305930017341725
2022-11-30 00:00:00+00:00,0.706367680696615,0.29363231930338496
2022-12-01 00:00:00+00:00,0.7061294819340225,0.2938705180659774
2022-12-02 00:00:00+00:00,0.7033219106085555,0.2966780893914445
2022-12-03 00:00:00+00:00,0.7017011882646715,0.29829881173532846
2022-12-04 00:00:00+00:00,0.7017214918302327,0.29827850816976736
2022-12-05 00:00:00+00:00,0.7016768298331022,0.2983231701668977
2022-12-06 00:00:00+00:00,0.6651853052121921,0.334814694787808
2022-12-07 00:00:00+00:00,0.6654500064636891,0.334549993536311
2022-12-08 00:00:00+00:00,0.6670820056329203,0.33291799436707975
2022-12-09 00:00:00+00:00,0.6631720690202295,0.3368279309797705
2022-12-10 00:00:00+00:00,0.6899358416480028,0.3100641583519972
2022-12-11 00:00:00+00:00,0.690641593341386,0.30935840665861397
2022-12-12 00:00:00+00:00,0.6909639990082925,0.30903600099170736
2022-12-13 00:00:00+00:00,0.6936819425444682,0.3063180574555317
2022-12-14 00:00:00+00:00,0.7377194036705057,0.26228059632949424
2022-12-15 00:00:00+00:00,0.7373510432496249,0.2626489567503751
2022-12-16 00:00:00+00:00,0.7398888538231315,0.2601111461768685
2022-12-17 00:00:00+00:00,0.739942286343157,0.26005771365684305
2022-12-18 00:00:00+00:00,0.7408570877730548,0.2591429122269452
2022-12-19 00:00:00+00:00,0.7213293836824567,0.2786706163175433
2022-12-20 00:00:00+00:00,0.721535074777857,0.278464925222143
2022-12-21 00:00:00+00:00,0.7301113923218788,0.26988860767812123
2022-12-22 00:00:00+00:00,0.7322175020734318,0.2677824979265681
2022-12-23 00:00:00+00:00,0.743769763599707,0.256230236400293
2022-12-24 00:00:00+00:00,0.7439278405619937,0.25607215943800626
2022-12-25 00:00:00+00:00,0.7457986973370616,0.2542013026629384
2022-12-26 00:00:00+00:00,0.7459732253757095,0.25402677462429046
2022-12-27 00:00:00+00:00,0.7461374682007246,0.2538625317992755
2022-12-28 00:00:00+00:00,0.7461545235778665,0.2538454764221335
2022-12-29 00:00:00+00:00,0.7462372082428577,0.2537627917571423
2022-12-30 00:00:00+00:00,0.7462544898708241,0.2537455101291759
2022-12-31 00:00:00+00:00,0.7462771405972379,0.25372285940276207
2023-01-01 00:00:00+00:00,0.7462875162538511,0.25371248374614885
2023-01-02 00:00:00+00:00,0.7463461079091933,0.2536538920908067
2023-01-03 00:00:00+00:00,0.746649666514331,0.2533503334856691
2023-01-04 00:00:00+00:00,0.7471308993722057,0.25286910062779444
2023-01-05 00:00:00+00:00,0.7471601353559214,0.25283986464407876
2023-01-06 00:00:00+00:00,0.7471768961787294,0.25282310382127066
2023-01-07 00:00:00+00:00,0.7473540954399822,0.25264590456001784
2023-01-08 00:00:00+00:00,0.7473589647504811,0.25264103524951886
2023-01-09 00:00:00+00:00,0.7473595132012391,0.2526404867987609
2023-01-10 00:00:00+00:00,0.7474330307195166,0.2525669692804833
2023-01-11 00:00:00+00:00,0.7474248708283664,0.2525751291716337
2023-01-12 00:00:00+00:00,0.7438872032059627,0.2561127967940373
2023-01-13 00:00:00+00:00,0.7591377913082269,0.24086220869177316
2023-01-14 00:00:00+00:00,0.8171739112315374,0.18282608876846268
2023-01-15 00:00:00+00:00,0.8442108923498045,0.1557891076501954
2023-01-16 00:00:00+00:00,0.8439585133508183,0.15604148664918177
2023-01-17 00:00:00+00:00,0.8445231240949628,0.15547687590503717
2023-01-18 00:00:00+00:00,0.8444469397691444,0.15555306023085558
2023-01-19 00:00:00+00:00,0.846099287425995,0.153900712574005
2023-01-20 00:00:00+00:00,0.8463597214542042,0.1536402785457957
2023-01-21 00:00:00+00:00,0.8665800013346384,0.13341999866536153
2023-01-22 00:00:00+00:00,0.8641719411324252,0.13582805886757482
2023-01-23 00:00:00+00:00,0.8644574468505491,0.1355425531494508
2023-01-24 00:00:00+00:00,0.8646014320066329,0.13539856799336705
2023-01-25 00:00:00+00:00,0.864966056980237,0.13503394301976307
2023-01-26 00:00:00+00:00,0.8646147170725348,0.1353852829274651
2023-01-27 00:00:00+00:00,0.864320143567225,0.13567985643277491
2023-01-28 00:00:00+00:00,0.8643627694019375,0.13563723059806257
2023-01-29 00:00:00+00:00,0.8644007745100754,0.1355992254899247
2023-01-30 00:00:00+00:00,0.8656927468096557,0.13430725319034434
2023-01-31 00:00:00+00:00,0.8703485813670564,0.12965141863294355
2023-02-01 00:00:00+00:00,0.8685275879996569,0.13147241200034301
2023-02-02 00:00:00+00:00,0.8684065693495883,0.13159343065041165
2023-02-03 00:00:00+00:00,0.8697112934240075,0.13028870657599256
2023-02-04 00:00:00+00:00,0.8697229259522271,0.13027707404777297
2023-02-05 00:00:00+00:00,0.8692261680170114,0.13077383198298856
2023-02-06 00:00:00+00:00,0.8688361678802237,0.1311638321197763
2023-02-07 00:00:00+00:00,0.8685447448262671,0.13145525517373283
2023-02-08 00:00:00+00:00,0.8691244784209443,0.13087552157905566
2023-02-09 00:00:00+00:00,0.8745822702575892,0.12541772974241092
2023-02-10 00:00:00+00:00,0.9003136282026791,0.09968637179732082
2023-02-11 00:00:00+00:00,0.8987040109805762,0.10129598901942377
2023-02-12 00:00:00+00:00,0.8993796198439847,0.10062038015601525
2023-02-13 00:00:00+00:00,0.901875993116284,0.09812400688371599
2023-02-14 00:00:00+00:00,0.9026479270838424,0.09735207291615754
2023-02-15 00:00:00+00:00,0.9034647550706929,0.09653524492930707
2023-02-16 00:00:00+00:00,0.9041744704701261,0.09582552952987385
2023-02-17 00:00:00+00:00,0.9066533386849897,0.0933466613150103
2023-02-18 00:00:00+00:00,0.8902782579574335,0.1097217420425665
2023-02-19 00:00:00+00:00,0.8671788591332051,0.13282114086679483
2023-02-20 00:00:00+00:00,0.8684185902551398,0.13158140974486024
2023-02-21 00:00:00+00:00,0.8679190509839166,0.13208094901608336
2023-02-22 00:00:00+00:00,0.863029091584313,0.13697090841568701
2023-02-23 00:00:00+00:00,0.8611081795478835,0.1388918204521164
2023-02-24 00:00:00+00:00,0.8599288691805785,0.1400711308194214
2023-02-25 00:00:00+00:00,0.8591127881280043,0.14088721187199565
2023-02-26 00:00:00+00:00,0.8506700379566602,0.14932996204333976
2023-02-27 00:00:00+00:00,0.8506969716983366,0.1493030283016634
2023-02-28 00:00:00+00:00,0.8484203892096807,0.1515796107903193
2023-03-01 00:00:00+00:00,0.8485893983394975,0.1514106016605024
2023-03-02 00:00:00+00:00,0.8495573591517596,0.1504426408482404
2023-03-03 00:00:00+00:00,0.8460447407904403,0.1539552592095596
2023-03-04 00:00:00+00:00,0.8457535458442613,0.15424645415573865
2023-03-05 00:00:00+00:00,0.8251669818651457,0.17483301813485427
2023-03-06 00:00:00+00:00,0.825275103311577,0.17472489668842286
2023-03-07 00:00:00+00:00,0.8253757162787138,0.17462428372128616
2023-03-08 00:00:00+00:00,0.8253903692370758,0.17460963076292416
2023-03-09 00:00:00+00:00,0.8257412907231674,0.17425870927683262
2023-03-10 00:00:00+00:00,0.8320235553600918,0.16797644463990818
2023-03-11 00:00:00+00:00,0.8312019652161948,0.16879803478380512
2023-03-12 00:00:00+00:00,0.8317541459938701,0.16824585400612985
2023-03-13 00:00:00+00:00,0.8323095201786204,0.16769047982137963
2023-03-14 00:00:00+00:00,0.8322917269280998,0.1677082730719002
2023-03-15 00:00:00+00:00,0.8325174016876581,0.16748259831234183
2023-03-16 00:00:00+00:00,0.8324705543991897,0.1675294456008102
2023-03-17 00:00:00+00:00,0.8325726403724313,0.16742735962756863
2023-03-18 00:00:00+00:00,0.8348593260926566,0.1651406739073435
2023-03-19 00:00:00+00:00,0.8355964224253051,0.16440357757469481
2023-03-20 00:00:00+00:00,0.8392594503269438,0.16074054967305615
2023-03-21 00:00:00+00:00,0.8338820762235898,0.16611792377641027
2023-03-22 00:00:00+00:00,0.8336746362294712,0.1663253637705287
2023-03-23 00:00:00+00:00,0.8354155757305433,0.16458442426945674
2023-03-24 00:00:00+00:00,0.8334491601535072,0.1665508398464928
2023-03-25 00:00:00+00:00,0.8295237537706263,0.17047624622937374
2023-03-26 00:00:00+00:00,0.826942645505419,0.1730573544945811
2023-03-27 00:00:00+00:00,0.8271778231949752,0.17282217680502462
2023-03-28 00:00:00+00:00,0.8270527392526713,0.17294726074732883
2023-03-29 00:00:00+00:00,0.8246739181848586,0.17532608181514153
2023-03-30 00:00:00+00:00,0.8256996929225939,0.1743003070774059
2023-03-31 00:00:00+00:00,0.8223640485250173,0.1776359514749828
2023-04-01 00:00:00+00:00,0.8221896984563039,0.1778103015436962
2023-04-02 00:00:00+00:00,0.8213972413253894,0.17860275867461067
2023-04-03 00:00:00+00:00,0.821522438254101,0.17847756174589902
2023-04-04 00:00:00+00:00,0.821392944672709,0.17860705532729096
2023-04-05 00:00:00+00:00,0.8210316649995435,0.17896833500045659
2023-04-06 00:00:00+00:00,0.8204246231851615,0.1795753768148385
2023-04-07 00:00:00+00:00,0.8204602002661651,0.17953979973383505
2023-04-08 00:00:00+00:00,0.8204427482054604,0.17955725179453969
2023-04-09 00:00:00+00:00,0.8204273655453375,0.17957263445466257
2023-04-10 00:00:00+00:00,0.8204319944005193,0.1795680055994807
2023-04-11 00:00:00+00:00,0.8202387180553248,0.17976128194467528
2023-04-12 00:00:00+00:00,0.8162591966839783,0.1837408033160218
2023-04-13 00:00:00+00:00,0.8151085426768689,0.18489145732313106
2023-04-14 00:00:00+00:00,0.8043140007729459,0.19568599922705418
2023-04-15 00:00:00+00:00,0.7895743368437755,0.21042566315622444
2023-04-16 00:00:00+00:00,0.7896221840176213,0.21037781598237865
2023-04-17 00:00:00+00:00,0.7891384846890415,0.21086151531095856
2023-04-18 00:00:00+00:00,0.7896796830252536,0.2103203169747463
2023-04-19 00:00:00+00:00,0.7880227921989733,0.21197720780102663
2023-04-20 00:00:00+00:00,0.7872302278170706,0.21276977218292942
2023-04-21 00:00:00+00:00,0.7599546590302667,0.24004534096973337
2023-04-22 00:00:00+00:00,0.7606962971406572,0.23930370285934288
2023-04-23 00:00:00+00:00,0.7599658786411272,0.24003412135887273
2023-04-24 00:00:00+00:00,0.7593404337702151,0.24065956622978493
2023-04-25 00:00:00+00:00,0.7592168798170328,0.24078312018296727
2023-04-26 00:00:00+00:00,0.7589786698901874,0.2410213301098127
2023-04-27 00:00:00+00:00,0.7587733776829675,0.2412266223170326
2023-04-28 00:00:00+00:00,0.7587558214481045,0.24124417855189553
2023-04-29 00:00:00+00:00,0.7580421767775551,0.24195782322244486
2023-04-30 00:00:00+00:00,0.7549488746805525,0.24505112531944734
2023-05-01 00:00:00+00:00,0.7428798641153573,0.25712013588464266
2023-05-02 00:00:00+00:00,0.7437117504883943,0.2562882495116058
2023-05-03 00:00:00+00:00,0.7431276443413561,0.2568723556586438
2023-05-04 00:00:00+00:00,0.7344377266839133,0.2655622733160868
2023-05-05 00:00:00+00:00,0.7343634191919522,0.2656365808080477
2023-05-06 00:00:00+00:00,0.7343542257717086,0.26564577422829144
2023-05-07 00:00:00+00:00,0.7340372656674855,0.2659627343325144
2023-05-08 00:00:00+00:00,0.7339615984071527,0.2660384015928472
2023-05-09 00:00:00+00:00,0.7339039207450583,0.2660960792549417
2023-05-10 00:00:00+00:00,0.733929940404798,0.266070059595202
2023-05-11 00:00:00+00:00,0.7339863691801793,0.26601363081982077
2023-05-12 00:00:00+00:00,0.7354015053942485,0.26459849460575136
2023-05-13 00:00:00+00:00,0.7352340266161534,0.2647659733838466
2023-05-14 00:00:00+00:00,0.7354237139623564,0.2645762860376437
2023-05-15 00:00:00+00:00,0.7354244073296432,0.2645755926703567
2023-05-16 00:00:00+00:00,0.736166714075661,0.26383328592433897
2023-05-17 00:00:00+00:00,0.7361060877071831,0.2638939122928169
2023-05-18 00:00:00+00:00,0.727051072610062,0.2729489273899381
2023-05-19 00:00:00+00:00,0.7330159729693151,0.2669840270306849
2023-05-20 00:00:00+00:00,0.7445319274392377,0.2554680725607623
2023-05-21 00:00:00+00:00,0.7445690149412315,0.25543098505876854
2023-05-22 00:00:00+00:00,0.745900036315964,0.254099963684036
2023-05-23 00:00:00+00:00,0.7497755720612493,0.2502244279387507
2023-05-24 00:00:00+00:00,0.7514756441388809,0.24852435586111912
2023-05-25 00:00:00+00:00,0.7521203754454647,0.2478796245545352
2023-05-26 00:00:00+00:00,0.7521874160229647,0.24781258397703532
2023-05-27 00:00:00+00:00,0.7587486969238019,0.24125130307619816
2023-05-28 00:00:00+00:00,0.7587082350874405,0.2412917649125596
2023-05-29 00:00:00+00:00,0.760682124819714,0.23931787518028605
2023-05-30 00:00:00+00:00,0.7594779201350095,0.24052207986499044
2023-05-31 00:00:00+00:00,0.7609031185700147,0.2390968814299853
2023-06-01 00:00:00+00:00,0.7639375189350748,0.23606248106492528
2023-06-02 00:00:00+00:00,0.7640947784312219,0.23590522156877813
2023-06-03 00:00:00+00:00,0.7874080817681087,0.21259191823189125
2023-06-04 00:00:00+00:00,0.7872542526229213,0.21274574737707866
2023-06-05 00:00:00+00:00,0.7872301351950775,0.21276986480492255
2023-06-06 00:00:00+00:00,0.7872583622717998,0.21274163772820015
2023-06-07 00:00:00+00:00,0.7872841667277206,0.2127158332722794
2023-06-08 00:00:00+00:00,0.7691645248531984,0.23083547514680164
2023-06-09 00:00:00+00:00,0.7697903363509344,0.23020966364906548
2023-06-10 00:00:00+00:00,0.768500759758409,0.23149924024159088
2023-06-11 00:00:00+00:00,0.7671535494142491,0.23284645058575093
2023-06-12 00:00:00+00:00,0.7666429993452112,0.23335700065478882
2023-06-13 00:00:00+00:00,0.7661404842705427,0.23385951572945737
2023-06-14 00:00:00+00:00,0.7661720226930566,0.23382797730694344
2023-06-15 00:00:00+00:00,0.7666433926475359,0.2333566073524641
2023-06-16 00:00:00+00:00,0.7653689991197797,0.2346310008802203
2023-06-17 00:00:00+00:00,0.7614250834903232,0.23857491650967666
2023-06-18 00:00:00+00:00,0.7400969710956493,0.2599030289043507
2023-06-19 00:00:00+00:00,0.7460733061648588,0.25392669383514127
2023-06-20 00:00:00+00:00,0.7465585456993319,0.25344145430066806
2023-06-21 00:00:00+00:00,0.7346069160140032,0.26539308398599676
2023-06-22 00:00:00+00:00,0.7447394958410519,0.255260504158948
2023-06-23 00:00:00+00:00,0.7458718261706315,0.2541281738293685
2023-06-24 00:00:00+00:00,0.7597920008359906,0.2402079991640093
2023-06-25 00:00:00+00:00,0.7542662879706447,0.24573371202935534
2023-06-26 00:00:00+00:00,0.7507214879189438,0.24927851208105622
2023-06-27 00:00:00+00:00,0.7592824145391192,0.24071758546088085
2023-06-28 00:00:00+00:00,0.7513393303224618,0.24866066967753822
2023-06-29 00:00:00+00:00,0.7590491703097855,0.24095082969021459
2023-06-30 00:00:00+00:00,0.7560176402294251,0.24398235977057503
2023-07-01 00:00:00+00:00,0.7578620256325512,0.24213797436744872
2023-07-02 00:00:00+00:00,0.7573981747162113,0.2426018252837887
2023-07-03 00:00:00+00:00,0.7581800025667608,0.24181999743323918
2023-07-04 00:00:00+00:00,0.7599018868773133,0.24009811312268678
2023-07-05 00:00:00+00:00,0.7592569591963009,0.24074304080369918
2023-07-06 00:00:00+00:00,0.7577371660234404,0.24226283397655954
2023-07-07 00:00:00+00:00,0.7573094262405805,0.24269057375941944
2023-07-08 00:00:00+00:00,0.754039650167498,0.24596034983250206
2023-07-09 00:00:00+00:00,0.7518449362129475,0.24815506378705246
2023-07-10 00:00:00+00:00,0.7485644669394205,0.2514355330605795
2023-07-11 00:00:00+00:00,0.7486664475209894,0.25133355247901057
2023-07-12 00:00:00+00:00,0.7432375839891607,0.2567624160108392
2023-07-13 00:00:00+00:00,0.7303992794113946,0.2696007205886054
2023-07-14 00:00:00+00:00,0.7471726899256818,0.2528273100743181
2023-07-15 00:00:00+00:00,0.737207599595125,0.262792400404875
2023-07-16 00:00:00+00:00,0.7242453484077163,0.27575465159228374
2023-07-17 00:00:00+00:00,0.7213835035412719,0.27861649645872805
2023-07-18 00:00:00+00:00,0.7228905288813713,0.2771094711186288
2023-07-19 00:00:00+00:00,0.724634706695865,0.27536529330413495
2023-07-20 00:00:00+00:00,0.7291177037489525,0.2708822962510476
2023-07-21 00:00:00+00:00,0.7297822533496139,0.2702177466503861
2023-07-22 00:00:00+00:00,0.7317847996461195,0.26821520035388047
2023-07-23 00:00:00+00:00,0.7323611727206399,0.26763882727936
2023-07-24 00:00:00+00:00,0.7324777642683721,0.2675222357316279
2023-07-25 00:00:00+00:00,0.7324680313404452,0.26753196865955486
2023-07-26 00:00:00+00:00,0.7333986644584156,0.2666013355415844
2023-07-27 00:00:00+00:00,0.7334217185154637,0.2665782814845364
2023-07-28 00:00:00+00:00,0.7358823700778856,0.26411762992211435
2023-07-29 00:00:00+00:00,0.7359290225180091,0.26407097748199093
2023-07-30 00:00:00+00:00,0.7359378679228576,0.2640621320771423
2023-07-31 00:00:00+00:00,0.7359371149959458,0.2640628850040541
2023-08-01 00:00:00+00:00,0.7389122327816959,0.261087767218304
2023-08-02 00:00:00+00:00,0.7397254620644029,0.2602745379355971
2023-08-03 00:00:00+00:00,0.7399110335228558,0.2600889664771443
2023-08-04 00:00:00+00:00,0.7398673530605338,0.2601326469394662
2023-08-05 00:00:00+00:00,0.7408792170676719,0.2591207829323281
2023-08-06 00:00:00+00:00,0.7418390556988632,0.2581609443011369
2023-08-07 00:00:00+00:00,0.7422377205577069,0.257762279442293
2023-08-08 00:00:00+00:00,0.7435837540691247,0.25641624593087536
2023-08-09 00:00:00+00:00,0.7435868496475363,0.25641315035246365
2023-08-10 00:00:00+00:00,0.743456772654067,0.2565432273459331
2023-08-11 00:00:00+00:00,0.7444266616350754,0.25557333836492446
2023-08-12 00:00:00+00:00,0.7443512498638034,0.2556487501361966
2023-08-13 00:00:00+00:00,0.7443574902417656,0.25564250975823455
2023-08-14 00:00:00+00:00,0.7422390842319475,0.25776091576805243
2023-08-15 00:00:00+00:00,0.742358676522222,0.257641323477778
2023-08-16 00:00:00+00:00,0.7424059425549554,0.2575940574450446
2023-08-17 00:00:00+00:00,0.74267138180046,0.25732861819953984
2023-08-18 00:00:00+00:00,0.8161814869626817,0.18381851303731833
2023-08-19 00:00:00+00:00,0.8165040887962336,0.1834959112037664
2023-08-20 00:00:00+00:00,0.8164672918802759,0.18353270811972405
2023-08-21 00:00:00+00:00,0.81680803753505,0.18319196246495006
2023-08-22 00:00:00+00:00,0.8168405089031872,0.18315949109681282
2023-08-23 00:00:00+00:00,0.8174278635558889,0.1825721364441111
2023-08-24 00:00:00+00:00,0.8210142021832839,0.17898579781671606
2023-08-25 00:00:00+00:00,0.8210586037493934,0.17894139625060662
2023-08-26 00:00:00+00:00,0.8211214595690755,0.17887854043092458
2023-08-27 00:00:00+00:00,0.8211550225829443,0.17884497741705574
2023-08-28 00:00:00+00:00,0.8239437715406291,0.17605622845937086
2023-08-29 00:00:00+00:00,0.8241509749885436,0.1758490250114563
2023-08-30 00:00:00+00:00,0.8247808054891291,0.17521919451087092
2023-08-31 00:00:00+00:00,0.8252137479488867,0.1747862520511132
2023-09-01 00:00:00+00:00,0.8255213420670378,0.1744786579329623
2023-09-02 00:00:00+00:00,0.8258591560910257,0.17414084390897433
2023-09-03 00:00:00+00:00,0.8259190223395508,0.17408097766044914
2023-09-04 00:00:00+00:00,0.8258715742958086,0.17412842570419138
2023-09-05 00:00:00+00:00,0.8277069464580642,0.17229305354193591
2023-09-06 00:00:00+00:00,0.8324546790610625,0.1675453209389376
2023-09-07 00:00:00+00:00,0.8341959996605567,0.1658040003394432
2023-09-08 00:00:00+00:00,0.834245746699904,0.16575425330009602
2023-09-09 00:00:00+00:00,0.834247319784858,0.16575268021514214
2023-09-10 00:00:00+00:00,0.8351782663600238,0.16482173363997607
2023-09-11 00:00:00+00:00,0.8351883142150562,0.1648116857849438
2023-09-12 00:00:00+00:00,0.8351901703243438,0.16480982967565613
2023-09-13 00:00:00+00:00,0.8358069541635862,0.16419304583641386
2023-09-14 00:00:00+00:00,0.8295113866914811,0.17048861330851883
2023-09-15 00:00:00+00:00,0.8296769088453962,0.1703230911546037
2023-09-16 00:00:00+00:00,0.8301266507251318,0.16987334927486808
2023-09-17 00:00:00+00:00,0.8301461439586555,0.16985385604134443
2023-09-18 00:00:00+00:00,0.8301783663596911,0.16982163364030875
2023-09-19 00:00:00+00:00,0.830374086781829,0.16962591321817092
2023-09-20 00:00:00+00:00,0.8256288304822398,0.17437116951776022
2023-09-21 00:00:00+00:00,0.8329710383939808,0.1670289616060192
2023-09-22 00:00:00+00:00,0.8285043239107261,0.17149567608927382
2023-09-23 00:00:00+00:00,0.8366683441587478,0.16333165584125214
2023-09-24 00:00:00+00:00,0.8369334915625644,0.16306650843743573
2023-09-25 00:00:00+00:00,0.8363188995804701,0.16368110041952982
2023-09-26 00:00:00+00:00,0.8358859581299677,0.16411404187003228
2023-09-27 00:00:00+00:00,0.8357181213678774,0.1642818786321226
2023-09-28 00:00:00+00:00,0.8410179014566684,0.15898209854333153
2023-09-29 00:00:00+00:00,0.8427278727684626,0.1572721272315373
2023-09-30 00:00:00+00:00,0.8427330768122214,0.15726692318777863
2023-10-01 00:00:00+00:00,0.8429618101099686,0.15703818989003132
2023-10-02 00:00:00+00:00,0.8428436067655927,0.1571563932344073
2023-10-03 00:00:00+00:00,0.8511594624777677,0.14884053752223222
2023-10-04 00:00:00+00:00,0.8534765739679367,0.1465234260320634
2023-10-05 00:00:00+00:00,0.854564646958253,0.14543535304174696
2023-10-06 00:00:00+00:00,0.8611624211316233,0.13883757886837667
2023-10-07 00:00:00+00:00,0.8652468661087828,0.13475313389121726
2023-10-08 00:00:00+00:00,0.8652847937585871,0.13471520624141284
2023-10-09 00:00:00+00:00,0.865521431483377,0.134478568516623
2023-10-10 00:00:00+00:00,0.8668118940676967,0.1331881059323033
2023-10-11 00:00:00+00:00,0.8677744673887813,0.13222553261121872
2023-10-12 00:00:00+00:00,0.863891708602654,0.13610829139734604
2023-10-13 00:00:00+00:00,0.8918750916372237,0.10812490836277631
2023-10-14 00:00:00+00:00,0.9468600455634083,0.05313995443659173
2023-10-15 00:00:00+00:00,0.9468492544257334,0.05315074557426651
2023-10-16 00:00:00+00:00,0.9469372843307624,0.05306271566923755
2023-10-17 00:00:00+00:00,0.9471701380009783,0.052829861999021684
2023-10-18 00:00:00+00:00,0.9501311389674034,0.049868861032596516
2023-10-19 00:00:00+00:00,0.950253635268396,0.049746364731603925
2023-10-20 00:00:00+00:00,0.950646771440251,0.04935322855974894
2023-10-21 00:00:00+00:00,0.9511570001470363,0.04884299985296364
2023-10-22 00:00:00+00:00,0.9511720818205847,0.048827918179415224
2023-10-23 00:00:00+00:00,0.9515153038890213,0.04848469611097867
2023-10-24 00:00:00+00:00,0.9783359112717869,0.0216640887282132
2023-10-25 00:00:00+00:00,0.9784486426940281,0.021551357305971935
2023-10-26 00:00:00+00:00,0.95815919747028,0.041840802529719896
2023-10-27 00:00:00+00:00,0.9523140270571012,0.047685972942898835
2023-10-28 00:00:00+00:00,0.9503699637377085,0.049630036262291496
2023-10-29 00:00:00+00:00,0.9491434684118305,0.05085653158816945
2023-10-30 00:00:00+00:00,0.9488158149295054,0.051184185070494645
2023-10-31 00:00:00+00:00,0.9460360137470744,0.053963986252925575
2023-11-01 00:00:00+00:00,0.9460845088493128,0.053915491150687195
2023-11-02 00:00:00+00:00,0.9462726058134732,0.053727394186526854
2023-11-03 00:00:00+00:00,0.9385698864226377,0.06143011357736224
2023-11-04 00:00:00+00:00,0.9353370021906254,0.06466299780937457
2023-11-05 00:00:00+00:00,0.934648574458013,0.06535142554198697
2023-11-06 00:00:00+00:00,0.9333057491976096,0.06669425080239047
2023-11-07 00:00:00+00:00,0.9332478260299283,0.06675217397007165
2023-11-08 00:00:00+00:00,0.9333465052629892,0.06665349473701081
2023-11-09 00:00:00+00:00,0.932274351376641,0.06772564862335902
2023-11-10 00:00:00+00:00,0.9321017404157645,0.06789825958423548
2023-11-11 00:00:00+00:00,0.9210583257727775,0.07894167422722251
2023-11-12 00:00:00+00:00,0.9173274887206101,0.0826725112793899
2023-11-13 00:00:00+00:00,0.9168408945318245,0.08315910546817544
2023-11-14 00:00:00+00:00,0.9166473562462439,0.08335264375375609
2023-11-15 00:00:00+00:00,0.9121709951249436,0.08782900487505647
2023-11-16 00:00:00+00:00,0.8959825147244314,0.10401748527556867
2023-11-17 00:00:00+00:00,0.8563282781271039,0.14367172187289606
2023-11-18 00:00:00+00:00,0.839059420348406,0.16094057965159408
2023-11-19 00:00:00+00:00,0.8381391125027544,0.16186088749724561
2023-11-20 00:00:00+00:00,0.8381145081011852,0.1618854918988148
2023-11-21 00:00:00+00:00,0.8352126724873226,0.1647873275126775
2023-11-22 00:00:00+00:00,0.8343902060120362,0.1656097939879639
2023-11-23 00:00:00+00:00,0.8197951036462997,0.18020489635370018
2023-11-24 00:00:00+00:00,0.8085223522978877,0.19147764770211234
2023-11-25 00:00:00+00:00,0.8084997168226754,0.1915002831773247
2023-11-26 00:00:00+00:00,0.8084546230758727,0.19154537692412738
2023-11-27 00:00:00+00:00,0.8084628931022957,0.19153710689770428
2023-11-28 00:00:00+00:00,0.8080083244889333,0.19199167551106675
2023-11-29 00:00:00+00:00,0.8079575208534173,0.19204247914658262
2023-11-30 00:00:00+00:00,0.8078464231969735,0.1921535768030266
2023-12-01 00:00:00+00:00,0.8078479927152409,0.192152007284759
2023-12-02 00:00:00+00:00,0.807848621346565,0.192151378653435
2023-12-03 00:00:00+00:00,0.8095293975782345,0.19047060242176556
2023-12-04 00:00:00+00:00,0.8099160962137003,0.1900839037862997
2023-12-05 00:00:00+00:00,0.8229805218503152,0.17701947814968474
2023-12-06 00:00:00+00:00,0.8266780687680424,0.17332193123195755
2023-12-07 00:00:00+00:00,0.8170015556720787,0.18299844432792128
2023-12-08 00:00:00+00:00,0.8179618990819704,0.1820381009180297
2023-12-09 00:00:00+00:00,0.818250869030027,0.18174913096997303
2023-12-10 00:00:00+00:00,0.8173740219715819,0.182625978028418
2023-12-11 00:00:00+00:00,0.8166260721593964,0.18337392784060347
2023-12-12 00:00:00+00:00,0.817904013017631,0.18209598698236895
2023-12-13 00:00:00+00:00,0.8021964741376176,0.19780352586238245
2023-12-14 00:00:00+00:00,0.8021551245989285,0.19784487540107162
2023-12-15 00:00:00+00:00,0.7987952155203895,0.20120478447961063
2023-12-16 00:00:00+00:00,0.7988070241975748,0.20119297580242526
2023-12-17 00:00:00+00:00,0.7960674323581011,0.203932567641899
2023-12-18 00:00:00+00:00,0.7959788890012142,0.20402111099878587
2023-12-19 00:00:00+00:00,0.79405515619876,0.20594484380124
2023-12-20 00:00:00+00:00,0.7913151994466574,0.20868480055334257
2023-12-21 00:00:00+00:00,0.7908985054812605,0.20910149451873947
2023-12-22 00:00:00+00:00,0.7876858464912844,0.21231415350871571
2023-12-23 00:00:00+00:00,0.7877002096394203,0.21229979036057967
2023-12-24 00:00:00+00:00,0.787717453593334,0.21228254640666608
2023-12-25 00:00:00+00:00,0.7874500832291106,0.2125499167708894
2023-12-26 00:00:00+00:00,0.7861832979121934,0.21381670208780665
2023-12-27 00:00:00+00:00,0.7857657375780387,0.21423426242196136
2023-12-28 00:00:00+00:00,0.7831426995141823,0.21685730048581772
2023-12-29 00:00:00+00:00,0.7820476728072827,0.2179523271927173
2023-12-30 00:00:00+00:00,0.7803400804236116,0.2196599195763885
2023-12-31 00:00:00+00:00,0.7796043329946777,0.22039566700532232
2024-01-01 00:00:00+00:00,0.7786031405465071,0.22139685945349288
2024-01-02 00:00:00+00:00,0.7786133240890951,0.22138667591090488
2024-01-03 00:00:00+00:00,0.778158015514077,0.22184198448592288
2024-01-04 00:00:00+00:00,0.7790157746148545,0.2209842253851455
2024-01-05 00:00:00+00:00,0.7601002847589776,0.23989971524102233
2024-01-06 00:00:00+00:00,0.759979931880429,0.2400200681195709
2024-01-07 00:00:00+00:00,0.759979396622751,0.24002060337724893
2024-01-08 00:00:00+00:00,0.759966079965269,0.24003392003473092
2024-01-09 00:00:00+00:00,0.7599522013721675,0.24004779862783263
2024-01-10 00:00:00+00:00,0.7614186046808206,0.23858139531917943
2024-01-11 00:00:00+00:00,0.7607244868073308,0.23927551319266907
2024-01-12 00:00:00+00:00,0.7636673162954466,0.23633268370455326
2024-01-13 00:00:00+00:00,0.7635369424319656,0.2364630575680344
2024-01-14 00:00:00+00:00,0.7512098887135004,0.24879011128649958
2024-01-15 00:00:00+00:00,0.7512107204553141,0.24878927954468574
2024-01-16 00:00:00+00:00,0.7508927895151969,0.2491072104848032
2024-01-17 00:00:00+00:00,0.7507768581757218,0.24922314182427815
2024-01-18 00:00:00+00:00,0.7507105485969549,0.24928945140304512
2024-01-19 00:00:00+00:00,0.7506701031149615,0.24932989688503845
2024-01-20 00:00:00+00:00,0.7501324414876104,0.24986755851238956
2024-01-21 00:00:00+00:00,0.7501268438525974,0.24987315614740246
2024-01-22 00:00:00+00:00,0.6854335553348735,0.31456644466512645
2024-01-23 00:00:00+00:00,0.6841033300418556,0.31589666995814436
2024-01-24 00:00:00+00:00,0.6842542394066966,0.3157457605933033
2024-01-25 00:00:00+00:00,0.6846870379217481,0.3153129620782518
2024-01-26 00:00:00+00:00,0.6838712733982084,0.31612872660179153
2024-01-27 00:00:00+00:00,0.6884773739352275,0.31152262606477243
2024-01-28 00:00:00+00:00,0.6871222776019126,0.3128777223980875
2024-01-29 00:00:00+00:00,0.6870329554373807,0.3129670445626192
2024-01-30 00:00:00+00:00,0.6870295134328399,0.31297048656716003
2024-01-31 00:00:00+00:00,0.684991889931344,0.3150081100686559
2024-02-01 00:00:00+00:00,0.6844398877226178,0.3155601122773822
2024-02-02 00:00:00+00:00,0.6843983766779581,0.3156016233220419
2024-02-03 00:00:00+00:00,0.683763373236881,0.3162366267631189
2024-02-04 00:00:00+00:00,0.6837756502072149,0.3162243497927852
2024-02-05 00:00:00+00:00,0.6837555349970313,0.3162444650029686
2024-02-06 00:00:00+00:00,0.6837183818914755,0.31628161810852456
2024-02-07 00:00:00+00:00,0.683285212130048,0.31671478786995194
2024-02-08 00:00:00+00:00,0.6820171163330141,0.3179828836669859
2024-02-09 00:00:00+00:00,0.6846588476114759,0.3153411523885242
2024-02-10 00:00:00+00:00,0.6890303436400977,0.3109696563599022
2024-02-11 00:00:00+00:00,0.689187186431265,0.31081281356873497
2024-02-12 00:00:00+00:00,0.6892042302804796,0.3107957697195204
2024-02-13 00:00:00+00:00,0.6985559782437615,0.3014440217562386
2024-02-14 00:00:00+00:00,0.7019017712103637,0.2980982287896363
2024-02-15 00:00:00+00:00,0.7210949403060034,0.2789050596939966
2024-02-16 00:00:00+00:00,0.7215928097433931,0.2784071902566068
2024-02-17 00:00:00+00:00,0.7220622518435676,0.2779377481564324
2024-02-18 00:00:00+00:00,0.7227499478286125,0.2772500521713875
2024-02-19 00:00:00+00:00,0.7238007408052788,0.27619925919472127
2024-02-20 00:00:00+00:00,0.7238937315908617,0.27610626840913843
2024-02-21 00:00:00+00:00,0.7292151560601826,0.2707848439398174
2024-02-22 00:00:00+00:00,0.7344559288241369,0.2655440711758632
2024-02-23 00:00:00+00:00,0.7342666523672855,0.26573334763271445
2024-02-24 00:00:00+00:00,0.7345499399808308,0.2654500600191692
2024-02-25 00:00:00+00:00,0.7346835342302175,0.2653164657697826
2024-02-26 00:00:00+00:00,0.7339850810865733,0.26601491891342655
2024-02-27 00:00:00+00:00,0.7457005759113081,0.254299424088692
2024-02-28 00:00:00+00:00,0.7476657177655689,0.25233428223443116
2024-02-29 00:00:00+00:00,0.7610772684642677,0.23892273153573232
2024-03-01 00:00:00+00:00,0.7413397930968052,0.25866020690319486
2024-03-02 00:00:00+00:00,0.7388732231530953,0.2611267768469046
2024-03-03 00:00:00+00:00,0.7372742258278197,0.2627257741721803
2024-03-04 00:00:00+00:00,0.7247263653687788,0.2752736346312212
2024-03-05 00:00:00+00:00,0.7137052318277287,0.2862947681722714
2024-03-06 00:00:00+00:00,0.7108833825011368,0.2891166174988632
2024-03-07 00:00:00+00:00,0.6938290120442728,0.30617098795572706
2024-03-08 00:00:00+00:00,0.6903075908058999,0.30969240919410007
2024-03-09 00:00:00+00:00,0.690086532487137,0.3099134675128629
2024-03-10 00:00:00+00:00,0.6899020601788035,0.3100979398211965
2024-03-11 00:00:00+00:00,0.6873378249375958,0.3126621750624044
2024-03-12 00:00:00+00:00,0.6957264068268351,0.30427359317316494
2024-03-13 00:00:00+00:00,0.7036057592210307,0.2963942407789692
2024-03-14 00:00:00+00:00,0.7056080366831389,0.2943919633168611
2024-03-15 00:00:00+00:00,0.706474207923009,0.2935257920769911
2024-03-16 00:00:00+00:00,0.7074350321221405,0.2925649678778595
2024-03-17 00:00:00+00:00,0.7068768060488019,0.2931231939511981
2024-03-18 00:00:00+00:00,0.7054884636203445,0.29451153637965555
2024-03-19 00:00:00+00:00,0.7060190726292367,0.2939809273707633
2024-03-20 00:00:00+00:00,0.7061126415098884,0.2938873584901116
2024-03-21 00:00:00+00:00,0.7044059554409589,0.29559404455904126
2024-03-22 00:00:00+00:00,0.7024611158462434,0.2975388841537565
2024-03-23 00:00:00+00:00,0.7020568056707484,0.29794319432925165
2024-03-24 00:00:00+00:00,0.7019507018101868,0.29804929818981324
2024-03-25 00:00:00+00:00,0.7026124726303796,0.2973875273696203
2024-03-26 00:00:00+00:00,0.7023666494326871,0.2976333505673129
2024-03-27 00:00:00+00:00,0.70353741403975,0.29646258596025
2024-03-28 00:00:00+00:00,0.7042047732029018,0.29579522679709824
2024-03-29 00:00:00+00:00,0.7051694089049669,0.294830591095033
2024-03-30 00:00:00+00:00,0.7055904591821033,0.2944095408178968
2024-03-31 00:00:00+00:00,0.7054815802220095,0.2945184197779904
2024-04-01 00:00:00+00:00,0.7054622843976479,0.2945377156023521
2024-04-02 00:00:00+00:00,0.705713181793307,0.29428681820669295
2024-04-03 00:00:00+00:00,0.7047077223097058,0.29529227769029426
2024-04-04 00:00:00+00:00,0.7178643851433939,0.28213561485660604
2024-04-05 00:00:00+00:00,0.7179261595852406,0.2820738404147593
2024-04-06 00:00:00+00:00,0.7179060364705079,0.2820939635294922
2024-04-07 00:00:00+00:00,0.7178966995019416,0.28210330049805843
2024-04-08 00:00:00+00:00,0.7179205126670628,0.28207948733293714
2024-04-09 00:00:00+00:00,0.7159033961311578,0.2840966038688421
2024-04-10 00:00:00+00:00,0.7171929245386236,0.2828070754613764
2024-04-11 00:00:00+00:00,0.7131752678255844,0.28682473217441556
2024-04-12 00:00:00+00:00,0.7133240166043825,0.2866759833956176
2024-04-13 00:00:00+00:00,0.7253958334543807,0.2746041665456192
2024-04-14 00:00:00+00:00,0.7251225336902257,0.2748774663097742
2024-04-15 00:00:00+00:00,0.7252860523324891,0.27471394766751095
2024-04-16 00:00:00+00:00,0.7253280543992189,0.274671945600781
2024-04-17 00:00:00+00:00,0.7251470807552688,0.27485291924473115
2024-04-18 00:00:00+00:00,0.7252441021388951,0.27475589786110494
2024-04-19 00:00:00+00:00,0.7257761983349174,0.27422380166508264
2024-04-20 00:00:00+00:00,0.725763639937274,0.27423636006272595
2024-04-21 00:00:00+00:00,0.7257742997252433,0.2742257002747567
2024-04-22 00:00:00+00:00,0.7258033419468463,0.27419665805315363
2024-04-23 00:00:00+00:00,0.7261986440159721,0.2738013559840279
2024-04-24 00:00:00+00:00,0.7257064738027159,0.27429352619728403
2024-04-25 00:00:00+00:00,0.7256429158651039,0.274357084134896
2024-04-26 00:00:00+00:00,0.7222850820893161,0.277714917910684
2024-04-27 00:00:00+00:00,0.7222775196823543,0.2777224803176456
2024-04-28 00:00:00+00:00,0.7222227373791553,0.2777772626208447
2024-04-29 00:00:00+00:00,0.7222105433848524,0.27778945661514765
2024-04-30 00:00:00+00:00,0.7221669204027338,0.2778330795972661
2024-05-01 00:00:00+00:00,0.7243863824253577,0.27561361757464237
2024-05-02 00:00:00+00:00,0.7263676200936685,0.2736323799063315
2024-05-03 00:00:00+00:00,0.7274948049102313,0.2725051950897686
2024-05-04 00:00:00+00:00,0.729319490502326,0.27068050949767397
2024-05-05 00:00:00+00:00,0.7292383792030235,0.2707616207969765
2024-05-06 00:00:00+00:00,0.7292901704552497,0.27070982954475026
2024-05-07 00:00:00+00:00,0.7292897457330385,0.27071025426696144
2024-05-08 00:00:00+00:00,0.7292294816908016,0.2707705183091985
2024-05-09 00:00:00+00:00,0.7286112787220891,0.27138872127791097
2024-05-10 00:00:00+00:00,0.7265227149300504,0.27347728506994956
2024-05-11 00:00:00+00:00,0.7264121765484431,0.2735878234515568
2024-05-12 00:00:00+00:00,0.7263793298513133,0.27362067014868663
2024-05-13 00:00:00+00:00,0.7206134149999899,0.27938658500001023
2024-05-14 00:00:00+00:00,0.7190967411311863,0.2809032588688136
2024-05-15 00:00:00+00:00,0.7100911653717425,0.28990883462825745
2024-05-16 00:00:00+00:00,0.7134509501337166,0.28654904986628343
2024-05-17 00:00:00+00:00,0.7131947774512347,0.2868052225487652
2024-05-18 00:00:00+00:00,0.7126118475665786,0.2873881524334214
2024-05-19 00:00:00+00:00,0.7125657834197959,0.28743421658020407
2024-05-20 00:00:00+00:00,0.7125117471914347,0.2874882528085653
2024-05-21 00:00:00+00:00,0.7175873191647992,0.28241268083520077
2024-05-22 00:00:00+00:00,0.7173996387240661,0.28260036127593385
2024-05-23 00:00:00+00:00,0.7177782925390056,0.28222170746099445
2024-05-24 00:00:00+00:00,0.7177019527522933,0.2822980472477067
2024-05-25 00:00:00+00:00,0.7170835879026809,0.28291641209731905
2024-05-26 00:00:00+00:00,0.717484109776562,0.2825158902234381
2024-05-27 00:00:00+00:00,0.7032818691191067,0.2967181308808932
2024-05-28 00:00:00+00:00,0.6940106053938159,0.3059893946061841
2024-05-29 00:00:00+00:00,0.6454215234946578,0.35457847650534235
2024-05-30 00:00:00+00:00,0.676827247800744,0.32317275219925595
2024-05-31 00:00:00+00:00,0.6788587105026627,0.3211412894973374
2024-06-01 00:00:00+00:00,0.6801279216307838,0.31987207836921616
2024-06-02 00:00:00+00:00,0.6800967423759895,0.3199032576240105
2024-06-03 00:00:00+00:00,0.6570887326289964,0.3429112673710036
2024-06-04 00:00:00+00:00,0.6657119107667615,0.33428808923323833
2024-06-05 00:00:00+00:00,0.7187310719589987,0.2812689280410014
2024-06-06 00:00:00+00:00,0.7238107900177492,0.2761892099822508
2024-06-07 00:00:00+00:00,0.7241907681550733,0.27580923184492667
2024-06-08 00:00:00+00:00,0.7263080988234136,0.27369190117658637
2024-06-09 00:00:00+00:00,0.7243553755792086,0.2756446244207914
2024-06-10 00:00:00+00:00,0.7197627216965261,0.2802372783034738
2024-06-11 00:00:00+00:00,0.6881838338673634,0.3118161661326367
2024-06-12 00:00:00+00:00,0.6862279324491475,0.3137720675508524
2024-06-13 00:00:00+00:00,0.6762106016537437,0.32378939834625636
2024-06-14 00:00:00+00:00,0.6770192915135369,0.3229807084864631
2024-06-15 00:00:00+00:00,0.6771089926493721,0.3228910073506279
2024-06-16 00:00:00+00:00,0.6903696638518466,0.3096303361481534
2024-06-17 00:00:00+00:00,0.6992869634084969,0.30071303659150306
2024-06-18 00:00:00+00:00,0.6994058211861551,0.3005941788138449
2024-06-19 00:00:00+00:00,0.7267589946914345,0.2732410053085655
2024-06-20 00:00:00+00:00,0.7460111439770657,0.2539888560229343
2024-06-21 00:00:00+00:00,0.7492618884620675,0.2507381115379324
2024-06-22 00:00:00+00:00,0.7530785941698952,0.24692140583010486
2024-06-23 00:00:00+00:00,0.7531436739056556,0.2468563260943444
2024-06-24 00:00:00+00:00,0.7647426737709118,0.23525732622908832
2024-06-25 00:00:00+00:00,0.833853339376711,0.16614666062328898
2024-06-26 00:00:00+00:00,0.8432216340899169,0.1567783659100831
2024-06-27 00:00:00+00:00,0.8431269002161353,0.15687309978386474
2024-06-28 00:00:00+00:00,0.8443015346217448,0.15569846537825516
2024-06-29 00:00:00+00:00,0.844552856891402,0.1554471431085979
2024-06-30 00:00:00+00:00,0.8445461868719564,0.15545381312804354
2024-07-01 00:00:00+00:00,0.8450199280255719,0.15498007197442815
2024-07-02 00:00:00+00:00,0.8450157972949285,0.1549842027050714
2024-07-03 00:00:00+00:00,0.8468456782658937,0.15315432173410629
2024-07-04 00:00:00+00:00,0.8469309866814774,0.15306901331852274
2024-07-05 00:00:00+00:00,0.8479717447591087,0.15202825524089117
2024-07-06 00:00:00+00:00,0.8487686161067008,0.15123138389329913
2024-07-07 00:00:00+00:00,0.8500040774634516,0.14999592253654837
2024-07-08 00:00:00+00:00,0.8500561137508194,0.14994388624918062
2024-07-09 00:00:00+00:00,0.8496363959211986,0.1503636040788014
2024-07-10 00:00:00+00:00,0.8501914513837296,0.14980854861627038
2024-07-11 00:00:00+00:00,0.8506463103211704,0.14935368967882956
2024-07-12 00:00:00+00:00,0.8505938092957727,0.14940619070422737
2024-07-13 00:00:00+00:00,0.8513597439708946,0.14864025602910536
2024-07-14 00:00:00+00:00,0.8524238348272807,0.14757616517271935
2024-07-15 00:00:00+00:00,0.8529713197814387,0.14702868021856133
2024-07-16 00:00:00+00:00,0.8533797536841703,0.14662024631582965
2024-07-17 00:00:00+00:00,0.8533711651697767,0.14662883483022324
2024-07-18 00:00:00+00:00,0.8540396717702913,0.14596032822970872
2024-07-19 00:00:00+00:00,0.8550074647675922,0.14499253523240793
2024-07-20 00:00:00+00:00,0.8550920239567363,0.14490797604326364
2024-07-21 00:00:00+00:00,0.8551654380232919,0.14483456197670808
2024-07-22 00:00:00+00:00,0.8560484769602634,0.14395152303973657
2024-07-23 00:00:00+00:00,0.8564216426183805,0.14357835738161948
2024-07-24 00:00:00+00:00,0.8596788874189787,0.14032111258102137
2024-07-25 00:00:00+00:00,0.8600859090143732,0.1399140909856268
2024-07-26 00:00:00+00:00,0.8602828198122353,0.13971718018776477
2024-07-27 00:00:00+00:00,0.8601589199100053,0.1398410800899947
2024-07-28 00:00:00+00:00,0.8631093693421238,0.13689063065787627
2024-07-29 00:00:00+00:00,0.8630950489756423,0.13690495102435776
2024-07-30 00:00:00+00:00,0.865389576763078,0.13461042323692196
2024-07-31 00:00:00+00:00,0.8621858161921522,0.13781418380784785
2024-08-01 00:00:00+00:00,0.8613833753196928,0.13861662468030725
2024-08-02 00:00:00+00:00,0.858973702823776,0.14102629717622397
2024-08-03 00:00:00+00:00,0.8611674244038395,0.1388325755961605
2024-08-04 00:00:00+00:00,0.8577626759770773,0.1422373240229227
2024-08-05 00:00:00+00:00,0.8579899413905734,0.14201005860942667
2024-08-06 00:00:00+00:00,0.8589977475224373,0.1410022524775627
2024-08-07 00:00:00+00:00,0.8580706090007998,0.1419293909992002
2024-08-08 00:00:00+00:00,0.8580811857554885,0.14191881424451147
2024-08-09 00:00:00+00:00,0.8580781661563419,0.14192183384365809
2024-08-10 00:00:00+00:00,0.8580781661563419,0.14192183384365809
2024-08-11 00:00:00+00:00,0.8580781661563419,0.14192183384365809
2024-08-12 00:00:00+00:00,0.8580781661563419,0.14192183384365809
2024-08-13 00:00:00+00:00,0.8580781661563419,0.14192183384365809
2024-08-14 00:00:00+00:00,0.8580781661563419,0.14192183384365809
2024-08-15 00:00:00+00:00,0.8580781661563419,0.14192183384365809
2024-08-16 00:00:00+00:00,0.8580034319618528,0.1419965680381472
2024-08-17 00:00:00+00:00,0.8582175103149425,0.1417824896850575
2024-08-18 00:00:00+00:00,0.8581360704249494,0.14186392957505056
2024-08-19 00:00:00+00:00,0.8507533298880113,0.14924667011198872
2024-08-20 00:00:00+00:00,0.8513275183947283,0.14867248160527174
2024-08-21 00:00:00+00:00,0.8531931095126121,0.1468068904873879
2024-08-22 00:00:00+00:00,0.8541548693501695,0.1458451306498306
2024-08-23 00:00:00+00:00,0.8567198758224968,0.14328012417750327
2024-08-24 00:00:00+00:00,0.8576620276624052,0.14233797233759482
2024-08-25 00:00:00+00:00,0.8591027887788845,0.1408972112211155
2024-08-26 00:00:00+00:00,0.8600962269894752,0.13990377301052478
2024-08-27 00:00:00+00:00,0.8624332431323769,0.1375667568676231
2024-08-28 00:00:00+00:00,0.8643013402477381,0.13569865975226184
2024-08-29 00:00:00+00:00,0.8652857410958403,0.1347142589041597
2024-08-30 00:00:00+00:00,0.8667648807175942,0.1332351192824059
2024-08-31 00:00:00+00:00,0.8680269042790028,0.1319730957209973
2024-09-01 00:00:00+00:00,0.8682236535572315,0.1317763464427685
2024-09-02 00:00:00+00:00,0.8682171821457964,0.1317828178542037
2024-09-03 00:00:00+00:00,0.8713023991074902,0.12869760089250978
2024-09-04 00:00:00+00:00,0.8799219744771325,0.12007802552286742
2024-09-05 00:00:00+00:00,0.8810682198785909,0.11893178012140908
2024-09-06 00:00:00+00:00,0.8811062800571501,0.11889371994284989
2024-09-07 00:00:00+00:00,0.8867925863440272,0.11320741365597278
2024-09-08 00:00:00+00:00,0.8868461738420789,0.11315382615792109
2024-09-09 00:00:00+00:00,0.8876499121453485,0.11235008785465153
2024-09-10 00:00:00+00:00,0.8898743916124053,0.11012560838759473
2024-09-11 00:00:00+00:00,0.901152179743623,0.09884782025637696
2024-09-12 00:00:00+00:00,0.9048194732461045,0.09518052675389554
2024-09-13 00:00:00+00:00,0.9115507276357846,0.0884492723642154
2024-09-14 00:00:00+00:00,0.9129426827686611,0.08705731723133896
2024-09-15 00:00:00+00:00,0.9091409686209964,0.09085903137900372
2024-09-16 00:00:00+00:00,0.9097547901502424,0.09024520984975758
2024-09-17 00:00:00+00:00,0.9086921353415829,0.0913078646584171
2024-09-18 00:00:00+00:00,0.9133584866755233,0.08664151332447668
2024-09-19 00:00:00+00:00,0.9102082093316382,0.08979179066836188
2024-09-20 00:00:00+00:00,0.9086976101723763,0.09130238982762372
2024-09-21 00:00:00+00:00,0.9087632428263638,0.09123675717363629
2024-09-22 00:00:00+00:00,0.9081581312158171,0.09184186878418289
2024-09-23 00:00:00+00:00,0.877085105957696,0.12291489404230403
2024-09-24 00:00:00+00:00,0.8642073786873644,0.13579262131263553
2024-09-25 00:00:00+00:00,0.8651259797503884,0.13487402024961168
2024-09-26 00:00:00+00:00,0.8651901287493944,0.13480987125060565
2024-09-27 00:00:00+00:00,0.8661382212569889,0.133861778743011
2024-09-28 00:00:00+00:00,0.866170072036773,0.13382992796322699
2024-09-29 00:00:00+00:00,0.8663679466674618,0.13363205333253825
2024-09-30 00:00:00+00:00,0.8669260016727627,0.13307399832723726
2024-10-01 00:00:00+00:00,0.8728034236755354,0.12719657632446452
2024-10-02 00:00:00+00:00,0.8727462955558098,0.12725370444419004
2024-10-03 00:00:00+00:00,0.8728181845109017,0.1271818154890984
2024-10-04 00:00:00+00:00,0.8719704678833631,0.12802953211663687
2024-10-05 00:00:00+00:00,0.8704841731537903,0.1295158268462097
2024-10-06 00:00:00+00:00,0.8705941442743882,0.1294058557256118
2024-10-07 00:00:00+00:00,0.8719088632997687,0.12809113670023134
2024-10-08 00:00:00+00:00,0.8718661902701864,0.12813380972981353
2024-10-09 00:00:00+00:00,0.8719021633032672,0.12809783669673278
2024-10-10 00:00:00+00:00,0.8719769062481,0.12802309375190002
2024-10-11 00:00:00+00:00,0.8720746653701349,0.12792533462986505
2024-10-12 00:00:00+00:00,0.8720248788095833,0.12797512119041657
2024-10-13 00:00:00+00:00,0.8720599763767263,0.1279400236232737
2024-10-14 00:00:00+00:00,0.8721863408126155,0.1278136591873845
2024-10-15 00:00:00+00:00,0.8724268328620204,0.12757316713797964
2024-10-16 00:00:00+00:00,0.8781618898604759,0.1218381101395241
2024-10-17 00:00:00+00:00,0.8781485689176788,0.1218514310823212
2024-10-18 00:00:00+00:00,0.8757378536793224,0.12426214632067754
2024-10-19 00:00:00+00:00,0.8769203302961109,0.123079669703889
2024-10-20 00:00:00+00:00,0.8681256402679258,0.13187435973207426
2024-10-21 00:00:00+00:00,0.8725810409587419,0.12741895904125813
2024-10-22 00:00:00+00:00,0.8780459676033491,0.12195403239665083
2024-10-23 00:00:00+00:00,0.8609163315370468,0.1390836684629531
2024-10-24 00:00:00+00:00,0.8607811235643062,0.13921887643569372
2024-10-25 00:00:00+00:00,0.8578744154359775,0.14212558456402244
2024-10-26 00:00:00+00:00,0.8361243721608288,0.16387562783917128
2024-10-27 00:00:00+00:00,0.8246950350267905,0.1753049649732094
2024-10-28 00:00:00+00:00,0.8092848518417085,0.19071514815829163
2024-10-29 00:00:00+00:00,0.8063291704411167,0.19367082955888332
2024-10-30 00:00:00+00:00,0.8330095720579194,0.1669904279420806
2024-10-31 00:00:00+00:00,0.8087751942018766,0.19122480579812337
2024-11-01 00:00:00+00:00,0.8191159016790315,0.18088409832096855
2024-11-02 00:00:00+00:00,0.8117218117189555,0.18827818828104453
2024-11-03 00:00:00+00:00,0.8097388998675114,0.19026110013248876
2024-11-04 00:00:00+00:00,0.8074344548732092,0.19256554512679083
2024-11-05 00:00:00+00:00,0.8075347109716499,0.19246528902835008
2024-11-06 00:00:00+00:00,0.8053446157452631,0.19465538425473697
2024-11-07 00:00:00+00:00,0.8002038187156267,0.1997961812843733
2024-11-08 00:00:00+00:00,0.7318803817039536,0.2681196182960464
2024-11-09 00:00:00+00:00,0.7325085230907419,0.2674914769092583
2024-11-10 00:00:00+00:00,0.7322099199337796,0.26779008006622046
2024-11-11 00:00:00+00:00,0.7637642214481832,0.2362357785518168
2024-11-12 00:00:00+00:00,0.8069693522747389,0.1930306477252611
2024-11-13 00:00:00+00:00,0.7651412434772017,0.23485875652279825
2024-11-14 00:00:00+00:00,0.7647747720305789,0.23522522796942114
2024-11-15 00:00:00+00:00,0.7636658863932637,0.23633411360673634
2024-11-16 00:00:00+00:00,0.7597732479271878,0.24022675207281222
2024-11-17 00:00:00+00:00,0.7581386137576376,0.2418613862423624
2024-11-18 00:00:00+00:00,0.7581490113355874,0.24185098866441254
2024-11-19 00:00:00+00:00,0.7581689437014872,0.24183105629851276
2024-11-20 00:00:00+00:00,0.7584092770049898,0.24159072299501014
2024-11-21 00:00:00+00:00,0.7590713801420265,0.24092861985797354
2024-11-22 00:00:00+00:00,0.7653800083476665,0.2346199916523336
2024-11-23 00:00:00+00:00,0.7606163855384374,0.23938361446156262
2024-11-24 00:00:00+00:00,0.7610656051706309,0.23893439482936907
2024-11-25 00:00:00+00:00,0.7603149985714636,0.23968500142853644
2024-11-26 00:00:00+00:00,0.7640228087904093,0.23597719120959063
2024-11-27 00:00:00+00:00,0.7555139234902973,0.24448607650970267
2024-11-28 00:00:00+00:00,0.7549682058074144,0.24503179419258558
2024-11-29 00:00:00+00:00,0.7511502422050734,0.24884975779492652
2024-11-30 00:00:00+00:00,0.7510911625430569,0.24890883745694314
2024-12-01 00:00:00+00:00,0.7504824026721181,0.24951759732788192
2024-12-02 00:00:00+00:00,0.7499588573512068,0.2500411426487931
2024-12-03 00:00:00+00:00,0.7499268895467042,0.2500731104532958
2024-12-04 00:00:00+00:00,0.7490892141061923,0.2509107858938076
2024-12-05 00:00:00+00:00,0.749084933728642,0.25091506627135785
2024-12-06 00:00:00+00:00,0.7507080544473737,0.24929194555262646
2024-12-07 00:00:00+00:00,0.7493943789057754,0.2506056210942246
2024-12-08 00:00:00+00:00,0.7475184426937468,0.2524815573062532
2024-12-09 00:00:00+00:00,0.7457491193565142,0.25425088064348583
2024-12-10 00:00:00+00:00,0.7460568212744879,0.25394317872551203
2024-12-11 00:00:00+00:00,0.7413176100836509,0.25868238991634906
2024-12-12 00:00:00+00:00,0.7410091234277386,0.25899087657226133
2024-12-13 00:00:00+00:00,0.736622023286284,0.26337797671371593
2024-12-14 00:00:00+00:00,0.7367715937821554,0.2632284062178447
2024-12-15 00:00:00+00:00,0.736649325992428,0.26335067400757195
2024-12-16 00:00:00+00:00,0.7366115462571118,0.2633884537428882
2024-12-17 00:00:00+00:00,0.7357336728809223,0.2642663271190776
2024-12-18 00:00:00+00:00,0.7359586703967744,0.2640413296032255
2024-12-19 00:00:00+00:00,0.7392937030220089,0.26070629697799114
2024-12-20 00:00:00+00:00,0.732369553447163,0.26763044655283713
2024-12-21 00:00:00+00:00,0.7306675518116247,0.2693324481883753
2024-12-22 00:00:00+00:00,0.7302941992524505,0.2697058007475494
2024-12-23 00:00:00+00:00,0.7299955897065996,0.2700044102934004
2024-12-24 00:00:00+00:00,0.7298369621405653,0.2701630378594348
2024-12-25 00:00:00+00:00,0.7297383383269896,0.2702616616730103
2024-12-26 00:00:00+00:00,0.7296229634910892,0.27037703650891076
2024-12-27 00:00:00+00:00,0.7295759849839505,0.27042401501604946
2024-12-28 00:00:00+00:00,0.729269645828394,0.27073035417160596
2024-12-29 00:00:00+00:00,0.7292021127779356,0.27079788722206444
2024-12-30 00:00:00+00:00,0.7272566861425805,0.2727433138574195
2024-12-31 00:00:00+00:00,0.7273558442783632,0.27264415572163686
2025-01-01 00:00:00+00:00,0.7273190039910105,0.2726809960089896
2025-01-02 00:00:00+00:00,0.7273366986548372,0.27266330134516276
2025-01-03 00:00:00+00:00,0.7273580180258992,0.27264198197410083
2025-01-04 00:00:00+00:00,0.7273806366625005,0.2726193633374995
2025-01-05 00:00:00+00:00,0.7274043146498091,0.27259568535019085
2025-01-06 00:00:00+00:00,0.7274046004660611,0.272595399533939
2025-01-07 00:00:00+00:00,0.7274087019303058,0.2725912980696943
2025-01-08 00:00:00+00:00,0.7274006223016216,0.2725993776983785
2025-01-09 00:00:00+00:00,0.7269991462634102,0.2730008537365897
2025-01-10 00:00:00+00:00,0.7269080345535842,0.2730919654464158
2025-01-11 00:00:00+00:00,0.7267765615473876,0.2732234384526125
2025-01-12 00:00:00+00:00,0.7267998941673194,0.2732001058326806
2025-01-13 00:00:00+00:00,0.7267960138136036,0.27320398618639635
2025-01-14 00:00:00+00:00,0.7248147994919959,0.2751852005080041
2025-01-15 00:00:00+00:00,0.7248139788348472,0.2751860211651527
2025-01-16 00:00:00+00:00,0.7248286919892122,0.2751713080107878
2025-01-17 00:00:00+00:00,0.7243821420273436,0.27561785797265625
2025-01-18 00:00:00+00:00,0.7244678203950278,0.2755321796049722
2025-01-19 00:00:00+00:00,0.7237510004386802,0.27624899956131965
2025-01-20 00:00:00+00:00,0.7202492202256906,0.27975077977430923
2025-01-21 00:00:00+00:00,0.725403062222389,0.27459693777761096
2025-01-22 00:00:00+00:00,0.7253993794481711,0.2746006205518289
2025-01-23 00:00:00+00:00,0.7258181037692938,0.27418189623070627
2025-01-24 00:00:00+00:00,0.7264095929967964,0.2735904070032036
2025-01-25 00:00:00+00:00,0.7277025628174372,0.2722974371825628
2025-01-26 00:00:00+00:00,0.727676474753099,0.27232352524690084
2025-01-27 00:00:00+00:00,0.727642008618835,0.272357991381165
2025-01-28 00:00:00+00:00,0.7160884294760389,0.2839115705239611
2025-01-29 00:00:00+00:00,0.7186699503161174,0.28133004968388264
2025-01-30 00:00:00+00:00,0.713648019589393,0.28635198041060705
2025-01-31 00:00:00+00:00,0.715880618715735,0.28411938128426484
2025-02-01 00:00:00+00:00,0.7163842800111015,0.28361571998889845
2025-02-02 00:00:00+00:00,0.7164279442191055,0.28357205578089445
2025-02-03 00:00:00+00:00,0.7167455809557863,0.28325441904421367
2025-02-04 00:00:00+00:00,0.7173766326942271,0.2826233673057729
2025-02-05 00:00:00+00:00,0.7178258885181258,0.2821741114818743
2025-02-06 00:00:00+00:00,0.7350951628875987,0.2649048371124014
2025-02-07 00:00:00+00:00,0.7348973674008715,0.26510263259912853
2025-02-08 00:00:00+00:00,0.7349559487020658,0.26504405129793407
2025-02-09 00:00:00+00:00,0.7192961744497458,0.2807038255502542
2025-02-10 00:00:00+00:00,0.6256666257756951,0.37433337422430496
2025-02-11 00:00:00+00:00,0.6675159733023498,0.3324840266976502
2025-02-12 00:00:00+00:00,0.6678191592672857,0.33218084073271426
2025-02-13 00:00:00+00:00,0.668016782630466,0.33198321736953396
2025-02-14 00:00:00+00:00,0.6692142395710048,0.33078576042899527
2025-02-15 00:00:00+00:00,0.6727181686266804,0.3272818313733195
2025-02-16 00:00:00+00:00,0.6726713263060182,0.3273286736939818
2025-02-17 00:00:00+00:00,0.6714166317951766,0.32858336820482353
2025-02-18 00:00:00+00:00,0.6709838339259531,0.32901616607404693
2025-02-19 00:00:00+00:00,0.6662372226698533,0.33376277733014675
2025-02-20 00:00:00+00:00,0.6205745784039726,0.37942542159602743
2025-02-21 00:00:00+00:00,0.6323934494472844,0.3676065505527156
2025-02-22 00:00:00+00:00,0.6309905718093007,0.36900942819069926
2025-02-23 00:00:00+00:00,0.6319389729647966,0.3680610270352033
2025-02-24 00:00:00+00:00,0.6027054262084728,0.3972945737915272
2025-02-25 00:00:00+00:00,0.6240964292858505,0.3759035707141494
2025-02-26 00:00:00+00:00,0.6473099291454338,0.35269007085456605
2025-02-27 00:00:00+00:00,0.712863145685904,0.28713685431409586
2025-02-28 00:00:00+00:00,0.7138887346983149,0.2861112653016851
2025-03-01 00:00:00+00:00,0.7168664233599041,0.2831335766400958
2025-03-02 00:00:00+00:00,0.7180623724894064,0.28193762751059354
2025-03-03 00:00:00+00:00,0.7185968034370313,0.2814031965629687
2025-03-04 00:00:00+00:00,0.7206606982158319,0.2793393017841681
2025-03-05 00:00:00+00:00,0.720662252570657,0.27933774742934303
2025-03-06 00:00:00+00:00,0.7114865379340731,0.2885134620659269
2025-03-07 00:00:00+00:00,0.7151011360974895,0.28489886390251046
2025-03-08 00:00:00+00:00,0.7240490000816057,0.2759509999183944
2025-03-09 00:00:00+00:00,0.7240527441706118,0.2759472558293882
2025-03-10 00:00:00+00:00,0.7260129317377878,0.27398706826221225
2025-03-11 00:00:00+00:00,0.7495582910026073,0.2504417089973927
2025-03-12 00:00:00+00:00,0.7537113375845047,0.2462886624154953
2025-03-13 00:00:00+00:00,0.7862497868816842,0.21375021311831574
2025-03-14 00:00:00+00:00,0.787739555956486,0.21226044404351394
2025-03-15 00:00:00+00:00,0.7900245904962898,0.20997540950371021
2025-03-16 00:00:00+00:00,0.7900230637819787,0.20997693621802133
2025-03-17 00:00:00+00:00,0.8016633901380713,0.19833660986192878
2025-03-18 00:00:00+00:00,0.8065731874559632,0.19342681254403685
2025-03-19 00:00:00+00:00,0.7943204851562288,0.2056795148437712
2025-03-20 00:00:00+00:00,0.8711825304556989,0.12881746954430107
2025-03-21 00:00:00+00:00,0.9027139734421133,0.0972860265578868
2025-03-22 00:00:00+00:00,0.909065011403425,0.09093498859657496
2025-03-23 00:00:00+00:00,0.9091855663690939,0.09081443363090606
2025-03-24 00:00:00+00:00,0.9106103370928493,0.08938966290715078
2025-03-25 00:00:00+00:00,0.9106570777503331,0.08934292224966682
2025-03-26 00:00:00+00:00,0.9148005316695207,0.08519946833047919
2025-03-27 00:00:00+00:00,0.914945184533214,0.08505481546678584
2025-03-28 00:00:00+00:00,0.9193972238851625,0.08060277611483734
2025-03-29 00:00:00+00:00,0.9202769014741083,0.07972309852589171
2025-03-30 00:00:00+00:00,0.9205486272432187,0.07945137275678135
2025-03-31 00:00:00+00:00,0.9212934112507943,0.07870658874920573
2025-04-01 00:00:00+00:00,0.9216927571414839,0.07830724285851605
2025-04-02 00:00:00+00:00,0.9218423481832647,0.07815765181673524
2025-04-03 00:00:00+00:00,0.9221338454977087,0.07786615450229122
2025-04-04 00:00:00+00:00,0.9240221178123945,0.07597788218760557
2025-04-05 00:00:00+00:00,0.9244605973599014,0.07553940264009852
2025-04-06 00:00:00+00:00,0.9244602619918155,0.07553973800818461
2025-04-07 00:00:00+00:00,0.9261845879620231,0.07381541203797697
2025-04-08 00:00:00+00:00,0.9344925638501606,0.06550743614983938
2025-04-09 00:00:00+00:00,0.9463474298132495,0.05365257018675051
2025-04-10 00:00:00+00:00,0.9483459359119738,0.05165406408802619
2025-04-11 00:00:00+00:00,0.9520063491868761,0.047993650813123824
2025-04-12 00:00:00+00:00,0.9544318784143822,0.04556812158561787
2025-04-13 00:00:00+00:00,0.9544547524210754,0.04554524757892471
2025-04-14 00:00:00+00:00,0.9543449847245452,0.045655015275454694
2025-04-15 00:00:00+00:00,0.9543484537869046,0.045651546213095404
2025-04-16 00:00:00+00:00,0.9565796349135768,0.043420365086423156
2025-04-17 00:00:00+00:00,0.9673987609607156,0.032601239039284365
2025-04-18 00:00:00+00:00,0.9676606095722617,0.0323393904277383
2025-04-19 00:00:00+00:00,0.9897641824701705,0.010235817529829518
2025-04-20 00:00:00+00:00,0.9899446949834613,0.010055305016538753
2025-04-21 00:00:00+00:00,0.9889051775975757,0.011094822402424282
2025-04-22 00:00:00+00:00,0.9889051775975757,0.011094822402424282
2025-04-23 00:00:00+00:00,0.9902579131989278,0.009742086801072218
2025-04-24 00:00:00+00:00,0.9904158480961202,0.00958415190387975
2025-04-25 00:00:00+00:00,0.9904443750344534,0.009555624965546586
2025-04-26 00:00:00+00:00,0.9907376140394603,0.009262385960539686
2025-04-27 00:00:00+00:00,0.9907389375331382,0.009261062466861683
2025-04-28 00:00:00+00:00,0.9908594969134888,0.009140503086511258
2025-04-29 00:00:00+00:00,0.9909581707278577,0.009041829272142336
2025-04-30 00:00:00+00:00,0.9910326505923958,0.008967349407604151
2025-05-01 00:00:00+00:00,0.9910331480486817,0.0089668519513183
2025-05-02 00:00:00+00:00,0.9916268213604651,0.008373178639534915
2025-05-03 00:00:00+00:00,0.9916311392521484,0.008368860747851732
2025-05-04 00:00:00+00:00,0.9884362967128896,0.011563703287110363
2025-05-05 00:00:00+00:00,0.9767140498631199,0.023285950136880142
2025-05-06 00:00:00+00:00,0.9618180212354344,0.03818197876456554
2025-05-07 00:00:00+00:00,0.9606488510021539,0.03935114899784597
2025-05-08 00:00:00+00:00,0.9438559016570349,0.05614409834296516
2025-05-09 00:00:00+00:00,0.9546707520163201,0.04532924798367985
2025-05-10 00:00:00+00:00,0.9000638800707403,0.09993611992925958
2025-05-11 00:00:00+00:00,0.8999685029371389,0.10003149706286113
2025-05-12 00:00:00+00:00,0.893079396110628,0.10692060388937184
2025-05-13 00:00:00+00:00,0.8933007471430883,0.10669925285691176
2025-05-14 00:00:00+00:00,0.8895309767801728,0.11046902321982723
2025-05-15 00:00:00+00:00,0.8865408480873133,0.11345915191268682
2025-05-16 00:00:00+00:00,0.8856477716325147,0.11435222836748522
2025-05-17 00:00:00+00:00,0.8855792785515281,0.11442072144847198
2025-05-18 00:00:00+00:00,0.8854021161000305,0.11459788389996954
2025-05-19 00:00:00+00:00,0.8860297846893046,0.11397021531069543
2025-05-20 00:00:00+00:00,0.8704062542074594,0.1295937457925406
2025-05-21 00:00:00+00:00,0.8691661580697114,0.1308338419302886
2025-05-22 00:00:00+00:00,0.8683487593384522,0.13165124066154776
2025-05-23 00:00:00+00:00,0.8619703237052063,0.13802967629479362
2025-05-24 00:00:00+00:00,0.8643596628123806,0.13564033718761936
2025-05-25 00:00:00+00:00,0.8438708706552563,0.15612912934474368
2025-05-26 00:00:00+00:00,0.8439609681216285,0.15603903187837154
2025-05-27 00:00:00+00:00,0.8406128796329856,0.15938712036701444
2025-05-28 00:00:00+00:00,0.830372072999038,0.16962792700096202
2025-05-29 00:00:00+00:00,0.830590328399817,0.16940967160018297
2025-05-30 00:00:00+00:00,0.829645054929299,0.17035494507070098
2025-05-31 00:00:00+00:00,0.8248512448312325,0.17514875516876752
2025-06-01 00:00:00+00:00,0.8223873378537504,0.17761266214624957
2025-06-02 00:00:00+00:00,0.8221494670623881,0.17785053293761194
2025-06-03 00:00:00+00:00,0.8220719404597779,0.17792805954022203
2025-06-04 00:00:00+00:00,0.8220747678073206,0.17792523219267942
2025-06-05 00:00:00+00:00,0.8220262599111989,0.17797374008880107
2025-06-06 00:00:00+00:00,0.821944701339132,0.17805529866086797
2025-06-07 00:00:00+00:00,0.820655067545676,0.17934493245432406
2025-06-08 00:00:00+00:00,0.8198306820305872,0.18016931796941282
2025-06-09 00:00:00+00:00,0.818236336559897,0.181763663440103
2025-06-10 00:00:00+00:00,0.8168211927034975,0.18317880729650254
2025-06-11 00:00:00+00:00,0.8146459349345768,0.18535406506542315
2025-06-12 00:00:00+00:00,0.8146449428857603,0.18535505711423975
2025-06-13 00:00:00+00:00,0.8142600988806552,0.1857399011193448
2025-06-14 00:00:00+00:00,0.8131330665984757,0.18686693340152433
2025-06-15 00:00:00+00:00,0.8131291401302273,0.18687085986977267
2025-06-16 00:00:00+00:00,0.8130532546338057,0.18694674536619424
2025-06-17 00:00:00+00:00,0.8130561787443877,0.18694382125561232
2025-06-18 00:00:00+00:00,0.8129388283357585,0.18706117166424158
2025-06-19 00:00:00+00:00,0.8122921236944811,0.18770787630551886
2025-06-20 00:00:00+00:00,0.812374774033287,0.1876252259667131
2025-06-21 00:00:00+00:00,0.8123608505506231,0.18763914944937685
2025-06-22 00:00:00+00:00,0.8121027115031664,0.18789728849683365
2025-06-23 00:00:00+00:00,0.81271381801428,0.18728618198571992
2025-06-24 00:00:00+00:00,0.8125486456630058,0.18745135433699434
2025-06-25 00:00:00+00:00,0.8105463602054102,0.1894536397945899
2025-06-26 00:00:00+00:00,0.8105143195659882,0.18948568043401187
2025-06-27 00:00:00+00:00,0.8103958737960206,0.18960412620397943
2025-06-28 00:00:00+00:00,0.8103660042647881,0.18963399573521195
2025-06-29 00:00:00+00:00,0.8103687496502111,0.189631250349789
2025-06-30 00:00:00+00:00,0.8103724452432718,0.1896275547567283
2025-07-01 00:00:00+00:00,0.8102976694454013,0.1897023305545988
2025-07-02 00:00:00+00:00,0.8100836842997463,0.18991631570025377
2025-07-03 00:00:00+00:00,0.809834625993256,0.19016537400674416
2025-07-04 00:00:00+00:00,0.8089114137243795,0.19108858627562056
2025-07-05 00:00:00+00:00,0.8097483208010722,0.19025167919892783
2025-07-06 00:00:00+00:00,0.8081586832657434,0.19184131673425653
2025-07-07 00:00:00+00:00,0.8047901611146895,0.1952098388853105
2025-07-08 00:00:00+00:00,0.8047289729763011,0.1952710270236988
2025-07-09 00:00:00+00:00,0.8045904580500031,0.19540954194999688
2025-07-10 00:00:00+00:00,0.8046840379172854,0.19531596208271465
2025-07-11 00:00:00+00:00,0.815252521576058,0.18474747842394204
2025-07-12 00:00:00+00:00,0.7971508332145855,0.20284916678541454
2025-07-13 00:00:00+00:00,0.7958628074084433,0.20413719259155674
2025-07-14 00:00:00+00:00,0.7965989459971494,0.20340105400285063
2025-07-15 00:00:00+00:00,0.7963357974460396,0.2036642025539604
2025-07-16 00:00:00+00:00,0.7964780393046277,0.2035219606953723
2025-07-17 00:00:00+00:00,0.7926657996259224,0.20733420037407763
2025-07-18 00:00:00+00:00,0.7923585750056036,0.20764142499439647
2025-07-19 00:00:00+00:00,0.7922661608305399,0.20773383916946014
2025-07-20 00:00:00+00:00,0.7907154799996855,0.20928452000031433
2025-07-21 00:00:00+00:00,0.7906804478326414,0.20931955216735876
2025-07-22 00:00:00+00:00,0.7836579106032358,0.2163420893967643
2025-07-23 00:00:00+00:00,0.78269607089126,0.21730392910873997
2025-07-24 00:00:00+00:00,0.7780181884976753,0.22198181150232454
2025-07-25 00:00:00+00:00,0.7743017764884791,0.22569822351152088
2025-07-26 00:00:00+00:00,0.7740442225059738,0.2259557774940261
2025-07-27 00:00:00+00:00,0.7723981598411208,0.22760184015887924
2025-07-28 00:00:00+00:00,0.7715636838883407,0.22843631611165927
2025-07-29 00:00:00+00:00,0.7695551745123083,0.2304448254876919
2025-07-30 00:00:00+00:00,0.7678491534151922,0.23215084658480775
2025-07-31 00:00:00+00:00,0.761115220495665,0.2388847795043349
2025-08-01 00:00:00+00:00,0.7609871514127575,0.23901284858724256
2025-08-02 00:00:00+00:00,0.75710582305022,0.24289417694978002
2025-08-03 00:00:00+00:00,0.7513375225190514,0.2486624774809486
2025-08-04 00:00:00+00:00,0.7508170183077207,0.2491829816922794
2025-08-05 00:00:00+00:00,0.7492626938545386,0.25073730614546147
2025-08-06 00:00:00+00:00,0.7497376213832332,0.25026237861676676
2025-08-07 00:00:00+00:00,0.7015648793757483,0.2984351206242517
2025-08-08 00:00:00+00:00,0.7105675532920839,0.28943244670791607
2025-08-09 00:00:00+00:00,0.7062299914648666,0.29377000853513346
2025-08-10 00:00:00+00:00,0.7076487296411793,0.29235127035882064
2025-08-11 00:00:00+00:00,0.7028286669402205,0.2971713330597796
2025-08-12 00:00:00+00:00,0.7047378731026374,0.2952621268973627
2025-08-13 00:00:00+00:00,0.7053987307203212,0.2946012692796787
2025-08-14 00:00:00+00:00,0.7056451735590246,0.2943548264409755
2025-08-15 00:00:00+00:00,0.7125693107441711,0.287430689255829
2025-08-16 00:00:00+00:00,0.6946514813405718,0.30534851865942825
2025-08-17 00:00:00+00:00,0.6900717345411298,0.3099282654588702
2025-08-18 00:00:00+00:00,0.6911182154566422,0.3088817845433578
2025-08-19 00:00:00+00:00,0.6909509193162597,0.30904908068374026
2025-08-20 00:00:00+00:00,0.6834530905782663,0.31654690942173386
2025-08-21 00:00:00+00:00,0.671969321303793,0.32803067869620695
2025-08-22 00:00:00+00:00,0.6388035892544003,0.36119641074559966
2025-08-23 00:00:00+00:00,0.6517230353207997,0.34827696467920033
2025-08-24 00:00:00+00:00,0.6495767546155167,0.3504232453844833
2025-08-25 00:00:00+00:00,0.6507699453078907,0.34923005469210944
2025-08-26 00:00:00+00:00,0.6513857096190075,0.3486142903809925
2025-08-27 00:00:00+00:00,0.6512093530353968,0.34879064696460316
2025-08-28 00:00:00+00:00,0.6492463555235493,0.35075364447645085
2025-08-29 00:00:00+00:00,0.6527682721646009,0.34723172783539913
2025-08-30 00:00:00+00:00,0.6551052457451906,0.3448947542548094
2025-08-31 00:00:00+00:00,0.6550971241237535,0.34490287587624635
2025-09-01 00:00:00+00:00,0.6557891969397938,0.3442108030602061
2025-09-02 00:00:00+00:00,0.6568343484061075,0.3431656515938925
2025-09-03 00:00:00+00:00,0.6726681265831543,0.32733187341684566
2025-09-04 00:00:00+00:00,0.6726270132399482,0.3273729867600517
2025-09-05 00:00:00+00:00,0.6736670307375078,0.3263329692624922
2025-09-06 00:00:00+00:00,0.6744782259898754,0.32552177401012455
2025-09-07 00:00:00+00:00,0.674658804990122,0.32534119500987796
2025-09-08 00:00:00+00:00,0.6746605384400091,0.3253394615599909
2025-09-09 00:00:00+00:00,0.6768819938346439,0.3231180061653561
2025-09-10 00:00:00+00:00,0.6768569170345194,0.3231430829654804
2025-09-11 00:00:00+00:00,0.677113662879862,0.32288633712013803
2025-09-12 00:00:00+00:00,0.6779036668057599,0.3220963331942401
2025-09-13 00:00:00+00:00,0.6779165868460933,0.3220834131539067
2025-09-14 00:00:00+00:00,0.6779541088983759,0.3220458911016241
2025-09-15 00:00:00+00:00,0.6779629697786829,0.3220370302213172
2025-09-16 00:00:00+00:00,0.6783782296628692,0.32162177033713074
2025-09-17 00:00:00+00:00,0.6789077705458276,0.3210922294541725
2025-09-18 00:00:00+00:00,0.6788764476646136,0.3211235523353865
2025-09-19 00:00:00+00:00,0.6792755903020067,0.3207244096979933
2025-09-20 00:00:00+00:00,0.6812099846372861,0.31879001536271395
2025-09-21 00:00:00+00:00,0.6788310641582015,0.32116893584179856
2025-09-22 00:00:00+00:00,0.6789676977189275,0.32103230228107255
2025-09-23 00:00:00+00:00,0.6810874385060403,0.3189125614939597
2025-09-24 00:00:00+00:00,0.6810220860524421,0.31897791394755787
2025-09-25 00:00:00+00:00,0.681199415820931,0.318800584179069
2025-09-26 00:00:00+00:00,0.6811686580269795,0.31883134197302065
2025-09-27 00:00:00+00:00,0.6808064637565917,0.3191935362434084
2025-09-28 00:00:00+00:00,0.680802301531001,0.3191976984689991
2025-09-29 00:00:00+00:00,0.6809403349859564,0.31905966501404365
2025-09-30 00:00:00+00:00,0.6809355710379793,0.3190644289620207
2025-10-01 00:00:00+00:00,0.6810094514553267,0.3189905485446733
2025-10-02 00:00:00+00:00,0.6818835610735083,0.31811643892649155
2025-10-03 00:00:00+00:00,0.6801874827489356,0.3198125172510644
2025-10-04 00:00:00+00:00,0.6887045710402744,0.3112954289597256
2025-10-05 00:00:00+00:00,0.6857349736965268,0.31426502630347314
2025-10-06 00:00:00+00:00,0.6862604269739213,0.31373957302607874
2025-10-07 00:00:00+00:00,0.6861887985242718,0.31381120147572816
2025-10-08 00:00:00+00:00,0.6961881005223679,0.3038118994776321
2025-10-09 00:00:00+00:00,0.6337368062293045,0.36626319377069555
2025-10-10 00:00:00+00:00,0.6434512425469144,0.35654875745308545
2025-10-11 00:00:00+00:00,0.642437408873108,0.3575625911268919
2025-10-12 00:00:00+00:00,0.5314266773782713,0.46857332262172857
2025-10-13 00:00:00+00:00,0.5180650264799626,0.4819349735200374
2025-10-14 00:00:00+00:00,0.5170414623428197,0.4829585376571804
2025-10-15 00:00:00+00:00,0.5187847563464127,0.48121524365358725
2025-10-16 00:00:00+00:00,0.519286337129873,0.4807136628701269
2025-10-17 00:00:00+00:00,0.5195553440340431,0.4804446559659568
2025-10-18 00:00:00+00:00,0.520142155796934,0.47985784420306593
2025-10-19 00:00:00+00:00,0.520125164092884,0.4798748359071161
2025-10-20 00:00:00+00:00,0.5202007398088021,0.47979926019119795
2025-10-21 00:00:00+00:00,0.520219457785909,0.479780542214091
2025-10-22 00:00:00+00:00,0.524328791129947,0.47567120887005293
2025-10-23 00:00:00+00:00,0.5249263991070169,0.47507360089298306
2025-10-24 00:00:00+00:00,0.5249354764710094,0.4750645235289906
2025-10-25 00:00:00+00:00,0.5250693217166801,0.47493067828332
2025-10-26 00:00:00+00:00,0.5251639066141794,0.47483609338582067
2025-10-27 00:00:00+00:00,0.5266766135060369,0.47332338649396327
2025-10-28 00:00:00+00:00,0.527424593512197,0.47257540648780305
2025-10-29 00:00:00+00:00,0.5274120743783038,0.4725879256216962
2025-10-30 00:00:00+00:00,0.5274098925913031,0.47259010740869684
2025-10-31 00:00:00+00:00,0.5293770112120354,0.4706229887879645
2025-11-01 00:00:00+00:00,0.5322869480503633,0.4677130519496368
2025-11-02 00:00:00+00:00,0.5324486396684514,0.4675513603315486
2025-11-03 00:00:00+00:00,0.5342232101518256,0.4657767898481744
2025-11-04 00:00:00+00:00,0.5347714628141786,0.46522853718582136
2025-11-05 00:00:00+00:00,0.535858505889983,0.464141494110017
2025-11-06 00:00:00+00:00,0.5696217050844424,0.43037829491555757
2025-11-07 00:00:00+00:00,0.5734854734846326,0.42651452651536736
2025-11-08 00:00:00+00:00,0.5729674082621647,0.42703259173783537
2025-11-09 00:00:00+00:00,0.5731539864829576,0.4268460135170424
2025-11-10 00:00:00+00:00,0.5714797675534754,0.4285202324465246
2025-11-11 00:00:00+00:00,0.5710385142985996,0.4289614857014004
2025-11-12 00:00:00+00:00,0.5710296422975752,0.42897035770242464
2025-11-13 00:00:00+00:00,0.5531360151968255,0.4468639848031746
2025-11-14 00:00:00+00:00,0.5720711573727416,0.4279288426272584
2025-11-15 00:00:00+00:00,0.6412503764574258,0.35874962354257417
2025-11-16 00:00:00+00:00,0.6383033490013822,0.3616966509986177
2025-11-17 00:00:00+00:00,0.6427307724659937,0.3572692275340062
2025-11-18 00:00:00+00:00,0.652027223701583,0.34797277629841705
2025-11-19 00:00:00+00:00,0.6519250635898164,0.3480749364101836
2025-11-20 00:00:00+00:00,0.6558891644503605,0.3441108355496395
2025-11-21 00:00:00+00:00,0.6580658979216288,0.34193410207837116
2025-11-22 00:00:00+00:00,0.6745447258879582,0.3254552741120418
2025-11-23 00:00:00+00:00,0.6748537698661334,0.3251462301338666
2025-11-24 00:00:00+00:00,0.6799565515236874,0.32004344847631266
2025-11-25 00:00:00+00:00,0.6769784034991069,0.3230215965008931
2025-11-26 00:00:00+00:00,0.6766825928528846,0.3233174071471155
2025-11-27 00:00:00+00:00,0.6770015986919135,0.32299840130808655
2025-11-28 00:00:00+00:00,0.6747425159777556,0.3252574840222444
2025-11-29 00:00:00+00:00,0.6747225158399649,0.32527748416003516
2025-11-30 00:00:00+00:00,0.674356677898059,0.3256433221019411
2025-12-01 00:00:00+00:00,0.6739510978173502,0.32604890218264976
2025-12-02 00:00:00+00:00,0.6653327842366319,0.33466721576336816
2025-12-03 00:00:00+00:00,0.6615535659070488,0.3384464340929513
2025-12-04 00:00:00+00:00,0.6563052082823831,0.34369479171761674
2025-12-05 00:00:00+00:00,0.6554284202837467,0.34457157971625335
2025-12-06 00:00:00+00:00,0.6549844077009573,0.3450155922990426
2025-12-07 00:00:00+00:00,0.6547502964401105,0.3452497035598896
2025-12-08 00:00:00+00:00,0.6547639360210799,0.34523606397892015
2025-12-09 00:00:00+00:00,0.6547581619862369,0.345241838013763
2025-12-10 00:00:00+00:00,0.6547583865944454,0.34524161340555454
2025-12-11 00:00:00+00:00,0.6547529478829675,0.34524705211703266
2025-12-12 00:00:00+00:00,0.6547001965071448,0.34529980349285516
2025-12-13 00:00:00+00:00,0.6546985991927392,0.3453014008072607
2025-12-14 00:00:00+00:00,0.6545336138348559,0.34546638616514413
2025-12-15 00:00:00+00:00,0.6542754651063533,0.3457245348936467
2025-12-16 00:00:00+00:00,0.6541340866239632,0.3458659133760367
2025-12-17 00:00:00+00:00,0.6540651093644771,0.34593489063552296
2025-12-18 00:00:00+00:00,0.6536516779466509,0.34634832205334903
2025-12-19 00:00:00+00:00,0.6521744048802962,0.3478255951197039
2025-12-20 00:00:00+00:00,0.652162412173476,0.3478375878265239
2025-12-21 00:00:00+00:00,0.6520149131173936,0.3479850868826063
2025-12-22 00:00:00+00:00,0.652014930984542,0.3479850690154579
2025-12-23 00:00:00+00:00,0.6520633067426905,0.3479366932573094
2025-12-24 00:00:00+00:00,0.652062504734183,0.3479374952658169
2025-12-25 00:00:00+00:00,0.6520417328271725,0.34795826717282763
2025-12-26 00:00:00+00:00,0.6522001881581878,0.34779981184181225
2025-12-27 00:00:00+00:00,0.6521979095154763,0.3478020904845237
2025-12-28 00:00:00+00:00,0.6521985285801596,0.3478014714198404
2025-12-29 00:00:00+00:00,0.6522762371498548,0.34772376285014506
2025-12-30 00:00:00+00:00,0.6523364298801575,0.34766357011984256
2025-12-31 00:00:00+00:00,0.6523125994768366,0.3476874005231633
2026-01-01 00:00:00+00:00,0.651804221720751,0.34819577827924897
2026-01-02 00:00:00+00:00,0.6463490951604491,0.35365090483955086
2026-01-03 00:00:00+00:00,0.6479645360495505,0.3520354639504495
2026-01-04 00:00:00+00:00,0.6477117153972765,0.35228828460272354
2026-01-05 00:00:00+00:00,0.6478254552347584,0.3521745447652416
2026-01-06 00:00:00+00:00,0.6388342624716173,0.3611657375283826
2026-01-07 00:00:00+00:00,0.6463256572197815,0.35367434278021853
2026-01-08 00:00:00+00:00,0.6488962686946228,0.3511037313053772
2026-01-09 00:00:00+00:00,0.6501933279319672,0.3498066720680328
2026-01-10 00:00:00+00:00,0.7796258931191403,0.22037410688085965
2026-01-11 00:00:00+00:00,0.7796221216054466,0.2203778783945533
2026-01-12 00:00:00+00:00,0.7796248516616332,0.22037514833836677
2026-01-13 00:00:00+00:00,0.7795911095892302,0.22040889041076978
2026-01-14 00:00:00+00:00,0.7795763510094895,0.22042364899051045
2026-01-15 00:00:00+00:00,0.7780909033869532,0.2219090966130469
2026-01-16 00:00:00+00:00,0.7817232168269135,0.2182767831730865
2026-01-17 00:00:00+00:00,0.7816055135044445,0.21839448649555548
2026-01-18 00:00:00+00:00,0.7816349476140452,0.21836505238595477
2026-01-19 00:00:00+00:00,0.7816305571382117,0.2183694428617883
2026-01-20 00:00:00+00:00,0.7818489244495153,0.2181510755504847
2026-01-21 00:00:00+00:00,0.7817888857741073,0.21821111422589268
2026-01-22 00:00:00+00:00,0.7804855889094302,0.2195144110905698
2026-01-23 00:00:00+00:00,0.7803734517806191,0.21962654821938088
2026-01-24 00:00:00+00:00,0.7803700550428082,0.21962994495719174
2026-01-25 00:00:00+00:00,0.7803691740677683,0.21963082593223174
2026-01-26 00:00:00+00:00,0.7803771207940258,0.2196228792059743
2026-01-27 00:00:00+00:00,0.7827250070791586,0.21727499292084146
2026-01-28 00:00:00+00:00,0.7824936303645825,0.2175063696354175
2026-01-29 00:00:00+00:00,0.7825600897086209,0.21743991029137918
2026-01-30 00:00:00+00:00,0.7828235898036002,0.21717641019639974
2026-01-31 00:00:00+00:00,0.7813648561641461,0.2186351438358539
2026-02-01 00:00:00+00:00,0.8340976752982006,0.16590232470179944
2026-02-02 00:00:00+00:00,0.8107497879127662,0.18925021208723386
2026-02-03 00:00:00+00:00,0.8114670051553305,0.1885329948446695
2026-02-04 00:00:00+00:00,0.8067691860823265,0.19323081391767352
2026-02-05 00:00:00+00:00,0.8056624730563351,0.19433752694366502
2026-02-06 00:00:00+00:00,0.8366833668306785,0.16331663316932155
2026-02-07 00:00:00+00:00,0.7960395544172292,0.20396044558277082
2026-02-08 00:00:00+00:00,0.7863298623571765,0.21367013764282353
2026-02-09 00:00:00+00:00,0.7868824112383855,0.21311758876161443
2026-02-10 00:00:00+00:00,0.7867992120000267,0.21320078799997333
2026-02-11 00:00:00+00:00,0.7872636969798175,0.2127363030201825
2026-02-12 00:00:00+00:00,0.7862669941929509,0.21373300580704913
2026-02-13 00:00:00+00:00,0.7780033253711761,0.22199667462882391
2026-02-14 00:00:00+00:00,0.7795880244652238,0.22041197553477618
2026-02-15 00:00:00+00:00,0.7777370647145406,0.22226293528545935
2026-02-16 00:00:00+00:00,0.7763346135322087,0.2236653864677913
2026-02-17 00:00:00+00:00,0.7765641715496542,0.22343582845034582
2026-02-18 00:00:00+00:00,0.7760591352044695,0.2239408647955306
2026-02-19 00:00:00+00:00,0.7755983750851444,0.22440162491485569
2026-02-20 00:00:00+00:00,0.7732304280785102,0.22676957192148983
2026-02-21 00:00:00+00:00,0.7731058900874904,0.2268941099125095
2026-02-22 00:00:00+00:00,0.7707679429692672,0.22923205703073268
2026-02-23 00:00:00+00:00,0.7718549803529849,0.22814501964701506
2026-02-24 00:00:00+00:00,0.7724601458999659,0.22753985410003408
2026-02-25 00:00:00+00:00,0.7712352424111844,0.2287647575888157
2026-02-26 00:00:00+00:00,0.7736839688526936,0.22631603114730636
2026-02-27 00:00:00+00:00,0.7700916413450642,0.2299083586549358
2026-02-28 00:00:00+00:00,0.7700867740647498,0.2299132259352502
2026-03-01 00:00:00+00:00,0.7697314137416641,0.23026858625833596
2026-03-02 00:00:00+00:00,0.769312373009702,0.23068762699029793
2026-03-03 00:00:00+00:00,0.7723429479209919,0.22765705207900813
2026-03-04 00:00:00+00:00,0.7778535337874323,0.22214646621256773
2026-03-05 00:00:00+00:00,0.7791850898529459,0.22081491014705412
2026-03-06 00:00:00+00:00,0.7782553450678289,0.22174465493217116
2026-03-07 00:00:00+00:00,0.7783605960156753,0.22163940398432475
2026-03-08 00:00:00+00:00,0.7783652940413865,0.2216347059586134
2026-03-09 00:00:00+00:00,0.7784686010547233,0.22153139894527676
2026-03-10 00:00:00+00:00,0.7785010703517887,0.2214989296482113
2026-03-11 00:00:00+00:00,0.7786106561457445,0.22138934385425543
2026-03-12 00:00:00+00:00,0.7785401294772193,0.22145987052278068
2026-03-13 00:00:00+00:00,0.7785635661546064,0.22143643384539358
2026-03-14 00:00:00+00:00,0.7785945400256119,0.22140545997438807
2026-03-15 00:00:00+00:00,0.7785817233469526,0.22141827665304736
2026-03-16 00:00:00+00:00,0.7786041268979689,0.22139587310203113
2026-03-17 00:00:00+00:00,0.7785604027139478,0.22143959728605223
2026-03-18 00:00:00+00:00,0.7788111621407504,0.2211888378592495
2026-03-19 00:00:00+00:00,0.7791259547675056,0.22087404523249446
2026-03-20 00:00:00+00:00,0.7791162140301414,0.22088378596985847
2026-03-21 00:00:00+00:00,0.77943400211616,0.22056599788384001
2026-03-22 00:00:00+00:00,0.779428863570442,0.22057113642955803
2026-03-23 00:00:00+00:00,0.77946128795203,0.22053871204797015
2026-03-24 00:00:00+00:00,0.7794748358153953,0.22052516418460466
2026-03-25 00:00:00+00:00,0.7793284560904309,0.22067154390956914
2026-03-26 00:00:00+00:00,0.7793420432663238,0.22065795673367622
2026-03-27 00:00:00+00:00,0.7793070510899783,0.22069294891002172
2026-03-28 00:00:00+00:00,0.7793230507477568,0.22067694925224315
2026-03-29 00:00:00+00:00,0.779365363829169,0.22063463617083096
2026-03-30 00:00:00+00:00,0.7793693677470743,0.22063063225292576
2026-03-31 00:00:00+00:00,0.7793585352582473,0.2206414647417526
2026-04-01 00:00:00+00:00,0.7794344389326614,0.22056556106733852
2026-04-02 00:00:00+00:00,0.7793681361061114,0.22063186389388867
2026-04-03 00:00:00+00:00,0.7794622895877583,0.2205377104122416
2026-04-04 00:00:00+00:00,0.7795681808856229,0.22043181911437704
2026-04-05 00:00:00+00:00,0.779607598370963,0.22039240162903706
2026-04-06 00:00:00+00:00,0.7796722149188017,0.22032778508119824
2026-04-07 00:00:00+00:00,0.7794955771727173,0.2205044228272826
2026-04-08 00:00:00+00:00,0.779494543923749,0.22050545607625105
2026-04-09 00:00:00+00:00,0.7794072020065912,0.22059279799340886
2026-04-10 00:00:00+00:00,0.7794107463638558,0.22058925363614432
2026-04-11 00:00:00+00:00,0.7794102682160523,0.2205897317839477
2026-04-12 00:00:00+00:00,0.7793586476184438,0.22064135238155616
2026-04-13 00:00:00+00:00,0.7800805871874981,0.2199194128125019
2026-04-14 00:00:00+00:00,0.7801105288209771,0.21988947117902283
2026-04-15 00:00:00+00:00,0.7807440607624124,0.21925593923758754
2026-04-16 00:00:00+00:00,0.7795050977715167,0.22049490222848334
2026-04-17 00:00:00+00:00,0.7794802080836952,0.2205197919163047
2026-04-18 00:00:00+00:00,0.7804943176009624,0.2195056823990376
2026-04-19 00:00:00+00:00,0.784152611995908,0.21584738800409198
2026-04-20 00:00:00+00:00,0.7843011692262798,0.21569883077372026
2026-04-21 00:00:00+00:00,0.7843020934426237,0.21569790655737622
2026-04-22 00:00:00+00:00,0.7845440013742921,0.21545599862570777
2026-04-23 00:00:00+00:00,0.7847370784073574,0.21526292159264263
2026-04-24 00:00:00+00:00,0.7874899579337842,0.21251004206621574
2026-04-25 00:00:00+00:00,0.7874890969633104,0.21251090303668957
2026-04-26 00:00:00+00:00,0.7874835885764021,0.2125164114235978
2026-04-27 00:00:00+00:00,0.7865138537156016,0.21348614628439846
2026-04-28 00:00:00+00:00,0.7866285795695138,0.21337142043048618
2026-04-29 00:00:00+00:00,0.7867017318897317,0.21329826811026834
2026-04-30 00:00:00+00:00,0.786692923137931,0.21330707686206896
2026-05-01 00:00:00+00:00,0.7870879972024971,0.2129120027975029
2026-05-02 00:00:00+00:00,0.7505184667550877,0.24948153324491226
2026-05-03 00:00:00+00:00,0.763556132763228,0.23644386723677205
2026-05-04 00:00:00+00:00,0.7621446492033045,0.2378553507966956
2026-05-05 00:00:00+00:00,0.7644438620822342,0.23555613791776572
2026-05-06 00:00:00+00:00,0.7642799467094156,0.23572005329058449
2026-05-07 00:00:00+00:00,0.6248820620600581,0.37511793793994186
2026-05-08 00:00:00+00:00,0.7426004044071514,0.2573995955928486
2026-05-09 00:00:00+00:00,0.7925675025596733,0.20743249744032666
2026-05-10 00:00:00+00:00,0.7948405613235406,0.2051594386764593
2026-05-11 00:00:00+00:00,0.796246875295414,0.20375312470458598
2026-05-12 00:00:00+00:00,0.7956797451541058,0.20432025484589433
2026-05-13 00:00:00+00:00,0.7980202154231459,0.20197978457685417
2026-05-14 00:00:00+00:00,0.8022410272277565,0.1977589727722436
2026-05-15 00:00:00+00:00,0.8030344529893972,0.1969655470106028
2026-05-16 00:00:00+00:00,0.811909153735892,0.18809084626410794
2026-05-17 00:00:00+00:00,0.8122845055543232,0.18771549444567673
2026-05-18 00:00:00+00:00,0.8137622416502552,0.18623775834974476
2026-05-19 00:00:00+00:00,0.8137544403682669,0.18624555963173306
2026-05-20 00:00:00+00:00,0.8172098499644509,0.18279015003554905
2026-05-21 00:00:00+00:00,0.8193283084013705,0.18067169159862945
2026-05-22 00:00:00+00:00,0.8195824988773646,0.18041750112263538
2026-05-23 00:00:00+00:00,0.8207356818334111,0.1792643181665889
2026-05-24 00:00:00+00:00,0.821033259544494,0.17896674045550603
2026-05-25 00:00:00+00:00,0.8211002397755409,0.17889976022445914
2026-05-26 00:00:00+00:00,0.8343904787137026,0.16560952128629738
2026-05-27 00:00:00+00:00,0.8354099480209037,0.16459005197909626
2026-05-28 00:00:00+00:00,0.8741644743975522,0.1258355256024478
2026-05-29 00:00:00+00:00,0.8745410838661233,0.12545891613387666
2026-05-30 00:00:00+00:00,0.8839959173920784,0.1160040826079216
2026-05-31 00:00:00+00:00,0.8880834129076921,0.11191658709230792
2026-06-01 00:00:00+00:00,0.8884636315559252,0.11153636844407475
2026-06-02 00:00:00+00:00,0.9066051106457457,0.09339488935425422
2026-06-03 00:00:00+00:00,0.9329771243191092,0.06702287568089085
2026-06-04 00:00:00+00:00,0.8811202195431153,0.11887978045688474
2026-06-05 00:00:00+00:00,0.8708502977627737,0.1291497022372263
2026-06-06 00:00:00+00:00,0.8731602971472152,0.12683970285278484
2026-06-07 00:00:00+00:00,0.8564328186973589,0.1435671813026411
2026-06-08 00:00:00+00:00,0.8628504010917941,0.13714959890820597
2026-06-09 00:00:00+00:00,0.8509548770989823,0.14904512290101773
2026-06-10 00:00:00+00:00,0.8509810940798769,0.14901890592012315
2026-06-11 00:00:00+00:00,0.8481085494657826,0.15189145053421738
2026-06-12 00:00:00+00:00,0.8481114456007035,0.15188855439929658
2026-06-13 00:00:00+00:00,0.8401545262876154,0.15984547371238458
2026-06-14 00:00:00+00:00,0.8401692133725823,0.15983078662741776
2026-06-15 00:00:00+00:00,0.8388409950024269,0.16115900499757313
2026-06-16 00:00:00+00:00,0.8359347602525553,0.16406523974744475
2026-06-17 00:00:00+00:00,0.8351136231677323,0.1648863768322677
2026-06-18 00:00:00+00:00,0.8346204942610349,0.16537950573896512
2026-06-19 00:00:00+00:00,0.8327225189831445,0.1672774810168554
2026-06-20 00:00:00+00:00,0.8294662874792625,0.17053371252073743
2026-06-21 00:00:00+00:00,0.8288482361543379,0.17115176384566214
2026-06-22 00:00:00+00:00,0.8278890532763473,0.17211094672365265
2026-06-23 00:00:00+00:00,0.8268381199331728,0.17316188006682723
2026-06-24 00:00:00+00:00,0.8260089570627264,0.17399104293727358
2026-06-25 00:00:00+00:00,0.8239445585084955,0.17605544149150454
2026-06-26 00:00:00+00:00,0.8242929313025587,0.17570706869744132
2026-06-27 00:00:00+00:00,0.8225259757970314,0.17747402420296857
2026-06-28 00:00:00+00:00,0.8223386633399755,0.17766133666002443
2026-06-29 00:00:00+00:00,0.822344938676551,0.17765506132344908
2026-06-30 00:00:00+00:00,0.8223567364007051,0.177643263599295
2026-07-01 00:00:00+00:00,0.8221195965227178,0.17788040347728212
2026-07-02 00:00:00+00:00,0.8212486088104783,0.1787513911895216
2026-07-03 00:00:00+00:00,0.8201910198846087,0.17980898011539115
2026-07-04 00:00:00+00:00,0.8189766608128576,0.18102333918714247
2026-07-05 00:00:00+00:00,0.8184152705384491,0.18158472946155096
2026-07-06 00:00:00+00:00,0.8183906253267689,0.18160937467323116
2026-07-07 00:00:00+00:00,0.8183081121012435,0.18169188789875634
2026-07-08 00:00:00+00:00,0.8184075170368585,0.18159248296314137
2026-07-09 00:00:00+00:00,0.8183741731481551,0.1816258268518448
2026-07-10 00:00:00+00:00,0.8182804144502954,0.18171958554970463
2026-07-11 00:00:00+00:00,0.8180945516393825,0.18190544836061748
2026-07-12 00:00:00+00:00,0.8173716605885898,0.18262833941141016
2026-07-13 00:00:00+00:00,0.8173864401423063,0.18261355985769373
2026-07-14 00:00:00+00:00,0.8175068280304496,0.18249317196955048
2026-07-15 00:00:00+00:00,0.8171047643155787,0.18289523568442126
2026-07-16 00:00:00+00:00,0.8156995573818261,0.18430044261817385
2026-07-17 00:00:00+00:00,0.8145163301361455,0.1854836698638546
2026-07-18 00:00:00+00:00,0.8112859866813973,0.18871401331860263
2026-07-19 00:00:00+00:00,0.8110185764147003,0.18898142358529968
2026-07-20 00:00:00+00:00,0.8109730544371309,0.18902694556286928
2026-07-21 00:00:00+00:00,0.8110609678338164,0.18893903216618357
2026-07-22 00:00:00+00:00,0.8109481042277196,0.18905189577228043
2026-07-23 00:00:00+00:00,0.8080235579936909,0.19197644200630914
2026-07-24 00:00:00+00:00,0.8082017720484979,0.1917982279515022
2026-07-25 00:00:00+00:00,0.8082001285905669,0.19179987140943316
2026-07-26 00:00:00+00:00,0.808214616051577,0.1917853839484231
2026-07-27 00:00:00+00:00,0.808240515707317,0.19175948429268286
2026-07-28 00:00:00+00:00,0.8081756120961923,0.19182438790380774
2026-07-29 00:00:00+00:00,0.8081560351051155,0.1918439648948845
2026-07-30 00:00:00+00:00,0.808141331745387,0.19185866825461292
2026-07-31 00:00:00+00:00,0.8081554114920516,0.1918445885079483
2026-08-01 00:00:00+00:00,0.8081969391366479,0.19180306086335208
2026-08-02 00:00:00+00:00,0.8081916834826903,0.19180831651730956
2026-08-03 00:00:00+00:00,0.8047970851362592,0.19520291486374075
2026-08-04 00:00:00+00:00,0.8047345734807644,0.19526542651923556
2026-08-05 00:00:00+00:00,0.8047013928668195,0.1952986071331806
2026-08-06 00:00:00+00:00,0.8004956370137309,0.19950436298626906
2026-08-07 00:00:00+00:00,0.8006583338223249,0.19934166617767513
2026-08-08 00:00:00+00:00,0.8006589801503693,0.19934101984963074
2026-08-09 00:00:00+00:00,0.8006209254889609,0.199379074511039
2026-08-10 00:00:00+00:00,0.8006776355127783,0.19932236448722182
2026-08-11 00:00:00+00:00,0.800717943006478,0.19928205699352192
2026-08-12 00:00:00+00:00,0.8008819438007984,0.19911805619920175
2026-08-13 00:00:00+00:00,0.80103617530765,0.19896382469235005
2026-08-14 00:00:00+00:00,0.8011244819572364,0.19887551804276365
2026-08-15 00:00:00+00:00,0.8014562628889187,0.19854373711108136
2026-08-16 00:00:00+00:00,0.8015786384859941,0.19842136151400577
2026-08-17 00:00:00+00:00,0.8015978265404252,0.1984021734595749
2026-08-18 00:00:00+00:00,0.8016099438631623,0.1983900561368378
2026-08-19 00:00:00+00:00,0.8016140050197068,0.19838599498029327
2026-08-20 00:00:00+00:00,0.8016028735898023,0.19839712641019783
2026-08-21 00:00:00+00:00,0.8028152554916221,0.19718474450837783
2026-08-22 00:00:00+00:00,0.8283395209463013,0.17166047905369883
2026-08-23 00:00:00+00:00,0.8285335913082954,0.1714664086917047
2026-08-24 00:00:00+00:00,0.8285276602156905,0.17147233978430948
2026-08-25 00:00:00+00:00,0.8285166107007631,0.17148338929923682
2026-08-26 00:00:00+00:00,0.8304680485150449,0.16953195148495515
2026-08-27 00:00:00+00:00,0.8304050765442377,0.16959492345576227
2026-08-28 00:00:00+00:00,0.8303957091600085,0.16960429083999148
2026-08-29 00:00:00+00:00,0.8302500224717404,0.1697499775282597
2026-08-30 00:00:00+00:00,0.8303605745992465,0.16963942540075352
2026-08-31 00:00:00+00:00,0.82741726821598,0.17258273178401987
2026-09-01 00:00:00+00:00,0.7846511862867105,0.21534881371328948
