time,gross_return,net_return,gross_nav,net_nav,price_pnl,fee,sampled_spread_cost,funding_cost,turnover
2025-03-01 00:00:00+00:00,-0.01177283729446217,-0.012321366145682668,9882.27162705538,9876.786338543174,-117.7283729446217,4.65987995875011,0.7900103427114072,0.035398210743456775,0.931975991750022
2025-03-02 00:00:00+00:00,-0.029947379362278804,-0.030324274894281224,9586.323489678867,9577.279954541109,-295.9481373765116,3.1448714753851594,0.7234803024420141,-0.310105152274278,0.6364673212938667
2025-03-03 00:00:00+00:00,0.003941420895536287,0.0036117155864517133,9624.107225392458,9611.870365828736,37.78373571359062,2.3999222534255575,0.36926326148604954,0.4241389110513345,0.5006971141771792
2025-03-04 00:00:00+00:00,-0.005899564478582813,-0.0061390120754255435,9567.32918426746,9552.862977585488,-56.778041124997536,1.7605276674574666,0.37692860532708905,0.09189084546545882,0.3658578663405685
2025-03-05 00:00:00+00:00,0.0009012518174208288,0.0006601634868484321,9575.951757082645,9559.169428918156,8.622572815184384,2.751674487816407,0.3556266551379576,-0.7911796604381116,0.5752231233647249
2025-03-06 00:00:00+00:00,0.002999185644171809,0.0028787543483750973,9604.671814121768,9586.687929478509,28.720057039124075,1.7929728925728694,0.21435165818771412,-0.8057680719889448,0.37447408634796764
2025-03-07 00:00:00+00:00,-0.005209732892189649,-0.005299697048667325,9554.63403945305,9535.881387752157,-50.037774668717006,1.293664517744093,0.1907603288576467,-0.7156577889668212,0.269382347003677
2025-03-08 00:00:00+00:00,-0.0019582169392576036,-0.0021519474036999922,9535.923993228587,9515.360672557792,-18.710046224464264,1.7651611556072078,0.24155983355621435,-0.1960520192633471,0.36948796747599
2025-03-09 00:00:00+00:00,0.006202384237545349,0.006126505324207141,9595.069457894619,9573.656580379968,59.14546466603149,1.0471457574877592,0.11100391040184733,-0.30859282403467136,0.2196212466104663
2025-03-10 00:00:00+00:00,0.007080177935423691,0.006924711466014077,9663.004256959262,9639.951389873806,67.93479906464323,2.0643653784904834,0.29822259442333193,-0.722598402108872,0.43029712031776224
2025-03-11 00:00:00+00:00,-0.0023229952158065597,-0.002468910335145657,9640.557144300028,9616.151214257045,-22.447112659234786,1.6289261727041717,0.2648408575039305,-0.5407040726817124,0.3371469429977793
2025-03-12 00:00:00+00:00,-0.0035618993056913315,-0.003638220311600277,9606.218450501268,9581.165537589915,-34.33869379875988,1.3458391663029117,0.21493349462785377,-0.9137897925609986,0.2792036074592718
2025-03-13 00:00:00+00:00,0.008119459546996515,0.008021432100931467,9684.215752609725,9658.020206397478,77.9973021084566,1.429775614318905,0.3604317723438524,-0.6475740857682006,0.2976770977437635
2025-03-14 00:00:00+00:00,-0.0029349077330950517,-0.002937804965178884,9655.79347290843,9629.646826681324,-28.4222797012952,0.652010105504876,0.10703843918121868,-0.8079485298287911,0.13465418825043646
2025-03-15 00:00:00+00:00,-0.0019967299150531535,-0.0021821074607030703,9636.513461227498,9608.633902496887,-19.280011680931242,2.438638425250748,0.5328080891948364,-1.2385340109398633,0.5051140399994913
2025-03-16 00:00:00+00:00,0.004060939170127752,0.0036807244549291384,9675.64675620566,9644.000636280269,39.133294978162105,2.9066151253904375,0.6341926182516009,0.2257534511385657,0.6032503637514129
2025-03-17 00:00:00+00:00,-0.0022820379617899864,-0.0026346914797529676,9653.566563003129,9618.59166997313,-22.080193202531458,2.2715885664143984,0.6445359017312562,0.41264863646270894,0.4695476434084309
2025-03-18 00:00:00+00:00,-0.005940789329810301,-0.006219601995133041,9596.216757771026,9558.767858032195,-57.34980523210248,2.1192388861544695,0.3536015361516039,0.0011662865263696587,0.4390582221241131
2025-03-19 00:00:00+00:00,-0.013794422678187567,-0.014214529748626786,9463.842487702826,9422.89446795398,-132.37427006820022,3.233587149405799,0.8299173000616371,-0.5643844394514568,0.6739295768381298
2025-03-20 00:00:00+00:00,0.0007772733445187833,0.00045651973469273434,9471.198480205243,9427.196205236529,7.355992502415738,3.0610372226415623,0.5426167740361151,-0.5493987768099245,0.6468909909730699
2025-03-21 00:00:00+00:00,0.0009569497451904897,0.0006975877896816376,9480.261941177523,9433.772502200234,9.06346097228096,2.4359741238544417,0.2723741107198273,-0.2211842259993797,0.5143961725531601
2025-03-22 00:00:00+00:00,0.005606832648124832,0.00540550690940992,9533.416183342093,9484.766824642678,53.15424216456944,1.9867065137071955,0.20394245486684265,-0.03072924644927657,0.419124814490185
2025-03-23 00:00:00+00:00,-0.004418220584741531,-0.004830248230879059,9491.295447717943,9438.953046467648,-42.12073562415008,3.268774586173814,0.6080855032633338,-0.18381753855653582,0.6857509466303174
2025-03-24 00:00:00+00:00,-0.009995391679820846,-0.010326968422453018,9396.426232169102,9341.47727641576,-94.8692155488414,2.5253425197943753,0.543436884010172,-0.4622249007578264,0.5321386387569593
2025-03-25 00:00:00+00:00,-0.0015886660653712742,-0.0019904292319030876,9381.49844867829,9322.883726975624,-14.927783490811514,3.788094732451113,0.4996710799773142,-0.6219998631035761,0.8062841422587652
2025-03-26 00:00:00+00:00,0.0053604124147532475,0.0048887080130269765,9431.787149431573,9368.46058335621,50.28870075328344,3.9774282124118483,0.6588778935716921,0.0755382667153644,0.8479302606444937
2025-03-27 00:00:00+00:00,0.0012339522278718405,0.0010963635474559403,9443.425524197428,9378.73182203558,11.638374765854085,1.6190512487949722,0.23693821778755528,-0.48885338009800583,0.3433180208890842
2025-03-28 00:00:00+00:00,-0.005886214519011471,-0.006253116443201319,9387.839495767694,9320.085519862832,-55.58602842973441,2.263425264302469,0.5350317318274833,0.26181674688178097,0.479365302030024
2025-03-29 00:00:00+00:00,-0.005238868348944497,-0.005752880893936871,9338.657840568345,9266.468177945755,-49.18165519934844,3.600566008126733,0.5451366923005798,0.28998401730082507,0.7670702102970489
2025-03-30 00:00:00+00:00,-0.0015838344552364008,-0.0017119466507954097,9323.866952514789,9250.604478783818,-14.790888053555706,3.6514966609874877,0.651202101013626,-3.2298876536203434,0.7820174426189834
2025-03-31 00:00:00+00:00,7.158838957009616e-05,3.6108670158733615e-05,9324.534433134486,9250.938505809712,0.667480619696374,1.1208436333328478,0.3794553282032318,-1.1668453677330144,0.24042463047599347
2025-04-01 00:00:00+00:00,-0.0002623074499459431,-0.0004936087860748877,9322.088538285398,9246.372161283805,-2.4458948490886474,2.1625319054244656,0.5827659971054968,-0.6248482257124428,0.46383697136448243
2025-04-02 00:00:00+00:00,0.007280907600792878,0.0070584650794708785,9389.961803579065,9311.637356296018,67.87326529366632,2.0020423699873158,0.47585041942708245,0.1301774920385172,0.4295265726698514
2025-04-03 00:00:00+00:00,0.0019337813374490026,0.001767377781640665,9408.119936474184,9328.09453727023,18.158132895120172,1.257860393416238,0.38038708096682083,0.0627044465243096,0.2679159765989237
2025-04-04 00:00:00+00:00,0.0023579194538116254,0.0022142132447862083,9430.30352549619,9348.748927743272,22.183589022005474,1.5198214147232412,0.28317249817095624,-0.2737953639303436,0.3230871683153338
2025-04-05 00:00:00+00:00,0.0005218362637124927,0.0002909349469656183,9435.224599853611,9351.46880551676,4.9210743574196805,1.989154759345342,0.3613378515949483,-0.1492960270084797,0.4218644190968772
2025-04-06 00:00:00+00:00,0.01007526427639358,0.009909060326714847,9530.286981204266,9444.133074054018,95.062381350655,1.795766141703741,0.2683215178316472,0.33402515386200216,0.38065148798505605
2025-04-07 00:00:00+00:00,-0.0010410080470766576,-0.0013282621269320627,9520.365875765883,9431.588789770045,-9.921105438383549,1.8988616798181497,0.44540046501014985,0.2789167007605795,0.3984899266020226
2025-04-08 00:00:00+00:00,0.009799718070359729,0.009693777916788267,9613.662777275062,9523.016516900545,93.29690150917905,2.3882751272928577,0.5158489469535646,-1.0349496955680229,0.5017191898837036
2025-04-09 00:00:00+00:00,-0.0015592552040583918,-0.0018133230546195987,9598.672623559532,9505.748211500926,-14.990153715528592,1.4484396482962367,0.32074807316468545,0.5089639626294709,0.3013294062529597
2025-04-10 00:00:00+00:00,0.012293511831026524,0.01196197437883962,9716.674019019412,9619.455728058601,118.00139545987952,2.3015692800611394,0.6862844604542977,1.3060251616894603,0.47955990798395093
2025-04-11 00:00:00+00:00,-0.0002442654531126107,-0.0005267284754863063,9714.300571237409,9614.388886807954,-2.373447782003309,1.881620158039156,0.6168428211210001,0.19493048948485936,0.38729716657285684
2025-04-12 00:00:00+00:00,-0.0007400652811910583,-0.0010447451621797006,9707.111354653582,9604.344300531147,-7.189216583827271,1.9691784334689202,0.6242796540677296,0.2619116054429653,0.4054184691998028
2025-04-13 00:00:00+00:00,0.003911854525963519,0.0037968296672759427,9745.084162140316,9640.810359906136,37.97280748673348,1.470386461477545,0.36998585947340923,-0.3336242092067494,0.3029503644815289
2025-04-14 00:00:00+00:00,-0.005601357790679753,-0.005923577890597738,9690.498459047882,9583.70226881075,-54.58570309243453,1.637897432607357,0.4390504794006767,0.4454400909430476,0.3361484427134234
2025-04-15 00:00:00+00:00,0.0028980948995863108,0.0027128722876726213,9718.582443206496,9609.701629109111,28.08398415861567,1.8912679261369723,0.4956070600550925,-0.30225112593830455,0.3903344980920196
2025-04-16 00:00:00+00:00,0.005198913096260102,0.005137945585757992,9769.108508747566,9659.075753174844,50.52606554106975,0.9917241050985482,0.20421438534545389,-0.04399701510679695,0.2040882218973787
2025-04-17 00:00:00+00:00,-0.0020394623681956607,-0.0022269081608741344,9749.184779573156,9637.565878553598,-19.923729174410692,0.9890035222021115,0.2215975081950807,0.37554441643865,0.20247569597912168
2025-04-18 00:00:00+00:00,-0.005217017911620172,-0.0055073665657962316,9698.323107954428,9584.488270458392,-50.86167161872791,1.9905729731326298,0.3841490896193115,-0.15878558627518352,0.4083568048281022
2025-04-19 00:00:00+00:00,-0.0005916810764815325,-0.0002858517366828668,9692.584793697848,9581.748527841066,-5.738314256580198,3.469830915084789,0.6176250776430432,-7.086027631980931,0.7155527561747004
2025-04-20 00:00:00+00:00,0.0003850596738506327,0.00046911182694341183,9696.31701723728,9586.243439398273,3.732223539430896,3.5193702178028485,0.8111801026567785,-5.093238338236601,0.7261984894042206
2025-04-21 00:00:00+00:00,0.0035136517347550515,0.0034747550164862086,9730.38649834563,9619.55328687858,34.06948110835069,1.1664569397081266,0.2575141151416689,-0.6643374268062523,0.24059793788394082
2025-04-22 00:00:00+00:00,-0.00830998306008075,-0.008744627202370988,9649.527151376338,9535.433879531483,-80.85934696929063,2.9755247538715204,0.667637576743539,-0.38310195281001946,0.6115943604865895
2025-04-23 00:00:00+00:00,-0.02417018756626003,-0.024531645029446592,9416.296270201854,9301.51400039706,-233.23088117448495,2.547435683176268,0.3075225441775998,-2.1659602674136855,0.5279918162234344
2025-04-24 00:00:00+00:00,0.004459044095581297,0.004195263716437028,9458.283950487741,9340.536304590856,41.98768028588776,3.667672020691909,0.6700276821425758,-1.3723236107435381,0.7790052299646444
2025-04-25 00:00:00+00:00,0.006504939418208415,0.0062884625947068765,9519.809514585877,9399.273917756778,61.52556409813572,2.3412239289066843,0.3735205937378692,0.07320640956996147,0.4950631512360026
2025-04-26 00:00:00+00:00,-0.001465293443577638,-0.0017308007797119025,9505.860200120047,9383.005647131198,-13.949314465830703,1.9824504294020606,0.5026658647517019,-0.16616013440528524,0.416489516174589
2025-04-27 00:00:00+00:00,-0.0058519623027353555,-0.00631917252646802,9450.232264573871,9323.712815630153,-55.627935546174875,3.1386285669293117,0.7357139774323843,-0.20944658949082023,0.6603565591864426
2025-04-28 00:00:00+00:00,0.00707561699472116,0.006843054436035052,9517.098488589152,9387.515489973468,66.86622401528112,2.692147984560431,0.47290194208033554,-0.10150025467443322,0.5697527656865108
2025-04-29 00:00:00+00:00,-0.01066324209965996,-0.011259437129662254,9415.615363319019,9281.817349510382,-101.48312527013402,3.3868424200529197,0.5738522687784673,0.2543205041214136,0.7117384408942893
2025-04-30 00:00:00+00:00,0.00030001494896208576,-1.1169469211978918e-05,9418.440188681692,9281.713676537265,2.8248253626727857,1.870979691478533,0.5481660283020051,0.5093526160088155,0.3974205868195129
2025-05-01 00:00:00+00:00,-0.0056066054164625526,-0.006055121230471094,9365.6347109052,9225.51177499931,-52.80547777649136,3.278814365798963,0.8851013108319559,-0.7674919151675764,0.6962542204683048
2025-05-02 00:00:00+00:00,0.008552722846924495,0.008484961493706126,9445.736388873109,9303.78988716991,80.10167796790799,2.136282694384781,0.38312875930665663,-0.6958456563850272,0.4561960316255611
2025-05-03 00:00:00+00:00,-0.015076462720792688,-0.015524910810278948,9303.328096335828,9159.349378974022,-142.40829253728037,1.8903943222679904,0.41335401831037244,-0.2715326819706323,0.4002640438907098
2025-05-04 00:00:00+00:00,0.0018949076368178237,0.001470028172315901,9320.957043793396,9172.813880601198,17.628947457568586,3.175484477165089,0.5432167773092876,0.44574457591824357,0.6826555925541898
2025-05-05 00:00:00+00:00,0.002054408566133201,0.0018532816452472387,9340.106097788725,9189.813688201384,19.14905399532875,2.0416615147256905,0.5683693439608346,-0.4607844635450722,0.43807980342215697
2025-05-06 00:00:00+00:00,0.006431793865257047,0.0064907142271016455,9400.179734889332,9249.462142651806,60.073637100607456,1.0258357367391093,0.21559483217639228,-0.8162479187302203,0.21966254472890334
2025-05-07 00:00:00+00:00,0.0002303598231275686,-1.604343901866235e-05,9402.345158630429,9249.313749469966,2.165423741096461,1.8809547130476536,0.37857100304535146,0.054291206844516396,0.4001954784048175
2025-05-08 00:00:00+00:00,-0.01787276706373661,-0.018319614914096817,9234.299233757376,9079.869883360016,-168.0459248730533,1.0751955678893437,0.33852918799132414,-0.015783518983264105,0.22870795524931772
2025-05-09 00:00:00+00:00,-0.014515289407532703,-0.015061988891956774,9100.26070790363,8943.108984036435,-134.0385258537458,2.4258479847212486,0.4060442305861005,-0.10951874547175644,0.5253994750036245
2025-05-10 00:00:00+00:00,-0.017237571946637747,-0.017954804509476324,8943.39430921798,8782.537210521119,-156.8663986856494,3.0015173198975664,0.7774659779709181,-0.07360846820224164,0.6596552376330781
2025-05-11 00:00:00+00:00,0.0012556900834897588,0.0009898106254230892,8954.624440764803,8791.230259170266,11.230131546823758,2.20518176066647,0.4700580899390203,-0.13815695292919428,0.49314201843780575
2025-05-12 00:00:00+00:00,-0.00506935431041497,-0.005617080654050649,8909.230276757864,8741.849209756176,-45.39416400693829,3.3887651148116724,0.7598026644132218,-0.16168237207320643,0.7568748722469577
2025-05-13 00:00:00+00:00,0.010294230102682492,0.009981882178396078,9000.943943264596,8829.109318589266,91.71366650673107,3.6915887648325523,0.7730418147260965,-0.0110729059185867,0.8287110446483933
2025-05-14 00:00:00+00:00,-0.0020136137316315644,-0.0025296177429697847,8982.819518942792,8806.775047002342,-18.124424321803552,3.4446197848248397,0.7187106304014754,0.046516849893403316,0.7653907871301537
2025-05-15 00:00:00+00:00,-0.002666250135331763,-0.0032192821580293756,8958.86907518475,8778.423553223749,-23.95044375804202,3.442400377151298,0.6188235534496679,0.33982608994996855,0.7664409531755664
2025-05-16 00:00:00+00:00,0.00042862442681487517,2.6315992423547792e-05,8962.70906530701,8778.654566151466,3.8399901222605743,2.8514308811391462,0.6576985607914063,0.09984775261269213,0.6365604536039822
2025-05-17 00:00:00+00:00,0.0007745711085519506,0.00047825064233590327,8969.651320803354,8782.852963336574,6.942255496343467,2.336258882693355,0.38554653754724005,0.022052890995922884,0.5213287334599717
2025-05-18 00:00:00+00:00,0.00163113769497145,0.0013819138761112008,8984.282057183467,8794.990109718454,14.630736380112804,2.229991118576111,0.4746635363123086,-0.21106465665480612,0.497230279933866
2025-05-19 00:00:00+00:00,0.002566149131425195,0.0024282495053019383,9007.337064780988,8816.346540101513,23.05500759752032,1.5637125192408587,0.43565098502059546,-0.3007862898004102,0.3480996053525674
2025-05-20 00:00:00+00:00,-0.001474768814702661,-0.0017288808917144546,8994.053324974333,8801.104127033599,-13.283739806654404,1.5816762955783998,0.47211655557486426,-0.09511958989331609,0.35119731485630995
2025-05-21 00:00:00+00:00,-0.001587951321077907,-0.0019479492613597622,8979.771206115094,8783.960022750194,-14.282118859238135,2.3957839427357244,0.5980966628444347,-0.1318951814128414,0.5327484408132662
2025-05-22 00:00:00+00:00,-0.006632305998395182,-0.0070060145268691695,8920.214615680561,8722.419471227367,-59.55659043453348,1.6104423421444125,0.42116279884315316,-0.04764405269514443,0.35868226599085834
2025-05-23 00:00:00+00:00,0.007464131505319365,0.007380482724192771,8986.796270627672,8786.795137447923,66.58165494711155,1.7773911136208795,0.43505921183884666,-0.006461598904408408,0.39850859877215516
2025-05-24 00:00:00+00:00,-0.002222537187532671,-0.00263046515561863,8966.822781719422,8763.681779009308,-19.973488908249923,2.3237992990719394,0.6847707383438782,0.13129949295023435,0.5171585577536713
2025-05-25 00:00:00+00:00,0.0013073971947585366,0.0010167561805850555,8978.545980670138,8772.592306622797,11.72319895071691,2.2731381775083044,0.5758283290495696,-0.036295169329311705,0.5070108404824348
2025-05-26 00:00:00+00:00,0.0010137213707101772,0.0007872861938042562,8987.647724608647,8779.498847429675,9.101743938509285,1.7939126911321164,0.518209821743522,-0.11691938124391521,0.39959982273170314
2025-05-27 00:00:00+00:00,0.007036288714299922,0.006954282348549055,9050.887408861414,8840.553961293463,63.2396842527672,2.0419929403557333,0.5062033754919284,-0.36362592686742734,0.45439986143752614
2025-05-28 00:00:00+00:00,0.0016654641709899444,0.0013849633846458615,9065.961337556537,8852.79780482984,15.073928695122701,2.366703749030134,0.6226176410593542,-0.15923623134416104,0.5229771716556711
2025-05-29 00:00:00+00:00,0.008081845835298158,0.007964736000314967,9139.231039435443,8923.308002209476,73.26970187890541,2.4923624035867356,0.5865963070577539,-0.3194542113766251,0.5498285974950955
2025-05-30 00:00:00+00:00,0.0003380569768465499,-0.00013646386252936762,9142.320620251336,8922.090293132957,3.0895808158936973,3.0811611911047256,0.9114675510164971,0.3146611502931944,0.6742714300162956
2025-05-31 00:00:00+00:00,-0.01028380374063883,-0.010933200290564308,9048.302789258676,8824.543292947634,-94.0178309926602,2.8441702652203515,0.6181819555576514,0.06681697188404437,0.6221987574839968
2025-06-01 00:00:00+00:00,0.007216685909557587,0.006986882674662568,9113.60154850333,8886.19934159294,65.2987592446537,2.9748712485229665,0.7266396173846357,-0.05880026655949413,0.6575534258324033
2025-06-02 00:00:00+00:00,0.002486314569676164,0.002489109568390184,9136.260828815597,8908.318065400721,22.65928031226708,0.5313771209302066,0.10695924814232476,-0.09777986458698909,0.11661188348035062
2025-06-03 00:00:00+00:00,0.0026954480923075774,0.002646354291979933,9160.887145637453,8931.892631147417,24.626316821855447,0.9574597597054784,0.2465251661532663,-0.15223385069886614,0.2095955397170072
2025-06-04 00:00:00+00:00,0.013423092412590022,0.013603134480121182,9283.854580374653,9053.39436777092,122.96743473719955,1.0933706689236746,0.22067181235014363,0.1516556324240056,0.23870410180619978
2025-06-05 00:00:00+00:00,0.00030464427354876645,0.00027514335132398964,9286.682853509023,9055.885349038126,2.828273134370624,0.46730180484875566,0.10078244896501101,-0.23079238664936574,0.10066978124293229
2025-06-06 00:00:00+00:00,-0.011124540177612934,-0.011512794579852288,9183.372776988412,8951.626801275956,-103.31007652061025,1.1715492511052266,0.2508321442990225,-0.473910153844626,0.2523073673529296
2025-06-07 00:00:00+00:00,-0.0010445549204313688,-0.0007978336480467359,9173.780239768053,8944.48489220914,-9.592537220358729,1.390005973559398,0.3339791291565844,-4.174613256259781,0.3027223237724725
2025-06-08 00:00:00+00:00,3.894365657554092e-05,0.00015870055489225493,9174.13750031521,8945.90438692476,0.3572605471570105,1.348116656384935,0.20669386023470115,-2.6170446850816074,0.2939064641075423
2025-06-09 00:00:00+00:00,-0.001101256870258682,-0.0009628567277366918,9164.03441836429,8937.29076270012,-10.103081950919936,1.2428110290190841,0.19723334449066826,-2.929502099789998,0.2709379555247309
2025-06-10 00:00:00+00:00,0.000377415607294472,0.0002405444552318574,9167.493067979565,8939.440578437883,3.458649615274402,2.070727985756696,0.4243095006951341,-1.18620360893984,0.4519249691177622
2025-06-11 00:00:00+00:00,-0.0056109890513039605,-0.00615694954062008,9116.054364747228,8884.40089387507,-51.43870323233829,2.6289074708954323,0.5123302333248251,0.4597436262550746,0.573528106626607
2025-06-12 00:00:00+00:00,0.0036676358444606687,0.003540536140170337,9149.488732495427,8915.856436323596,33.434367748199065,1.2894891902271806,0.15419556765834536,0.5351405417872084,0.2829051119339032
2025-06-13 00:00:00+00:00,0.0022248123120128384,0.0020560325934695094,9169.844627676106,8934.187727755372,20.355895180678566,1.2373710964013844,0.1945348792846724,0.5926977732162861,0.2704787409610601
2025-06-14 00:00:00+00:00,-0.003002411109913083,-0.0035127092848613295,9142.312984289794,8902.804523571393,-27.53164338631154,3.000795581250086,0.4307055579293756,0.42005965848943855,0.6544921322206898
2025-06-15 00:00:00+00:00,-0.0016682294332873153,-0.0020091424314468607,9127.061508681078,8884.917521244208,-15.251475608717028,1.9491877787873626,0.38780535058767607,0.2985335890922699,0.4264102054123193
2025-06-16 00:00:00+00:00,-0.00575153276574549,-0.00640866809267556,9074.566915358924,8827.977033819756,-52.49459332215368,2.1696248865709684,0.4204266296926574,1.8558425860344778,0.47542681387812713
2025-06-17 00:00:00+00:00,0.006891189268643368,0.0070756377727003465,9137.101473503631,8890.440601576782,62.53455814470757,3.020724904053692,0.6082053803267992,-3.5579398966991524,0.6657562685313482
2025-06-18 00:00:00+00:00,-0.0033773487666462826,-0.0034986610477949335,9106.242295111371,8859.33596334631,-30.85917839225942,1.3157237780811177,0.33157211962348426,-1.4018360594927846,0.2879958774446229
2025-06-19 00:00:00+00:00,0.0029714221330422045,0.0028265714825024364,9133.30078501591,8884.377509734213,27.05848990453897,1.3645316415410853,0.33797912912453815,0.3144327459704188,0.29969148575667165
2025-06-20 00:00:00+00:00,0.0023493992505074337,0.002183214029257003,9154.758555034885,8903.774007354681,21.457770018975335,1.85247176612846,0.5448227316418022,-0.33602209926205334,0.40565219732336516
2025-06-21 00:00:00+00:00,-0.0016486645374607354,-0.0021507857644512333,9139.665429256183,8884.623896969772,-15.0931257787013,3.0614777469636714,0.7425903576281752,0.2529165016162122,0.6688276328773164
2025-06-22 00:00:00+00:00,-0.0005357125721536514,-0.000821401099513536,9134.769195580453,8877.326057132037,-4.896233675730636,1.7483524515571454,0.25869434000177194,0.3945593704456535,0.382585657011174
2025-06-23 00:00:00+00:00,-0.007420236337307188,-0.007901981407596743,9066.987049262492,8807.177591679405,-67.78214631796043,2.149625944144461,0.4200111431415345,-0.2033179526149564,0.47064701868646763
2025-06-24 00:00:00+00:00,-0.0023182100311362405,-0.0027330134393934798,9045.96786893271,8783.10745695822,-21.019180329782692,2.7520934875222807,0.6169616757486196,-0.3181007718686797,0.6070579945840191
2025-06-25 00:00:00+00:00,0.011113258993131349,0.011047410898760315,9146.498052703704,8880.138054003202,100.53018377099366,3.185333780062763,0.6900768923033854,-0.3758239463557035,0.70425494014906
2025-06-26 00:00:00+00:00,0.007803726052220579,0.00790485970548946,9217.874817844173,8950.334299485476,71.37676514046869,1.5146712891121261,0.3109973531654618,-0.6451489840824108,0.33120245155781547
2025-06-27 00:00:00+00:00,-0.002373309724568734,-0.0026876090589516154,9195.997945899126,8926.279299941532,-21.876871945046823,2.135105443738452,0.49916719665034986,-0.45614504149310114,0.4632532955655388
2025-06-28 00:00:00+00:00,-0.004480405776637272,-0.004943369539687739,9154.796143580375,8882.153402747455,-41.20180231875093,3.02170534809262,0.741583208193464,-0.8391936809608389,0.6571783434206012
2025-06-29 00:00:00+00:00,-0.0057268263600262805,-0.006390169657291437,9102.368215704653,8825.394935581811,-52.42792787572303,4.10320713889838,0.9197115271480455,-0.6923793761247823,0.8964060093846383
2025-06-30 00:00:00+00:00,0.006942200533443955,0.006832685069454513,9165.558681187322,8885.696079790201,63.190465482668145,2.3974657377192585,0.5630424707201762,-0.07118693416061031,0.5267784560907615
2025-07-01 00:00:00+00:00,0.001033971964474147,0.00039985788912762574,9175.035611902413,8889.249095468096,9.476930715090328,3.1496707306759846,0.6723660970665442,2.1018782094532704,0.6872839594908297
2025-07-02 00:00:00+00:00,-0.014410080420361212,-0.014859810365337924,9042.82261087522,8757.156539619189,-132.2130010271918,1.2653231587046025,0.24306204497283787,-1.6288303819616785,0.2758186915510494
2025-07-03 00:00:00+00:00,-0.005897460833062297,-0.006603757583105941,8989.492918707254,8699.326400714233,-53.329692167966755,2.936828791764422,0.6670871329920174,0.8965308122328128,0.6495380741478853
2025-07-04 00:00:00+00:00,0.00470863405770868,0.004262847171788865,9031.82115122581,8736.410299657986,42.32823251855598,3.490257089718874,0.8100470610130036,0.9440294240712257,0.776519236687
2025-07-05 00:00:00+00:00,0.0020647351694761656,0.001513818571382094,9050.469470001164,8749.635639816823,18.64831877535464,1.9602961723019243,0.5497959319287739,2.912886512287877,0.4340865788813523
2025-07-06 00:00:00+00:00,0.003960108917902125,0.0037767968712420098,9086.310314860517,8782.68123632579,35.84084485935253,2.348710708795945,0.45804380843093484,-0.011506166842111351,0.5190251658394122
2025-07-07 00:00:00+00:00,-0.0005023944080395925,-0.0009084658722496439,9081.745403368619,8774.702470155742,-4.5649114918983935,2.6978151391098155,0.44558130641530297,0.2704582326257783,0.593819723435503
2025-07-08 00:00:00+00:00,-0.0031321875787022734,-0.004009072616942907,9053.299673223251,8739.52405076082,-28.445730145367655,0.32535657415760183,0.07983405948199772,6.3274986159154185,0.07165067059398514
2025-07-09 00:00:00+00:00,-0.005762109896589767,-0.005223710840603168,9001.13356557938,8693.871304235148,-52.16610764387261,1.327548529564379,0.23049437962994695,-8.07140402739553,0.2932739614244385
2025-07-10 00:00:00+00:00,-0.007490108551834302,-0.007891653122016076,8933.71409808363,8625.262287614674,-67.41946749574889,1.9041919718847269,0.43686674373840323,-1.1515095908987418,0.42310048129191585
2025-07-11 00:00:00+00:00,0.0040245315106522996,0.0038011921309444724,8969.668111978526,8658.048566749687,35.954013894896256,2.616650266189916,0.5645460176137348,-0.01346152392041506,0.5857922555975265
2025-07-12 00:00:00+00:00,0.0026991831037149155,0.00262086086784277,8993.87888859231,8680.740107430163,24.210776613782905,1.1567084478171266,0.21743474356632927,0.1450927419230125,0.25791555125041976
2025-07-13 00:00:00+00:00,0.00920143730936042,0.009405849192168943,9076.635501353672,8762.389839757065,82.75661276136232,0.757028099191419,0.13963814560499563,0.2102141896653698,0.16834296048874334
2025-07-14 00:00:00+00:00,0.0012524719138293824,0.0010510207191426276,9088.003732391184,8771.599293027853,11.36823103751215,1.7851591589606925,0.27323345354498974,0.10038515421694577,0.3933526158882236
2025-07-15 00:00:00+00:00,-0.005100767893276714,-0.005538377818003775,9041.647934739023,8723.01886207493,-46.35579765215989,1.7228455922092867,0.33746190187245423,0.164325806681416,0.3791472017267716
2025-07-16 00:00:00+00:00,-0.002798976831378206,-0.0031404589512495844,9016.34057165221,8695.624579407608,-25.307363086813133,1.6821761068694436,0.34471335554241966,0.06003011809718049,0.3720950249359599
2025-07-17 00:00:00+00:00,0.010857278576162208,0.011025902662883539,9114.233492976191,8791.501689613133,97.89292132398165,1.6065079561400308,0.3840725718078496,0.02523059050787918,0.35635476352589557
2025-07-18 00:00:00+00:00,-0.010935810991287938,-0.01150142107979194,9014.561958166538,8690.38692675719,-99.67153480965368,1.12811845579337,0.20195144178155916,0.11315814871432733,0.24755092277650007
2025-07-19 00:00:00+00:00,0.005751084364066399,0.005758480437631749,9066.405464493057,8740.430349870372,51.84350632651935,1.569958079929262,0.26225398160928554,-0.03212884820116485,0.34831599964921073
2025-07-20 00:00:00+00:00,0.021490134340491216,0.022094524866065515,9261.243735910375,8933.546005575698,194.83827141731945,1.4245067681889076,0.4011089730049775,-0.10300002919908967,0.3142384870757726
2025-07-21 00:00:00+00:00,-0.003365232203431946,-0.0037664806028396757,9230.077500246458,8899.89797783112,-31.166235663917977,2.133881240348394,0.49084353974973105,-0.1429326994393783,0.460819583459248
2025-07-22 00:00:00+00:00,0.0019095235997699674,0.0018026325507082878,9247.702551060884,8915.941223623942,17.625050814426398,1.7774231038803419,0.28112687905144707,-0.47674496132663724,0.38513720038274474
2025-07-23 00:00:00+00:00,0.0007984484334072354,0.00039854170495934804,9255.086364675395,8919.494598040523,7.383813614510657,2.9640544765034917,0.7053918174426964,0.16099290398404795,0.6410358594770026
2025-07-24 00:00:00+00:00,0.005937402805585767,0.005896351667866634,9310.037540422958,8972.087074890207,54.95117574756227,1.8901765891552913,0.3559277238577874,0.11259458486552794,0.4084622259970852
2025-07-25 00:00:00+00:00,-0.0022634599729649298,-0.0024542218038402772,9288.96464310341,8950.067583165059,-21.07289731954823,0.6515138367078265,0.1861407440817289,0.10893982481129398,0.13995944353157314
2025-07-26 00:00:00+00:00,0.005467640512718153,0.005426374141964286,9339.75336250725,8998.633998467178,50.788719403838726,1.8856506364104944,0.30894275992265957,0.027710705385903464,0.4059980221392048
2025-07-27 00:00:00+00:00,-0.0033679552472595355,-0.003656084060687595,9308.297491161884,8965.73423613742,-31.455871345366184,1.0600833131201643,0.2580477615360168,0.12575990973495743,0.22700456253495452
2025-07-28 00:00:00+00:00,0.005299220297148814,0.005354085610478878,9357.624210158949,9013.737544798501,49.32671899706443,1.058781222193945,0.14993073190034453,0.11469838188895026,0.22749191744231317
2025-07-29 00:00:00+00:00,0.0011201930046246826,0.0009278464271699248,9368.106555339074,9022.10090897489,10.482345180126625,1.5292470926023882,0.33668556056162896,0.2530483505739095,0.32684516032225075
2025-07-30 00:00:00+00:00,0.0029554823719937654,0.0028520133436325226,9395.793829122338,9047.832061154884,27.68727378326387,1.3734875845239813,0.2598205246628152,0.3228134940815769,0.29322629421656243
2025-07-31 00:00:00+00:00,0.0009139071337702089,0.0007519622786608585,9404.380712130207,9054.635689568531,8.586883007869012,1.2745093402599559,0.25330998107107755,0.2554352728911814,0.27129359444001505
2025-08-01 00:00:00+00:00,-0.002871821358035881,-0.0033077566552566803,9377.37301074201,9024.685158105436,-27.007701388196217,2.0556086490947316,0.45844719056683575,0.42877423523718383,0.4371598113724409
2025-08-02 00:00:00+00:00,-0.005102785300866811,-0.005005226311326382,9329.522289582052,8979.51456650065,-47.850721159959484,1.1778222683705593,0.31527256662575354,-4.1732243901697785,0.2512051652464576
2025-08-03 00:00:00+00:00,0.008814269387314028,0.009100536453461778,9411.75521229738,9061.23296614748,82.23292271532695,1.0215110253583213,0.18447418473101057,-0.691462141592582,0.2189846368659211
2025-08-04 00:00:00+00:00,0.01167899043281512,0.01198539868883157,9521.675011377798,9169.835455859142,109.91979908041894,1.0329424420764703,0.25308037934537275,0.03128654733569673,0.21950049034994662
2025-08-05 00:00:00+00:00,0.0010966191996139752,0.0008966497828866001,9532.116663007759,9178.057586829744,10.441651629961509,1.862125384814733,0.29359229366229234,0.06380298088253537,0.39113399325005554
2025-08-06 00:00:00+00:00,-0.004580414970066965,-0.004993795545732353,9488.455613148093,9132.22424373416,-43.661049859665496,1.2972513583236274,0.2195533864228105,0.6554884911734722,0.2721853716620991
2025-08-07 00:00:00+00:00,0.0035179591750134818,0.003360407596864009,9521.835612629076,9162.912239459069,33.379999480982505,2.0677331328834754,0.3998268949230385,0.22444372826604608,0.43584187294257465
2025-08-08 00:00:00+00:00,-0.003005562051423884,-0.0035173125301232342,9493.217144851862,9130.6834134268,-28.618467777214445,3.184438754189156,0.668197114369745,-0.2422776135044231,0.6688707689860862
2025-08-09 00:00:00+00:00,0.0037637818233206134,0.0036289132397277647,9528.94754298649,9163.817871353547,35.73039813462905,2.834508728852035,0.54978808204518,-0.7883566030153821,0.597165046496209
2025-08-10 00:00:00+00:00,-0.0006118129960392625,-0.0009803340409118757,9523.117609041115,9154.834268749542,-5.829933945375533,2.506777342950995,0.6886871373339979,-0.04179582165604126,0.5261393940186053
2025-08-11 00:00:00+00:00,0.012125797810526532,0.01217250316501006,9638.593007694213,9266.271517861038,115.47539865309741,3.7401197585473267,0.7021286391955219,-0.404098856141801,0.7854822154031803
2025-08-12 00:00:00+00:00,-0.0012782089568347602,-0.0019353197816832195,9626.272871780493,9248.338319290073,-12.320135913719634,4.679734208847946,0.8835020158125714,0.04982643258410758,0.9710409403348077
2025-08-13 00:00:00+00:00,0.0003622896454704347,0.000209268743304471,9629.760370766411,9250.273707427805,3.487498985919018,1.3433119852201376,0.2218626299413927,-0.013063766974929256,0.2790928541321676
2025-08-14 00:00:00+00:00,0.009388729809585555,0.009526779320598706,9720.171589018591,9338.399023693606,90.41121825218025,1.8485386748765942,0.3455951789639609,0.09176813253856542,0.3839220507476601
2025-08-15 00:00:00+00:00,-0.0021656682048553375,-0.0025024982128430983,9699.120922462516,9315.029696825997,-21.050666556075747,1.9030269077351267,0.40798534046021084,0.007648063337899594,0.39156241025314414
2025-08-16 00:00:00+00:00,-0.004557681109342699,-0.004882670839319544,9654.915422256978,9269.54747295791,-44.205500205537945,1.07287775344971,0.22455069533628869,-0.02070478623607685,0.22123195741688237
2025-08-17 00:00:00+00:00,0.004603760297494166,0.004674905025342937,9699.364338553629,9312.881727021895,44.44891629665079,1.2047927109468555,0.23662427243343698,-0.3267547507153529,0.24957084723280107
2025-08-18 00:00:00+00:00,-0.0045814854031252196,-0.0051223045452760164,9654.926842416951,9265.178310621954,-44.43749613667675,2.930486992140391,0.7355321656547243,-0.40009889452964825,0.6042637207661353
2025-08-19 00:00:00+00:00,0.00026073669175197506,-5.3813581618450526e-05,9657.44423610095,9264.679718192725,2.5173936839991384,2.0907536295577005,0.49179784438761787,0.4334346392819721,0.4330956958415057
2025-08-20 00:00:00+00:00,0.006895321554766985,0.0066852363831884695,9724.035419506097,9326.616292123375,66.59118340514706,3.61806124638499,0.8635127646493275,0.17303546346244078,0.7492792415741101
2025-08-21 00:00:00+00:00,-0.0025056268517745684,-0.0030218756995886256,9699.670615251376,9298.43241699082,-24.364804254721456,3.364767236940813,0.8226744273769295,-0.3683707864842014,0.6920516209126922
2025-08-22 00:00:00+00:00,0.01670239662639958,0.01711257274919654,9861.678361012739,9457.552518180062,162.00774576136172,2.9575458134604196,0.6880624823043586,-0.7579637236459121,0.6098239684160186
2025-08-23 00:00:00+00:00,0.011173723618418587,0.011146574693953254,9971.870029432434,9562.971833745942,110.19166841969555,3.9215532253420617,0.8397182937407158,0.011081334733025083,0.7953115244248019
2025-08-24 00:00:00+00:00,0.0013298731450169183,0.0011459958057237654,9985.131351590175,9573.930959357669,13.26132215774126,1.7021018136415407,0.32361312449523916,0.27648160787712456,0.3413806655356937
2025-08-25 00:00:00+00:00,-0.0035632261909720503,-0.0039989006584034295,9949.552070037893,9535.645760540785,-35.57928155228226,1.6224747218156756,0.3722550301004825,0.7111875126859392,0.32497814293795735
2025-08-26 00:00:00+00:00,-0.0015687948870963884,-0.001801396059922809,9933.943263621519,9518.468285838928,-15.608806416374733,2.787604361097102,0.45002611678783905,-1.668962192401867,0.5603477104244121
2025-08-27 00:00:00+00:00,-0.001438398598763628,-0.0008641857244316367,9919.654293550928,9510.24256142785,-14.288970070590572,2.029836731347243,0.2943575094368256,-8.387439900297366,0.40866686621426224
2025-08-28 00:00:00+00:00,-0.008665139150301508,-0.008103768685660422,9833.699108774423,9433.173755565516,-85.9551847765046,2.845383021203136,0.6652650327327432,-12.397026968106504,0.5736859243276264
2025-08-29 00:00:00+00:00,-0.004308519251056583,-0.004918713117024328,9791.330426855171,9386.774680078846,-42.368681919252566,5.4496538961084955,1.2807446902953072,-2.7000050189866216,1.1083629539256235
2025-08-30 00:00:00+00:00,0.0031766399477110873,0.0033649599618125227,9822.433958230358,9418.360801047867,31.10353137518719,1.1907100129636978,0.18077162994030302,-1.8540712367376795,0.24321720564099808
2025-08-31 00:00:00+00:00,-7.229172099169995e-05,-0.00014703028976245763,9821.72387757519,9416.976016730201,-0.7100806551677881,1.4539417687343248,0.5017926181175626,-1.2810307243542347,0.2960451095761344
2025-09-01 00:00:00+00:00,-0.005649437168608372,-0.0060549412073089195,9766.236665641409,9359.956780598262,-55.48721193378163,1.765234246192423,0.40085687600453157,-0.6340669240390837,0.3594550749329818
2025-09-02 00:00:00+00:00,-0.0003616275828703796,-0.00046930754708182095,9762.704925082273,9355.564082240768,-3.5317405591359785,1.3134199973659084,0.2507112673352834,-0.7031734663427425,0.2689715685442378
2025-09-03 00:00:00+00:00,0.0028928299158146533,0.0028638512258379748,9790.946769948821,9382.357025906098,28.24184486654905,1.468137259745027,0.26670632066891553,-0.2859423791958414,0.30076444407801345
2025-09-04 00:00:00+00:00,-0.002860130503787671,-0.0032288939133803965,9762.94338443113,9352.062390411988,-28.003385517691992,1.7227692113576527,0.39541565508859045,0.17306510997176253,0.351910648037699
2025-09-05 00:00:00+00:00,-0.0044469841601728136,-0.004851687740339299,9719.527729843901,9306.689103965537,-43.41565458722919,1.6515691766746998,0.4639467680937974,-0.15788408554760605,0.3383342731062931
2025-09-06 00:00:00+00:00,0.0029888250033174675,0.0027097359067296367,9748.577697343297,9331.907773603321,29.049967499394917,3.558272174916235,0.7162694198796178,-0.44324373318581833,0.7321903437737055
2025-09-07 00:00:00+00:00,0.0011047295570967442,0.0010060777692957568,9759.347239265206,9341.296398559462,10.769541921909259,1.5731383358330395,0.16567390888850714,-0.35789527895285184,0.32274212396373564
2025-09-08 00:00:00+00:00,0.0130459101658996,0.013426758415591744,9886.66680662648,9466.719728591357,127.31956736127415,1.9312131002375295,0.3496612791690357,-0.38463705002751325,0.39576685876440504
2025-09-09 00:00:00+00:00,0.014382480105964657,0.014703054465554241,10028.861595287086,9605.909424370973,142.19478866060646,2.5393552829327435,0.512190077942535,-0.04645247988439798,0.5136929022895271
2025-09-10 00:00:00+00:00,-0.0021567899891843964,-0.002491174864334615,10007.231446995454,9581.979424263905,-21.63014829163104,2.053888788393441,0.36818975884730776,-0.12222673180383013,0.4095955994364575
2025-09-11 00:00:00+00:00,-0.013517742031467774,-0.01434520155340508,9871.956273845777,9444.52399814226,-135.27517314967653,1.8557122803757797,0.3852319178969538,-0.060691226303163634,0.37087426031960796
2025-09-12 00:00:00+00:00,0.007209099032245796,0.007171290764408416,9943.124184265931,9512.253425864372,71.16791042015441,2.905383842237442,0.7212835537549688,-0.18818469794923753,0.5886135962605117
2025-09-13 00:00:00+00:00,0.007166355103955284,0.007336476381307136,10014.380143013106,9582.039848456234,71.25595874717537,1.301935936640727,0.14984002980561087,0.017760188867168486,0.2618766320350136
2025-09-14 00:00:00+00:00,0.000147582525184507,-0.0001272914794880104,10015.85809052277,9580.82013642741,1.4779475096634584,2.1658712890321485,0.5423011793136268,-0.010512929859251851,0.4325522414970929
2025-09-15 00:00:00+00:00,-0.0018362937914035698,-0.002067559923368121,9997.466032495564,9561.011216680334,-18.392058027206176,1.0124099878394934,0.2377528433889365,0.16669888864100446,0.20216140817679085
2025-09-16 00:00:00+00:00,0.0003667114187388835,0.00011349126895478085,10001.132217448134,9562.096307975806,3.666184952570245,2.5170886229294585,0.3224957422090188,-0.2584907080401767,0.5035453213340187
2025-09-17 00:00:00+00:00,-7.260944281390639e-05,-0.00023198127914527607,10000.406040810316,9559.878080642971,-0.726176637817117,1.6873262532471929,0.3083155594228606,-0.5035911176526212,0.3374270465704786
2025-09-18 00:00:00+00:00,0.01127484384313079,0.011364375650704653,10113.159057288354,9668.520126326335,112.75301647803816,3.8276801757689203,0.9910640990376706,-0.7077734801325452,0.7655049525286615
2025-09-19 00:00:00+00:00,0.00445347422386344,0.004282936329865592,10158.19775047182,9709.929782431414,45.03869318346477,3.148211920369787,0.7350884421088114,-0.2542632840935488,0.6225971336030619
2025-09-20 00:00:00+00:00,0.0005061852356655708,0.00016057180900279244,10163.33968019408,9711.48892342187,5.141929722260048,3.1208253384836406,0.5872022756310977,-0.12523888230979294,0.6144446909076341
2025-09-21 00:00:00+00:00,0.0020328620304805914,0.0019391514611085444,10184.000347532823,9730.320971357263,20.660667338743302,1.6097747332212913,0.4084189982894811,-0.1895743281604313,0.31678066145095146
2025-09-22 00:00:00+00:00,0.006498346033879742,0.00652662205801166,10250.179505800243,9793.827098840457,66.17915826741984,1.5892712080842504,0.20984527607595166,0.8739143000658773,0.3121113813530588
2025-09-23 00:00:00+00:00,-0.0026729540575305766,-0.0031454794983550157,10222.781246899796,9763.02081649062,-27.39825890044552,2.440693776854947,0.6026503597332541,0.3646793128027161,0.4762245920617952
2025-09-24 00:00:00+00:00,0.004023590299695123,0.0038715136315075694,10263.913530360727,9800.818484666355,41.13228346093124,3.0744448200694516,0.6322754747204233,-0.3721050095942269,0.6014889188794528
2025-09-25 00:00:00+00:00,-0.004568092104743852,-0.004954718081773862,10217.027027998913,9752.258192104195,-46.886502361814436,1.89393958209055,0.2826707730259231,-0.5028201547710144,0.3690482341824614
2025-09-26 00:00:00+00:00,-0.0007997602145030453,-0.0012246375434810562,10208.855856271417,9740.315210588424,-8.171171727495821,3.345187947654019,0.5931521697179227,-0.16653032909627524,0.6548260934392773
2025-09-27 00:00:00+00:00,0.006669104787450248,0.006702927477657173,10276.939785736866,9805.60383705452,68.0839294654492,2.6248713317947208,0.5439350299628487,-0.3735033624036389,0.5142341842709499
2025-09-28 00:00:00+00:00,-0.0010159554113805887,-0.0014735915278610932,10266.498873149114,9791.154382314673,-10.440912587751837,3.4222567186290798,0.6428182209871148,-0.05653278752226595,0.6660069612120825
2025-09-29 00:00:00+00:00,0.0044194054085722615,0.004253166547713794,10311.87069379621,9832.797792597035,45.37182064709622,3.285770648211025,0.5336997759343242,-0.0910600594112061,0.6400956526288807
2025-09-30 00:00:00+00:00,-0.005347352686759482,-0.005777914106853368,10256.729484336223,9775.984731521352,-55.141209459987536,1.460139196279243,0.19956749760954617,0.01214492180674328,0.28319579242933807
2025-10-01 00:00:00+00:00,0.0034766018032974253,0.0034145891753614237,10292.3880485574,9809.365703164103,35.65856422117719,1.9474332190179795,0.5600821599621816,-0.22992280055433534,0.379737658479156
2025-10-02 00:00:00+00:00,0.0010488967928821333,0.00081361746337184,10303.18370137263,9817.346774404798,10.795652815230257,2.556247343366747,0.5460043475969569,-0.2876701164285504,0.49672579994203286
2025-10-03 00:00:00+00:00,-0.0017716959496147746,-0.002217285754617778,10284.929592540771,9795.578911253768,-18.25410883185885,2.9474089326081105,0.5040419510496141,0.06230343551397616,0.5721355685845813
2025-10-04 00:00:00+00:00,0.006144502103474835,0.0061673586389662345,10348.125364056228,9855.991759475764,63.19577151545735,2.1967743319634296,0.38886884766660124,0.19728011383093844,0.427183154186424
2025-10-05 00:00:00+00:00,-0.0014909800218013938,-0.00182766099974181,10332.696515875325,9837.978347723194,-15.428848180904112,2.3429088766788086,0.4156076219227236,-0.17395292693513056,0.4528180311415249
2025-10-06 00:00:00+00:00,-0.011074348660065418,-0.011855969795947658,10218.268632059879,9721.3395735794,-114.42788381544652,2.517052437658566,0.48017228030595105,-0.7863343896178117,0.4872014645530961
2025-10-07 00:00:00+00:00,0.012129202756499913,0.012330215739897437,10342.208084118516,9841.205787802437,123.93945205863727,3.3487626293925334,0.7405719090047852,-0.016096702796598833,0.6554461915173713
2025-10-08 00:00:00+00:00,-0.008247913973336464,-0.00894458573863198,10256.906441546362,9753.180278861917,-85.30164257215445,2.5775469814266425,0.4372875491405616,-0.29096816220148547,0.4984519670194455
2025-10-09 00:00:00+00:00,0.006826139306479635,0.006847976467402162,10326.921513769885,9819.969827893894,70.01507222352379,2.812398348585531,0.6312947958921747,-0.21816995293117677,0.5483911478793845
2025-10-10 00:00:00+00:00,0.02700770412887343,0.028260764821746644,10605.82795457588,10097.489685756651,278.90644080599475,1.1879410455226187,0.18122555127019319,0.017416346444743522,0.23006682948807577
2025-10-11 00:00:00+00:00,-0.018912725044679328,-0.020046108289928914,10405.242846599813,9895.074314059533,-200.58510797606738,2.277000608702305,0.5547375574640628,-1.0014744451156314,0.4293866765432291
2025-10-12 00:00:00+00:00,-0.00719047101928369,-0.008327736986455149,10330.424249462729,9812.670737710618,-74.81859713708488,6.356323023423666,1.1578857260112319,0.07077046239611207,1.2217539017843801
2025-10-13 00:00:00+00:00,-0.010178690765757992,-0.011354591274563827,10225.27405554836,9701.25187217204,-105.15019391436871,5.45694790277622,0.9251614465794733,-0.11343772514764439,1.0564808900389602
2025-10-14 00:00:00+00:00,-0.0022281506626768656,-0.0023947970736615198,10202.490604385437,9678.01934257771,-22.78345116292264,3.17348892184289,0.5252963778499433,-3.249706868284528,0.6207146927511279
2025-10-15 00:00:00+00:00,0.00411950072849281,0.0048247308621019265,10244.519771862644,9724.713181183864,42.02916747720686,2.2339371807334527,0.3703522835489263,-7.2689605932296,0.43791996824250295
2025-10-16 00:00:00+00:00,0.007448054675786908,0.007811330812029993,10320.821515250656,9800.6761328942,76.301743388013,1.8049456768394891,0.4066222751393568,-1.8727762743015808,0.3523729207486934
2025-10-17 00:00:00+00:00,-0.0016866202006928415,-0.0011286346177777978,10303.414209195289,9789.614750532986,-17.40730605536706,2.1045717884384305,0.2872509129570925,-8.737746395549552,0.40783028469750987
2025-10-18 00:00:00+00:00,-0.0001338176975133525,-5.448837048696485e-05,10302.035430029287,9789.081330377534,-1.3787791660008732,1.0484729839130873,0.16406931587302248,-2.0579013103352857,0.20351952520308791
2025-10-19 00:00:00+00:00,0.0001782623845634644,4.310328752424934e-05,10303.871895430902,9789.503271964715,1.8364654016143163,1.5236504308767054,0.26215744019918436,-0.37128405664309755,0.2957959989994664
2025-10-20 00:00:00+00:00,-0.009292686319805224,-0.00998276935983258,10208.121246027205,9691.776918653364,-95.75064940369627,1.431722865590047,0.17300456935357061,0.3709764727102468,0.2778999739359964
2025-10-21 00:00:00+00:00,-0.0057959007517825525,-0.006355995523362378,10148.95598842307,9630.176027944977,-59.16525760413653,1.8830287140637105,0.21951677933326794,0.3330876108540996,0.36892757612896643
2025-10-22 00:00:00+00:00,0.002334126512482796,0.0021899186162576256,10172.644935669668,9651.265329706412,23.688947246599326,1.1569722613101638,0.16938646925022036,1.2732867546043212,0.22799828132665545
2025-10-23 00:00:00+00:00,-0.003934417741444993,-0.004370105295459027,10132.62150095735,9609.088283981182,-40.02343471231931,1.8515560248359635,0.4198195316444552,-0.11776454356962957,0.3640264722783377
2025-10-24 00:00:00+00:00,0.0005072662690108475,0.00014626185812505305,10137.76143806144,9610.493727088486,5.139937104089728,3.5384150840650412,0.4508602334642517,-0.2547813207423304,0.6984204598446168
2025-10-25 00:00:00+00:00,-0.0003230941894554087,-0.0006032754259244346,10134.485986246716,9604.695952391932,-3.27545181472276,1.8961076273398179,0.2758434302257785,0.350371824265057,0.3740683066817944
2025-10-26 00:00:00+00:00,-0.006089529473427753,-0.00681238132768532,10072.771735135426,9539.265101027762,-61.71425111128991,2.890345822062458,0.469085591124025,0.3571688396931718,0.5703981091857804
2025-10-27 00:00:00+00:00,-0.0015056204021389186,-0.002091255760553245,10057.605964504917,9519.316057933793,-15.165770630508133,4.085644575665168,0.7160614703130672,-0.01843358251752636,0.811225486509099
2025-10-28 00:00:00+00:00,0.00317471440978854,0.00298496995518842,10089.535991088405,9547.730930360667,31.930026583488925,3.0130244169955676,0.6388821110828432,-0.13675237146452862,0.5991534024357421
2025-10-29 00:00:00+00:00,-0.002996230488939203,-0.003666763509951828,10059.305415732657,9512.721658982382,-30.2305753557485,4.375492217218099,0.7104962323445038,-0.3072924270261811,0.8673326942057112
2025-10-30 00:00:00+00:00,0.008428577258978746,0.008394038823488742,10144.091048600823,9592.571813904922,84.78563286816602,4.784618283582955,0.7398057420796164,-0.588946080036907,0.9512820390361859
2025-10-31 00:00:00+00:00,0.007204919611945693,0.007119791329094614,10217.17840914225,9660.86892352928,73.08736054142682,3.278293341370437,0.5868523012654299,0.9251052744332882,0.6463454094928717
2025-11-01 00:00:00+00:00,-0.017011657392173623,-0.01831368595643058,10043.36727053121,9483.942803997526,-173.81113861104149,2.8932792709582156,0.6629598459359654,-0.44125819618086554,0.5663558284094036
2025-11-02 00:00:00+00:00,0.00012612688320502296,-0.00023786257217353634,10044.634009141924,9481.686928967822,1.2667386107154401,3.8503838979342304,0.5427976552807527,-0.8705679127939907,0.7667515872354587
2025-11-03 00:00:00+00:00,0.007945880289407237,0.008009197021281793,10124.447468529475,9557.627627676036,79.81345938755041,3.3410142279232957,0.3879215186328037,0.14382493277871514,0.6652336411426315
2025-11-04 00:00:00+00:00,0.009736341920405093,0.009980547548856493,10223.022550838257,9653.017984668322,98.57508230878275,3.606349235455993,0.7427089226646992,-1.1643328416231031,0.7124041576917376
2025-11-05 00:00:00+00:00,-0.0024018866189206268,-0.0028767519395713516,10198.468009768476,9625.24864645821,-24.55454106978222,3.64143108908592,0.7140902191247029,-1.140724167881106,0.7123981329352215
2025-11-06 00:00:00+00:00,0.01650656992804846,0.017068854283667355,10366.809735130684,9789.540613048672,168.34172536220854,3.4477823272026367,0.7343874825139419,-0.13241103796968093,0.6761373029557423
2025-11-07 00:00:00+00:00,0.03693279410657727,0.03888028095228804,10749.684984620326,10170.160702477839,382.87524948964244,2.7423654477404114,0.596171420025129,-1.0833768072896532,0.5290664182727649
2025-11-08 00:00:00+00:00,-0.0022192924797434883,-0.0027703008428206608,10725.828289574347,10141.986297712143,-23.856695045979386,2.862431405212818,0.5094715476185852,0.9458067668851301,0.532560983751268
2025-11-09 00:00:00+00:00,-0.007780278266876275,-0.008076183713141635,10642.378360838726,10060.077753155654,-83.44992873562202,0.6795530433979404,0.14573358429474978,-2.366670806826283,0.12671339220645092
2025-11-10 00:00:00+00:00,-0.0008244812120254579,-0.0008031730212735578,10633.603919828947,10051.997770112404,-8.774441009777819,0.48613315148140723,0.08296024666408786,-1.2635513646743832,0.09135799066687102
2025-11-11 00:00:00+00:00,-0.006688677557341038,-0.007187429458079965,10562.479171936733,9979.749745226944,-71.12474789221358,0.7576119020611903,0.14397148408315866,0.22169360710210337,0.14249391039446904
2025-11-12 00:00:00+00:00,-0.00021058478687969906,-0.0003246089627950277,10560.254874511389,9976.51022901319,-2.2242974253435572,1.0850283019979112,0.16495037807215426,-0.23475989166156214,0.20544955106386464
2025-11-13 00:00:00+00:00,0.0043849562122981155,0.004577198151796426,10606.56112972683,10022.174693194807,46.306255215440174,0.8191271274908927,0.12791388191152195,-0.30524997557956673,0.15513396925067924
2025-11-14 00:00:00+00:00,0.005818278529313177,0.006049361892356981,10668.273056617767,10082.802454862365,61.71192689093733,1.2379416298451895,0.15540026194935533,-0.30917666841440405,0.2334294055734297
2025-11-15 00:00:00+00:00,-8.437598714945051e-05,-0.00022052943669487234,10667.372910547436,10080.578900116689,-0.9001460703320099,1.0572994308738157,0.1607003797454231,0.10540886472522483,0.1982137924784273
2025-11-16 00:00:00+00:00,-0.001618988165282635,-0.0018764060235049076,10650.102560050604,10061.663641148094,-17.270350496832876,1.2287164261233414,0.345088882369768,0.07110316326944621,0.2303690770777198
2025-11-17 00:00:00+00:00,0.003355470147820924,0.003579570832552072,10685.838661262085,10097.680078844898,35.736101211481,0.8943788811492649,0.17044780496672482,-1.345163171438387,0.16795685789997036
2025-11-18 00:00:00+00:00,-0.006973862764819832,-0.007389320818224441,10611.317088911437,10023.06508122252,-74.52157235064786,1.200541572899473,0.3065429224536521,-1.4136592236221643,0.22469767904163346
2025-11-19 00:00:00+00:00,0.002053880663649334,0.0019500262396416066,10633.111467896204,10042.610321132539,21.79437898476694,1.2108883205642054,0.34116713511628644,0.6970836190670052,0.22822582916300815
2025-11-20 00:00:00+00:00,0.00022381844419284825,0.0002433954221335183,10635.491354361877,10045.054646510973,2.3798864656736614,0.7882847307164815,0.17205850958490423,-1.0247821530622068,0.1482698141736769
2025-11-21 00:00:00+00:00,-0.006556862467948679,-0.006937511788092253,10565.755900272268,9975.366961488771,-69.73545408960806,0.6593946705710667,0.17949471163583708,-0.8866584496142194,0.1239989105535087
2025-11-22 00:00:00+00:00,-0.002003903304026926,-0.0021590958884838305,10544.58314711417,9953.829187696103,-21.172753158097585,1.1880840453149313,0.3910049085780887,-1.2140683193227588,0.22489333589172084
2025-11-23 00:00:00+00:00,-0.0020063773484447723,-0.002186019475073289,10523.426734339007,9932.069923240246,-21.156412775162362,1.4425257669591474,0.2545173246747181,-1.094191410939613,0.2736050817435939
2025-11-24 00:00:00+00:00,-0.006834808089037252,-0.007368623110521668,10451.501132170757,9858.88424326854,-71.92560216825112,1.8047618458944736,0.36245343785579076,-0.9071374802961409,0.3429988902769386
2025-11-25 00:00:00+00:00,0.002767874214294032,0.002675410286458761,10480.429572655157,9885.260803585987,28.928440484400323,1.969977605850615,0.34724456776644275,0.2346579933364207,0.3769750547673632
2025-11-26 00:00:00+00:00,-0.0030847412339201144,-0.0033227041184937223,10448.100159403191,9852.415006801526,-32.32941325196513,0.7994533052337126,0.1430253317399406,-0.4260951044790618,0.15256117121756024
2025-11-27 00:00:00+00:00,-0.003953798975998719,-0.00448662505899908,10406.790471691811,9808.210914740352,-41.30968771138039,1.6142718888265268,0.24582609012038664,1.0343063708470024,0.3090077361813377
2025-11-28 00:00:00+00:00,0.0021184858797629724,0.0020135168144742774,10428.837110359742,9827.959912337092,22.046638667930942,2.173249238565734,0.3311139135207821,-0.20672208089540753,0.41765984324894995
2025-11-29 00:00:00+00:00,0.0005727208846369286,0.00041445606787421645,10434.809923175322,9832.033169957584,5.972812815579661,2.3913088172093877,0.333608000689349,-0.8253616228117359,0.45859548709106257
2025-11-30 00:00:00+00:00,0.0015527251052900467,0.0015258006040595395,10451.012314511967,9847.034892107438,16.202391336644027,1.2550219616180496,0.128832684572268,-0.1831854594009999,0.24054524631650315
2025-12-01 00:00:00+00:00,0.0028247629445651602,0.0027850995215708036,10480.533946831194,9874.459864274339,29.521632319227574,1.7029523309990555,0.44381230746126765,-0.0501044861321869,0.32589232119349554
2025-12-02 00:00:00+00:00,-0.008993964843574663,-0.009831193204204313,10386.272392971503,9777.382141561497,-94.26155385969057,2.260735901903705,0.4984253290829789,0.05700762216489107,0.4314161689418967
2025-12-03 00:00:00+00:00,-0.0002451168589051369,-0.000566510650843647,10383.726542506805,9771.843150440933,-2.545850464698314,2.4639113819298646,0.5282332027802114,0.0009960711546651013,0.47445537507705243
2025-12-04 00:00:00+00:00,0.0034922856631971486,0.0034752123344900434,10419.989481841762,9805.802380288047,36.262939334956215,1.8827628860977261,0.38640230089599253,0.03454430084812646,0.36263722438961604
2025-12-05 00:00:00+00:00,0.0024930871154911134,0.0024939877732721915,10445.967423362494,9830.257931531609,25.977941520732617,0.8445402860027884,0.3120998721960878,0.36575011897199683,0.16210002658342676
2025-12-06 00:00:00+00:00,-0.000908799780153996,-0.0011352680957737748,10436.474130464647,9819.097953328714,-9.493292897847638,0.866790769252553,0.21804208371919745,0.5818524520755459,0.16595701175823468
2025-12-07 00:00:00+00:00,0.004721991975726829,0.004921740971341577,10485.755077563581,9867.425010027227,49.2809470989347,0.7656485600730404,0.21040801152991426,-0.022166171182399927,0.1467255225283546
2025-12-08 00:00:00+00:00,-0.0007592087202940172,-0.0009978579987191692,10477.794200869828,9857.57872105421,-7.960876693753539,1.2286001771628352,0.3446888288966016,0.31212327320427175,0.23433699682566053
2025-12-09 00:00:00+00:00,-0.0015099168890161687,-0.0014485864697666945,10461.9736024463,9843.29916589423,-15.820598423529024,0.48405958650193376,0.0735556706830478,-2.0986585207348054,0.09239723117710193
2025-12-10 00:00:00+00:00,0.0020652700745714256,0.002516794584903177,10483.580403448388,9868.072727932535,21.606801002088556,1.545242727171713,0.3396323810080913,-5.051636144395806,0.29540176373803745
2025-12-11 00:00:00+00:00,0.003381906306336367,0.0034944752975575237,10519.034890127794,9902.556464314795,35.45448667940646,0.82445249161025,0.20458874034431282,-0.05829093480943698,0.1572845268280789
2025-12-12 00:00:00+00:00,0.0021149857676211687,0.0020549787124995475,10541.282499209525,9922.906007048286,22.24760908173079,1.2564233118710748,0.2735779037529523,0.368065132615075,0.23888566298990774
2025-12-13 00:00:00+00:00,-1.513324156217295e-05,-0.00016842839999743685,10541.12297543509,9921.234707866195,-0.15952377443564392,0.9990132931773333,0.22814491412014096,0.2846172003589792,0.1895430263352202
2025-12-14 00:00:00+00:00,0.002199810096052187,0.002063828435173251,10564.311444180179,9941.710434168317,23.18846874508978,1.304581381700831,0.4533574435808611,0.9548036176860532,0.2475222772262523
2025-12-15 00:00:00+00:00,0.0006675333812138906,0.0005393173825258681,10571.36347471871,9947.072171417503,7.052030538530195,0.8812912756753181,0.3407932968030936,0.46820871686601423,0.1668431076330709
2025-12-16 00:00:00+00:00,0.0004895052220435905,0.0003285168782176087,10576.538212343705,9950.339952514663,5.174737624995685,1.440903560862907,0.43578177484885927,0.030271192124590007,0.2726050550260259
2025-12-17 00:00:00+00:00,0.0027025741806127597,0.0027387171546443653,10605.12209143665,9977.591119237159,28.58387909294433,1.0737893986622566,0.2947875178009848,-0.03586454601401748,0.20305120202923382
2025-12-18 00:00:00+00:00,0.0024278452061993927,0.002564692003520184,10630.869686267502,10003.18056739506,25.747594830853746,0.24383613252256717,0.11068744322240755,-0.19637690279277115,0.0459845969561177
2025-12-19 00:00:00+00:00,-0.000641171705701504,-0.000845367133472452,10624.053473417667,9994.724207313195,-6.816212849834548,1.2439049689979946,0.2571969171913034,0.13904534584225203,0.23401753679754295
2025-12-20 00:00:00+00:00,-0.006700795705509378,-0.0073772947835057225,10552.863861527889,9920.990180556004,-71.1896118897791,1.3254047371460786,0.343706053869568,0.8753040763952551,0.24951017809960385
2025-12-21 00:00:00+00:00,0.0004560662377447822,0.00015678401901592315,10557.676666446649,9922.545633269128,4.812804918759898,1.7344098785742492,0.5507922537807606,0.9721500732798095,0.3287088512337037
2025-12-22 00:00:00+00:00,0.00029930493496478075,0.00015972057581568362,10560.83663117468,9924.130467971232,3.1599647280299976,1.4673301682013111,0.4858857444264528,-0.37808588670090865,0.2779645966739317
2025-12-23 00:00:00+00:00,-0.00485221427949298,-0.005335710361710836,10509.593188869501,9871.178182202308,-51.24344230517831,0.8885720271232201,0.2323547255270343,0.5879167110957497,0.1682768246788767
2025-12-24 00:00:00+00:00,0.0013738349595061817,0.0012417151999986635,10524.031635402558,9883.435374193043,14.438446533056975,1.5538892642313962,0.4558736707766462,0.17149160731315288,0.295708737018877
2025-12-25 00:00:00+00:00,0.0005203547346227046,0.00013560904961117543,10529.507865091358,9884.775657471031,5.476229688800846,2.8469828771254995,0.6118110899063743,0.6771524437811814,0.5410441503327158
2025-12-26 00:00:00+00:00,-0.0028900826651447518,-0.0034651834029082724,10499.076716937952,9850.523096921292,-30.431148153405857,2.744469455252841,0.6467212315942488,0.4302217094873799,0.521291116435104
2025-12-27 00:00:00+00:00,-0.0067444612723785696,-0.007510564365689606,10428.266100624833,9776.540109166152,-70.81061631311955,2.2728130857905655,0.7156476436080108,0.18391071262135988,0.4329548487104358
2025-12-28 00:00:00+00:00,-0.0008520203049994857,-0.0011967166067748732,10419.381006161162,9764.840361260713,-8.885094463670168,2.4011800261567546,0.8280005495486813,-0.41452713393583807,0.46051376192114674
2025-12-29 00:00:00+00:00,0.00021198420943048377,-0.0002647398039734337,10421.589750406509,9762.255219337641,2.2087442453460726,3.649505224007379,0.9158330484248455,0.22854789598588288,0.7005224632536928
2025-12-30 00:00:00+00:00,0.002810919105224104,0.0025538001625053136,10450.883996142735,9787.186068303205,29.294245736225356,2.8414142826242594,0.5833459179638726,0.938636570074408,0.5452938276549268
2025-12-31 00:00:00+00:00,0.007180711365342856,0.007262268780182198,10525.928777631716,9858.263244132877,75.0447814889819,1.5771672652958677,0.29060856019420517,2.0998298338193173,0.3018246620817869
2026-01-01 00:00:00+00:00,-0.00436273133814153,-0.0052399054466852986,10480.006978290496,9806.606876865088,-45.92179934121966,3.8558030761273914,1.1076146341192996,0.7711502163229833,0.732629520412721
2026-01-02 00:00:00+00:00,-0.006659131667752371,-0.007873277600908802,10410.219231943096,9729.396738600548,-69.78774634740007,5.874295510332836,1.4414506685361175,0.10664573827107765,1.1210480150445576
2026-01-03 00:00:00+00:00,-0.0018393897899828921,-0.0023566808785613616,10391.070780976377,9706.46765534675,-19.148450966719675,2.6695764309543746,0.6588023744396547,0.45225348168347856,0.5128761213333431
2026-01-04 00:00:00+00:00,0.004745358685652246,0.004573877134415869,10440.38013896011,9750.86384581149,49.30935798373351,4.2659085678580375,0.8893566228547799,-0.24209767171701652,0.8210719872427238
2026-01-05 00:00:00+00:00,-0.005092012143482414,-0.005990058315827414,10387.217596509952,9692.455602745385,-53.162542450157495,3.458293779614979,0.7576939213950281,1.0297129149364928,0.6624842646695879
2026-01-06 00:00:00+00:00,-0.004849481381540954,-0.005630489862253956,10336.844978169662,9637.88232973378,-50.3726183402896,2.9723176355694734,0.7496393070335451,0.4786977287118259,0.5723029498425364
2026-01-07 00:00:00+00:00,-0.0018281352245626578,-0.002207937579476431,10317.947827754226,9616.60248715139,-18.897150415435576,1.7521626244733033,0.5208877664925832,0.10964177598960756,0.33901304085989253
2026-01-08 00:00:00+00:00,-0.0042998844319088805,-0.00513061852765806,10273.581844520417,9567.263368257687,-44.36598323380845,3.463021866110057,0.9208700100891478,0.5892437836938421,0.6712617516430702
2026-01-09 00:00:00+00:00,-0.0007388747073492106,-0.0013667365219935316,10265.99095474162,9554.187439996758,-7.590889778798187,3.6854748731894724,1.1232355166038424,0.676328092337132,0.7174663966209955
2026-01-10 00:00:00+00:00,0.0009910101352988655,0.000804989707756412,10276.164655826655,9561.878462551931,10.173701085035422,1.9808861814340863,0.5609196178912992,-0.05912726946293689,0.385912317703565
2026-01-11 00:00:00+00:00,0.002425506618465716,0.0020664345681130646,10301.089561211806,9581.637458743044,24.92490538515102,3.3860085973348313,0.9102272173795966,0.8696733793234791,0.6590024023048213
2026-01-12 00:00:00+00:00,0.0006569316121516253,3.0607743418242554e-05,10307.85667258417,9581.930731043907,6.76711137236515,4.487565276663407,0.9797483563583247,1.0065254384795899,0.8712797321093276
2026-01-13 00:00:00+00:00,-0.020665716808452417,-0.022583251471611554,10094.83742568643,9365.53957976118,-213.01924689774108,2.2957046699780412,0.6493932773616721,0.42680643764649356,0.44542813174419316
2026-01-14 00:00:00+00:00,0.000648075668109123,-4.484350189288186e-05,10101.379644195535,9365.119596169307,6.542218509104711,5.732016782203987,1.753277913725894,-0.5230925949522889,1.135633302547063
2026-01-15 00:00:00+00:00,0.003619259887583125,0.003540948140370874,10137.93916235102,9398.280998987713,36.5595181554856,2.522239369057112,0.8981364691250806,-0.022260501103128716,0.4993851251806863
2026-01-16 00:00:00+00:00,-0.007119920576193496,-0.0082275810037151,10065.757840708799,9320.955880772864,-72.18132164222088,3.9741917488222813,0.9160878824123325,0.2535169413924083,0.784023593982715
2026-01-17 00:00:00+00:00,-0.002555909541145588,-0.0033782646965724596,10040.03067420487,9289.46722458254,-25.72716650392863,4.257909199444103,1.194682270836494,0.3088982161151966,0.8460186042274734
2026-01-18 00:00:00+00:00,0.0008111171933346319,0.0003763424540668485,10048.174315706325,9292.963245474813,8.143641501454667,3.028458293925476,0.8365969606038024,0.7825653546524383,0.6032767014758782
2026-01-19 00:00:00+00:00,-0.009000230955365772,-0.010103805475074022,9957.738426185193,9199.068952555523,-90.43588952113134,2.7974829824615726,0.7093636897520786,-0.04844327405491332,0.5568141822716631
2026-01-20 00:00:00+00:00,-0.006026698151684427,-0.006944193587182345,9897.726142417147,9135.188836927138,-60.0122837680473,3.4706707626509736,1.1222976816338248,-0.7251365839478372,0.697080122836805
2026-01-21 00:00:00+00:00,-0.005995319874054881,-0.007008643350955918,9838.38610816756,9071.163556425483,-59.340034249586076,3.53815161473592,0.993230577345565,0.1538640599885591,0.7149423137851861
2026-01-22 00:00:00+00:00,0.0015642731462401195,0.0012772944952918676,9853.77603135891,9082.750103701997,15.389923191348355,3.2524203854575746,0.6753715335662038,-0.12441600418989335,0.6611694946099957
2026-01-23 00:00:00+00:00,-0.0012434851976101903,-0.001952915426057537,9841.52300672335,9065.012260913452,-12.25302463556089,3.513942398434255,0.8031083291176978,1.1677674254324824,0.713217427969013
2026-01-24 00:00:00+00:00,-0.0025430649749792716,-0.0031591610440183213,9816.4953742645,9036.374427315226,-25.027632458850842,2.256405237987907,0.6809781129553851,0.6728177884320966,0.4585479780815262
2026-01-25 00:00:00+00:00,-0.0007617916985374123,-0.001488682077143509,9809.017249579654,9022.922138662923,-7.4781246848456036,4.195497744617722,1.2460224020611592,0.5326438207776321,0.8547852537305493
2026-01-26 00:00:00+00:00,-0.004083900607347626,-0.004834499729157965,9768.958198076612,8979.300824027345,-40.05905150304169,3.1623990392242822,0.7396920536325299,-0.3398279603191939,0.6447942660840565
2026-01-27 00:00:00+00:00,-0.00028195511848764246,-0.0008552475110010706,9766.203790310374,8971.621299347065,-2.754407766239517,3.499087176961366,0.8892258158425045,0.5368039212358613,0.7163685433008186
2026-01-28 00:00:00+00:00,-0.012489194677938156,-0.013954430081461393,9644.23176990877,8846.427437207976,-121.97202040160376,2.62994596662386,0.7624021679877846,-0.17050639712697505,0.5385810132762505
2026-01-29 00:00:00+00:00,0.0009844895303841163,0.0005110687728015732,9653.726415114843,8850.948570021988,9.49464520607306,3.8140682233329475,0.8530623684794649,0.3063818002485994,0.7909532483931639
2026-01-30 00:00:00+00:00,0.0012270906060753708,0.0009353179273266719,9665.572412112451,8859.227020893377,11.84599699760909,3.8899346165209465,0.760876271736961,-1.083264762036755,0.8058928644239336
2026-01-31 00:00:00+00:00,0.0012909966431881976,0.0011882791130931169,9678.05063365098,8869.754255320455,12.478221538529624,2.617262322736356,0.3739896782765002,-1.0402648895609894,0.5415638538813331
2026-02-01 00:00:00+00:00,0.007484145119729541,0.00785828062548833,9750.482569069314,8939.455273337882,72.43193541833438,3.272126121648169,1.1480612514910253,-1.6892699722322249,0.6761952888055476
2026-02-02 00:00:00+00:00,0.000623520841980008,0.00020873562051715324,9756.562198170492,8941.321256081448,6.07962910117749,3.7082079619999004,1.1754760598617802,-0.6700376642497112,0.7606203971407848
2026-02-03 00:00:00+00:00,0.008153592082662767,0.008556909806365023,9836.113226463502,9017.831335619472,79.55102829300976,2.2253858316165416,0.6244157768877059,0.19114714648214953,0.4561823696534905
2026-02-04 00:00:00+00:00,0.0068494793596135944,0.006902034434919587,9903.485480986985,9080.072718026215,67.37225452348403,3.1513878171041503,1.0633339120404122,0.9161503875969789,0.6407790851015258
2026-02-05 00:00:00+00:00,0.004034726785250197,0.003700233683396974,9943.44333912446,9113.67110894515,39.95785813747462,2.7354764873294855,0.6284179469285953,2.9955727842820283,0.5524270202811196
2026-02-06 00:00:00+00:00,-0.01079973629118258,-0.012534350749717982,9836.0567732356,8999.43715864806,-107.38656588886013,1.0973278666735051,0.28213612075656175,5.46792042079955,0.22071385721198808
2026-02-07 00:00:00+00:00,-0.0017058139297502204,0.0004425995866309483,9819.278290578,9003.420305814388,-16.77848265759929,5.321350009955667,1.9190950262449045,-28.002074860128687,1.082008803453702
2026-02-08 00:00:00+00:00,0.0006899483857848942,-0.0017215063093792208,9826.053085784157,8987.920860951936,6.774795206156947,2.507412430712181,1.076593569106412,18.69023406879082,0.5107121636664776
2026-02-09 00:00:00+00:00,0.002907690913551197,0.004099109869006464,9854.624211057762,9024.763336054913,28.57112527360629,3.7133256566302837,1.1197872013346795,-13.104462687335827,0.7558122522261839
2026-02-10 00:00:00+00:00,0.011030518511803486,0.013500304760708123,9963.325825844702,9146.600391484919,108.70161478693947,2.063245341158827,0.5056930787967551,-15.704379063022387,0.4187364828876342
2026-02-11 00:00:00+00:00,0.005941854322679306,0.007293823827457413,10022.52645647126,9213.314083360563,59.20063062655771,1.2202523398668979,0.12912956707005593,-8.86244315602324,0.2449487974590941
2026-02-12 00:00:00+00:00,-0.003181540510677482,-0.00304502298156782,9990.63938253066,9185.259330240327,-31.887073940600146,1.1805050267805384,0.21081193460473438,-5.223637781750049,0.23557034883521208
2026-02-13 00:00:00+00:00,-0.003369962716714606,-0.0034732847194769954,9956.971300295392,9153.35630936417,-33.668082235268955,1.1678029339152973,0.3994571910675585,-3.332321484094583,0.23377941875417568
2026-02-14 00:00:00+00:00,0.01101269249947949,0.011687631421683154,10066.624363451689,9260.337364179357,109.65306315629562,1.7517151557120063,0.48293484617904137,0.4373583392181546,0.35185702617422193
2026-02-15 00:00:00+00:00,-0.0036528591156955053,-0.004361775057104918,10029.852402881372,9219.945855643902,-36.77196057031696,2.553211202301548,0.7304813486259019,0.3358554142098124,0.5072626354413987
2026-02-16 00:00:00+00:00,0.0008546843298361031,0.0006491568699798511,10038.424760560683,9225.931046836935,8.572357679311693,1.3854961685576381,0.34019708036084606,0.8614732373597143,0.276274487979427
2026-02-17 00:00:00+00:00,0.0016613502184788635,0.0015690139594473703,10055.102099729824,9240.406661438321,16.677339169141124,1.423452627695694,0.23960661380337372,0.5386653262560152,0.28360079626998946
2026-02-18 00:00:00+00:00,0.005135158152918062,0.00511615426328648,10106.736639255674,9287.68200737374,51.634539525851125,1.4235598170441692,0.38617827397661353,2.54945549941189,0.2831517378789062
2026-02-19 00:00:00+00:00,0.01434712886777059,0.014715140876055306,10251.739292251694,9424.351556524249,145.0026529960198,1.3816610195731887,0.29670345339571425,6.654739372542193,0.27341387608868045
2026-02-20 00:00:00+00:00,0.002943589009561017,0.0027470898220321818,10281.91619936125,9450.24109676443,30.17690710955692,3.2028585468933866,0.8780538314238799,0.20645449105873892,0.6248419815580211
2026-02-21 00:00:00+00:00,0.003846262634020663,0.003953021516846853,10321.463149444986,9487.598103159331,39.54695008373493,2.4896772370180416,0.792013691338696,-1.0917472395220034,0.48428273266275196
2026-02-22 00:00:00+00:00,0.006603464892864727,0.0072092710042197744,10389.620568995342,9555.996769064128,68.15741955035696,1.5705380235901603,0.24898846823081167,-2.0607728462611092,0.30432468746925917
2026-02-23 00:00:00+00:00,-0.0039016178255581275,-0.004559860074708157,10349.084240182565,9512.422760922833,-40.536328812777604,0.93246728379192,0.2552642339648487,1.8499478107612812,0.1794997762622024
2026-02-24 00:00:00+00:00,-0.005700238365661681,-0.006494212639210586,10290.09199314721,9450.647064799334,-58.99224703535333,0.7434932637282071,0.09920285283437327,1.9407529715836098,0.14368290883968907
2026-02-25 00:00:00+00:00,-0.012638191737060118,-0.014050032056218862,10160.043837545829,9317.865170586892,-130.04815560138155,1.487844118524196,0.263207248404704,0.9826872441308707,0.28917994504131556
2026-02-26 00:00:00+00:00,0.0013468758016212915,0.00070383279633939,10173.728154734032,9324.42338968582,13.684317188202002,4.2427106645542425,1.2461443786663995,1.6372430460537817,0.8351756611276737
2026-02-27 00:00:00+00:00,-0.005789187587008824,-0.006670645119284897,10114.830533987044,9262.223470311266,-58.897620746988444,1.5761183329726929,0.20057560787622894,1.5256046867162956,0.3098408585331218
2026-02-28 00:00:00+00:00,0.004839753493619735,0.004945197225045057,10163.783820401279,9308.026992114397,48.953286414235365,1.4747382524870882,0.25336866104452543,1.4216576975732753,0.29159920129789435
2026-03-01 00:00:00+00:00,-0.0038874996154013514,-0.00465821088688569,10124.272114708447,9264.668239444303,-39.51170569283245,2.519418501770269,0.6340926846644155,0.6935357908260196,0.4957638899625473
2026-03-02 00:00:00+00:00,0.0031296211983364735,0.0030768197206028384,10155.957251336366,9293.173953388268,31.685136627918393,1.3911017312046092,0.2253957390361833,1.5629252137125849,0.2748052828773003
2026-03-03 00:00:00+00:00,0.000701936516761094,0.0005436200303148756,10163.086088593744,9298.22590889453,7.128837257377623,1.0056920849115016,0.13484192428204053,0.936347741921738,0.19804968847799517
2026-03-04 00:00:00+00:00,-0.0021143994758080426,-0.002535231941092265,10141.597264695429,9274.652749574809,-21.48882389831462,0.8517001742057082,0.20853717589042367,1.024098071310318,0.16760660428953567
2026-03-05 00:00:00+00:00,0.0008388980079302897,0.0005929045534804558,10150.105030438013,9280.151733421982,8.50776574258427,1.2947889180668584,0.42457157383715394,1.2894214035073248,0.25534220779486716
2026-03-06 00:00:00+00:00,-0.008127603441817826,-0.00962739138446669,10067.609001857812,9190.808080577091,-82.49602858020043,2.151792201987028,0.5736632448486949,4.122168817854278,0.4239940760286242
2026-03-07 00:00:00+00:00,0.0023078273677561625,0.0017017584385353069,10090.843305440168,9206.448615785172,23.23430358235576,1.8160492000201147,0.3486050400897773,5.429114134165319,0.36077070527570004
2026-03-08 00:00:00+00:00,-0.00267437451742204,-0.0033261019115598,10063.8566112448,9175.82702944553,-26.986694195367974,1.312621986998078,0.36104587432265095,1.9612242829514308,0.2601610088010024
2026-03-09 00:00:00+00:00,0.010374344232458308,0.011041861794010267,10168.262524035956,9277.145243350413,104.40591279115492,1.5798926700891387,0.33742473548922386,1.1703814806952284,0.31397360497442967
2026-03-10 00:00:00+00:00,-0.002676135624354692,-0.002931022275748195,10141.050874457593,9249.9537239868,-27.211649578363378,0.9056458210322362,0.176115563393252,-1.1018915991774016,0.17813187236097638
2026-03-11 00:00:00+00:00,-0.001524506875142341,-0.0017579584778112517,10125.590772678313,9233.692689418356,-15.46010177927885,1.9508313783250342,0.6273535542641904,-1.7772521434237156,0.38473949149365194
2026-03-12 00:00:00+00:00,-0.0010468515269459635,-0.001370700149797142,10114.990782516705,9221.036065465789,-10.599990161608252,1.8406456100488924,0.4078121420865675,-0.19182396117719638,0.36356310488381005
2026-03-13 00:00:00+00:00,-0.003954794064755683,-0.004489614393325429,10074.98807700495,9179.637169224901,-40.0027055117555,1.0977800393650847,0.2242102862042612,0.07420040356324244,0.21706001774367348
2026-03-14 00:00:00+00:00,0.002013573227221869,0.0017556390330198417,10095.274803261385,9195.753298548152,20.286726256436708,0.9202827573191119,0.23830170011939059,3.012012475747205,0.18268661963373553
2026-03-15 00:00:00+00:00,0.0008270037163513145,0.0004507410817036657,10103.62363304127,9199.898202337019,8.348829779884952,1.7238085068602274,0.34371304411694353,2.1364044400401347,0.34150799070934307
2026-03-16 00:00:00+00:00,-0.008160952822396539,-0.009108198779290616,10021.168437236769,9116.103700760896,-82.45519580450053,1.1057649398408522,0.1987166664159449,0.03482416536663796,0.21888482390114686
2026-03-17 00:00:00+00:00,-0.00043022370739448764,-0.000845160572218325,10016.857092999277,9108.39912934076,-4.3113442374926265,2.3088228504131756,0.705663912157852,0.3787404200730142,0.46078915145942984
2026-03-18 00:00:00+00:00,0.0023711685342719868,0.002131712516926703,10040.608749350497,9127.81561777394,23.75165635121905,2.7910000800037276,0.7423865910711961,0.8017812469641499,0.5572606365632072
2026-03-19 00:00:00+00:00,-0.003892748909522698,-0.0047039549344247535,10001.523180590519,9084.878784458193,-39.08556875997821,2.1063494388207187,0.7465918877792826,0.9983232291688457,0.4195660823766235
2026-03-20 00:00:00+00:00,0.0018364038439710679,0.00166736773242145,10019.890016204921,9100.026618196358,18.36683561440217,2.2043965313513634,0.7140559503999568,0.300549394485054,0.4408121626172563
2026-03-21 00:00:00+00:00,0.0010987276188210702,0.0010323798711519205,10030.899146103275,9109.42130250393,11.009129898353848,1.8235005003281683,0.587651970215585,-0.7967068797625095,0.3639761509116499
2026-03-22 00:00:00+00:00,0.0014200774436311419,0.0012897385101760998,10045.143799719996,9121.170073963187,14.244653616720143,1.6132144085828677,0.3841736036700204,0.49849414520940755,0.3216490137296529
2026-03-23 00:00:00+00:00,0.007293273040407547,0.0074016138403755136,10118.405776181511,9188.681452623052,73.26197646151488,2.685680765534228,0.6542694761289478,2.4106475599868276,0.5347222138540397
2026-03-24 00:00:00+00:00,0.0010682712441744257,0.000607823190134191,10129.214978109094,9194.266546296712,10.809201927583118,3.113700400767906,0.8048309303679356,1.3055769227870608,0.6154527639319395
2026-03-25 00:00:00+00:00,-0.002438674253418668,-0.0031346424437304647,10104.513122334636,9165.44580814172,-24.701855774457385,2.4259916823960257,0.6669994485385421,1.0258912496008314,0.479008824995618
2026-03-26 00:00:00+00:00,-0.0016379787776355796,-0.0022141362008601187,10087.962144281912,9145.152262780892,-16.55097805272436,1.8236255934395076,0.4971204820613036,1.4218212326030348,0.36095268942916886
2026-03-27 00:00:00+00:00,0.008370330426198584,0.008552272829951331,10172.401720756534,9223.36410000364,84.43957647462238,2.3703407340209606,0.7617104647945137,3.0956880530579545,0.46993450215602245
2026-03-28 00:00:00+00:00,0.0026693282002473334,0.0024781456434306397,10199.555199533994,9246.22093956584,27.153478777459917,1.9776319688629607,0.37318811753200326,1.9458191288663687,0.38882301803469904
2026-03-29 00:00:00+00:00,0.0014138107095206737,0.0013043892280963196,10213.975439907443,9258.281610560007,14.420240373448433,1.5447197731023177,0.5168233520692177,0.2980262541085872,0.3028994388251155
2026-03-30 00:00:00+00:00,-0.001931199770998678,-0.0023681124015316212,10194.250212876907,9236.356959061168,-19.725227030535375,1.7880555346177758,0.4183943965175113,-0.0070254628313575485,0.35011941141577263
2026-03-31 00:00:00+00:00,0.0002974268040915359,-3.931099873205612e-06,10197.282256137833,9236.320650019497,3.032043260925438,2.7617042742325113,0.7972895194518386,-0.49064149108826477,0.5418160662260484
2026-04-01 00:00:00+00:00,-0.00225004476572853,-0.002875425793649411,10174.337914572754,9209.762295384015,-22.944341565079345,2.2156002761786495,0.5603462385384022,0.8380665556863651,0.43454720984016315
2026-04-02 00:00:00+00:00,-0.0020047036454654975,-0.00244392305370032,10153.941382265211,9187.254344991226,-20.396532307541825,2.316495004218255,0.429408027533817,-0.6344849465049277,0.4553603435758366
2026-04-03 00:00:00+00:00,0.003147854229212807,0.0033131770633231944,10185.904509588554,9217.693345361968,31.96312732334248,1.87372544496287,0.41260367006531645,-0.7622021624269933,0.36906367181427757
2026-04-04 00:00:00+00:00,0.007782650995001142,0.0079562243114438,10265.17784945509,9291.03138125177,79.27333986653598,4.3512973079891,0.858564012685995,0.7254426560582778,0.8543762223360691
2026-04-05 00:00:00+00:00,0.0028261198730042815,0.0024822321180225882,10294.188472575359,9314.09387775587,29.010623120268384,2.9159156886735573,0.8281891110624165,2.2040218164334915,0.5681179091949865
2026-04-06 00:00:00+00:00,-0.012857869540579997,-0.014814278499918824,10161.827140168842,9176.112297076405,-132.36133240651642,3.54381957109436,0.9536168312757025,1.1228118705778272,0.6885087795964515
2026-04-07 00:00:00+00:00,0.004999809101217043,0.004824840159024468,10212.634335989253,9220.385572191057,50.80719582041053,5.063681323013432,1.0192062380763227,0.45103314466827926,0.996608435307294
2026-04-08 00:00:00+00:00,0.004710669930384195,0.004901410783143106,10260.742685465806,9265.578469459331,48.108349476553734,1.1651156793666695,0.34999245698289866,1.4003440719298041,0.22817142786769715
2026-04-09 00:00:00+00:00,-0.0035231578019693176,-0.0049318567474564545,10224.592469819507,9219.881963765642,-36.15021564629846,5.9235333821008105,1.236802023342253,2.3859546419487208,1.1546012922615065
2026-04-10 00:00:00+00:00,0.0024118028227687925,0.0021966908726537013,10249.252170799879,9240.13519432239,24.659700980371227,3.863865152986115,0.6883532224682897,-0.1457479518316481,0.7557983683733701
2026-04-11 00:00:00+00:00,0.002204721727942145,0.0017658573817426388,10271.848919756,9256.451955263585,22.596748956120692,4.597642913521354,0.8354520484072263,0.8468930529979645,0.8971665126203138
2026-04-12 00:00:00+00:00,0.006819566868246387,0.006713304769241893,10341.8984803248,9318.593338321114,70.04956056880046,4.226370355846488,0.7984453410643766,2.8833618143601267,0.8229035276634271
2026-04-13 00:00:00+00:00,-0.012098489985308726,-0.014431033861006842,10216.777125131512,9184.116402318848,-125.12135519328913,3.454969320342489,0.9568092213837268,4.943802267249419,0.6681499198460478
2026-04-14 00:00:00+00:00,-0.008980002847540075,-0.011177334160693424,10125.030437455149,9081.462464319426,-91.74668767636328,7.290401283833759,1.5675885864774517,2.049260452748773,1.4271430598012416
2026-04-15 00:00:00+00:00,0.00702758822517596,0.00700831290364166,10196.184982136956,9145.108194892053,71.154544681808,4.373982271609189,0.9855641329843631,2.149267704587235,0.8639939007844716
2026-04-16 00:00:00+00:00,0.05721610609437791,0.06343722120853079,10779.570983832808,9725.248446427368,583.3860016958508,3.6847741767526987,0.9318044654060461,-1.3708284816227994,0.7227750738552077
2026-04-17 00:00:00+00:00,0.00013742068304752845,-0.0004436536171378329,10781.052319840364,9720.933804776547,1.4813360075576227,4.293303403543659,0.8662438382024568,0.6364304166330983,0.7965629448486868
2026-04-18 00:00:00+00:00,-0.009293310389830143,-0.010891649964896626,10680.86065430309,9615.05679644299,-100.19166553727482,3.191511409828971,0.6693795249676754,1.8244518614854237,0.5920593491519626
2026-04-19 00:00:00+00:00,-0.006708636172500616,-0.0079695008761621,10609.206646164193,9538.429592879389,-71.6540081388963,2.5796387006978407,0.5291389209766776,1.8644178030299572,0.4830394823395734
2026-04-20 00:00:00+00:00,0.010412899297646385,0.011256262928960679,10719.679246598622,9645.79666430622,110.47260043442849,1.9619512310549312,0.40270801137020457,0.7408697651735916,0.36985823662211037
2026-04-21 00:00:00+00:00,-0.0009869643569403966,-0.0013912255818779207,10709.099305264395,9632.377185229243,-10.579941334226524,2.0397688685586624,0.3076461110043778,0.4921227631859624,0.38056528029155084
2026-04-22 00:00:00+00:00,-0.003311428720589511,-0.003942843923224375,10673.636886253298,9594.398225378256,-35.4624190110977,1.83874892370099,0.3723569256318991,0.30543499055563994,0.34339935998111343
2026-04-23 00:00:00+00:00,0.005597468660662602,0.005874588184136381,10733.382234219393,9650.761363826961,59.745347966095196,1.927925139815181,0.5414621856077112,0.9128221919661411,0.36124990204569885
2026-04-24 00:00:00+00:00,-0.0010823121985910635,-0.0013674251635664725,10721.765363695156,9637.56466989049,-11.616870524236251,1.166834046056849,0.1755333599224982,0.23745600625647578,0.21742150248536438
2026-04-25 00:00:00+00:00,-0.010132501967948177,-0.012056666240636716,10613.127055047637,9521.367769293067,-108.63830864751976,2.7015771214897795,0.610515143167402,4.246499685244858,0.5039425933788028
2026-04-26 00:00:00+00:00,-0.007981402071383398,-0.009227915151586424,10528.419420786624,9433.505395390981,-84.70763426101239,2.10867818511588,0.3124103401966452,0.7336511157612045,0.39737170283153933
2026-04-27 00:00:00+00:00,0.0001198137567625735,-0.0004099324871231167,10529.6808702702,9429.638295061959,1.2614494835764836,3.321305630484004,0.6644128164843328,1.1428313656301121,0.6309219832041711
2026-04-28 00:00:00+00:00,0.005290747064480269,0.005154499561216046,10585.390748424496,9478.243361516283,55.709878154296106,4.712297333107159,0.8671950960490616,1.525319270817,0.8950503611960345
2026-04-29 00:00:00+00:00,-0.0009918370090405775,-0.0014950656378437544,10574.891766125053,9464.072765559358,-10.498982299443153,2.790890857306941,0.6363453509187126,0.24437744925486465,0.5273099356719223
2026-04-30 00:00:00+00:00,0.006230933005632648,0.0067645883203471795,10640.783208261593,9528.093321652177,65.89144213654151,1.0926096247517414,0.27063286207112236,0.5076435568999742,0.20664223311518684
2026-05-01 00:00:00+00:00,0.0008433289438658994,0.00044529159983566915,10649.756888726522,9532.33610157076,8.973680464929245,3.928171260284079,0.8620222559310275,-0.05929296986791422,0.7383237085845737
2026-05-02 00:00:00+00:00,0.013558006857377307,0.01453012306029008,10794.146365653278,9670.842118178629,144.3894769267554,4.2479004092180395,1.3912484655273412,0.24431144414109013,0.7977459868055251
2026-05-03 00:00:00+00:00,0.004184599444860836,0.004192523803450782,10839.315544542736,9711.387353958507,45.169178889459324,3.3699987487080287,1.1696767906035834,0.08426757026943699,0.6244122757926067
2026-05-04 00:00:00+00:00,0.002082350788256399,0.002032582162810354,10861.886801811075,9731.126546670306,22.571257268338407,2.418303451972957,0.5225890267431721,-0.10882792217582832,0.44620962311416407
2026-05-05 00:00:00+00:00,-0.012438198227124591,-0.014366216890127863,10726.78450064956,9591.32707211556,-135.1023011615145,3.7019890365980657,0.9579230029636835,0.03726135367032807,0.6816475082360107
2026-05-06 00:00:00+00:00,0.004034020321723534,0.003639465265987295,10770.05656731193,9626.23437384925,43.27206666236936,8.30505295114712,2.052764564816211,-1.9930525872821625,1.5484701777395093
2026-05-07 00:00:00+00:00,-0.0037698412113741915,-0.004475791296468219,10729.455164215648,9583.149357821012,-40.601403096283775,1.766432654408764,0.27725212731307863,0.4399281502320412,0.3280266251841318
2026-05-08 00:00:00+00:00,0.02061673159624432,0.022406975333187924,10950.661461510219,9797.878749095964,221.20629729457153,5.398582282527008,1.2687119681283978,-0.19038823103497482,1.0063106094207084
2026-05-09 00:00:00+00:00,-0.0037332416947898767,-0.004566939964838251,10909.77999555658,9753.132425066078,-40.881465953638596,3.6147956809518416,0.5955173960704045,-0.34545500077508273,0.6601967732556168
2026-05-10 00:00:00+00:00,0.003072572093553867,0.003298210347584186,10943.30108111774,9785.30030735179,33.52108556115938,1.4758046753249474,0.3156740508456303,-0.438275450722973,0.27054710102788954
2026-05-11 00:00:00+00:00,0.004114543648507885,0.004276665302852079,10988.327771074762,9827.148761654229,45.02668995702247,2.451105338229073,0.5347559377780525,0.19237437857616402,0.4479645255229913
2026-05-12 00:00:00+00:00,-0.007855387173903133,-0.009069567946002171,10902.010202039219,9738.020768244935,-86.3175690355443,2.083075311329086,0.42805914685530905,0.29928991556543455,0.379143279073362
2026-05-13 00:00:00+00:00,-0.002509344852048567,-0.003259689638603403,10874.653298861751,9706.277842846182,-27.35690317746807,3.5888052073680696,0.8915498664139279,-0.09433285249730322,0.6583749493642529
2026-05-14 00:00:00+00:00,-0.005582901043011365,-0.0068064563197921596,10813.941185617148,9640.212486681083,-60.71211324460225,4.084701752237533,0.9446039015212276,0.3239372667379861,0.751233467399844
2026-05-15 00:00:00+00:00,0.005032700470847253,0.005290577968130735,10868.364512513717,9691.214782471216,54.423326896569925,2.6768300900209603,0.8086471723849344,-0.06444615596971179,0.49507021428620696
2026-05-16 00:00:00+00:00,0.002714653485678696,0.0027818744672515835,10897.86835612124,9718.174525431223,29.503843607522004,1.748578651774015,0.34588470276938865,0.4496372929708176,0.3217740166444952
2026-05-17 00:00:00+00:00,0.002274597646644328,0.002403900181177265,10922.656621837514,9741.53604693362,24.788265716273067,0.752017691484081,0.25614645815701037,0.41858006423557337,0.13801188762969027
2026-05-18 00:00:00+00:00,0.0032400491837800485,0.003405304440368975,10958.046566509807,9774.708942890256,35.38994467229438,1.406720630395059,0.40916830847222924,0.40115977678960585,0.25757847730608363
2026-05-19 00:00:00+00:00,-2.974934828653383e-05,-0.00021462121607686592,10957.72057176596,9772.611082970136,-0.32599474384715643,0.9861451567279556,0.2520477069969726,0.533672312548439,0.17998557511916974
2026-05-20 00:00:00+00:00,0.00037955219930253114,0.00032487670307582335,10961.879598708316,9775.785976639214,4.159026942356359,0.5970616416886139,0.14332722185851715,0.24374440973163866,0.1089755187273206
2026-05-21 00:00:00+00:00,0.0021781639597873593,0.002265811425048241,10985.756369781751,9797.93606419391,23.876771073434774,1.3916489749653447,0.3178803394901576,0.017154204283762624,0.25390699878318834
2026-05-22 00:00:00+00:00,0.0032042534394060643,0.0034096563997929145,11020.957517414101,9831.34365959995,35.201147632350256,1.3907394558242616,0.32242725990582194,0.0803855105796135,0.25318956820301136
2026-05-23 00:00:00+00:00,0.009625917711058139,0.010486207044263915,11127.044347573797,9934.437164737827,106.08683015969572,2.041295205745428,0.5206913085823196,0.43133850749160363,0.3704388121485812
2026-05-24 00:00:00+00:00,-0.0016667104809081391,-0.002092935883862776,11108.498786138167,9913.645024709767,-18.545561435630916,1.355412139745401,0.38896747970626466,0.5021989729771945,0.24362482927300322
2026-05-25 00:00:00+00:00,0.006013473700847338,0.006590096586797154,11175.299451444504,9978.976902949826,66.80066530633644,1.1013744178814076,0.30489055528318726,0.06252209311342141,0.198294015975546
2026-05-26 00:00:00+00:00,0.006813354752761578,0.007303933068349751,11251.440731075536,10051.862682339579,76.14127963103326,2.1716846097565474,0.6448544189905833,0.43896121253250087,0.3886579718408956
2026-05-27 00:00:00+00:00,-0.00344849581726647,-0.0040475783380137095,11212.6401847762,10011.176980689854,-38.80054629933558,1.4098990186362326,0.2903770920423851,0.18487923971186537,0.25061661921076644
2026-05-28 00:00:00+00:00,-0.0034851492919388484,-0.004027445654041427,11173.562459775463,9970.857509467134,-39.07772500073786,0.8629765070203793,0.11514150704064821,0.26362820792004404,0.15392922501732875
2026-05-29 00:00:00+00:00,0.016654071312827125,0.018280091593281887,11359.647765798893,10153.125698003756,186.08530602342864,3.298050806505665,0.7949117245530272,-0.2758450442517693,0.5903311174710058
2026-05-30 00:00:00+00:00,0.004472630896225313,0.004768215698064356,11410.455277366442,10201.537991341398,50.80751156754897,2.2267395954905003,0.5679412109621823,-0.39946257654583517,0.3920437748421506
2026-05-31 00:00:00+00:00,0.004668029632114621,0.00511624807856505,11463.719620717107,10253.731590488007,53.26434335066521,0.7839038408972331,0.14626920696317205,0.14057115619602337,0.13740097513061894
2026-06-01 00:00:00+00:00,0.012427688140157997,0.01371122995880099,11606.18715308959,10394.32286226101,142.46753237248254,1.7412860581837462,0.4830968349482688,-0.3481222936527364,0.3037907617762935
2026-06-02 00:00:00+00:00,-0.0006701798402332276,-0.0010315843080327392,11598.408920437616,10383.600241903676,-7.77823265197452,1.6775123539768375,0.5096742590870029,0.7572010922960448,0.28907208402723034
2026-06-03 00:00:00+00:00,0.02676704438643835,0.029643491973825688,11908.864046823031,10691.406412333961,310.4551263854162,1.781515566765892,0.3459266639167442,0.5215137244473813,0.307199992513917
2026-06-04 00:00:00+00:00,-0.008927842149243637,-0.010125674615906851,11802.543588436192,10583.148709816247,-106.32045838683881,1.416419641918766,0.44477542312427426,0.0760490658318751,0.23787653236273684
2026-06-05 00:00:00+00:00,0.0025659207702027472,0.002811942343949381,11832.827980170983,10612.907913805693,30.28439173479169,0.9034156029199389,0.2169397758584754,-0.5951676334322911,0.15308828917269676
2026-06-06 00:00:00+00:00,-0.0041184339101562216,-0.004614057290729591,11784.095260164402,10563.939348670156,-48.73272000658153,0.8175214503193873,0.175213466184943,-0.7568897875489272,0.13817854052967887
2026-06-07 00:00:00+00:00,-0.0007537506149481699,-0.0008791289631510044,11775.212991115446,10554.65228362377,-8.882269048956733,0.4508798674315695,0.1326048764598092,-0.17868874646161878,0.07652345937082644
2026-06-08 00:00:00+00:00,0.006662641329629707,0.007131792654890611,11853.667011855245,10629.925875255041,78.45402073979841,2.4508378547606937,0.8190975897801231,-0.08950633601481446,0.4162706622139036
2026-06-09 00:00:00+00:00,0.004678591114182968,0.005204528469566589,11909.125473007394,10685.249627102188,55.458461152149724,0.1379874651181479,0.037329094853790226,-0.04060725496961637,0.023281819032058528
2026-06-10 00:00:00+00:00,-0.0027540335693822123,-0.0031444550676251975,11876.327341672748,10651.650339763406,-32.79813133464718,0.644617858428609,0.13173162207412867,0.024806523631807333,0.10825612004670979
2026-06-11 00:00:00+00:00,0.00585516210016665,0.006472817636218138,11945.865163412884,10720.596529937455,69.53782174013521,0.9220183709247469,0.1755508071690819,-0.5059376120081109,0.15526994910109698
2026-06-12 00:00:00+00:00,-0.009801726171696114,-0.011084667226821122,11828.775064197107,10601.762284930084,-117.09009921577693,1.5687172851256332,0.28247613306354913,-0.10704762659617584,0.26263770160912436
2026-06-13 00:00:00+00:00,0.0020998078257693886,0.002112888996987434,11853.613218646175,10624.16263181059,24.838154449066888,1.9246654584607066,0.6839050954888408,-0.1707629853877871,0.32542092448544596
2026-06-14 00:00:00+00:00,-0.000634491823481317,-0.0009461229718570824,11846.092197980233,10614.110867487889,-7.521020665941055,1.3898874838781765,0.2611798520855869,0.879676320796779,0.23450866132392978
2026-06-15 00:00:00+00:00,0.001821277571758393,0.001825878822554469,11867.667220013396,10633.49094774108,21.575022033163485,1.49546975713691,0.4074235494223354,0.2920484734128589,0.25248322098858705
2026-06-16 00:00:00+00:00,0.013768451522683325,0.014668111971847957,12031.066620819489,10789.464183614178,163.39940080609242,5.003160458539776,1.0364227710015315,1.3865817034532955,0.8431581987911738
2026-06-17 00:00:00+00:00,-0.007744700723213043,-0.008932891215076766,11937.889610460204,10693.083073792986,-93.17701035928499,2.522572282332956,0.5326683709245845,0.14885880864996076,0.41934308267692605
2026-06-18 00:00:00+00:00,0.006638321461436435,0.006867341068209392,12017.137159265581,10766.516122331419,79.24754880537702,3.525338254511544,0.85857007943562,1.4305919329965602,0.5906133109863196
2026-06-19 00:00:00+00:00,-0.011553622355509606,-0.013316172167547645,11878.295694733066,10623.147340001777,-138.84146453251603,3.0542569801990047,0.7223942698059622,0.7506665471216664,0.5083169043875111
2026-06-20 00:00:00+00:00,-0.015779421368504742,-0.018325958644271,11690.863061826178,10428.467981176907,-187.43263290688884,3.3581999060802703,1.0204164116324876,2.868109600268438,0.5654346368173547
2026-06-21 00:00:00+00:00,-0.0022324993520356873,-0.002747138494921541,11664.763217615913,10399.81953534276,-26.09984421026489,2.6200815252877847,0.7316098884834479,-0.8030897898883127,0.4482272200831875
2026-06-22 00:00:00+00:00,0.001068339329299606,0.0008884690866219813,11677.22514292826,10409.05945350636,12.4619253123465,2.4696292686665946,0.5766973849703952,0.1756804951100923,0.42343410193479203
2026-06-23 00:00:00+00:00,-0.00119370078321953,-0.0016681338800978434,11663.286030129317,10391.695748772012,-13.939112798944254,2.1773063249513003,0.4761489588384073,0.7711366516127376,0.37291502018694556
2026-06-24 00:00:00+00:00,0.009917848361496732,0.010722583830044801,11778.960732372903,10503.12157757454,115.67470224358577,3.2444504894927,0.7264105015504124,0.2780124500145768,0.5563527261719272
2026-06-25 00:00:00+00:00,0.003782354289905332,0.003988713174899812,11823.512935029621,10545.015516988586,44.5522026567171,1.5035211868657061,0.4341465718315694,0.7205954839737614,0.25528927738649787
2026-06-26 00:00:00+00:00,0.0066647098220359675,0.007134713603415011,11902.313217818682,10620.251182645867,78.80028278906123,2.112979912038535,0.5960053608931114,0.8556318588487442,0.35741998569281247
2026-06-27 00:00:00+00:00,-0.005405036987507266,-0.006364626475311193,11837.980774639476,10552.657250794344,-64.3324431792066,1.851814004774738,0.693580083782719,0.716094583758837,0.3111687570114403
2026-06-28 00:00:00+00:00,0.00420841861651701,0.004307774951672093,11887.799953313439,10598.115723372897,49.819178673963236,2.216141213736128,0.8039541634032767,1.3406107182710632,0.37441203122812466
2026-06-29 00:00:00+00:00,0.003743899997282335,0.0040075544209966655,11932.306687526341,10640.588248894335,44.506734212903126,1.0744125925631165,0.423438097032479,0.5363580018702028,0.18075886148532466
2026-06-30 00:00:00+00:00,-0.006341822089226169,-0.007355907410898464,11856.634121399966,10562.317066937974,-75.6725661263757,2.2836561251839784,0.4489746926053936,-0.13401498780411641,0.38276859369885974
2026-07-01 00:00:00+00:00,-0.01094413779093975,-0.012656965745661487,11726.873483838606,10428.630181626924,-129.7606375613591,3.2963983582863383,0.8356330972531354,-0.20578370584887823,0.5560428574474925
2026-07-02 00:00:00+00:00,-0.007002916300330938,-0.008326642578486039,11644.751170366715,10341.794705521304,-82.12231347189203,3.8488207561596965,1.1757340716988214,-0.311392194131219,0.6564103827783168
2026-07-03 00:00:00+00:00,-0.0046272531721992015,-0.005488631731226944,11590.867958574165,10285.032402942745,-53.883211792549744,2.120915960433734,0.4303965829104118,0.32777824266515654,0.3642698636328082
2026-07-04 00:00:00+00:00,0.0006502017263981797,0.0005146914457950758,11598.404360931283,10290.326021140265,7.536402357118266,1.631572413686109,0.5171516041612476,0.0940601417511056,0.2815272194485105
2026-07-05 00:00:00+00:00,0.0010910680738501794,0.0010545901820522602,11611.0590096371,10301.178097932276,12.654648705816816,0.7810960193390767,0.37311446845055735,0.6483614260157602,0.13469025480266308
2026-07-06 00:00:00+00:00,-0.002085066174980264,-0.0025820656346597116,11586.849183240405,10274.579779969095,-24.209826396694158,1.3865263925657971,0.3094876371624951,0.6924775367577719,0.2388285842686683
2026-07-07 00:00:00+00:00,-0.0004191307854896546,-0.0010563461329484082,11581.992778040883,10263.726267350856,-4.8564051995217135,3.917372100219488,0.9934661163948675,1.0862692021041933,0.6761755570074567
2026-07-08 00:00:00+00:00,-0.008672050907564994,-0.010185836458641675,11481.553147058663,10159.181630135356,-100.43963098222065,1.448314616501039,0.40194876907952926,2.2547428476993585,0.25009765491254676
2026-07-09 00:00:00+00:00,0.005408271066075667,0.0054356068802350645,11543.64849873751,10214.402947701677,62.09535167884738,4.587914009362746,1.3981426139263409,0.8879774892368717,0.7991800326313996
2026-07-10 00:00:00+00:00,0.003759456889437489,0.004060977819719749,11587.046347615333,10255.883411513974,43.397848877823456,0.9211832557427886,0.13305642034159768,0.8631453894425358,0.15960001828599257
2026-07-11 00:00:00+00:00,0.006093803926618188,0.006620717277063971,11657.655536146338,10323.784716008138,70.60918853100524,1.6958452756832996,0.6523285894444647,0.3597101717131357,0.29271398850187774
2026-07-12 00:00:00+00:00,0.0008546242008588802,0.000585690926416044,11667.618450692806,10329.831263042577,9.962914546467164,2.3579230850137685,0.6005323574605909,0.9579120695542039,0.40452783627079536
2026-07-13 00:00:00+00:00,-0.00884149789959865,-0.010371267070496258,11564.459226667686,10222.6978242204,-103.15922402511889,2.6432676376870488,0.6467364780497805,0.6842106813205325,0.4530946308978925
2026-07-14 00:00:00+00:00,0.006534230247699648,0.007163249190641616,11640.024065944868,10295.92555613592,75.56483927718128,1.7016516291911872,0.5677958331592647,0.06765989931023567,0.2942898748377567
2026-07-15 00:00:00+00:00,-0.003430837252267402,-0.004348120614056575,11600.089037762136,10251.157629984495,-39.93502818273272,3.3222871950696193,0.7943020214234039,0.7163087522007612,0.5708385440180679
2026-07-16 00:00:00+00:00,-0.001996014743929913,-0.0029045380768282325,11576.935089011864,10221.382752316636,-23.15394875027298,2.7717042163338674,0.8773162446977909,2.9719084565535905,0.4778763692780376
2026-07-17 00:00:00+00:00,0.0033376691254989716,0.0031218097904401826,11615.575067826365,10253.291965064655,38.63997881450059,2.3851248278661985,1.0196313883639847,3.326009850251908,0.4120477154838704
2026-07-18 00:00:00+00:00,0.0068817540026617895,0.007200934705843331,11695.510598042598,10327.125251025032,79.93553021623258,3.786857105790607,1.1072055974238593,1.2081815526394823,0.6520309297952384
2026-07-19 00:00:00+00:00,0.00614194842466982,0.0067497073934484385,11767.343820935956,10396.830324684945,71.83322289335692,1.0245623487579916,0.13839079887747927,0.9651960858097247,0.17520609128933043
2026-07-20 00:00:00+00:00,-0.006183768142728503,-0.007287263056315668,11694.577295091518,10321.065887157085,-72.76652584443686,1.6209296763357313,0.6955171771391666,0.6814648299472681,0.27549627188624204
2026-07-21 00:00:00+00:00,-0.00410272593881802,-0.004943218317055232,11646.597649479434,10270.046605212156,-47.97964561208425,2.7466024181540316,0.6847401679850139,-0.39170625329448244,0.46972239335351496
2026-07-22 00:00:00+00:00,-0.0017117123460708467,-0.0023375731270464874,11626.6620244931,10246.039620254296,-19.93562498633365,3.7454647094559284,1.0160479196403676,-0.6901526575710064,0.64318607411038
2026-07-23 00:00:00+00:00,0.0030651584677309517,0.003222110195593569,11662.29958604892,10279.053488979172,35.637561555820916,2.203685286077147,0.6039944340517127,-0.18398688918497186,0.3790744551505484
2026-07-24 00:00:00+00:00,-0.0048971784742061425,-0.005854982823896175,11605.187223556379,10218.86980735529,-57.11236249254198,2.1655746598799763,0.4497676432759971,0.45597682818514773,0.3713803858152564
2026-07-25 00:00:00+00:00,-0.014132372668927778,-0.016336059456825976,11441.1783928204,10051.93374260077,-164.00883073597802,2.6198635267568053,0.5165941169182501,-0.20922362513327036,0.4514987093769531
2026-07-26 00:00:00+00:00,0.003170239221406896,0.003234477924636492,11477.449665300433,10084.446500391121,36.271272480032344,2.965188833208721,0.6745702460755092,0.11875561039724794,0.5183362642207282
2026-07-27 00:00:00+00:00,0.004773143227365166,0.005016282129438161,11532.233176437787,10135.032929156308,54.78351113735336,3.2046371621185,0.7954171433175461,0.19702806673012324,0.5584232134438405
2026-07-28 00:00:00+00:00,-0.00017453668593261814,-0.00039393280856857065,11530.22037867777,10131.04040716959,-2.012797760017641,1.6123715033588102,0.3501762990394295,0.017176424301611027,0.2796286683923709
2026-07-29 00:00:00+00:00,0.0013179677636672754,0.001280737148455905,11545.416837444847,10144.01560697156,15.196458767076786,1.1834033282624206,0.36634035757883837,0.6715152792655952,0.20526985424334576
2026-07-30 00:00:00+00:00,0.007297379584822581,0.008053928468865866,11629.668126572684,10225.714783057167,84.25128912783691,1.5589390595423573,0.42408890467175164,0.5690850780149049,0.2700533175183948
2026-07-31 00:00:00+00:00,-0.009474377095728221,-0.010866910754645654,11519.484265243364,10114.592853107224,-110.18386132932076,0.5650168447146492,0.1203754728482419,0.2526763030593128,0.09716818030664857
2026-08-01 00:00:00+00:00,0.0005631425995099666,0.0003990056236981177,11525.971377557507,10118.628632537031,6.487112314143305,2.1651437432098253,0.45189652649574674,-0.1657073853688381,0.37590983994700283
2026-08-02 00:00:00+00:00,-0.00173342650060059,-0.0022341442935965776,11505.991953326486,10096.022156118626,-19.979424231022072,2.321218792481009,0.43878432901339354,-0.13295093411092665,0.40278059287926204
2026-08-03 00:00:00+00:00,-0.007092974058874189,-0.008493908492427912,11424.380250879925,10010.26746778703,-81.61170244655992,3.289164676296851,0.7432364040456991,0.11058480469388254,0.5717307451003255
2026-08-04 00:00:00+00:00,0.004102138170012325,0.00412375656174253,11471.244637175794,10051.547373942114,46.86438629586953,4.056871432283164,1.317929046213087,0.2096796622887317,0.710212955660452
2026-08-05 00:00:00+00:00,-0.0002017495035035412,-0.0006415704299116008,11468.930319265677,10045.098598372137,-2.314317910117876,3.302933466946188,0.7677832727739353,0.06374092013886443,0.5758631380316139
2026-08-06 00:00:00+00:00,0.0004402810409922658,5.968930744694821e-05,11473.979871845711,10045.698183350709,5.049552580034051,3.3953768367240404,0.886563287348502,0.16802747738836588,0.5921000027387797
2026-08-07 00:00:00+00:00,0.002350324591086766,0.002350371584385481,11500.947448896144,10069.309306906169,26.967577050433555,2.751106266899742,0.9223900586065905,-0.31704283053313453,0.4795382766271486
2026-08-08 00:00:00+00:00,-0.005013348338912199,-0.006191391523654629,11443.289193107305,10006.966270614334,-57.65825578883997,3.5949678989713103,0.8301891533656236,0.2596234506586164,0.6251603035220118
2026-08-09 00:00:00+00:00,0.0006654711215762584,0.00049237263832048,11450.904371601164,10011.89342699858,7.615178493858595,2.1660838347274947,0.3858272291776574,0.1361110457070095,0.37857713777472357
2026-08-10 00:00:00+00:00,-0.0024177617264801677,-0.0033094736185289913,11423.218813277923,9978.759329830405,-27.68555832324173,4.330274925334447,0.9385227283535802,0.17974119124586085,0.7563201621129162
2026-08-11 00:00:00+00:00,0.0006655177673770634,0.00021039150088051075,11430.821168358796,9980.858775982733,7.602355080872391,4.440109669811305,1.166513076869288,-0.1037138181366204,0.7773832826611509
2026-08-12 00:00:00+00:00,0.0034749204411490286,0.00359202077360416,11470.542362495846,10016.710228044472,39.721194137049004,2.39682626991733,0.43916293255784183,1.0337528728344647,0.4193620448812357
2026-08-13 00:00:00+00:00,0.0014037350990068465,0.001122549555795119,11486.643965414725,10027.954481661493,16.10160291888033,3.3650225095662845,0.9418763232639975,0.5504504690303038,0.5867242198709944
2026-08-14 00:00:00+00:00,0.003859277898785482,0.003743460778369037,11530.974116601668,10065.493735950862,44.33015118694268,4.4738162372039465,1.0080460795821264,1.3090345807867998,0.7789596771126908
2026-08-15 00:00:00+00:00,0.01105531007865572,0.012006839704018748,11658.452610969653,10186.348505780228,127.47849436798467,3.5832690539389356,1.056253868233461,1.984201616445457,0.621503268970128
2026-08-16 00:00:00+00:00,0.00811092093512439,0.00897315595284021,11753.013398323123,10277.752199512575,94.56078735346937,2.252485857198094,0.455335376143893,0.4492723877805551,0.38641249098164
2026-08-17 00:00:00+00:00,-0.0036021748667339516,-0.0046096386460105455,11710.676988851295,10230.375475779581,-42.33640947182694,3.189172994286252,0.9496538442293583,0.9014874226504941,0.5426987762544833
2026-08-18 00:00:00+00:00,0.005636072817019662,0.0062114423924726336,11776.679217097058,10293.92086370075,66.00222824576245,2.287887243363712,0.5941832410856469,-0.4252301598565844,0.3907352658675169
2026-08-19 00:00:00+00:00,-0.006353179502431883,-0.007469222181722326,11701.859860088281,10217.033281648703,-74.81935700877659,2.3061461625379693,0.8138999345535384,-1.0518210538202064,0.39164625613474635
2026-08-20 00:00:00+00:00,-0.007586391026677466,-0.00932152341595116,11613.08497545027,10121.794966672262,-88.77488463801097,5.2242531800548955,1.4877670053786263,-0.24858984700379616,0.8928927952510076
2026-08-21 00:00:00+00:00,-0.03066143852318905,-0.03559653759830499,11257.011084410931,9761.494111578779,-356.0738910393389,3.433849916858492,0.8054911630921542,-0.012377025806156274,0.5913760080318973
2026-08-22 00:00:00+00:00,0.006231791943308633,0.006516093949634321,11327.1624353925,9825.100924298627,70.15135098156802,5.282515976407603,1.2790476458770095,-0.017025360566136474,0.938529053013548
2026-08-23 00:00:00+00:00,-0.006215626025388469,-0.007641042892500669,11256.757029765271,9750.026906712914,-70.40540562722826,3.927417756534488,0.840901161809317,-0.09970695985827564,0.693451299729401
2026-08-24 00:00:00+00:00,0.0022996607968190324,0.002350889325101155,11282.64375260594,9772.948140887354,25.88672284066825,2.326521974096765,0.5484294333605527,0.09053725877051025,0.4133556348324733
2026-08-25 00:00:00+00:00,0.0026885419958679008,0.0027351544547262884,11312.977614159237,9799.67866353071,30.333861553297673,3.0145267013591597,0.5818375755247025,0.0069746330567658915,0.5343653078938875
2026-08-26 00:00:00+00:00,0.0013528603634409223,0.0008977038057118935,11328.282493165927,9808.475872361716,15.304879006690484,4.7439901984858865,1.2054969937060367,0.5581829834934012,0.838681090033864
2026-08-27 00:00:00+00:00,0.012466503033890573,0.013949992978727082,11469.50656123575,9945.304041913176,141.2240680698225,3.309159020039044,1.0851780535754547,0.0015614447480831115,0.5842296079807998
2026-08-28 00:00:00+00:00,-0.006890833470015009,-0.008248927083001236,11390.47210153903,9863.265954053157,-79.03445969672006,2.123014188739517,0.7838974954591761,0.0967164791005054,0.3702014864204896
2026-08-29 00:00:00+00:00,0.0031483375639037494,0.003175034099797383,11426.333152726902,9894.582159792646,35.86105118787301,3.673819398555008,0.8724591663848725,-0.0014331165562111448,0.6450688550580125
2026-08-30 00:00:00+00:00,0.008904817543728766,0.009829037379526045,11528.082564645794,9991.83637769604,101.74941191889214,3.3778469729712026,1.0125184584882823,0.10482858403918435,0.5912390139202404
2026-08-31 00:00:00+00:00,-0.012191291349812634,-0.01535815358343448,11387.540351395503,9838.380220026836,-140.54221325029212,10.22024962154973,2.6564096174258536,0.03728517993572569,0.4776999230613035
