time,equity
2025-03-01 01:00:00+00:00,10000.0
2025-03-01 02:00:00+00:00,10000.0
2025-03-01 03:00:00+00:00,10000.0
2025-03-01 04:00:00+00:00,10000.0
2025-03-01 05:00:00+00:00,10000.0
2025-03-01 06:00:00+00:00,10000.0
2025-03-01 07:00:00+00:00,10000.0
2025-03-01 08:00:00+00:00,10000.0
2025-03-01 09:00:00+00:00,10000.0
2025-03-01 10:00:00+00:00,10000.0
2025-03-01 11:00:00+00:00,10000.0
2025-03-01 12:00:00+00:00,10000.0
2025-03-01 13:00:00+00:00,10000.0
2025-03-01 14:00:00+00:00,10000.0
2025-03-01 15:00:00+00:00,10000.0
2025-03-01 16:00:00+00:00,10000.0
2025-03-01 17:00:00+00:00,10000.0
2025-03-01 18:00:00+00:00,10000.0
2025-03-01 19:00:00+00:00,10000.0
2025-03-01 20:00:00+00:00,10000.0
2025-03-01 21:00:00+00:00,10000.0
2025-03-01 22:00:00+00:00,10000.0
2025-03-01 23:00:00+00:00,10000.0
2025-03-02 00:00:00+00:00,10000.0
2025-03-02 01:00:00+00:00,10000.0
2025-03-02 02:00:00+00:00,10000.0
2025-03-02 03:00:00+00:00,10000.0
2025-03-02 04:00:00+00:00,10000.0
2025-03-02 05:00:00+00:00,10000.0
2025-03-02 06:00:00+00:00,10000.0
2025-03-02 07:00:00+00:00,10000.0
2025-03-02 08:00:00+00:00,10000.0
2025-03-02 09:00:00+00:00,10000.0
2025-03-02 10:00:00+00:00,10000.0
2025-03-02 11:00:00+00:00,10000.0
2025-03-02 12:00:00+00:00,10000.0
2025-03-02 13:00:00+00:00,10000.0
2025-03-02 14:00:00+00:00,10000.0
2025-03-02 15:00:00+00:00,10000.0
2025-03-02 16:00:00+00:00,10000.0
2025-03-02 17:00:00+00:00,10000.0
2025-03-02 18:00:00+00:00,10000.0
2025-03-02 19:00:00+00:00,10000.0
2025-03-02 20:00:00+00:00,10000.0
2025-03-02 21:00:00+00:00,10000.0
2025-03-02 22:00:00+00:00,10000.0
2025-03-02 23:00:00+00:00,10000.0
2025-03-03 00:00:00+00:00,10000.0
2025-03-03 01:00:00+00:00,10000.0
2025-03-03 02:00:00+00:00,10000.0
2025-03-03 03:00:00+00:00,10000.0
2025-03-03 04:00:00+00:00,10000.0
2025-03-03 05:00:00+00:00,10000.0
2025-03-03 06:00:00+00:00,10000.0
2025-03-03 07:00:00+00:00,10000.0
2025-03-03 08:00:00+00:00,10000.0
2025-03-03 09:00:00+00:00,10000.0
2025-03-03 10:00:00+00:00,10000.0
2025-03-03 11:00:00+00:00,10000.0
2025-03-03 12:00:00+00:00,10000.0
2025-03-03 13:00:00+00:00,10000.0
2025-03-03 14:00:00+00:00,10000.0
2025-03-03 15:00:00+00:00,10000.0
2025-03-03 16:00:00+00:00,10000.0
2025-03-03 17:00:00+00:00,10000.0
2025-03-03 18:00:00+00:00,10000.0
2025-03-03 19:00:00+00:00,10000.0
2025-03-03 20:00:00+00:00,10000.0
2025-03-03 21:00:00+00:00,10000.0
2025-03-03 22:00:00+00:00,10000.0
2025-03-03 23:00:00+00:00,10000.0
2025-03-04 00:00:00+00:00,10000.0
2025-03-04 01:00:00+00:00,10000.0
2025-03-04 02:00:00+00:00,10000.0
2025-03-04 03:00:00+00:00,10000.0
2025-03-04 04:00:00+00:00,10000.0
2025-03-04 05:00:00+00:00,10000.0
2025-03-04 06:00:00+00:00,10000.0
2025-03-04 07:00:00+00:00,10000.0
2025-03-04 08:00:00+00:00,10000.0
2025-03-04 09:00:00+00:00,10000.0
2025-03-04 10:00:00+00:00,10000.0
2025-03-04 11:00:00+00:00,10000.0
2025-03-04 12:00:00+00:00,10000.0
2025-03-04 13:00:00+00:00,10000.0
2025-03-04 14:00:00+00:00,10000.0
2025-03-04 15:00:00+00:00,10000.0
2025-03-04 16:00:00+00:00,10000.0
2025-03-04 17:00:00+00:00,10000.0
2025-03-04 18:00:00+00:00,10000.0
2025-03-04 19:00:00+00:00,10000.0
2025-03-04 20:00:00+00:00,10000.0
2025-03-04 21:00:00+00:00,10000.0
2025-03-04 22:00:00+00:00,10000.0
2025-03-04 23:00:00+00:00,10000.0
2025-03-05 00:00:00+00:00,10000.0
2025-03-05 01:00:00+00:00,10000.0
2025-03-05 02:00:00+00:00,10000.0
2025-03-05 03:00:00+00:00,10000.0
2025-03-05 04:00:00+00:00,10000.0
2025-03-05 05:00:00+00:00,10000.0
2025-03-05 06:00:00+00:00,10000.0
2025-03-05 07:00:00+00:00,10000.0
2025-03-05 08:00:00+00:00,10000.0
2025-03-05 09:00:00+00:00,10000.0
2025-03-05 10:00:00+00:00,10000.0
2025-03-05 11:00:00+00:00,10000.0
2025-03-05 12:00:00+00:00,10000.0
2025-03-05 13:00:00+00:00,10000.0
2025-03-05 14:00:00+00:00,10000.0
2025-03-05 15:00:00+00:00,10000.0
2025-03-05 16:00:00+00:00,10000.0
2025-03-05 17:00:00+00:00,10000.0
2025-03-05 18:00:00+00:00,10000.0
2025-03-05 19:00:00+00:00,10000.0
2025-03-05 20:00:00+00:00,10000.0
2025-03-05 21:00:00+00:00,10000.0
2025-03-05 22:00:00+00:00,10000.0
2025-03-05 23:00:00+00:00,10000.0
2025-03-06 00:00:00+00:00,10000.0
2025-03-06 01:00:00+00:00,10000.0
2025-03-06 02:00:00+00:00,10000.0
2025-03-06 03:00:00+00:00,10000.0
2025-03-06 04:00:00+00:00,10000.0
2025-03-06 05:00:00+00:00,10000.0
2025-03-06 06:00:00+00:00,10000.0
2025-03-06 07:00:00+00:00,10000.0
2025-03-06 08:00:00+00:00,10000.0
2025-03-06 09:00:00+00:00,10000.0
2025-03-06 10:00:00+00:00,10000.0
2025-03-06 11:00:00+00:00,10000.0
2025-03-06 12:00:00+00:00,10000.0
2025-03-06 13:00:00+00:00,10000.0
2025-03-06 14:00:00+00:00,10000.0
2025-03-06 15:00:00+00:00,10000.0
2025-03-06 16:00:00+00:00,10000.0
2025-03-06 17:00:00+00:00,10000.0
2025-03-06 18:00:00+00:00,10000.0
2025-03-06 19:00:00+00:00,10000.0
2025-03-06 20:00:00+00:00,10000.0
2025-03-06 21:00:00+00:00,10000.0
2025-03-06 22:00:00+00:00,10000.0
2025-03-06 23:00:00+00:00,10000.0
2025-03-07 00:00:00+00:00,10000.0
2025-03-07 01:00:00+00:00,10000.0
2025-03-07 02:00:00+00:00,10000.0
2025-03-07 03:00:00+00:00,10000.0
2025-03-07 04:00:00+00:00,10000.0
2025-03-07 05:00:00+00:00,10000.0
2025-03-07 06:00:00+00:00,10000.0
2025-03-07 07:00:00+00:00,10000.0
2025-03-07 08:00:00+00:00,10000.0
2025-03-07 09:00:00+00:00,10000.0
2025-03-07 10:00:00+00:00,10000.0
2025-03-07 11:00:00+00:00,10000.0
2025-03-07 12:00:00+00:00,10000.0
2025-03-07 13:00:00+00:00,10000.0
2025-03-07 14:00:00+00:00,10000.0
2025-03-07 15:00:00+00:00,10000.0
2025-03-07 16:00:00+00:00,10000.0
2025-03-07 17:00:00+00:00,10000.0
2025-03-07 18:00:00+00:00,10000.0
2025-03-07 19:00:00+00:00,10000.0
2025-03-07 20:00:00+00:00,10000.0
2025-03-07 21:00:00+00:00,10000.0
2025-03-07 22:00:00+00:00,10000.0
2025-03-07 23:00:00+00:00,10000.0
2025-03-08 00:00:00+00:00,10000.0
2025-03-08 01:00:00+00:00,10000.0
2025-03-08 02:00:00+00:00,10000.0
2025-03-08 03:00:00+00:00,10000.0
2025-03-08 04:00:00+00:00,10000.0
2025-03-08 05:00:00+00:00,10000.0
2025-03-08 06:00:00+00:00,10000.0
2025-03-08 07:00:00+00:00,10000.0
2025-03-08 08:00:00+00:00,10000.0
2025-03-08 09:00:00+00:00,10000.0
2025-03-08 10:00:00+00:00,10000.0
2025-03-08 11:00:00+00:00,10000.0
2025-03-08 12:00:00+00:00,10000.0
2025-03-08 13:00:00+00:00,10000.0
2025-03-08 14:00:00+00:00,10000.0
2025-03-08 15:00:00+00:00,10000.0
2025-03-08 16:00:00+00:00,10000.0
2025-03-08 17:00:00+00:00,10000.0
2025-03-08 18:00:00+00:00,10000.0
2025-03-08 19:00:00+00:00,10000.0
2025-03-08 20:00:00+00:00,10000.0
2025-03-08 21:00:00+00:00,10000.0
2025-03-08 22:00:00+00:00,10000.0
2025-03-08 23:00:00+00:00,10000.0
2025-03-09 00:00:00+00:00,10000.0
2025-03-09 01:00:00+00:00,10000.0
2025-03-09 02:00:00+00:00,10000.0
2025-03-09 03:00:00+00:00,10000.0
2025-03-09 04:00:00+00:00,10000.0
2025-03-09 05:00:00+00:00,10000.0
2025-03-09 06:00:00+00:00,10000.0
2025-03-09 07:00:00+00:00,10000.0
2025-03-09 08:00:00+00:00,10000.0
2025-03-09 09:00:00+00:00,10000.0
2025-03-09 10:00:00+00:00,10000.0
2025-03-09 11:00:00+00:00,10000.0
2025-03-09 12:00:00+00:00,10000.0
2025-03-09 13:00:00+00:00,10000.0
2025-03-09 14:00:00+00:00,10000.0
2025-03-09 15:00:00+00:00,10000.0
2025-03-09 16:00:00+00:00,10000.0
2025-03-09 17:00:00+00:00,10000.0
2025-03-09 18:00:00+00:00,10000.0
2025-03-09 19:00:00+00:00,10000.0
2025-03-09 20:00:00+00:00,10000.0
2025-03-09 21:00:00+00:00,10000.0
2025-03-09 22:00:00+00:00,10000.0
2025-03-09 23:00:00+00:00,10000.0
2025-03-10 00:00:00+00:00,9976.133472441654
2025-03-10 01:00:00+00:00,9946.432872850708
2025-03-10 02:00:00+00:00,9920.874672850709
2025-03-10 03:00:00+00:00,9896.893272850708
2025-03-10 04:00:00+00:00,9905.495472850707
2025-03-10 05:00:00+00:00,9873.867672850709
2025-03-10 06:00:00+00:00,9890.515872850709
2025-03-10 07:00:00+00:00,9889.441272850709
2025-03-10 08:00:00+00:00,9890.510472850709
2025-03-10 09:00:00+00:00,9942.82598671426
2025-03-10 10:00:00+00:00,9802.163333122911
2025-03-10 11:00:00+00:00,9802.163333122911
2025-03-10 12:00:00+00:00,9802.163333122911
2025-03-10 13:00:00+00:00,9802.163333122911
2025-03-10 14:00:00+00:00,9802.163333122911
2025-03-10 15:00:00+00:00,9802.163333122911
2025-03-10 16:00:00+00:00,9791.718432545085
2025-03-10 17:00:00+00:00,9831.952002217056
2025-03-10 18:00:00+00:00,9853.823202217058
2025-03-10 19:00:00+00:00,9885.015402217057
2025-03-10 20:00:00+00:00,9829.775802217056
2025-03-10 21:00:00+00:00,9820.681002217058
2025-03-10 22:00:00+00:00,9810.630702217057
2025-03-10 23:00:00+00:00,9813.271002217058
2025-03-11 00:00:00+00:00,9848.078502217057
2025-03-11 01:00:00+00:00,9884.769570201668
2025-03-11 02:00:00+00:00,9828.083070201668
2025-03-11 03:00:00+00:00,9819.085770201667
2025-03-11 04:00:00+00:00,9812.389470201668
2025-03-11 05:00:00+00:00,9803.310270201668
2025-03-11 06:00:00+00:00,9783.790770201667
2025-03-11 07:00:00+00:00,9789.917670201667
2025-03-11 08:00:00+00:00,9777.312870201667
2025-03-11 09:00:00+00:00,9750.200872962067
2025-03-11 10:00:00+00:00,9737.092972962068
2025-03-11 11:00:00+00:00,9723.739372962067
2025-03-11 12:00:00+00:00,9726.769672962066
2025-03-11 13:00:00+00:00,9745.610572962067
2025-03-11 14:00:00+00:00,9758.769172962067
2025-03-11 15:00:00+00:00,9802.531072962067
2025-03-11 16:00:00+00:00,9746.031772962067
2025-03-11 17:00:00+00:00,9740.099909568326
2025-03-11 18:00:00+00:00,9743.110709568326
2025-03-11 19:00:00+00:00,9666.916409568326
2025-03-11 20:00:00+00:00,9673.402109568326
2025-03-11 21:00:00+00:00,9685.063109568326
2025-03-11 22:00:00+00:00,9673.261709568325
2025-03-11 23:00:00+00:00,9671.974709568325
2025-03-12 00:00:00+00:00,9679.802009568326
2025-03-12 01:00:00+00:00,9686.626131325764
2025-03-12 02:00:00+00:00,9665.453031325766
2025-03-12 03:00:00+00:00,9699.507831325765
2025-03-12 04:00:00+00:00,9710.934831325765
2025-03-12 05:00:00+00:00,9723.477231325764
2025-03-12 06:00:00+00:00,9716.714631325764
2025-03-12 07:00:00+00:00,9738.940731325763
2025-03-12 08:00:00+00:00,9699.051531325764
2025-03-12 09:00:00+00:00,9690.018808515744
2025-03-12 10:00:00+00:00,9690.592108515744
2025-03-12 11:00:00+00:00,9697.007608515745
2025-03-12 12:00:00+00:00,9677.043508515746
2025-03-12 13:00:00+00:00,9636.120808515745
2025-03-12 14:00:00+00:00,9689.605408515745
2025-03-12 15:00:00+00:00,9734.416408515746
2025-03-12 16:00:00+00:00,9727.115608515745
2025-03-12 17:00:00+00:00,9718.121355953905
2025-03-12 18:00:00+00:00,9722.419155953905
2025-03-12 19:00:00+00:00,9692.073255953905
2025-03-12 20:00:00+00:00,9680.864655953905
2025-03-12 21:00:00+00:00,9673.205055953906
2025-03-12 22:00:00+00:00,9674.164455953905
2025-03-12 23:00:00+00:00,9652.363455953904
2025-03-13 00:00:00+00:00,9651.092055953904
2025-03-13 01:00:00+00:00,9660.009782499295
2025-03-13 02:00:00+00:00,9641.742182499294
2025-03-13 03:00:00+00:00,9646.972082499295
2025-03-13 04:00:00+00:00,9655.146482499295
2025-03-13 05:00:00+00:00,9666.085982499295
2025-03-13 06:00:00+00:00,9671.354882499296
2025-03-13 07:00:00+00:00,9666.343382499295
2025-03-13 08:00:00+00:00,9671.471882499296
2025-03-13 09:00:00+00:00,9678.73055172882
2025-03-13 10:00:00+00:00,9660.583851728821
2025-03-13 11:00:00+00:00,9670.380651728821
2025-03-13 12:00:00+00:00,9678.519951728822
2025-03-13 13:00:00+00:00,9696.853851728822
2025-03-13 14:00:00+00:00,9725.66705172882
2025-03-13 15:00:00+00:00,9716.466951728822
2025-03-13 16:00:00+00:00,9753.536451728822
2025-03-13 17:00:00+00:00,9760.10734373442
2025-03-13 18:00:00+00:00,9791.91184373442
2025-03-13 19:00:00+00:00,9762.66184373442
2025-03-13 20:00:00+00:00,9786.323143734422
2025-03-13 21:00:00+00:00,9779.689243734421
2025-03-13 22:00:00+00:00,9763.012843734421
2025-03-13 23:00:00+00:00,9740.76724373442
2025-03-14 00:00:00+00:00,9750.930643734422
2025-03-14 01:00:00+00:00,9736.56956707059
2025-03-14 02:00:00+00:00,9732.65006707059
2025-03-14 03:00:00+00:00,9707.799267070592
2025-03-14 04:00:00+00:00,9720.833067070591
2025-03-14 05:00:00+00:00,9718.83626707059
2025-03-14 06:00:00+00:00,9711.03626707059
2025-03-14 07:00:00+00:00,9715.58366707059
2025-03-14 08:00:00+00:00,9710.576067070591
2025-03-14 09:00:00+00:00,9693.672611505204
2025-03-14 10:00:00+00:00,9686.933411505204
2025-03-14 11:00:00+00:00,9676.602311505205
2025-03-14 12:00:00+00:00,9668.693111505205
2025-03-14 13:00:00+00:00,9661.782311505205
2025-03-14 14:00:00+00:00,9654.824711505205
2025-03-14 15:00:00+00:00,9657.262211505205
2025-03-14 16:00:00+00:00,9608.28922467159
2025-03-14 17:00:00+00:00,9608.28922467159
2025-03-14 18:00:00+00:00,9608.28922467159
2025-03-14 19:00:00+00:00,9608.28922467159
2025-03-14 20:00:00+00:00,9608.28922467159
2025-03-14 21:00:00+00:00,9608.28922467159
2025-03-14 22:00:00+00:00,9608.28922467159
2025-03-14 23:00:00+00:00,9608.28922467159
2025-03-15 00:00:00+00:00,9608.28922467159
2025-03-15 01:00:00+00:00,9608.28922467159
2025-03-15 02:00:00+00:00,9608.28922467159
2025-03-15 03:00:00+00:00,9608.28922467159
2025-03-15 04:00:00+00:00,9608.28922467159
2025-03-15 05:00:00+00:00,9608.28922467159
2025-03-15 06:00:00+00:00,9608.28922467159
2025-03-15 07:00:00+00:00,9608.28922467159
2025-03-15 08:00:00+00:00,9608.28922467159
2025-03-15 09:00:00+00:00,9608.28922467159
2025-03-15 10:00:00+00:00,9608.28922467159
2025-03-15 11:00:00+00:00,9608.28922467159
2025-03-15 12:00:00+00:00,9608.28922467159
2025-03-15 13:00:00+00:00,9608.28922467159
2025-03-15 14:00:00+00:00,9608.28922467159
2025-03-15 15:00:00+00:00,9608.28922467159
2025-03-15 16:00:00+00:00,9608.28922467159
2025-03-15 17:00:00+00:00,9608.28922467159
2025-03-15 18:00:00+00:00,9608.28922467159
2025-03-15 19:00:00+00:00,9608.28922467159
2025-03-15 20:00:00+00:00,9608.28922467159
2025-03-15 21:00:00+00:00,9608.28922467159
2025-03-15 22:00:00+00:00,9608.28922467159
2025-03-15 23:00:00+00:00,9608.28922467159
2025-03-16 00:00:00+00:00,9608.28922467159
2025-03-16 01:00:00+00:00,9608.28922467159
2025-03-16 02:00:00+00:00,9608.28922467159
2025-03-16 03:00:00+00:00,9608.28922467159
2025-03-16 04:00:00+00:00,9608.28922467159
2025-03-16 05:00:00+00:00,9608.28922467159
2025-03-16 06:00:00+00:00,9608.28922467159
2025-03-16 07:00:00+00:00,9608.28922467159
2025-03-16 08:00:00+00:00,9608.28922467159
2025-03-16 09:00:00+00:00,9608.28922467159
2025-03-16 10:00:00+00:00,9608.28922467159
2025-03-16 11:00:00+00:00,9608.28922467159
2025-03-16 12:00:00+00:00,9608.28922467159
2025-03-16 13:00:00+00:00,9608.28922467159
2025-03-16 14:00:00+00:00,9608.28922467159
2025-03-16 15:00:00+00:00,9608.28922467159
2025-03-16 16:00:00+00:00,9608.28922467159
2025-03-16 17:00:00+00:00,9608.28922467159
2025-03-16 18:00:00+00:00,9608.28922467159
2025-03-16 19:00:00+00:00,9608.28922467159
2025-03-16 20:00:00+00:00,9608.28922467159
2025-03-16 21:00:00+00:00,9608.28922467159
2025-03-16 22:00:00+00:00,9608.28922467159
2025-03-16 23:00:00+00:00,9608.28922467159
2025-03-17 00:00:00+00:00,9608.28922467159
2025-03-17 01:00:00+00:00,9608.28922467159
2025-03-17 02:00:00+00:00,9608.28922467159
2025-03-17 03:00:00+00:00,9608.28922467159
2025-03-17 04:00:00+00:00,9608.28922467159
2025-03-17 05:00:00+00:00,9608.28922467159
2025-03-17 06:00:00+00:00,9608.28922467159
2025-03-17 07:00:00+00:00,9608.28922467159
2025-03-17 08:00:00+00:00,9608.28922467159
2025-03-17 09:00:00+00:00,9608.28922467159
2025-03-17 10:00:00+00:00,9608.28922467159
2025-03-17 11:00:00+00:00,9608.28922467159
2025-03-17 12:00:00+00:00,9608.28922467159
2025-03-17 13:00:00+00:00,9608.28922467159
2025-03-17 14:00:00+00:00,9608.28922467159
2025-03-17 15:00:00+00:00,9608.28922467159
2025-03-17 16:00:00+00:00,9608.28922467159
2025-03-17 17:00:00+00:00,9608.28922467159
2025-03-17 18:00:00+00:00,9608.28922467159
2025-03-17 19:00:00+00:00,9608.28922467159
2025-03-17 20:00:00+00:00,9608.28922467159
2025-03-17 21:00:00+00:00,9608.28922467159
2025-03-17 22:00:00+00:00,9608.28922467159
2025-03-17 23:00:00+00:00,9608.28922467159
2025-03-18 00:00:00+00:00,9608.28922467159
2025-03-18 01:00:00+00:00,9608.28922467159
2025-03-18 02:00:00+00:00,9608.28922467159
2025-03-18 03:00:00+00:00,9608.28922467159
2025-03-18 04:00:00+00:00,9608.28922467159
2025-03-18 05:00:00+00:00,9608.28922467159
2025-03-18 06:00:00+00:00,9608.28922467159
2025-03-18 07:00:00+00:00,9608.28922467159
2025-03-18 08:00:00+00:00,9608.28922467159
2025-03-18 09:00:00+00:00,9608.28922467159
2025-03-18 10:00:00+00:00,9608.28922467159
2025-03-18 11:00:00+00:00,9608.28922467159
2025-03-18 12:00:00+00:00,9608.28922467159
2025-03-18 13:00:00+00:00,9608.28922467159
2025-03-18 14:00:00+00:00,9608.28922467159
2025-03-18 15:00:00+00:00,9608.28922467159
2025-03-18 16:00:00+00:00,9608.28922467159
2025-03-18 17:00:00+00:00,9608.28922467159
2025-03-18 18:00:00+00:00,9608.28922467159
2025-03-18 19:00:00+00:00,9608.28922467159
2025-03-18 20:00:00+00:00,9608.28922467159
2025-03-18 21:00:00+00:00,9608.28922467159
2025-03-18 22:00:00+00:00,9608.28922467159
2025-03-18 23:00:00+00:00,9608.28922467159
2025-03-19 00:00:00+00:00,9608.28922467159
2025-03-19 01:00:00+00:00,9608.28922467159
2025-03-19 02:00:00+00:00,9608.28922467159
2025-03-19 03:00:00+00:00,9608.28922467159
2025-03-19 04:00:00+00:00,9608.28922467159
2025-03-19 05:00:00+00:00,9608.28922467159
2025-03-19 06:00:00+00:00,9608.28922467159
2025-03-19 07:00:00+00:00,9608.28922467159
2025-03-19 08:00:00+00:00,9608.28922467159
2025-03-19 09:00:00+00:00,9608.28922467159
2025-03-19 10:00:00+00:00,9608.28922467159
2025-03-19 11:00:00+00:00,9608.28922467159
2025-03-19 12:00:00+00:00,9608.28922467159
2025-03-19 13:00:00+00:00,9608.28922467159
2025-03-19 14:00:00+00:00,9608.28922467159
2025-03-19 15:00:00+00:00,9608.28922467159
2025-03-19 16:00:00+00:00,9608.28922467159
2025-03-19 17:00:00+00:00,9608.28922467159
2025-03-19 18:00:00+00:00,9608.28922467159
2025-03-19 19:00:00+00:00,9608.28922467159
2025-03-19 20:00:00+00:00,9608.28922467159
2025-03-19 21:00:00+00:00,9608.28922467159
2025-03-19 22:00:00+00:00,9608.28922467159
2025-03-19 23:00:00+00:00,9608.28922467159
2025-03-20 00:00:00+00:00,9648.73778218459
2025-03-20 01:00:00+00:00,9594.678089321309
2025-03-20 02:00:00+00:00,9585.61708932131
2025-03-20 03:00:00+00:00,9597.291089321308
2025-03-20 04:00:00+00:00,9586.20858932131
2025-03-20 05:00:00+00:00,9572.63008932131
2025-03-20 06:00:00+00:00,9582.016089321309
2025-03-20 07:00:00+00:00,9577.453089321309
2025-03-20 08:00:00+00:00,9580.69658932131
2025-03-20 09:00:00+00:00,9608.350807982859
2025-03-20 10:00:00+00:00,9584.89880798286
2025-03-20 11:00:00+00:00,9539.59380798286
2025-03-20 12:00:00+00:00,9560.822807982859
2025-03-20 13:00:00+00:00,9551.501807982859
2025-03-20 14:00:00+00:00,9561.33630798286
2025-03-20 15:00:00+00:00,9603.820307982858
2025-03-20 16:00:00+00:00,9507.51630798286
2025-03-20 17:00:00+00:00,9450.737559195059
2025-03-20 18:00:00+00:00,9469.50955919506
2025-03-20 19:00:00+00:00,9467.150059195059
2025-03-20 20:00:00+00:00,9474.12455919506
2025-03-20 21:00:00+00:00,9497.570059195059
2025-03-20 22:00:00+00:00,9486.91005919506
2025-03-20 23:00:00+00:00,9472.538559195058
2025-03-21 00:00:00+00:00,9477.654059195058
2025-03-21 01:00:00+00:00,9496.103687460958
2025-03-21 02:00:00+00:00,9513.309187460958
2025-03-21 03:00:00+00:00,9507.309687460958
2025-03-21 04:00:00+00:00,9492.275187460958
2025-03-21 05:00:00+00:00,9506.009687460957
2025-03-21 06:00:00+00:00,9494.017187460959
2025-03-21 07:00:00+00:00,9476.356687460959
2025-03-21 08:00:00+00:00,9458.455687460959
2025-03-21 09:00:00+00:00,9464.01537945726
2025-03-21 10:00:00+00:00,9471.535879457258
2025-03-21 11:00:00+00:00,9472.848879457259
2025-03-21 12:00:00+00:00,9465.731379457258
2025-03-21 13:00:00+00:00,9428.20037945726
2025-03-21 14:00:00+00:00,9416.819790538695
2025-03-21 15:00:00+00:00,9416.819790538695
2025-03-21 16:00:00+00:00,9416.819790538695
2025-03-21 17:00:00+00:00,9416.819790538695
2025-03-21 18:00:00+00:00,9416.819790538695
2025-03-21 19:00:00+00:00,9416.819790538695
2025-03-21 20:00:00+00:00,9416.819790538695
2025-03-21 21:00:00+00:00,9416.819790538695
2025-03-21 22:00:00+00:00,9416.819790538695
2025-03-21 23:00:00+00:00,9416.819790538695
2025-03-22 00:00:00+00:00,9416.819790538695
2025-03-22 01:00:00+00:00,9416.819790538695
2025-03-22 02:00:00+00:00,9416.819790538695
2025-03-22 03:00:00+00:00,9416.819790538695
2025-03-22 04:00:00+00:00,9416.819790538695
2025-03-22 05:00:00+00:00,9416.819790538695
2025-03-22 06:00:00+00:00,9416.819790538695
2025-03-22 07:00:00+00:00,9416.819790538695
2025-03-22 08:00:00+00:00,9416.819790538695
2025-03-22 09:00:00+00:00,9416.819790538695
2025-03-22 10:00:00+00:00,9416.819790538695
2025-03-22 11:00:00+00:00,9416.819790538695
2025-03-22 12:00:00+00:00,9416.819790538695
2025-03-22 13:00:00+00:00,9416.819790538695
2025-03-22 14:00:00+00:00,9416.819790538695
2025-03-22 15:00:00+00:00,9416.819790538695
2025-03-22 16:00:00+00:00,9416.819790538695
2025-03-22 17:00:00+00:00,9416.819790538695
2025-03-22 18:00:00+00:00,9416.819790538695
2025-03-22 19:00:00+00:00,9416.819790538695
2025-03-22 20:00:00+00:00,9416.819790538695
2025-03-22 21:00:00+00:00,9416.819790538695
2025-03-22 22:00:00+00:00,9416.819790538695
2025-03-22 23:00:00+00:00,9416.819790538695
2025-03-23 00:00:00+00:00,9416.819790538695
2025-03-23 01:00:00+00:00,9416.819790538695
2025-03-23 02:00:00+00:00,9416.819790538695
2025-03-23 03:00:00+00:00,9416.819790538695
2025-03-23 04:00:00+00:00,9416.819790538695
2025-03-23 05:00:00+00:00,9416.819790538695
2025-03-23 06:00:00+00:00,9416.819790538695
2025-03-23 07:00:00+00:00,9416.819790538695
2025-03-23 08:00:00+00:00,9416.819790538695
2025-03-23 09:00:00+00:00,9416.819790538695
2025-03-23 10:00:00+00:00,9416.819790538695
2025-03-23 11:00:00+00:00,9416.819790538695
2025-03-23 12:00:00+00:00,9416.819790538695
2025-03-23 13:00:00+00:00,9416.819790538695
2025-03-23 14:00:00+00:00,9416.819790538695
2025-03-23 15:00:00+00:00,9416.819790538695
2025-03-23 16:00:00+00:00,9416.819790538695
2025-03-23 17:00:00+00:00,9416.819790538695
2025-03-23 18:00:00+00:00,9416.819790538695
2025-03-23 19:00:00+00:00,9416.819790538695
2025-03-23 20:00:00+00:00,9416.819790538695
2025-03-23 21:00:00+00:00,9416.819790538695
2025-03-23 22:00:00+00:00,9416.819790538695
2025-03-23 23:00:00+00:00,9416.819790538695
2025-03-24 00:00:00+00:00,9416.819790538695
2025-03-24 01:00:00+00:00,9416.819790538695
2025-03-24 02:00:00+00:00,9416.819790538695
2025-03-24 03:00:00+00:00,9416.819790538695
2025-03-24 04:00:00+00:00,9416.819790538695
2025-03-24 05:00:00+00:00,9416.819790538695
2025-03-24 06:00:00+00:00,9416.819790538695
2025-03-24 07:00:00+00:00,9416.819790538695
2025-03-24 08:00:00+00:00,9416.819790538695
2025-03-24 09:00:00+00:00,9416.819790538695
2025-03-24 10:00:00+00:00,9416.819790538695
2025-03-24 11:00:00+00:00,9416.819790538695
2025-03-24 12:00:00+00:00,9399.079610449093
2025-03-24 13:00:00+00:00,9364.440910449091
2025-03-24 14:00:00+00:00,9399.933210449093
2025-03-24 15:00:00+00:00,9425.987410449092
2025-03-24 16:00:00+00:00,9461.169310449093
2025-03-24 17:00:00+00:00,9434.69035406585
2025-03-24 18:00:00+00:00,9474.033554065849
2025-03-24 19:00:00+00:00,9472.879254065849
2025-03-24 20:00:00+00:00,9449.69625406585
2025-03-24 21:00:00+00:00,9414.291254065849
2025-03-24 22:00:00+00:00,9440.71405406585
2025-03-24 23:00:00+00:00,9376.86865406585
2025-03-25 00:00:00+00:00,9381.902954065848
2025-03-25 01:00:00+00:00,9390.954609421855
2025-03-25 02:00:00+00:00,9341.193609421854
2025-03-25 03:00:00+00:00,9318.941809421854
2025-03-25 04:00:00+00:00,9286.281909421854
2025-03-25 05:00:00+00:00,9289.453809421855
2025-03-25 06:00:00+00:00,9299.212009421854
2025-03-25 07:00:00+00:00,9288.406209421855
2025-03-25 08:00:00+00:00,9279.200909421854
2025-03-25 09:00:00+00:00,9305.352725202103
2025-03-25 10:00:00+00:00,9353.610225202105
2025-03-25 11:00:00+00:00,9345.190625202104
2025-03-25 12:00:00+00:00,9368.237825202104
2025-03-25 13:00:00+00:00,9341.145725202105
2025-03-25 14:00:00+00:00,9389.936725202104
2025-03-25 15:00:00+00:00,9430.220825202105
2025-03-25 16:00:00+00:00,9407.008725202104
2025-03-25 17:00:00+00:00,9409.706529988664
2025-03-25 18:00:00+00:00,9423.053729988664
2025-03-25 19:00:00+00:00,9412.034529988663
2025-03-25 20:00:00+00:00,9439.184829988662
2025-03-25 21:00:00+00:00,9415.235529988664
2025-03-25 22:00:00+00:00,9405.448229988664
2025-03-25 23:00:00+00:00,9377.221229988663
2025-03-26 00:00:00+00:00,9373.069629988664
2025-03-26 01:00:00+00:00,9396.428428909632
2025-03-26 02:00:00+00:00,9414.470428909633
2025-03-26 03:00:00+00:00,9365.126528909634
2025-03-26 04:00:00+00:00,9349.150628909634
2025-03-26 05:00:00+00:00,9364.806428909633
2025-03-26 06:00:00+00:00,9384.012428909633
2025-03-26 07:00:00+00:00,9420.688128909633
2025-03-26 08:00:00+00:00,9444.802328909633
2025-03-26 09:00:00+00:00,9426.395444964792
2025-03-26 10:00:00+00:00,9424.678544964792
2025-03-26 11:00:00+00:00,9451.062544964792
2025-03-26 12:00:00+00:00,9426.055944964792
2025-03-26 13:00:00+00:00,9411.758144964793
2025-03-26 14:00:00+00:00,9317.144344964792
2025-03-26 15:00:00+00:00,9310.160344964794
2025-03-26 16:00:00+00:00,9307.909944964791
2025-03-26 17:00:00+00:00,9285.151028516266
2025-03-26 18:00:00+00:00,9292.532728516264
2025-03-26 19:00:00+00:00,9256.904628516264
2025-03-26 20:00:00+00:00,9231.012210710876
2025-03-26 21:00:00+00:00,9231.012210710876
2025-03-26 22:00:00+00:00,9231.012210710876
2025-03-26 23:00:00+00:00,9231.012210710876
2025-03-27 00:00:00+00:00,9231.012210710876
2025-03-27 01:00:00+00:00,9231.012210710876
2025-03-27 02:00:00+00:00,9231.012210710876
2025-03-27 03:00:00+00:00,9231.012210710876
2025-03-27 04:00:00+00:00,9231.012210710876
2025-03-27 05:00:00+00:00,9231.012210710876
2025-03-27 06:00:00+00:00,9231.012210710876
2025-03-27 07:00:00+00:00,9231.012210710876
2025-03-27 08:00:00+00:00,9231.012210710876
2025-03-27 09:00:00+00:00,9231.012210710876
2025-03-27 10:00:00+00:00,9231.012210710876
2025-03-27 11:00:00+00:00,9231.012210710876
2025-03-27 12:00:00+00:00,9231.012210710876
2025-03-27 13:00:00+00:00,9231.012210710876
2025-03-27 14:00:00+00:00,9231.012210710876
2025-03-27 15:00:00+00:00,9231.012210710876
2025-03-27 16:00:00+00:00,9231.012210710876
2025-03-27 17:00:00+00:00,9231.012210710876
2025-03-27 18:00:00+00:00,9231.012210710876
2025-03-27 19:00:00+00:00,9231.012210710876
2025-03-27 20:00:00+00:00,9231.012210710876
2025-03-27 21:00:00+00:00,9231.012210710876
2025-03-27 22:00:00+00:00,9231.012210710876
2025-03-27 23:00:00+00:00,9231.012210710876
2025-03-28 00:00:00+00:00,9231.012210710876
2025-03-28 01:00:00+00:00,9231.012210710876
2025-03-28 02:00:00+00:00,9231.012210710876
2025-03-28 03:00:00+00:00,9231.012210710876
2025-03-28 04:00:00+00:00,9231.012210710876
2025-03-28 05:00:00+00:00,9231.012210710876
2025-03-28 06:00:00+00:00,9231.012210710876
2025-03-28 07:00:00+00:00,9231.012210710876
2025-03-28 08:00:00+00:00,9231.012210710876
2025-03-28 09:00:00+00:00,9231.012210710876
2025-03-28 10:00:00+00:00,9231.012210710876
2025-03-28 11:00:00+00:00,9231.012210710876
2025-03-28 12:00:00+00:00,9231.012210710876
2025-03-28 13:00:00+00:00,9231.012210710876
2025-03-28 14:00:00+00:00,9231.012210710876
2025-03-28 15:00:00+00:00,9231.012210710876
2025-03-28 16:00:00+00:00,9231.012210710876
2025-03-28 17:00:00+00:00,9231.012210710876
2025-03-28 18:00:00+00:00,9231.012210710876
2025-03-28 19:00:00+00:00,9231.012210710876
2025-03-28 20:00:00+00:00,9231.012210710876
2025-03-28 21:00:00+00:00,9231.012210710876
2025-03-28 22:00:00+00:00,9231.012210710876
2025-03-28 23:00:00+00:00,9231.012210710876
2025-03-29 00:00:00+00:00,9231.012210710876
2025-03-29 01:00:00+00:00,9231.012210710876
2025-03-29 02:00:00+00:00,9231.012210710876
2025-03-29 03:00:00+00:00,9231.012210710876
2025-03-29 04:00:00+00:00,9231.012210710876
2025-03-29 05:00:00+00:00,9231.012210710876
2025-03-29 06:00:00+00:00,9231.012210710876
2025-03-29 07:00:00+00:00,9231.012210710876
2025-03-29 08:00:00+00:00,9231.012210710876
2025-03-29 09:00:00+00:00,9231.012210710876
2025-03-29 10:00:00+00:00,9231.012210710876
2025-03-29 11:00:00+00:00,9282.18174536654
2025-03-29 12:00:00+00:00,9341.83414536654
2025-03-29 13:00:00+00:00,9326.58734536654
2025-03-29 14:00:00+00:00,9289.79574536654
2025-03-29 15:00:00+00:00,9322.15054536654
2025-03-29 16:00:00+00:00,9330.34734536654
2025-03-29 17:00:00+00:00,9350.5558550614
2025-03-29 18:00:00+00:00,9338.4392550614
2025-03-29 19:00:00+00:00,9337.1138550614
2025-03-29 20:00:00+00:00,9298.0568550614
2025-03-29 21:00:00+00:00,9322.1396550614
2025-03-29 22:00:00+00:00,9321.1808550614
2025-03-29 23:00:00+00:00,9332.5830550614
2025-03-30 00:00:00+00:00,9309.1676550614
2025-03-30 01:00:00+00:00,9294.276333203992
2025-03-30 02:00:00+00:00,9282.225533203991
2025-03-30 03:00:00+00:00,9245.885133203992
2025-03-30 04:00:00+00:00,9268.012733203992
2025-03-30 05:00:00+00:00,9264.816733203992
2025-03-30 06:00:00+00:00,9279.104733203993
2025-03-30 07:00:00+00:00,9258.123933203991
2025-03-30 08:00:00+00:00,9268.520333203993
2025-03-30 09:00:00+00:00,9240.146862795742
2025-03-30 10:00:00+00:00,9229.675262795741
2025-03-30 11:00:00+00:00,9264.21086279574
2025-03-30 12:00:00+00:00,9264.549262795741
2025-03-30 13:00:00+00:00,9268.563062795742
2025-03-30 14:00:00+00:00,9304.471062795741
2025-03-30 15:00:00+00:00,9293.708062795742
2025-03-30 16:00:00+00:00,9300.278662795743
2025-03-30 17:00:00+00:00,9342.60632430847
2025-03-30 18:00:00+00:00,9330.574324308469
2025-03-30 19:00:00+00:00,9300.81392430847
2025-03-30 20:00:00+00:00,9318.429524308469
2025-03-30 21:00:00+00:00,9317.10412430847
2025-03-30 22:00:00+00:00,9347.691724308468
2025-03-30 23:00:00+00:00,9329.577924308469
2025-03-31 00:00:00+00:00,9333.26272430847
2025-03-31 01:00:00+00:00,9403.487923997172
2025-03-31 02:00:00+00:00,9373.642923997173
2025-03-31 03:00:00+00:00,9376.519323997172
2025-03-31 04:00:00+00:00,9414.429523997173
2025-03-31 05:00:00+00:00,9384.866523997172
2025-03-31 06:00:00+00:00,9354.062723997173
2025-03-31 07:00:00+00:00,9365.107723997173
2025-03-31 08:00:00+00:00,9376.481723997173
2025-03-31 09:00:00+00:00,9379.87795198905
2025-03-31 10:00:00+00:00,9421.632751989051
2025-03-31 11:00:00+00:00,9354.291151989051
2025-03-31 12:00:00+00:00,9350.972951989052
2025-03-31 13:00:00+00:00,9314.304718130055
2025-03-31 14:00:00+00:00,9314.304718130055
2025-03-31 15:00:00+00:00,9314.304718130055
2025-03-31 16:00:00+00:00,9314.304718130055
2025-03-31 17:00:00+00:00,9314.304718130055
2025-03-31 18:00:00+00:00,9314.304718130055
2025-03-31 19:00:00+00:00,9314.304718130055
2025-03-31 20:00:00+00:00,9314.304718130055
2025-03-31 21:00:00+00:00,9314.304718130055
2025-03-31 22:00:00+00:00,9314.304718130055
2025-03-31 23:00:00+00:00,9314.304718130055
2025-04-01 00:00:00+00:00,9314.304718130055
2025-04-01 01:00:00+00:00,9314.304718130055
2025-04-01 02:00:00+00:00,9314.304718130055
2025-04-01 03:00:00+00:00,9314.304718130055
2025-04-01 04:00:00+00:00,9314.304718130055
2025-04-01 05:00:00+00:00,9314.304718130055
2025-04-01 06:00:00+00:00,9314.304718130055
2025-04-01 07:00:00+00:00,9314.304718130055
2025-04-01 08:00:00+00:00,9314.304718130055
2025-04-01 09:00:00+00:00,9314.304718130055
2025-04-01 10:00:00+00:00,9314.304718130055
2025-04-01 11:00:00+00:00,9314.304718130055
2025-04-01 12:00:00+00:00,9314.304718130055
2025-04-01 13:00:00+00:00,9314.304718130055
2025-04-01 14:00:00+00:00,9314.304718130055
2025-04-01 15:00:00+00:00,9314.304718130055
2025-04-01 16:00:00+00:00,9314.304718130055
2025-04-01 17:00:00+00:00,9314.304718130055
2025-04-01 18:00:00+00:00,9314.304718130055
2025-04-01 19:00:00+00:00,9314.304718130055
2025-04-01 20:00:00+00:00,9314.304718130055
2025-04-01 21:00:00+00:00,9314.304718130055
2025-04-01 22:00:00+00:00,9314.304718130055
2025-04-01 23:00:00+00:00,9314.304718130055
2025-04-02 00:00:00+00:00,9314.304718130055
2025-04-02 01:00:00+00:00,9314.304718130055
2025-04-02 02:00:00+00:00,9314.304718130055
2025-04-02 03:00:00+00:00,9314.304718130055
2025-04-02 04:00:00+00:00,9314.304718130055
2025-04-02 05:00:00+00:00,9314.304718130055
2025-04-02 06:00:00+00:00,9314.304718130055
2025-04-02 07:00:00+00:00,9314.304718130055
2025-04-02 08:00:00+00:00,9314.304718130055
2025-04-02 09:00:00+00:00,9314.304718130055
2025-04-02 10:00:00+00:00,9314.304718130055
2025-04-02 11:00:00+00:00,9314.304718130055
2025-04-02 12:00:00+00:00,9314.304718130055
2025-04-02 13:00:00+00:00,9314.304718130055
2025-04-02 14:00:00+00:00,9314.304718130055
2025-04-02 15:00:00+00:00,9314.304718130055
2025-04-02 16:00:00+00:00,9314.304718130055
2025-04-02 17:00:00+00:00,9314.304718130055
2025-04-02 18:00:00+00:00,9314.304718130055
2025-04-02 19:00:00+00:00,9314.304718130055
2025-04-02 20:00:00+00:00,9314.304718130055
2025-04-02 21:00:00+00:00,9314.304718130055
2025-04-02 22:00:00+00:00,9314.304718130055
2025-04-02 23:00:00+00:00,9314.304718130055
2025-04-03 00:00:00+00:00,9314.304718130055
2025-04-03 01:00:00+00:00,9314.304718130055
2025-04-03 02:00:00+00:00,9314.304718130055
2025-04-03 03:00:00+00:00,9314.304718130055
2025-04-03 04:00:00+00:00,9314.304718130055
2025-04-03 05:00:00+00:00,9314.304718130055
2025-04-03 06:00:00+00:00,9314.304718130055
2025-04-03 07:00:00+00:00,9314.304718130055
2025-04-03 08:00:00+00:00,9314.304718130055
2025-04-03 09:00:00+00:00,9314.304718130055
2025-04-03 10:00:00+00:00,9314.304718130055
2025-04-03 11:00:00+00:00,9314.304718130055
2025-04-03 12:00:00+00:00,9314.304718130055
2025-04-03 13:00:00+00:00,9314.304718130055
2025-04-03 14:00:00+00:00,9314.304718130055
2025-04-03 15:00:00+00:00,9314.304718130055
2025-04-03 16:00:00+00:00,9314.304718130055
2025-04-03 17:00:00+00:00,9314.304718130055
2025-04-03 18:00:00+00:00,9314.304718130055
2025-04-03 19:00:00+00:00,9314.304718130055
2025-04-03 20:00:00+00:00,9314.304718130055
2025-04-03 21:00:00+00:00,9314.304718130055
2025-04-03 22:00:00+00:00,9314.304718130055
2025-04-03 23:00:00+00:00,9314.304718130055
2025-04-04 00:00:00+00:00,9314.304718130055
2025-04-04 01:00:00+00:00,9314.304718130055
2025-04-04 02:00:00+00:00,9314.304718130055
2025-04-04 03:00:00+00:00,9314.304718130055
2025-04-04 04:00:00+00:00,9314.304718130055
2025-04-04 05:00:00+00:00,9314.304718130055
2025-04-04 06:00:00+00:00,9314.304718130055
2025-04-04 07:00:00+00:00,9314.304718130055
2025-04-04 08:00:00+00:00,9314.304718130055
2025-04-04 09:00:00+00:00,9314.304718130055
2025-04-04 10:00:00+00:00,9314.304718130055
2025-04-04 11:00:00+00:00,9314.304718130055
2025-04-04 12:00:00+00:00,9314.304718130055
2025-04-04 13:00:00+00:00,9314.304718130055
2025-04-04 14:00:00+00:00,9314.304718130055
2025-04-04 15:00:00+00:00,9314.304718130055
2025-04-04 16:00:00+00:00,9314.304718130055
2025-04-04 17:00:00+00:00,9314.304718130055
2025-04-04 18:00:00+00:00,9314.304718130055
2025-04-04 19:00:00+00:00,9314.304718130055
2025-04-04 20:00:00+00:00,9314.304718130055
2025-04-04 21:00:00+00:00,9314.304718130055
2025-04-04 22:00:00+00:00,9314.304718130055
2025-04-04 23:00:00+00:00,9314.304718130055
2025-04-05 00:00:00+00:00,9314.304718130055
2025-04-05 01:00:00+00:00,9314.304718130055
2025-04-05 02:00:00+00:00,9314.304718130055
2025-04-05 03:00:00+00:00,9314.304718130055
2025-04-05 04:00:00+00:00,9314.304718130055
2025-04-05 05:00:00+00:00,9314.304718130055
2025-04-05 06:00:00+00:00,9314.304718130055
2025-04-05 07:00:00+00:00,9314.304718130055
2025-04-05 08:00:00+00:00,9314.304718130055
2025-04-05 09:00:00+00:00,9314.304718130055
2025-04-05 10:00:00+00:00,9314.304718130055
2025-04-05 11:00:00+00:00,9314.304718130055
2025-04-05 12:00:00+00:00,9314.304718130055
2025-04-05 13:00:00+00:00,9314.304718130055
2025-04-05 14:00:00+00:00,9314.304718130055
2025-04-05 15:00:00+00:00,9314.304718130055
2025-04-05 16:00:00+00:00,9314.304718130055
2025-04-05 17:00:00+00:00,9314.304718130055
2025-04-05 18:00:00+00:00,9314.304718130055
2025-04-05 19:00:00+00:00,9314.304718130055
2025-04-05 20:00:00+00:00,9314.304718130055
2025-04-05 21:00:00+00:00,9314.304718130055
2025-04-05 22:00:00+00:00,9314.304718130055
2025-04-05 23:00:00+00:00,9314.304718130055
2025-04-06 00:00:00+00:00,9314.304718130055
2025-04-06 01:00:00+00:00,9314.304718130055
2025-04-06 02:00:00+00:00,9314.304718130055
2025-04-06 03:00:00+00:00,9314.304718130055
2025-04-06 04:00:00+00:00,9314.304718130055
2025-04-06 05:00:00+00:00,9314.304718130055
2025-04-06 06:00:00+00:00,9314.304718130055
2025-04-06 07:00:00+00:00,9314.304718130055
2025-04-06 08:00:00+00:00,9314.304718130055
2025-04-06 09:00:00+00:00,9314.304718130055
2025-04-06 10:00:00+00:00,9314.304718130055
2025-04-06 11:00:00+00:00,9314.304718130055
2025-04-06 12:00:00+00:00,9314.304718130055
2025-04-06 13:00:00+00:00,9314.304718130055
2025-04-06 14:00:00+00:00,9314.304718130055
2025-04-06 15:00:00+00:00,9314.304718130055
2025-04-06 16:00:00+00:00,9314.304718130055
2025-04-06 17:00:00+00:00,9314.304718130055
2025-04-06 18:00:00+00:00,9314.304718130055
2025-04-06 19:00:00+00:00,9460.700988637636
2025-04-06 20:00:00+00:00,9415.160988637635
2025-04-06 21:00:00+00:00,9480.761988637636
2025-04-06 22:00:00+00:00,9473.840988637636
2025-04-06 23:00:00+00:00,9553.598988637637
2025-04-07 00:00:00+00:00,9521.594988637637
2025-04-07 01:00:00+00:00,9530.430934328775
2025-04-07 02:00:00+00:00,9458.592934328775
2025-04-07 03:00:00+00:00,9520.512934328775
2025-04-07 04:00:00+00:00,9586.779934328775
2025-04-07 05:00:00+00:00,9652.883357603758
2025-04-07 06:00:00+00:00,9651.59560468564
2025-04-07 07:00:00+00:00,9760.455104685641
2025-04-07 08:00:00+00:00,9745.017404685641
2025-04-07 09:00:00+00:00,9687.185879039227
2025-04-07 10:00:00+00:00,9686.089379039227
2025-04-07 11:00:00+00:00,9649.920179039227
2025-04-07 12:00:00+00:00,9665.118179039227
2025-04-07 13:00:00+00:00,9632.269079039226
2025-04-07 14:00:00+00:00,9580.254179039228
2025-04-07 15:00:00+00:00,9463.248165513662
2025-04-07 16:00:00+00:00,9463.248165513662
2025-04-07 17:00:00+00:00,9463.248165513662
2025-04-07 18:00:00+00:00,9463.248165513662
2025-04-07 19:00:00+00:00,9463.248165513662
2025-04-07 20:00:00+00:00,9463.248165513662
2025-04-07 21:00:00+00:00,9463.248165513662
2025-04-07 22:00:00+00:00,9463.248165513662
2025-04-07 23:00:00+00:00,9463.248165513662
2025-04-08 00:00:00+00:00,9463.248165513662
2025-04-08 01:00:00+00:00,9463.248165513662
2025-04-08 02:00:00+00:00,9463.248165513662
2025-04-08 03:00:00+00:00,9463.248165513662
2025-04-08 04:00:00+00:00,9463.248165513662
2025-04-08 05:00:00+00:00,9463.248165513662
2025-04-08 06:00:00+00:00,9463.248165513662
2025-04-08 07:00:00+00:00,9463.248165513662
2025-04-08 08:00:00+00:00,9463.248165513662
2025-04-08 09:00:00+00:00,9463.248165513662
2025-04-08 10:00:00+00:00,9463.248165513662
2025-04-08 11:00:00+00:00,9463.248165513662
2025-04-08 12:00:00+00:00,9463.248165513662
2025-04-08 13:00:00+00:00,9463.248165513662
2025-04-08 14:00:00+00:00,9463.248165513662
2025-04-08 15:00:00+00:00,9463.248165513662
2025-04-08 16:00:00+00:00,9463.248165513662
2025-04-08 17:00:00+00:00,9463.248165513662
2025-04-08 18:00:00+00:00,9463.248165513662
2025-04-08 19:00:00+00:00,9463.248165513662
2025-04-08 20:00:00+00:00,9463.248165513662
2025-04-08 21:00:00+00:00,9463.248165513662
2025-04-08 22:00:00+00:00,9463.248165513662
2025-04-08 23:00:00+00:00,9463.248165513662
2025-04-09 00:00:00+00:00,9463.248165513662
2025-04-09 01:00:00+00:00,9463.248165513662
2025-04-09 02:00:00+00:00,9463.248165513662
2025-04-09 03:00:00+00:00,9463.248165513662
2025-04-09 04:00:00+00:00,9463.248165513662
2025-04-09 05:00:00+00:00,9463.248165513662
2025-04-09 06:00:00+00:00,9463.248165513662
2025-04-09 07:00:00+00:00,9463.248165513662
2025-04-09 08:00:00+00:00,9463.248165513662
2025-04-09 09:00:00+00:00,9463.248165513662
2025-04-09 10:00:00+00:00,9463.248165513662
2025-04-09 11:00:00+00:00,9463.248165513662
2025-04-09 12:00:00+00:00,9463.248165513662
2025-04-09 13:00:00+00:00,9463.248165513662
2025-04-09 14:00:00+00:00,9463.248165513662
2025-04-09 15:00:00+00:00,9463.248165513662
2025-04-09 16:00:00+00:00,9463.248165513662
2025-04-09 17:00:00+00:00,9463.248165513662
2025-04-09 18:00:00+00:00,9463.248165513662
2025-04-09 19:00:00+00:00,9463.248165513662
2025-04-09 20:00:00+00:00,9463.248165513662
2025-04-09 21:00:00+00:00,9463.248165513662
2025-04-09 22:00:00+00:00,9463.248165513662
2025-04-09 23:00:00+00:00,9463.248165513662
2025-04-10 00:00:00+00:00,9463.248165513662
2025-04-10 01:00:00+00:00,9463.248165513662
2025-04-10 02:00:00+00:00,9463.248165513662
2025-04-10 03:00:00+00:00,9463.248165513662
2025-04-10 04:00:00+00:00,9463.248165513662
2025-04-10 05:00:00+00:00,9463.248165513662
2025-04-10 06:00:00+00:00,9463.248165513662
2025-04-10 07:00:00+00:00,9463.248165513662
2025-04-10 08:00:00+00:00,9463.248165513662
2025-04-10 09:00:00+00:00,9463.248165513662
2025-04-10 10:00:00+00:00,9463.248165513662
2025-04-10 11:00:00+00:00,9463.248165513662
2025-04-10 12:00:00+00:00,9463.248165513662
2025-04-10 13:00:00+00:00,9463.248165513662
2025-04-10 14:00:00+00:00,9463.248165513662
2025-04-10 15:00:00+00:00,9463.248165513662
2025-04-10 16:00:00+00:00,9463.248165513662
2025-04-10 17:00:00+00:00,9463.248165513662
2025-04-10 18:00:00+00:00,9463.248165513662
2025-04-10 19:00:00+00:00,9463.248165513662
2025-04-10 20:00:00+00:00,9463.248165513662
2025-04-10 21:00:00+00:00,9463.248165513662
2025-04-10 22:00:00+00:00,9463.248165513662
2025-04-10 23:00:00+00:00,9463.248165513662
2025-04-11 00:00:00+00:00,9463.248165513662
2025-04-11 01:00:00+00:00,9463.248165513662
2025-04-11 02:00:00+00:00,9463.248165513662
2025-04-11 03:00:00+00:00,9463.248165513662
2025-04-11 04:00:00+00:00,9463.248165513662
2025-04-11 05:00:00+00:00,9463.248165513662
2025-04-11 06:00:00+00:00,9463.248165513662
2025-04-11 07:00:00+00:00,9463.248165513662
2025-04-11 08:00:00+00:00,9463.248165513662
2025-04-11 09:00:00+00:00,9463.248165513662
2025-04-11 10:00:00+00:00,9463.248165513662
2025-04-11 11:00:00+00:00,9463.248165513662
2025-04-11 12:00:00+00:00,9463.248165513662
2025-04-11 13:00:00+00:00,9463.248165513662
2025-04-11 14:00:00+00:00,9463.248165513662
2025-04-11 15:00:00+00:00,9463.248165513662
2025-04-11 16:00:00+00:00,9463.248165513662
2025-04-11 17:00:00+00:00,9463.248165513662
2025-04-11 18:00:00+00:00,9463.248165513662
2025-04-11 19:00:00+00:00,9463.248165513662
2025-04-11 20:00:00+00:00,9463.248165513662
2025-04-11 21:00:00+00:00,9463.248165513662
2025-04-11 22:00:00+00:00,9463.248165513662
2025-04-11 23:00:00+00:00,9463.248165513662
2025-04-12 00:00:00+00:00,9463.248165513662
2025-04-12 01:00:00+00:00,9463.248165513662
2025-04-12 02:00:00+00:00,9463.248165513662
2025-04-12 03:00:00+00:00,9463.248165513662
2025-04-12 04:00:00+00:00,9463.248165513662
2025-04-12 05:00:00+00:00,9463.248165513662
2025-04-12 06:00:00+00:00,9463.248165513662
2025-04-12 07:00:00+00:00,9463.248165513662
2025-04-12 08:00:00+00:00,9463.248165513662
2025-04-12 09:00:00+00:00,9463.248165513662
2025-04-12 10:00:00+00:00,9463.248165513662
2025-04-12 11:00:00+00:00,9463.248165513662
2025-04-12 12:00:00+00:00,9463.248165513662
2025-04-12 13:00:00+00:00,9463.248165513662
2025-04-12 14:00:00+00:00,9463.248165513662
2025-04-12 15:00:00+00:00,9486.13357464948
2025-04-12 16:00:00+00:00,9500.601874649481
2025-04-12 17:00:00+00:00,9473.299337502365
2025-04-12 18:00:00+00:00,9481.507537502364
2025-04-12 19:00:00+00:00,9512.353737502364
2025-04-12 20:00:00+00:00,9493.912237502365
2025-04-12 21:00:00+00:00,9538.826337502365
2025-04-12 22:00:00+00:00,9526.660337502364
2025-04-12 23:00:00+00:00,9524.850837502365
2025-04-13 00:00:00+00:00,9520.554237502365
2025-04-13 01:00:00+00:00,9538.101730495933
2025-04-13 02:00:00+00:00,9518.451330495933
2025-04-13 03:00:00+00:00,9521.169430495933
2025-04-13 04:00:00+00:00,9531.849330495934
2025-04-13 05:00:00+00:00,9470.172330495932
2025-04-13 06:00:00+00:00,9462.441530495933
2025-04-13 07:00:00+00:00,9468.863330495933
2025-04-13 08:00:00+00:00,9454.048530495933
2025-04-13 09:00:00+00:00,9473.628686835062
2025-04-13 10:00:00+00:00,9491.669786835062
2025-04-13 11:00:00+00:00,9474.537286835062
2025-04-13 12:00:00+00:00,9462.140286835061
2025-04-13 13:00:00+00:00,9456.704086835061
2025-04-13 14:00:00+00:00,9391.793086835061
2025-04-13 15:00:00+00:00,9427.74438683506
2025-04-13 16:00:00+00:00,9410.511786835063
2025-04-13 17:00:00+00:00,9437.886677913826
2025-04-13 18:00:00+00:00,9478.527277913827
2025-04-13 19:00:00+00:00,9476.856377913828
2025-04-13 20:00:00+00:00,9419.884077913826
2025-04-13 21:00:00+00:00,9383.139677913827
2025-04-13 22:00:00+00:00,9390.508577913826
2025-04-13 23:00:00+00:00,9369.402877913828
2025-04-14 00:00:00+00:00,9401.696677913827
2025-04-14 01:00:00+00:00,9446.22641696809
2025-04-14 02:00:00+00:00,9438.672716968089
2025-04-14 03:00:00+00:00,9506.96401696809
2025-04-14 04:00:00+00:00,9464.521616968088
2025-04-14 05:00:00+00:00,9487.891116968089
2025-04-14 06:00:00+00:00,9464.51391696809
2025-04-14 07:00:00+00:00,9467.917316968089
2025-04-14 08:00:00+00:00,9465.122216968088
2025-04-14 09:00:00+00:00,9478.803155603991
2025-04-14 10:00:00+00:00,9453.89365560399
2025-04-14 11:00:00+00:00,9470.648855603991
2025-04-14 12:00:00+00:00,9491.400355603992
2025-04-14 13:00:00+00:00,9507.44715560399
2025-04-14 14:00:00+00:00,9449.042655603991
2025-04-14 15:00:00+00:00,9529.014855603991
2025-04-14 16:00:00+00:00,9426.943655603991
2025-04-14 17:00:00+00:00,9445.690010859927
2025-04-14 18:00:00+00:00,9486.030310859927
2025-04-14 19:00:00+00:00,9495.793910859928
2025-04-14 20:00:00+00:00,9489.787910859928
2025-04-14 21:00:00+00:00,9484.721310859928
2025-04-14 22:00:00+00:00,9473.902810859927
2025-04-14 23:00:00+00:00,9457.732810859927
2025-04-15 00:00:00+00:00,9465.248010859927
2025-04-15 01:00:00+00:00,9490.200076640645
2025-04-15 02:00:00+00:00,9495.659376640646
2025-04-15 03:00:00+00:00,9514.994076640645
2025-04-15 04:00:00+00:00,9526.828976640645
2025-04-15 05:00:00+00:00,9534.552076640646
2025-04-15 06:00:00+00:00,9538.425176640647
2025-04-15 07:00:00+00:00,9526.813576640645
2025-04-15 08:00:00+00:00,9552.962776640647
2025-04-15 09:00:00+00:00,9560.88909756024
2025-04-15 10:00:00+00:00,9572.82409756024
2025-04-15 11:00:00+00:00,9546.228297560241
2025-04-15 12:00:00+00:00,9541.59289756024
2025-04-15 13:00:00+00:00,9559.595497560242
2025-04-15 14:00:00+00:00,9540.66119756024
2025-04-15 15:00:00+00:00,9506.69649756024
2025-04-15 16:00:00+00:00,9489.43309756024
2025-04-15 17:00:00+00:00,9484.543740943713
2025-04-15 18:00:00+00:00,9455.283740943712
2025-04-15 19:00:00+00:00,9433.746840943712
2025-04-15 20:00:00+00:00,9418.677940943713
2025-04-15 21:00:00+00:00,9420.941740943712
2025-04-15 22:00:00+00:00,9432.730440943713
2025-04-15 23:00:00+00:00,9405.765040943712
2025-04-16 00:00:00+00:00,9392.043640943712
2025-04-16 01:00:00+00:00,9353.117829649495
2025-04-16 02:00:00+00:00,9390.455129649496
2025-04-16 03:00:00+00:00,9411.345229649494
2025-04-16 04:00:00+00:00,9395.375429649495
2025-04-16 05:00:00+00:00,9387.590729649495
2025-04-16 06:00:00+00:00,9370.142529649496
2025-04-16 07:00:00+00:00,9391.525429649495
2025-04-16 08:00:00+00:00,9370.042429649495
2025-04-16 09:00:00+00:00,9398.465933200245
2025-04-16 10:00:00+00:00,9386.992933200245
2025-04-16 11:00:00+00:00,9413.488633200246
2025-04-16 12:00:00+00:00,9422.228133200246
2025-04-16 13:00:00+00:00,9399.420733200246
2025-04-16 14:00:00+00:00,9397.395633200245
2025-04-16 15:00:00+00:00,9464.685933200244
2025-04-16 16:00:00+00:00,9483.997533200245
2025-04-16 17:00:00+00:00,9498.452160501667
2025-04-16 18:00:00+00:00,9362.731960501667
2025-04-16 19:00:00+00:00,9420.705260501667
2025-04-16 20:00:00+00:00,9443.466460501668
2025-04-16 21:00:00+00:00,9441.834060501667
2025-04-16 22:00:00+00:00,9461.245760501666
2025-04-16 23:00:00+00:00,9453.283960501667
2025-04-17 00:00:00+00:00,9420.674460501667
2025-04-17 01:00:00+00:00,9434.95956048436
2025-04-17 02:00:00+00:00,9444.407460484359
2025-04-17 03:00:00+00:00,9438.79416048436
2025-04-17 04:00:00+00:00,9417.75776048436
2025-04-17 05:00:00+00:00,9430.40116048436
2025-04-17 06:00:00+00:00,9448.480760484359
2025-04-17 07:00:00+00:00,9478.74946048436
2025-04-17 08:00:00+00:00,9469.78666048436
2025-04-17 09:00:00+00:00,9452.37649225429
2025-04-17 10:00:00+00:00,9454.42469225429
2025-04-17 11:00:00+00:00,9447.463892254289
2025-04-17 12:00:00+00:00,9461.93219225429
2025-04-17 13:00:00+00:00,9477.185892254289
2025-04-17 14:00:00+00:00,9454.609492254289
2025-04-17 15:00:00+00:00,9424.83359225429
2025-04-17 16:00:00+00:00,9459.13709225429
2025-04-17 17:00:00+00:00,9489.94525623319
2025-04-17 18:00:00+00:00,9502.98905623319
2025-04-17 19:00:00+00:00,9487.573656233191
2025-04-17 20:00:00+00:00,9482.16825623319
2025-04-17 21:00:00+00:00,9504.706156233191
2025-04-17 22:00:00+00:00,9498.97735623319
2025-04-17 23:00:00+00:00,9473.65975623319
2025-04-18 00:00:00+00:00,9491.21575623319
2025-04-18 01:00:00+00:00,9480.365048795466
2025-04-18 02:00:00+00:00,9489.204648795465
2025-04-18 03:00:00+00:00,9486.417248795466
2025-04-18 04:00:00+00:00,9481.496948795466
2025-04-18 05:00:00+00:00,9469.046048795466
2025-04-18 06:00:00+00:00,9475.121348795466
2025-04-18 07:00:00+00:00,9473.627548795466
2025-04-18 08:00:00+00:00,9468.607148795465
2025-04-18 09:00:00+00:00,9467.207005030523
2025-04-18 10:00:00+00:00,9459.776505030522
2025-04-18 11:00:00+00:00,9457.759105030524
2025-04-18 12:00:00+00:00,9468.646905030522
2025-04-18 13:00:00+00:00,9466.283005030522
2025-04-18 14:00:00+00:00,9460.700505030523
2025-04-18 15:00:00+00:00,9461.763105030523
2025-04-18 16:00:00+00:00,9445.770205030523
2025-04-18 17:00:00+00:00,9454.307522327494
2025-04-18 18:00:00+00:00,9460.814022327493
2025-04-18 19:00:00+00:00,9464.640922327493
2025-04-18 20:00:00+00:00,9460.729322327494
2025-04-18 21:00:00+00:00,9456.771522327494
2025-04-18 22:00:00+00:00,9465.526422327493
2025-04-18 23:00:00+00:00,9457.664722327494
2025-04-19 00:00:00+00:00,9452.405622327493
2025-04-19 01:00:00+00:00,9450.036060109394
2025-04-19 02:00:00+00:00,9458.421360109394
2025-04-19 03:00:00+00:00,9477.686760109395
2025-04-19 04:00:00+00:00,9484.886260109395
2025-04-19 05:00:00+00:00,9496.482460109393
2025-04-19 06:00:00+00:00,9500.378660109394
2025-04-19 07:00:00+00:00,9487.604360109395
2025-04-19 08:00:00+00:00,9510.234660109394
2025-04-19 09:00:00+00:00,9517.208479894634
2025-04-19 10:00:00+00:00,9518.925579894636
2025-04-19 11:00:00+00:00,9512.942679894635
2025-04-19 12:00:00+00:00,9510.209179894635
2025-04-19 13:00:00+00:00,9515.683879894636
2025-04-19 14:00:00+00:00,9529.790279894636
2025-04-19 15:00:00+00:00,9524.338679894636
2025-04-19 16:00:00+00:00,9507.668179894636
2025-04-19 17:00:00+00:00,9481.131123752039
2025-04-19 18:00:00+00:00,9511.145723752039
2025-04-19 19:00:00+00:00,9503.977023752039
2025-04-19 20:00:00+00:00,9500.712223752038
2025-04-19 21:00:00+00:00,9507.388123752038
2025-04-19 22:00:00+00:00,9519.715823752038
2025-04-19 23:00:00+00:00,9513.247823752039
2025-04-20 00:00:00+00:00,9500.142423752039
2025-04-20 01:00:00+00:00,9506.252638613712
2025-04-20 02:00:00+00:00,9517.155838613713
2025-04-20 03:00:00+00:00,9511.180638613714
2025-04-20 04:00:00+00:00,9505.528838613714
2025-04-20 05:00:00+00:00,9507.361438613712
2025-04-20 06:00:00+00:00,9499.692238613714
2025-04-20 07:00:00+00:00,9489.620638613713
2025-04-20 08:00:00+00:00,9476.261138613712
2025-04-20 09:00:00+00:00,9466.18287507591
2025-04-20 10:00:00+00:00,9458.12097507591
2025-04-20 11:00:00+00:00,9430.062175075911
2025-04-20 12:00:00+00:00,9426.135175075911
2025-04-20 13:00:00+00:00,9444.78457507591
2025-04-20 14:00:00+00:00,9440.11837507591
2025-04-20 15:00:00+00:00,9464.635175075911
2025-04-20 16:00:00+00:00,9443.06747507591
2025-04-20 17:00:00+00:00,9463.657552111745
2025-04-20 18:00:00+00:00,9461.347552111745
2025-04-20 19:00:00+00:00,9461.054952111745
2025-04-20 20:00:00+00:00,9466.645152111745
2025-04-20 21:00:00+00:00,9504.251952111745
2025-04-20 22:00:00+00:00,9494.295852111745
2025-04-20 23:00:00+00:00,9480.967152111745
2025-04-21 00:00:00+00:00,9507.455152111746
2025-04-21 01:00:00+00:00,9619.62455813365
2025-04-21 02:00:00+00:00,9669.58985813365
2025-04-21 03:00:00+00:00,9674.356158133649
2025-04-21 04:00:00+00:00,9663.252758133649
2025-04-21 05:00:00+00:00,9674.725758133649
2025-04-21 06:00:00+00:00,9689.30955813365
2025-04-21 07:00:00+00:00,9687.04575813365
2025-04-21 08:00:00+00:00,9681.270758133649
2025-04-21 09:00:00+00:00,9691.363744127431
2025-04-21 10:00:00+00:00,9686.51274412743
2025-04-21 11:00:00+00:00,9673.553644127433
2025-04-21 12:00:00+00:00,9620.884806528955
2025-04-21 13:00:00+00:00,9620.884806528955
2025-04-21 14:00:00+00:00,9620.884806528955
2025-04-21 15:00:00+00:00,9620.884806528955
2025-04-21 16:00:00+00:00,9601.561162320342
2025-04-21 17:00:00+00:00,9530.469901278684
2025-04-21 18:00:00+00:00,9504.295501278686
2025-04-21 19:00:00+00:00,9499.178701278684
2025-04-21 20:00:00+00:00,9549.928501278686
2025-04-21 21:00:00+00:00,9547.378301278684
2025-04-21 22:00:00+00:00,9538.924101278684
2025-04-21 23:00:00+00:00,9529.699101278684
2025-04-22 00:00:00+00:00,9557.874301278685
2025-04-22 01:00:00+00:00,9574.267926570805
2025-04-22 02:00:00+00:00,9629.814726570805
2025-04-22 03:00:00+00:00,9612.783326570805
2025-04-22 04:00:00+00:00,9610.208526570805
2025-04-22 05:00:00+00:00,9601.926526570805
2025-04-22 06:00:00+00:00,9629.609726570805
2025-04-22 07:00:00+00:00,9617.178526570804
2025-04-22 08:00:00+00:00,9636.768326570804
2025-04-22 09:00:00+00:00,9631.049478934598
2025-04-22 10:00:00+00:00,9644.776278934596
2025-04-22 11:00:00+00:00,9639.241278934596
2025-04-22 12:00:00+00:00,9648.121878934597
2025-04-22 13:00:00+00:00,9678.830878934597
2025-04-22 14:00:00+00:00,9779.969678934598
2025-04-22 15:00:00+00:00,9826.176678934598
2025-04-22 16:00:00+00:00,9837.418878934597
2025-04-22 17:00:00+00:00,9817.033889961187
2025-04-22 18:00:00+00:00,9875.860689961188
2025-04-22 19:00:00+00:00,9884.544489961187
2025-04-22 20:00:00+00:00,9876.910289961186
2025-04-22 21:00:00+00:00,9852.113489961186
2025-04-22 22:00:00+00:00,9970.182287316373
2025-04-22 23:00:00+00:00,9952.603856941081
2025-04-23 00:00:00+00:00,9989.961656941081
2025-04-23 01:00:00+00:00,9958.873708402558
2025-04-23 02:00:00+00:00,9944.372908402558
2025-04-23 03:00:00+00:00,9957.266308402557
2025-04-23 04:00:00+00:00,9974.138308402557
2025-04-23 05:00:00+00:00,10001.504008402559
2025-04-23 06:00:00+00:00,9992.127508402558
2025-04-23 07:00:00+00:00,10000.158808402557
2025-04-23 08:00:00+00:00,10029.798808402558
2025-04-23 09:00:00+00:00,10036.91280912829
2025-04-23 10:00:00+00:00,10015.33830912829
2025-04-23 11:00:00+00:00,10005.79080912829
2025-04-23 12:00:00+00:00,9991.11900912829
2025-04-23 13:00:00+00:00,10006.53750912829
2025-04-23 14:00:00+00:00,9966.42660912829
2025-04-23 15:00:00+00:00,9960.74940912829
2025-04-23 16:00:00+00:00,9974.87970912829
2025-04-23 17:00:00+00:00,10000.041085431312
2025-04-23 18:00:00+00:00,10014.74138543131
2025-04-23 19:00:00+00:00,9998.678785431312
2025-04-23 20:00:00+00:00,9991.508185431312
2025-04-23 21:00:00+00:00,9999.858685431313
2025-04-23 22:00:00+00:00,9991.747585431312
2025-04-23 23:00:00+00:00,10009.183885431312
2025-04-24 00:00:00+00:00,10002.668785431313
2025-04-24 01:00:00+00:00,9984.582737646846
2025-04-24 02:00:00+00:00,9992.277737646846
2025-04-24 03:00:00+00:00,9969.808337646846
2025-04-24 04:00:00+00:00,9945.856937646844
2025-04-24 05:00:00+00:00,9950.035037646845
2025-04-24 06:00:00+00:00,9940.829537646845
2025-04-24 07:00:00+00:00,9929.948237646846
2025-04-24 08:00:00+00:00,9919.243637646845
2025-04-24 09:00:00+00:00,9908.681431979674
2025-04-24 10:00:00+00:00,9933.864031979674
2025-04-24 11:00:00+00:00,9938.412631979676
2025-04-24 12:00:00+00:00,9942.288631979674
2025-04-24 13:00:00+00:00,9950.736031979675
2025-04-24 14:00:00+00:00,9953.306731979674
2025-04-24 15:00:00+00:00,9969.688531979675
2025-04-24 16:00:00+00:00,9974.761531979675
2025-04-24 17:00:00+00:00,9983.130077320115
2025-04-24 18:00:00+00:00,9964.143377320115
2025-04-24 19:00:00+00:00,9985.244777320115
2025-04-24 20:00:00+00:00,9994.980377320115
2025-04-24 21:00:00+00:00,9986.225177320113
2025-04-24 22:00:00+00:00,9984.013577320115
2025-04-24 23:00:00+00:00,9988.727477320115
2025-04-25 00:00:00+00:00,10019.724077320116
2025-04-25 01:00:00+00:00,10014.585923564735
2025-04-25 02:00:00+00:00,10001.470223564735
2025-04-25 03:00:00+00:00,9963.399923564735
2025-04-25 04:00:00+00:00,9981.702623564735
2025-04-25 05:00:00+00:00,9966.996623564735
2025-04-25 06:00:00+00:00,9975.837323564734
2025-04-25 07:00:00+00:00,9994.698623564735
2025-04-25 08:00:00+00:00,10008.555323564735
2025-04-25 09:00:00+00:00,10003.262340749825
2025-04-25 10:00:00+00:00,10011.168240749825
2025-04-25 11:00:00+00:00,10000.777140749826
2025-04-25 12:00:00+00:00,10058.039340749825
2025-04-25 13:00:00+00:00,10044.741240749825
2025-04-25 14:00:00+00:00,10043.293440749825
2025-04-25 15:00:00+00:00,10099.997040749826
2025-04-25 16:00:00+00:00,10080.696840749826
2025-04-25 17:00:00+00:00,10090.032642763505
2025-04-25 18:00:00+00:00,10050.246642763504
2025-04-25 19:00:00+00:00,10075.851042763505
2025-04-25 20:00:00+00:00,10093.766142763505
2025-04-25 21:00:00+00:00,10070.002842763506
2025-04-25 22:00:00+00:00,10055.051742763506
2025-04-25 23:00:00+00:00,10068.771642763506
2025-04-26 00:00:00+00:00,10057.434342763505
2025-04-26 01:00:00+00:00,10072.592898996214
2025-04-26 02:00:00+00:00,10079.102298996215
2025-04-26 03:00:00+00:00,10077.563298996214
2025-04-26 04:00:00+00:00,10063.290498996215
2025-04-26 05:00:00+00:00,10051.702398996214
2025-04-26 06:00:00+00:00,10056.792498996216
2025-04-26 07:00:00+00:00,10057.789998996215
2025-04-26 08:00:00+00:00,10053.891198996216
2025-04-26 09:00:00+00:00,10039.853352129814
2025-04-26 10:00:00+00:00,10037.390952129814
2025-04-26 11:00:00+00:00,10033.936752129814
2025-04-26 12:00:00+00:00,10029.844152129815
2025-04-26 13:00:00+00:00,10035.800652129814
2025-04-26 14:00:00+00:00,10030.516752129814
2025-04-26 15:00:00+00:00,10035.794952129814
2025-04-26 16:00:00+00:00,10042.919952129814
2025-04-26 17:00:00+00:00,10038.628252341065
2025-04-26 18:00:00+00:00,10040.133052341065
2025-04-26 19:00:00+00:00,10030.363252341063
2025-04-26 20:00:00+00:00,10039.118452341065
2025-04-26 21:00:00+00:00,10026.698152341065
2025-04-26 22:00:00+00:00,10042.002652341065
2025-04-26 23:00:00+00:00,10066.062352341063
2025-04-27 00:00:00+00:00,10057.056352341064
2025-04-27 01:00:00+00:00,10071.358714564563
2025-04-27 02:00:00+00:00,10028.432014564565
2025-04-27 03:00:00+00:00,10040.852314564565
2025-04-27 04:00:00+00:00,10031.259214564563
2025-04-27 05:00:00+00:00,10022.486914564564
2025-04-27 06:00:00+00:00,10016.906614564563
2025-04-27 07:00:00+00:00,10023.176614564563
2025-04-27 08:00:00+00:00,10025.895514564565
2025-04-27 09:00:00+00:00,10033.774087785305
2025-04-27 10:00:00+00:00,10030.815787785305
2025-04-27 11:00:00+00:00,10024.899187785304
2025-04-27 12:00:00+00:00,10017.010387785305
2025-04-27 13:00:00+00:00,10007.041087785305
2025-04-27 14:00:00+00:00,10025.064487785305
2025-04-27 15:00:00+00:00,10020.812287785304
2025-04-27 16:00:00+00:00,10016.246587785305
2025-04-27 17:00:00+00:00,10014.929610817573
2025-04-27 18:00:00+00:00,10024.380210817573
2025-04-27 19:00:00+00:00,10038.664410817573
2025-04-27 20:00:00+00:00,10046.547510817572
2025-04-27 21:00:00+00:00,10036.430010817572
2025-04-27 22:00:00+00:00,10040.870310817572
2025-04-27 23:00:00+00:00,10018.144410817573
2025-04-28 00:00:00+00:00,10007.114910817574
2025-04-28 01:00:00+00:00,9988.655489898403
2025-04-28 02:00:00+00:00,9961.557689898402
2025-04-28 03:00:00+00:00,9999.474089898402
2025-04-28 04:00:00+00:00,10012.954589898402
2025-04-28 05:00:00+00:00,10023.328589898401
2025-04-28 06:00:00+00:00,10034.802689898403
2025-04-28 07:00:00+00:00,10055.128889898402
2025-04-28 08:00:00+00:00,10060.931489898403
2025-04-28 09:00:00+00:00,10062.06961925325
2025-04-28 10:00:00+00:00,10063.55731925325
2025-04-28 11:00:00+00:00,10082.715019253252
2025-04-28 12:00:00+00:00,10097.084719253251
2025-04-28 13:00:00+00:00,10097.34691925325
2025-04-28 14:00:00+00:00,10019.52481925325
2025-04-28 15:00:00+00:00,10045.31731925325
2025-04-28 16:00:00+00:00,10011.396619253252
2025-04-28 17:00:00+00:00,10006.27565425867
2025-04-28 18:00:00+00:00,10026.81845425867
2025-04-28 19:00:00+00:00,10031.99975425867
2025-04-28 20:00:00+00:00,10066.88945425867
2025-04-28 21:00:00+00:00,10048.58675425867
2025-04-28 22:00:00+00:00,10053.08975425867
2025-04-28 23:00:00+00:00,10068.86735425867
2025-04-29 00:00:00+00:00,10079.89115425867
2025-04-29 01:00:00+00:00,10082.40679854976
2025-04-29 02:00:00+00:00,10070.56219854976
2025-04-29 03:00:00+00:00,10057.09309854976
2025-04-29 04:00:00+00:00,10058.89429854976
2025-04-29 05:00:00+00:00,10042.39279854976
2025-04-29 06:00:00+00:00,10038.28309854976
2025-04-29 07:00:00+00:00,10066.48099854976
2025-04-29 08:00:00+00:00,10074.74599854976
2025-04-29 09:00:00+00:00,10080.720063343322
2025-04-29 10:00:00+00:00,10078.251963343322
2025-04-29 11:00:00+00:00,10068.493563343322
2025-04-29 12:00:00+00:00,10086.630963343321
2025-04-29 13:00:00+00:00,10068.561963343322
2025-04-29 14:00:00+00:00,10067.285163343322
2025-04-29 15:00:00+00:00,10081.381263343323
2025-04-29 16:00:00+00:00,10069.747563343322
2025-04-29 17:00:00+00:00,10076.209253355511
2025-04-29 18:00:00+00:00,10092.955853355512
2025-04-29 19:00:00+00:00,10101.329153355511
2025-04-29 20:00:00+00:00,10095.885653355512
2025-04-29 21:00:00+00:00,10069.226753355511
2025-04-29 22:00:00+00:00,10063.555253355511
2025-04-29 23:00:00+00:00,10030.654853355512
2025-04-30 00:00:00+00:00,10036.01285335551
2025-04-30 01:00:00+00:00,10053.277042264828
2025-04-30 02:00:00+00:00,10052.564542264829
2025-04-30 03:00:00+00:00,10059.079642264827
2025-04-30 04:00:00+00:00,10081.275442264829
2025-04-30 05:00:00+00:00,10083.019642264828
2025-04-30 06:00:00+00:00,10073.665942264828
2025-04-30 07:00:00+00:00,10065.503542264829
2025-04-30 08:00:00+00:00,10057.808542264827
2025-04-30 09:00:00+00:00,10062.34690303198
2025-04-30 10:00:00+00:00,10077.372103031981
2025-04-30 11:00:00+00:00,10076.13520303198
2025-04-30 12:00:00+00:00,10088.93740303198
2025-04-30 13:00:00+00:00,10053.175603031981
2025-04-30 14:00:00+00:00,9966.478603031981
2025-04-30 15:00:00+00:00,10006.11070303198
2025-04-30 16:00:00+00:00,10021.78570303198
2025-04-30 17:00:00+00:00,10019.230234614615
2025-04-30 18:00:00+00:00,10028.344534614615
2025-04-30 19:00:00+00:00,10027.426834614616
2025-04-30 20:00:00+00:00,10031.667634614616
2025-04-30 21:00:00+00:00,10054.336534614615
2025-04-30 22:00:00+00:00,10046.761234614616
2025-04-30 23:00:00+00:00,10029.256534614615
2025-05-01 00:00:00+00:00,10032.060934614616
2025-05-01 01:00:00+00:00,10045.1987354647
2025-05-01 02:00:00+00:00,10058.8673354647
2025-05-01 03:00:00+00:00,10070.3357354647
2025-05-01 04:00:00+00:00,10066.778935464701
2025-05-01 05:00:00+00:00,10071.7778354647
2025-05-01 06:00:00+00:00,10087.6751354647
2025-05-01 07:00:00+00:00,10073.1572354647
2025-05-01 08:00:00+00:00,10080.5216354647
2025-05-01 09:00:00+00:00,10090.72087241419
2025-05-01 10:00:00+00:00,10108.69297241419
2025-05-01 11:00:00+00:00,10145.15587241419
2025-05-01 12:00:00+00:00,10145.83417241419
2025-05-01 13:00:00+00:00,10156.73257241419
2025-05-01 14:00:00+00:00,10123.90057241419
2025-05-01 15:00:00+00:00,10182.21727241419
2025-05-01 16:00:00+00:00,10183.68217241419
2025-05-01 17:00:00+00:00,10193.267897428834
2025-05-01 18:00:00+00:00,10181.423297428833
2025-05-01 19:00:00+00:00,10185.162497428833
2025-05-01 20:00:00+00:00,10165.041497428834
2025-05-01 21:00:00+00:00,10158.514997428834
2025-05-01 22:00:00+00:00,10162.191497428834
2025-05-01 23:00:00+00:00,10157.625797428835
2025-05-02 00:00:00+00:00,10163.000897428834
2025-05-02 01:00:00+00:00,10195.057383120802
2025-05-02 02:00:00+00:00,10191.420783120802
2025-05-02 03:00:00+00:00,10190.9248831208
2025-05-02 04:00:00+00:00,10199.6743831208
2025-05-02 05:00:00+00:00,10190.548683120802
2025-05-02 06:00:00+00:00,10176.595083120801
2025-05-02 07:00:00+00:00,10177.051083120801
2025-05-02 08:00:00+00:00,10156.759083120802
2025-05-02 09:00:00+00:00,10173.188481178282
2025-05-02 10:00:00+00:00,10171.404381178281
2025-05-02 11:00:00+00:00,10188.219381178282
2025-05-02 12:00:00+00:00,10189.974981178282
2025-05-02 13:00:00+00:00,10204.703781178283
2025-05-02 14:00:00+00:00,10180.507281178283
2025-05-02 15:00:00+00:00,10236.395781178282
2025-05-02 16:00:00+00:00,10212.455781178283
2025-05-02 17:00:00+00:00,10214.681733720656
2025-05-02 18:00:00+00:00,10216.973133720656
2025-05-02 19:00:00+00:00,10204.661133720656
2025-05-02 20:00:00+00:00,10189.379433720656
2025-05-02 21:00:00+00:00,10195.421433720656
2025-05-02 22:00:00+00:00,10173.62241359649
2025-05-02 23:00:00+00:00,10173.62241359649
2025-05-03 00:00:00+00:00,10173.62241359649
2025-05-03 01:00:00+00:00,10173.62241359649
2025-05-03 02:00:00+00:00,10173.62241359649
2025-05-03 03:00:00+00:00,10173.62241359649
2025-05-03 04:00:00+00:00,10173.62241359649
2025-05-03 05:00:00+00:00,10173.62241359649
2025-05-03 06:00:00+00:00,10173.62241359649
2025-05-03 07:00:00+00:00,10173.62241359649
2025-05-03 08:00:00+00:00,10173.62241359649
2025-05-03 09:00:00+00:00,10173.62241359649
2025-05-03 10:00:00+00:00,10173.62241359649
2025-05-03 11:00:00+00:00,10173.62241359649
2025-05-03 12:00:00+00:00,10173.62241359649
2025-05-03 13:00:00+00:00,10173.62241359649
2025-05-03 14:00:00+00:00,10173.62241359649
2025-05-03 15:00:00+00:00,10173.62241359649
2025-05-03 16:00:00+00:00,10173.62241359649
2025-05-03 17:00:00+00:00,10173.62241359649
2025-05-03 18:00:00+00:00,10173.62241359649
2025-05-03 19:00:00+00:00,10173.62241359649
2025-05-03 20:00:00+00:00,10173.62241359649
2025-05-03 21:00:00+00:00,10173.62241359649
2025-05-03 22:00:00+00:00,10173.62241359649
2025-05-03 23:00:00+00:00,10173.62241359649
2025-05-04 00:00:00+00:00,10173.62241359649
2025-05-04 01:00:00+00:00,10173.62241359649
2025-05-04 02:00:00+00:00,10173.62241359649
2025-05-04 03:00:00+00:00,10173.62241359649
2025-05-04 04:00:00+00:00,10173.62241359649
2025-05-04 05:00:00+00:00,10173.62241359649
2025-05-04 06:00:00+00:00,10173.62241359649
2025-05-04 07:00:00+00:00,10173.62241359649
2025-05-04 08:00:00+00:00,10173.62241359649
2025-05-04 09:00:00+00:00,10173.62241359649
2025-05-04 10:00:00+00:00,10173.62241359649
2025-05-04 11:00:00+00:00,10173.62241359649
2025-05-04 12:00:00+00:00,10173.62241359649
2025-05-04 13:00:00+00:00,10173.62241359649
2025-05-04 14:00:00+00:00,10173.62241359649
2025-05-04 15:00:00+00:00,10173.62241359649
2025-05-04 16:00:00+00:00,10173.62241359649
2025-05-04 17:00:00+00:00,10173.62241359649
2025-05-04 18:00:00+00:00,10173.62241359649
2025-05-04 19:00:00+00:00,10173.62241359649
2025-05-04 20:00:00+00:00,10173.62241359649
2025-05-04 21:00:00+00:00,10173.62241359649
2025-05-04 22:00:00+00:00,10173.62241359649
2025-05-04 23:00:00+00:00,10173.62241359649
2025-05-05 00:00:00+00:00,10173.62241359649
2025-05-05 01:00:00+00:00,10173.62241359649
2025-05-05 02:00:00+00:00,10173.62241359649
2025-05-05 03:00:00+00:00,10173.62241359649
2025-05-05 04:00:00+00:00,10173.62241359649
2025-05-05 05:00:00+00:00,10173.62241359649
2025-05-05 06:00:00+00:00,10173.62241359649
2025-05-05 07:00:00+00:00,10173.62241359649
2025-05-05 08:00:00+00:00,10173.62241359649
2025-05-05 09:00:00+00:00,10173.62241359649
2025-05-05 10:00:00+00:00,10173.62241359649
2025-05-05 11:00:00+00:00,10173.62241359649
2025-05-05 12:00:00+00:00,10173.62241359649
2025-05-05 13:00:00+00:00,10173.62241359649
2025-05-05 14:00:00+00:00,10173.62241359649
2025-05-05 15:00:00+00:00,10173.62241359649
2025-05-05 16:00:00+00:00,10173.62241359649
2025-05-05 17:00:00+00:00,10173.62241359649
2025-05-05 18:00:00+00:00,10173.62241359649
2025-05-05 19:00:00+00:00,10173.62241359649
2025-05-05 20:00:00+00:00,10173.62241359649
2025-05-05 21:00:00+00:00,10173.62241359649
2025-05-05 22:00:00+00:00,10173.62241359649
2025-05-05 23:00:00+00:00,10173.62241359649
2025-05-06 00:00:00+00:00,10173.62241359649
2025-05-06 01:00:00+00:00,10173.62241359649
2025-05-06 02:00:00+00:00,10173.62241359649
2025-05-06 03:00:00+00:00,10173.62241359649
2025-05-06 04:00:00+00:00,10173.62241359649
2025-05-06 05:00:00+00:00,10173.62241359649
2025-05-06 06:00:00+00:00,10173.62241359649
2025-05-06 07:00:00+00:00,10173.62241359649
2025-05-06 08:00:00+00:00,10173.62241359649
2025-05-06 09:00:00+00:00,10173.62241359649
2025-05-06 10:00:00+00:00,10173.62241359649
2025-05-06 11:00:00+00:00,10173.62241359649
2025-05-06 12:00:00+00:00,10173.62241359649
2025-05-06 13:00:00+00:00,10173.62241359649
2025-05-06 14:00:00+00:00,10173.62241359649
2025-05-06 15:00:00+00:00,10173.62241359649
2025-05-06 16:00:00+00:00,10173.62241359649
2025-05-06 17:00:00+00:00,10173.62241359649
2025-05-06 18:00:00+00:00,10173.62241359649
2025-05-06 19:00:00+00:00,10173.62241359649
2025-05-06 20:00:00+00:00,10173.62241359649
2025-05-06 21:00:00+00:00,10173.62241359649
2025-05-06 22:00:00+00:00,10173.62241359649
2025-05-06 23:00:00+00:00,10173.62241359649
2025-05-07 00:00:00+00:00,10173.62241359649
2025-05-07 01:00:00+00:00,10173.62241359649
2025-05-07 02:00:00+00:00,10173.62241359649
2025-05-07 03:00:00+00:00,10173.62241359649
2025-05-07 04:00:00+00:00,10173.62241359649
2025-05-07 05:00:00+00:00,10173.62241359649
2025-05-07 06:00:00+00:00,10173.62241359649
2025-05-07 07:00:00+00:00,10173.62241359649
2025-05-07 08:00:00+00:00,10173.62241359649
2025-05-07 09:00:00+00:00,10173.62241359649
2025-05-07 10:00:00+00:00,10173.62241359649
2025-05-07 11:00:00+00:00,10173.62241359649
2025-05-07 12:00:00+00:00,10173.62241359649
2025-05-07 13:00:00+00:00,10173.62241359649
2025-05-07 14:00:00+00:00,10173.62241359649
2025-05-07 15:00:00+00:00,10173.62241359649
2025-05-07 16:00:00+00:00,10173.62241359649
2025-05-07 17:00:00+00:00,10173.62241359649
2025-05-07 18:00:00+00:00,10173.62241359649
2025-05-07 19:00:00+00:00,10173.62241359649
2025-05-07 20:00:00+00:00,10173.62241359649
2025-05-07 21:00:00+00:00,10173.62241359649
2025-05-07 22:00:00+00:00,10173.62241359649
2025-05-07 23:00:00+00:00,10173.62241359649
2025-05-08 00:00:00+00:00,10173.62241359649
2025-05-08 01:00:00+00:00,10173.62241359649
2025-05-08 02:00:00+00:00,10173.62241359649
2025-05-08 03:00:00+00:00,10173.62241359649
2025-05-08 04:00:00+00:00,10203.130271771517
2025-05-08 05:00:00+00:00,10188.300071771517
2025-05-08 06:00:00+00:00,10172.491971771517
2025-05-08 07:00:00+00:00,10194.090471771517
2025-05-08 08:00:00+00:00,10211.915971771517
2025-05-08 09:00:00+00:00,10242.59495136678
2025-05-08 10:00:00+00:00,10252.304651366781
2025-05-08 11:00:00+00:00,10251.44225136678
2025-05-08 12:00:00+00:00,10223.71455136678
2025-05-08 13:00:00+00:00,10214.48995136678
2025-05-08 14:00:00+00:00,10214.97505136678
2025-05-08 15:00:00+00:00,10219.964651366781
2025-05-08 16:00:00+00:00,10328.51155136678
2025-05-08 17:00:00+00:00,10366.959971688475
2025-05-08 18:00:00+00:00,10346.986171688477
2025-05-08 19:00:00+00:00,10373.443371688476
2025-05-08 20:00:00+00:00,10368.369071688476
2025-05-08 21:00:00+00:00,10470.216971688476
2025-05-08 22:00:00+00:00,10541.473954402232
2025-05-08 23:00:00+00:00,10541.473954402232
2025-05-09 00:00:00+00:00,10541.473954402232
2025-05-09 01:00:00+00:00,10541.473954402232
2025-05-09 02:00:00+00:00,10541.473954402232
2025-05-09 03:00:00+00:00,10541.473954402232
2025-05-09 04:00:00+00:00,10541.473954402232
2025-05-09 05:00:00+00:00,10541.473954402232
2025-05-09 06:00:00+00:00,10541.473954402232
2025-05-09 07:00:00+00:00,10541.473954402232
2025-05-09 08:00:00+00:00,10541.473954402232
2025-05-09 09:00:00+00:00,10541.473954402232
2025-05-09 10:00:00+00:00,10541.473954402232
2025-05-09 11:00:00+00:00,10541.473954402232
2025-05-09 12:00:00+00:00,10541.473954402232
2025-05-09 13:00:00+00:00,10541.473954402232
2025-05-09 14:00:00+00:00,10541.473954402232
2025-05-09 15:00:00+00:00,10541.473954402232
2025-05-09 16:00:00+00:00,10541.473954402232
2025-05-09 17:00:00+00:00,10541.473954402232
2025-05-09 18:00:00+00:00,10541.473954402232
2025-05-09 19:00:00+00:00,10541.473954402232
2025-05-09 20:00:00+00:00,10541.473954402232
2025-05-09 21:00:00+00:00,10541.473954402232
2025-05-09 22:00:00+00:00,10541.473954402232
2025-05-09 23:00:00+00:00,10541.473954402232
2025-05-10 00:00:00+00:00,10541.473954402232
2025-05-10 01:00:00+00:00,10541.473954402232
2025-05-10 02:00:00+00:00,10541.473954402232
2025-05-10 03:00:00+00:00,10541.473954402232
2025-05-10 04:00:00+00:00,10541.473954402232
2025-05-10 05:00:00+00:00,10541.473954402232
2025-05-10 06:00:00+00:00,10541.473954402232
2025-05-10 07:00:00+00:00,10541.473954402232
2025-05-10 08:00:00+00:00,10541.473954402232
2025-05-10 09:00:00+00:00,10541.473954402232
2025-05-10 10:00:00+00:00,10541.473954402232
2025-05-10 11:00:00+00:00,10541.473954402232
2025-05-10 12:00:00+00:00,10541.473954402232
2025-05-10 13:00:00+00:00,10541.473954402232
2025-05-10 14:00:00+00:00,10541.473954402232
2025-05-10 15:00:00+00:00,10541.473954402232
2025-05-10 16:00:00+00:00,10541.473954402232
2025-05-10 17:00:00+00:00,10541.473954402232
2025-05-10 18:00:00+00:00,10541.473954402232
2025-05-10 19:00:00+00:00,10541.473954402232
2025-05-10 20:00:00+00:00,10541.473954402232
2025-05-10 21:00:00+00:00,10541.473954402232
2025-05-10 22:00:00+00:00,10541.473954402232
2025-05-10 23:00:00+00:00,10541.473954402232
2025-05-11 00:00:00+00:00,10541.473954402232
2025-05-11 01:00:00+00:00,10492.806262549782
2025-05-11 02:00:00+00:00,10464.734462549783
2025-05-11 03:00:00+00:00,10427.922962549783
2025-05-11 04:00:00+00:00,10450.747062549784
2025-05-11 05:00:00+00:00,10467.256462549783
2025-05-11 06:00:00+00:00,10436.410462549784
2025-05-11 07:00:00+00:00,10437.293162549784
2025-05-11 08:00:00+00:00,10390.616762549782
2025-05-11 09:00:00+00:00,10434.432816490882
2025-05-11 10:00:00+00:00,10485.765216490883
2025-05-11 11:00:00+00:00,10514.370516490884
2025-05-11 12:00:00+00:00,10514.923416490883
2025-05-11 13:00:00+00:00,10509.879416490883
2025-05-11 14:00:00+00:00,10448.594816490882
2025-05-11 15:00:00+00:00,10466.384616490885
2025-05-11 16:00:00+00:00,10463.445516490883
2025-05-11 17:00:00+00:00,10448.700712360882
2025-05-11 18:00:00+00:00,10453.056012360883
2025-05-11 19:00:00+00:00,10501.973112360884
2025-05-11 20:00:00+00:00,10490.643512360883
2025-05-11 21:00:00+00:00,10476.122612360883
2025-05-11 22:00:00+00:00,10484.862312360883
2025-05-11 23:00:00+00:00,10430.037912360884
2025-05-12 00:00:00+00:00,10461.436812360884
2025-05-12 01:00:00+00:00,10506.460778749257
2025-05-12 02:00:00+00:00,10450.627578749256
2025-05-12 03:00:00+00:00,10439.579278749257
2025-05-12 04:00:00+00:00,10460.143278749258
2025-05-12 05:00:00+00:00,10456.369978749257
2025-05-12 06:00:00+00:00,10444.846378749256
2025-05-12 07:00:00+00:00,10487.516678749256
2025-05-12 08:00:00+00:00,10495.276678749256
2025-05-12 09:00:00+00:00,10507.300543639258
2025-05-12 10:00:00+00:00,10492.362543639258
2025-05-12 11:00:00+00:00,10498.686943639257
2025-05-12 12:00:00+00:00,10424.317043639257
2025-05-12 13:00:00+00:00,10436.325643639257
2025-05-12 14:00:00+00:00,10480.392743639257
2025-05-12 15:00:00+00:00,10329.375461031254
2025-05-12 16:00:00+00:00,10329.375461031254
2025-05-12 17:00:00+00:00,10329.375461031254
2025-05-12 18:00:00+00:00,10329.375461031254
2025-05-12 19:00:00+00:00,10329.375461031254
2025-05-12 20:00:00+00:00,10329.375461031254
2025-05-12 21:00:00+00:00,10329.375461031254
2025-05-12 22:00:00+00:00,10329.375461031254
2025-05-12 23:00:00+00:00,10329.375461031254
2025-05-13 00:00:00+00:00,10329.375461031254
2025-05-13 01:00:00+00:00,10329.375461031254
2025-05-13 02:00:00+00:00,10329.375461031254
2025-05-13 03:00:00+00:00,10329.375461031254
2025-05-13 04:00:00+00:00,10329.375461031254
2025-05-13 05:00:00+00:00,10329.375461031254
2025-05-13 06:00:00+00:00,10329.375461031254
2025-05-13 07:00:00+00:00,10329.375461031254
2025-05-13 08:00:00+00:00,10329.375461031254
2025-05-13 09:00:00+00:00,10329.375461031254
2025-05-13 10:00:00+00:00,10329.375461031254
2025-05-13 11:00:00+00:00,10329.375461031254
2025-05-13 12:00:00+00:00,10329.375461031254
2025-05-13 13:00:00+00:00,10329.375461031254
2025-05-13 14:00:00+00:00,10329.375461031254
2025-05-13 15:00:00+00:00,10329.375461031254
2025-05-13 16:00:00+00:00,10329.375461031254
2025-05-13 17:00:00+00:00,10329.375461031254
2025-05-13 18:00:00+00:00,10329.375461031254
2025-05-13 19:00:00+00:00,10329.375461031254
2025-05-13 20:00:00+00:00,10329.375461031254
2025-05-13 21:00:00+00:00,10329.375461031254
2025-05-13 22:00:00+00:00,10329.375461031254
2025-05-13 23:00:00+00:00,10329.375461031254
2025-05-14 00:00:00+00:00,10329.375461031254
2025-05-14 01:00:00+00:00,10329.375461031254
2025-05-14 02:00:00+00:00,10329.375461031254
2025-05-14 03:00:00+00:00,10329.375461031254
2025-05-14 04:00:00+00:00,10329.375461031254
2025-05-14 05:00:00+00:00,10329.375461031254
2025-05-14 06:00:00+00:00,10329.375461031254
2025-05-14 07:00:00+00:00,10329.375461031254
2025-05-14 08:00:00+00:00,10329.375461031254
2025-05-14 09:00:00+00:00,10329.375461031254
2025-05-14 10:00:00+00:00,10329.375461031254
2025-05-14 11:00:00+00:00,10329.375461031254
2025-05-14 12:00:00+00:00,10329.375461031254
2025-05-14 13:00:00+00:00,10329.375461031254
2025-05-14 14:00:00+00:00,10329.375461031254
2025-05-14 15:00:00+00:00,10329.375461031254
2025-05-14 16:00:00+00:00,10329.375461031254
2025-05-14 17:00:00+00:00,10329.375461031254
2025-05-14 18:00:00+00:00,10329.375461031254
2025-05-14 19:00:00+00:00,10329.375461031254
2025-05-14 20:00:00+00:00,10329.375461031254
2025-05-14 21:00:00+00:00,10329.375461031254
2025-05-14 22:00:00+00:00,10329.375461031254
2025-05-14 23:00:00+00:00,10329.375461031254
2025-05-15 00:00:00+00:00,10329.375461031254
2025-05-15 01:00:00+00:00,10329.375461031254
2025-05-15 02:00:00+00:00,10329.375461031254
2025-05-15 03:00:00+00:00,10329.375461031254
2025-05-15 04:00:00+00:00,10329.375461031254
2025-05-15 05:00:00+00:00,10329.375461031254
2025-05-15 06:00:00+00:00,10329.375461031254
2025-05-15 07:00:00+00:00,10329.375461031254
2025-05-15 08:00:00+00:00,10329.375461031254
2025-05-15 09:00:00+00:00,10329.375461031254
2025-05-15 10:00:00+00:00,10329.375461031254
2025-05-15 11:00:00+00:00,10329.375461031254
2025-05-15 12:00:00+00:00,10329.375461031254
2025-05-15 13:00:00+00:00,10329.375461031254
2025-05-15 14:00:00+00:00,10329.375461031254
2025-05-15 15:00:00+00:00,10329.375461031254
2025-05-15 16:00:00+00:00,10329.375461031254
2025-05-15 17:00:00+00:00,10329.375461031254
2025-05-15 18:00:00+00:00,10329.375461031254
2025-05-15 19:00:00+00:00,10329.375461031254
2025-05-15 20:00:00+00:00,10329.375461031254
2025-05-15 21:00:00+00:00,10329.375461031254
2025-05-15 22:00:00+00:00,10329.375461031254
2025-05-15 23:00:00+00:00,10329.375461031254
2025-05-16 00:00:00+00:00,10329.375461031254
2025-05-16 01:00:00+00:00,10329.375461031254
2025-05-16 02:00:00+00:00,10329.375461031254
2025-05-16 03:00:00+00:00,10329.375461031254
2025-05-16 04:00:00+00:00,10329.375461031254
2025-05-16 05:00:00+00:00,10329.375461031254
2025-05-16 06:00:00+00:00,10329.375461031254
2025-05-16 07:00:00+00:00,10329.375461031254
2025-05-16 08:00:00+00:00,10329.375461031254
2025-05-16 09:00:00+00:00,10329.375461031254
2025-05-16 10:00:00+00:00,10329.375461031254
2025-05-16 11:00:00+00:00,10329.375461031254
2025-05-16 12:00:00+00:00,10329.375461031254
2025-05-16 13:00:00+00:00,10329.375461031254
2025-05-16 14:00:00+00:00,10329.375461031254
2025-05-16 15:00:00+00:00,10329.375461031254
2025-05-16 16:00:00+00:00,10329.375461031254
2025-05-16 17:00:00+00:00,10329.375461031254
2025-05-16 18:00:00+00:00,10329.375461031254
2025-05-16 19:00:00+00:00,10329.375461031254
2025-05-16 20:00:00+00:00,10329.375461031254
2025-05-16 21:00:00+00:00,10329.375461031254
2025-05-16 22:00:00+00:00,10329.375461031254
2025-05-16 23:00:00+00:00,10329.375461031254
2025-05-17 00:00:00+00:00,10329.375461031254
2025-05-17 01:00:00+00:00,10329.375461031254
2025-05-17 02:00:00+00:00,10329.375461031254
2025-05-17 03:00:00+00:00,10329.375461031254
2025-05-17 04:00:00+00:00,10329.375461031254
2025-05-17 05:00:00+00:00,10329.375461031254
2025-05-17 06:00:00+00:00,10329.375461031254
2025-05-17 07:00:00+00:00,10329.375461031254
2025-05-17 08:00:00+00:00,10329.375461031254
2025-05-17 09:00:00+00:00,10329.375461031254
2025-05-17 10:00:00+00:00,10329.375461031254
2025-05-17 11:00:00+00:00,10329.375461031254
2025-05-17 12:00:00+00:00,10329.375461031254
2025-05-17 13:00:00+00:00,10329.375461031254
2025-05-17 14:00:00+00:00,10329.375461031254
2025-05-17 15:00:00+00:00,10329.375461031254
2025-05-17 16:00:00+00:00,10329.375461031254
2025-05-17 17:00:00+00:00,10329.375461031254
2025-05-17 18:00:00+00:00,10329.375461031254
2025-05-17 19:00:00+00:00,10329.375461031254
2025-05-17 20:00:00+00:00,10329.375461031254
2025-05-17 21:00:00+00:00,10329.375461031254
2025-05-17 22:00:00+00:00,10329.375461031254
2025-05-17 23:00:00+00:00,10329.375461031254
2025-05-18 00:00:00+00:00,10329.375461031254
2025-05-18 01:00:00+00:00,10329.375461031254
2025-05-18 02:00:00+00:00,10329.375461031254
2025-05-18 03:00:00+00:00,10329.375461031254
2025-05-18 04:00:00+00:00,10329.375461031254
2025-05-18 05:00:00+00:00,10329.375461031254
2025-05-18 06:00:00+00:00,10329.375461031254
2025-05-18 07:00:00+00:00,10329.375461031254
2025-05-18 08:00:00+00:00,10329.375461031254
2025-05-18 09:00:00+00:00,10329.375461031254
2025-05-18 10:00:00+00:00,10329.375461031254
2025-05-18 11:00:00+00:00,10329.375461031254
2025-05-18 12:00:00+00:00,10329.375461031254
2025-05-18 13:00:00+00:00,10329.375461031254
2025-05-18 14:00:00+00:00,10329.375461031254
2025-05-18 15:00:00+00:00,10329.375461031254
2025-05-18 16:00:00+00:00,10329.375461031254
2025-05-18 17:00:00+00:00,10329.375461031254
2025-05-18 18:00:00+00:00,10329.375461031254
2025-05-18 19:00:00+00:00,10329.375461031254
2025-05-18 20:00:00+00:00,10329.375461031254
2025-05-18 21:00:00+00:00,10329.375461031254
2025-05-18 22:00:00+00:00,10329.375461031254
2025-05-18 23:00:00+00:00,10329.375461031254
2025-05-19 00:00:00+00:00,10329.375461031254
2025-05-19 01:00:00+00:00,10243.750405506804
2025-05-19 02:00:00+00:00,10230.169505506805
2025-05-19 03:00:00+00:00,10202.558805506804
2025-05-19 04:00:00+00:00,10123.496817479006
2025-05-19 05:00:00+00:00,10123.496817479006
2025-05-19 06:00:00+00:00,10123.496817479006
2025-05-19 07:00:00+00:00,10123.496817479006
2025-05-19 08:00:00+00:00,10123.496817479006
2025-05-19 09:00:00+00:00,10123.496817479006
2025-05-19 10:00:00+00:00,10123.496817479006
2025-05-19 11:00:00+00:00,10123.496817479006
2025-05-19 12:00:00+00:00,10123.496817479006
2025-05-19 13:00:00+00:00,10123.496817479006
2025-05-19 14:00:00+00:00,10123.496817479006
2025-05-19 15:00:00+00:00,10123.496817479006
2025-05-19 16:00:00+00:00,10123.496817479006
2025-05-19 17:00:00+00:00,10123.496817479006
2025-05-19 18:00:00+00:00,10123.496817479006
2025-05-19 19:00:00+00:00,10123.496817479006
2025-05-19 20:00:00+00:00,10123.496817479006
2025-05-19 21:00:00+00:00,10123.496817479006
2025-05-19 22:00:00+00:00,10123.496817479006
2025-05-19 23:00:00+00:00,10123.496817479006
2025-05-20 00:00:00+00:00,10123.496817479006
2025-05-20 01:00:00+00:00,10123.496817479006
2025-05-20 02:00:00+00:00,10123.496817479006
2025-05-20 03:00:00+00:00,10123.496817479006
2025-05-20 04:00:00+00:00,10123.496817479006
2025-05-20 05:00:00+00:00,10123.496817479006
2025-05-20 06:00:00+00:00,10123.496817479006
2025-05-20 07:00:00+00:00,10123.496817479006
2025-05-20 08:00:00+00:00,10123.496817479006
2025-05-20 09:00:00+00:00,10123.496817479006
2025-05-20 10:00:00+00:00,10123.496817479006
2025-05-20 11:00:00+00:00,10123.496817479006
2025-05-20 12:00:00+00:00,10123.496817479006
2025-05-20 13:00:00+00:00,10123.496817479006
2025-05-20 14:00:00+00:00,10123.496817479006
2025-05-20 15:00:00+00:00,10123.496817479006
2025-05-20 16:00:00+00:00,10123.496817479006
2025-05-20 17:00:00+00:00,10123.496817479006
2025-05-20 18:00:00+00:00,10123.496817479006
2025-05-20 19:00:00+00:00,10123.496817479006
2025-05-20 20:00:00+00:00,10123.496817479006
2025-05-20 21:00:00+00:00,10123.496817479006
2025-05-20 22:00:00+00:00,10123.496817479006
2025-05-20 23:00:00+00:00,10123.496817479006
2025-05-21 00:00:00+00:00,10123.496817479006
2025-05-21 01:00:00+00:00,10123.496817479006
2025-05-21 02:00:00+00:00,10123.496817479006
2025-05-21 03:00:00+00:00,10123.496817479006
2025-05-21 04:00:00+00:00,10123.496817479006
2025-05-21 05:00:00+00:00,10123.496817479006
2025-05-21 06:00:00+00:00,10123.496817479006
2025-05-21 07:00:00+00:00,10123.496817479006
2025-05-21 08:00:00+00:00,10040.17136394871
2025-05-21 09:00:00+00:00,10032.011608389092
2025-05-21 10:00:00+00:00,10020.52920838909
2025-05-21 11:00:00+00:00,10028.948808389092
2025-05-21 12:00:00+00:00,10041.392208389092
2025-05-21 13:00:00+00:00,10043.060008389091
2025-05-21 14:00:00+00:00,10085.871008389093
2025-05-21 15:00:00+00:00,10194.668608389093
2025-05-21 16:00:00+00:00,10193.025608389093
2025-05-21 17:00:00+00:00,10202.866467586744
2025-05-21 18:00:00+00:00,10045.752267586744
2025-05-21 19:00:00+00:00,10067.136067586744
2025-05-21 20:00:00+00:00,10168.543267586745
2025-05-21 21:00:00+00:00,10146.539467586743
2025-05-21 22:00:00+00:00,10157.172467586744
2025-05-21 23:00:00+00:00,10177.886667586745
2025-05-22 00:00:00+00:00,10234.399667586744
2025-05-22 01:00:00+00:00,10253.305888066745
2025-05-22 02:00:00+00:00,10251.266088066744
2025-05-22 03:00:00+00:00,10285.260688066744
2025-05-22 04:00:00+00:00,10366.796888066745
2025-05-22 05:00:00+00:00,10347.800088066744
2025-05-22 06:00:00+00:00,10310.197088066745
2025-05-22 07:00:00+00:00,10293.686488066744
2025-05-22 08:00:00+00:00,10320.290688066745
2025-05-22 09:00:00+00:00,10280.468052106744
2025-05-22 10:00:00+00:00,10305.150252106743
2025-05-22 11:00:00+00:00,10304.046652106743
2025-05-22 12:00:00+00:00,10315.777052106745
2025-05-22 13:00:00+00:00,10354.719252106745
2025-05-22 14:00:00+00:00,10311.232452106744
2025-05-22 15:00:00+00:00,10310.104052106744
2025-05-22 16:00:00+00:00,10334.780052106744
2025-05-22 17:00:00+00:00,10332.689095906744
2025-05-22 18:00:00+00:00,10347.327295906745
2025-05-22 19:00:00+00:00,10361.370295906745
2025-05-22 20:00:00+00:00,10326.991295906744
2025-05-22 21:00:00+00:00,10320.053495906745
2025-05-22 22:00:00+00:00,10305.824495906745
2025-05-22 23:00:00+00:00,10316.941095906745
2025-05-23 00:00:00+00:00,10359.640495906744
2025-05-23 01:00:00+00:00,10353.272595508093
2025-05-23 02:00:00+00:00,10335.546795508093
2025-05-23 03:00:00+00:00,10331.169595508092
2025-05-23 04:00:00+00:00,10320.635795508093
2025-05-23 05:00:00+00:00,10305.110995508094
2025-05-23 06:00:00+00:00,10306.146395508093
2025-05-23 07:00:00+00:00,10285.401195508093
2025-05-23 08:00:00+00:00,10298.390195508093
2025-05-23 09:00:00+00:00,10310.589510210846
2025-05-23 10:00:00+00:00,10334.899710210848
2025-05-23 11:00:00+00:00,10318.184510210847
2025-05-23 12:00:00+00:00,10255.039498498438
2025-05-23 13:00:00+00:00,10255.039498498438
2025-05-23 14:00:00+00:00,10255.039498498438
2025-05-23 15:00:00+00:00,10255.039498498438
2025-05-23 16:00:00+00:00,10255.039498498438
2025-05-23 17:00:00+00:00,10255.039498498438
2025-05-23 18:00:00+00:00,10255.039498498438
2025-05-23 19:00:00+00:00,10255.039498498438
2025-05-23 20:00:00+00:00,10255.039498498438
2025-05-23 21:00:00+00:00,10255.039498498438
2025-05-23 22:00:00+00:00,10255.039498498438
2025-05-23 23:00:00+00:00,10255.039498498438
2025-05-24 00:00:00+00:00,10255.039498498438
2025-05-24 01:00:00+00:00,10255.039498498438
2025-05-24 02:00:00+00:00,10255.039498498438
2025-05-24 03:00:00+00:00,10255.039498498438
2025-05-24 04:00:00+00:00,10255.039498498438
2025-05-24 05:00:00+00:00,10255.039498498438
2025-05-24 06:00:00+00:00,10255.039498498438
2025-05-24 07:00:00+00:00,10255.039498498438
2025-05-24 08:00:00+00:00,10255.039498498438
2025-05-24 09:00:00+00:00,10255.039498498438
2025-05-24 10:00:00+00:00,10255.039498498438
2025-05-24 11:00:00+00:00,10255.039498498438
2025-05-24 12:00:00+00:00,10255.039498498438
2025-05-24 13:00:00+00:00,10255.039498498438
2025-05-24 14:00:00+00:00,10255.039498498438
2025-05-24 15:00:00+00:00,10255.039498498438
2025-05-24 16:00:00+00:00,10255.039498498438
2025-05-24 17:00:00+00:00,10255.039498498438
2025-05-24 18:00:00+00:00,10255.039498498438
2025-05-24 19:00:00+00:00,10255.039498498438
2025-05-24 20:00:00+00:00,10255.039498498438
2025-05-24 21:00:00+00:00,10255.039498498438
2025-05-24 22:00:00+00:00,10255.039498498438
2025-05-24 23:00:00+00:00,10255.039498498438
2025-05-25 00:00:00+00:00,10255.039498498438
2025-05-25 01:00:00+00:00,10255.039498498438
2025-05-25 02:00:00+00:00,10255.039498498438
2025-05-25 03:00:00+00:00,10255.039498498438
2025-05-25 04:00:00+00:00,10255.039498498438
2025-05-25 05:00:00+00:00,10255.039498498438
2025-05-25 06:00:00+00:00,10255.039498498438
2025-05-25 07:00:00+00:00,10255.039498498438
2025-05-25 08:00:00+00:00,10255.039498498438
2025-05-25 09:00:00+00:00,10255.039498498438
2025-05-25 10:00:00+00:00,10255.039498498438
2025-05-25 11:00:00+00:00,10255.039498498438
2025-05-25 12:00:00+00:00,10255.039498498438
2025-05-25 13:00:00+00:00,10255.039498498438
2025-05-25 14:00:00+00:00,10255.039498498438
2025-05-25 15:00:00+00:00,10255.039498498438
2025-05-25 16:00:00+00:00,10255.039498498438
2025-05-25 17:00:00+00:00,10255.039498498438
2025-05-25 18:00:00+00:00,10255.039498498438
2025-05-25 19:00:00+00:00,10255.039498498438
2025-05-25 20:00:00+00:00,10255.039498498438
2025-05-25 21:00:00+00:00,10255.039498498438
2025-05-25 22:00:00+00:00,10255.039498498438
2025-05-25 23:00:00+00:00,10255.039498498438
2025-05-26 00:00:00+00:00,10255.039498498438
2025-05-26 01:00:00+00:00,10255.039498498438
2025-05-26 02:00:00+00:00,10255.039498498438
2025-05-26 03:00:00+00:00,10255.039498498438
2025-05-26 04:00:00+00:00,10255.039498498438
2025-05-26 05:00:00+00:00,10255.039498498438
2025-05-26 06:00:00+00:00,10255.039498498438
2025-05-26 07:00:00+00:00,10255.039498498438
2025-05-26 08:00:00+00:00,10255.039498498438
2025-05-26 09:00:00+00:00,10255.039498498438
2025-05-26 10:00:00+00:00,10255.039498498438
2025-05-26 11:00:00+00:00,10255.039498498438
2025-05-26 12:00:00+00:00,10255.039498498438
2025-05-26 13:00:00+00:00,10255.039498498438
2025-05-26 14:00:00+00:00,10255.039498498438
2025-05-26 15:00:00+00:00,10255.039498498438
2025-05-26 16:00:00+00:00,10255.039498498438
2025-05-26 17:00:00+00:00,10255.039498498438
2025-05-26 18:00:00+00:00,10255.039498498438
2025-05-26 19:00:00+00:00,10255.039498498438
2025-05-26 20:00:00+00:00,10255.039498498438
2025-05-26 21:00:00+00:00,10255.039498498438
2025-05-26 22:00:00+00:00,10255.039498498438
2025-05-26 23:00:00+00:00,10255.039498498438
2025-05-27 00:00:00+00:00,10255.039498498438
2025-05-27 01:00:00+00:00,10255.039498498438
2025-05-27 02:00:00+00:00,10255.039498498438
2025-05-27 03:00:00+00:00,10255.039498498438
2025-05-27 04:00:00+00:00,10255.039498498438
2025-05-27 05:00:00+00:00,10255.039498498438
2025-05-27 06:00:00+00:00,10255.039498498438
2025-05-27 07:00:00+00:00,10255.039498498438
2025-05-27 08:00:00+00:00,10255.039498498438
2025-05-27 09:00:00+00:00,10255.039498498438
2025-05-27 10:00:00+00:00,10255.039498498438
2025-05-27 11:00:00+00:00,10255.039498498438
2025-05-27 12:00:00+00:00,10255.039498498438
2025-05-27 13:00:00+00:00,10255.039498498438
2025-05-27 14:00:00+00:00,10255.039498498438
2025-05-27 15:00:00+00:00,10255.039498498438
2025-05-27 16:00:00+00:00,10255.039498498438
2025-05-27 17:00:00+00:00,10255.039498498438
2025-05-27 18:00:00+00:00,10255.039498498438
2025-05-27 19:00:00+00:00,10255.039498498438
2025-05-27 20:00:00+00:00,10255.039498498438
2025-05-27 21:00:00+00:00,10255.039498498438
2025-05-27 22:00:00+00:00,10255.039498498438
2025-05-27 23:00:00+00:00,10255.039498498438
2025-05-28 00:00:00+00:00,10255.039498498438
2025-05-28 01:00:00+00:00,10255.039498498438
2025-05-28 02:00:00+00:00,10255.039498498438
2025-05-28 03:00:00+00:00,10255.039498498438
2025-05-28 04:00:00+00:00,10255.039498498438
2025-05-28 05:00:00+00:00,10255.039498498438
2025-05-28 06:00:00+00:00,10255.039498498438
2025-05-28 07:00:00+00:00,10255.039498498438
2025-05-28 08:00:00+00:00,10255.039498498438
2025-05-28 09:00:00+00:00,10255.039498498438
2025-05-28 10:00:00+00:00,10255.039498498438
2025-05-28 11:00:00+00:00,10255.039498498438
2025-05-28 12:00:00+00:00,10255.039498498438
2025-05-28 13:00:00+00:00,10255.039498498438
2025-05-28 14:00:00+00:00,10255.039498498438
2025-05-28 15:00:00+00:00,10255.039498498438
2025-05-28 16:00:00+00:00,10255.039498498438
2025-05-28 17:00:00+00:00,10255.039498498438
2025-05-28 18:00:00+00:00,10255.039498498438
2025-05-28 19:00:00+00:00,10255.039498498438
2025-05-28 20:00:00+00:00,10255.039498498438
2025-05-28 21:00:00+00:00,10255.039498498438
2025-05-28 22:00:00+00:00,10255.039498498438
2025-05-28 23:00:00+00:00,10255.039498498438
2025-05-29 00:00:00+00:00,10255.039498498438
2025-05-29 01:00:00+00:00,10255.039498498438
2025-05-29 02:00:00+00:00,10255.039498498438
2025-05-29 03:00:00+00:00,10255.039498498438
2025-05-29 04:00:00+00:00,10255.039498498438
2025-05-29 05:00:00+00:00,10255.039498498438
2025-05-29 06:00:00+00:00,10255.039498498438
2025-05-29 07:00:00+00:00,10255.039498498438
2025-05-29 08:00:00+00:00,10255.039498498438
2025-05-29 09:00:00+00:00,10255.039498498438
2025-05-29 10:00:00+00:00,10255.039498498438
2025-05-29 11:00:00+00:00,10255.039498498438
2025-05-29 12:00:00+00:00,10255.039498498438
2025-05-29 13:00:00+00:00,10255.039498498438
2025-05-29 14:00:00+00:00,10255.039498498438
2025-05-29 15:00:00+00:00,10255.039498498438
2025-05-29 16:00:00+00:00,10255.039498498438
2025-05-29 17:00:00+00:00,10255.039498498438
2025-05-29 18:00:00+00:00,10255.039498498438
2025-05-29 19:00:00+00:00,10255.039498498438
2025-05-29 20:00:00+00:00,10255.039498498438
2025-05-29 21:00:00+00:00,10215.81134635045
2025-05-29 22:00:00+00:00,10196.29754635045
2025-05-29 23:00:00+00:00,10234.14854635045
2025-05-30 00:00:00+00:00,10259.782146350452
2025-05-30 01:00:00+00:00,10307.317323307623
2025-05-30 02:00:00+00:00,10253.918923307623
2025-05-30 03:00:00+00:00,10229.469323307623
2025-05-30 04:00:00+00:00,10227.508323307622
2025-05-30 05:00:00+00:00,10221.129523307623
2025-05-30 06:00:00+00:00,10223.874923307623
2025-05-30 07:00:00+00:00,10250.248523307622
2025-05-30 08:00:00+00:00,10300.124523307622
2025-05-30 09:00:00+00:00,10290.648183486972
2025-05-30 10:00:00+00:00,10257.259383486973
2025-05-30 11:00:00+00:00,10236.346983486974
2025-05-30 12:00:00+00:00,10239.010983486973
2025-05-30 13:00:00+00:00,10253.559383486972
2025-05-30 14:00:00+00:00,10266.879383486972
2025-05-30 15:00:00+00:00,10277.505783486973
2025-05-30 16:00:00+00:00,10262.942583486973
2025-05-30 17:00:00+00:00,10384.628098807294
2025-05-30 18:00:00+00:00,10364.011698807293
2025-05-30 19:00:00+00:00,10311.257098807293
2025-05-30 20:00:00+00:00,10330.593298807293
2025-05-30 21:00:00+00:00,10334.493098807294
2025-05-30 22:00:00+00:00,10331.370298807293
2025-05-30 23:00:00+00:00,10380.728298807293
2025-05-31 00:00:00+00:00,10378.515698807294
2025-05-31 01:00:00+00:00,10381.11620521585
2025-05-31 02:00:00+00:00,10417.90900521585
2025-05-31 03:00:00+00:00,10438.362605215849
2025-05-31 04:00:00+00:00,10402.102605215849
2025-05-31 05:00:00+00:00,10393.111605215849
2025-05-31 06:00:00+00:00,10413.51340521585
2025-05-31 07:00:00+00:00,10389.72980521585
2025-05-31 08:00:00+00:00,10397.62560521585
2025-05-31 09:00:00+00:00,10404.865133386089
2025-05-31 10:00:00+00:00,10413.042133386089
2025-05-31 11:00:00+00:00,10422.49933338609
2025-05-31 12:00:00+00:00,10415.94293338609
2025-05-31 13:00:00+00:00,10377.21873338609
2025-05-31 14:00:00+00:00,10371.54293338609
2025-05-31 15:00:00+00:00,10338.072733386089
2025-05-31 16:00:00+00:00,10339.264133386088
2025-05-31 17:00:00+00:00,10344.414369037788
2025-05-31 18:00:00+00:00,10353.901169037787
2025-05-31 19:00:00+00:00,10343.496769037787
2025-05-31 20:00:00+00:00,10328.023369037786
2025-05-31 21:00:00+00:00,10322.473369037787
2025-05-31 22:00:00+00:00,10315.931769037787
2025-05-31 23:00:00+00:00,10334.439169037787
2025-06-01 00:00:00+00:00,10336.104169037786
2025-06-01 01:00:00+00:00,10346.123143769459
2025-06-01 02:00:00+00:00,10370.062143769459
2025-06-01 03:00:00+00:00,10365.718343769458
2025-06-01 04:00:00+00:00,10351.47334376946
2025-06-01 05:00:00+00:00,10332.86974376946
2025-06-01 06:00:00+00:00,10340.425143769458
2025-06-01 07:00:00+00:00,10361.063743769459
2025-06-01 08:00:00+00:00,10359.27294376946
2025-06-01 09:00:00+00:00,10351.187244341569
2025-06-01 10:00:00+00:00,10384.83504434157
2025-06-01 11:00:00+00:00,10384.849844341568
2025-06-01 12:00:00+00:00,10373.735044341569
2025-06-01 13:00:00+00:00,10382.681644341568
2025-06-01 14:00:00+00:00,10360.563044341568
2025-06-01 15:00:00+00:00,10335.728644341569
2025-06-01 16:00:00+00:00,10327.411044341568
2025-06-01 17:00:00+00:00,10304.020311286033
2025-06-01 18:00:00+00:00,10302.39971128603
2025-06-01 19:00:00+00:00,10313.906711286032
2025-06-01 20:00:00+00:00,10297.301111286031
2025-06-01 21:00:00+00:00,10310.48791128603
2025-06-01 22:00:00+00:00,10269.943311286032
2025-06-01 23:00:00+00:00,10269.166311286031
2025-06-02 00:00:00+00:00,10259.70171128603
2025-06-02 01:00:00+00:00,10274.762350771867
2025-06-02 02:00:00+00:00,10278.573350771867
2025-06-02 03:00:00+00:00,10303.785150771868
2025-06-02 04:00:00+00:00,10318.962550771868
2025-06-02 05:00:00+00:00,10322.329550771869
2025-06-02 06:00:00+00:00,10319.006950771869
2025-06-02 07:00:00+00:00,10292.936750771867
2025-06-02 08:00:00+00:00,10277.182150771869
2025-06-02 09:00:00+00:00,10281.791760559117
2025-06-02 10:00:00+00:00,10337.994760559117
2025-06-02 11:00:00+00:00,10353.815960559117
2025-06-02 12:00:00+00:00,10377.251760559117
2025-06-02 13:00:00+00:00,10365.707760559117
2025-06-02 14:00:00+00:00,10394.693560559117
2025-06-02 15:00:00+00:00,10367.661360559116
2025-06-02 16:00:00+00:00,10347.888560559117
2025-06-02 17:00:00+00:00,10360.236452863819
2025-06-02 18:00:00+00:00,10352.02245286382
2025-06-02 19:00:00+00:00,10354.745652863818
2025-06-02 20:00:00+00:00,10350.48325286382
2025-06-02 21:00:00+00:00,10316.236052863818
2025-06-02 22:00:00+00:00,10312.025452863818
2025-06-02 23:00:00+00:00,10255.504252863819
2025-06-03 00:00:00+00:00,10243.338652863818
2025-06-03 01:00:00+00:00,10212.828157657099
2025-06-03 02:00:00+00:00,10197.236357657097
2025-06-03 03:00:00+00:00,10263.0001576571
2025-06-03 04:00:00+00:00,10270.777557657098
2025-06-03 05:00:00+00:00,10294.006157657099
2025-06-03 06:00:00+00:00,10273.8041576571
2025-06-03 07:00:00+00:00,10276.734557657099
2025-06-03 08:00:00+00:00,10294.043157657099
2025-06-03 09:00:00+00:00,10301.500689157196
2025-06-03 10:00:00+00:00,10293.930489157194
2025-06-03 11:00:00+00:00,10287.344489157194
2025-06-03 12:00:00+00:00,10286.693289157194
2025-06-03 13:00:00+00:00,10285.294689157196
2025-06-03 14:00:00+00:00,10277.043689157195
2025-06-03 15:00:00+00:00,10193.823289157195
2025-06-03 16:00:00+00:00,10189.309289157194
2025-06-03 17:00:00+00:00,10248.51285150358
2025-06-03 18:00:00+00:00,10238.952051503578
2025-06-03 19:00:00+00:00,10233.77945150358
2025-06-03 20:00:00+00:00,10218.098851503579
2025-06-03 21:00:00+00:00,10253.596651503578
2025-06-03 22:00:00+00:00,10281.72405150358
2025-06-03 23:00:00+00:00,10254.01105150358
2025-06-04 00:00:00+00:00,10280.384651503578
2025-06-04 01:00:00+00:00,10273.139194116564
2025-06-04 02:00:00+00:00,10265.975994116565
2025-06-04 03:00:00+00:00,10272.820994116564
2025-06-04 04:00:00+00:00,10269.668594116565
2025-06-04 05:00:00+00:00,10277.482994116564
2025-06-04 06:00:00+00:00,10282.070994116564
2025-06-04 07:00:00+00:00,10286.325994116563
2025-06-04 08:00:00+00:00,10285.556394116564
2025-06-04 09:00:00+00:00,10276.021371366178
2025-06-04 10:00:00+00:00,10247.04297136618
2025-06-04 11:00:00+00:00,10256.884971366178
2025-06-04 12:00:00+00:00,10301.751171366179
2025-06-04 13:00:00+00:00,10305.895171366179
2025-06-04 14:00:00+00:00,10327.022171366178
2025-06-04 15:00:00+00:00,10307.315971366179
2025-06-04 16:00:00+00:00,10286.16677136618
2025-06-04 17:00:00+00:00,10274.838300082014
2025-06-04 18:00:00+00:00,10305.037700082015
2025-06-04 19:00:00+00:00,10312.060300082014
2025-06-04 20:00:00+00:00,10314.679900082016
2025-06-04 21:00:00+00:00,10337.730900082015
2025-06-04 22:00:00+00:00,10314.983300082014
2025-06-04 23:00:00+00:00,10325.254500082016
2025-06-05 00:00:00+00:00,10331.596300082014
2025-06-05 01:00:00+00:00,10309.609230266982
2025-06-05 02:00:00+00:00,10324.860630266983
2025-06-05 03:00:00+00:00,10308.706430266982
2025-06-05 04:00:00+00:00,10305.731630266984
2025-06-05 05:00:00+00:00,10295.142230266983
2025-06-05 06:00:00+00:00,10334.673030266982
2025-06-05 07:00:00+00:00,10348.866230266984
2025-06-05 08:00:00+00:00,10344.093230266983
2025-06-05 09:00:00+00:00,10332.697187546855
2025-06-05 10:00:00+00:00,10316.054587546856
2025-06-05 11:00:00+00:00,10333.940387546856
2025-06-05 12:00:00+00:00,10322.137387546856
2025-06-05 13:00:00+00:00,10260.865387546857
2025-06-05 14:00:00+00:00,10344.144987546855
2025-06-05 15:00:00+00:00,10335.768187546855
2025-06-05 16:00:00+00:00,10343.020187546856
2025-06-05 17:00:00+00:00,10438.264664780176
2025-06-05 18:00:00+00:00,10438.841864780175
2025-06-05 19:00:00+00:00,10457.423264780176
2025-06-05 20:00:00+00:00,10537.121264780175
2025-06-05 21:00:00+00:00,10634.087909136393
2025-06-05 22:00:00+00:00,10558.209825571725
2025-06-05 23:00:00+00:00,10560.836625571725
2025-06-06 00:00:00+00:00,10560.163425571725
2025-06-06 01:00:00+00:00,10534.625258639402
2025-06-06 02:00:00+00:00,10537.608458639403
2025-06-06 03:00:00+00:00,10514.422658639402
2025-06-06 04:00:00+00:00,10494.833858639404
2025-06-06 05:00:00+00:00,10476.254858639402
2025-06-06 06:00:00+00:00,10464.850058639402
2025-06-06 07:00:00+00:00,10450.514858639403
2025-06-06 08:00:00+00:00,10451.808458639402
2025-06-06 09:00:00+00:00,10422.503619899799
2025-06-06 10:00:00+00:00,10422.503619899799
2025-06-06 11:00:00+00:00,10422.503619899799
2025-06-06 12:00:00+00:00,10422.503619899799
2025-06-06 13:00:00+00:00,10422.503619899799
2025-06-06 14:00:00+00:00,10422.503619899799
2025-06-06 15:00:00+00:00,10422.503619899799
2025-06-06 16:00:00+00:00,10422.503619899799
2025-06-06 17:00:00+00:00,10422.503619899799
2025-06-06 18:00:00+00:00,10422.503619899799
2025-06-06 19:00:00+00:00,10422.503619899799
2025-06-06 20:00:00+00:00,10422.503619899799
2025-06-06 21:00:00+00:00,10422.503619899799
2025-06-06 22:00:00+00:00,10422.503619899799
2025-06-06 23:00:00+00:00,10422.503619899799
2025-06-07 00:00:00+00:00,10422.503619899799
2025-06-07 01:00:00+00:00,10422.503619899799
2025-06-07 02:00:00+00:00,10422.503619899799
2025-06-07 03:00:00+00:00,10422.503619899799
2025-06-07 04:00:00+00:00,10422.503619899799
2025-06-07 05:00:00+00:00,10422.503619899799
2025-06-07 06:00:00+00:00,10422.503619899799
2025-06-07 07:00:00+00:00,10422.503619899799
2025-06-07 08:00:00+00:00,10422.503619899799
2025-06-07 09:00:00+00:00,10422.503619899799
2025-06-07 10:00:00+00:00,10422.503619899799
2025-06-07 11:00:00+00:00,10422.503619899799
2025-06-07 12:00:00+00:00,10422.503619899799
2025-06-07 13:00:00+00:00,10422.503619899799
2025-06-07 14:00:00+00:00,10422.503619899799
2025-06-07 15:00:00+00:00,10422.503619899799
2025-06-07 16:00:00+00:00,10422.503619899799
2025-06-07 17:00:00+00:00,10422.503619899799
2025-06-07 18:00:00+00:00,10422.503619899799
2025-06-07 19:00:00+00:00,10422.503619899799
2025-06-07 20:00:00+00:00,10422.503619899799
2025-06-07 21:00:00+00:00,10422.503619899799
2025-06-07 22:00:00+00:00,10422.503619899799
2025-06-07 23:00:00+00:00,10422.503619899799
2025-06-08 00:00:00+00:00,10422.503619899799
2025-06-08 01:00:00+00:00,10422.503619899799
2025-06-08 02:00:00+00:00,10422.503619899799
2025-06-08 03:00:00+00:00,10422.503619899799
2025-06-08 04:00:00+00:00,10422.503619899799
2025-06-08 05:00:00+00:00,10422.503619899799
2025-06-08 06:00:00+00:00,10422.503619899799
2025-06-08 07:00:00+00:00,10422.503619899799
2025-06-08 08:00:00+00:00,10422.503619899799
2025-06-08 09:00:00+00:00,10422.503619899799
2025-06-08 10:00:00+00:00,10422.503619899799
2025-06-08 11:00:00+00:00,10422.503619899799
2025-06-08 12:00:00+00:00,10422.503619899799
2025-06-08 13:00:00+00:00,10422.503619899799
2025-06-08 14:00:00+00:00,10422.503619899799
2025-06-08 15:00:00+00:00,10422.503619899799
2025-06-08 16:00:00+00:00,10422.503619899799
2025-06-08 17:00:00+00:00,10422.503619899799
2025-06-08 18:00:00+00:00,10422.503619899799
2025-06-08 19:00:00+00:00,10422.503619899799
2025-06-08 20:00:00+00:00,10422.503619899799
2025-06-08 21:00:00+00:00,10422.503619899799
2025-06-08 22:00:00+00:00,10422.503619899799
2025-06-08 23:00:00+00:00,10422.503619899799
2025-06-09 00:00:00+00:00,10422.503619899799
2025-06-09 01:00:00+00:00,10422.503619899799
2025-06-09 02:00:00+00:00,10422.503619899799
2025-06-09 03:00:00+00:00,10422.503619899799
2025-06-09 04:00:00+00:00,10422.503619899799
2025-06-09 05:00:00+00:00,10422.503619899799
2025-06-09 06:00:00+00:00,10422.503619899799
2025-06-09 07:00:00+00:00,10422.503619899799
2025-06-09 08:00:00+00:00,10422.503619899799
2025-06-09 09:00:00+00:00,10422.503619899799
2025-06-09 10:00:00+00:00,10422.503619899799
2025-06-09 11:00:00+00:00,10422.503619899799
2025-06-09 12:00:00+00:00,10468.584241578255
2025-06-09 13:00:00+00:00,10467.391141578257
2025-06-09 14:00:00+00:00,10397.104941578256
2025-06-09 15:00:00+00:00,10454.354341578255
2025-06-09 16:00:00+00:00,10454.655041578257
2025-06-09 17:00:00+00:00,10462.416182235109
2025-06-09 18:00:00+00:00,10524.020882235109
2025-06-09 19:00:00+00:00,10534.060382235108
2025-06-09 20:00:00+00:00,10546.56368223511
2025-06-09 21:00:00+00:00,10558.40738223511
2025-06-09 22:00:00+00:00,10737.780449858923
2025-06-09 23:00:00+00:00,10745.681019883501
2025-06-10 00:00:00+00:00,10753.416519883502
2025-06-10 01:00:00+00:00,10723.898019333183
2025-06-10 02:00:00+00:00,10713.546219333182
2025-06-10 03:00:00+00:00,10702.676019333183
2025-06-10 04:00:00+00:00,10695.977319333182
2025-06-10 05:00:00+00:00,10692.818319333182
2025-06-10 06:00:00+00:00,10675.395219333182
2025-06-10 07:00:00+00:00,10690.655619333183
2025-06-10 08:00:00+00:00,10667.805519333182
2025-06-10 09:00:00+00:00,10656.674676723183
2025-06-10 10:00:00+00:00,10691.018676723183
2025-06-10 11:00:00+00:00,10673.725176723183
2025-06-10 12:00:00+00:00,10692.849276723184
2025-06-10 13:00:00+00:00,10704.715776723184
2025-06-10 14:00:00+00:00,10674.122076723183
2025-06-10 15:00:00+00:00,10618.410276723183
2025-06-10 16:00:00+00:00,10650.502476723184
2025-06-10 17:00:00+00:00,10625.894852891703
2025-06-10 18:00:00+00:00,10624.890452891703
2025-06-10 19:00:00+00:00,10670.412452891704
2025-06-10 20:00:00+00:00,10689.042452891703
2025-06-10 21:00:00+00:00,10725.541052891704
2025-06-10 22:00:00+00:00,10717.667852891702
2025-06-10 23:00:00+00:00,10707.542852891702
2025-06-11 00:00:00+00:00,10751.849852891703
2025-06-11 01:00:00+00:00,10714.381070064655
2025-06-11 02:00:00+00:00,10696.569170064657
2025-06-11 03:00:00+00:00,10703.008670064657
2025-06-11 04:00:00+00:00,10704.790670064656
2025-06-11 05:00:00+00:00,10693.264370064657
2025-06-11 06:00:00+00:00,10685.326370064657
2025-06-11 07:00:00+00:00,10696.002170064656
2025-06-11 08:00:00+00:00,10683.147470064656
2025-06-11 09:00:00+00:00,10692.545219671945
2025-06-11 10:00:00+00:00,10668.002219671946
2025-06-11 11:00:00+00:00,10676.369519671945
2025-06-11 12:00:00+00:00,10666.463219671945
2025-06-11 13:00:00+00:00,10704.006719671946
2025-06-11 14:00:00+00:00,10701.406619671945
2025-06-11 15:00:00+00:00,10717.582319671945
2025-06-11 16:00:00+00:00,10706.533919671945
2025-06-11 17:00:00+00:00,10682.191190065054
2025-06-11 18:00:00+00:00,10644.428990065055
2025-06-11 19:00:00+00:00,10629.541190065054
2025-06-11 20:00:00+00:00,10624.251890065054
2025-06-11 21:00:00+00:00,10638.499790065054
2025-06-11 22:00:00+00:00,10604.860490065055
2025-06-11 23:00:00+00:00,10601.166890065055
2025-06-12 00:00:00+00:00,10617.407390065055
2025-06-12 01:00:00+00:00,10623.238125018719
2025-06-12 02:00:00+00:00,10607.637525018717
2025-06-12 03:00:00+00:00,10595.941125018719
2025-06-12 04:00:00+00:00,10554.10462501872
2025-06-12 05:00:00+00:00,10521.478148577913
2025-06-12 06:00:00+00:00,10521.478148577913
2025-06-12 07:00:00+00:00,10521.478148577913
2025-06-12 08:00:00+00:00,10521.478148577913
2025-06-12 09:00:00+00:00,10521.478148577913
2025-06-12 10:00:00+00:00,10521.478148577913
2025-06-12 11:00:00+00:00,10521.478148577913
2025-06-12 12:00:00+00:00,10521.478148577913
2025-06-12 13:00:00+00:00,10521.478148577913
2025-06-12 14:00:00+00:00,10521.478148577913
2025-06-12 15:00:00+00:00,10521.478148577913
2025-06-12 16:00:00+00:00,10521.478148577913
2025-06-12 17:00:00+00:00,10521.478148577913
2025-06-12 18:00:00+00:00,10521.478148577913
2025-06-12 19:00:00+00:00,10521.478148577913
2025-06-12 20:00:00+00:00,10521.478148577913
2025-06-12 21:00:00+00:00,10521.478148577913
2025-06-12 22:00:00+00:00,10521.478148577913
2025-06-12 23:00:00+00:00,10521.478148577913
2025-06-13 00:00:00+00:00,10521.478148577913
2025-06-13 01:00:00+00:00,10521.478148577913
2025-06-13 02:00:00+00:00,10521.478148577913
2025-06-13 03:00:00+00:00,10521.478148577913
2025-06-13 04:00:00+00:00,10521.478148577913
2025-06-13 05:00:00+00:00,10521.478148577913
2025-06-13 06:00:00+00:00,10521.478148577913
2025-06-13 07:00:00+00:00,10521.478148577913
2025-06-13 08:00:00+00:00,10521.478148577913
2025-06-13 09:00:00+00:00,10521.478148577913
2025-06-13 10:00:00+00:00,10521.478148577913
2025-06-13 11:00:00+00:00,10521.478148577913
2025-06-13 12:00:00+00:00,10521.478148577913
2025-06-13 13:00:00+00:00,10521.478148577913
2025-06-13 14:00:00+00:00,10521.478148577913
2025-06-13 15:00:00+00:00,10521.478148577913
2025-06-13 16:00:00+00:00,10521.478148577913
2025-06-13 17:00:00+00:00,10521.478148577913
2025-06-13 18:00:00+00:00,10521.478148577913
2025-06-13 19:00:00+00:00,10521.478148577913
2025-06-13 20:00:00+00:00,10521.478148577913
2025-06-13 21:00:00+00:00,10521.478148577913
2025-06-13 22:00:00+00:00,10521.478148577913
2025-06-13 23:00:00+00:00,10521.478148577913
2025-06-14 00:00:00+00:00,10521.478148577913
2025-06-14 01:00:00+00:00,10521.478148577913
2025-06-14 02:00:00+00:00,10521.478148577913
2025-06-14 03:00:00+00:00,10521.478148577913
2025-06-14 04:00:00+00:00,10521.478148577913
2025-06-14 05:00:00+00:00,10521.478148577913
2025-06-14 06:00:00+00:00,10521.478148577913
2025-06-14 07:00:00+00:00,10521.478148577913
2025-06-14 08:00:00+00:00,10521.478148577913
2025-06-14 09:00:00+00:00,10521.478148577913
2025-06-14 10:00:00+00:00,10521.478148577913
2025-06-14 11:00:00+00:00,10521.478148577913
2025-06-14 12:00:00+00:00,10521.478148577913
2025-06-14 13:00:00+00:00,10521.478148577913
2025-06-14 14:00:00+00:00,10521.478148577913
2025-06-14 15:00:00+00:00,10521.478148577913
2025-06-14 16:00:00+00:00,10521.478148577913
2025-06-14 17:00:00+00:00,10521.478148577913
2025-06-14 18:00:00+00:00,10521.478148577913
2025-06-14 19:00:00+00:00,10521.478148577913
2025-06-14 20:00:00+00:00,10521.478148577913
2025-06-14 21:00:00+00:00,10521.478148577913
2025-06-14 22:00:00+00:00,10521.478148577913
2025-06-14 23:00:00+00:00,10521.478148577913
2025-06-15 00:00:00+00:00,10521.478148577913
2025-06-15 01:00:00+00:00,10521.478148577913
2025-06-15 02:00:00+00:00,10521.478148577913
2025-06-15 03:00:00+00:00,10521.478148577913
2025-06-15 04:00:00+00:00,10521.478148577913
2025-06-15 05:00:00+00:00,10521.478148577913
2025-06-15 06:00:00+00:00,10521.478148577913
2025-06-15 07:00:00+00:00,10521.478148577913
2025-06-15 08:00:00+00:00,10521.478148577913
2025-06-15 09:00:00+00:00,10521.478148577913
2025-06-15 10:00:00+00:00,10521.478148577913
2025-06-15 11:00:00+00:00,10521.478148577913
2025-06-15 12:00:00+00:00,10521.478148577913
2025-06-15 13:00:00+00:00,10521.478148577913
2025-06-15 14:00:00+00:00,10521.478148577913
2025-06-15 15:00:00+00:00,10521.478148577913
2025-06-15 16:00:00+00:00,10521.478148577913
2025-06-15 17:00:00+00:00,10521.478148577913
2025-06-15 18:00:00+00:00,10521.478148577913
2025-06-15 19:00:00+00:00,10521.478148577913
2025-06-15 20:00:00+00:00,10521.478148577913
2025-06-15 21:00:00+00:00,10521.478148577913
2025-06-15 22:00:00+00:00,10521.478148577913
2025-06-15 23:00:00+00:00,10521.478148577913
2025-06-16 00:00:00+00:00,10521.478148577913
2025-06-16 01:00:00+00:00,10521.478148577913
2025-06-16 02:00:00+00:00,10521.478148577913
2025-06-16 03:00:00+00:00,10521.478148577913
2025-06-16 04:00:00+00:00,10521.478148577913
2025-06-16 05:00:00+00:00,10521.478148577913
2025-06-16 06:00:00+00:00,10521.478148577913
2025-06-16 07:00:00+00:00,10521.478148577913
2025-06-16 08:00:00+00:00,10521.478148577913
2025-06-16 09:00:00+00:00,10521.478148577913
2025-06-16 10:00:00+00:00,10521.478148577913
2025-06-16 11:00:00+00:00,10521.478148577913
2025-06-16 12:00:00+00:00,10521.478148577913
2025-06-16 13:00:00+00:00,10521.478148577913
2025-06-16 14:00:00+00:00,10521.478148577913
2025-06-16 15:00:00+00:00,10521.478148577913
2025-06-16 16:00:00+00:00,10521.478148577913
2025-06-16 17:00:00+00:00,10521.478148577913
2025-06-16 18:00:00+00:00,10521.478148577913
2025-06-16 19:00:00+00:00,10521.478148577913
2025-06-16 20:00:00+00:00,10521.478148577913
2025-06-16 21:00:00+00:00,10521.478148577913
2025-06-16 22:00:00+00:00,10521.478148577913
2025-06-16 23:00:00+00:00,10521.478148577913
2025-06-17 00:00:00+00:00,10521.478148577913
2025-06-17 01:00:00+00:00,10521.478148577913
2025-06-17 02:00:00+00:00,10521.478148577913
2025-06-17 03:00:00+00:00,10521.478148577913
2025-06-17 04:00:00+00:00,10521.478148577913
2025-06-17 05:00:00+00:00,10521.478148577913
2025-06-17 06:00:00+00:00,10521.478148577913
2025-06-17 07:00:00+00:00,10521.478148577913
2025-06-17 08:00:00+00:00,10521.478148577913
2025-06-17 09:00:00+00:00,10521.478148577913
2025-06-17 10:00:00+00:00,10521.478148577913
2025-06-17 11:00:00+00:00,10521.478148577913
2025-06-17 12:00:00+00:00,10521.478148577913
2025-06-17 13:00:00+00:00,10521.478148577913
2025-06-17 14:00:00+00:00,10521.478148577913
2025-06-17 15:00:00+00:00,10521.478148577913
2025-06-17 16:00:00+00:00,10521.478148577913
2025-06-17 17:00:00+00:00,10521.478148577913
2025-06-17 18:00:00+00:00,10521.478148577913
2025-06-17 19:00:00+00:00,10521.478148577913
2025-06-17 20:00:00+00:00,10521.478148577913
2025-06-17 21:00:00+00:00,10521.478148577913
2025-06-17 22:00:00+00:00,10521.478148577913
2025-06-17 23:00:00+00:00,10521.478148577913
2025-06-18 00:00:00+00:00,10521.478148577913
2025-06-18 01:00:00+00:00,10521.478148577913
2025-06-18 02:00:00+00:00,10521.478148577913
2025-06-18 03:00:00+00:00,10521.478148577913
2025-06-18 04:00:00+00:00,10521.478148577913
2025-06-18 05:00:00+00:00,10521.478148577913
2025-06-18 06:00:00+00:00,10521.478148577913
2025-06-18 07:00:00+00:00,10521.478148577913
2025-06-18 08:00:00+00:00,10521.478148577913
2025-06-18 09:00:00+00:00,10521.478148577913
2025-06-18 10:00:00+00:00,10521.478148577913
2025-06-18 11:00:00+00:00,10521.478148577913
2025-06-18 12:00:00+00:00,10521.478148577913
2025-06-18 13:00:00+00:00,10521.478148577913
2025-06-18 14:00:00+00:00,10521.478148577913
2025-06-18 15:00:00+00:00,10521.478148577913
2025-06-18 16:00:00+00:00,10521.478148577913
2025-06-18 17:00:00+00:00,10521.478148577913
2025-06-18 18:00:00+00:00,10521.478148577913
2025-06-18 19:00:00+00:00,10521.478148577913
2025-06-18 20:00:00+00:00,10521.478148577913
2025-06-18 21:00:00+00:00,10521.478148577913
2025-06-18 22:00:00+00:00,10521.478148577913
2025-06-18 23:00:00+00:00,10521.478148577913
2025-06-19 00:00:00+00:00,10521.478148577913
2025-06-19 01:00:00+00:00,10521.478148577913
2025-06-19 02:00:00+00:00,10521.478148577913
2025-06-19 03:00:00+00:00,10521.478148577913
2025-06-19 04:00:00+00:00,10521.478148577913
2025-06-19 05:00:00+00:00,10521.478148577913
2025-06-19 06:00:00+00:00,10521.478148577913
2025-06-19 07:00:00+00:00,10521.478148577913
2025-06-19 08:00:00+00:00,10521.478148577913
2025-06-19 09:00:00+00:00,10521.478148577913
2025-06-19 10:00:00+00:00,10521.478148577913
2025-06-19 11:00:00+00:00,10521.478148577913
2025-06-19 12:00:00+00:00,10521.478148577913
2025-06-19 13:00:00+00:00,10521.478148577913
2025-06-19 14:00:00+00:00,10521.478148577913
2025-06-19 15:00:00+00:00,10521.478148577913
2025-06-19 16:00:00+00:00,10521.478148577913
2025-06-19 17:00:00+00:00,10521.478148577913
2025-06-19 18:00:00+00:00,10521.478148577913
2025-06-19 19:00:00+00:00,10521.478148577913
2025-06-19 20:00:00+00:00,10521.478148577913
2025-06-19 21:00:00+00:00,10521.478148577913
2025-06-19 22:00:00+00:00,10521.478148577913
2025-06-19 23:00:00+00:00,10521.478148577913
2025-06-20 00:00:00+00:00,10521.478148577913
2025-06-20 01:00:00+00:00,10521.478148577913
2025-06-20 02:00:00+00:00,10521.478148577913
2025-06-20 03:00:00+00:00,10521.478148577913
2025-06-20 04:00:00+00:00,10521.478148577913
2025-06-20 05:00:00+00:00,10521.478148577913
2025-06-20 06:00:00+00:00,10521.478148577913
2025-06-20 07:00:00+00:00,10521.478148577913
2025-06-20 08:00:00+00:00,10521.478148577913
2025-06-20 09:00:00+00:00,10521.478148577913
2025-06-20 10:00:00+00:00,10521.478148577913
2025-06-20 11:00:00+00:00,10521.478148577913
2025-06-20 12:00:00+00:00,10521.478148577913
2025-06-20 13:00:00+00:00,10521.478148577913
2025-06-20 14:00:00+00:00,10521.478148577913
2025-06-20 15:00:00+00:00,10521.478148577913
2025-06-20 16:00:00+00:00,10521.478148577913
2025-06-20 17:00:00+00:00,10521.478148577913
2025-06-20 18:00:00+00:00,10521.478148577913
2025-06-20 19:00:00+00:00,10521.15656877999
2025-06-20 20:00:00+00:00,10510.68456877999
2025-06-20 21:00:00+00:00,10480.54676877999
2025-06-20 22:00:00+00:00,10493.12086877999
2025-06-20 23:00:00+00:00,10526.06146877999
2025-06-21 00:00:00+00:00,10512.05516877999
2025-06-21 01:00:00+00:00,10516.159738279559
2025-06-21 02:00:00+00:00,10495.546838279559
2025-06-21 03:00:00+00:00,10496.763438279559
2025-06-21 04:00:00+00:00,10497.864538279558
2025-06-21 05:00:00+00:00,10505.18723827956
2025-06-21 06:00:00+00:00,10502.72323827956
2025-06-21 07:00:00+00:00,10491.334938279559
2025-06-21 08:00:00+00:00,10500.351638279559
2025-06-21 09:00:00+00:00,10472.39284299922
2025-06-21 10:00:00+00:00,10470.03664299922
2025-06-21 11:00:00+00:00,10470.868242999219
2025-06-21 12:00:00+00:00,10467.75744299922
2025-06-21 13:00:00+00:00,10473.52474299922
2025-06-21 14:00:00+00:00,10490.78814299922
2025-06-21 15:00:00+00:00,10492.41284299922
2025-06-21 16:00:00+00:00,10491.68904299922
2025-06-21 17:00:00+00:00,10497.95696947018
2025-06-21 18:00:00+00:00,10520.97996947018
2025-06-21 19:00:00+00:00,10561.26636947018
2025-06-21 20:00:00+00:00,10593.09046947018
2025-06-21 21:00:00+00:00,10553.28146947018
2025-06-21 22:00:00+00:00,10655.83006947018
2025-06-21 23:00:00+00:00,10629.673169470181
2025-06-22 00:00:00+00:00,10602.92336947018
2025-06-22 01:00:00+00:00,10546.524177438998
2025-06-22 02:00:00+00:00,10581.566877438998
2025-06-22 03:00:00+00:00,10585.416877438998
2025-06-22 04:00:00+00:00,10583.114577438997
2025-06-22 05:00:00+00:00,10570.140077438999
2025-06-22 06:00:00+00:00,10546.701277438999
2025-06-22 07:00:00+00:00,10554.539877438998
2025-06-22 08:00:00+00:00,10578.571577438997
2025-06-22 09:00:00+00:00,10558.262050508998
2025-06-22 10:00:00+00:00,10597.917050508999
2025-06-22 11:00:00+00:00,10575.440750508998
2025-06-22 12:00:00+00:00,10556.668150508998
2025-06-22 13:00:00+00:00,10555.490050508999
2025-06-22 14:00:00+00:00,10701.713050508999
2025-06-22 15:00:00+00:00,10796.099650508999
2025-06-22 16:00:00+00:00,10852.640750509
2025-06-22 17:00:00+00:00,10794.613344154002
2025-06-22 18:00:00+00:00,10808.442544154002
2025-06-22 19:00:00+00:00,10811.761244154004
2025-06-22 20:00:00+00:00,10854.511644154003
2025-06-22 21:00:00+00:00,10803.414444154003
2025-06-22 22:00:00+00:00,10830.926544154003
2025-06-22 23:00:00+00:00,10723.690007625439
2025-06-23 00:00:00+00:00,10723.690007625439
2025-06-23 01:00:00+00:00,10723.690007625439
2025-06-23 02:00:00+00:00,10723.690007625439
2025-06-23 03:00:00+00:00,10723.690007625439
2025-06-23 04:00:00+00:00,10723.690007625439
2025-06-23 05:00:00+00:00,10723.690007625439
2025-06-23 06:00:00+00:00,10723.690007625439
2025-06-23 07:00:00+00:00,10723.690007625439
2025-06-23 08:00:00+00:00,10723.690007625439
2025-06-23 09:00:00+00:00,10723.690007625439
2025-06-23 10:00:00+00:00,10723.690007625439
2025-06-23 11:00:00+00:00,10723.690007625439
2025-06-23 12:00:00+00:00,10723.690007625439
2025-06-23 13:00:00+00:00,10723.690007625439
2025-06-23 14:00:00+00:00,10723.690007625439
2025-06-23 15:00:00+00:00,10723.690007625439
2025-06-23 16:00:00+00:00,10723.690007625439
2025-06-23 17:00:00+00:00,10723.690007625439
2025-06-23 18:00:00+00:00,10723.690007625439
2025-06-23 19:00:00+00:00,10723.690007625439
2025-06-23 20:00:00+00:00,10723.690007625439
2025-06-23 21:00:00+00:00,10723.690007625439
2025-06-23 22:00:00+00:00,10723.690007625439
2025-06-23 23:00:00+00:00,10723.690007625439
2025-06-24 00:00:00+00:00,10723.690007625439
2025-06-24 01:00:00+00:00,10723.690007625439
2025-06-24 02:00:00+00:00,10723.690007625439
2025-06-24 03:00:00+00:00,10723.690007625439
2025-06-24 04:00:00+00:00,10723.690007625439
2025-06-24 05:00:00+00:00,10723.690007625439
2025-06-24 06:00:00+00:00,10723.690007625439
2025-06-24 07:00:00+00:00,10723.690007625439
2025-06-24 08:00:00+00:00,10723.690007625439
2025-06-24 09:00:00+00:00,10723.690007625439
2025-06-24 10:00:00+00:00,10723.690007625439
2025-06-24 11:00:00+00:00,10723.690007625439
2025-06-24 12:00:00+00:00,10723.690007625439
2025-06-24 13:00:00+00:00,10723.690007625439
2025-06-24 14:00:00+00:00,10723.690007625439
2025-06-24 15:00:00+00:00,10723.690007625439
2025-06-24 16:00:00+00:00,10723.690007625439
2025-06-24 17:00:00+00:00,10723.690007625439
2025-06-24 18:00:00+00:00,10723.690007625439
2025-06-24 19:00:00+00:00,10723.690007625439
2025-06-24 20:00:00+00:00,10723.690007625439
2025-06-24 21:00:00+00:00,10723.690007625439
2025-06-24 22:00:00+00:00,10723.690007625439
2025-06-24 23:00:00+00:00,10723.690007625439
2025-06-25 00:00:00+00:00,10723.690007625439
2025-06-25 01:00:00+00:00,10723.690007625439
2025-06-25 02:00:00+00:00,10723.690007625439
2025-06-25 03:00:00+00:00,10723.690007625439
2025-06-25 04:00:00+00:00,10723.690007625439
2025-06-25 05:00:00+00:00,10723.690007625439
2025-06-25 06:00:00+00:00,10723.690007625439
2025-06-25 07:00:00+00:00,10723.690007625439
2025-06-25 08:00:00+00:00,10723.690007625439
2025-06-25 09:00:00+00:00,10723.690007625439
2025-06-25 10:00:00+00:00,10723.690007625439
2025-06-25 11:00:00+00:00,10723.690007625439
2025-06-25 12:00:00+00:00,10721.022673477075
2025-06-25 13:00:00+00:00,10724.891473477073
2025-06-25 14:00:00+00:00,10789.275373477074
2025-06-25 15:00:00+00:00,10760.361673477075
2025-06-25 16:00:00+00:00,10706.728573477074
2025-06-25 17:00:00+00:00,10716.379260334692
2025-06-25 18:00:00+00:00,10740.308160334691
2025-06-25 19:00:00+00:00,10741.396260334692
2025-06-25 20:00:00+00:00,10773.183660334691
2025-06-25 21:00:00+00:00,10774.997160334691
2025-06-25 22:00:00+00:00,10755.299760334692
2025-06-25 23:00:00+00:00,10728.943560334692
2025-06-26 00:00:00+00:00,10734.291060334692
2025-06-26 01:00:00+00:00,10733.25399269518
2025-06-26 02:00:00+00:00,10761.32139269518
2025-06-26 03:00:00+00:00,10789.890992695178
2025-06-26 04:00:00+00:00,10783.50189269518
2025-06-26 05:00:00+00:00,10781.976692695178
2025-06-26 06:00:00+00:00,10762.930292695179
2025-06-26 07:00:00+00:00,10773.59739269518
2025-06-26 08:00:00+00:00,10779.70749269518
2025-06-26 09:00:00+00:00,10772.946337338788
2025-06-26 10:00:00+00:00,10732.342537338789
2025-06-26 11:00:00+00:00,10738.461937338789
2025-06-26 12:00:00+00:00,10733.226037338789
2025-06-26 13:00:00+00:00,10713.426337338788
2025-06-26 14:00:00+00:00,10699.104337338787
2025-06-26 15:00:00+00:00,10744.41393733879
2025-06-26 16:00:00+00:00,10732.035637338788
2025-06-26 17:00:00+00:00,10721.644606674616
2025-06-26 18:00:00+00:00,10720.519306674614
2025-06-26 19:00:00+00:00,10738.654306674614
2025-06-26 20:00:00+00:00,10752.064906674615
2025-06-26 21:00:00+00:00,10775.463706674615
2025-06-26 22:00:00+00:00,10704.960406674616
2025-06-26 23:00:00+00:00,10702.300606674615
2025-06-27 00:00:00+00:00,10699.761706674615
2025-06-27 01:00:00+00:00,10672.699641269373
2025-06-27 02:00:00+00:00,10714.140441269374
2025-06-27 03:00:00+00:00,10725.756141269372
2025-06-27 04:00:00+00:00,10747.480941269374
2025-06-27 05:00:00+00:00,10749.833841269374
2025-06-27 06:00:00+00:00,10727.299941269373
2025-06-27 07:00:00+00:00,10728.983241269374
2025-06-27 08:00:00+00:00,10690.648641269372
2025-06-27 09:00:00+00:00,10702.855399603002
2025-06-27 10:00:00+00:00,10711.374199603002
2025-06-27 11:00:00+00:00,10703.087899603002
2025-06-27 12:00:00+00:00,10702.176499603002
2025-06-27 13:00:00+00:00,10673.160499603002
2025-06-27 14:00:00+00:00,10686.533899603002
2025-06-27 15:00:00+00:00,10661.721499603002
2025-06-27 16:00:00+00:00,10731.713299603003
2025-06-27 17:00:00+00:00,10746.10573139679
2025-06-27 18:00:00+00:00,10689.41293139679
2025-06-27 19:00:00+00:00,10674.56083139679
2025-06-27 20:00:00+00:00,10683.730631396791
2025-06-27 21:00:00+00:00,10713.36043139679
2025-06-27 22:00:00+00:00,10707.00853139679
2025-06-27 23:00:00+00:00,10711.59343139679
2025-06-28 00:00:00+00:00,10708.15243139679
2025-06-28 01:00:00+00:00,10707.868073951928
2025-06-28 02:00:00+00:00,10709.32817395193
2025-06-28 03:00:00+00:00,10713.02027395193
2025-06-28 04:00:00+00:00,10730.336873951928
2025-06-28 05:00:00+00:00,10720.58117395193
2025-06-28 06:00:00+00:00,10729.797473951929
2025-06-28 07:00:00+00:00,10741.143473951928
2025-06-28 08:00:00+00:00,10747.54187395193
2025-06-28 09:00:00+00:00,10737.33950187643
2025-06-28 10:00:00+00:00,10730.08550187643
2025-06-28 11:00:00+00:00,10726.57010187643
2025-06-28 12:00:00+00:00,10736.45600187643
2025-06-28 13:00:00+00:00,10732.81040187643
2025-06-28 14:00:00+00:00,10712.85260187643
2025-06-28 15:00:00+00:00,10720.69250187643
2025-06-28 16:00:00+00:00,10744.57490187643
2025-06-28 17:00:00+00:00,10729.493793336556
2025-06-28 18:00:00+00:00,10745.703693336556
2025-06-28 19:00:00+00:00,10732.051293336555
2025-06-28 20:00:00+00:00,10721.337693336556
2025-06-28 21:00:00+00:00,10716.287793336556
2025-06-28 22:00:00+00:00,10731.344493336557
2025-06-28 23:00:00+00:00,10734.962193336556
2025-06-29 00:00:00+00:00,10728.638193336556
2025-06-29 01:00:00+00:00,10745.290725790306
2025-06-29 02:00:00+00:00,10731.154725790306
2025-06-29 03:00:00+00:00,10729.555125790306
2025-06-29 04:00:00+00:00,10720.655025790307
2025-06-29 05:00:00+00:00,10726.579125790306
2025-06-29 06:00:00+00:00,10730.280525790306
2025-06-29 07:00:00+00:00,10736.678925790307
2025-06-29 08:00:00+00:00,10740.250125790306
2025-06-29 09:00:00+00:00,10766.759321273266
2025-06-29 10:00:00+00:00,10784.810621273267
2025-06-29 11:00:00+00:00,10809.864821273266
2025-06-29 12:00:00+00:00,10840.257221273267
2025-06-29 13:00:00+00:00,10812.664121273267
2025-06-29 14:00:00+00:00,10799.774321273266
2025-06-29 15:00:00+00:00,10788.698021273265
2025-06-29 16:00:00+00:00,10769.447021273265
2025-06-29 17:00:00+00:00,10750.543033103264
2025-06-29 18:00:00+00:00,10749.706033103264
2025-06-29 19:00:00+00:00,10757.620333103265
2025-06-29 20:00:00+00:00,10736.788333103264
2025-06-29 21:00:00+00:00,10732.473133103265
2025-06-29 22:00:00+00:00,10751.026633103265
2025-06-29 23:00:00+00:00,10801.423333103265
2025-06-30 00:00:00+00:00,10826.375233103267
2025-06-30 01:00:00+00:00,10859.34614382769
2025-06-30 02:00:00+00:00,10839.78824382769
2025-06-30 03:00:00+00:00,10838.486243827689
2025-06-30 04:00:00+00:00,10840.85774382769
2025-06-30 05:00:00+00:00,10822.94594382769
2025-06-30 06:00:00+00:00,10819.114343827689
2025-06-30 07:00:00+00:00,10751.37314382769
2025-06-30 08:00:00+00:00,10756.77644382769
2025-06-30 09:00:00+00:00,10746.464345535627
2025-06-30 10:00:00+00:00,10743.962645535628
2025-06-30 11:00:00+00:00,10758.731045535627
2025-06-30 12:00:00+00:00,10760.711945535628
2025-06-30 13:00:00+00:00,10753.160345535627
2025-06-30 14:00:00+00:00,10748.975345535628
2025-06-30 15:00:00+00:00,10682.257145535628
2025-06-30 16:00:00+00:00,10753.039445535627
2025-06-30 17:00:00+00:00,10754.974450946003
2025-06-30 18:00:00+00:00,10742.986750946004
2025-06-30 19:00:00+00:00,10721.429350946004
2025-06-30 20:00:00+00:00,10767.799150946004
2025-06-30 21:00:00+00:00,10753.356250946004
2025-06-30 22:00:00+00:00,10709.813650946006
2025-06-30 23:00:00+00:00,10708.418650946005
2025-07-01 00:00:00+00:00,10711.794550946004
2025-07-01 01:00:00+00:00,10734.046881423987
2025-07-01 02:00:00+00:00,10719.538881423987
2025-07-01 03:00:00+00:00,10708.220781423986
2025-07-01 04:00:00+00:00,10717.455681423986
2025-07-01 05:00:00+00:00,10688.337381423986
2025-07-01 06:00:00+00:00,10693.433781423986
2025-07-01 07:00:00+00:00,10689.118581423985
2025-07-01 08:00:00+00:00,10716.107181423986
2025-07-01 09:00:00+00:00,10672.067661756411
2025-07-01 10:00:00+00:00,10656.862161756411
2025-07-01 11:00:00+00:00,10650.91016175641
2025-07-01 12:00:00+00:00,10661.912061756411
2025-07-01 13:00:00+00:00,10644.288561756412
2025-07-01 14:00:00+00:00,10681.36766175641
2025-07-01 15:00:00+00:00,10597.35146175641
2025-07-01 16:00:00+00:00,10601.601561756412
2025-07-01 17:00:00+00:00,10613.84273111304
2025-07-01 18:00:00+00:00,10628.63903111304
2025-07-01 19:00:00+00:00,10581.413631113039
2025-07-01 20:00:00+00:00,10548.64973111304
2025-07-01 21:00:00+00:00,10597.00973111304
2025-07-01 22:00:00+00:00,10585.161531113039
2025-07-01 23:00:00+00:00,10570.495431113039
2025-07-02 00:00:00+00:00,10576.34513111304
2025-07-02 01:00:00+00:00,10567.327481714156
2025-07-02 02:00:00+00:00,10567.327481714156
2025-07-02 03:00:00+00:00,10567.327481714156
2025-07-02 04:00:00+00:00,10567.327481714156
2025-07-02 05:00:00+00:00,10567.327481714156
2025-07-02 06:00:00+00:00,10567.327481714156
2025-07-02 07:00:00+00:00,10567.327481714156
2025-07-02 08:00:00+00:00,10567.327481714156
2025-07-02 09:00:00+00:00,10567.327481714156
2025-07-02 10:00:00+00:00,10567.327481714156
2025-07-02 11:00:00+00:00,10567.327481714156
2025-07-02 12:00:00+00:00,10567.327481714156
2025-07-02 13:00:00+00:00,10567.327481714156
2025-07-02 14:00:00+00:00,10567.327481714156
2025-07-02 15:00:00+00:00,10567.327481714156
2025-07-02 16:00:00+00:00,10567.327481714156
2025-07-02 17:00:00+00:00,10567.327481714156
2025-07-02 18:00:00+00:00,10530.966233038454
2025-07-02 19:00:00+00:00,10569.460233038455
2025-07-02 20:00:00+00:00,10582.190233038455
2025-07-02 21:00:00+00:00,10531.906733038455
2025-07-02 22:00:00+00:00,10561.337733038454
2025-07-02 23:00:00+00:00,10532.191733038455
2025-07-03 00:00:00+00:00,10504.109733038455
2025-07-03 01:00:00+00:00,10511.671766478456
2025-07-03 02:00:00+00:00,10516.440766478456
2025-07-03 03:00:00+00:00,10491.883266478457
2025-07-03 04:00:00+00:00,10484.112266478456
2025-07-03 05:00:00+00:00,10497.763766478456
2025-07-03 06:00:00+00:00,10550.194266478455
2025-07-03 07:00:00+00:00,10562.496766478454
2025-07-03 08:00:00+00:00,10544.931266478456
2025-07-03 09:00:00+00:00,10553.130626500346
2025-07-03 10:00:00+00:00,10607.233126500347
2025-07-03 11:00:00+00:00,10597.733126500347
2025-07-03 12:00:00+00:00,10574.581626500347
2025-07-03 13:00:00+00:00,10533.627126500345
2025-07-03 14:00:00+00:00,10638.165126500346
2025-07-03 15:00:00+00:00,10585.886626500347
2025-07-03 16:00:00+00:00,10530.767626500347
2025-07-03 17:00:00+00:00,10544.192547684006
2025-07-03 18:00:00+00:00,10569.671547684005
2025-07-03 19:00:00+00:00,10582.306547684006
2025-07-03 20:00:00+00:00,10592.386047684005
2025-07-03 21:00:00+00:00,10607.481547684007
2025-07-03 22:00:00+00:00,10592.481047684005
2025-07-03 23:00:00+00:00,10584.035547684005
2025-07-04 00:00:00+00:00,10573.509547684005
2025-07-04 01:00:00+00:00,10561.308772854656
2025-07-04 02:00:00+00:00,10564.396272854656
2025-07-04 03:00:00+00:00,10534.281272854656
2025-07-04 04:00:00+00:00,10539.753272854656
2025-07-04 05:00:00+00:00,10515.300272854656
2025-07-04 06:00:00+00:00,10517.228772854656
2025-07-04 07:00:00+00:00,10519.518272854657
2025-07-04 08:00:00+00:00,10488.966272854655
2025-07-04 09:00:00+00:00,10493.104203577252
2025-07-04 10:00:00+00:00,10515.59070357725
2025-07-04 11:00:00+00:00,10506.318703577252
2025-07-04 12:00:00+00:00,10505.672703577251
2025-07-04 13:00:00+00:00,10490.700703577251
2025-07-04 14:00:00+00:00,10417.93070357725
2025-07-04 15:00:00+00:00,10403.09170357725
2025-07-04 16:00:00+00:00,10381.450703577251
2025-07-04 17:00:00+00:00,10355.100716834299
2025-07-04 18:00:00+00:00,10355.100716834299
2025-07-04 19:00:00+00:00,10355.100716834299
2025-07-04 20:00:00+00:00,10355.100716834299
2025-07-04 21:00:00+00:00,10355.100716834299
2025-07-04 22:00:00+00:00,10355.100716834299
2025-07-04 23:00:00+00:00,10355.100716834299
2025-07-05 00:00:00+00:00,10355.100716834299
2025-07-05 01:00:00+00:00,10355.100716834299
2025-07-05 02:00:00+00:00,10355.100716834299
2025-07-05 03:00:00+00:00,10355.100716834299
2025-07-05 04:00:00+00:00,10355.100716834299
2025-07-05 05:00:00+00:00,10355.100716834299
2025-07-05 06:00:00+00:00,10355.100716834299
2025-07-05 07:00:00+00:00,10355.100716834299
2025-07-05 08:00:00+00:00,10355.100716834299
2025-07-05 09:00:00+00:00,10355.100716834299
2025-07-05 10:00:00+00:00,10355.100716834299
2025-07-05 11:00:00+00:00,10355.100716834299
2025-07-05 12:00:00+00:00,10355.100716834299
2025-07-05 13:00:00+00:00,10355.100716834299
2025-07-05 14:00:00+00:00,10355.100716834299
2025-07-05 15:00:00+00:00,10355.100716834299
2025-07-05 16:00:00+00:00,10355.100716834299
2025-07-05 17:00:00+00:00,10355.100716834299
2025-07-05 18:00:00+00:00,10355.100716834299
2025-07-05 19:00:00+00:00,10355.100716834299
2025-07-05 20:00:00+00:00,10355.100716834299
2025-07-05 21:00:00+00:00,10355.100716834299
2025-07-05 22:00:00+00:00,10355.100716834299
2025-07-05 23:00:00+00:00,10355.100716834299
2025-07-06 00:00:00+00:00,10355.100716834299
2025-07-06 01:00:00+00:00,10355.100716834299
2025-07-06 02:00:00+00:00,10355.100716834299
2025-07-06 03:00:00+00:00,10355.100716834299
2025-07-06 04:00:00+00:00,10355.100716834299
2025-07-06 05:00:00+00:00,10355.100716834299
2025-07-06 06:00:00+00:00,10355.100716834299
2025-07-06 07:00:00+00:00,10355.100716834299
2025-07-06 08:00:00+00:00,10355.100716834299
2025-07-06 09:00:00+00:00,10355.100716834299
2025-07-06 10:00:00+00:00,10355.100716834299
2025-07-06 11:00:00+00:00,10355.100716834299
2025-07-06 12:00:00+00:00,10355.100716834299
2025-07-06 13:00:00+00:00,10355.100716834299
2025-07-06 14:00:00+00:00,10355.100716834299
2025-07-06 15:00:00+00:00,10355.100716834299
2025-07-06 16:00:00+00:00,10355.100716834299
2025-07-06 17:00:00+00:00,10355.100716834299
2025-07-06 18:00:00+00:00,10355.100716834299
2025-07-06 19:00:00+00:00,10355.100716834299
2025-07-06 20:00:00+00:00,10355.100716834299
2025-07-06 21:00:00+00:00,10355.100716834299
2025-07-06 22:00:00+00:00,10355.100716834299
2025-07-06 23:00:00+00:00,10355.100716834299
2025-07-07 00:00:00+00:00,10355.100716834299
2025-07-07 01:00:00+00:00,10355.100716834299
2025-07-07 02:00:00+00:00,10355.100716834299
2025-07-07 03:00:00+00:00,10355.100716834299
2025-07-07 04:00:00+00:00,10355.100716834299
2025-07-07 05:00:00+00:00,10355.100716834299
2025-07-07 06:00:00+00:00,10355.100716834299
2025-07-07 07:00:00+00:00,10355.100716834299
2025-07-07 08:00:00+00:00,10355.100716834299
2025-07-07 09:00:00+00:00,10355.100716834299
2025-07-07 10:00:00+00:00,10355.100716834299
2025-07-07 11:00:00+00:00,10355.100716834299
2025-07-07 12:00:00+00:00,10355.100716834299
2025-07-07 13:00:00+00:00,10355.100716834299
2025-07-07 14:00:00+00:00,10355.100716834299
2025-07-07 15:00:00+00:00,10355.100716834299
2025-07-07 16:00:00+00:00,10355.100716834299
2025-07-07 17:00:00+00:00,10355.100716834299
2025-07-07 18:00:00+00:00,10355.100716834299
2025-07-07 19:00:00+00:00,10355.100716834299
2025-07-07 20:00:00+00:00,10355.100716834299
2025-07-07 21:00:00+00:00,10355.100716834299
2025-07-07 22:00:00+00:00,10355.100716834299
2025-07-07 23:00:00+00:00,10355.100716834299
2025-07-08 00:00:00+00:00,10355.100716834299
2025-07-08 01:00:00+00:00,10355.100716834299
2025-07-08 02:00:00+00:00,10355.100716834299
2025-07-08 03:00:00+00:00,10355.100716834299
2025-07-08 04:00:00+00:00,10355.100716834299
2025-07-08 05:00:00+00:00,10355.100716834299
2025-07-08 06:00:00+00:00,10355.100716834299
2025-07-08 07:00:00+00:00,10355.100716834299
2025-07-08 08:00:00+00:00,10355.100716834299
2025-07-08 09:00:00+00:00,10355.100716834299
2025-07-08 10:00:00+00:00,10355.100716834299
2025-07-08 11:00:00+00:00,10355.100716834299
2025-07-08 12:00:00+00:00,10355.100716834299
2025-07-08 13:00:00+00:00,10355.100716834299
2025-07-08 14:00:00+00:00,10355.100716834299
2025-07-08 15:00:00+00:00,10355.100716834299
2025-07-08 16:00:00+00:00,10355.100716834299
2025-07-08 17:00:00+00:00,10355.100716834299
2025-07-08 18:00:00+00:00,10355.100716834299
2025-07-08 19:00:00+00:00,10355.100716834299
2025-07-08 20:00:00+00:00,10355.100716834299
2025-07-08 21:00:00+00:00,10355.100716834299
2025-07-08 22:00:00+00:00,10355.100716834299
2025-07-08 23:00:00+00:00,10355.100716834299
2025-07-09 00:00:00+00:00,10355.100716834299
2025-07-09 01:00:00+00:00,10355.100716834299
2025-07-09 02:00:00+00:00,10355.100716834299
2025-07-09 03:00:00+00:00,10355.100716834299
2025-07-09 04:00:00+00:00,10355.100716834299
2025-07-09 05:00:00+00:00,10355.100716834299
2025-07-09 06:00:00+00:00,10355.100716834299
2025-07-09 07:00:00+00:00,10355.100716834299
2025-07-09 08:00:00+00:00,10355.100716834299
2025-07-09 09:00:00+00:00,10355.100716834299
2025-07-09 10:00:00+00:00,10355.100716834299
2025-07-09 11:00:00+00:00,10355.100716834299
2025-07-09 12:00:00+00:00,10355.100716834299
2025-07-09 13:00:00+00:00,10355.100716834299
2025-07-09 14:00:00+00:00,10355.100716834299
2025-07-09 15:00:00+00:00,10355.100716834299
2025-07-09 16:00:00+00:00,10355.100716834299
2025-07-09 17:00:00+00:00,10355.100716834299
2025-07-09 18:00:00+00:00,10355.100716834299
2025-07-09 19:00:00+00:00,10355.100716834299
2025-07-09 20:00:00+00:00,10355.100716834299
2025-07-09 21:00:00+00:00,10257.897519336659
2025-07-09 22:00:00+00:00,10267.247519336659
2025-07-09 23:00:00+00:00,10313.326019336659
2025-07-10 00:00:00+00:00,10302.44601933666
2025-07-10 01:00:00+00:00,10273.34032103666
2025-07-10 02:00:00+00:00,10297.11482103666
2025-07-10 03:00:00+00:00,10299.673321036658
2025-07-10 04:00:00+00:00,10286.906321036658
2025-07-10 05:00:00+00:00,10293.595821036659
2025-07-10 06:00:00+00:00,10289.47332103666
2025-07-10 07:00:00+00:00,10300.208821036658
2025-07-10 08:00:00+00:00,10300.327821036659
2025-07-10 09:00:00+00:00,10299.44582705145
2025-07-10 10:00:00+00:00,10283.51682705145
2025-07-10 11:00:00+00:00,10286.83182705145
2025-07-10 12:00:00+00:00,10281.340827051448
2025-07-10 13:00:00+00:00,10267.468827051449
2025-07-10 14:00:00+00:00,10262.45382705145
2025-07-10 15:00:00+00:00,10300.278827051448
2025-07-10 16:00:00+00:00,10313.45382705145
2025-07-10 17:00:00+00:00,10419.208739621448
2025-07-10 18:00:00+00:00,10511.510239621448
2025-07-10 19:00:00+00:00,10485.933739621449
2025-07-10 20:00:00+00:00,10474.441739621449
2025-07-10 21:00:00+00:00,10489.733239621448
2025-07-10 22:00:00+00:00,10720.131580393732
2025-07-10 23:00:00+00:00,10684.126040605712
2025-07-11 00:00:00+00:00,10683.853240605711
2025-07-11 01:00:00+00:00,10656.207569565713
2025-07-11 02:00:00+00:00,10680.375169565712
2025-07-11 03:00:00+00:00,10722.535169565712
2025-07-11 04:00:00+00:00,10736.472769565713
2025-07-11 05:00:00+00:00,10737.656969565713
2025-07-11 06:00:00+00:00,10797.251369565713
2025-07-11 07:00:00+00:00,10785.285369565712
2025-07-11 08:00:00+00:00,10778.831169565712
2025-07-11 09:00:00+00:00,10804.595128825713
2025-07-11 10:00:00+00:00,10835.750128825712
2025-07-11 11:00:00+00:00,10805.264728825712
2025-07-11 12:00:00+00:00,10794.681328825713
2025-07-11 13:00:00+00:00,10797.663528825711
2025-07-11 14:00:00+00:00,10805.655328825713
2025-07-11 15:00:00+00:00,10798.264928825713
2025-07-11 16:00:00+00:00,10740.133728825713
2025-07-11 17:00:00+00:00,10769.962484965712
2025-07-11 18:00:00+00:00,10783.726484965713
2025-07-11 19:00:00+00:00,10787.923884965712
2025-07-11 20:00:00+00:00,10811.477684965712
2025-07-11 21:00:00+00:00,10783.379284965713
2025-07-11 22:00:00+00:00,10781.289884965712
2025-07-11 23:00:00+00:00,10781.643284965712
2025-07-12 00:00:00+00:00,10775.970284965711
2025-07-12 01:00:00+00:00,10767.764584965713
2025-07-12 02:00:00+00:00,10782.594984965714
2025-07-12 03:00:00+00:00,10779.271784965713
2025-07-12 04:00:00+00:00,10789.501784965712
2025-07-12 05:00:00+00:00,10782.043184965712
2025-07-12 06:00:00+00:00,10783.946584965712
2025-07-12 07:00:00+00:00,10793.302384965713
2025-07-12 08:00:00+00:00,10787.003184965713
2025-07-12 09:00:00+00:00,10797.526509445712
2025-07-12 10:00:00+00:00,10812.939709445713
2025-07-12 11:00:00+00:00,10806.900909445712
2025-07-12 12:00:00+00:00,10791.475309445714
2025-07-12 13:00:00+00:00,10774.133909445713
2025-07-12 14:00:00+00:00,10773.030309445712
2025-07-12 15:00:00+00:00,10765.212109445712
2025-07-12 16:00:00+00:00,10748.199309445712
2025-07-12 17:00:00+00:00,10752.743440725713
2025-07-12 18:00:00+00:00,10769.979440725714
2025-07-12 19:00:00+00:00,10771.312440725713
2025-07-12 20:00:00+00:00,10775.379640725712
2025-07-12 21:00:00+00:00,10741.279640725714
2025-07-12 22:00:00+00:00,10771.027240725713
2025-07-12 23:00:00+00:00,10764.473840725714
2025-07-13 00:00:00+00:00,10766.922840725714
2025-07-13 01:00:00+00:00,10758.984426445713
2025-07-13 02:00:00+00:00,10773.728026445713
2025-07-13 03:00:00+00:00,10777.640226445712
2025-07-13 04:00:00+00:00,10786.171426445713
2025-07-13 05:00:00+00:00,10794.312026445712
2025-07-13 06:00:00+00:00,10786.382226445712
2025-07-13 07:00:00+00:00,10794.126026445712
2025-07-13 08:00:00+00:00,10800.958426445713
2025-07-13 09:00:00+00:00,10794.368136445713
2025-07-13 10:00:00+00:00,10784.733336445714
2025-07-13 11:00:00+00:00,10785.712936445712
2025-07-13 12:00:00+00:00,10805.565336445714
2025-07-13 13:00:00+00:00,10827.017336445713
2025-07-13 14:00:00+00:00,10837.427136445713
2025-07-13 15:00:00+00:00,10847.551736445714
2025-07-13 16:00:00+00:00,10841.184336445713
2025-07-13 17:00:00+00:00,10831.489950725714
2025-07-13 18:00:00+00:00,10842.296550725712
2025-07-13 19:00:00+00:00,10860.877950725713
2025-07-13 20:00:00+00:00,10859.817750725713
2025-07-13 21:00:00+00:00,10866.371150725714
2025-07-13 22:00:00+00:00,10839.363950725714
2025-07-13 23:00:00+00:00,10831.266750725714
2025-07-14 00:00:00+00:00,10866.966350725714
2025-07-14 01:00:00+00:00,10865.894756766667
2025-07-14 02:00:00+00:00,10867.233956766666
2025-07-14 03:00:00+00:00,10902.834356766667
2025-07-14 04:00:00+00:00,10971.455956766667
2025-07-14 05:00:00+00:00,11010.937556766667
2025-07-14 06:00:00+00:00,11077.736356766667
2025-07-14 07:00:00+00:00,11057.685556766666
2025-07-14 08:00:00+00:00,11106.700876059425
2025-07-14 09:00:00+00:00,11106.700876059425
2025-07-14 10:00:00+00:00,11106.700876059425
2025-07-14 11:00:00+00:00,11106.700876059425
2025-07-14 12:00:00+00:00,11106.700876059425
2025-07-14 13:00:00+00:00,11106.700876059425
2025-07-14 14:00:00+00:00,11106.700876059425
2025-07-14 15:00:00+00:00,11106.700876059425
2025-07-14 16:00:00+00:00,11106.700876059425
2025-07-14 17:00:00+00:00,11106.700876059425
2025-07-14 18:00:00+00:00,11106.700876059425
2025-07-14 19:00:00+00:00,11106.700876059425
2025-07-14 20:00:00+00:00,11106.700876059425
2025-07-14 21:00:00+00:00,11106.700876059425
2025-07-14 22:00:00+00:00,11106.700876059425
2025-07-14 23:00:00+00:00,11106.700876059425
2025-07-15 00:00:00+00:00,11106.700876059425
2025-07-15 01:00:00+00:00,11106.700876059425
2025-07-15 02:00:00+00:00,11106.700876059425
2025-07-15 03:00:00+00:00,11106.700876059425
2025-07-15 04:00:00+00:00,11106.700876059425
2025-07-15 05:00:00+00:00,11106.700876059425
2025-07-15 06:00:00+00:00,11106.700876059425
2025-07-15 07:00:00+00:00,11106.700876059425
2025-07-15 08:00:00+00:00,11106.700876059425
2025-07-15 09:00:00+00:00,11106.700876059425
2025-07-15 10:00:00+00:00,11106.700876059425
2025-07-15 11:00:00+00:00,11106.700876059425
2025-07-15 12:00:00+00:00,11106.700876059425
2025-07-15 13:00:00+00:00,11106.700876059425
2025-07-15 14:00:00+00:00,11106.700876059425
2025-07-15 15:00:00+00:00,11106.700876059425
2025-07-15 16:00:00+00:00,11106.700876059425
2025-07-15 17:00:00+00:00,11106.700876059425
2025-07-15 18:00:00+00:00,11106.700876059425
2025-07-15 19:00:00+00:00,11106.700876059425
2025-07-15 20:00:00+00:00,11106.700876059425
2025-07-15 21:00:00+00:00,11106.700876059425
2025-07-15 22:00:00+00:00,11106.700876059425
2025-07-15 23:00:00+00:00,11106.700876059425
2025-07-16 00:00:00+00:00,11106.700876059425
2025-07-16 01:00:00+00:00,11106.700876059425
2025-07-16 02:00:00+00:00,11106.700876059425
2025-07-16 03:00:00+00:00,11106.700876059425
2025-07-16 04:00:00+00:00,11106.700876059425
2025-07-16 05:00:00+00:00,11106.700876059425
2025-07-16 06:00:00+00:00,11106.700876059425
2025-07-16 07:00:00+00:00,11106.700876059425
2025-07-16 08:00:00+00:00,11106.700876059425
2025-07-16 09:00:00+00:00,11106.700876059425
2025-07-16 10:00:00+00:00,11106.700876059425
2025-07-16 11:00:00+00:00,11106.700876059425
2025-07-16 12:00:00+00:00,11106.700876059425
2025-07-16 13:00:00+00:00,11106.700876059425
2025-07-16 14:00:00+00:00,11106.700876059425
2025-07-16 15:00:00+00:00,11106.700876059425
2025-07-16 16:00:00+00:00,11106.700876059425
2025-07-16 17:00:00+00:00,11106.700876059425
2025-07-16 18:00:00+00:00,11106.700876059425
2025-07-16 19:00:00+00:00,11106.700876059425
2025-07-16 20:00:00+00:00,11106.700876059425
2025-07-16 21:00:00+00:00,11106.700876059425
2025-07-16 22:00:00+00:00,11106.700876059425
2025-07-16 23:00:00+00:00,11106.700876059425
2025-07-17 00:00:00+00:00,11106.700876059425
2025-07-17 01:00:00+00:00,11106.700876059425
2025-07-17 02:00:00+00:00,11106.700876059425
2025-07-17 03:00:00+00:00,11106.700876059425
2025-07-17 04:00:00+00:00,11106.700876059425
2025-07-17 05:00:00+00:00,11106.700876059425
2025-07-17 06:00:00+00:00,11106.700876059425
2025-07-17 07:00:00+00:00,11106.700876059425
2025-07-17 08:00:00+00:00,11106.700876059425
2025-07-17 09:00:00+00:00,11106.700876059425
2025-07-17 10:00:00+00:00,11106.700876059425
2025-07-17 11:00:00+00:00,11106.700876059425
2025-07-17 12:00:00+00:00,11106.700876059425
2025-07-17 13:00:00+00:00,11106.700876059425
2025-07-17 14:00:00+00:00,11106.700876059425
2025-07-17 15:00:00+00:00,11106.700876059425
2025-07-17 16:00:00+00:00,11106.700876059425
2025-07-17 17:00:00+00:00,11106.700876059425
2025-07-17 18:00:00+00:00,11106.700876059425
2025-07-17 19:00:00+00:00,11106.700876059425
2025-07-17 20:00:00+00:00,11106.700876059425
2025-07-17 21:00:00+00:00,11106.700876059425
2025-07-17 22:00:00+00:00,11106.700876059425
2025-07-17 23:00:00+00:00,11106.700876059425
2025-07-18 00:00:00+00:00,11106.700876059425
2025-07-18 01:00:00+00:00,11106.700876059425
2025-07-18 02:00:00+00:00,11106.700876059425
2025-07-18 03:00:00+00:00,11106.700876059425
2025-07-18 04:00:00+00:00,11106.700876059425
2025-07-18 05:00:00+00:00,11106.700876059425
2025-07-18 06:00:00+00:00,11106.700876059425
2025-07-18 07:00:00+00:00,11106.700876059425
2025-07-18 08:00:00+00:00,11106.700876059425
2025-07-18 09:00:00+00:00,11106.700876059425
2025-07-18 10:00:00+00:00,11106.700876059425
2025-07-18 11:00:00+00:00,11106.700876059425
2025-07-18 12:00:00+00:00,11106.700876059425
2025-07-18 13:00:00+00:00,11106.700876059425
2025-07-18 14:00:00+00:00,11106.700876059425
2025-07-18 15:00:00+00:00,11106.700876059425
2025-07-18 16:00:00+00:00,11106.700876059425
2025-07-18 17:00:00+00:00,11106.700876059425
2025-07-18 18:00:00+00:00,11106.700876059425
2025-07-18 19:00:00+00:00,11106.700876059425
2025-07-18 20:00:00+00:00,11106.700876059425
2025-07-18 21:00:00+00:00,11106.700876059425
2025-07-18 22:00:00+00:00,11106.700876059425
2025-07-18 23:00:00+00:00,11106.700876059425
2025-07-19 00:00:00+00:00,11106.700876059425
2025-07-19 01:00:00+00:00,11106.700876059425
2025-07-19 02:00:00+00:00,11106.700876059425
2025-07-19 03:00:00+00:00,11106.700876059425
2025-07-19 04:00:00+00:00,11106.700876059425
2025-07-19 05:00:00+00:00,11106.700876059425
2025-07-19 06:00:00+00:00,11106.700876059425
2025-07-19 07:00:00+00:00,11106.700876059425
2025-07-19 08:00:00+00:00,11106.700876059425
2025-07-19 09:00:00+00:00,11106.700876059425
2025-07-19 10:00:00+00:00,11106.700876059425
2025-07-19 11:00:00+00:00,11106.700876059425
2025-07-19 12:00:00+00:00,11106.700876059425
2025-07-19 13:00:00+00:00,11106.700876059425
2025-07-19 14:00:00+00:00,11106.700876059425
2025-07-19 15:00:00+00:00,11106.700876059425
2025-07-19 16:00:00+00:00,11106.700876059425
2025-07-19 17:00:00+00:00,11106.700876059425
2025-07-19 18:00:00+00:00,11106.700876059425
2025-07-19 19:00:00+00:00,11106.700876059425
2025-07-19 20:00:00+00:00,11106.700876059425
2025-07-19 21:00:00+00:00,11106.700876059425
2025-07-19 22:00:00+00:00,11106.700876059425
2025-07-19 23:00:00+00:00,11106.700876059425
2025-07-20 00:00:00+00:00,11106.700876059425
2025-07-20 01:00:00+00:00,11106.700876059425
2025-07-20 02:00:00+00:00,11106.700876059425
2025-07-20 03:00:00+00:00,11106.700876059425
2025-07-20 04:00:00+00:00,11106.700876059425
2025-07-20 05:00:00+00:00,11106.700876059425
2025-07-20 06:00:00+00:00,11106.700876059425
2025-07-20 07:00:00+00:00,11106.700876059425
2025-07-20 08:00:00+00:00,11106.700876059425
2025-07-20 09:00:00+00:00,11106.700876059425
2025-07-20 10:00:00+00:00,11106.700876059425
2025-07-20 11:00:00+00:00,11106.700876059425
2025-07-20 12:00:00+00:00,11106.700876059425
2025-07-20 13:00:00+00:00,11106.700876059425
2025-07-20 14:00:00+00:00,11106.700876059425
2025-07-20 15:00:00+00:00,11106.700876059425
2025-07-20 16:00:00+00:00,11106.700876059425
2025-07-20 17:00:00+00:00,11106.700876059425
2025-07-20 18:00:00+00:00,11106.700876059425
2025-07-20 19:00:00+00:00,11106.700876059425
2025-07-20 20:00:00+00:00,11106.700876059425
2025-07-20 21:00:00+00:00,11106.700876059425
2025-07-20 22:00:00+00:00,11106.700876059425
2025-07-20 23:00:00+00:00,11106.700876059425
2025-07-21 00:00:00+00:00,11106.700876059425
2025-07-21 01:00:00+00:00,11106.700876059425
2025-07-21 02:00:00+00:00,11106.700876059425
2025-07-21 03:00:00+00:00,11106.700876059425
2025-07-21 04:00:00+00:00,11106.700876059425
2025-07-21 05:00:00+00:00,11106.700876059425
2025-07-21 06:00:00+00:00,11106.700876059425
2025-07-21 07:00:00+00:00,11106.700876059425
2025-07-21 08:00:00+00:00,11106.700876059425
2025-07-21 09:00:00+00:00,11106.700876059425
2025-07-21 10:00:00+00:00,11106.700876059425
2025-07-21 11:00:00+00:00,11106.700876059425
2025-07-21 12:00:00+00:00,11106.700876059425
2025-07-21 13:00:00+00:00,11106.700876059425
2025-07-21 14:00:00+00:00,11106.700876059425
2025-07-21 15:00:00+00:00,11106.700876059425
2025-07-21 16:00:00+00:00,11106.700876059425
2025-07-21 17:00:00+00:00,11106.700876059425
2025-07-21 18:00:00+00:00,11106.700876059425
2025-07-21 19:00:00+00:00,11106.700876059425
2025-07-21 20:00:00+00:00,11106.700876059425
2025-07-21 21:00:00+00:00,11106.700876059425
2025-07-21 22:00:00+00:00,11106.700876059425
2025-07-21 23:00:00+00:00,11106.700876059425
2025-07-22 00:00:00+00:00,11106.700876059425
2025-07-22 01:00:00+00:00,11106.700876059425
2025-07-22 02:00:00+00:00,11106.700876059425
2025-07-22 03:00:00+00:00,11106.700876059425
2025-07-22 04:00:00+00:00,11106.700876059425
2025-07-22 05:00:00+00:00,11106.700876059425
2025-07-22 06:00:00+00:00,11106.700876059425
2025-07-22 07:00:00+00:00,11106.700876059425
2025-07-22 08:00:00+00:00,11106.700876059425
2025-07-22 09:00:00+00:00,11106.700876059425
2025-07-22 10:00:00+00:00,11106.700876059425
2025-07-22 11:00:00+00:00,11106.700876059425
2025-07-22 12:00:00+00:00,11106.700876059425
2025-07-22 13:00:00+00:00,11106.700876059425
2025-07-22 14:00:00+00:00,11106.700876059425
2025-07-22 15:00:00+00:00,11106.700876059425
2025-07-22 16:00:00+00:00,11106.700876059425
2025-07-22 17:00:00+00:00,11106.700876059425
2025-07-22 18:00:00+00:00,11106.700876059425
2025-07-22 19:00:00+00:00,11106.700876059425
2025-07-22 20:00:00+00:00,11106.700876059425
2025-07-22 21:00:00+00:00,11106.700876059425
2025-07-22 22:00:00+00:00,11106.700876059425
2025-07-22 23:00:00+00:00,11106.700876059425
2025-07-23 00:00:00+00:00,11106.700876059425
2025-07-23 01:00:00+00:00,11106.700876059425
2025-07-23 02:00:00+00:00,11106.700876059425
2025-07-23 03:00:00+00:00,11106.700876059425
2025-07-23 04:00:00+00:00,11106.700876059425
2025-07-23 05:00:00+00:00,11106.700876059425
2025-07-23 06:00:00+00:00,11106.700876059425
2025-07-23 07:00:00+00:00,11106.700876059425
2025-07-23 08:00:00+00:00,11106.700876059425
2025-07-23 09:00:00+00:00,11106.700876059425
2025-07-23 10:00:00+00:00,11106.700876059425
2025-07-23 11:00:00+00:00,11106.700876059425
2025-07-23 12:00:00+00:00,11106.700876059425
2025-07-23 13:00:00+00:00,11106.700876059425
2025-07-23 14:00:00+00:00,11106.700876059425
2025-07-23 15:00:00+00:00,11106.700876059425
2025-07-23 16:00:00+00:00,11106.700876059425
2025-07-23 17:00:00+00:00,11106.700876059425
2025-07-23 18:00:00+00:00,11106.700876059425
2025-07-23 19:00:00+00:00,11106.700876059425
2025-07-23 20:00:00+00:00,11106.700876059425
2025-07-23 21:00:00+00:00,11106.700876059425
2025-07-23 22:00:00+00:00,11106.700876059425
2025-07-23 23:00:00+00:00,11106.700876059425
2025-07-24 00:00:00+00:00,11106.700876059425
2025-07-24 01:00:00+00:00,11106.700876059425
2025-07-24 02:00:00+00:00,11106.700876059425
2025-07-24 03:00:00+00:00,11106.700876059425
2025-07-24 04:00:00+00:00,11106.700876059425
2025-07-24 05:00:00+00:00,11106.700876059425
2025-07-24 06:00:00+00:00,11106.700876059425
2025-07-24 07:00:00+00:00,11106.700876059425
2025-07-24 08:00:00+00:00,11106.700876059425
2025-07-24 09:00:00+00:00,11106.700876059425
2025-07-24 10:00:00+00:00,11106.700876059425
2025-07-24 11:00:00+00:00,11106.700876059425
2025-07-24 12:00:00+00:00,11106.700876059425
2025-07-24 13:00:00+00:00,11106.700876059425
2025-07-24 14:00:00+00:00,11106.700876059425
2025-07-24 15:00:00+00:00,11106.700876059425
2025-07-24 16:00:00+00:00,11106.700876059425
2025-07-24 17:00:00+00:00,11106.700876059425
2025-07-24 18:00:00+00:00,11106.700876059425
2025-07-24 19:00:00+00:00,11106.700876059425
2025-07-24 20:00:00+00:00,11106.700876059425
2025-07-24 21:00:00+00:00,11106.700876059425
2025-07-24 22:00:00+00:00,11106.700876059425
2025-07-24 23:00:00+00:00,11106.700876059425
2025-07-25 00:00:00+00:00,11106.700876059425
2025-07-25 01:00:00+00:00,11106.700876059425
2025-07-25 02:00:00+00:00,11106.700876059425
2025-07-25 03:00:00+00:00,11106.700876059425
2025-07-25 04:00:00+00:00,11106.700876059425
2025-07-25 05:00:00+00:00,11106.700876059425
2025-07-25 06:00:00+00:00,11106.700876059425
2025-07-25 07:00:00+00:00,11106.700876059425
2025-07-25 08:00:00+00:00,11106.700876059425
2025-07-25 09:00:00+00:00,11106.700876059425
2025-07-25 10:00:00+00:00,11106.700876059425
2025-07-25 11:00:00+00:00,11106.700876059425
2025-07-25 12:00:00+00:00,11106.700876059425
2025-07-25 13:00:00+00:00,11106.700876059425
2025-07-25 14:00:00+00:00,11106.700876059425
2025-07-25 15:00:00+00:00,11106.700876059425
2025-07-25 16:00:00+00:00,11106.700876059425
2025-07-25 17:00:00+00:00,11106.700876059425
2025-07-25 18:00:00+00:00,11106.700876059425
2025-07-25 19:00:00+00:00,11106.700876059425
2025-07-25 20:00:00+00:00,11106.700876059425
2025-07-25 21:00:00+00:00,11106.700876059425
2025-07-25 22:00:00+00:00,11106.700876059425
2025-07-25 23:00:00+00:00,11106.700876059425
2025-07-26 00:00:00+00:00,11106.700876059425
2025-07-26 01:00:00+00:00,11106.700876059425
2025-07-26 02:00:00+00:00,11106.700876059425
2025-07-26 03:00:00+00:00,11106.700876059425
2025-07-26 04:00:00+00:00,11106.700876059425
2025-07-26 05:00:00+00:00,11106.700876059425
2025-07-26 06:00:00+00:00,11106.700876059425
2025-07-26 07:00:00+00:00,11106.700876059425
2025-07-26 08:00:00+00:00,11106.700876059425
2025-07-26 09:00:00+00:00,11106.700876059425
2025-07-26 10:00:00+00:00,11106.700876059425
2025-07-26 11:00:00+00:00,11106.700876059425
2025-07-26 12:00:00+00:00,11106.700876059425
2025-07-26 13:00:00+00:00,11106.700876059425
2025-07-26 14:00:00+00:00,11106.700876059425
2025-07-26 15:00:00+00:00,11106.700876059425
2025-07-26 16:00:00+00:00,11106.700876059425
2025-07-26 17:00:00+00:00,11106.700876059425
2025-07-26 18:00:00+00:00,11106.700876059425
2025-07-26 19:00:00+00:00,11106.700876059425
2025-07-26 20:00:00+00:00,11106.700876059425
2025-07-26 21:00:00+00:00,11106.700876059425
2025-07-26 22:00:00+00:00,11106.700876059425
2025-07-26 23:00:00+00:00,11106.700876059425
2025-07-27 00:00:00+00:00,11106.700876059425
2025-07-27 01:00:00+00:00,11106.700876059425
2025-07-27 02:00:00+00:00,11106.700876059425
2025-07-27 03:00:00+00:00,11106.700876059425
2025-07-27 04:00:00+00:00,11106.700876059425
2025-07-27 05:00:00+00:00,11106.700876059425
2025-07-27 06:00:00+00:00,11106.700876059425
2025-07-27 07:00:00+00:00,11106.700876059425
2025-07-27 08:00:00+00:00,11106.700876059425
2025-07-27 09:00:00+00:00,11106.700876059425
2025-07-27 10:00:00+00:00,11106.700876059425
2025-07-27 11:00:00+00:00,11106.700876059425
2025-07-27 12:00:00+00:00,11106.700876059425
2025-07-27 13:00:00+00:00,11106.700876059425
2025-07-27 14:00:00+00:00,11106.700876059425
2025-07-27 15:00:00+00:00,11106.700876059425
2025-07-27 16:00:00+00:00,11106.700876059425
2025-07-27 17:00:00+00:00,11106.700876059425
2025-07-27 18:00:00+00:00,11106.700876059425
2025-07-27 19:00:00+00:00,11106.700876059425
2025-07-27 20:00:00+00:00,11106.700876059425
2025-07-27 21:00:00+00:00,11106.700876059425
2025-07-27 22:00:00+00:00,11106.700876059425
2025-07-27 23:00:00+00:00,11106.700876059425
2025-07-28 00:00:00+00:00,11106.700876059425
2025-07-28 01:00:00+00:00,11106.700876059425
2025-07-28 02:00:00+00:00,11106.700876059425
2025-07-28 03:00:00+00:00,11106.700876059425
2025-07-28 04:00:00+00:00,11106.700876059425
2025-07-28 05:00:00+00:00,11106.700876059425
2025-07-28 06:00:00+00:00,11106.700876059425
2025-07-28 07:00:00+00:00,11106.700876059425
2025-07-28 08:00:00+00:00,11106.700876059425
2025-07-28 09:00:00+00:00,11106.700876059425
2025-07-28 10:00:00+00:00,11106.700876059425
2025-07-28 11:00:00+00:00,11106.700876059425
2025-07-28 12:00:00+00:00,11106.700876059425
2025-07-28 13:00:00+00:00,11106.700876059425
2025-07-28 14:00:00+00:00,11106.700876059425
2025-07-28 15:00:00+00:00,11106.700876059425
2025-07-28 16:00:00+00:00,11106.700876059425
2025-07-28 17:00:00+00:00,11106.700876059425
2025-07-28 18:00:00+00:00,11106.700876059425
2025-07-28 19:00:00+00:00,11106.700876059425
2025-07-28 20:00:00+00:00,11106.700876059425
2025-07-28 21:00:00+00:00,11106.700876059425
2025-07-28 22:00:00+00:00,11106.700876059425
2025-07-28 23:00:00+00:00,11106.700876059425
2025-07-29 00:00:00+00:00,11106.700876059425
2025-07-29 01:00:00+00:00,11106.700876059425
2025-07-29 02:00:00+00:00,11106.700876059425
2025-07-29 03:00:00+00:00,11106.700876059425
2025-07-29 04:00:00+00:00,11106.700876059425
2025-07-29 05:00:00+00:00,11106.700876059425
2025-07-29 06:00:00+00:00,11106.700876059425
2025-07-29 07:00:00+00:00,11106.700876059425
2025-07-29 08:00:00+00:00,11106.700876059425
2025-07-29 09:00:00+00:00,11106.700876059425
2025-07-29 10:00:00+00:00,11106.700876059425
2025-07-29 11:00:00+00:00,11106.700876059425
2025-07-29 12:00:00+00:00,11106.700876059425
2025-07-29 13:00:00+00:00,11106.700876059425
2025-07-29 14:00:00+00:00,11106.700876059425
2025-07-29 15:00:00+00:00,11106.700876059425
2025-07-29 16:00:00+00:00,11106.700876059425
2025-07-29 17:00:00+00:00,11106.700876059425
2025-07-29 18:00:00+00:00,11106.700876059425
2025-07-29 19:00:00+00:00,11106.700876059425
2025-07-29 20:00:00+00:00,11106.700876059425
2025-07-29 21:00:00+00:00,11106.700876059425
2025-07-29 22:00:00+00:00,11106.700876059425
2025-07-29 23:00:00+00:00,11106.700876059425
2025-07-30 00:00:00+00:00,11106.700876059425
2025-07-30 01:00:00+00:00,11106.700876059425
2025-07-30 02:00:00+00:00,11106.700876059425
2025-07-30 03:00:00+00:00,11106.700876059425
2025-07-30 04:00:00+00:00,11106.700876059425
2025-07-30 05:00:00+00:00,11106.700876059425
2025-07-30 06:00:00+00:00,11106.700876059425
2025-07-30 07:00:00+00:00,11106.700876059425
2025-07-30 08:00:00+00:00,11106.700876059425
2025-07-30 09:00:00+00:00,11106.700876059425
2025-07-30 10:00:00+00:00,11106.700876059425
2025-07-30 11:00:00+00:00,11106.700876059425
2025-07-30 12:00:00+00:00,11106.700876059425
2025-07-30 13:00:00+00:00,11106.700876059425
2025-07-30 14:00:00+00:00,11106.700876059425
2025-07-30 15:00:00+00:00,11106.700876059425
2025-07-30 16:00:00+00:00,11106.700876059425
2025-07-30 17:00:00+00:00,11106.700876059425
2025-07-30 18:00:00+00:00,11106.700876059425
2025-07-30 19:00:00+00:00,11106.700876059425
2025-07-30 20:00:00+00:00,11106.700876059425
2025-07-30 21:00:00+00:00,11106.700876059425
2025-07-30 22:00:00+00:00,11106.700876059425
2025-07-30 23:00:00+00:00,11106.700876059425
2025-07-31 00:00:00+00:00,11106.700876059425
2025-07-31 01:00:00+00:00,11106.700876059425
2025-07-31 02:00:00+00:00,11106.700876059425
2025-07-31 03:00:00+00:00,11106.700876059425
2025-07-31 04:00:00+00:00,11106.700876059425
2025-07-31 05:00:00+00:00,11106.700876059425
2025-07-31 06:00:00+00:00,11106.700876059425
2025-07-31 07:00:00+00:00,11106.700876059425
2025-07-31 08:00:00+00:00,11106.700876059425
2025-07-31 09:00:00+00:00,11106.700876059425
2025-07-31 10:00:00+00:00,11106.700876059425
2025-07-31 11:00:00+00:00,11106.700876059425
2025-07-31 12:00:00+00:00,11106.700876059425
2025-07-31 13:00:00+00:00,11106.700876059425
2025-07-31 14:00:00+00:00,11106.700876059425
2025-07-31 15:00:00+00:00,11106.700876059425
2025-07-31 16:00:00+00:00,11106.700876059425
2025-07-31 17:00:00+00:00,11106.700876059425
2025-07-31 18:00:00+00:00,11106.700876059425
2025-07-31 19:00:00+00:00,11106.700876059425
2025-07-31 20:00:00+00:00,11106.700876059425
2025-07-31 21:00:00+00:00,11106.700876059425
2025-07-31 22:00:00+00:00,11106.700876059425
2025-07-31 23:00:00+00:00,11106.700876059425
2025-08-01 00:00:00+00:00,11106.700876059425
2025-08-01 01:00:00+00:00,11106.700876059425
2025-08-01 02:00:00+00:00,11106.700876059425
2025-08-01 03:00:00+00:00,11106.700876059425
2025-08-01 04:00:00+00:00,11106.700876059425
2025-08-01 05:00:00+00:00,11106.700876059425
2025-08-01 06:00:00+00:00,11106.700876059425
2025-08-01 07:00:00+00:00,11106.700876059425
2025-08-01 08:00:00+00:00,11106.700876059425
2025-08-01 09:00:00+00:00,11106.700876059425
2025-08-01 10:00:00+00:00,11106.700876059425
2025-08-01 11:00:00+00:00,11106.700876059425
2025-08-01 12:00:00+00:00,11106.700876059425
2025-08-01 13:00:00+00:00,11106.700876059425
2025-08-01 14:00:00+00:00,11106.700876059425
2025-08-01 15:00:00+00:00,11106.700876059425
2025-08-01 16:00:00+00:00,11106.700876059425
2025-08-01 17:00:00+00:00,11106.700876059425
2025-08-01 18:00:00+00:00,11106.700876059425
2025-08-01 19:00:00+00:00,11106.700876059425
2025-08-01 20:00:00+00:00,11131.821106273272
2025-08-01 21:00:00+00:00,11093.909606273271
2025-08-01 22:00:00+00:00,11097.941706273272
2025-08-01 23:00:00+00:00,11143.551406273271
2025-08-02 00:00:00+00:00,11133.87680627327
2025-08-02 01:00:00+00:00,11102.617177840952
2025-08-02 02:00:00+00:00,11111.315777840951
2025-08-02 03:00:00+00:00,11109.662677840952
2025-08-02 04:00:00+00:00,11096.687977840951
2025-08-02 05:00:00+00:00,11089.996277840952
2025-08-02 06:00:00+00:00,11092.466777840951
2025-08-02 07:00:00+00:00,11109.180777840951
2025-08-02 08:00:00+00:00,11093.027977840951
2025-08-02 09:00:00+00:00,11110.542202973751
2025-08-02 10:00:00+00:00,11110.51170297375
2025-08-02 11:00:00+00:00,11118.447802973751
2025-08-02 12:00:00+00:00,11104.52150297375
2025-08-02 13:00:00+00:00,11114.18390297375
2025-08-02 14:00:00+00:00,11124.18790297375
2025-08-02 15:00:00+00:00,11145.87340297375
2025-08-02 16:00:00+00:00,11161.48940297375
2025-08-02 17:00:00+00:00,11139.938400280553
2025-08-02 18:00:00+00:00,11168.455900280553
2025-08-02 19:00:00+00:00,11193.112100280554
2025-08-02 20:00:00+00:00,11199.803800280553
2025-08-02 21:00:00+00:00,11164.741000280554
2025-08-02 22:00:00+00:00,11160.855300280553
2025-08-02 23:00:00+00:00,11161.087100280552
2025-08-03 00:00:00+00:00,11179.472500280554
2025-08-03 01:00:00+00:00,11155.855595143497
2025-08-03 02:00:00+00:00,11146.827595143497
2025-08-03 03:00:00+00:00,11121.451595143497
2025-08-03 04:00:00+00:00,11116.290995143498
2025-08-03 05:00:00+00:00,11124.019695143497
2025-08-03 06:00:00+00:00,11115.107595143498
2025-08-03 07:00:00+00:00,11119.139695143498
2025-08-03 08:00:00+00:00,11110.416695143498
2025-08-03 09:00:00+00:00,11111.121344425632
2025-08-03 10:00:00+00:00,11112.853744425633
2025-08-03 11:00:00+00:00,11098.604144425633
2025-08-03 12:00:00+00:00,11100.794044425633
2025-08-03 13:00:00+00:00,11091.833144425633
2025-08-03 14:00:00+00:00,11095.499244425633
2025-08-03 15:00:00+00:00,11105.545944425634
2025-08-03 16:00:00+00:00,11095.047844425633
2025-08-03 17:00:00+00:00,11092.775434524623
2025-08-03 18:00:00+00:00,11085.528634524624
2025-08-03 19:00:00+00:00,11069.699134524624
2025-08-03 20:00:00+00:00,11073.932534524623
2025-08-03 21:00:00+00:00,11067.149334524624
2025-08-03 22:00:00+00:00,11066.624734524623
2025-08-03 23:00:00+00:00,11073.578734524624
2025-08-04 00:00:00+00:00,11080.532734524624
2025-08-04 01:00:00+00:00,11037.770553545837
2025-08-04 02:00:00+00:00,11051.117353545837
2025-08-04 03:00:00+00:00,11043.974253545837
2025-08-04 04:00:00+00:00,11058.290953545837
2025-08-04 05:00:00+00:00,11069.490553545837
2025-08-04 06:00:00+00:00,11069.551553545836
2025-08-04 07:00:00+00:00,11067.325053545836
2025-08-04 08:00:00+00:00,11052.996153545837
2025-08-04 09:00:00+00:00,11060.325570379966
2025-08-04 10:00:00+00:00,11073.769970379966
2025-08-04 11:00:00+00:00,11078.119270379966
2025-08-04 12:00:00+00:00,11062.972970379966
2025-08-04 13:00:00+00:00,11066.309670379966
2025-08-04 14:00:00+00:00,11037.346870379966
2025-08-04 15:00:00+00:00,11048.540370379966
2025-08-04 16:00:00+00:00,11043.678670379966
2025-08-04 17:00:00+00:00,11014.245539735613
2025-08-04 18:00:00+00:00,11020.552939735615
2025-08-04 19:00:00+00:00,11035.351539735613
2025-08-04 20:00:00+00:00,11046.532839735613
2025-08-04 21:00:00+00:00,11044.647939735614
2025-08-04 22:00:00+00:00,11025.652539735613
2025-08-04 23:00:00+00:00,11012.366739735613
2025-08-05 00:00:00+00:00,11029.568739735614
2025-08-05 01:00:00+00:00,11040.107483981996
2025-08-05 02:00:00+00:00,11050.428683981994
2025-08-05 03:00:00+00:00,11049.525883981994
2025-08-05 04:00:00+00:00,11078.079983981996
2025-08-05 05:00:00+00:00,11073.639183981995
2025-08-05 06:00:00+00:00,11068.393183981994
2025-08-05 07:00:00+00:00,11082.959983981995
2025-08-05 08:00:00+00:00,11095.788283981996
2025-08-05 09:00:00+00:00,11077.164068523458
2025-08-05 10:00:00+00:00,11052.160168523458
2025-08-05 11:00:00+00:00,11043.016268523457
2025-08-05 12:00:00+00:00,11044.089868523457
2025-08-05 13:00:00+00:00,11098.074868523458
2025-08-05 14:00:00+00:00,11072.113268523457
2025-08-05 15:00:00+00:00,11154.280268523458
2025-08-05 16:00:00+00:00,11160.612068523458
2025-08-05 17:00:00+00:00,11145.801255233266
2025-08-05 18:00:00+00:00,11117.759555233266
2025-08-05 19:00:00+00:00,11116.771355233266
2025-08-05 20:00:00+00:00,11118.162155233265
2025-08-05 21:00:00+00:00,11113.117455233265
2025-08-05 22:00:00+00:00,11119.937255233264
2025-08-05 23:00:00+00:00,11097.611255233265
2025-08-06 00:00:00+00:00,11087.875655233265
2025-08-06 01:00:00+00:00,11102.576635695697
2025-08-06 02:00:00+00:00,11106.065835695697
2025-08-06 03:00:00+00:00,11117.570435695698
2025-08-06 04:00:00+00:00,11124.805035695697
2025-08-06 05:00:00+00:00,11129.953435695697
2025-08-06 06:00:00+00:00,11085.478335695698
2025-08-06 07:00:00+00:00,11089.906935695697
2025-08-06 08:00:00+00:00,11081.549935695697
2025-08-06 09:00:00+00:00,11099.221033064498
2025-08-06 10:00:00+00:00,11090.101533064497
2025-08-06 11:00:00+00:00,11091.955933064497
2025-08-06 12:00:00+00:00,11081.659133064497
2025-08-06 13:00:00+00:00,11100.892433064497
2025-08-06 14:00:00+00:00,11079.792533064498
2025-08-06 15:00:00+00:00,11023.422433064497
2025-08-06 16:00:00+00:00,11009.782833064497
2025-08-06 17:00:00+00:00,11027.311887654512
2025-08-06 18:00:00+00:00,11004.308787654512
2025-08-06 19:00:00+00:00,11009.603587654514
2025-08-06 20:00:00+00:00,11019.589287654513
2025-08-06 21:00:00+00:00,11033.350887654513
2025-08-06 22:00:00+00:00,11032.069887654514
2025-08-06 23:00:00+00:00,11029.879987654513
2025-08-07 00:00:00+00:00,11036.309387654514
2025-08-07 01:00:00+00:00,11042.370749804943
2025-08-07 02:00:00+00:00,11051.130349804942
2025-08-07 03:00:00+00:00,11063.110749804942
2025-08-07 04:00:00+00:00,11063.501149804943
2025-08-07 05:00:00+00:00,11075.231449804944
2025-08-07 06:00:00+00:00,11061.719949804943
2025-08-07 07:00:00+00:00,11057.266949804944
2025-08-07 08:00:00+00:00,11048.232849804943
2025-08-07 09:00:00+00:00,11038.86881641411
2025-08-07 10:00:00+00:00,11032.33571641411
2025-08-07 11:00:00+00:00,10954.80471641411
2025-08-07 12:00:00+00:00,10943.96501641411
2025-08-07 13:00:00+00:00,10952.82831641411
2025-08-07 14:00:00+00:00,10936.54741641411
2025-08-07 15:00:00+00:00,10953.47491641411
2025-08-07 16:00:00+00:00,10933.86951641411
2025-08-07 17:00:00+00:00,10927.91144431635
2025-08-07 18:00:00+00:00,10927.91144431635
2025-08-07 19:00:00+00:00,10927.91144431635
2025-08-07 20:00:00+00:00,10927.91144431635
2025-08-07 21:00:00+00:00,10927.91144431635
2025-08-07 22:00:00+00:00,10927.91144431635
2025-08-07 23:00:00+00:00,10927.91144431635
2025-08-08 00:00:00+00:00,10910.802090234694
2025-08-08 01:00:00+00:00,10891.82970301657
2025-08-08 02:00:00+00:00,10857.46770301657
2025-08-08 03:00:00+00:00,10840.22690301657
2025-08-08 04:00:00+00:00,10843.594103016569
2025-08-08 05:00:00+00:00,10844.31170301657
2025-08-08 06:00:00+00:00,10824.43970301657
2025-08-08 07:00:00+00:00,10843.03290301657
2025-08-08 08:00:00+00:00,10850.93570301657
2025-08-08 09:00:00+00:00,10832.20275613161
2025-08-08 10:00:00+00:00,10837.58475613161
2025-08-08 11:00:00+00:00,10825.41315613161
2025-08-08 12:00:00+00:00,10857.05195613161
2025-08-08 13:00:00+00:00,10821.162756131609
2025-08-08 14:00:00+00:00,10859.103556131611
2025-08-08 15:00:00+00:00,10820.36235613161
2025-08-08 16:00:00+00:00,10794.62995613161
2025-08-08 17:00:00+00:00,10792.848688542173
2025-08-08 18:00:00+00:00,10840.136688542174
2025-08-08 19:00:00+00:00,10821.239888542174
2025-08-08 20:00:00+00:00,10814.238688542173
2025-08-08 21:00:00+00:00,10857.083088542175
2025-08-08 22:00:00+00:00,10860.109888542174
2025-08-08 23:00:00+00:00,10855.574288542173
2025-08-09 00:00:00+00:00,10836.668288542174
2025-08-09 01:00:00+00:00,10827.863511206935
2025-08-09 02:00:00+00:00,10825.489911206934
2025-08-09 03:00:00+00:00,10810.622711206934
2025-08-09 04:00:00+00:00,10808.423911206935
2025-08-09 05:00:00+00:00,10813.235511206934
2025-08-09 06:00:00+00:00,10840.909111206935
2025-08-09 07:00:00+00:00,10833.245511206935
2025-08-09 08:00:00+00:00,10842.620311206934
2025-08-09 09:00:00+00:00,10875.344266950802
2025-08-09 10:00:00+00:00,10912.493866950803
2025-08-09 11:00:00+00:00,10902.990266950803
2025-08-09 12:00:00+00:00,10874.921066950803
2025-08-09 13:00:00+00:00,10874.203466950803
2025-08-09 14:00:00+00:00,10861.121066950802
2025-08-09 15:00:00+00:00,10861.130266950802
2025-08-09 16:00:00+00:00,10853.825466950802
2025-08-09 17:00:00+00:00,10831.302192863142
2025-08-09 18:00:00+00:00,10834.089792863144
2025-08-09 19:00:00+00:00,10829.747392863143
2025-08-09 20:00:00+00:00,10822.387392863142
2025-08-09 21:00:00+00:00,10843.823392863142
2025-08-09 22:00:00+00:00,10820.464592863143
2025-08-09 23:00:00+00:00,10822.608192863143
2025-08-10 00:00:00+00:00,10815.229792863143
2025-08-10 01:00:00+00:00,10838.932082901276
2025-08-10 02:00:00+00:00,10824.570882901276
2025-08-10 03:00:00+00:00,10892.522082901276
2025-08-10 04:00:00+00:00,11003.510882901275
2025-08-10 05:00:00+00:00,11001.698482901274
2025-08-10 06:00:00+00:00,10959.332482901274
2025-08-10 07:00:00+00:00,10962.285682901276
2025-08-10 08:00:00+00:00,10938.181682901275
2025-08-10 09:00:00+00:00,10982.895798901274
2025-08-10 10:00:00+00:00,10980.954598901275
2025-08-10 11:00:00+00:00,10956.528598901274
2025-08-10 12:00:00+00:00,10985.480998901274
2025-08-10 13:00:00+00:00,11001.157798901275
2025-08-10 14:00:00+00:00,10996.024198901276
2025-08-10 15:00:00+00:00,11027.193798901275
2025-08-10 16:00:00+00:00,11028.730198901274
2025-08-10 17:00:00+00:00,11015.751151701275
2025-08-10 18:00:00+00:00,11002.199551701277
2025-08-10 19:00:00+00:00,11004.996351701275
2025-08-10 20:00:00+00:00,11014.619551701275
2025-08-10 21:00:00+00:00,10982.658751701276
2025-08-10 22:00:00+00:00,11019.541551701275
2025-08-10 23:00:00+00:00,11053.452751701276
2025-08-11 00:00:00+00:00,11072.653151701275
2025-08-11 01:00:00+00:00,11056.633602941276
2025-08-11 02:00:00+00:00,11144.677602941276
2025-08-11 03:00:00+00:00,11302.524290984922
2025-08-11 04:00:00+00:00,11281.522858121174
2025-08-11 05:00:00+00:00,11312.938858121173
2025-08-11 06:00:00+00:00,11310.609858121174
2025-08-11 07:00:00+00:00,11331.570858121173
2025-08-11 08:00:00+00:00,11267.472358121175
2025-08-11 09:00:00+00:00,11278.203311471174
2025-08-11 10:00:00+00:00,11256.026811471174
2025-08-11 11:00:00+00:00,11235.227311471173
2025-08-11 12:00:00+00:00,11182.306311471173
2025-08-11 13:00:00+00:00,11104.769311471175
2025-08-11 14:00:00+00:00,11077.24151577293
2025-08-11 15:00:00+00:00,11077.24151577293
2025-08-11 16:00:00+00:00,11077.24151577293
2025-08-11 17:00:00+00:00,11077.24151577293
2025-08-11 18:00:00+00:00,11077.24151577293
2025-08-11 19:00:00+00:00,11077.24151577293
2025-08-11 20:00:00+00:00,11077.24151577293
2025-08-11 21:00:00+00:00,11077.24151577293
2025-08-11 22:00:00+00:00,11077.24151577293
2025-08-11 23:00:00+00:00,11077.24151577293
2025-08-12 00:00:00+00:00,11077.24151577293
2025-08-12 01:00:00+00:00,11077.24151577293
2025-08-12 02:00:00+00:00,11077.24151577293
2025-08-12 03:00:00+00:00,11077.24151577293
2025-08-12 04:00:00+00:00,11077.24151577293
2025-08-12 05:00:00+00:00,11077.24151577293
2025-08-12 06:00:00+00:00,11077.24151577293
2025-08-12 07:00:00+00:00,11077.24151577293
2025-08-12 08:00:00+00:00,11077.24151577293
2025-08-12 09:00:00+00:00,11077.24151577293
2025-08-12 10:00:00+00:00,11077.24151577293
2025-08-12 11:00:00+00:00,11077.24151577293
2025-08-12 12:00:00+00:00,11077.24151577293
2025-08-12 13:00:00+00:00,11077.24151577293
2025-08-12 14:00:00+00:00,11077.24151577293
2025-08-12 15:00:00+00:00,11077.24151577293
2025-08-12 16:00:00+00:00,11077.24151577293
2025-08-12 17:00:00+00:00,11077.24151577293
2025-08-12 18:00:00+00:00,11077.24151577293
2025-08-12 19:00:00+00:00,11077.24151577293
2025-08-12 20:00:00+00:00,11077.24151577293
2025-08-12 21:00:00+00:00,11077.24151577293
2025-08-12 22:00:00+00:00,11077.24151577293
2025-08-12 23:00:00+00:00,11077.24151577293
2025-08-13 00:00:00+00:00,11077.24151577293
2025-08-13 01:00:00+00:00,11077.24151577293
2025-08-13 02:00:00+00:00,11077.24151577293
2025-08-13 03:00:00+00:00,11077.24151577293
2025-08-13 04:00:00+00:00,11077.24151577293
2025-08-13 05:00:00+00:00,11077.24151577293
2025-08-13 06:00:00+00:00,11077.24151577293
2025-08-13 07:00:00+00:00,11077.24151577293
2025-08-13 08:00:00+00:00,11077.24151577293
2025-08-13 09:00:00+00:00,11077.24151577293
2025-08-13 10:00:00+00:00,11077.24151577293
2025-08-13 11:00:00+00:00,11077.24151577293
2025-08-13 12:00:00+00:00,11077.24151577293
2025-08-13 13:00:00+00:00,11077.24151577293
2025-08-13 14:00:00+00:00,11077.24151577293
2025-08-13 15:00:00+00:00,11077.24151577293
2025-08-13 16:00:00+00:00,11077.24151577293
2025-08-13 17:00:00+00:00,11077.24151577293
2025-08-13 18:00:00+00:00,11077.24151577293
2025-08-13 19:00:00+00:00,11077.24151577293
2025-08-13 20:00:00+00:00,11077.24151577293
2025-08-13 21:00:00+00:00,11082.41167959053
2025-08-13 22:00:00+00:00,11060.034979590531
2025-08-13 23:00:00+00:00,11086.53787959053
2025-08-14 00:00:00+00:00,11111.28817959053
2025-08-14 01:00:00+00:00,11148.194044680531
2025-08-14 02:00:00+00:00,11113.46634468053
2025-08-14 03:00:00+00:00,11136.54684468053
2025-08-14 04:00:00+00:00,11116.04694468053
2025-08-14 05:00:00+00:00,11092.02114468053
2025-08-14 06:00:00+00:00,11030.54214468053
2025-08-14 07:00:00+00:00,11004.76374468053
2025-08-14 08:00:00+00:00,11001.313744680529
2025-08-14 09:00:00+00:00,10993.663422810529
2025-08-14 10:00:00+00:00,10993.822122810529
2025-08-14 11:00:00+00:00,10945.99822281053
2025-08-14 12:00:00+00:00,10945.653222810528
2025-08-14 13:00:00+00:00,10855.45146610096
2025-08-14 14:00:00+00:00,10855.45146610096
2025-08-14 15:00:00+00:00,10855.45146610096
2025-08-14 16:00:00+00:00,10855.45146610096
2025-08-14 17:00:00+00:00,10855.45146610096
2025-08-14 18:00:00+00:00,10855.45146610096
2025-08-14 19:00:00+00:00,10855.45146610096
2025-08-14 20:00:00+00:00,10855.45146610096
2025-08-14 21:00:00+00:00,10855.45146610096
2025-08-14 22:00:00+00:00,10855.45146610096
2025-08-14 23:00:00+00:00,10855.45146610096
2025-08-15 00:00:00+00:00,10855.45146610096
2025-08-15 01:00:00+00:00,10855.45146610096
2025-08-15 02:00:00+00:00,10855.45146610096
2025-08-15 03:00:00+00:00,10855.45146610096
2025-08-15 04:00:00+00:00,10855.45146610096
2025-08-15 05:00:00+00:00,10855.45146610096
2025-08-15 06:00:00+00:00,10855.45146610096
2025-08-15 07:00:00+00:00,10855.45146610096
2025-08-15 08:00:00+00:00,10855.45146610096
2025-08-15 09:00:00+00:00,10855.45146610096
2025-08-15 10:00:00+00:00,10855.45146610096
2025-08-15 11:00:00+00:00,10855.45146610096
2025-08-15 12:00:00+00:00,10855.45146610096
2025-08-15 13:00:00+00:00,10855.45146610096
2025-08-15 14:00:00+00:00,10855.45146610096
2025-08-15 15:00:00+00:00,10855.45146610096
2025-08-15 16:00:00+00:00,10855.45146610096
2025-08-15 17:00:00+00:00,10855.45146610096
2025-08-15 18:00:00+00:00,10855.45146610096
2025-08-15 19:00:00+00:00,10855.45146610096
2025-08-15 20:00:00+00:00,10855.45146610096
2025-08-15 21:00:00+00:00,10855.45146610096
2025-08-15 22:00:00+00:00,10855.45146610096
2025-08-15 23:00:00+00:00,10855.45146610096
2025-08-16 00:00:00+00:00,10855.45146610096
2025-08-16 01:00:00+00:00,10855.45146610096
2025-08-16 02:00:00+00:00,10855.45146610096
2025-08-16 03:00:00+00:00,10855.45146610096
2025-08-16 04:00:00+00:00,10855.45146610096
2025-08-16 05:00:00+00:00,10855.45146610096
2025-08-16 06:00:00+00:00,10855.45146610096
2025-08-16 07:00:00+00:00,10855.45146610096
2025-08-16 08:00:00+00:00,10855.45146610096
2025-08-16 09:00:00+00:00,10855.45146610096
2025-08-16 10:00:00+00:00,10855.45146610096
2025-08-16 11:00:00+00:00,10855.45146610096
2025-08-16 12:00:00+00:00,10855.45146610096
2025-08-16 13:00:00+00:00,10855.45146610096
2025-08-16 14:00:00+00:00,10855.45146610096
2025-08-16 15:00:00+00:00,10855.45146610096
2025-08-16 16:00:00+00:00,10855.45146610096
2025-08-16 17:00:00+00:00,10855.45146610096
2025-08-16 18:00:00+00:00,10855.45146610096
2025-08-16 19:00:00+00:00,10855.45146610096
2025-08-16 20:00:00+00:00,10855.45146610096
2025-08-16 21:00:00+00:00,10855.45146610096
2025-08-16 22:00:00+00:00,10855.45146610096
2025-08-16 23:00:00+00:00,10855.45146610096
2025-08-17 00:00:00+00:00,10855.45146610096
2025-08-17 01:00:00+00:00,10855.45146610096
2025-08-17 02:00:00+00:00,10855.45146610096
2025-08-17 03:00:00+00:00,10855.45146610096
2025-08-17 04:00:00+00:00,10855.45146610096
2025-08-17 05:00:00+00:00,10855.45146610096
2025-08-17 06:00:00+00:00,10855.45146610096
2025-08-17 07:00:00+00:00,10855.45146610096
2025-08-17 08:00:00+00:00,10855.45146610096
2025-08-17 09:00:00+00:00,10855.45146610096
2025-08-17 10:00:00+00:00,10855.45146610096
2025-08-17 11:00:00+00:00,10855.45146610096
2025-08-17 12:00:00+00:00,10855.45146610096
2025-08-17 13:00:00+00:00,10855.45146610096
2025-08-17 14:00:00+00:00,10855.45146610096
2025-08-17 15:00:00+00:00,10855.45146610096
2025-08-17 16:00:00+00:00,10855.45146610096
2025-08-17 17:00:00+00:00,10855.45146610096
2025-08-17 18:00:00+00:00,10855.45146610096
2025-08-17 19:00:00+00:00,10855.45146610096
2025-08-17 20:00:00+00:00,10855.45146610096
2025-08-17 21:00:00+00:00,10855.45146610096
2025-08-17 22:00:00+00:00,10855.45146610096
2025-08-17 23:00:00+00:00,10855.45146610096
2025-08-18 00:00:00+00:00,10855.45146610096
2025-08-18 01:00:00+00:00,10855.45146610096
2025-08-18 02:00:00+00:00,10855.45146610096
2025-08-18 03:00:00+00:00,10921.91189972332
2025-08-18 04:00:00+00:00,10933.99259972332
2025-08-18 05:00:00+00:00,10920.06119972332
2025-08-18 06:00:00+00:00,10899.09899972332
2025-08-18 07:00:00+00:00,10940.01899972332
2025-08-18 08:00:00+00:00,10944.38069972332
2025-08-18 09:00:00+00:00,10950.399162654689
2025-08-18 10:00:00+00:00,10958.564562654688
2025-08-18 11:00:00+00:00,10957.560162654689
2025-08-18 12:00:00+00:00,10967.855262654688
2025-08-18 13:00:00+00:00,10914.380262654688
2025-08-18 14:00:00+00:00,10978.010862654688
2025-08-18 15:00:00+00:00,10903.46206265469
2025-08-18 16:00:00+00:00,10856.311062654688
2025-08-18 17:00:00+00:00,10874.37618470752
2025-08-18 18:00:00+00:00,10831.61478470752
2025-08-18 19:00:00+00:00,10826.24868470752
2025-08-18 20:00:00+00:00,10840.700884707521
2025-08-18 21:00:00+00:00,10832.20068470752
2025-08-18 22:00:00+00:00,10809.406384707521
2025-08-18 23:00:00+00:00,10834.302484707521
2025-08-19 00:00:00+00:00,10849.05228470752
2025-08-19 01:00:00+00:00,10818.603342895996
2025-08-19 02:00:00+00:00,10889.162442895997
2025-08-19 03:00:00+00:00,10893.877542895996
2025-08-19 04:00:00+00:00,10982.534442895996
2025-08-19 05:00:00+00:00,10936.062342895997
2025-08-19 06:00:00+00:00,10966.780242895997
2025-08-19 07:00:00+00:00,10963.311342895997
2025-08-19 08:00:00+00:00,10966.529142895997
2025-08-19 09:00:00+00:00,10947.091848569038
2025-08-19 10:00:00+00:00,10934.388048569039
2025-08-19 11:00:00+00:00,10928.240748569038
2025-08-19 12:00:00+00:00,10917.694548569038
2025-08-19 13:00:00+00:00,10908.95254856904
2025-08-19 14:00:00+00:00,10946.496648569038
2025-08-19 15:00:00+00:00,11069.628648569038
2025-08-19 16:00:00+00:00,11078.677548569038
2025-08-19 17:00:00+00:00,11115.38481896987
2025-08-19 18:00:00+00:00,11104.141118969868
2025-08-19 19:00:00+00:00,11156.858254958552
2025-08-19 20:00:00+00:00,11156.858254958552
2025-08-19 21:00:00+00:00,11156.858254958552
2025-08-19 22:00:00+00:00,11156.858254958552
2025-08-19 23:00:00+00:00,11156.858254958552
2025-08-20 00:00:00+00:00,11156.858254958552
2025-08-20 01:00:00+00:00,11156.858254958552
2025-08-20 02:00:00+00:00,11156.858254958552
2025-08-20 03:00:00+00:00,11156.858254958552
2025-08-20 04:00:00+00:00,11156.858254958552
2025-08-20 05:00:00+00:00,11156.858254958552
2025-08-20 06:00:00+00:00,11156.858254958552
2025-08-20 07:00:00+00:00,11156.858254958552
2025-08-20 08:00:00+00:00,11156.858254958552
2025-08-20 09:00:00+00:00,11156.858254958552
2025-08-20 10:00:00+00:00,11156.858254958552
2025-08-20 11:00:00+00:00,11156.858254958552
2025-08-20 12:00:00+00:00,11156.858254958552
2025-08-20 13:00:00+00:00,11156.858254958552
2025-08-20 14:00:00+00:00,11156.858254958552
2025-08-20 15:00:00+00:00,11156.858254958552
2025-08-20 16:00:00+00:00,11156.858254958552
2025-08-20 17:00:00+00:00,11156.858254958552
2025-08-20 18:00:00+00:00,11156.858254958552
2025-08-20 19:00:00+00:00,11156.858254958552
2025-08-20 20:00:00+00:00,11156.858254958552
2025-08-20 21:00:00+00:00,11156.858254958552
2025-08-20 22:00:00+00:00,11156.858254958552
2025-08-20 23:00:00+00:00,11156.858254958552
2025-08-21 00:00:00+00:00,11156.858254958552
2025-08-21 01:00:00+00:00,11156.858254958552
2025-08-21 02:00:00+00:00,11156.858254958552
2025-08-21 03:00:00+00:00,11156.858254958552
2025-08-21 04:00:00+00:00,11156.858254958552
2025-08-21 05:00:00+00:00,11156.858254958552
2025-08-21 06:00:00+00:00,11156.858254958552
2025-08-21 07:00:00+00:00,11156.858254958552
2025-08-21 08:00:00+00:00,11156.858254958552
2025-08-21 09:00:00+00:00,11156.858254958552
2025-08-21 10:00:00+00:00,11156.858254958552
2025-08-21 11:00:00+00:00,11156.858254958552
2025-08-21 12:00:00+00:00,11156.858254958552
2025-08-21 13:00:00+00:00,11156.858254958552
2025-08-21 14:00:00+00:00,11156.858254958552
2025-08-21 15:00:00+00:00,11156.858254958552
2025-08-21 16:00:00+00:00,11156.858254958552
2025-08-21 17:00:00+00:00,11156.858254958552
2025-08-21 18:00:00+00:00,11156.858254958552
2025-08-21 19:00:00+00:00,11156.858254958552
2025-08-21 20:00:00+00:00,11156.858254958552
2025-08-21 21:00:00+00:00,11126.223929698903
2025-08-21 22:00:00+00:00,11110.234329698904
2025-08-21 23:00:00+00:00,11121.507129698903
2025-08-22 00:00:00+00:00,11120.750329698903
2025-08-22 01:00:00+00:00,11110.16439100476
2025-08-22 02:00:00+00:00,11092.52919100476
2025-08-22 03:00:00+00:00,11064.29879100476
2025-08-22 04:00:00+00:00,11083.83479100476
2025-08-22 05:00:00+00:00,11091.28839100476
2025-08-22 06:00:00+00:00,11056.801191004759
2025-08-22 07:00:00+00:00,11078.82759100476
2025-08-22 08:00:00+00:00,11070.61719100476
2025-08-22 09:00:00+00:00,11080.72874300476
2025-08-22 10:00:00+00:00,11074.26954300476
2025-08-22 11:00:00+00:00,11120.11754300476
2025-08-22 12:00:00+00:00,11139.13434300476
2025-08-22 13:00:00+00:00,11136.74954300476
2025-08-22 14:00:00+00:00,11124.93994300476
2025-08-22 15:00:00+00:00,10936.143799427904
2025-08-22 16:00:00+00:00,10936.143799427904
2025-08-22 17:00:00+00:00,10936.143799427904
2025-08-22 18:00:00+00:00,10936.143799427904
2025-08-22 19:00:00+00:00,10936.143799427904
2025-08-22 20:00:00+00:00,10936.143799427904
2025-08-22 21:00:00+00:00,10936.143799427904
2025-08-22 22:00:00+00:00,10936.143799427904
2025-08-22 23:00:00+00:00,10936.143799427904
2025-08-23 00:00:00+00:00,10936.143799427904
2025-08-23 01:00:00+00:00,10936.143799427904
2025-08-23 02:00:00+00:00,10936.143799427904
2025-08-23 03:00:00+00:00,10936.143799427904
2025-08-23 04:00:00+00:00,10936.143799427904
2025-08-23 05:00:00+00:00,10936.143799427904
2025-08-23 06:00:00+00:00,10936.143799427904
2025-08-23 07:00:00+00:00,10936.143799427904
2025-08-23 08:00:00+00:00,10936.143799427904
2025-08-23 09:00:00+00:00,10936.143799427904
2025-08-23 10:00:00+00:00,10936.143799427904
2025-08-23 11:00:00+00:00,10936.143799427904
2025-08-23 12:00:00+00:00,10936.143799427904
2025-08-23 13:00:00+00:00,10936.143799427904
2025-08-23 14:00:00+00:00,10936.143799427904
2025-08-23 15:00:00+00:00,10936.143799427904
2025-08-23 16:00:00+00:00,10936.143799427904
2025-08-23 17:00:00+00:00,10936.143799427904
2025-08-23 18:00:00+00:00,10936.143799427904
2025-08-23 19:00:00+00:00,10936.143799427904
2025-08-23 20:00:00+00:00,10936.143799427904
2025-08-23 21:00:00+00:00,10936.143799427904
2025-08-23 22:00:00+00:00,10936.143799427904
2025-08-23 23:00:00+00:00,10936.143799427904
2025-08-24 00:00:00+00:00,10936.143799427904
2025-08-24 01:00:00+00:00,10936.143799427904
2025-08-24 02:00:00+00:00,10936.143799427904
2025-08-24 03:00:00+00:00,10936.143799427904
2025-08-24 04:00:00+00:00,10936.143799427904
2025-08-24 05:00:00+00:00,10936.143799427904
2025-08-24 06:00:00+00:00,10936.143799427904
2025-08-24 07:00:00+00:00,10936.143799427904
2025-08-24 08:00:00+00:00,10936.143799427904
2025-08-24 09:00:00+00:00,10936.143799427904
2025-08-24 10:00:00+00:00,10936.143799427904
2025-08-24 11:00:00+00:00,10936.143799427904
2025-08-24 12:00:00+00:00,10936.143799427904
2025-08-24 13:00:00+00:00,10936.143799427904
2025-08-24 14:00:00+00:00,10936.143799427904
2025-08-24 15:00:00+00:00,10936.143799427904
2025-08-24 16:00:00+00:00,10936.143799427904
2025-08-24 17:00:00+00:00,10936.143799427904
2025-08-24 18:00:00+00:00,10936.143799427904
2025-08-24 19:00:00+00:00,10936.143799427904
2025-08-24 20:00:00+00:00,10936.143799427904
2025-08-24 21:00:00+00:00,10936.143799427904
2025-08-24 22:00:00+00:00,10936.143799427904
2025-08-24 23:00:00+00:00,10936.143799427904
2025-08-25 00:00:00+00:00,10936.143799427904
2025-08-25 01:00:00+00:00,10936.143799427904
2025-08-25 02:00:00+00:00,10936.143799427904
2025-08-25 03:00:00+00:00,10936.143799427904
2025-08-25 04:00:00+00:00,10936.143799427904
2025-08-25 05:00:00+00:00,10936.143799427904
2025-08-25 06:00:00+00:00,10936.143799427904
2025-08-25 07:00:00+00:00,10936.143799427904
2025-08-25 08:00:00+00:00,10936.143799427904
2025-08-25 09:00:00+00:00,10936.143799427904
2025-08-25 10:00:00+00:00,10936.143799427904
2025-08-25 11:00:00+00:00,10936.143799427904
2025-08-25 12:00:00+00:00,10936.143799427904
2025-08-25 13:00:00+00:00,10936.143799427904
2025-08-25 14:00:00+00:00,10936.143799427904
2025-08-25 15:00:00+00:00,10936.143799427904
2025-08-25 16:00:00+00:00,10936.143799427904
2025-08-25 17:00:00+00:00,10936.143799427904
2025-08-25 18:00:00+00:00,10936.143799427904
2025-08-25 19:00:00+00:00,10936.143799427904
2025-08-25 20:00:00+00:00,10936.143799427904
2025-08-25 21:00:00+00:00,10936.143799427904
2025-08-25 22:00:00+00:00,10910.364853919586
2025-08-25 23:00:00+00:00,10895.178253919586
2025-08-26 00:00:00+00:00,10897.119353919587
2025-08-26 01:00:00+00:00,10957.262602737104
2025-08-26 02:00:00+00:00,10910.039002737105
2025-08-26 03:00:00+00:00,10920.729802737103
2025-08-26 04:00:00+00:00,10911.514002737104
2025-08-26 05:00:00+00:00,10898.770002737105
2025-08-26 06:00:00+00:00,10892.852302737105
2025-08-26 07:00:00+00:00,10904.174402737104
2025-08-26 08:00:00+00:00,10886.781202737104
2025-08-26 09:00:00+00:00,10898.640174641305
2025-08-26 10:00:00+00:00,10895.035274641305
2025-08-26 11:00:00+00:00,10891.471674641305
2025-08-26 12:00:00+00:00,10910.752874641305
2025-08-26 13:00:00+00:00,10891.265174641305
2025-08-26 14:00:00+00:00,10898.421874641304
2025-08-26 15:00:00+00:00,10882.332574641305
2025-08-26 16:00:00+00:00,10923.591274641303
2025-08-26 17:00:00+00:00,10894.443059781303
2025-08-26 18:00:00+00:00,10905.039459781303
2025-08-26 19:00:00+00:00,10863.739459781304
2025-08-26 20:00:00+00:00,10839.932959781303
2025-08-26 21:00:00+00:00,10827.832059781304
2025-08-26 22:00:00+00:00,10811.801759781303
2025-08-26 23:00:00+00:00,10793.051559781303
2025-08-27 00:00:00+00:00,10801.205359781305
2025-08-27 01:00:00+00:00,10825.053927619103
2025-08-27 02:00:00+00:00,10828.487727619102
2025-08-27 03:00:00+00:00,10838.228627619103
2025-08-27 04:00:00+00:00,10821.159927619103
2025-08-27 05:00:00+00:00,10812.451527619103
2025-08-27 06:00:00+00:00,10824.517027619102
2025-08-27 07:00:00+00:00,10843.550427619102
2025-08-27 08:00:00+00:00,10861.616227619103
2025-08-27 09:00:00+00:00,10860.960806096864
2025-08-27 10:00:00+00:00,10857.497506096863
2025-08-27 11:00:00+00:00,10847.786106096863
2025-08-27 12:00:00+00:00,10827.590406096862
2025-08-27 13:00:00+00:00,10826.552006096863
2025-08-27 14:00:00+00:00,10817.943906096863
2025-08-27 15:00:00+00:00,10798.845606096864
2025-08-27 16:00:00+00:00,10786.626706096862
2025-08-27 17:00:00+00:00,10781.140549584463
2025-08-27 18:00:00+00:00,10767.912749584464
2025-08-27 19:00:00+00:00,10791.270849584464
2025-08-27 20:00:00+00:00,10782.863349584464
2025-08-27 21:00:00+00:00,10763.375649584463
2025-08-27 22:00:00+00:00,10815.437249584464
2025-08-27 23:00:00+00:00,10822.847649584462
2025-08-28 00:00:00+00:00,10832.299449584463
2025-08-28 01:00:00+00:00,10827.21305922179
2025-08-28 02:00:00+00:00,10808.74015922179
2025-08-28 03:00:00+00:00,10818.044459221792
2025-08-28 04:00:00+00:00,10787.854159221792
2025-08-28 05:00:00+00:00,10723.005384748047
2025-08-28 06:00:00+00:00,10723.005384748047
2025-08-28 07:00:00+00:00,10723.005384748047
2025-08-28 08:00:00+00:00,10723.005384748047
2025-08-28 09:00:00+00:00,10723.005384748047
2025-08-28 10:00:00+00:00,10723.005384748047
2025-08-28 11:00:00+00:00,10723.005384748047
2025-08-28 12:00:00+00:00,10723.005384748047
2025-08-28 13:00:00+00:00,10723.005384748047
2025-08-28 14:00:00+00:00,10723.005384748047
2025-08-28 15:00:00+00:00,10723.005384748047
2025-08-28 16:00:00+00:00,10723.005384748047
2025-08-28 17:00:00+00:00,10723.005384748047
2025-08-28 18:00:00+00:00,10723.005384748047
2025-08-28 19:00:00+00:00,10723.005384748047
2025-08-28 20:00:00+00:00,10723.005384748047
2025-08-28 21:00:00+00:00,10723.005384748047
2025-08-28 22:00:00+00:00,10723.005384748047
2025-08-28 23:00:00+00:00,10723.005384748047
2025-08-29 00:00:00+00:00,10723.005384748047
2025-08-29 01:00:00+00:00,10723.005384748047
2025-08-29 02:00:00+00:00,10723.005384748047
2025-08-29 03:00:00+00:00,10723.005384748047
2025-08-29 04:00:00+00:00,10723.005384748047
2025-08-29 05:00:00+00:00,10723.005384748047
2025-08-29 06:00:00+00:00,10723.005384748047
2025-08-29 07:00:00+00:00,10723.005384748047
2025-08-29 08:00:00+00:00,10723.005384748047
2025-08-29 09:00:00+00:00,10723.005384748047
2025-08-29 10:00:00+00:00,10723.005384748047
2025-08-29 11:00:00+00:00,10723.005384748047
2025-08-29 12:00:00+00:00,10723.005384748047
2025-08-29 13:00:00+00:00,10723.005384748047
2025-08-29 14:00:00+00:00,10723.005384748047
2025-08-29 15:00:00+00:00,10723.005384748047
2025-08-29 16:00:00+00:00,10704.702298262318
2025-08-29 17:00:00+00:00,10684.050744715692
2025-08-29 18:00:00+00:00,10699.659744715693
2025-08-29 19:00:00+00:00,10720.713744715693
2025-08-29 20:00:00+00:00,10716.555744715693
2025-08-29 21:00:00+00:00,10743.807144715693
2025-08-29 22:00:00+00:00,10700.854344715694
2025-08-29 23:00:00+00:00,10704.543744715693
2025-08-30 00:00:00+00:00,10704.880344715693
2025-08-30 01:00:00+00:00,10710.236234581525
2025-08-30 02:00:00+00:00,10766.633234581526
2025-08-30 03:00:00+00:00,10744.628834581525
2025-08-30 04:00:00+00:00,10703.075234581525
2025-08-30 05:00:00+00:00,10702.685834581525
2025-08-30 06:00:00+00:00,10707.550034581525
2025-08-30 07:00:00+00:00,10709.140634581525
2025-08-30 08:00:00+00:00,10696.561034581526
2025-08-30 09:00:00+00:00,10693.48903488245
2025-08-30 10:00:00+00:00,10696.51183488245
2025-08-30 11:00:00+00:00,10702.79503488245
2025-08-30 12:00:00+00:00,10685.78023488245
2025-08-30 13:00:00+00:00,10690.71043488245
2025-08-30 14:00:00+00:00,10695.43603488245
2025-08-30 15:00:00+00:00,10687.85263488245
2025-08-30 16:00:00+00:00,10674.48103488245
2025-08-30 17:00:00+00:00,10678.206766834106
2025-08-30 18:00:00+00:00,10680.391366834107
2025-08-30 19:00:00+00:00,10683.315166834107
2025-08-30 20:00:00+00:00,10677.724966834106
2025-08-30 21:00:00+00:00,10689.142966834106
2025-08-30 22:00:00+00:00,10693.630966834107
2025-08-30 23:00:00+00:00,10697.254366834106
2025-08-31 00:00:00+00:00,10678.483966834106
2025-08-31 01:00:00+00:00,10639.983533529146
2025-08-31 02:00:00+00:00,10637.336933529146
2025-08-31 03:00:00+00:00,10651.091333529146
2025-08-31 04:00:00+00:00,10650.840533529146
2025-08-31 05:00:00+00:00,10677.266933529147
2025-08-31 06:00:00+00:00,10681.688933529147
2025-08-31 07:00:00+00:00,10684.335533529147
2025-08-31 08:00:00+00:00,10685.061533529148
2025-08-31 09:00:00+00:00,10665.060901197094
2025-08-31 10:00:00+00:00,10697.671501197094
2025-08-31 11:00:00+00:00,10694.001901197093
2025-08-31 12:00:00+00:00,10705.657501197093
2025-08-31 13:00:00+00:00,10710.317101197094
2025-08-31 14:00:00+00:00,10703.941501197094
2025-08-31 15:00:00+00:00,10700.865901197092
2025-08-31 16:00:00+00:00,10678.716301197093
2025-08-31 17:00:00+00:00,10672.253305317094
2025-08-31 18:00:00+00:00,10667.105305317094
2025-08-31 19:00:00+00:00,10657.601305317094
2025-08-31 20:00:00+00:00,10671.580105317094
2025-08-31 21:00:00+00:00,10658.241505317093
2025-08-31 22:00:00+00:00,10664.372905317094
2025-08-31 23:00:00+00:00,10673.876905317094
2025-09-01 00:00:00+00:00,10715.720905317094
2025-09-01 01:00:00+00:00,10717.921511072134
2025-09-01 02:00:00+00:00,10722.548111072134
2025-09-01 03:00:00+00:00,10756.841711072135
2025-09-01 04:00:00+00:00,10754.947511072134
2025-09-01 05:00:00+00:00,10771.440911072135
2025-09-01 06:00:00+00:00,10742.268911072135
2025-09-01 07:00:00+00:00,10728.494711072135
2025-09-01 08:00:00+00:00,10638.048311072134
2025-09-01 09:00:00+00:00,10628.084886392135
2025-09-01 10:00:00+00:00,10632.500286392135
2025-09-01 11:00:00+00:00,10695.781086392135
2025-09-01 12:00:00+00:00,10682.884686392135
2025-09-01 13:00:00+00:00,10660.900086392136
2025-09-01 14:00:00+00:00,10666.193286392136
2025-09-01 15:00:00+00:00,10657.593486392134
2025-09-01 16:00:00+00:00,10681.822086392134
2025-09-01 17:00:00+00:00,10682.534666082616
2025-09-01 18:00:00+00:00,10672.674266082617
2025-09-01 19:00:00+00:00,10652.451866082616
2025-09-01 20:00:00+00:00,10653.092066082616
2025-09-01 21:00:00+00:00,10675.466066082616
2025-09-01 22:00:00+00:00,10747.749266082616
2025-09-01 23:00:00+00:00,10705.397066082616
2025-09-02 00:00:00+00:00,10652.484866082617
2025-09-02 01:00:00+00:00,10666.35702272386
2025-09-02 02:00:00+00:00,10648.07502272386
2025-09-02 03:00:00+00:00,10585.52022272386
2025-09-02 04:00:00+00:00,10580.51082272386
2025-09-02 05:00:00+00:00,10581.42822272386
2025-09-02 06:00:00+00:00,10588.52322272386
2025-09-02 07:00:00+00:00,10577.82462272386
2025-09-02 08:00:00+00:00,10586.84022272386
2025-09-02 09:00:00+00:00,10579.30977045199
2025-09-02 10:00:00+00:00,10573.09917045199
2025-09-02 11:00:00+00:00,10586.64897045199
2025-09-02 12:00:00+00:00,10619.91957045199
2025-09-02 13:00:00+00:00,10682.55357045199
2025-09-02 14:00:00+00:00,10514.915688493613
2025-09-02 15:00:00+00:00,10514.915688493613
2025-09-02 16:00:00+00:00,10514.915688493613
2025-09-02 17:00:00+00:00,10514.915688493613
2025-09-02 18:00:00+00:00,10514.915688493613
2025-09-02 19:00:00+00:00,10514.915688493613
2025-09-02 20:00:00+00:00,10514.915688493613
2025-09-02 21:00:00+00:00,10514.915688493613
2025-09-02 22:00:00+00:00,10514.915688493613
2025-09-02 23:00:00+00:00,10514.915688493613
2025-09-03 00:00:00+00:00,10514.915688493613
2025-09-03 01:00:00+00:00,10514.915688493613
2025-09-03 02:00:00+00:00,10514.915688493613
2025-09-03 03:00:00+00:00,10514.915688493613
2025-09-03 04:00:00+00:00,10514.915688493613
2025-09-03 05:00:00+00:00,10514.915688493613
2025-09-03 06:00:00+00:00,10514.915688493613
2025-09-03 07:00:00+00:00,10514.915688493613
2025-09-03 08:00:00+00:00,10514.915688493613
2025-09-03 09:00:00+00:00,10514.915688493613
2025-09-03 10:00:00+00:00,10514.915688493613
2025-09-03 11:00:00+00:00,10514.915688493613
2025-09-03 12:00:00+00:00,10514.915688493613
2025-09-03 13:00:00+00:00,10514.915688493613
2025-09-03 14:00:00+00:00,10514.915688493613
2025-09-03 15:00:00+00:00,10514.915688493613
2025-09-03 16:00:00+00:00,10514.915688493613
2025-09-03 17:00:00+00:00,10514.915688493613
2025-09-03 18:00:00+00:00,10514.915688493613
2025-09-03 19:00:00+00:00,10514.915688493613
2025-09-03 20:00:00+00:00,10514.915688493613
2025-09-03 21:00:00+00:00,10514.915688493613
2025-09-03 22:00:00+00:00,10514.915688493613
2025-09-03 23:00:00+00:00,10514.915688493613
2025-09-04 00:00:00+00:00,10514.915688493613
2025-09-04 01:00:00+00:00,10514.915688493613
2025-09-04 02:00:00+00:00,10514.915688493613
2025-09-04 03:00:00+00:00,10514.915688493613
2025-09-04 04:00:00+00:00,10514.915688493613
2025-09-04 05:00:00+00:00,10514.915688493613
2025-09-04 06:00:00+00:00,10514.915688493613
2025-09-04 07:00:00+00:00,10514.915688493613
2025-09-04 08:00:00+00:00,10514.915688493613
2025-09-04 09:00:00+00:00,10514.915688493613
2025-09-04 10:00:00+00:00,10514.915688493613
2025-09-04 11:00:00+00:00,10514.915688493613
2025-09-04 12:00:00+00:00,10514.915688493613
2025-09-04 13:00:00+00:00,10514.915688493613
2025-09-04 14:00:00+00:00,10514.915688493613
2025-09-04 15:00:00+00:00,10514.915688493613
2025-09-04 16:00:00+00:00,10514.915688493613
2025-09-04 17:00:00+00:00,10514.915688493613
2025-09-04 18:00:00+00:00,10514.915688493613
2025-09-04 19:00:00+00:00,10514.915688493613
2025-09-04 20:00:00+00:00,10514.915688493613
2025-09-04 21:00:00+00:00,10514.915688493613
2025-09-04 22:00:00+00:00,10514.915688493613
2025-09-04 23:00:00+00:00,10514.915688493613
2025-09-05 00:00:00+00:00,10514.915688493613
2025-09-05 01:00:00+00:00,10514.915688493613
2025-09-05 02:00:00+00:00,10514.915688493613
2025-09-05 03:00:00+00:00,10514.915688493613
2025-09-05 04:00:00+00:00,10514.915688493613
2025-09-05 05:00:00+00:00,10514.915688493613
2025-09-05 06:00:00+00:00,10514.915688493613
2025-09-05 07:00:00+00:00,10514.915688493613
2025-09-05 08:00:00+00:00,10514.915688493613
2025-09-05 09:00:00+00:00,10479.429480801615
2025-09-05 10:00:00+00:00,10450.516280801614
2025-09-05 11:00:00+00:00,10445.898080801615
2025-09-05 12:00:00+00:00,10454.541080801615
2025-09-05 13:00:00+00:00,10528.458080801614
2025-09-05 14:00:00+00:00,10517.217880801614
2025-09-05 15:00:00+00:00,10305.0932592484
2025-09-05 16:00:00+00:00,10305.0932592484
2025-09-05 17:00:00+00:00,10305.0932592484
2025-09-05 18:00:00+00:00,10305.0932592484
2025-09-05 19:00:00+00:00,10305.0932592484
2025-09-05 20:00:00+00:00,10305.0932592484
2025-09-05 21:00:00+00:00,10305.0932592484
2025-09-05 22:00:00+00:00,10305.0932592484
2025-09-05 23:00:00+00:00,10305.0932592484
2025-09-06 00:00:00+00:00,10305.0932592484
2025-09-06 01:00:00+00:00,10305.0932592484
2025-09-06 02:00:00+00:00,10305.0932592484
2025-09-06 03:00:00+00:00,10305.0932592484
2025-09-06 04:00:00+00:00,10305.0932592484
2025-09-06 05:00:00+00:00,10305.0932592484
2025-09-06 06:00:00+00:00,10305.0932592484
2025-09-06 07:00:00+00:00,10305.0932592484
2025-09-06 08:00:00+00:00,10305.0932592484
2025-09-06 09:00:00+00:00,10305.0932592484
2025-09-06 10:00:00+00:00,10305.0932592484
2025-09-06 11:00:00+00:00,10305.0932592484
2025-09-06 12:00:00+00:00,10305.0932592484
2025-09-06 13:00:00+00:00,10305.0932592484
2025-09-06 14:00:00+00:00,10305.0932592484
2025-09-06 15:00:00+00:00,10305.0932592484
2025-09-06 16:00:00+00:00,10305.0932592484
2025-09-06 17:00:00+00:00,10305.0932592484
2025-09-06 18:00:00+00:00,10305.0932592484
2025-09-06 19:00:00+00:00,10305.0932592484
2025-09-06 20:00:00+00:00,10305.0932592484
2025-09-06 21:00:00+00:00,10305.0932592484
2025-09-06 22:00:00+00:00,10305.0932592484
2025-09-06 23:00:00+00:00,10305.0932592484
2025-09-07 00:00:00+00:00,10305.0932592484
2025-09-07 01:00:00+00:00,10305.0932592484
2025-09-07 02:00:00+00:00,10305.0932592484
2025-09-07 03:00:00+00:00,10305.0932592484
2025-09-07 04:00:00+00:00,10305.0932592484
2025-09-07 05:00:00+00:00,10305.0932592484
2025-09-07 06:00:00+00:00,10305.0932592484
2025-09-07 07:00:00+00:00,10305.0932592484
2025-09-07 08:00:00+00:00,10305.0932592484
2025-09-07 09:00:00+00:00,10305.0932592484
2025-09-07 10:00:00+00:00,10305.0932592484
2025-09-07 11:00:00+00:00,10305.0932592484
2025-09-07 12:00:00+00:00,10305.0932592484
2025-09-07 13:00:00+00:00,10305.0932592484
2025-09-07 14:00:00+00:00,10305.0932592484
2025-09-07 15:00:00+00:00,10305.0932592484
2025-09-07 16:00:00+00:00,10305.0932592484
2025-09-07 17:00:00+00:00,10305.0932592484
2025-09-07 18:00:00+00:00,10305.0932592484
2025-09-07 19:00:00+00:00,10305.0932592484
2025-09-07 20:00:00+00:00,10305.0932592484
2025-09-07 21:00:00+00:00,10305.0932592484
2025-09-07 22:00:00+00:00,10305.0932592484
2025-09-07 23:00:00+00:00,10305.0932592484
2025-09-08 00:00:00+00:00,10305.0932592484
2025-09-08 01:00:00+00:00,10305.0932592484
2025-09-08 02:00:00+00:00,10305.0932592484
2025-09-08 03:00:00+00:00,10305.0932592484
2025-09-08 04:00:00+00:00,10305.0932592484
2025-09-08 05:00:00+00:00,10305.0932592484
2025-09-08 06:00:00+00:00,10305.0932592484
2025-09-08 07:00:00+00:00,10305.0932592484
2025-09-08 08:00:00+00:00,10305.0932592484
2025-09-08 09:00:00+00:00,10305.0932592484
2025-09-08 10:00:00+00:00,10305.0932592484
2025-09-08 11:00:00+00:00,10305.0932592484
2025-09-08 12:00:00+00:00,10305.0932592484
2025-09-08 13:00:00+00:00,10305.0932592484
2025-09-08 14:00:00+00:00,10305.0932592484
2025-09-08 15:00:00+00:00,10305.0932592484
2025-09-08 16:00:00+00:00,10305.0932592484
2025-09-08 17:00:00+00:00,10305.0932592484
2025-09-08 18:00:00+00:00,10305.0932592484
2025-09-08 19:00:00+00:00,10305.0932592484
2025-09-08 20:00:00+00:00,10305.0932592484
2025-09-08 21:00:00+00:00,10305.0932592484
2025-09-08 22:00:00+00:00,10305.0932592484
2025-09-08 23:00:00+00:00,10305.0932592484
2025-09-09 00:00:00+00:00,10305.0932592484
2025-09-09 01:00:00+00:00,10305.0932592484
2025-09-09 02:00:00+00:00,10305.0932592484
2025-09-09 03:00:00+00:00,10305.0932592484
2025-09-09 04:00:00+00:00,10305.0932592484
2025-09-09 05:00:00+00:00,10305.0932592484
2025-09-09 06:00:00+00:00,10305.0932592484
2025-09-09 07:00:00+00:00,10305.0932592484
2025-09-09 08:00:00+00:00,10305.0932592484
2025-09-09 09:00:00+00:00,10305.0932592484
2025-09-09 10:00:00+00:00,10305.0932592484
2025-09-09 11:00:00+00:00,10305.0932592484
2025-09-09 12:00:00+00:00,10305.0932592484
2025-09-09 13:00:00+00:00,10305.0932592484
2025-09-09 14:00:00+00:00,10305.0932592484
2025-09-09 15:00:00+00:00,10305.0932592484
2025-09-09 16:00:00+00:00,10305.0932592484
2025-09-09 17:00:00+00:00,10305.0932592484
2025-09-09 18:00:00+00:00,10305.0932592484
2025-09-09 19:00:00+00:00,10305.0932592484
2025-09-09 20:00:00+00:00,10305.0932592484
2025-09-09 21:00:00+00:00,10305.0932592484
2025-09-09 22:00:00+00:00,10305.0932592484
2025-09-09 23:00:00+00:00,10305.0932592484
2025-09-10 00:00:00+00:00,10305.0932592484
2025-09-10 01:00:00+00:00,10305.0932592484
2025-09-10 02:00:00+00:00,10305.0932592484
2025-09-10 03:00:00+00:00,10305.0932592484
2025-09-10 04:00:00+00:00,10305.0932592484
2025-09-10 05:00:00+00:00,10305.0932592484
2025-09-10 06:00:00+00:00,10305.0932592484
2025-09-10 07:00:00+00:00,10305.0932592484
2025-09-10 08:00:00+00:00,10305.0932592484
2025-09-10 09:00:00+00:00,10305.0932592484
2025-09-10 10:00:00+00:00,10305.0932592484
2025-09-10 11:00:00+00:00,10305.0932592484
2025-09-10 12:00:00+00:00,10305.0932592484
2025-09-10 13:00:00+00:00,10305.0932592484
2025-09-10 14:00:00+00:00,10343.003994362802
2025-09-10 15:00:00+00:00,10339.502994362801
2025-09-10 16:00:00+00:00,10333.103994362802
2025-09-10 17:00:00+00:00,10325.113782662802
2025-09-10 18:00:00+00:00,10322.404782662801
2025-09-10 19:00:00+00:00,10309.462782662802
2025-09-10 20:00:00+00:00,10307.230782662802
2025-09-10 21:00:00+00:00,10306.186782662802
2025-09-10 22:00:00+00:00,10330.414782662801
2025-09-10 23:00:00+00:00,10334.797782662801
2025-09-11 00:00:00+00:00,10340.674782662802
2025-09-11 01:00:00+00:00,10334.378833560642
2025-09-11 02:00:00+00:00,10336.079833560641
2025-09-11 03:00:00+00:00,10329.095833560643
2025-09-11 04:00:00+00:00,10381.259833560642
2025-09-11 05:00:00+00:00,10358.624833560641
2025-09-11 06:00:00+00:00,10368.722833560643
2025-09-11 07:00:00+00:00,10374.527833560644
2025-09-11 08:00:00+00:00,10352.963833560643
2025-09-11 09:00:00+00:00,10349.428243187174
2025-09-11 10:00:00+00:00,10336.099243187173
2025-09-11 11:00:00+00:00,10349.203243187174
2025-09-11 12:00:00+00:00,10345.405243187173
2025-09-11 13:00:00+00:00,10342.615243187172
2025-09-11 14:00:00+00:00,10400.899243187174
2025-09-11 15:00:00+00:00,10384.933243187174
2025-09-11 16:00:00+00:00,10359.931243187173
2025-09-11 17:00:00+00:00,10387.138629195013
2025-09-11 18:00:00+00:00,10396.651629195014
2025-09-11 19:00:00+00:00,10371.487629195013
2025-09-11 20:00:00+00:00,10381.927629195014
2025-09-11 21:00:00+00:00,10379.461629195015
2025-09-11 22:00:00+00:00,10386.958629195013
2025-09-11 23:00:00+00:00,10441.939629195014
2025-09-12 00:00:00+00:00,10477.012629195015
2025-09-12 01:00:00+00:00,10509.504091245914
2025-09-12 02:00:00+00:00,10467.600091245913
2025-09-12 03:00:00+00:00,10467.870091245913
2025-09-12 04:00:00+00:00,10450.392091245914
2025-09-12 05:00:00+00:00,10466.250091245915
2025-09-12 06:00:00+00:00,10488.309091245914
2025-09-12 07:00:00+00:00,10462.290091245914
2025-09-12 08:00:00+00:00,10442.355091245914
2025-09-12 09:00:00+00:00,10438.805937416233
2025-09-12 10:00:00+00:00,10438.454937416234
2025-09-12 11:00:00+00:00,10431.110937416233
2025-09-12 12:00:00+00:00,10425.224937416235
2025-09-12 13:00:00+00:00,10408.116192073143
2025-09-12 14:00:00+00:00,10408.116192073143
2025-09-12 15:00:00+00:00,10408.116192073143
2025-09-12 16:00:00+00:00,10408.116192073143
2025-09-12 17:00:00+00:00,10408.116192073143
2025-09-12 18:00:00+00:00,10408.116192073143
2025-09-12 19:00:00+00:00,10408.116192073143
2025-09-12 20:00:00+00:00,10410.999572572267
2025-09-12 21:00:00+00:00,10368.920372572267
2025-09-12 22:00:00+00:00,10344.196172572267
2025-09-12 23:00:00+00:00,10358.649772572266
2025-09-13 00:00:00+00:00,10359.139272572265
2025-09-13 01:00:00+00:00,10375.025977658172
2025-09-13 02:00:00+00:00,10334.80687765817
2025-09-13 03:00:00+00:00,10346.27897765817
2025-09-13 04:00:00+00:00,10353.532477658171
2025-09-13 05:00:00+00:00,10330.08097765817
2025-09-13 06:00:00+00:00,10330.66837765817
2025-09-13 07:00:00+00:00,10334.13937765817
2025-09-13 08:00:00+00:00,10335.901577658171
2025-09-13 09:00:00+00:00,10353.273954382626
2025-09-13 10:00:00+00:00,10358.293554382626
2025-09-13 11:00:00+00:00,10350.550554382626
2025-09-13 12:00:00+00:00,10353.238354382625
2025-09-13 13:00:00+00:00,10356.317754382626
2025-09-13 14:00:00+00:00,10334.859854382627
2025-09-13 15:00:00+00:00,10338.740254382627
2025-09-13 16:00:00+00:00,10336.185954382627
2025-09-13 17:00:00+00:00,10297.174568334325
2025-09-13 18:00:00+00:00,10317.831468334323
2025-09-13 19:00:00+00:00,10324.533168334325
2025-09-13 20:00:00+00:00,10338.541768334324
2025-09-13 21:00:00+00:00,10346.177968334325
2025-09-13 22:00:00+00:00,10347.290468334324
2025-09-13 23:00:00+00:00,10345.376968334323
2025-09-14 00:00:00+00:00,10348.447468334323
2025-09-14 01:00:00+00:00,10349.535058470177
2025-09-14 02:00:00+00:00,10351.582058470178
2025-09-14 03:00:00+00:00,10342.89565847018
2025-09-14 04:00:00+00:00,10326.537458470179
2025-09-14 05:00:00+00:00,10332.518258470178
2025-09-14 06:00:00+00:00,10342.92235847018
2025-09-14 07:00:00+00:00,10331.70835847018
2025-09-14 08:00:00+00:00,10337.217458470179
2025-09-14 09:00:00+00:00,10349.309651411557
2025-09-14 10:00:00+00:00,10358.992851411558
2025-09-14 11:00:00+00:00,10357.506551411558
2025-09-14 12:00:00+00:00,10337.081051411558
2025-09-14 13:00:00+00:00,10335.051851411557
2025-09-14 14:00:00+00:00,10295.206551411558
2025-09-14 15:00:00+00:00,10301.552251411558
2025-09-14 16:00:00+00:00,10284.766851411558
2025-09-14 17:00:00+00:00,10307.632081486387
2025-09-14 18:00:00+00:00,10314.769881486387
2025-09-14 19:00:00+00:00,10299.657681486387
2025-09-14 20:00:00+00:00,10323.180381486387
2025-09-14 21:00:00+00:00,10336.316781486388
2025-09-14 22:00:00+00:00,10361.085481486387
2025-09-14 23:00:00+00:00,10355.184781486387
2025-09-15 00:00:00+00:00,10288.701781486388
2025-09-15 01:00:00+00:00,10271.457934948088
2025-09-15 02:00:00+00:00,10285.244034948088
2025-09-15 03:00:00+00:00,10297.730734948089
2025-09-15 04:00:00+00:00,10303.871734948088
2025-09-15 05:00:00+00:00,10358.953834948088
2025-09-15 06:00:00+00:00,10400.579134948088
2025-09-15 07:00:00+00:00,10365.299534948088
2025-09-15 08:00:00+00:00,10337.860834948087
2025-09-15 09:00:00+00:00,10241.557369345592
2025-09-15 10:00:00+00:00,10225.078128724417
2025-09-15 11:00:00+00:00,10225.078128724417
2025-09-15 12:00:00+00:00,10225.078128724417
2025-09-15 13:00:00+00:00,10225.078128724417
2025-09-15 14:00:00+00:00,10225.078128724417
2025-09-15 15:00:00+00:00,10225.078128724417
2025-09-15 16:00:00+00:00,10225.078128724417
2025-09-15 17:00:00+00:00,10225.078128724417
2025-09-15 18:00:00+00:00,10225.078128724417
2025-09-15 19:00:00+00:00,10225.078128724417
2025-09-15 20:00:00+00:00,10225.078128724417
2025-09-15 21:00:00+00:00,10225.078128724417
2025-09-15 22:00:00+00:00,10225.078128724417
2025-09-15 23:00:00+00:00,10225.078128724417
2025-09-16 00:00:00+00:00,10225.078128724417
2025-09-16 01:00:00+00:00,10225.078128724417
2025-09-16 02:00:00+00:00,10225.078128724417
2025-09-16 03:00:00+00:00,10225.078128724417
2025-09-16 04:00:00+00:00,10225.078128724417
2025-09-16 05:00:00+00:00,10225.078128724417
2025-09-16 06:00:00+00:00,10225.078128724417
2025-09-16 07:00:00+00:00,10225.078128724417
2025-09-16 08:00:00+00:00,10225.078128724417
2025-09-16 09:00:00+00:00,10225.078128724417
2025-09-16 10:00:00+00:00,10225.078128724417
2025-09-16 11:00:00+00:00,10225.078128724417
2025-09-16 12:00:00+00:00,10225.078128724417
2025-09-16 13:00:00+00:00,10225.078128724417
2025-09-16 14:00:00+00:00,10225.078128724417
2025-09-16 15:00:00+00:00,10225.078128724417
2025-09-16 16:00:00+00:00,10225.078128724417
2025-09-16 17:00:00+00:00,10225.078128724417
2025-09-16 18:00:00+00:00,10225.078128724417
2025-09-16 19:00:00+00:00,10225.078128724417
2025-09-16 20:00:00+00:00,10225.078128724417
2025-09-16 21:00:00+00:00,10225.078128724417
2025-09-16 22:00:00+00:00,10225.078128724417
2025-09-16 23:00:00+00:00,10225.078128724417
2025-09-17 00:00:00+00:00,10225.078128724417
2025-09-17 01:00:00+00:00,10225.078128724417
2025-09-17 02:00:00+00:00,10225.078128724417
2025-09-17 03:00:00+00:00,10225.078128724417
2025-09-17 04:00:00+00:00,10225.078128724417
2025-09-17 05:00:00+00:00,10225.078128724417
2025-09-17 06:00:00+00:00,10225.078128724417
2025-09-17 07:00:00+00:00,10225.078128724417
2025-09-17 08:00:00+00:00,10225.078128724417
2025-09-17 09:00:00+00:00,10225.078128724417
2025-09-17 10:00:00+00:00,10225.078128724417
2025-09-17 11:00:00+00:00,10225.078128724417
2025-09-17 12:00:00+00:00,10225.078128724417
2025-09-17 13:00:00+00:00,10225.078128724417
2025-09-17 14:00:00+00:00,10225.078128724417
2025-09-17 15:00:00+00:00,10225.078128724417
2025-09-17 16:00:00+00:00,10225.078128724417
2025-09-17 17:00:00+00:00,10225.078128724417
2025-09-17 18:00:00+00:00,10225.078128724417
2025-09-17 19:00:00+00:00,10225.078128724417
2025-09-17 20:00:00+00:00,10225.078128724417
2025-09-17 21:00:00+00:00,10225.078128724417
2025-09-17 22:00:00+00:00,10225.078128724417
2025-09-17 23:00:00+00:00,10225.078128724417
2025-09-18 00:00:00+00:00,10225.078128724417
2025-09-18 01:00:00+00:00,10225.078128724417
2025-09-18 02:00:00+00:00,10225.078128724417
2025-09-18 03:00:00+00:00,10225.078128724417
2025-09-18 04:00:00+00:00,10225.078128724417
2025-09-18 05:00:00+00:00,10219.773379976234
2025-09-18 06:00:00+00:00,10193.986579976234
2025-09-18 07:00:00+00:00,10180.063379976233
2025-09-18 08:00:00+00:00,10179.212179976234
2025-09-18 09:00:00+00:00,10190.084073552298
2025-09-18 10:00:00+00:00,10194.970873552296
2025-09-18 11:00:00+00:00,10186.762873552296
2025-09-18 12:00:00+00:00,10177.004473552297
2025-09-18 13:00:00+00:00,10181.488473552297
2025-09-18 14:00:00+00:00,10204.858473552296
2025-09-18 15:00:00+00:00,10219.572073552297
2025-09-18 16:00:00+00:00,10216.167273552297
2025-09-18 17:00:00+00:00,10214.294202570281
2025-09-18 18:00:00+00:00,10215.78380257028
2025-09-18 19:00:00+00:00,10233.24860257028
2025-09-18 20:00:00+00:00,10206.11660257028
2025-09-18 21:00:00+00:00,10210.053402570282
2025-09-18 22:00:00+00:00,10193.19660257028
2025-09-18 23:00:00+00:00,10175.10860257028
2025-09-19 00:00:00+00:00,10176.788202570282
2025-09-19 01:00:00+00:00,10202.861546092356
2025-09-19 02:00:00+00:00,10189.493146092356
2025-09-19 03:00:00+00:00,10179.673946092356
2025-09-19 04:00:00+00:00,10168.988346092356
2025-09-19 05:00:00+00:00,10170.143546092357
2025-09-19 06:00:00+00:00,10163.159146092357
2025-09-19 07:00:00+00:00,10147.632346092356
2025-09-19 08:00:00+00:00,10164.116746092357
2025-09-19 09:00:00+00:00,10164.879454238358
2025-09-19 10:00:00+00:00,10132.587054238356
2025-09-19 11:00:00+00:00,10135.551054238356
2025-09-19 12:00:00+00:00,10125.397454238358
2025-09-19 13:00:00+00:00,10108.753454238358
2025-09-19 14:00:00+00:00,10117.463054238357
2025-09-19 15:00:00+00:00,10087.899054238358
2025-09-19 16:00:00+00:00,10086.166254238356
2025-09-19 17:00:00+00:00,10101.13087250914
2025-09-19 18:00:00+00:00,10060.16687250914
2025-09-19 19:00:00+00:00,10050.65167250914
2025-09-19 20:00:00+00:00,10019.37824704424
2025-09-19 21:00:00+00:00,10019.37824704424
2025-09-19 22:00:00+00:00,10019.37824704424
2025-09-19 23:00:00+00:00,10019.37824704424
2025-09-20 00:00:00+00:00,10019.37824704424
2025-09-20 01:00:00+00:00,10019.37824704424
2025-09-20 02:00:00+00:00,10019.37824704424
2025-09-20 03:00:00+00:00,10019.37824704424
2025-09-20 04:00:00+00:00,10019.37824704424
2025-09-20 05:00:00+00:00,10019.37824704424
2025-09-20 06:00:00+00:00,10019.37824704424
2025-09-20 07:00:00+00:00,10019.37824704424
2025-09-20 08:00:00+00:00,10019.37824704424
2025-09-20 09:00:00+00:00,10019.37824704424
2025-09-20 10:00:00+00:00,10019.37824704424
2025-09-20 11:00:00+00:00,10019.37824704424
2025-09-20 12:00:00+00:00,10019.37824704424
2025-09-20 13:00:00+00:00,10019.37824704424
2025-09-20 14:00:00+00:00,10019.37824704424
2025-09-20 15:00:00+00:00,10019.37824704424
2025-09-20 16:00:00+00:00,10019.37824704424
2025-09-20 17:00:00+00:00,10019.37824704424
2025-09-20 18:00:00+00:00,10019.37824704424
2025-09-20 19:00:00+00:00,10019.37824704424
2025-09-20 20:00:00+00:00,10019.37824704424
2025-09-20 21:00:00+00:00,10019.37824704424
2025-09-20 22:00:00+00:00,10019.37824704424
2025-09-20 23:00:00+00:00,10019.37824704424
2025-09-21 00:00:00+00:00,10019.37824704424
2025-09-21 01:00:00+00:00,10019.37824704424
2025-09-21 02:00:00+00:00,10019.37824704424
2025-09-21 03:00:00+00:00,10019.37824704424
2025-09-21 04:00:00+00:00,10019.37824704424
2025-09-21 05:00:00+00:00,10019.37824704424
2025-09-21 06:00:00+00:00,10019.37824704424
2025-09-21 07:00:00+00:00,10019.37824704424
2025-09-21 08:00:00+00:00,10019.37824704424
2025-09-21 09:00:00+00:00,10019.37824704424
2025-09-21 10:00:00+00:00,10019.37824704424
2025-09-21 11:00:00+00:00,10019.37824704424
2025-09-21 12:00:00+00:00,10019.37824704424
2025-09-21 13:00:00+00:00,10019.37824704424
2025-09-21 14:00:00+00:00,10019.37824704424
2025-09-21 15:00:00+00:00,10019.37824704424
2025-09-21 16:00:00+00:00,10019.37824704424
2025-09-21 17:00:00+00:00,10019.37824704424
2025-09-21 18:00:00+00:00,10019.37824704424
2025-09-21 19:00:00+00:00,10019.37824704424
2025-09-21 20:00:00+00:00,10019.37824704424
2025-09-21 21:00:00+00:00,10019.37824704424
2025-09-21 22:00:00+00:00,10019.37824704424
2025-09-21 23:00:00+00:00,10019.37824704424
2025-09-22 00:00:00+00:00,10019.37824704424
2025-09-22 01:00:00+00:00,10019.37824704424
2025-09-22 02:00:00+00:00,10019.37824704424
2025-09-22 03:00:00+00:00,10019.37824704424
2025-09-22 04:00:00+00:00,10019.37824704424
2025-09-22 05:00:00+00:00,10019.37824704424
2025-09-22 06:00:00+00:00,10019.37824704424
2025-09-22 07:00:00+00:00,10086.60733870584
2025-09-22 08:00:00+00:00,10112.514538705842
2025-09-22 09:00:00+00:00,10102.663825916121
2025-09-22 10:00:00+00:00,10127.277425916122
2025-09-22 11:00:00+00:00,10088.205425916121
2025-09-22 12:00:00+00:00,10081.03342591612
2025-09-22 13:00:00+00:00,10092.64942591612
2025-09-22 14:00:00+00:00,10057.009425916121
2025-09-22 15:00:00+00:00,10074.178225916121
2025-09-22 16:00:00+00:00,10085.028625916122
2025-09-22 17:00:00+00:00,10104.02393189025
2025-09-22 18:00:00+00:00,10122.354331890248
2025-09-22 19:00:00+00:00,10119.221531890249
2025-09-22 20:00:00+00:00,10146.73913189025
2025-09-22 21:00:00+00:00,10088.729531890249
2025-09-22 22:00:00+00:00,10071.939131890249
2025-09-22 23:00:00+00:00,10101.753531890248
2025-09-23 00:00:00+00:00,10099.940731890249
2025-09-23 01:00:00+00:00,10123.30052055468
2025-09-23 02:00:00+00:00,10143.71652055468
2025-09-23 03:00:00+00:00,10174.938920554681
2025-09-23 04:00:00+00:00,10127.98212055468
2025-09-23 05:00:00+00:00,10120.62532055468
2025-09-23 06:00:00+00:00,10076.195918403871
2025-09-23 07:00:00+00:00,10076.195918403871
2025-09-23 08:00:00+00:00,10076.195918403871
2025-09-23 09:00:00+00:00,10076.195918403871
2025-09-23 10:00:00+00:00,10076.195918403871
2025-09-23 11:00:00+00:00,10076.195918403871
2025-09-23 12:00:00+00:00,10076.195918403871
2025-09-23 13:00:00+00:00,10076.195918403871
2025-09-23 14:00:00+00:00,10076.195918403871
2025-09-23 15:00:00+00:00,10076.195918403871
2025-09-23 16:00:00+00:00,10076.195918403871
2025-09-23 17:00:00+00:00,10076.195918403871
2025-09-23 18:00:00+00:00,10076.195918403871
2025-09-23 19:00:00+00:00,10076.195918403871
2025-09-23 20:00:00+00:00,10076.195918403871
2025-09-23 21:00:00+00:00,10076.195918403871
2025-09-23 22:00:00+00:00,10076.195918403871
2025-09-23 23:00:00+00:00,10076.195918403871
2025-09-24 00:00:00+00:00,10076.195918403871
2025-09-24 01:00:00+00:00,10076.195918403871
2025-09-24 02:00:00+00:00,10076.195918403871
2025-09-24 03:00:00+00:00,10076.195918403871
2025-09-24 04:00:00+00:00,10076.195918403871
2025-09-24 05:00:00+00:00,10076.195918403871
2025-09-24 06:00:00+00:00,10076.195918403871
2025-09-24 07:00:00+00:00,10076.195918403871
2025-09-24 08:00:00+00:00,10076.195918403871
2025-09-24 09:00:00+00:00,10076.195918403871
2025-09-24 10:00:00+00:00,10076.195918403871
2025-09-24 11:00:00+00:00,10076.195918403871
2025-09-24 12:00:00+00:00,10076.195918403871
2025-09-24 13:00:00+00:00,10076.195918403871
2025-09-24 14:00:00+00:00,10076.195918403871
2025-09-24 15:00:00+00:00,10076.195918403871
2025-09-24 16:00:00+00:00,10076.195918403871
2025-09-24 17:00:00+00:00,10076.195918403871
2025-09-24 18:00:00+00:00,10076.195918403871
2025-09-24 19:00:00+00:00,10076.195918403871
2025-09-24 20:00:00+00:00,10076.195918403871
2025-09-24 21:00:00+00:00,10076.195918403871
2025-09-24 22:00:00+00:00,10076.195918403871
2025-09-24 23:00:00+00:00,10076.195918403871
2025-09-25 00:00:00+00:00,10076.195918403871
2025-09-25 01:00:00+00:00,10076.195918403871
2025-09-25 02:00:00+00:00,10076.195918403871
2025-09-25 03:00:00+00:00,10076.195918403871
2025-09-25 04:00:00+00:00,10076.195918403871
2025-09-25 05:00:00+00:00,10076.195918403871
2025-09-25 06:00:00+00:00,10076.195918403871
2025-09-25 07:00:00+00:00,10076.195918403871
2025-09-25 08:00:00+00:00,10076.195918403871
2025-09-25 09:00:00+00:00,10076.195918403871
2025-09-25 10:00:00+00:00,10076.195918403871
2025-09-25 11:00:00+00:00,10076.195918403871
2025-09-25 12:00:00+00:00,10076.195918403871
2025-09-25 13:00:00+00:00,10076.195918403871
2025-09-25 14:00:00+00:00,10076.195918403871
2025-09-25 15:00:00+00:00,10076.195918403871
2025-09-25 16:00:00+00:00,10076.195918403871
2025-09-25 17:00:00+00:00,10076.195918403871
2025-09-25 18:00:00+00:00,10076.195918403871
2025-09-25 19:00:00+00:00,10009.384453215403
2025-09-25 20:00:00+00:00,10034.979253215402
2025-09-25 21:00:00+00:00,10047.763453215402
2025-09-25 22:00:00+00:00,10032.319453215403
2025-09-25 23:00:00+00:00,10031.745253215404
2025-09-26 00:00:00+00:00,10060.455253215403
2025-09-26 01:00:00+00:00,10028.697624970951
2025-09-26 02:00:00+00:00,10014.11822497095
2025-09-26 03:00:00+00:00,10017.959424970952
2025-09-26 04:00:00+00:00,10020.876624970952
2025-09-26 05:00:00+00:00,10036.558224970951
2025-09-26 06:00:00+00:00,10042.97342497095
2025-09-26 07:00:00+00:00,10036.637424970952
2025-09-26 08:00:00+00:00,10039.376424970951
2025-09-26 09:00:00+00:00,10022.339424065192
2025-09-26 10:00:00+00:00,10022.187624065193
2025-09-26 11:00:00+00:00,10066.691424065193
2025-09-26 12:00:00+00:00,10051.201224065193
2025-09-26 13:00:00+00:00,10034.886024065192
2025-09-26 14:00:00+00:00,10015.666824065192
2025-09-26 15:00:00+00:00,10070.090424065193
2025-09-26 16:00:00+00:00,10058.256624065192
2025-09-26 17:00:00+00:00,10030.259990883751
2025-09-26 18:00:00+00:00,10001.30579088375
2025-09-26 19:00:00+00:00,10013.014190883752
2025-09-26 20:00:00+00:00,10049.578190883753
2025-09-26 21:00:00+00:00,10041.79679088375
2025-09-26 22:00:00+00:00,10030.009190883751
2025-09-26 23:00:00+00:00,10023.884390883752
2025-09-27 00:00:00+00:00,10018.386590883752
2025-09-27 01:00:00+00:00,10017.890867599652
2025-09-27 02:00:00+00:00,10031.863067599652
2025-09-27 03:00:00+00:00,10034.22586759965
2025-09-27 04:00:00+00:00,10023.976067599651
2025-09-27 05:00:00+00:00,10017.752267599652
2025-09-27 06:00:00+00:00,10018.48486759965
2025-09-27 07:00:00+00:00,10024.97926759965
2025-09-27 08:00:00+00:00,10033.810067599652
2025-09-27 09:00:00+00:00,10043.930864351101
2025-09-27 10:00:00+00:00,10040.974064351101
2025-09-27 11:00:00+00:00,10032.037664351103
2025-09-27 12:00:00+00:00,10039.931264351102
2025-09-27 13:00:00+00:00,10034.030864351102
2025-09-27 14:00:00+00:00,10039.990664351102
2025-09-27 15:00:00+00:00,10041.370064351102
2025-09-27 16:00:00+00:00,10034.987864351102
2025-09-27 17:00:00+00:00,10035.71726625299
2025-09-27 18:00:00+00:00,10036.16606625299
2025-09-27 19:00:00+00:00,10032.747266252989
2025-09-27 20:00:00+00:00,10033.66466625299
2025-09-27 21:00:00+00:00,10036.04066625299
2025-09-27 22:00:00+00:00,10030.29866625299
2025-09-27 23:00:00+00:00,10021.69886625299
2025-09-28 00:00:00+00:00,10019.936666252988
2025-09-28 01:00:00+00:00,10021.562337887917
2025-09-28 02:00:00+00:00,10038.108537887918
2025-09-28 03:00:00+00:00,10031.957337887918
2025-09-28 04:00:00+00:00,10032.056337887918
2025-09-28 05:00:00+00:00,10036.537737887918
2025-09-28 06:00:00+00:00,10038.266937887918
2025-09-28 07:00:00+00:00,10034.603937887918
2025-09-28 08:00:00+00:00,10027.357137887917
2025-09-28 09:00:00+00:00,10028.099449628462
2025-09-28 10:00:00+00:00,10027.122649628462
2025-09-28 11:00:00+00:00,10037.293249628463
2025-09-28 12:00:00+00:00,10037.524249628463
2025-09-28 13:00:00+00:00,10041.022249628462
2025-09-28 14:00:00+00:00,10020.298249628462
2025-09-28 15:00:00+00:00,10005.758449628462
2025-09-28 16:00:00+00:00,9993.297649628461
2025-09-28 17:00:00+00:00,9981.63456350586
2025-09-28 18:00:00+00:00,9982.888563505861
2025-09-28 19:00:00+00:00,9977.344563505862
2025-09-28 20:00:00+00:00,9974.43396350586
2025-09-28 21:00:00+00:00,9943.651563505862
2025-09-28 22:00:00+00:00,9941.00496350586
2025-09-28 23:00:00+00:00,9878.04062326847
2025-09-29 00:00:00+00:00,9878.04062326847
2025-09-29 01:00:00+00:00,9878.04062326847
2025-09-29 02:00:00+00:00,9878.04062326847
2025-09-29 03:00:00+00:00,9878.04062326847
2025-09-29 04:00:00+00:00,9878.04062326847
2025-09-29 05:00:00+00:00,9878.04062326847
2025-09-29 06:00:00+00:00,9878.04062326847
2025-09-29 07:00:00+00:00,9878.04062326847
2025-09-29 08:00:00+00:00,9878.04062326847
2025-09-29 09:00:00+00:00,9878.04062326847
2025-09-29 10:00:00+00:00,9878.04062326847
2025-09-29 11:00:00+00:00,9878.04062326847
2025-09-29 12:00:00+00:00,9878.04062326847
2025-09-29 13:00:00+00:00,9878.04062326847
2025-09-29 14:00:00+00:00,9878.04062326847
2025-09-29 15:00:00+00:00,9878.04062326847
2025-09-29 16:00:00+00:00,9878.04062326847
2025-09-29 17:00:00+00:00,9878.04062326847
2025-09-29 18:00:00+00:00,9878.04062326847
2025-09-29 19:00:00+00:00,9878.04062326847
2025-09-29 20:00:00+00:00,9878.04062326847
2025-09-29 21:00:00+00:00,9867.94379611662
2025-09-29 22:00:00+00:00,9861.975396116619
2025-09-29 23:00:00+00:00,9862.40539611662
2025-09-30 00:00:00+00:00,9873.68859611662
2025-09-30 01:00:00+00:00,9891.405587734202
2025-09-30 02:00:00+00:00,9890.476787734202
2025-09-30 03:00:00+00:00,9886.219787734202
2025-09-30 04:00:00+00:00,9878.995787734202
2025-09-30 05:00:00+00:00,9854.545987734202
2025-09-30 06:00:00+00:00,9839.040187734201
2025-09-30 07:00:00+00:00,9837.603987734201
2025-09-30 08:00:00+00:00,9822.3131877342
2025-09-30 09:00:00+00:00,9799.961949471048
2025-09-30 10:00:00+00:00,9742.677349471047
2025-09-30 11:00:00+00:00,9754.149749471047
2025-09-30 12:00:00+00:00,9765.088949471046
2025-09-30 13:00:00+00:00,9760.470749471047
2025-09-30 14:00:00+00:00,9793.898949471048
2025-09-30 15:00:00+00:00,9811.167749471048
2025-09-30 16:00:00+00:00,9769.535149471047
2025-09-30 17:00:00+00:00,9747.199113238952
2025-09-30 18:00:00+00:00,9781.616313238952
2025-09-30 19:00:00+00:00,9821.10751323895
2025-09-30 20:00:00+00:00,9877.102113238952
2025-09-30 21:00:00+00:00,9899.522313238951
2025-09-30 22:00:00+00:00,9859.807513238951
2025-09-30 23:00:00+00:00,9840.491913238951
2025-10-01 00:00:00+00:00,9849.556313238952
2025-10-01 01:00:00+00:00,9865.765221642843
2025-10-01 02:00:00+00:00,9892.468221642843
2025-10-01 03:00:00+00:00,9869.024621642842
2025-10-01 04:00:00+00:00,9861.878021642842
2025-10-01 05:00:00+00:00,9869.781421642843
2025-10-01 06:00:00+00:00,9894.171021642842
2025-10-01 07:00:00+00:00,9868.491421642842
2025-10-01 08:00:00+00:00,9891.539421642843
2025-10-01 09:00:00+00:00,10027.053267934827
2025-10-01 10:00:00+00:00,10053.876667934826
2025-10-01 11:00:00+00:00,10041.939867934827
2025-10-01 12:00:00+00:00,10085.215067934827
2025-10-01 13:00:00+00:00,10053.988467934827
2025-10-01 14:00:00+00:00,10087.425267934826
2025-10-01 15:00:00+00:00,10128.946067934827
2025-10-01 16:00:00+00:00,10139.360667934827
2025-10-01 17:00:00+00:00,10194.29407343263
2025-10-01 18:00:00+00:00,10194.29407343263
2025-10-01 19:00:00+00:00,10194.29407343263
2025-10-01 20:00:00+00:00,10194.29407343263
2025-10-01 21:00:00+00:00,10194.29407343263
2025-10-01 22:00:00+00:00,10194.29407343263
2025-10-01 23:00:00+00:00,10194.29407343263
2025-10-02 00:00:00+00:00,10194.29407343263
2025-10-02 01:00:00+00:00,10173.61834042319
2025-10-02 02:00:00+00:00,10187.86994042319
2025-10-02 03:00:00+00:00,10197.34994042319
2025-10-02 04:00:00+00:00,10197.31834042319
2025-10-02 05:00:00+00:00,10190.98254042319
2025-10-02 06:00:00+00:00,10168.30164042319
2025-10-02 07:00:00+00:00,10189.655340423189
2025-10-02 08:00:00+00:00,10177.33924042319
2025-10-02 09:00:00+00:00,10191.51623203319
2025-10-02 10:00:00+00:00,10205.57033203319
2025-10-02 11:00:00+00:00,10186.76833203319
2025-10-02 12:00:00+00:00,10197.88363203319
2025-10-02 13:00:00+00:00,10248.767532033191
2025-10-02 14:00:00+00:00,10264.528032033191
2025-10-02 15:00:00+00:00,10201.99163203319
2025-10-02 16:00:00+00:00,10289.45253203319
2025-10-02 17:00:00+00:00,10274.241897250544
2025-10-02 18:00:00+00:00,10288.074797250543
2025-10-02 19:00:00+00:00,10334.882297250544
2025-10-02 20:00:00+00:00,10360.659997250543
2025-10-02 21:00:00+00:00,10345.721097250544
2025-10-02 22:00:00+00:00,10306.726697250542
2025-10-02 23:00:00+00:00,10314.911097250544
2025-10-03 00:00:00+00:00,10336.438597250544
2025-10-03 01:00:00+00:00,10305.142038317343
2025-10-03 02:00:00+00:00,10284.246538317342
2025-10-03 03:00:00+00:00,10306.785238317341
2025-10-03 04:00:00+00:00,10312.117738317342
2025-10-03 05:00:00+00:00,10297.486938317343
2025-10-03 06:00:00+00:00,10289.136638317343
2025-10-03 07:00:00+00:00,10288.196538317343
2025-10-03 08:00:00+00:00,10267.459038317342
2025-10-03 09:00:00+00:00,10297.07913952734
2025-10-03 10:00:00+00:00,10316.892339527341
2025-10-03 11:00:00+00:00,10327.557339527342
2025-10-03 12:00:00+00:00,10320.79493952734
2025-10-03 13:00:00+00:00,10321.861439527342
2025-10-03 14:00:00+00:00,10322.201139527342
2025-10-03 15:00:00+00:00,10364.576739527341
2025-10-03 16:00:00+00:00,10473.367639527341
2025-10-03 17:00:00+00:00,10553.122232723188
2025-10-03 18:00:00+00:00,10510.996487882989
2025-10-03 19:00:00+00:00,10543.90348788299
2025-10-03 20:00:00+00:00,10551.16248788299
2025-10-03 21:00:00+00:00,10536.665487882989
2025-10-03 22:00:00+00:00,10525.675487882989
2025-10-03 23:00:00+00:00,10538.450487882988
2025-10-04 00:00:00+00:00,10521.300487882989
2025-10-04 01:00:00+00:00,10513.004209682987
2025-10-04 02:00:00+00:00,10494.979209682988
2025-10-04 03:00:00+00:00,10494.475209682989
2025-10-04 04:00:00+00:00,10521.460209682988
2025-10-04 05:00:00+00:00,10539.072209682989
2025-10-04 06:00:00+00:00,10541.29820968299
2025-10-04 07:00:00+00:00,10534.879209682987
2025-10-04 08:00:00+00:00,10526.64720968299
2025-10-04 09:00:00+00:00,10522.634309882988
2025-10-04 10:00:00+00:00,10518.560309882989
2025-10-04 11:00:00+00:00,10512.050309882989
2025-10-04 12:00:00+00:00,10501.522309882988
2025-10-04 13:00:00+00:00,10503.650309882987
2025-10-04 14:00:00+00:00,10530.285309882987
2025-10-04 15:00:00+00:00,10502.908309882987
2025-10-04 16:00:00+00:00,10488.936309882989
2025-10-04 17:00:00+00:00,10482.88694993867
2025-10-04 18:00:00+00:00,10484.951949938668
2025-10-04 19:00:00+00:00,10473.429949938669
2025-10-04 20:00:00+00:00,10500.421949938669
2025-10-04 21:00:00+00:00,10494.38794993867
2025-10-04 22:00:00+00:00,10515.884949938669
2025-10-04 23:00:00+00:00,10522.254949938668
2025-10-05 00:00:00+00:00,10530.115949938669
2025-10-05 01:00:00+00:00,10513.22633314315
2025-10-05 02:00:00+00:00,10528.23433314315
2025-10-05 03:00:00+00:00,10646.205333143149
2025-10-05 04:00:00+00:00,10626.85033314315
2025-10-05 05:00:00+00:00,10727.076333143148
2025-10-05 06:00:00+00:00,10722.561333143149
2025-10-05 07:00:00+00:00,10713.790333143148
2025-10-05 08:00:00+00:00,10693.819333143148
2025-10-05 09:00:00+00:00,10685.141485643147
2025-10-05 10:00:00+00:00,10574.338485643148
2025-10-05 11:00:00+00:00,10573.141485643147
2025-10-05 12:00:00+00:00,10603.402485643148
2025-10-05 13:00:00+00:00,10576.984485643148
2025-10-05 14:00:00+00:00,10582.878485643148
2025-10-05 15:00:00+00:00,10573.316485643149
2025-10-05 16:00:00+00:00,10557.188485643148
2025-10-05 17:00:00+00:00,10588.363507674168
2025-10-05 18:00:00+00:00,10574.629507674166
2025-10-05 19:00:00+00:00,10571.101507674168
2025-10-05 20:00:00+00:00,10542.184507674167
2025-10-05 21:00:00+00:00,10549.051507674167
2025-10-05 22:00:00+00:00,10551.417507674169
2025-10-05 23:00:00+00:00,10586.851507674168
2025-10-06 00:00:00+00:00,10603.525507674167
2025-10-06 01:00:00+00:00,10593.699656924487
2025-10-06 02:00:00+00:00,10641.649656924486
2025-10-06 03:00:00+00:00,10647.676656924486
2025-10-06 04:00:00+00:00,10628.496656924486
2025-10-06 05:00:00+00:00,10610.667656924486
2025-10-06 06:00:00+00:00,10609.554656924487
2025-10-06 07:00:00+00:00,10635.993656924487
2025-10-06 08:00:00+00:00,10596.254656924488
2025-10-06 09:00:00+00:00,10628.155539267047
2025-10-06 10:00:00+00:00,10636.219539267046
2025-10-06 11:00:00+00:00,10636.555539267047
2025-10-06 12:00:00+00:00,10653.439539267047
2025-10-06 13:00:00+00:00,10676.826539267047
2025-10-06 14:00:00+00:00,10709.901539267046
2025-10-06 15:00:00+00:00,10675.468539267045
2025-10-06 16:00:00+00:00,10708.389539267046
2025-10-06 17:00:00+00:00,10740.891546362507
2025-10-06 18:00:00+00:00,10728.109546362508
2025-10-06 19:00:00+00:00,10780.665546362507
2025-10-06 20:00:00+00:00,10736.656546362508
2025-10-06 21:00:00+00:00,10723.545546362508
2025-10-06 22:00:00+00:00,10674.222054035963
2025-10-06 23:00:00+00:00,10674.222054035963
2025-10-07 00:00:00+00:00,10674.222054035963
2025-10-07 01:00:00+00:00,10674.222054035963
2025-10-07 02:00:00+00:00,10674.222054035963
2025-10-07 03:00:00+00:00,10674.222054035963
2025-10-07 04:00:00+00:00,10674.222054035963
2025-10-07 05:00:00+00:00,10674.222054035963
2025-10-07 06:00:00+00:00,10674.222054035963
2025-10-07 07:00:00+00:00,10674.222054035963
2025-10-07 08:00:00+00:00,10674.222054035963
2025-10-07 09:00:00+00:00,10674.222054035963
2025-10-07 10:00:00+00:00,10674.222054035963
2025-10-07 11:00:00+00:00,10674.222054035963
2025-10-07 12:00:00+00:00,10674.222054035963
2025-10-07 13:00:00+00:00,10674.222054035963
2025-10-07 14:00:00+00:00,10674.222054035963
2025-10-07 15:00:00+00:00,10674.222054035963
2025-10-07 16:00:00+00:00,10674.222054035963
2025-10-07 17:00:00+00:00,10674.222054035963
2025-10-07 18:00:00+00:00,10674.222054035963
2025-10-07 19:00:00+00:00,10674.222054035963
2025-10-07 20:00:00+00:00,10674.222054035963
2025-10-07 21:00:00+00:00,10674.222054035963
2025-10-07 22:00:00+00:00,10674.222054035963
2025-10-07 23:00:00+00:00,10674.222054035963
2025-10-08 00:00:00+00:00,10674.222054035963
2025-10-08 01:00:00+00:00,10674.222054035963
2025-10-08 02:00:00+00:00,10674.222054035963
2025-10-08 03:00:00+00:00,10674.222054035963
2025-10-08 04:00:00+00:00,10674.222054035963
2025-10-08 05:00:00+00:00,10674.222054035963
2025-10-08 06:00:00+00:00,10674.222054035963
2025-10-08 07:00:00+00:00,10674.222054035963
2025-10-08 08:00:00+00:00,10674.222054035963
2025-10-08 09:00:00+00:00,10674.222054035963
2025-10-08 10:00:00+00:00,10674.222054035963
2025-10-08 11:00:00+00:00,10674.222054035963
2025-10-08 12:00:00+00:00,10674.222054035963
2025-10-08 13:00:00+00:00,10674.222054035963
2025-10-08 14:00:00+00:00,10674.222054035963
2025-10-08 15:00:00+00:00,10674.222054035963
2025-10-08 16:00:00+00:00,10674.222054035963
2025-10-08 17:00:00+00:00,10674.222054035963
2025-10-08 18:00:00+00:00,10674.222054035963
2025-10-08 19:00:00+00:00,10674.222054035963
2025-10-08 20:00:00+00:00,10674.222054035963
2025-10-08 21:00:00+00:00,10674.222054035963
2025-10-08 22:00:00+00:00,10674.222054035963
2025-10-08 23:00:00+00:00,10674.222054035963
2025-10-09 00:00:00+00:00,10674.222054035963
2025-10-09 01:00:00+00:00,10674.222054035963
2025-10-09 02:00:00+00:00,10674.222054035963
2025-10-09 03:00:00+00:00,10674.222054035963
2025-10-09 04:00:00+00:00,10674.222054035963
2025-10-09 05:00:00+00:00,10674.222054035963
2025-10-09 06:00:00+00:00,10674.222054035963
2025-10-09 07:00:00+00:00,10674.222054035963
2025-10-09 08:00:00+00:00,10674.222054035963
2025-10-09 09:00:00+00:00,10674.222054035963
2025-10-09 10:00:00+00:00,10674.222054035963
2025-10-09 11:00:00+00:00,10674.222054035963
2025-10-09 12:00:00+00:00,10674.222054035963
2025-10-09 13:00:00+00:00,10674.222054035963
2025-10-09 14:00:00+00:00,10674.222054035963
2025-10-09 15:00:00+00:00,10674.222054035963
2025-10-09 16:00:00+00:00,10674.222054035963
2025-10-09 17:00:00+00:00,10674.222054035963
2025-10-09 18:00:00+00:00,10674.222054035963
2025-10-09 19:00:00+00:00,10674.222054035963
2025-10-09 20:00:00+00:00,10674.222054035963
2025-10-09 21:00:00+00:00,10674.222054035963
2025-10-09 22:00:00+00:00,10674.222054035963
2025-10-09 23:00:00+00:00,10674.222054035963
2025-10-10 00:00:00+00:00,10674.222054035963
2025-10-10 01:00:00+00:00,10674.222054035963
2025-10-10 02:00:00+00:00,10674.222054035963
2025-10-10 03:00:00+00:00,10674.222054035963
2025-10-10 04:00:00+00:00,10674.222054035963
2025-10-10 05:00:00+00:00,10674.222054035963
2025-10-10 06:00:00+00:00,10674.222054035963
2025-10-10 07:00:00+00:00,10674.222054035963
2025-10-10 08:00:00+00:00,10674.222054035963
2025-10-10 09:00:00+00:00,10674.222054035963
2025-10-10 10:00:00+00:00,10674.222054035963
2025-10-10 11:00:00+00:00,10674.222054035963
2025-10-10 12:00:00+00:00,10674.222054035963
2025-10-10 13:00:00+00:00,10674.222054035963
2025-10-10 14:00:00+00:00,10674.222054035963
2025-10-10 15:00:00+00:00,10674.222054035963
2025-10-10 16:00:00+00:00,10674.222054035963
2025-10-10 17:00:00+00:00,10674.222054035963
2025-10-10 18:00:00+00:00,10674.222054035963
2025-10-10 19:00:00+00:00,10674.222054035963
2025-10-10 20:00:00+00:00,10674.222054035963
2025-10-10 21:00:00+00:00,10807.754079954251
2025-10-10 22:00:00+00:00,11065.899386715664
2025-10-10 23:00:00+00:00,11065.899386715664
2025-10-11 00:00:00+00:00,11065.899386715664
2025-10-11 01:00:00+00:00,11065.899386715664
2025-10-11 02:00:00+00:00,11065.899386715664
2025-10-11 03:00:00+00:00,11065.899386715664
2025-10-11 04:00:00+00:00,11065.899386715664
2025-10-11 05:00:00+00:00,11065.899386715664
2025-10-11 06:00:00+00:00,11065.899386715664
2025-10-11 07:00:00+00:00,11065.899386715664
2025-10-11 08:00:00+00:00,11065.899386715664
2025-10-11 09:00:00+00:00,11065.899386715664
2025-10-11 10:00:00+00:00,11065.899386715664
2025-10-11 11:00:00+00:00,11065.899386715664
2025-10-11 12:00:00+00:00,11065.899386715664
2025-10-11 13:00:00+00:00,11065.899386715664
2025-10-11 14:00:00+00:00,11065.899386715664
2025-10-11 15:00:00+00:00,11065.899386715664
2025-10-11 16:00:00+00:00,11065.899386715664
2025-10-11 17:00:00+00:00,11065.899386715664
2025-10-11 18:00:00+00:00,11065.899386715664
2025-10-11 19:00:00+00:00,11065.899386715664
2025-10-11 20:00:00+00:00,11065.899386715664
2025-10-11 21:00:00+00:00,11065.899386715664
2025-10-11 22:00:00+00:00,11065.899386715664
2025-10-11 23:00:00+00:00,11065.899386715664
2025-10-12 00:00:00+00:00,11065.899386715664
2025-10-12 01:00:00+00:00,11065.899386715664
2025-10-12 02:00:00+00:00,11065.899386715664
2025-10-12 03:00:00+00:00,11065.899386715664
2025-10-12 04:00:00+00:00,11065.899386715664
2025-10-12 05:00:00+00:00,11065.899386715664
2025-10-12 06:00:00+00:00,11065.899386715664
2025-10-12 07:00:00+00:00,11065.899386715664
2025-10-12 08:00:00+00:00,11065.899386715664
2025-10-12 09:00:00+00:00,11065.899386715664
2025-10-12 10:00:00+00:00,11065.899386715664
2025-10-12 11:00:00+00:00,11065.899386715664
2025-10-12 12:00:00+00:00,11065.899386715664
2025-10-12 13:00:00+00:00,11065.899386715664
2025-10-12 14:00:00+00:00,11065.899386715664
2025-10-12 15:00:00+00:00,11065.899386715664
2025-10-12 16:00:00+00:00,11065.899386715664
2025-10-12 17:00:00+00:00,11065.899386715664
2025-10-12 18:00:00+00:00,11065.899386715664
2025-10-12 19:00:00+00:00,11065.899386715664
2025-10-12 20:00:00+00:00,11065.899386715664
2025-10-12 21:00:00+00:00,11065.899386715664
2025-10-12 22:00:00+00:00,11065.899386715664
2025-10-12 23:00:00+00:00,11065.899386715664
2025-10-13 00:00:00+00:00,11065.899386715664
2025-10-13 01:00:00+00:00,11065.899386715664
2025-10-13 02:00:00+00:00,11065.899386715664
2025-10-13 03:00:00+00:00,11065.899386715664
2025-10-13 04:00:00+00:00,11065.899386715664
2025-10-13 05:00:00+00:00,11065.899386715664
2025-10-13 06:00:00+00:00,11065.899386715664
2025-10-13 07:00:00+00:00,11065.899386715664
2025-10-13 08:00:00+00:00,11065.899386715664
2025-10-13 09:00:00+00:00,11065.899386715664
2025-10-13 10:00:00+00:00,11065.899386715664
2025-10-13 11:00:00+00:00,11065.899386715664
2025-10-13 12:00:00+00:00,11065.899386715664
2025-10-13 13:00:00+00:00,11065.899386715664
2025-10-13 14:00:00+00:00,11065.899386715664
2025-10-13 15:00:00+00:00,11065.899386715664
2025-10-13 16:00:00+00:00,11065.899386715664
2025-10-13 17:00:00+00:00,11065.899386715664
2025-10-13 18:00:00+00:00,11065.899386715664
2025-10-13 19:00:00+00:00,11065.899386715664
2025-10-13 20:00:00+00:00,11065.899386715664
2025-10-13 21:00:00+00:00,11065.899386715664
2025-10-13 22:00:00+00:00,11065.899386715664
2025-10-13 23:00:00+00:00,11065.899386715664
2025-10-14 00:00:00+00:00,11065.899386715664
2025-10-14 01:00:00+00:00,11065.899386715664
2025-10-14 02:00:00+00:00,11065.899386715664
2025-10-14 03:00:00+00:00,11065.899386715664
2025-10-14 04:00:00+00:00,11065.899386715664
2025-10-14 05:00:00+00:00,11065.899386715664
2025-10-14 06:00:00+00:00,11065.899386715664
2025-10-14 07:00:00+00:00,11065.899386715664
2025-10-14 08:00:00+00:00,11065.899386715664
2025-10-14 09:00:00+00:00,11065.899386715664
2025-10-14 10:00:00+00:00,11065.899386715664
2025-10-14 11:00:00+00:00,11065.899386715664
2025-10-14 12:00:00+00:00,11065.899386715664
2025-10-14 13:00:00+00:00,11065.899386715664
2025-10-14 14:00:00+00:00,11065.899386715664
2025-10-14 15:00:00+00:00,11065.899386715664
2025-10-14 16:00:00+00:00,11065.899386715664
2025-10-14 17:00:00+00:00,11065.899386715664
2025-10-14 18:00:00+00:00,11065.899386715664
2025-10-14 19:00:00+00:00,11065.899386715664
2025-10-14 20:00:00+00:00,11065.899386715664
2025-10-14 21:00:00+00:00,11065.899386715664
2025-10-14 22:00:00+00:00,11065.899386715664
2025-10-14 23:00:00+00:00,11065.899386715664
2025-10-15 00:00:00+00:00,11065.899386715664
2025-10-15 01:00:00+00:00,11065.899386715664
2025-10-15 02:00:00+00:00,11065.899386715664
2025-10-15 03:00:00+00:00,11065.899386715664
2025-10-15 04:00:00+00:00,11065.899386715664
2025-10-15 05:00:00+00:00,11065.899386715664
2025-10-15 06:00:00+00:00,11065.899386715664
2025-10-15 07:00:00+00:00,11065.899386715664
2025-10-15 08:00:00+00:00,11065.899386715664
2025-10-15 09:00:00+00:00,11065.899386715664
2025-10-15 10:00:00+00:00,11065.899386715664
2025-10-15 11:00:00+00:00,11065.899386715664
2025-10-15 12:00:00+00:00,11065.899386715664
2025-10-15 13:00:00+00:00,11065.899386715664
2025-10-15 14:00:00+00:00,11065.899386715664
2025-10-15 15:00:00+00:00,11065.899386715664
2025-10-15 16:00:00+00:00,11065.899386715664
2025-10-15 17:00:00+00:00,11065.899386715664
2025-10-15 18:00:00+00:00,11065.899386715664
2025-10-15 19:00:00+00:00,11065.899386715664
2025-10-15 20:00:00+00:00,11065.899386715664
2025-10-15 21:00:00+00:00,11065.899386715664
2025-10-15 22:00:00+00:00,11065.899386715664
2025-10-15 23:00:00+00:00,11065.899386715664
2025-10-16 00:00:00+00:00,11065.899386715664
2025-10-16 01:00:00+00:00,11065.899386715664
2025-10-16 02:00:00+00:00,11065.899386715664
2025-10-16 03:00:00+00:00,11065.899386715664
2025-10-16 04:00:00+00:00,11065.899386715664
2025-10-16 05:00:00+00:00,11065.899386715664
2025-10-16 06:00:00+00:00,11065.899386715664
2025-10-16 07:00:00+00:00,11065.899386715664
2025-10-16 08:00:00+00:00,11065.899386715664
2025-10-16 09:00:00+00:00,11065.899386715664
2025-10-16 10:00:00+00:00,11065.899386715664
2025-10-16 11:00:00+00:00,11065.899386715664
2025-10-16 12:00:00+00:00,11065.899386715664
2025-10-16 13:00:00+00:00,11065.899386715664
2025-10-16 14:00:00+00:00,11065.899386715664
2025-10-16 15:00:00+00:00,11065.899386715664
2025-10-16 16:00:00+00:00,11065.899386715664
2025-10-16 17:00:00+00:00,11065.899386715664
2025-10-16 18:00:00+00:00,11065.899386715664
2025-10-16 19:00:00+00:00,11065.899386715664
2025-10-16 20:00:00+00:00,11065.899386715664
2025-10-16 21:00:00+00:00,11065.899386715664
2025-10-16 22:00:00+00:00,11065.899386715664
2025-10-16 23:00:00+00:00,11065.899386715664
2025-10-17 00:00:00+00:00,11065.899386715664
2025-10-17 01:00:00+00:00,11065.899386715664
2025-10-17 02:00:00+00:00,11065.899386715664
2025-10-17 03:00:00+00:00,11065.899386715664
2025-10-17 04:00:00+00:00,11065.899386715664
2025-10-17 05:00:00+00:00,11065.899386715664
2025-10-17 06:00:00+00:00,11065.899386715664
2025-10-17 07:00:00+00:00,11065.899386715664
2025-10-17 08:00:00+00:00,11065.899386715664
2025-10-17 09:00:00+00:00,11065.899386715664
2025-10-17 10:00:00+00:00,11065.899386715664
2025-10-17 11:00:00+00:00,11065.899386715664
2025-10-17 12:00:00+00:00,11065.899386715664
2025-10-17 13:00:00+00:00,11065.899386715664
2025-10-17 14:00:00+00:00,11065.899386715664
2025-10-17 15:00:00+00:00,11065.899386715664
2025-10-17 16:00:00+00:00,11065.899386715664
2025-10-17 17:00:00+00:00,11065.899386715664
2025-10-17 18:00:00+00:00,11065.899386715664
2025-10-17 19:00:00+00:00,11065.899386715664
2025-10-17 20:00:00+00:00,11065.899386715664
2025-10-17 21:00:00+00:00,11065.899386715664
2025-10-17 22:00:00+00:00,11065.899386715664
2025-10-17 23:00:00+00:00,11065.899386715664
2025-10-18 00:00:00+00:00,11065.899386715664
2025-10-18 01:00:00+00:00,11065.899386715664
2025-10-18 02:00:00+00:00,11065.899386715664
2025-10-18 03:00:00+00:00,11065.899386715664
2025-10-18 04:00:00+00:00,11065.899386715664
2025-10-18 05:00:00+00:00,11065.899386715664
2025-10-18 06:00:00+00:00,11065.899386715664
2025-10-18 07:00:00+00:00,11065.899386715664
2025-10-18 08:00:00+00:00,11065.899386715664
2025-10-18 09:00:00+00:00,11065.899386715664
2025-10-18 10:00:00+00:00,11065.899386715664
2025-10-18 11:00:00+00:00,11065.899386715664
2025-10-18 12:00:00+00:00,11065.899386715664
2025-10-18 13:00:00+00:00,11065.899386715664
2025-10-18 14:00:00+00:00,11065.899386715664
2025-10-18 15:00:00+00:00,11065.899386715664
2025-10-18 16:00:00+00:00,11065.899386715664
2025-10-18 17:00:00+00:00,11065.899386715664
2025-10-18 18:00:00+00:00,11065.899386715664
2025-10-18 19:00:00+00:00,11065.899386715664
2025-10-18 20:00:00+00:00,11065.899386715664
2025-10-18 21:00:00+00:00,11065.899386715664
2025-10-18 22:00:00+00:00,11065.899386715664
2025-10-18 23:00:00+00:00,11065.899386715664
2025-10-19 00:00:00+00:00,11065.899386715664
2025-10-19 01:00:00+00:00,11065.899386715664
2025-10-19 02:00:00+00:00,11065.899386715664
2025-10-19 03:00:00+00:00,11065.899386715664
2025-10-19 04:00:00+00:00,11065.899386715664
2025-10-19 05:00:00+00:00,11065.899386715664
2025-10-19 06:00:00+00:00,11065.899386715664
2025-10-19 07:00:00+00:00,11065.899386715664
2025-10-19 08:00:00+00:00,11065.899386715664
2025-10-19 09:00:00+00:00,11065.899386715664
2025-10-19 10:00:00+00:00,11065.899386715664
2025-10-19 11:00:00+00:00,11065.899386715664
2025-10-19 12:00:00+00:00,11065.899386715664
2025-10-19 13:00:00+00:00,11065.899386715664
2025-10-19 14:00:00+00:00,11065.899386715664
2025-10-19 15:00:00+00:00,11065.899386715664
2025-10-19 16:00:00+00:00,11065.899386715664
2025-10-19 17:00:00+00:00,11065.899386715664
2025-10-19 18:00:00+00:00,11065.899386715664
2025-10-19 19:00:00+00:00,11065.899386715664
2025-10-19 20:00:00+00:00,11065.899386715664
2025-10-19 21:00:00+00:00,11065.899386715664
2025-10-19 22:00:00+00:00,11065.899386715664
2025-10-19 23:00:00+00:00,11065.899386715664
2025-10-20 00:00:00+00:00,11065.899386715664
2025-10-20 01:00:00+00:00,11065.899386715664
2025-10-20 02:00:00+00:00,11065.899386715664
2025-10-20 03:00:00+00:00,11065.899386715664
2025-10-20 04:00:00+00:00,11065.899386715664
2025-10-20 05:00:00+00:00,11065.899386715664
2025-10-20 06:00:00+00:00,11065.899386715664
2025-10-20 07:00:00+00:00,11065.899386715664
2025-10-20 08:00:00+00:00,11065.899386715664
2025-10-20 09:00:00+00:00,11065.899386715664
2025-10-20 10:00:00+00:00,11065.899386715664
2025-10-20 11:00:00+00:00,11065.899386715664
2025-10-20 12:00:00+00:00,11065.899386715664
2025-10-20 13:00:00+00:00,11065.899386715664
2025-10-20 14:00:00+00:00,11065.899386715664
2025-10-20 15:00:00+00:00,11065.899386715664
2025-10-20 16:00:00+00:00,11065.899386715664
2025-10-20 17:00:00+00:00,11065.899386715664
2025-10-20 18:00:00+00:00,11065.899386715664
2025-10-20 19:00:00+00:00,11065.899386715664
2025-10-20 20:00:00+00:00,11065.899386715664
2025-10-20 21:00:00+00:00,11065.899386715664
2025-10-20 22:00:00+00:00,11065.899386715664
2025-10-20 23:00:00+00:00,11065.899386715664
2025-10-21 00:00:00+00:00,11065.899386715664
2025-10-21 01:00:00+00:00,11065.899386715664
2025-10-21 02:00:00+00:00,11065.899386715664
2025-10-21 03:00:00+00:00,11065.899386715664
2025-10-21 04:00:00+00:00,11065.899386715664
2025-10-21 05:00:00+00:00,11065.899386715664
2025-10-21 06:00:00+00:00,11065.899386715664
2025-10-21 07:00:00+00:00,11065.899386715664
2025-10-21 08:00:00+00:00,11065.899386715664
2025-10-21 09:00:00+00:00,11065.899386715664
2025-10-21 10:00:00+00:00,11065.899386715664
2025-10-21 11:00:00+00:00,11065.899386715664
2025-10-21 12:00:00+00:00,11065.899386715664
2025-10-21 13:00:00+00:00,11065.899386715664
2025-10-21 14:00:00+00:00,11065.899386715664
2025-10-21 15:00:00+00:00,11065.899386715664
2025-10-21 16:00:00+00:00,11065.899386715664
2025-10-21 17:00:00+00:00,11065.899386715664
2025-10-21 18:00:00+00:00,11065.899386715664
2025-10-21 19:00:00+00:00,11065.899386715664
2025-10-21 20:00:00+00:00,11065.899386715664
2025-10-21 21:00:00+00:00,11065.899386715664
2025-10-21 22:00:00+00:00,11065.899386715664
2025-10-21 23:00:00+00:00,11065.899386715664
2025-10-22 00:00:00+00:00,11065.899386715664
2025-10-22 01:00:00+00:00,11065.899386715664
2025-10-22 02:00:00+00:00,11065.899386715664
2025-10-22 03:00:00+00:00,11065.899386715664
2025-10-22 04:00:00+00:00,11065.899386715664
2025-10-22 05:00:00+00:00,11065.899386715664
2025-10-22 06:00:00+00:00,11065.899386715664
2025-10-22 07:00:00+00:00,11065.899386715664
2025-10-22 08:00:00+00:00,11065.899386715664
2025-10-22 09:00:00+00:00,11065.899386715664
2025-10-22 10:00:00+00:00,11065.899386715664
2025-10-22 11:00:00+00:00,11065.899386715664
2025-10-22 12:00:00+00:00,11065.899386715664
2025-10-22 13:00:00+00:00,11065.899386715664
2025-10-22 14:00:00+00:00,11065.899386715664
2025-10-22 15:00:00+00:00,11065.899386715664
2025-10-22 16:00:00+00:00,11065.899386715664
2025-10-22 17:00:00+00:00,11065.899386715664
2025-10-22 18:00:00+00:00,11065.899386715664
2025-10-22 19:00:00+00:00,11065.899386715664
2025-10-22 20:00:00+00:00,11065.899386715664
2025-10-22 21:00:00+00:00,11065.899386715664
2025-10-22 22:00:00+00:00,11065.899386715664
2025-10-22 23:00:00+00:00,11065.899386715664
2025-10-23 00:00:00+00:00,11065.899386715664
2025-10-23 01:00:00+00:00,11065.899386715664
2025-10-23 02:00:00+00:00,11065.899386715664
2025-10-23 03:00:00+00:00,11065.899386715664
2025-10-23 04:00:00+00:00,11065.899386715664
2025-10-23 05:00:00+00:00,11065.899386715664
2025-10-23 06:00:00+00:00,11065.899386715664
2025-10-23 07:00:00+00:00,11065.899386715664
2025-10-23 08:00:00+00:00,11065.899386715664
2025-10-23 09:00:00+00:00,11065.899386715664
2025-10-23 10:00:00+00:00,11065.899386715664
2025-10-23 11:00:00+00:00,11065.899386715664
2025-10-23 12:00:00+00:00,11065.899386715664
2025-10-23 13:00:00+00:00,11065.899386715664
2025-10-23 14:00:00+00:00,11065.899386715664
2025-10-23 15:00:00+00:00,11065.899386715664
2025-10-23 16:00:00+00:00,11065.899386715664
2025-10-23 17:00:00+00:00,11065.899386715664
2025-10-23 18:00:00+00:00,11065.899386715664
2025-10-23 19:00:00+00:00,11065.899386715664
2025-10-23 20:00:00+00:00,11065.899386715664
2025-10-23 21:00:00+00:00,11065.899386715664
2025-10-23 22:00:00+00:00,11065.899386715664
2025-10-23 23:00:00+00:00,11065.899386715664
2025-10-24 00:00:00+00:00,11065.899386715664
2025-10-24 01:00:00+00:00,11065.899386715664
2025-10-24 02:00:00+00:00,11065.899386715664
2025-10-24 03:00:00+00:00,11065.899386715664
2025-10-24 04:00:00+00:00,11065.899386715664
2025-10-24 05:00:00+00:00,11065.899386715664
2025-10-24 06:00:00+00:00,11065.899386715664
2025-10-24 07:00:00+00:00,11065.899386715664
2025-10-24 08:00:00+00:00,11065.899386715664
2025-10-24 09:00:00+00:00,11065.899386715664
2025-10-24 10:00:00+00:00,11065.899386715664
2025-10-24 11:00:00+00:00,11065.899386715664
2025-10-24 12:00:00+00:00,11065.899386715664
2025-10-24 13:00:00+00:00,11065.899386715664
2025-10-24 14:00:00+00:00,11065.899386715664
2025-10-24 15:00:00+00:00,11065.899386715664
2025-10-24 16:00:00+00:00,11065.899386715664
2025-10-24 17:00:00+00:00,11065.899386715664
2025-10-24 18:00:00+00:00,11065.899386715664
2025-10-24 19:00:00+00:00,11065.899386715664
2025-10-24 20:00:00+00:00,11065.899386715664
2025-10-24 21:00:00+00:00,11065.899386715664
2025-10-24 22:00:00+00:00,11065.899386715664
2025-10-24 23:00:00+00:00,11065.899386715664
2025-10-25 00:00:00+00:00,11065.899386715664
2025-10-25 01:00:00+00:00,11065.899386715664
2025-10-25 02:00:00+00:00,11065.899386715664
2025-10-25 03:00:00+00:00,11065.899386715664
2025-10-25 04:00:00+00:00,11065.899386715664
2025-10-25 05:00:00+00:00,11065.899386715664
2025-10-25 06:00:00+00:00,11065.899386715664
2025-10-25 07:00:00+00:00,11065.899386715664
2025-10-25 08:00:00+00:00,11065.899386715664
2025-10-25 09:00:00+00:00,11065.899386715664
2025-10-25 10:00:00+00:00,11065.899386715664
2025-10-25 11:00:00+00:00,11065.899386715664
2025-10-25 12:00:00+00:00,11065.899386715664
2025-10-25 13:00:00+00:00,11065.899386715664
2025-10-25 14:00:00+00:00,11065.899386715664
2025-10-25 15:00:00+00:00,11065.899386715664
2025-10-25 16:00:00+00:00,11065.899386715664
2025-10-25 17:00:00+00:00,11065.899386715664
2025-10-25 18:00:00+00:00,11065.899386715664
2025-10-25 19:00:00+00:00,11065.899386715664
2025-10-25 20:00:00+00:00,11065.899386715664
2025-10-25 21:00:00+00:00,11065.899386715664
2025-10-25 22:00:00+00:00,11065.899386715664
2025-10-25 23:00:00+00:00,11065.899386715664
2025-10-26 00:00:00+00:00,11065.899386715664
2025-10-26 01:00:00+00:00,11065.899386715664
2025-10-26 02:00:00+00:00,11065.899386715664
2025-10-26 03:00:00+00:00,11065.899386715664
2025-10-26 04:00:00+00:00,11065.899386715664
2025-10-26 05:00:00+00:00,11065.899386715664
2025-10-26 06:00:00+00:00,11065.899386715664
2025-10-26 07:00:00+00:00,11065.899386715664
2025-10-26 08:00:00+00:00,11065.899386715664
2025-10-26 09:00:00+00:00,11065.899386715664
2025-10-26 10:00:00+00:00,11065.899386715664
2025-10-26 11:00:00+00:00,11065.899386715664
2025-10-26 12:00:00+00:00,11065.899386715664
2025-10-26 13:00:00+00:00,11065.899386715664
2025-10-26 14:00:00+00:00,11065.899386715664
2025-10-26 15:00:00+00:00,11065.899386715664
2025-10-26 16:00:00+00:00,11065.899386715664
2025-10-26 17:00:00+00:00,11065.899386715664
2025-10-26 18:00:00+00:00,11065.899386715664
2025-10-26 19:00:00+00:00,11065.899386715664
2025-10-26 20:00:00+00:00,11065.899386715664
2025-10-26 21:00:00+00:00,11065.899386715664
2025-10-26 22:00:00+00:00,11065.899386715664
2025-10-26 23:00:00+00:00,11065.899386715664
2025-10-27 00:00:00+00:00,11043.613005327303
2025-10-27 01:00:00+00:00,11062.013525067301
2025-10-27 02:00:00+00:00,11110.216725067301
2025-10-27 03:00:00+00:00,11073.866925067303
2025-10-27 04:00:00+00:00,11082.947325067302
2025-10-27 05:00:00+00:00,11110.000525067302
2025-10-27 06:00:00+00:00,11137.786925067301
2025-10-27 07:00:00+00:00,11184.570725067302
2025-10-27 08:00:00+00:00,11138.858525067302
2025-10-27 09:00:00+00:00,11087.736414507302
2025-10-27 10:00:00+00:00,11107.899414507301
2025-10-27 11:00:00+00:00,11127.366814507302
2025-10-27 12:00:00+00:00,11117.073814507303
2025-10-27 13:00:00+00:00,11090.199214507302
2025-10-27 14:00:00+00:00,11108.4352145073
2025-10-27 15:00:00+00:00,11065.251614507302
2025-10-27 16:00:00+00:00,11080.611214507302
2025-10-27 17:00:00+00:00,11129.050039129783
2025-10-27 18:00:00+00:00,11148.724239129782
2025-10-27 19:00:00+00:00,11113.991239129782
2025-10-27 20:00:00+00:00,11077.989239129782
2025-10-27 21:00:00+00:00,11031.97623912978
2025-10-27 22:00:00+00:00,11018.130039129783
2025-10-27 23:00:00+00:00,11001.285239129782
2025-10-28 00:00:00+00:00,10999.894039129782
2025-10-28 01:00:00+00:00,10985.84939104125
2025-10-28 02:00:00+00:00,11028.71339104125
2025-10-28 03:00:00+00:00,10981.78859104125
2025-10-28 04:00:00+00:00,10980.425591041248
2025-10-28 05:00:00+00:00,10985.15379104125
2025-10-28 06:00:00+00:00,10952.03759104125
2025-10-28 07:00:00+00:00,10998.868391041251
2025-10-28 08:00:00+00:00,11005.31679104125
2025-10-28 09:00:00+00:00,11027.208554993218
2025-10-28 10:00:00+00:00,11036.561554993217
2025-10-28 11:00:00+00:00,11043.470554993217
2025-10-28 12:00:00+00:00,11019.707354993217
2025-10-28 13:00:00+00:00,11030.188354993217
2025-10-28 14:00:00+00:00,11130.552154993216
2025-10-28 15:00:00+00:00,11088.430754993218
2025-10-28 16:00:00+00:00,11046.140154993218
2025-10-28 17:00:00+00:00,11113.892724378402
2025-10-28 18:00:00+00:00,11109.2491243784
2025-10-28 19:00:00+00:00,11083.342724378403
2025-10-28 20:00:00+00:00,10957.1853243784
2025-10-28 21:00:00+00:00,10841.124802847307
2025-10-28 22:00:00+00:00,10841.124802847307
2025-10-28 23:00:00+00:00,10841.124802847307
2025-10-29 00:00:00+00:00,10841.124802847307
2025-10-29 01:00:00+00:00,10841.124802847307
2025-10-29 02:00:00+00:00,10841.124802847307
2025-10-29 03:00:00+00:00,10841.124802847307
2025-10-29 04:00:00+00:00,10841.124802847307
2025-10-29 05:00:00+00:00,10841.124802847307
2025-10-29 06:00:00+00:00,10841.124802847307
2025-10-29 07:00:00+00:00,10841.124802847307
2025-10-29 08:00:00+00:00,10841.124802847307
2025-10-29 09:00:00+00:00,10841.124802847307
2025-10-29 10:00:00+00:00,10841.124802847307
2025-10-29 11:00:00+00:00,10841.124802847307
2025-10-29 12:00:00+00:00,10841.124802847307
2025-10-29 13:00:00+00:00,10841.124802847307
2025-10-29 14:00:00+00:00,10841.124802847307
2025-10-29 15:00:00+00:00,10841.124802847307
2025-10-29 16:00:00+00:00,10841.124802847307
2025-10-29 17:00:00+00:00,10841.124802847307
2025-10-29 18:00:00+00:00,10841.124802847307
2025-10-29 19:00:00+00:00,10841.124802847307
2025-10-29 20:00:00+00:00,10841.124802847307
2025-10-29 21:00:00+00:00,10841.124802847307
2025-10-29 22:00:00+00:00,10841.124802847307
2025-10-29 23:00:00+00:00,10841.124802847307
2025-10-30 00:00:00+00:00,10841.124802847307
2025-10-30 01:00:00+00:00,10841.124802847307
2025-10-30 02:00:00+00:00,10841.124802847307
2025-10-30 03:00:00+00:00,10841.124802847307
2025-10-30 04:00:00+00:00,10841.124802847307
2025-10-30 05:00:00+00:00,10841.124802847307
2025-10-30 06:00:00+00:00,10841.124802847307
2025-10-30 07:00:00+00:00,10841.124802847307
2025-10-30 08:00:00+00:00,10841.124802847307
2025-10-30 09:00:00+00:00,10841.124802847307
2025-10-30 10:00:00+00:00,10841.124802847307
2025-10-30 11:00:00+00:00,10841.124802847307
2025-10-30 12:00:00+00:00,10841.124802847307
2025-10-30 13:00:00+00:00,10841.124802847307
2025-10-30 14:00:00+00:00,10841.124802847307
2025-10-30 15:00:00+00:00,10803.3361628567
2025-10-30 16:00:00+00:00,10831.4941628567
2025-10-30 17:00:00+00:00,10809.36479446362
2025-10-30 18:00:00+00:00,10843.357194463619
2025-10-30 19:00:00+00:00,10877.292394463619
2025-10-30 20:00:00+00:00,10892.819594463619
2025-10-30 21:00:00+00:00,10843.62239446362
2025-10-30 22:00:00+00:00,10822.48439446362
2025-10-30 23:00:00+00:00,10821.91239446362
2025-10-31 00:00:00+00:00,10800.86279446362
2025-10-31 01:00:00+00:00,10748.209185739956
2025-10-31 02:00:00+00:00,10732.141185739956
2025-10-31 03:00:00+00:00,10772.129185739956
2025-10-31 04:00:00+00:00,10752.894385739955
2025-10-31 05:00:00+00:00,10707.846785739956
2025-10-31 06:00:00+00:00,10718.033585739955
2025-10-31 07:00:00+00:00,10731.158385739956
2025-10-31 08:00:00+00:00,10741.771585739956
2025-10-31 09:00:00+00:00,10710.469665739956
2025-10-31 10:00:00+00:00,10720.854065739957
2025-10-31 11:00:00+00:00,10722.580465739957
2025-10-31 12:00:00+00:00,10691.609265739957
2025-10-31 13:00:00+00:00,10731.389265739957
2025-10-31 14:00:00+00:00,10704.858865739958
2025-10-31 15:00:00+00:00,10672.119665739956
2025-10-31 16:00:00+00:00,10702.820465739956
2025-10-31 17:00:00+00:00,10773.447698259957
2025-10-31 18:00:00+00:00,10749.704498259956
2025-10-31 19:00:00+00:00,10742.096898259957
2025-10-31 20:00:00+00:00,10721.972898259955
2025-10-31 21:00:00+00:00,10740.037698259957
2025-10-31 22:00:00+00:00,10736.153298259957
2025-10-31 23:00:00+00:00,10735.482498259957
2025-11-01 00:00:00+00:00,10734.738898259957
2025-11-01 01:00:00+00:00,10728.423795699957
2025-11-01 02:00:00+00:00,10728.408195699956
2025-11-01 03:00:00+00:00,10725.288195699955
2025-11-01 04:00:00+00:00,10702.168995699956
2025-11-01 05:00:00+00:00,10699.506595699957
2025-11-01 06:00:00+00:00,10707.727795699957
2025-11-01 07:00:00+00:00,10714.565795699957
2025-11-01 08:00:00+00:00,10710.972595699955
2025-11-01 09:00:00+00:00,10702.444727259957
2025-11-01 10:00:00+00:00,10715.221127259956
2025-11-01 11:00:00+00:00,10706.651527259957
2025-11-01 12:00:00+00:00,10707.857927259956
2025-11-01 13:00:00+00:00,10714.316327259956
2025-11-01 14:00:00+00:00,10718.081127259957
2025-11-01 15:00:00+00:00,10719.100327259957
2025-11-01 16:00:00+00:00,10699.693927259957
2025-11-01 17:00:00+00:00,10691.90874508854
2025-11-01 18:00:00+00:00,10705.09594508854
2025-11-01 19:00:00+00:00,10698.08634508854
2025-11-01 20:00:00+00:00,10700.473145088541
2025-11-01 21:00:00+00:00,10694.784345088541
2025-11-01 22:00:00+00:00,10723.030745088541
2025-11-01 23:00:00+00:00,10711.133145088541
2025-11-02 00:00:00+00:00,10710.96674508854
2025-11-02 01:00:00+00:00,10717.410786775741
2025-11-02 02:00:00+00:00,10717.530386775741
2025-11-02 03:00:00+00:00,10715.117586775741
2025-11-02 04:00:00+00:00,10713.44838677574
2025-11-02 05:00:00+00:00,10681.400786775741
2025-11-02 06:00:00+00:00,10690.34998677574
2025-11-02 07:00:00+00:00,10682.17038677574
2025-11-02 08:00:00+00:00,10669.997186775741
2025-11-02 09:00:00+00:00,10672.46374364774
2025-11-02 10:00:00+00:00,10680.19094364774
2025-11-02 11:00:00+00:00,10690.96014364774
2025-11-02 12:00:00+00:00,10654.79934364774
2025-11-02 13:00:00+00:00,10678.43854364774
2025-11-02 14:00:00+00:00,10687.68414364774
2025-11-02 15:00:00+00:00,10695.083743647741
2025-11-02 16:00:00+00:00,10710.92294364774
2025-11-02 17:00:00+00:00,10711.14145962698
2025-11-02 18:00:00+00:00,10707.288259626981
2025-11-02 19:00:00+00:00,10699.95625962698
2025-11-02 20:00:00+00:00,10708.172259626981
2025-11-02 21:00:00+00:00,10712.31145962698
2025-11-02 22:00:00+00:00,10717.40745962698
2025-11-02 23:00:00+00:00,10721.91585962698
2025-11-03 00:00:00+00:00,10688.947859626982
2025-11-03 01:00:00+00:00,10730.627834535086
2025-11-03 02:00:00+00:00,10735.094634535086
2025-11-03 03:00:00+00:00,10767.464634535087
2025-11-03 04:00:00+00:00,10824.961034535087
2025-11-03 05:00:00+00:00,10827.155434535085
2025-11-03 06:00:00+00:00,10842.074234535086
2025-11-03 07:00:00+00:00,10847.487434535085
2025-11-03 08:00:00+00:00,10849.167034535085
2025-11-03 09:00:00+00:00,10842.888634288422
2025-11-03 10:00:00+00:00,10862.414634288421
2025-11-03 11:00:00+00:00,10875.269034288422
2025-11-03 12:00:00+00:00,10833.071034288421
2025-11-03 13:00:00+00:00,10834.121434288421
2025-11-03 14:00:00+00:00,10826.955834288421
2025-11-03 15:00:00+00:00,10818.557834288422
2025-11-03 16:00:00+00:00,10938.03823428842
2025-11-03 17:00:00+00:00,10890.220789540725
2025-11-03 18:00:00+00:00,10849.182389540725
2025-11-03 19:00:00+00:00,10876.601989540724
2025-11-03 20:00:00+00:00,10869.904389540725
2025-11-03 21:00:00+00:00,10891.681989540724
2025-11-03 22:00:00+00:00,10879.545189540724
2025-11-03 23:00:00+00:00,10900.745589540724
2025-11-04 00:00:00+00:00,10895.420789540725
2025-11-04 01:00:00+00:00,10901.965218340723
2025-11-04 02:00:00+00:00,10872.730818340724
2025-11-04 03:00:00+00:00,10901.486818340723
2025-11-04 04:00:00+00:00,10867.208418340724
2025-11-04 05:00:00+00:00,10887.717218340724
2025-11-04 06:00:00+00:00,11019.719218340724
2025-11-04 07:00:00+00:00,10991.738018340724
2025-11-04 08:00:00+00:00,11005.232018340725
2025-11-04 09:00:00+00:00,11027.621452609588
2025-11-04 10:00:00+00:00,11037.818652609587
2025-11-04 11:00:00+00:00,11039.654252609587
2025-11-04 12:00:00+00:00,11000.981852609588
2025-11-04 13:00:00+00:00,11033.398652609587
2025-11-04 14:00:00+00:00,11035.338252609587
2025-11-04 15:00:00+00:00,11004.741452609587
2025-11-04 16:00:00+00:00,11072.377852609587
2025-11-04 17:00:00+00:00,11121.093489272944
2025-11-04 18:00:00+00:00,11181.028689272944
2025-11-04 19:00:00+00:00,11168.418689272943
2025-11-04 20:00:00+00:00,11210.554289272943
2025-11-04 21:00:00+00:00,11248.5284016083
2025-11-04 22:00:00+00:00,11248.5284016083
2025-11-04 23:00:00+00:00,11248.5284016083
2025-11-05 00:00:00+00:00,11248.5284016083
2025-11-05 01:00:00+00:00,11248.5284016083
2025-11-05 02:00:00+00:00,11248.5284016083
2025-11-05 03:00:00+00:00,11248.5284016083
2025-11-05 04:00:00+00:00,11248.5284016083
2025-11-05 05:00:00+00:00,11248.5284016083
2025-11-05 06:00:00+00:00,11248.5284016083
2025-11-05 07:00:00+00:00,11248.5284016083
2025-11-05 08:00:00+00:00,11248.5284016083
2025-11-05 09:00:00+00:00,11248.5284016083
2025-11-05 10:00:00+00:00,11248.5284016083
2025-11-05 11:00:00+00:00,11248.5284016083
2025-11-05 12:00:00+00:00,11248.5284016083
2025-11-05 13:00:00+00:00,11248.5284016083
2025-11-05 14:00:00+00:00,11248.5284016083
2025-11-05 15:00:00+00:00,11248.5284016083
2025-11-05 16:00:00+00:00,11248.5284016083
2025-11-05 17:00:00+00:00,11248.5284016083
2025-11-05 18:00:00+00:00,11248.5284016083
2025-11-05 19:00:00+00:00,11248.5284016083
2025-11-05 20:00:00+00:00,11248.5284016083
2025-11-05 21:00:00+00:00,11248.5284016083
2025-11-05 22:00:00+00:00,11248.5284016083
2025-11-05 23:00:00+00:00,11248.5284016083
2025-11-06 00:00:00+00:00,11248.5284016083
2025-11-06 01:00:00+00:00,11248.5284016083
2025-11-06 02:00:00+00:00,11248.5284016083
2025-11-06 03:00:00+00:00,11248.5284016083
2025-11-06 04:00:00+00:00,11248.5284016083
2025-11-06 05:00:00+00:00,11248.5284016083
2025-11-06 06:00:00+00:00,11248.5284016083
2025-11-06 07:00:00+00:00,11248.5284016083
2025-11-06 08:00:00+00:00,11248.5284016083
2025-11-06 09:00:00+00:00,11248.5284016083
2025-11-06 10:00:00+00:00,11248.5284016083
2025-11-06 11:00:00+00:00,11248.5284016083
2025-11-06 12:00:00+00:00,11248.5284016083
2025-11-06 13:00:00+00:00,11248.5284016083
2025-11-06 14:00:00+00:00,11248.5284016083
2025-11-06 15:00:00+00:00,11248.5284016083
2025-11-06 16:00:00+00:00,11248.5284016083
2025-11-06 17:00:00+00:00,11248.5284016083
2025-11-06 18:00:00+00:00,11248.5284016083
2025-11-06 19:00:00+00:00,11248.5284016083
2025-11-06 20:00:00+00:00,11248.5284016083
2025-11-06 21:00:00+00:00,11248.5284016083
2025-11-06 22:00:00+00:00,11248.5284016083
2025-11-06 23:00:00+00:00,11248.5284016083
2025-11-07 00:00:00+00:00,11248.5284016083
2025-11-07 01:00:00+00:00,11248.5284016083
2025-11-07 02:00:00+00:00,11248.5284016083
2025-11-07 03:00:00+00:00,11248.5284016083
2025-11-07 04:00:00+00:00,11248.5284016083
2025-11-07 05:00:00+00:00,11248.5284016083
2025-11-07 06:00:00+00:00,11248.5284016083
2025-11-07 07:00:00+00:00,11248.5284016083
2025-11-07 08:00:00+00:00,11248.5284016083
2025-11-07 09:00:00+00:00,11248.5284016083
2025-11-07 10:00:00+00:00,11248.5284016083
2025-11-07 11:00:00+00:00,11248.5284016083
2025-11-07 12:00:00+00:00,11248.5284016083
2025-11-07 13:00:00+00:00,11248.5284016083
2025-11-07 14:00:00+00:00,11248.5284016083
2025-11-07 15:00:00+00:00,11248.5284016083
2025-11-07 16:00:00+00:00,11248.5284016083
2025-11-07 17:00:00+00:00,11248.5284016083
2025-11-07 18:00:00+00:00,11248.5284016083
2025-11-07 19:00:00+00:00,11248.5284016083
2025-11-07 20:00:00+00:00,11248.5284016083
2025-11-07 21:00:00+00:00,11248.5284016083
2025-11-07 22:00:00+00:00,11248.5284016083
2025-11-07 23:00:00+00:00,11248.5284016083
2025-11-08 00:00:00+00:00,11248.5284016083
2025-11-08 01:00:00+00:00,11248.5284016083
2025-11-08 02:00:00+00:00,11248.5284016083
2025-11-08 03:00:00+00:00,11248.5284016083
2025-11-08 04:00:00+00:00,11248.5284016083
2025-11-08 05:00:00+00:00,11248.5284016083
2025-11-08 06:00:00+00:00,11248.5284016083
2025-11-08 07:00:00+00:00,11248.5284016083
2025-11-08 08:00:00+00:00,11248.5284016083
2025-11-08 09:00:00+00:00,11248.5284016083
2025-11-08 10:00:00+00:00,11248.5284016083
2025-11-08 11:00:00+00:00,11248.5284016083
2025-11-08 12:00:00+00:00,11248.5284016083
2025-11-08 13:00:00+00:00,11248.5284016083
2025-11-08 14:00:00+00:00,11248.5284016083
2025-11-08 15:00:00+00:00,11248.5284016083
2025-11-08 16:00:00+00:00,11248.5284016083
2025-11-08 17:00:00+00:00,11248.5284016083
2025-11-08 18:00:00+00:00,11248.5284016083
2025-11-08 19:00:00+00:00,11248.5284016083
2025-11-08 20:00:00+00:00,11248.5284016083
2025-11-08 21:00:00+00:00,11248.5284016083
2025-11-08 22:00:00+00:00,11248.5284016083
2025-11-08 23:00:00+00:00,11248.5284016083
2025-11-09 00:00:00+00:00,11248.5284016083
2025-11-09 01:00:00+00:00,11248.5284016083
2025-11-09 02:00:00+00:00,11248.5284016083
2025-11-09 03:00:00+00:00,11248.5284016083
2025-11-09 04:00:00+00:00,11248.5284016083
2025-11-09 05:00:00+00:00,11248.5284016083
2025-11-09 06:00:00+00:00,11248.5284016083
2025-11-09 07:00:00+00:00,11248.5284016083
2025-11-09 08:00:00+00:00,11248.5284016083
2025-11-09 09:00:00+00:00,11248.5284016083
2025-11-09 10:00:00+00:00,11248.5284016083
2025-11-09 11:00:00+00:00,11248.5284016083
2025-11-09 12:00:00+00:00,11248.5284016083
2025-11-09 13:00:00+00:00,11248.5284016083
2025-11-09 14:00:00+00:00,11248.5284016083
2025-11-09 15:00:00+00:00,11248.5284016083
2025-11-09 16:00:00+00:00,11248.5284016083
2025-11-09 17:00:00+00:00,11248.5284016083
2025-11-09 18:00:00+00:00,11248.5284016083
2025-11-09 19:00:00+00:00,11248.5284016083
2025-11-09 20:00:00+00:00,11248.5284016083
2025-11-09 21:00:00+00:00,11248.5284016083
2025-11-09 22:00:00+00:00,11248.5284016083
2025-11-09 23:00:00+00:00,11248.5284016083
2025-11-10 00:00:00+00:00,11248.5284016083
2025-11-10 01:00:00+00:00,11248.5284016083
2025-11-10 02:00:00+00:00,11248.5284016083
2025-11-10 03:00:00+00:00,11248.5284016083
2025-11-10 04:00:00+00:00,11248.5284016083
2025-11-10 05:00:00+00:00,11248.5284016083
2025-11-10 06:00:00+00:00,11248.5284016083
2025-11-10 07:00:00+00:00,11248.5284016083
2025-11-10 08:00:00+00:00,11248.5284016083
2025-11-10 09:00:00+00:00,11248.5284016083
2025-11-10 10:00:00+00:00,11248.5284016083
2025-11-10 11:00:00+00:00,11248.5284016083
2025-11-10 12:00:00+00:00,11248.5284016083
2025-11-10 13:00:00+00:00,11248.5284016083
2025-11-10 14:00:00+00:00,11248.5284016083
2025-11-10 15:00:00+00:00,11248.5284016083
2025-11-10 16:00:00+00:00,11248.5284016083
2025-11-10 17:00:00+00:00,11248.5284016083
2025-11-10 18:00:00+00:00,11248.5284016083
2025-11-10 19:00:00+00:00,11248.5284016083
2025-11-10 20:00:00+00:00,11248.5284016083
2025-11-10 21:00:00+00:00,11248.5284016083
2025-11-10 22:00:00+00:00,11248.5284016083
2025-11-10 23:00:00+00:00,11248.5284016083
2025-11-11 00:00:00+00:00,11248.5284016083
2025-11-11 01:00:00+00:00,11248.5284016083
2025-11-11 02:00:00+00:00,11248.5284016083
2025-11-11 03:00:00+00:00,11248.5284016083
2025-11-11 04:00:00+00:00,11248.5284016083
2025-11-11 05:00:00+00:00,11248.5284016083
2025-11-11 06:00:00+00:00,11248.5284016083
2025-11-11 07:00:00+00:00,11248.5284016083
2025-11-11 08:00:00+00:00,11248.5284016083
2025-11-11 09:00:00+00:00,11248.5284016083
2025-11-11 10:00:00+00:00,11248.5284016083
2025-11-11 11:00:00+00:00,11248.5284016083
2025-11-11 12:00:00+00:00,11248.5284016083
2025-11-11 13:00:00+00:00,11248.5284016083
2025-11-11 14:00:00+00:00,11248.5284016083
2025-11-11 15:00:00+00:00,11248.5284016083
2025-11-11 16:00:00+00:00,11248.5284016083
2025-11-11 17:00:00+00:00,11248.5284016083
2025-11-11 18:00:00+00:00,11248.5284016083
2025-11-11 19:00:00+00:00,11248.5284016083
2025-11-11 20:00:00+00:00,11248.5284016083
2025-11-11 21:00:00+00:00,11248.5284016083
2025-11-11 22:00:00+00:00,11248.5284016083
2025-11-11 23:00:00+00:00,11248.5284016083
2025-11-12 00:00:00+00:00,11248.5284016083
2025-11-12 01:00:00+00:00,11248.5284016083
2025-11-12 02:00:00+00:00,11248.5284016083
2025-11-12 03:00:00+00:00,11248.5284016083
2025-11-12 04:00:00+00:00,11248.5284016083
2025-11-12 05:00:00+00:00,11248.5284016083
2025-11-12 06:00:00+00:00,11248.5284016083
2025-11-12 07:00:00+00:00,11248.5284016083
2025-11-12 08:00:00+00:00,11248.5284016083
2025-11-12 09:00:00+00:00,11248.5284016083
2025-11-12 10:00:00+00:00,11248.5284016083
2025-11-12 11:00:00+00:00,11248.5284016083
2025-11-12 12:00:00+00:00,11248.5284016083
2025-11-12 13:00:00+00:00,11248.5284016083
2025-11-12 14:00:00+00:00,11248.5284016083
2025-11-12 15:00:00+00:00,11248.5284016083
2025-11-12 16:00:00+00:00,11248.5284016083
2025-11-12 17:00:00+00:00,11248.5284016083
2025-11-12 18:00:00+00:00,11248.5284016083
2025-11-12 19:00:00+00:00,11248.5284016083
2025-11-12 20:00:00+00:00,11248.5284016083
2025-11-12 21:00:00+00:00,11248.5284016083
2025-11-12 22:00:00+00:00,11248.5284016083
2025-11-12 23:00:00+00:00,11248.5284016083
2025-11-13 00:00:00+00:00,11248.5284016083
2025-11-13 01:00:00+00:00,11248.5284016083
2025-11-13 02:00:00+00:00,11248.5284016083
2025-11-13 03:00:00+00:00,11248.5284016083
2025-11-13 04:00:00+00:00,11248.5284016083
2025-11-13 05:00:00+00:00,11248.5284016083
2025-11-13 06:00:00+00:00,11248.5284016083
2025-11-13 07:00:00+00:00,11248.5284016083
2025-11-13 08:00:00+00:00,11248.5284016083
2025-11-13 09:00:00+00:00,11248.5284016083
2025-11-13 10:00:00+00:00,11248.5284016083
2025-11-13 11:00:00+00:00,11248.5284016083
2025-11-13 12:00:00+00:00,11248.5284016083
2025-11-13 13:00:00+00:00,11248.5284016083
2025-11-13 14:00:00+00:00,11248.5284016083
2025-11-13 15:00:00+00:00,11248.5284016083
2025-11-13 16:00:00+00:00,11248.5284016083
2025-11-13 17:00:00+00:00,11248.5284016083
2025-11-13 18:00:00+00:00,11248.5284016083
2025-11-13 19:00:00+00:00,11248.5284016083
2025-11-13 20:00:00+00:00,11238.343502756084
2025-11-13 21:00:00+00:00,11265.453002756085
2025-11-13 22:00:00+00:00,11231.930502756084
2025-11-13 23:00:00+00:00,11175.936002756085
2025-11-14 00:00:00+00:00,11184.749902756084
2025-11-14 01:00:00+00:00,11223.007389735336
2025-11-14 02:00:00+00:00,11208.813989735336
2025-11-14 03:00:00+00:00,11189.490189735336
2025-11-14 04:00:00+00:00,11214.405489735336
2025-11-14 05:00:00+00:00,11284.026289735335
2025-11-14 06:00:00+00:00,11299.809689735335
2025-11-14 07:00:00+00:00,11297.742689735336
2025-11-14 08:00:00+00:00,11320.585689735337
2025-11-14 09:00:00+00:00,11308.690440589658
2025-11-14 10:00:00+00:00,11336.515440589657
2025-11-14 11:00:00+00:00,11342.048640589657
2025-11-14 12:00:00+00:00,11372.216240589658
2025-11-14 13:00:00+00:00,11415.019040589657
2025-11-14 14:00:00+00:00,11421.273040589658
2025-11-14 15:00:00+00:00,11352.971940589658
2025-11-14 16:00:00+00:00,11339.462240589657
2025-11-14 17:00:00+00:00,11328.273050725276
2025-11-14 18:00:00+00:00,11389.684150725276
2025-11-14 19:00:00+00:00,11431.548850725276
2025-11-14 20:00:00+00:00,11393.738650725276
2025-11-14 21:00:00+00:00,11467.975750725276
2025-11-14 22:00:00+00:00,11431.580650725276
2025-11-14 23:00:00+00:00,11424.992750725276
2025-11-15 00:00:00+00:00,11456.935850725276
2025-11-15 01:00:00+00:00,11426.881826261355
2025-11-15 02:00:00+00:00,11400.540826261356
2025-11-15 03:00:00+00:00,11356.259326261355
2025-11-15 04:00:00+00:00,11359.651326261355
2025-11-15 05:00:00+00:00,11376.139626261356
2025-11-15 06:00:00+00:00,11364.129826261356
2025-11-15 07:00:00+00:00,11375.286326261355
2025-11-15 08:00:00+00:00,11364.903626261355
2025-11-15 09:00:00+00:00,11387.175759551355
2025-11-15 10:00:00+00:00,11392.724859551356
2025-11-15 11:00:00+00:00,11385.416159551356
2025-11-15 12:00:00+00:00,11398.915259551355
2025-11-15 13:00:00+00:00,11393.148859551355
2025-11-15 14:00:00+00:00,11363.490059551355
2025-11-15 15:00:00+00:00,11370.056759551355
2025-11-15 16:00:00+00:00,11368.980859551355
2025-11-15 17:00:00+00:00,11375.150019005456
2025-11-15 18:00:00+00:00,11370.560219005454
2025-11-15 19:00:00+00:00,11380.545419005455
2025-11-15 20:00:00+00:00,11382.766119005455
2025-11-15 21:00:00+00:00,11420.830719005455
2025-11-15 22:00:00+00:00,11421.048019005455
2025-11-15 23:00:00+00:00,11403.452019005455
2025-11-16 00:00:00+00:00,11404.358319005454
2025-11-16 01:00:00+00:00,11417.115480113394
2025-11-16 02:00:00+00:00,11421.530380113394
2025-11-16 03:00:00+00:00,11384.928580113394
2025-11-16 04:00:00+00:00,11393.000480113395
2025-11-16 05:00:00+00:00,11393.053480113394
2025-11-16 06:00:00+00:00,11389.396480113395
2025-11-16 07:00:00+00:00,11394.018080113394
2025-11-16 08:00:00+00:00,11378.012080113394
2025-11-16 09:00:00+00:00,11377.530123553395
2025-11-16 10:00:00+00:00,11351.76838808511
2025-11-16 11:00:00+00:00,11351.76838808511
2025-11-16 12:00:00+00:00,11351.76838808511
2025-11-16 13:00:00+00:00,11351.76838808511
2025-11-16 14:00:00+00:00,11351.76838808511
2025-11-16 15:00:00+00:00,11351.76838808511
2025-11-16 16:00:00+00:00,11351.76838808511
2025-11-16 17:00:00+00:00,11351.76838808511
2025-11-16 18:00:00+00:00,11351.76838808511
2025-11-16 19:00:00+00:00,11351.76838808511
2025-11-16 20:00:00+00:00,11351.76838808511
2025-11-16 21:00:00+00:00,11351.76838808511
2025-11-16 22:00:00+00:00,11351.76838808511
2025-11-16 23:00:00+00:00,11295.71834022033
2025-11-17 00:00:00+00:00,11290.97334022033
2025-11-17 01:00:00+00:00,11216.27405863033
2025-11-17 02:00:00+00:00,11254.37275863033
2025-11-17 03:00:00+00:00,11239.07195863033
2025-11-17 04:00:00+00:00,11200.381958630329
2025-11-17 05:00:00+00:00,11229.89585863033
2025-11-17 06:00:00+00:00,11228.37745863033
2025-11-17 07:00:00+00:00,11217.52235863033
2025-11-17 08:00:00+00:00,11191.92855863033
2025-11-17 09:00:00+00:00,11193.370005700186
2025-11-17 10:00:00+00:00,11191.128905700187
2025-11-17 11:00:00+00:00,11191.158105700186
2025-11-17 12:00:00+00:00,11196.815605700187
2025-11-17 13:00:00+00:00,11214.824705700186
2025-11-17 14:00:00+00:00,11314.827405700187
2025-11-17 15:00:00+00:00,11255.208305700187
2025-11-17 16:00:00+00:00,11314.666805700186
2025-11-17 17:00:00+00:00,11289.516075613259
2025-11-17 18:00:00+00:00,11402.155075613258
2025-11-17 19:00:00+00:00,11418.20047561326
2025-11-17 20:00:00+00:00,11480.10447561326
2025-11-17 21:00:00+00:00,11463.73057561326
2025-11-17 22:00:00+00:00,11460.430975613259
2025-11-17 23:00:00+00:00,11439.450775613259
2025-11-18 00:00:00+00:00,11442.618975613259
2025-11-18 01:00:00+00:00,11446.905315153259
2025-11-18 02:00:00+00:00,11478.95231515326
2025-11-18 03:00:00+00:00,11540.53511515326
2025-11-18 04:00:00+00:00,11542.411215153259
2025-11-18 05:00:00+00:00,11598.07371515326
2025-11-18 06:00:00+00:00,11588.10921515326
2025-11-18 07:00:00+00:00,11629.71921515326
2025-11-18 08:00:00+00:00,11568.165615153259
2025-11-18 09:00:00+00:00,11516.207567313259
2025-11-18 10:00:00+00:00,11502.936167313259
2025-11-18 11:00:00+00:00,11490.190367313258
2025-11-18 12:00:00+00:00,11494.767467313259
2025-11-18 13:00:00+00:00,11481.358172197448
2025-11-18 14:00:00+00:00,11481.358172197448
2025-11-18 15:00:00+00:00,11481.358172197448
2025-11-18 16:00:00+00:00,11481.358172197448
2025-11-18 17:00:00+00:00,11481.358172197448
2025-11-18 18:00:00+00:00,11481.358172197448
2025-11-18 19:00:00+00:00,11481.358172197448
2025-11-18 20:00:00+00:00,11481.358172197448
2025-11-18 21:00:00+00:00,11481.358172197448
2025-11-18 22:00:00+00:00,11481.358172197448
2025-11-18 23:00:00+00:00,11481.358172197448
2025-11-19 00:00:00+00:00,11481.358172197448
2025-11-19 01:00:00+00:00,11481.358172197448
2025-11-19 02:00:00+00:00,11481.358172197448
2025-11-19 03:00:00+00:00,11481.358172197448
2025-11-19 04:00:00+00:00,11481.358172197448
2025-11-19 05:00:00+00:00,11481.358172197448
2025-11-19 06:00:00+00:00,11481.358172197448
2025-11-19 07:00:00+00:00,11481.358172197448
2025-11-19 08:00:00+00:00,11481.358172197448
2025-11-19 09:00:00+00:00,11481.358172197448
2025-11-19 10:00:00+00:00,11481.358172197448
2025-11-19 11:00:00+00:00,11481.358172197448
2025-11-19 12:00:00+00:00,11481.358172197448
2025-11-19 13:00:00+00:00,11481.358172197448
2025-11-19 14:00:00+00:00,11481.358172197448
2025-11-19 15:00:00+00:00,11481.358172197448
2025-11-19 16:00:00+00:00,11481.358172197448
2025-11-19 17:00:00+00:00,11481.358172197448
2025-11-19 18:00:00+00:00,11481.358172197448
2025-11-19 19:00:00+00:00,11481.358172197448
2025-11-19 20:00:00+00:00,11481.358172197448
2025-11-19 21:00:00+00:00,11481.358172197448
2025-11-19 22:00:00+00:00,11481.358172197448
2025-11-19 23:00:00+00:00,11481.358172197448
2025-11-20 00:00:00+00:00,11481.358172197448
2025-11-20 01:00:00+00:00,11481.358172197448
2025-11-20 02:00:00+00:00,11481.358172197448
2025-11-20 03:00:00+00:00,11481.358172197448
2025-11-20 04:00:00+00:00,11481.358172197448
2025-11-20 05:00:00+00:00,11481.358172197448
2025-11-20 06:00:00+00:00,11481.358172197448
2025-11-20 07:00:00+00:00,11481.358172197448
2025-11-20 08:00:00+00:00,11481.358172197448
2025-11-20 09:00:00+00:00,11481.358172197448
2025-11-20 10:00:00+00:00,11481.358172197448
2025-11-20 11:00:00+00:00,11481.358172197448
2025-11-20 12:00:00+00:00,11481.358172197448
2025-11-20 13:00:00+00:00,11481.358172197448
2025-11-20 14:00:00+00:00,11481.358172197448
2025-11-20 15:00:00+00:00,11481.358172197448
2025-11-20 16:00:00+00:00,11481.358172197448
2025-11-20 17:00:00+00:00,11481.358172197448
2025-11-20 18:00:00+00:00,11515.598232308868
2025-11-20 19:00:00+00:00,11558.541432308868
2025-11-20 20:00:00+00:00,11533.334632308868
2025-11-20 21:00:00+00:00,11559.289632308868
2025-11-20 22:00:00+00:00,11512.762032308869
2025-11-20 23:00:00+00:00,11466.431632308868
2025-11-21 00:00:00+00:00,11549.516632308869
2025-11-21 01:00:00+00:00,11512.112409793732
2025-11-21 02:00:00+00:00,11525.597409793732
2025-11-21 03:00:00+00:00,11619.615409793732
2025-11-21 04:00:00+00:00,11597.22160979373
2025-11-21 05:00:00+00:00,11583.643809793732
2025-11-21 06:00:00+00:00,11576.011009793732
2025-11-21 07:00:00+00:00,11611.211209793732
2025-11-21 08:00:00+00:00,11700.21800979373
2025-11-21 09:00:00+00:00,11723.470236653995
2025-11-21 10:00:00+00:00,11805.882436653996
2025-11-21 11:00:00+00:00,11777.787236653994
2025-11-21 12:00:00+00:00,11800.639236653995
2025-11-21 13:00:00+00:00,11744.901236653994
2025-11-21 14:00:00+00:00,11697.045436653994
2025-11-21 15:00:00+00:00,11652.551607115622
2025-11-21 16:00:00+00:00,11652.551607115622
2025-11-21 17:00:00+00:00,11652.551607115622
2025-11-21 18:00:00+00:00,11652.551607115622
2025-11-21 19:00:00+00:00,11652.551607115622
2025-11-21 20:00:00+00:00,11652.551607115622
2025-11-21 21:00:00+00:00,11652.551607115622
2025-11-21 22:00:00+00:00,11652.551607115622
2025-11-21 23:00:00+00:00,11652.551607115622
2025-11-22 00:00:00+00:00,11652.551607115622
2025-11-22 01:00:00+00:00,11652.551607115622
2025-11-22 02:00:00+00:00,11652.551607115622
2025-11-22 03:00:00+00:00,11652.551607115622
2025-11-22 04:00:00+00:00,11652.551607115622
2025-11-22 05:00:00+00:00,11652.551607115622
2025-11-22 06:00:00+00:00,11652.551607115622
2025-11-22 07:00:00+00:00,11652.551607115622
2025-11-22 08:00:00+00:00,11652.551607115622
2025-11-22 09:00:00+00:00,11652.551607115622
2025-11-22 10:00:00+00:00,11652.551607115622
2025-11-22 11:00:00+00:00,11652.551607115622
2025-11-22 12:00:00+00:00,11652.551607115622
2025-11-22 13:00:00+00:00,11652.551607115622
2025-11-22 14:00:00+00:00,11652.551607115622
2025-11-22 15:00:00+00:00,11652.551607115622
2025-11-22 16:00:00+00:00,11652.551607115622
2025-11-22 17:00:00+00:00,11652.551607115622
2025-11-22 18:00:00+00:00,11652.551607115622
2025-11-22 19:00:00+00:00,11652.551607115622
2025-11-22 20:00:00+00:00,11652.551607115622
2025-11-22 21:00:00+00:00,11652.551607115622
2025-11-22 22:00:00+00:00,11652.551607115622
2025-11-22 23:00:00+00:00,11652.551607115622
2025-11-23 00:00:00+00:00,11652.551607115622
2025-11-23 01:00:00+00:00,11652.551607115622
2025-11-23 02:00:00+00:00,11652.551607115622
2025-11-23 03:00:00+00:00,11652.551607115622
2025-11-23 04:00:00+00:00,11652.551607115622
2025-11-23 05:00:00+00:00,11652.551607115622
2025-11-23 06:00:00+00:00,11652.551607115622
2025-11-23 07:00:00+00:00,11652.551607115622
2025-11-23 08:00:00+00:00,11652.551607115622
2025-11-23 09:00:00+00:00,11652.551607115622
2025-11-23 10:00:00+00:00,11652.551607115622
2025-11-23 11:00:00+00:00,11652.551607115622
2025-11-23 12:00:00+00:00,11652.551607115622
2025-11-23 13:00:00+00:00,11652.551607115622
2025-11-23 14:00:00+00:00,11652.551607115622
2025-11-23 15:00:00+00:00,11652.551607115622
2025-11-23 16:00:00+00:00,11652.551607115622
2025-11-23 17:00:00+00:00,11652.551607115622
2025-11-23 18:00:00+00:00,11652.551607115622
2025-11-23 19:00:00+00:00,11652.551607115622
2025-11-23 20:00:00+00:00,11652.551607115622
2025-11-23 21:00:00+00:00,11652.551607115622
2025-11-23 22:00:00+00:00,11652.551607115622
2025-11-23 23:00:00+00:00,11652.551607115622
2025-11-24 00:00:00+00:00,11652.551607115622
2025-11-24 01:00:00+00:00,11652.551607115622
2025-11-24 02:00:00+00:00,11652.551607115622
2025-11-24 03:00:00+00:00,11652.551607115622
2025-11-24 04:00:00+00:00,11652.551607115622
2025-11-24 05:00:00+00:00,11652.551607115622
2025-11-24 06:00:00+00:00,11652.551607115622
2025-11-24 07:00:00+00:00,11652.551607115622
2025-11-24 08:00:00+00:00,11652.551607115622
2025-11-24 09:00:00+00:00,11652.551607115622
2025-11-24 10:00:00+00:00,11652.551607115622
2025-11-24 11:00:00+00:00,11652.551607115622
2025-11-24 12:00:00+00:00,11652.551607115622
2025-11-24 13:00:00+00:00,11652.551607115622
2025-11-24 14:00:00+00:00,11652.551607115622
2025-11-24 15:00:00+00:00,11652.551607115622
2025-11-24 16:00:00+00:00,11652.551607115622
2025-11-24 17:00:00+00:00,11652.551607115622
2025-11-24 18:00:00+00:00,11652.551607115622
2025-11-24 19:00:00+00:00,11652.551607115622
2025-11-24 20:00:00+00:00,11652.551607115622
2025-11-24 21:00:00+00:00,11652.551607115622
2025-11-24 22:00:00+00:00,11652.551607115622
2025-11-24 23:00:00+00:00,11652.551607115622
2025-11-25 00:00:00+00:00,11652.551607115622
2025-11-25 01:00:00+00:00,11652.551607115622
2025-11-25 02:00:00+00:00,11652.551607115622
2025-11-25 03:00:00+00:00,11652.551607115622
2025-11-25 04:00:00+00:00,11652.551607115622
2025-11-25 05:00:00+00:00,11652.551607115622
2025-11-25 06:00:00+00:00,11652.551607115622
2025-11-25 07:00:00+00:00,11652.551607115622
2025-11-25 08:00:00+00:00,11652.551607115622
2025-11-25 09:00:00+00:00,11652.551607115622
2025-11-25 10:00:00+00:00,11652.551607115622
2025-11-25 11:00:00+00:00,11652.551607115622
2025-11-25 12:00:00+00:00,11652.551607115622
2025-11-25 13:00:00+00:00,11652.551607115622
2025-11-25 14:00:00+00:00,11652.551607115622
2025-11-25 15:00:00+00:00,11652.551607115622
2025-11-25 16:00:00+00:00,11652.551607115622
2025-11-25 17:00:00+00:00,11652.551607115622
2025-11-25 18:00:00+00:00,11652.551607115622
2025-11-25 19:00:00+00:00,11652.551607115622
2025-11-25 20:00:00+00:00,11652.551607115622
2025-11-25 21:00:00+00:00,11652.551607115622
2025-11-25 22:00:00+00:00,11652.551607115622
2025-11-25 23:00:00+00:00,11652.551607115622
2025-11-26 00:00:00+00:00,11652.551607115622
2025-11-26 01:00:00+00:00,11652.551607115622
2025-11-26 02:00:00+00:00,11652.551607115622
2025-11-26 03:00:00+00:00,11652.551607115622
2025-11-26 04:00:00+00:00,11652.551607115622
2025-11-26 05:00:00+00:00,11652.551607115622
2025-11-26 06:00:00+00:00,11652.551607115622
2025-11-26 07:00:00+00:00,11652.551607115622
2025-11-26 08:00:00+00:00,11652.551607115622
2025-11-26 09:00:00+00:00,11652.551607115622
2025-11-26 10:00:00+00:00,11652.551607115622
2025-11-26 11:00:00+00:00,11652.551607115622
2025-11-26 12:00:00+00:00,11652.551607115622
2025-11-26 13:00:00+00:00,11652.551607115622
2025-11-26 14:00:00+00:00,11652.551607115622
2025-11-26 15:00:00+00:00,11652.551607115622
2025-11-26 16:00:00+00:00,11652.551607115622
2025-11-26 17:00:00+00:00,11652.551607115622
2025-11-26 18:00:00+00:00,11652.551607115622
2025-11-26 19:00:00+00:00,11652.551607115622
2025-11-26 20:00:00+00:00,11652.551607115622
2025-11-26 21:00:00+00:00,11652.551607115622
2025-11-26 22:00:00+00:00,11652.551607115622
2025-11-26 23:00:00+00:00,11652.551607115622
2025-11-27 00:00:00+00:00,11652.551607115622
2025-11-27 01:00:00+00:00,11652.551607115622
2025-11-27 02:00:00+00:00,11652.551607115622
2025-11-27 03:00:00+00:00,11652.551607115622
2025-11-27 04:00:00+00:00,11652.551607115622
2025-11-27 05:00:00+00:00,11652.551607115622
2025-11-27 06:00:00+00:00,11652.551607115622
2025-11-27 07:00:00+00:00,11652.551607115622
2025-11-27 08:00:00+00:00,11652.551607115622
2025-11-27 09:00:00+00:00,11652.551607115622
2025-11-27 10:00:00+00:00,11652.551607115622
2025-11-27 11:00:00+00:00,11652.551607115622
2025-11-27 12:00:00+00:00,11652.551607115622
2025-11-27 13:00:00+00:00,11652.551607115622
2025-11-27 14:00:00+00:00,11652.551607115622
2025-11-27 15:00:00+00:00,11652.551607115622
2025-11-27 16:00:00+00:00,11652.551607115622
2025-11-27 17:00:00+00:00,11652.551607115622
2025-11-27 18:00:00+00:00,11652.551607115622
2025-11-27 19:00:00+00:00,11652.551607115622
2025-11-27 20:00:00+00:00,11652.551607115622
2025-11-27 21:00:00+00:00,11652.551607115622
2025-11-27 22:00:00+00:00,11652.551607115622
2025-11-27 23:00:00+00:00,11652.551607115622
2025-11-28 00:00:00+00:00,11652.551607115622
2025-11-28 01:00:00+00:00,11652.551607115622
2025-11-28 02:00:00+00:00,11652.551607115622
2025-11-28 03:00:00+00:00,11652.551607115622
2025-11-28 04:00:00+00:00,11652.551607115622
2025-11-28 05:00:00+00:00,11652.551607115622
2025-11-28 06:00:00+00:00,11652.551607115622
2025-11-28 07:00:00+00:00,11652.551607115622
2025-11-28 08:00:00+00:00,11652.551607115622
2025-11-28 09:00:00+00:00,11652.551607115622
2025-11-28 10:00:00+00:00,11652.551607115622
2025-11-28 11:00:00+00:00,11652.551607115622
2025-11-28 12:00:00+00:00,11652.551607115622
2025-11-28 13:00:00+00:00,11652.551607115622
2025-11-28 14:00:00+00:00,11652.551607115622
2025-11-28 15:00:00+00:00,11632.371168787047
2025-11-28 16:00:00+00:00,11641.759968787046
2025-11-28 17:00:00+00:00,11505.61006788407
2025-11-28 18:00:00+00:00,11480.688467884069
2025-11-28 19:00:00+00:00,11496.74926788407
2025-11-28 20:00:00+00:00,11527.30606788407
2025-11-28 21:00:00+00:00,11531.29006788407
2025-11-28 22:00:00+00:00,11500.97326788407
2025-11-28 23:00:00+00:00,11524.17646788407
2025-11-29 00:00:00+00:00,11502.50926788407
2025-11-29 01:00:00+00:00,11501.693325810085
2025-11-29 02:00:00+00:00,11501.856525810086
2025-11-29 03:00:00+00:00,11493.427725810085
2025-11-29 04:00:00+00:00,11482.541325810085
2025-11-29 05:00:00+00:00,11503.814925810086
2025-11-29 06:00:00+00:00,11489.693325810085
2025-11-29 07:00:00+00:00,11470.570125810085
2025-11-29 08:00:00+00:00,11471.549325810085
2025-11-29 09:00:00+00:00,11478.028413229094
2025-11-29 10:00:00+00:00,11470.876413229094
2025-11-29 11:00:00+00:00,11470.118013229094
2025-11-29 12:00:00+00:00,11481.974013229094
2025-11-29 13:00:00+00:00,11476.098813229095
2025-11-29 14:00:00+00:00,11492.034813229095
2025-11-29 15:00:00+00:00,11477.030013229094
2025-11-29 16:00:00+00:00,11520.018813229093
2025-11-29 17:00:00+00:00,11513.270143741094
2025-11-29 18:00:00+00:00,11457.503743741094
2025-11-29 19:00:00+00:00,11483.586943741093
2025-11-29 20:00:00+00:00,11478.786943741094
2025-11-29 21:00:00+00:00,11509.391743741095
2025-11-29 22:00:00+00:00,11514.028543741095
2025-11-29 23:00:00+00:00,11489.759743741093
2025-11-30 00:00:00+00:00,11494.348543741095
2025-11-30 01:00:00+00:00,11502.324192904167
2025-11-30 02:00:00+00:00,11503.514592904166
2025-11-30 03:00:00+00:00,11491.917792904165
2025-11-30 04:00:00+00:00,11504.186592904167
2025-11-30 05:00:00+00:00,11497.965792904166
2025-11-30 06:00:00+00:00,11491.677792904165
2025-11-30 07:00:00+00:00,11502.266592904167
2025-11-30 08:00:00+00:00,11509.130592904166
2025-11-30 09:00:00+00:00,11528.788198483046
2025-11-30 10:00:00+00:00,11550.004198483046
2025-11-30 11:00:00+00:00,11533.866598483046
2025-11-30 12:00:00+00:00,11516.154598483046
2025-11-30 13:00:00+00:00,11557.578598483045
2025-11-30 14:00:00+00:00,11585.850598483046
2025-11-30 15:00:00+00:00,11560.199398483046
2025-11-30 16:00:00+00:00,11555.024998483046
2025-11-30 17:00:00+00:00,11591.510129786726
2025-11-30 18:00:00+00:00,11558.361329786727
2025-11-30 19:00:00+00:00,11556.076529786726
2025-11-30 20:00:00+00:00,11556.354929786725
2025-11-30 21:00:00+00:00,11541.906929786726
2025-11-30 22:00:00+00:00,11529.081329786726
2025-11-30 23:00:00+00:00,11532.902129786726
2025-12-01 00:00:00+00:00,11450.505329786727
2025-12-01 01:00:00+00:00,11419.193705780443
2025-12-01 02:00:00+00:00,11419.193705780443
2025-12-01 03:00:00+00:00,11419.193705780443
2025-12-01 04:00:00+00:00,11419.193705780443
2025-12-01 05:00:00+00:00,11419.193705780443
2025-12-01 06:00:00+00:00,11419.193705780443
2025-12-01 07:00:00+00:00,11419.193705780443
2025-12-01 08:00:00+00:00,11419.193705780443
2025-12-01 09:00:00+00:00,11419.193705780443
2025-12-01 10:00:00+00:00,11419.193705780443
2025-12-01 11:00:00+00:00,11419.193705780443
2025-12-01 12:00:00+00:00,11419.193705780443
2025-12-01 13:00:00+00:00,11419.193705780443
2025-12-01 14:00:00+00:00,11419.193705780443
2025-12-01 15:00:00+00:00,11419.193705780443
2025-12-01 16:00:00+00:00,11419.193705780443
2025-12-01 17:00:00+00:00,11421.507292133443
2025-12-01 18:00:00+00:00,11396.494792133442
2025-12-01 19:00:00+00:00,11378.803192133444
2025-12-01 20:00:00+00:00,11390.822992133442
2025-12-01 21:00:00+00:00,11357.075092133442
2025-12-01 22:00:00+00:00,11294.561092133443
2025-12-01 23:00:00+00:00,11285.032192133443
2025-12-02 00:00:00+00:00,11304.117592133443
2025-12-02 01:00:00+00:00,11288.159949938728
2025-12-02 02:00:00+00:00,11292.444849938729
2025-12-02 03:00:00+00:00,11286.14514993873
2025-12-02 04:00:00+00:00,11256.143949938729
2025-12-02 05:00:00+00:00,11256.90984993873
2025-12-02 06:00:00+00:00,11253.887649938728
2025-12-02 07:00:00+00:00,11248.712649938729
2025-12-02 08:00:00+00:00,11254.142949938729
2025-12-02 09:00:00+00:00,11290.664545400277
2025-12-02 10:00:00+00:00,11270.212945400279
2025-12-02 11:00:00+00:00,11235.202345400277
2025-12-02 12:00:00+00:00,11229.330445400277
2025-12-02 13:00:00+00:00,11236.320145400277
2025-12-02 14:00:00+00:00,11193.042568533494
2025-12-02 15:00:00+00:00,11193.042568533494
2025-12-02 16:00:00+00:00,11193.042568533494
2025-12-02 17:00:00+00:00,11193.042568533494
2025-12-02 18:00:00+00:00,11193.042568533494
2025-12-02 19:00:00+00:00,11193.042568533494
2025-12-02 20:00:00+00:00,11193.042568533494
2025-12-02 21:00:00+00:00,11193.042568533494
2025-12-02 22:00:00+00:00,11193.042568533494
2025-12-02 23:00:00+00:00,11193.042568533494
2025-12-03 00:00:00+00:00,11193.042568533494
2025-12-03 01:00:00+00:00,11193.042568533494
2025-12-03 02:00:00+00:00,11193.042568533494
2025-12-03 03:00:00+00:00,11193.042568533494
2025-12-03 04:00:00+00:00,11193.042568533494
2025-12-03 05:00:00+00:00,11193.042568533494
2025-12-03 06:00:00+00:00,11206.156892733303
2025-12-03 07:00:00+00:00,11193.036892733302
2025-12-03 08:00:00+00:00,11166.406492733302
2025-12-03 09:00:00+00:00,11151.493832368502
2025-12-03 10:00:00+00:00,11176.537032368502
2025-12-03 11:00:00+00:00,11161.676232368502
2025-12-03 12:00:00+00:00,11165.3754323685
2025-12-03 13:00:00+00:00,11160.5498323685
2025-12-03 14:00:00+00:00,11173.0490323685
2025-12-03 15:00:00+00:00,11123.2826323685
2025-12-03 16:00:00+00:00,11125.388232368501
2025-12-03 17:00:00+00:00,11117.7285297797
2025-12-03 18:00:00+00:00,11162.9829297797
2025-12-03 19:00:00+00:00,11141.5621297797
2025-12-03 20:00:00+00:00,11167.8661297797
2025-12-03 21:00:00+00:00,11163.5397297797
2025-12-03 22:00:00+00:00,11209.4149297797
2025-12-03 23:00:00+00:00,11215.3925297797
2025-12-04 00:00:00+00:00,11192.2437297797
2025-12-04 01:00:00+00:00,11169.04813543474
2025-12-04 02:00:00+00:00,11177.758535434741
2025-12-04 03:00:00+00:00,11225.50893543474
2025-12-04 04:00:00+00:00,11200.15213543474
2025-12-04 05:00:00+00:00,11188.497735434741
2025-12-04 06:00:00+00:00,11163.83213543474
2025-12-04 07:00:00+00:00,11174.756935434742
2025-12-04 08:00:00+00:00,11191.10893543474
2025-12-04 09:00:00+00:00,11181.83909834834
2025-12-04 10:00:00+00:00,11193.864698348341
2025-12-04 11:00:00+00:00,11181.199098348341
2025-12-04 12:00:00+00:00,11160.98789834834
2025-12-04 13:00:00+00:00,11164.37989834834
2025-12-04 14:00:00+00:00,11134.459898348341
2025-12-04 15:00:00+00:00,11094.71589834834
2025-12-04 16:00:00+00:00,11163.45829834834
2025-12-04 17:00:00+00:00,11128.440671215412
2025-12-04 18:00:00+00:00,11128.088671215413
2025-12-04 19:00:00+00:00,11109.458271215413
2025-12-04 20:00:00+00:00,11099.736671215413
2025-12-04 21:00:00+00:00,11131.109471215412
2025-12-04 22:00:00+00:00,11110.597471215413
2025-12-04 23:00:00+00:00,11122.392671215413
2025-12-05 00:00:00+00:00,11105.701471215412
2025-12-05 01:00:00+00:00,11119.829361235317
2025-12-05 02:00:00+00:00,11123.816561235317
2025-12-05 03:00:00+00:00,11133.666161235318
2025-12-05 04:00:00+00:00,11109.909361235317
2025-12-05 05:00:00+00:00,11102.267761235318
2025-12-05 06:00:00+00:00,11096.962161235318
2025-12-05 07:00:00+00:00,11118.274161235318
2025-12-05 08:00:00+00:00,11117.755761235318
2025-12-05 09:00:00+00:00,11108.0239383525
2025-12-05 10:00:00+00:00,11044.433538352501
2025-12-05 11:00:00+00:00,11054.270338352502
2025-12-05 12:00:00+00:00,11058.6095383525
2025-12-05 13:00:00+00:00,11051.358338352502
2025-12-05 14:00:00+00:00,11002.654338352502
2025-12-05 15:00:00+00:00,10969.46086658221
2025-12-05 16:00:00+00:00,10969.46086658221
2025-12-05 17:00:00+00:00,10969.46086658221
2025-12-05 18:00:00+00:00,10969.46086658221
2025-12-05 19:00:00+00:00,10969.46086658221
2025-12-05 20:00:00+00:00,10969.46086658221
2025-12-05 21:00:00+00:00,10969.46086658221
2025-12-05 22:00:00+00:00,10969.46086658221
2025-12-05 23:00:00+00:00,10969.46086658221
2025-12-06 00:00:00+00:00,10969.46086658221
2025-12-06 01:00:00+00:00,10969.46086658221
2025-12-06 02:00:00+00:00,10969.46086658221
2025-12-06 03:00:00+00:00,10969.46086658221
2025-12-06 04:00:00+00:00,10969.46086658221
2025-12-06 05:00:00+00:00,10969.46086658221
2025-12-06 06:00:00+00:00,10969.46086658221
2025-12-06 07:00:00+00:00,10969.46086658221
2025-12-06 08:00:00+00:00,10969.46086658221
2025-12-06 09:00:00+00:00,10969.46086658221
2025-12-06 10:00:00+00:00,10969.46086658221
2025-12-06 11:00:00+00:00,10969.46086658221
2025-12-06 12:00:00+00:00,10969.46086658221
2025-12-06 13:00:00+00:00,10969.46086658221
2025-12-06 14:00:00+00:00,10969.46086658221
2025-12-06 15:00:00+00:00,10969.46086658221
2025-12-06 16:00:00+00:00,10969.46086658221
2025-12-06 17:00:00+00:00,10969.46086658221
2025-12-06 18:00:00+00:00,10969.46086658221
2025-12-06 19:00:00+00:00,10969.46086658221
2025-12-06 20:00:00+00:00,10969.46086658221
2025-12-06 21:00:00+00:00,10969.46086658221
2025-12-06 22:00:00+00:00,10969.46086658221
2025-12-06 23:00:00+00:00,10969.46086658221
2025-12-07 00:00:00+00:00,10969.46086658221
2025-12-07 01:00:00+00:00,10969.46086658221
2025-12-07 02:00:00+00:00,10969.46086658221
2025-12-07 03:00:00+00:00,10969.46086658221
2025-12-07 04:00:00+00:00,10969.46086658221
2025-12-07 05:00:00+00:00,10969.46086658221
2025-12-07 06:00:00+00:00,10969.46086658221
2025-12-07 07:00:00+00:00,10969.46086658221
2025-12-07 08:00:00+00:00,10969.46086658221
2025-12-07 09:00:00+00:00,10969.46086658221
2025-12-07 10:00:00+00:00,10969.46086658221
2025-12-07 11:00:00+00:00,10969.46086658221
2025-12-07 12:00:00+00:00,10969.46086658221
2025-12-07 13:00:00+00:00,10969.46086658221
2025-12-07 14:00:00+00:00,10969.46086658221
2025-12-07 15:00:00+00:00,10969.46086658221
2025-12-07 16:00:00+00:00,10969.46086658221
2025-12-07 17:00:00+00:00,10969.46086658221
2025-12-07 18:00:00+00:00,10969.46086658221
2025-12-07 19:00:00+00:00,10969.46086658221
2025-12-07 20:00:00+00:00,10969.46086658221
2025-12-07 21:00:00+00:00,10969.46086658221
2025-12-07 22:00:00+00:00,10969.46086658221
2025-12-07 23:00:00+00:00,10969.46086658221
2025-12-08 00:00:00+00:00,10969.46086658221
2025-12-08 01:00:00+00:00,10969.46086658221
2025-12-08 02:00:00+00:00,10969.46086658221
2025-12-08 03:00:00+00:00,10969.46086658221
2025-12-08 04:00:00+00:00,10969.46086658221
2025-12-08 05:00:00+00:00,10969.46086658221
2025-12-08 06:00:00+00:00,10969.46086658221
2025-12-08 07:00:00+00:00,10969.46086658221
2025-12-08 08:00:00+00:00,10969.46086658221
2025-12-08 09:00:00+00:00,10969.46086658221
2025-12-08 10:00:00+00:00,10969.46086658221
2025-12-08 11:00:00+00:00,10969.46086658221
2025-12-08 12:00:00+00:00,10969.46086658221
2025-12-08 13:00:00+00:00,10969.46086658221
2025-12-08 14:00:00+00:00,10969.46086658221
2025-12-08 15:00:00+00:00,10969.46086658221
2025-12-08 16:00:00+00:00,10969.46086658221
2025-12-08 17:00:00+00:00,10969.46086658221
2025-12-08 18:00:00+00:00,10969.46086658221
2025-12-08 19:00:00+00:00,10969.46086658221
2025-12-08 20:00:00+00:00,10969.46086658221
2025-12-08 21:00:00+00:00,10969.46086658221
2025-12-08 22:00:00+00:00,10969.46086658221
2025-12-08 23:00:00+00:00,10969.46086658221
2025-12-09 00:00:00+00:00,10969.46086658221
2025-12-09 01:00:00+00:00,10969.46086658221
2025-12-09 02:00:00+00:00,10969.46086658221
2025-12-09 03:00:00+00:00,10969.46086658221
2025-12-09 04:00:00+00:00,10969.46086658221
2025-12-09 05:00:00+00:00,10969.46086658221
2025-12-09 06:00:00+00:00,10969.46086658221
2025-12-09 07:00:00+00:00,10969.46086658221
2025-12-09 08:00:00+00:00,10969.46086658221
2025-12-09 09:00:00+00:00,10969.46086658221
2025-12-09 10:00:00+00:00,10969.46086658221
2025-12-09 11:00:00+00:00,10969.46086658221
2025-12-09 12:00:00+00:00,10969.46086658221
2025-12-09 13:00:00+00:00,10969.46086658221
2025-12-09 14:00:00+00:00,10969.46086658221
2025-12-09 15:00:00+00:00,10969.46086658221
2025-12-09 16:00:00+00:00,10969.46086658221
2025-12-09 17:00:00+00:00,10969.46086658221
2025-12-09 18:00:00+00:00,10969.46086658221
2025-12-09 19:00:00+00:00,10969.46086658221
2025-12-09 20:00:00+00:00,10969.46086658221
2025-12-09 21:00:00+00:00,10969.46086658221
2025-12-09 22:00:00+00:00,10969.46086658221
2025-12-09 23:00:00+00:00,10969.46086658221
2025-12-10 00:00:00+00:00,10969.46086658221
2025-12-10 01:00:00+00:00,10969.46086658221
2025-12-10 02:00:00+00:00,10969.46086658221
2025-12-10 03:00:00+00:00,10969.46086658221
2025-12-10 04:00:00+00:00,10969.46086658221
2025-12-10 05:00:00+00:00,10969.46086658221
2025-12-10 06:00:00+00:00,10969.46086658221
2025-12-10 07:00:00+00:00,10969.46086658221
2025-12-10 08:00:00+00:00,10969.46086658221
2025-12-10 09:00:00+00:00,10969.46086658221
2025-12-10 10:00:00+00:00,10969.46086658221
2025-12-10 11:00:00+00:00,10969.46086658221
2025-12-10 12:00:00+00:00,10969.46086658221
2025-12-10 13:00:00+00:00,10969.46086658221
2025-12-10 14:00:00+00:00,10969.46086658221
2025-12-10 15:00:00+00:00,10969.46086658221
2025-12-10 16:00:00+00:00,10969.46086658221
2025-12-10 17:00:00+00:00,10969.46086658221
2025-12-10 18:00:00+00:00,10969.46086658221
2025-12-10 19:00:00+00:00,10969.46086658221
2025-12-10 20:00:00+00:00,10969.46086658221
2025-12-10 21:00:00+00:00,10969.46086658221
2025-12-10 22:00:00+00:00,10969.46086658221
2025-12-10 23:00:00+00:00,10969.46086658221
2025-12-11 00:00:00+00:00,10969.46086658221
2025-12-11 01:00:00+00:00,10969.46086658221
2025-12-11 02:00:00+00:00,10969.46086658221
2025-12-11 03:00:00+00:00,10969.46086658221
2025-12-11 04:00:00+00:00,10969.46086658221
2025-12-11 05:00:00+00:00,10969.46086658221
2025-12-11 06:00:00+00:00,10969.46086658221
2025-12-11 07:00:00+00:00,10969.46086658221
2025-12-11 08:00:00+00:00,10969.46086658221
2025-12-11 09:00:00+00:00,10969.46086658221
2025-12-11 10:00:00+00:00,10969.46086658221
2025-12-11 11:00:00+00:00,10969.46086658221
2025-12-11 12:00:00+00:00,10969.46086658221
2025-12-11 13:00:00+00:00,10969.46086658221
2025-12-11 14:00:00+00:00,10969.46086658221
2025-12-11 15:00:00+00:00,10969.46086658221
2025-12-11 16:00:00+00:00,10969.46086658221
2025-12-11 17:00:00+00:00,10969.46086658221
2025-12-11 18:00:00+00:00,10969.46086658221
2025-12-11 19:00:00+00:00,10969.46086658221
2025-12-11 20:00:00+00:00,10969.46086658221
2025-12-11 21:00:00+00:00,10969.46086658221
2025-12-11 22:00:00+00:00,10969.46086658221
2025-12-11 23:00:00+00:00,10969.46086658221
2025-12-12 00:00:00+00:00,10969.46086658221
2025-12-12 01:00:00+00:00,10969.46086658221
2025-12-12 02:00:00+00:00,10969.46086658221
2025-12-12 03:00:00+00:00,10969.46086658221
2025-12-12 04:00:00+00:00,10969.46086658221
2025-12-12 05:00:00+00:00,10969.46086658221
2025-12-12 06:00:00+00:00,10969.46086658221
2025-12-12 07:00:00+00:00,10969.46086658221
2025-12-12 08:00:00+00:00,10969.46086658221
2025-12-12 09:00:00+00:00,10969.46086658221
2025-12-12 10:00:00+00:00,10969.46086658221
2025-12-12 11:00:00+00:00,10969.46086658221
2025-12-12 12:00:00+00:00,10969.46086658221
2025-12-12 13:00:00+00:00,10969.46086658221
2025-12-12 14:00:00+00:00,10969.46086658221
2025-12-12 15:00:00+00:00,10969.46086658221
2025-12-12 16:00:00+00:00,10969.46086658221
2025-12-12 17:00:00+00:00,10969.46086658221
2025-12-12 18:00:00+00:00,10969.46086658221
2025-12-12 19:00:00+00:00,10969.46086658221
2025-12-12 20:00:00+00:00,10969.46086658221
2025-12-12 21:00:00+00:00,10969.46086658221
2025-12-12 22:00:00+00:00,10969.46086658221
2025-12-12 23:00:00+00:00,10969.46086658221
2025-12-13 00:00:00+00:00,10969.46086658221
2025-12-13 01:00:00+00:00,10969.46086658221
2025-12-13 02:00:00+00:00,10969.46086658221
2025-12-13 03:00:00+00:00,10969.46086658221
2025-12-13 04:00:00+00:00,10969.46086658221
2025-12-13 05:00:00+00:00,10969.46086658221
2025-12-13 06:00:00+00:00,10969.46086658221
2025-12-13 07:00:00+00:00,10969.46086658221
2025-12-13 08:00:00+00:00,10969.46086658221
2025-12-13 09:00:00+00:00,10969.46086658221
2025-12-13 10:00:00+00:00,10969.46086658221
2025-12-13 11:00:00+00:00,10969.46086658221
2025-12-13 12:00:00+00:00,10969.46086658221
2025-12-13 13:00:00+00:00,10969.46086658221
2025-12-13 14:00:00+00:00,10969.46086658221
2025-12-13 15:00:00+00:00,10969.46086658221
2025-12-13 16:00:00+00:00,10969.46086658221
2025-12-13 17:00:00+00:00,10969.46086658221
2025-12-13 18:00:00+00:00,10969.46086658221
2025-12-13 19:00:00+00:00,10969.46086658221
2025-12-13 20:00:00+00:00,10969.46086658221
2025-12-13 21:00:00+00:00,10969.46086658221
2025-12-13 22:00:00+00:00,10969.46086658221
2025-12-13 23:00:00+00:00,10969.46086658221
2025-12-14 00:00:00+00:00,10969.46086658221
2025-12-14 01:00:00+00:00,10969.46086658221
2025-12-14 02:00:00+00:00,10969.46086658221
2025-12-14 03:00:00+00:00,10969.46086658221
2025-12-14 04:00:00+00:00,10969.46086658221
2025-12-14 05:00:00+00:00,10969.46086658221
2025-12-14 06:00:00+00:00,10969.46086658221
2025-12-14 07:00:00+00:00,10969.46086658221
2025-12-14 08:00:00+00:00,10969.46086658221
2025-12-14 09:00:00+00:00,10969.46086658221
2025-12-14 10:00:00+00:00,10969.46086658221
2025-12-14 11:00:00+00:00,10969.46086658221
2025-12-14 12:00:00+00:00,10969.46086658221
2025-12-14 13:00:00+00:00,10969.46086658221
2025-12-14 14:00:00+00:00,10969.46086658221
2025-12-14 15:00:00+00:00,10969.46086658221
2025-12-14 16:00:00+00:00,10969.46086658221
2025-12-14 17:00:00+00:00,10969.46086658221
2025-12-14 18:00:00+00:00,10969.46086658221
2025-12-14 19:00:00+00:00,10969.46086658221
2025-12-14 20:00:00+00:00,10969.46086658221
2025-12-14 21:00:00+00:00,10969.46086658221
2025-12-14 22:00:00+00:00,10969.46086658221
2025-12-14 23:00:00+00:00,10969.46086658221
2025-12-15 00:00:00+00:00,10969.46086658221
2025-12-15 01:00:00+00:00,10969.46086658221
2025-12-15 02:00:00+00:00,10969.46086658221
2025-12-15 03:00:00+00:00,10969.46086658221
2025-12-15 04:00:00+00:00,10969.46086658221
2025-12-15 05:00:00+00:00,10969.46086658221
2025-12-15 06:00:00+00:00,10969.46086658221
2025-12-15 07:00:00+00:00,10969.46086658221
2025-12-15 08:00:00+00:00,10969.46086658221
2025-12-15 09:00:00+00:00,10969.46086658221
2025-12-15 10:00:00+00:00,10969.46086658221
2025-12-15 11:00:00+00:00,10969.46086658221
2025-12-15 12:00:00+00:00,10969.46086658221
2025-12-15 13:00:00+00:00,10969.46086658221
2025-12-15 14:00:00+00:00,10969.46086658221
2025-12-15 15:00:00+00:00,10969.46086658221
2025-12-15 16:00:00+00:00,10969.46086658221
2025-12-15 17:00:00+00:00,11015.74322775992
2025-12-15 18:00:00+00:00,11067.72612775992
2025-12-15 19:00:00+00:00,11033.82892775992
2025-12-15 20:00:00+00:00,11037.024427759921
2025-12-15 21:00:00+00:00,11065.327427759921
2025-12-15 22:00:00+00:00,11028.27622775992
2025-12-15 23:00:00+00:00,11026.68262775992
2025-12-16 00:00:00+00:00,11013.31132775992
2025-12-16 01:00:00+00:00,11061.057139287821
2025-12-16 02:00:00+00:00,11058.65013928782
2025-12-16 03:00:00+00:00,11054.37563928782
2025-12-16 04:00:00+00:00,11059.67933928782
2025-12-16 05:00:00+00:00,11062.81673928782
2025-12-16 06:00:00+00:00,11047.55303928782
2025-12-16 07:00:00+00:00,11008.194439287821
2025-12-16 08:00:00+00:00,11049.13003928782
2025-12-16 09:00:00+00:00,11026.675262958272
2025-12-16 10:00:00+00:00,11020.77396295827
2025-12-16 11:00:00+00:00,10968.94046295827
2025-12-16 12:00:00+00:00,10945.32696295827
2025-12-16 13:00:00+00:00,10949.867062958272
2025-12-16 14:00:00+00:00,11012.241562958272
2025-12-16 15:00:00+00:00,10941.957162958272
2025-12-16 16:00:00+00:00,10885.59186295827
2025-12-16 17:00:00+00:00,10918.866207328752
2025-12-16 18:00:00+00:00,10956.324107328752
2025-12-16 19:00:00+00:00,10902.075307328752
2025-12-16 20:00:00+00:00,10918.891107328753
2025-12-16 21:00:00+00:00,10919.306107328752
2025-12-16 22:00:00+00:00,10903.129407328752
2025-12-16 23:00:00+00:00,10901.054407328751
2025-12-17 00:00:00+00:00,10895.020307328752
2025-12-17 01:00:00+00:00,10922.614792280961
2025-12-17 02:00:00+00:00,10921.06269228096
2025-12-17 03:00:00+00:00,10926.482592280961
2025-12-17 04:00:00+00:00,10949.27439228096
2025-12-17 05:00:00+00:00,10987.570592280961
2025-12-17 06:00:00+00:00,10997.671692280961
2025-12-17 07:00:00+00:00,10986.01019228096
2025-12-17 08:00:00+00:00,10963.193492280961
2025-12-17 09:00:00+00:00,11017.327721126745
2025-12-17 10:00:00+00:00,11015.659421126746
2025-12-17 11:00:00+00:00,10998.976421126745
2025-12-17 12:00:00+00:00,10969.743821126745
2025-12-17 13:00:00+00:00,10966.033721126745
2025-12-17 14:00:00+00:00,10916.648721126747
2025-12-17 15:00:00+00:00,10753.221187691108
2025-12-17 16:00:00+00:00,10753.221187691108
2025-12-17 17:00:00+00:00,10753.221187691108
2025-12-17 18:00:00+00:00,10753.221187691108
2025-12-17 19:00:00+00:00,10753.221187691108
2025-12-17 20:00:00+00:00,10753.221187691108
2025-12-17 21:00:00+00:00,10753.221187691108
2025-12-17 22:00:00+00:00,10753.221187691108
2025-12-17 23:00:00+00:00,10753.221187691108
2025-12-18 00:00:00+00:00,10753.221187691108
2025-12-18 01:00:00+00:00,10753.221187691108
2025-12-18 02:00:00+00:00,10753.221187691108
2025-12-18 03:00:00+00:00,10753.221187691108
2025-12-18 04:00:00+00:00,10753.221187691108
2025-12-18 05:00:00+00:00,10753.221187691108
2025-12-18 06:00:00+00:00,10753.221187691108
2025-12-18 07:00:00+00:00,10753.221187691108
2025-12-18 08:00:00+00:00,10753.221187691108
2025-12-18 09:00:00+00:00,10753.221187691108
2025-12-18 10:00:00+00:00,10753.221187691108
2025-12-18 11:00:00+00:00,10753.221187691108
2025-12-18 12:00:00+00:00,10753.221187691108
2025-12-18 13:00:00+00:00,10753.221187691108
2025-12-18 14:00:00+00:00,10753.221187691108
2025-12-18 15:00:00+00:00,10753.221187691108
2025-12-18 16:00:00+00:00,10753.221187691108
2025-12-18 17:00:00+00:00,10753.221187691108
2025-12-18 18:00:00+00:00,10753.221187691108
2025-12-18 19:00:00+00:00,10753.221187691108
2025-12-18 20:00:00+00:00,10753.221187691108
2025-12-18 21:00:00+00:00,10743.268471415488
2025-12-18 22:00:00+00:00,10688.901071415488
2025-12-18 23:00:00+00:00,10691.052871415488
2025-12-19 00:00:00+00:00,10694.990771415489
2025-12-19 01:00:00+00:00,10689.769908191542
2025-12-19 02:00:00+00:00,10704.673508191541
2025-12-19 03:00:00+00:00,10688.291208191542
2025-12-19 04:00:00+00:00,10621.389308191541
2025-12-19 05:00:00+00:00,10610.238108191541
2025-12-19 06:00:00+00:00,10608.84950819154
2025-12-19 07:00:00+00:00,10590.288908191542
2025-12-19 08:00:00+00:00,10539.634770818711
2025-12-19 09:00:00+00:00,10539.634770818711
2025-12-19 10:00:00+00:00,10539.634770818711
2025-12-19 11:00:00+00:00,10539.634770818711
2025-12-19 12:00:00+00:00,10539.634770818711
2025-12-19 13:00:00+00:00,10539.634770818711
2025-12-19 14:00:00+00:00,10539.634770818711
2025-12-19 15:00:00+00:00,10539.634770818711
2025-12-19 16:00:00+00:00,10539.634770818711
2025-12-19 17:00:00+00:00,10539.634770818711
2025-12-19 18:00:00+00:00,10539.634770818711
2025-12-19 19:00:00+00:00,10539.634770818711
2025-12-19 20:00:00+00:00,10539.634770818711
2025-12-19 21:00:00+00:00,10539.634770818711
2025-12-19 22:00:00+00:00,10539.634770818711
2025-12-19 23:00:00+00:00,10539.634770818711
2025-12-20 00:00:00+00:00,10539.634770818711
2025-12-20 01:00:00+00:00,10539.634770818711
2025-12-20 02:00:00+00:00,10539.634770818711
2025-12-20 03:00:00+00:00,10539.634770818711
2025-12-20 04:00:00+00:00,10539.634770818711
2025-12-20 05:00:00+00:00,10539.634770818711
2025-12-20 06:00:00+00:00,10539.634770818711
2025-12-20 07:00:00+00:00,10539.634770818711
2025-12-20 08:00:00+00:00,10539.634770818711
2025-12-20 09:00:00+00:00,10539.634770818711
2025-12-20 10:00:00+00:00,10539.634770818711
2025-12-20 11:00:00+00:00,10539.634770818711
2025-12-20 12:00:00+00:00,10539.634770818711
2025-12-20 13:00:00+00:00,10539.634770818711
2025-12-20 14:00:00+00:00,10539.634770818711
2025-12-20 15:00:00+00:00,10539.634770818711
2025-12-20 16:00:00+00:00,10539.634770818711
2025-12-20 17:00:00+00:00,10539.634770818711
2025-12-20 18:00:00+00:00,10539.634770818711
2025-12-20 19:00:00+00:00,10539.634770818711
2025-12-20 20:00:00+00:00,10539.634770818711
2025-12-20 21:00:00+00:00,10539.634770818711
2025-12-20 22:00:00+00:00,10539.634770818711
2025-12-20 23:00:00+00:00,10539.634770818711
2025-12-21 00:00:00+00:00,10539.634770818711
2025-12-21 01:00:00+00:00,10539.634770818711
2025-12-21 02:00:00+00:00,10539.634770818711
2025-12-21 03:00:00+00:00,10539.634770818711
2025-12-21 04:00:00+00:00,10539.634770818711
2025-12-21 05:00:00+00:00,10539.634770818711
2025-12-21 06:00:00+00:00,10539.634770818711
2025-12-21 07:00:00+00:00,10539.634770818711
2025-12-21 08:00:00+00:00,10539.634770818711
2025-12-21 09:00:00+00:00,10539.634770818711
2025-12-21 10:00:00+00:00,10539.634770818711
2025-12-21 11:00:00+00:00,10539.634770818711
2025-12-21 12:00:00+00:00,10539.634770818711
2025-12-21 13:00:00+00:00,10539.634770818711
2025-12-21 14:00:00+00:00,10539.634770818711
2025-12-21 15:00:00+00:00,10539.634770818711
2025-12-21 16:00:00+00:00,10539.634770818711
2025-12-21 17:00:00+00:00,10539.634770818711
2025-12-21 18:00:00+00:00,10539.634770818711
2025-12-21 19:00:00+00:00,10539.634770818711
2025-12-21 20:00:00+00:00,10539.634770818711
2025-12-21 21:00:00+00:00,10539.634770818711
2025-12-21 22:00:00+00:00,10539.634770818711
2025-12-21 23:00:00+00:00,10539.634770818711
2025-12-22 00:00:00+00:00,10539.634770818711
2025-12-22 01:00:00+00:00,10539.634770818711
2025-12-22 02:00:00+00:00,10539.634770818711
2025-12-22 03:00:00+00:00,10539.634770818711
2025-12-22 04:00:00+00:00,10539.634770818711
2025-12-22 05:00:00+00:00,10539.634770818711
2025-12-22 06:00:00+00:00,10539.634770818711
2025-12-22 07:00:00+00:00,10539.634770818711
2025-12-22 08:00:00+00:00,10539.634770818711
2025-12-22 09:00:00+00:00,10539.634770818711
2025-12-22 10:00:00+00:00,10539.634770818711
2025-12-22 11:00:00+00:00,10539.634770818711
2025-12-22 12:00:00+00:00,10539.634770818711
2025-12-22 13:00:00+00:00,10539.634770818711
2025-12-22 14:00:00+00:00,10539.634770818711
2025-12-22 15:00:00+00:00,10539.634770818711
2025-12-22 16:00:00+00:00,10539.634770818711
2025-12-22 17:00:00+00:00,10539.634770818711
2025-12-22 18:00:00+00:00,10539.634770818711
2025-12-22 19:00:00+00:00,10539.634770818711
2025-12-22 20:00:00+00:00,10539.634770818711
2025-12-22 21:00:00+00:00,10539.634770818711
2025-12-22 22:00:00+00:00,10539.634770818711
2025-12-22 23:00:00+00:00,10539.634770818711
2025-12-23 00:00:00+00:00,10539.634770818711
2025-12-23 01:00:00+00:00,10539.634770818711
2025-12-23 02:00:00+00:00,10539.634770818711
2025-12-23 03:00:00+00:00,10539.634770818711
2025-12-23 04:00:00+00:00,10539.634770818711
2025-12-23 05:00:00+00:00,10539.634770818711
2025-12-23 06:00:00+00:00,10539.634770818711
2025-12-23 07:00:00+00:00,10539.634770818711
2025-12-23 08:00:00+00:00,10539.634770818711
2025-12-23 09:00:00+00:00,10539.634770818711
2025-12-23 10:00:00+00:00,10539.634770818711
2025-12-23 11:00:00+00:00,10539.634770818711
2025-12-23 12:00:00+00:00,10539.634770818711
2025-12-23 13:00:00+00:00,10539.634770818711
2025-12-23 14:00:00+00:00,10539.634770818711
2025-12-23 15:00:00+00:00,10539.634770818711
2025-12-23 16:00:00+00:00,10539.634770818711
2025-12-23 17:00:00+00:00,10539.634770818711
2025-12-23 18:00:00+00:00,10539.634770818711
2025-12-23 19:00:00+00:00,10539.634770818711
2025-12-23 20:00:00+00:00,10539.634770818711
2025-12-23 21:00:00+00:00,10539.634770818711
2025-12-23 22:00:00+00:00,10539.634770818711
2025-12-23 23:00:00+00:00,10539.634770818711
2025-12-24 00:00:00+00:00,10539.634770818711
2025-12-24 01:00:00+00:00,10539.634770818711
2025-12-24 02:00:00+00:00,10539.634770818711
2025-12-24 03:00:00+00:00,10539.634770818711
2025-12-24 04:00:00+00:00,10539.634770818711
2025-12-24 05:00:00+00:00,10539.634770818711
2025-12-24 06:00:00+00:00,10539.634770818711
2025-12-24 07:00:00+00:00,10539.634770818711
2025-12-24 08:00:00+00:00,10539.634770818711
2025-12-24 09:00:00+00:00,10539.634770818711
2025-12-24 10:00:00+00:00,10539.634770818711
2025-12-24 11:00:00+00:00,10539.634770818711
2025-12-24 12:00:00+00:00,10539.634770818711
2025-12-24 13:00:00+00:00,10539.634770818711
2025-12-24 14:00:00+00:00,10539.634770818711
2025-12-24 15:00:00+00:00,10539.634770818711
2025-12-24 16:00:00+00:00,10539.634770818711
2025-12-24 17:00:00+00:00,10539.634770818711
2025-12-24 18:00:00+00:00,10539.634770818711
2025-12-24 19:00:00+00:00,10539.634770818711
2025-12-24 20:00:00+00:00,10539.634770818711
2025-12-24 21:00:00+00:00,10539.634770818711
2025-12-24 22:00:00+00:00,10539.634770818711
2025-12-24 23:00:00+00:00,10539.634770818711
2025-12-25 00:00:00+00:00,10539.634770818711
2025-12-25 01:00:00+00:00,10539.634770818711
2025-12-25 02:00:00+00:00,10539.634770818711
2025-12-25 03:00:00+00:00,10539.634770818711
2025-12-25 04:00:00+00:00,10539.634770818711
2025-12-25 05:00:00+00:00,10539.634770818711
2025-12-25 06:00:00+00:00,10539.634770818711
2025-12-25 07:00:00+00:00,10539.634770818711
2025-12-25 08:00:00+00:00,10539.634770818711
2025-12-25 09:00:00+00:00,10539.634770818711
2025-12-25 10:00:00+00:00,10539.634770818711
2025-12-25 11:00:00+00:00,10539.634770818711
2025-12-25 12:00:00+00:00,10539.634770818711
2025-12-25 13:00:00+00:00,10539.634770818711
2025-12-25 14:00:00+00:00,10539.634770818711
2025-12-25 15:00:00+00:00,10539.634770818711
2025-12-25 16:00:00+00:00,10539.634770818711
2025-12-25 17:00:00+00:00,10539.634770818711
2025-12-25 18:00:00+00:00,10539.634770818711
2025-12-25 19:00:00+00:00,10539.634770818711
2025-12-25 20:00:00+00:00,10539.634770818711
2025-12-25 21:00:00+00:00,10539.634770818711
2025-12-25 22:00:00+00:00,10539.634770818711
2025-12-25 23:00:00+00:00,10539.634770818711
2025-12-26 00:00:00+00:00,10539.634770818711
2025-12-26 01:00:00+00:00,10539.634770818711
2025-12-26 02:00:00+00:00,10539.634770818711
2025-12-26 03:00:00+00:00,10539.634770818711
2025-12-26 04:00:00+00:00,10539.634770818711
2025-12-26 05:00:00+00:00,10539.634770818711
2025-12-26 06:00:00+00:00,10539.634770818711
2025-12-26 07:00:00+00:00,10539.634770818711
2025-12-26 08:00:00+00:00,10539.634770818711
2025-12-26 09:00:00+00:00,10539.634770818711
2025-12-26 10:00:00+00:00,10539.634770818711
2025-12-26 11:00:00+00:00,10539.634770818711
2025-12-26 12:00:00+00:00,10539.634770818711
2025-12-26 13:00:00+00:00,10539.634770818711
2025-12-26 14:00:00+00:00,10539.634770818711
2025-12-26 15:00:00+00:00,10539.634770818711
2025-12-26 16:00:00+00:00,10539.634770818711
2025-12-26 17:00:00+00:00,10539.634770818711
2025-12-26 18:00:00+00:00,10539.634770818711
2025-12-26 19:00:00+00:00,10539.634770818711
2025-12-26 20:00:00+00:00,10539.634770818711
2025-12-26 21:00:00+00:00,10539.634770818711
2025-12-26 22:00:00+00:00,10539.634770818711
2025-12-26 23:00:00+00:00,10539.634770818711
2025-12-27 00:00:00+00:00,10539.634770818711
2025-12-27 01:00:00+00:00,10539.634770818711
2025-12-27 02:00:00+00:00,10539.634770818711
2025-12-27 03:00:00+00:00,10539.634770818711
2025-12-27 04:00:00+00:00,10539.634770818711
2025-12-27 05:00:00+00:00,10539.634770818711
2025-12-27 06:00:00+00:00,10539.634770818711
2025-12-27 07:00:00+00:00,10539.634770818711
2025-12-27 08:00:00+00:00,10539.634770818711
2025-12-27 09:00:00+00:00,10539.634770818711
2025-12-27 10:00:00+00:00,10539.634770818711
2025-12-27 11:00:00+00:00,10539.634770818711
2025-12-27 12:00:00+00:00,10539.634770818711
2025-12-27 13:00:00+00:00,10539.634770818711
2025-12-27 14:00:00+00:00,10539.634770818711
2025-12-27 15:00:00+00:00,10539.634770818711
2025-12-27 16:00:00+00:00,10539.634770818711
2025-12-27 17:00:00+00:00,10539.634770818711
2025-12-27 18:00:00+00:00,10539.634770818711
2025-12-27 19:00:00+00:00,10539.634770818711
2025-12-27 20:00:00+00:00,10539.634770818711
2025-12-27 21:00:00+00:00,10539.634770818711
2025-12-27 22:00:00+00:00,10539.634770818711
2025-12-27 23:00:00+00:00,10539.634770818711
2025-12-28 00:00:00+00:00,10539.634770818711
2025-12-28 01:00:00+00:00,10539.634770818711
2025-12-28 02:00:00+00:00,10539.634770818711
2025-12-28 03:00:00+00:00,10539.634770818711
2025-12-28 04:00:00+00:00,10539.634770818711
2025-12-28 05:00:00+00:00,10539.634770818711
2025-12-28 06:00:00+00:00,10539.634770818711
2025-12-28 07:00:00+00:00,10539.634770818711
2025-12-28 08:00:00+00:00,10539.634770818711
2025-12-28 09:00:00+00:00,10539.634770818711
2025-12-28 10:00:00+00:00,10539.634770818711
2025-12-28 11:00:00+00:00,10539.634770818711
2025-12-28 12:00:00+00:00,10539.634770818711
2025-12-28 13:00:00+00:00,10539.634770818711
2025-12-28 14:00:00+00:00,10539.634770818711
2025-12-28 15:00:00+00:00,10539.634770818711
2025-12-28 16:00:00+00:00,10539.634770818711
2025-12-28 17:00:00+00:00,10539.634770818711
2025-12-28 18:00:00+00:00,10539.634770818711
2025-12-28 19:00:00+00:00,10539.634770818711
2025-12-28 20:00:00+00:00,10539.634770818711
2025-12-28 21:00:00+00:00,10539.634770818711
2025-12-28 22:00:00+00:00,10539.634770818711
2025-12-28 23:00:00+00:00,10539.634770818711
2025-12-29 00:00:00+00:00,10539.634770818711
2025-12-29 01:00:00+00:00,10539.634770818711
2025-12-29 02:00:00+00:00,10539.634770818711
2025-12-29 03:00:00+00:00,10539.634770818711
2025-12-29 04:00:00+00:00,10539.634770818711
2025-12-29 05:00:00+00:00,10539.634770818711
2025-12-29 06:00:00+00:00,10539.634770818711
2025-12-29 07:00:00+00:00,10539.634770818711
2025-12-29 08:00:00+00:00,10539.634770818711
2025-12-29 09:00:00+00:00,10539.634770818711
2025-12-29 10:00:00+00:00,10539.634770818711
2025-12-29 11:00:00+00:00,10539.634770818711
2025-12-29 12:00:00+00:00,10539.634770818711
2025-12-29 13:00:00+00:00,10539.634770818711
2025-12-29 14:00:00+00:00,10539.634770818711
2025-12-29 15:00:00+00:00,10539.634770818711
2025-12-29 16:00:00+00:00,10539.634770818711
2025-12-29 17:00:00+00:00,10539.634770818711
2025-12-29 18:00:00+00:00,10539.634770818711
2025-12-29 19:00:00+00:00,10539.634770818711
2025-12-29 20:00:00+00:00,10539.634770818711
2025-12-29 21:00:00+00:00,10539.634770818711
2025-12-29 22:00:00+00:00,10539.634770818711
2025-12-29 23:00:00+00:00,10539.634770818711
2025-12-30 00:00:00+00:00,10539.634770818711
2025-12-30 01:00:00+00:00,10539.634770818711
2025-12-30 02:00:00+00:00,10539.634770818711
2025-12-30 03:00:00+00:00,10539.634770818711
2025-12-30 04:00:00+00:00,10539.634770818711
2025-12-30 05:00:00+00:00,10539.634770818711
2025-12-30 06:00:00+00:00,10539.634770818711
2025-12-30 07:00:00+00:00,10539.634770818711
2025-12-30 08:00:00+00:00,10539.634770818711
2025-12-30 09:00:00+00:00,10539.634770818711
2025-12-30 10:00:00+00:00,10539.634770818711
2025-12-30 11:00:00+00:00,10539.634770818711
2025-12-30 12:00:00+00:00,10539.634770818711
2025-12-30 13:00:00+00:00,10539.634770818711
2025-12-30 14:00:00+00:00,10539.634770818711
2025-12-30 15:00:00+00:00,10539.634770818711
2025-12-30 16:00:00+00:00,10539.634770818711
2025-12-30 17:00:00+00:00,10539.634770818711
2025-12-30 18:00:00+00:00,10539.634770818711
2025-12-30 19:00:00+00:00,10539.634770818711
2025-12-30 20:00:00+00:00,10539.634770818711
2025-12-30 21:00:00+00:00,10539.634770818711
2025-12-30 22:00:00+00:00,10539.634770818711
2025-12-30 23:00:00+00:00,10539.634770818711
2025-12-31 00:00:00+00:00,10539.634770818711
2025-12-31 01:00:00+00:00,10539.634770818711
2025-12-31 02:00:00+00:00,10539.634770818711
2025-12-31 03:00:00+00:00,10539.634770818711
2025-12-31 04:00:00+00:00,10539.634770818711
2025-12-31 05:00:00+00:00,10539.634770818711
2025-12-31 06:00:00+00:00,10539.634770818711
2025-12-31 07:00:00+00:00,10539.634770818711
2025-12-31 08:00:00+00:00,10539.634770818711
2025-12-31 09:00:00+00:00,10539.634770818711
2025-12-31 10:00:00+00:00,10539.634770818711
2025-12-31 11:00:00+00:00,10539.634770818711
2025-12-31 12:00:00+00:00,10539.634770818711
2025-12-31 13:00:00+00:00,10539.634770818711
2025-12-31 14:00:00+00:00,10539.634770818711
2025-12-31 15:00:00+00:00,10539.634770818711
2025-12-31 16:00:00+00:00,10539.634770818711
2025-12-31 17:00:00+00:00,10539.634770818711
2025-12-31 18:00:00+00:00,10539.634770818711
2025-12-31 19:00:00+00:00,10539.634770818711
2025-12-31 20:00:00+00:00,10539.634770818711
2025-12-31 21:00:00+00:00,10539.634770818711
2025-12-31 22:00:00+00:00,10539.634770818711
2025-12-31 23:00:00+00:00,10539.634770818711
2026-01-01 00:00:00+00:00,10539.634770818711
2026-01-01 01:00:00+00:00,10539.634770818711
2026-01-01 02:00:00+00:00,10539.634770818711
2026-01-01 03:00:00+00:00,10539.634770818711
2026-01-01 04:00:00+00:00,10539.634770818711
2026-01-01 05:00:00+00:00,10539.634770818711
2026-01-01 06:00:00+00:00,10539.634770818711
2026-01-01 07:00:00+00:00,10539.634770818711
2026-01-01 08:00:00+00:00,10539.634770818711
2026-01-01 09:00:00+00:00,10539.634770818711
2026-01-01 10:00:00+00:00,10539.634770818711
2026-01-01 11:00:00+00:00,10539.634770818711
2026-01-01 12:00:00+00:00,10539.634770818711
2026-01-01 13:00:00+00:00,10539.634770818711
2026-01-01 14:00:00+00:00,10539.634770818711
2026-01-01 15:00:00+00:00,10539.634770818711
2026-01-01 16:00:00+00:00,10539.634770818711
2026-01-01 17:00:00+00:00,10539.634770818711
2026-01-01 18:00:00+00:00,10539.634770818711
2026-01-01 19:00:00+00:00,10539.634770818711
2026-01-01 20:00:00+00:00,10539.634770818711
2026-01-01 21:00:00+00:00,10539.634770818711
2026-01-01 22:00:00+00:00,10539.634770818711
2026-01-01 23:00:00+00:00,10539.634770818711
2026-01-02 00:00:00+00:00,10539.634770818711
2026-01-02 01:00:00+00:00,10539.634770818711
2026-01-02 02:00:00+00:00,10539.634770818711
2026-01-02 03:00:00+00:00,10539.634770818711
2026-01-02 04:00:00+00:00,10539.634770818711
2026-01-02 05:00:00+00:00,10539.634770818711
2026-01-02 06:00:00+00:00,10539.634770818711
2026-01-02 07:00:00+00:00,10539.634770818711
2026-01-02 08:00:00+00:00,10539.634770818711
2026-01-02 09:00:00+00:00,10539.634770818711
2026-01-02 10:00:00+00:00,10539.634770818711
2026-01-02 11:00:00+00:00,10539.634770818711
2026-01-02 12:00:00+00:00,10539.634770818711
2026-01-02 13:00:00+00:00,10539.634770818711
2026-01-02 14:00:00+00:00,10539.634770818711
2026-01-02 15:00:00+00:00,10539.634770818711
2026-01-02 16:00:00+00:00,10539.634770818711
2026-01-02 17:00:00+00:00,10539.634770818711
2026-01-02 18:00:00+00:00,10539.634770818711
2026-01-02 19:00:00+00:00,10539.634770818711
2026-01-02 20:00:00+00:00,10539.634770818711
2026-01-02 21:00:00+00:00,10539.634770818711
2026-01-02 22:00:00+00:00,10539.634770818711
2026-01-02 23:00:00+00:00,10539.634770818711
2026-01-03 00:00:00+00:00,10539.634770818711
2026-01-03 01:00:00+00:00,10539.634770818711
2026-01-03 02:00:00+00:00,10539.634770818711
2026-01-03 03:00:00+00:00,10539.634770818711
2026-01-03 04:00:00+00:00,10539.634770818711
2026-01-03 05:00:00+00:00,10539.634770818711
2026-01-03 06:00:00+00:00,10539.634770818711
2026-01-03 07:00:00+00:00,10539.634770818711
2026-01-03 08:00:00+00:00,10539.634770818711
2026-01-03 09:00:00+00:00,10539.634770818711
2026-01-03 10:00:00+00:00,10539.634770818711
2026-01-03 11:00:00+00:00,10539.634770818711
2026-01-03 12:00:00+00:00,10539.634770818711
2026-01-03 13:00:00+00:00,10539.634770818711
2026-01-03 14:00:00+00:00,10539.634770818711
2026-01-03 15:00:00+00:00,10539.634770818711
2026-01-03 16:00:00+00:00,10539.634770818711
2026-01-03 17:00:00+00:00,10539.634770818711
2026-01-03 18:00:00+00:00,10539.634770818711
2026-01-03 19:00:00+00:00,10539.634770818711
2026-01-03 20:00:00+00:00,10539.634770818711
2026-01-03 21:00:00+00:00,10539.634770818711
2026-01-03 22:00:00+00:00,10539.634770818711
2026-01-03 23:00:00+00:00,10539.634770818711
2026-01-04 00:00:00+00:00,10539.634770818711
2026-01-04 01:00:00+00:00,10539.634770818711
2026-01-04 02:00:00+00:00,10517.372185979733
2026-01-04 03:00:00+00:00,10506.930185979732
2026-01-04 04:00:00+00:00,10517.682685979733
2026-01-04 05:00:00+00:00,10536.347185979732
2026-01-04 06:00:00+00:00,10545.777185979732
2026-01-04 07:00:00+00:00,10517.038685979733
2026-01-04 08:00:00+00:00,10550.434685979733
2026-01-04 09:00:00+00:00,10532.366163466108
2026-01-04 10:00:00+00:00,10542.486163466107
2026-01-04 11:00:00+00:00,10558.551663466107
2026-01-04 12:00:00+00:00,10525.121163466107
2026-01-04 13:00:00+00:00,10505.996663466107
2026-01-04 14:00:00+00:00,10521.061663466106
2026-01-04 15:00:00+00:00,10529.985663466106
2026-01-04 16:00:00+00:00,10528.582663466108
2026-01-04 17:00:00+00:00,10526.909442376187
2026-01-04 18:00:00+00:00,10528.197442376186
2026-01-04 19:00:00+00:00,10513.764942376187
2026-01-04 20:00:00+00:00,10506.278442376186
2026-01-04 21:00:00+00:00,10526.173442376186
2026-01-04 22:00:00+00:00,10522.849942376186
2026-01-04 23:00:00+00:00,10515.248442376185
2026-01-05 00:00:00+00:00,10551.611442376186
2026-01-05 01:00:00+00:00,10650.840705086648
2026-01-05 02:00:00+00:00,10713.964205086648
2026-01-05 03:00:00+00:00,10722.405205086647
2026-01-05 04:00:00+00:00,10704.557205086647
2026-01-05 05:00:00+00:00,10672.541205086647
2026-01-05 06:00:00+00:00,10645.677205086648
2026-01-05 07:00:00+00:00,10618.108726849128
2026-01-05 08:00:00+00:00,10618.108726849128
2026-01-05 09:00:00+00:00,10618.108726849128
2026-01-05 10:00:00+00:00,10618.108726849128
2026-01-05 11:00:00+00:00,10618.108726849128
2026-01-05 12:00:00+00:00,10618.108726849128
2026-01-05 13:00:00+00:00,10618.108726849128
2026-01-05 14:00:00+00:00,10618.108726849128
2026-01-05 15:00:00+00:00,10618.108726849128
2026-01-05 16:00:00+00:00,10662.405683950201
2026-01-05 17:00:00+00:00,10635.3082866622
2026-01-05 18:00:00+00:00,10700.4538866622
2026-01-05 19:00:00+00:00,10713.7034866622
2026-01-05 20:00:00+00:00,10697.916286662201
2026-01-05 21:00:00+00:00,10685.6858866622
2026-01-05 22:00:00+00:00,10677.168286662201
2026-01-05 23:00:00+00:00,10685.082686662201
2026-01-06 00:00:00+00:00,10653.5914866622
2026-01-06 01:00:00+00:00,10648.151350126393
2026-01-06 02:00:00+00:00,10644.740150126392
2026-01-06 03:00:00+00:00,10629.244150126393
2026-01-06 04:00:00+00:00,10643.679350126393
2026-01-06 05:00:00+00:00,10647.111350126392
2026-01-06 06:00:00+00:00,10625.604150126392
2026-01-06 07:00:00+00:00,10643.856150126392
2026-01-06 08:00:00+00:00,10589.765750126391
2026-01-06 09:00:00+00:00,10588.411179206456
2026-01-06 10:00:00+00:00,10611.644779206455
2026-01-06 11:00:00+00:00,10623.698379206457
2026-01-06 12:00:00+00:00,10651.112779206456
2026-01-06 13:00:00+00:00,10653.140779206457
2026-01-06 14:00:00+00:00,10638.445579206456
2026-01-06 15:00:00+00:00,10650.727979206456
2026-01-06 16:00:00+00:00,10631.175979206457
2026-01-06 17:00:00+00:00,10531.39640355361
2026-01-06 18:00:00+00:00,10405.236847879762
2026-01-06 19:00:00+00:00,10405.236847879762
2026-01-06 20:00:00+00:00,10405.236847879762
2026-01-06 21:00:00+00:00,10405.236847879762
2026-01-06 22:00:00+00:00,10405.236847879762
2026-01-06 23:00:00+00:00,10405.236847879762
2026-01-07 00:00:00+00:00,10405.236847879762
2026-01-07 01:00:00+00:00,10405.236847879762
2026-01-07 02:00:00+00:00,10405.236847879762
2026-01-07 03:00:00+00:00,10405.236847879762
2026-01-07 04:00:00+00:00,10405.236847879762
2026-01-07 05:00:00+00:00,10405.236847879762
2026-01-07 06:00:00+00:00,10405.236847879762
2026-01-07 07:00:00+00:00,10405.236847879762
2026-01-07 08:00:00+00:00,10405.236847879762
2026-01-07 09:00:00+00:00,10405.236847879762
2026-01-07 10:00:00+00:00,10405.236847879762
2026-01-07 11:00:00+00:00,10405.236847879762
2026-01-07 12:00:00+00:00,10405.236847879762
2026-01-07 13:00:00+00:00,10405.236847879762
2026-01-07 14:00:00+00:00,10405.236847879762
2026-01-07 15:00:00+00:00,10405.236847879762
2026-01-07 16:00:00+00:00,10405.236847879762
2026-01-07 17:00:00+00:00,10405.236847879762
2026-01-07 18:00:00+00:00,10405.236847879762
2026-01-07 19:00:00+00:00,10405.236847879762
2026-01-07 20:00:00+00:00,10405.236847879762
2026-01-07 21:00:00+00:00,10405.236847879762
2026-01-07 22:00:00+00:00,10405.236847879762
2026-01-07 23:00:00+00:00,10405.236847879762
2026-01-08 00:00:00+00:00,10405.236847879762
2026-01-08 01:00:00+00:00,10405.236847879762
2026-01-08 02:00:00+00:00,10405.236847879762
2026-01-08 03:00:00+00:00,10405.236847879762
2026-01-08 04:00:00+00:00,10405.236847879762
2026-01-08 05:00:00+00:00,10405.236847879762
2026-01-08 06:00:00+00:00,10405.236847879762
2026-01-08 07:00:00+00:00,10405.236847879762
2026-01-08 08:00:00+00:00,10405.236847879762
2026-01-08 09:00:00+00:00,10405.236847879762
2026-01-08 10:00:00+00:00,10405.236847879762
2026-01-08 11:00:00+00:00,10405.236847879762
2026-01-08 12:00:00+00:00,10405.236847879762
2026-01-08 13:00:00+00:00,10405.236847879762
2026-01-08 14:00:00+00:00,10405.236847879762
2026-01-08 15:00:00+00:00,10405.236847879762
2026-01-08 16:00:00+00:00,10405.236847879762
2026-01-08 17:00:00+00:00,10405.236847879762
2026-01-08 18:00:00+00:00,10405.236847879762
2026-01-08 19:00:00+00:00,10405.236847879762
2026-01-08 20:00:00+00:00,10405.236847879762
2026-01-08 21:00:00+00:00,10405.236847879762
2026-01-08 22:00:00+00:00,10405.236847879762
2026-01-08 23:00:00+00:00,10405.236847879762
2026-01-09 00:00:00+00:00,10405.236847879762
2026-01-09 01:00:00+00:00,10405.236847879762
2026-01-09 02:00:00+00:00,10405.236847879762
2026-01-09 03:00:00+00:00,10405.236847879762
2026-01-09 04:00:00+00:00,10405.236847879762
2026-01-09 05:00:00+00:00,10405.236847879762
2026-01-09 06:00:00+00:00,10405.236847879762
2026-01-09 07:00:00+00:00,10405.236847879762
2026-01-09 08:00:00+00:00,10405.236847879762
2026-01-09 09:00:00+00:00,10405.236847879762
2026-01-09 10:00:00+00:00,10405.236847879762
2026-01-09 11:00:00+00:00,10405.236847879762
2026-01-09 12:00:00+00:00,10405.236847879762
2026-01-09 13:00:00+00:00,10405.236847879762
2026-01-09 14:00:00+00:00,10405.236847879762
2026-01-09 15:00:00+00:00,10405.236847879762
2026-01-09 16:00:00+00:00,10405.236847879762
2026-01-09 17:00:00+00:00,10405.236847879762
2026-01-09 18:00:00+00:00,10405.236847879762
2026-01-09 19:00:00+00:00,10405.236847879762
2026-01-09 20:00:00+00:00,10405.236847879762
2026-01-09 21:00:00+00:00,10405.236847879762
2026-01-09 22:00:00+00:00,10405.236847879762
2026-01-09 23:00:00+00:00,10405.236847879762
2026-01-10 00:00:00+00:00,10405.236847879762
2026-01-10 01:00:00+00:00,10405.236847879762
2026-01-10 02:00:00+00:00,10405.236847879762
2026-01-10 03:00:00+00:00,10405.236847879762
2026-01-10 04:00:00+00:00,10405.236847879762
2026-01-10 05:00:00+00:00,10405.236847879762
2026-01-10 06:00:00+00:00,10405.236847879762
2026-01-10 07:00:00+00:00,10405.236847879762
2026-01-10 08:00:00+00:00,10405.236847879762
2026-01-10 09:00:00+00:00,10405.236847879762
2026-01-10 10:00:00+00:00,10405.236847879762
2026-01-10 11:00:00+00:00,10405.236847879762
2026-01-10 12:00:00+00:00,10405.236847879762
2026-01-10 13:00:00+00:00,10405.236847879762
2026-01-10 14:00:00+00:00,10405.236847879762
2026-01-10 15:00:00+00:00,10405.236847879762
2026-01-10 16:00:00+00:00,10405.236847879762
2026-01-10 17:00:00+00:00,10405.236847879762
2026-01-10 18:00:00+00:00,10405.236847879762
2026-01-10 19:00:00+00:00,10405.236847879762
2026-01-10 20:00:00+00:00,10405.236847879762
2026-01-10 21:00:00+00:00,10405.236847879762
2026-01-10 22:00:00+00:00,10405.236847879762
2026-01-10 23:00:00+00:00,10405.236847879762
2026-01-11 00:00:00+00:00,10405.236847879762
2026-01-11 01:00:00+00:00,10405.236847879762
2026-01-11 02:00:00+00:00,10405.236847879762
2026-01-11 03:00:00+00:00,10405.236847879762
2026-01-11 04:00:00+00:00,10405.236847879762
2026-01-11 05:00:00+00:00,10405.236847879762
2026-01-11 06:00:00+00:00,10405.236847879762
2026-01-11 07:00:00+00:00,10405.236847879762
2026-01-11 08:00:00+00:00,10405.236847879762
2026-01-11 09:00:00+00:00,10405.236847879762
2026-01-11 10:00:00+00:00,10405.236847879762
2026-01-11 11:00:00+00:00,10405.236847879762
2026-01-11 12:00:00+00:00,10405.236847879762
2026-01-11 13:00:00+00:00,10405.236847879762
2026-01-11 14:00:00+00:00,10405.236847879762
2026-01-11 15:00:00+00:00,10405.236847879762
2026-01-11 16:00:00+00:00,10405.236847879762
2026-01-11 17:00:00+00:00,10405.236847879762
2026-01-11 18:00:00+00:00,10405.236847879762
2026-01-11 19:00:00+00:00,10405.236847879762
2026-01-11 20:00:00+00:00,10405.236847879762
2026-01-11 21:00:00+00:00,10405.236847879762
2026-01-11 22:00:00+00:00,10405.236847879762
2026-01-11 23:00:00+00:00,10405.236847879762
2026-01-12 00:00:00+00:00,10405.236847879762
2026-01-12 01:00:00+00:00,10405.236847879762
2026-01-12 02:00:00+00:00,10405.236847879762
2026-01-12 03:00:00+00:00,10405.236847879762
2026-01-12 04:00:00+00:00,10405.236847879762
2026-01-12 05:00:00+00:00,10405.236847879762
2026-01-12 06:00:00+00:00,10405.236847879762
2026-01-12 07:00:00+00:00,10405.236847879762
2026-01-12 08:00:00+00:00,10405.236847879762
2026-01-12 09:00:00+00:00,10405.236847879762
2026-01-12 10:00:00+00:00,10405.236847879762
2026-01-12 11:00:00+00:00,10405.236847879762
2026-01-12 12:00:00+00:00,10405.236847879762
2026-01-12 13:00:00+00:00,10405.236847879762
2026-01-12 14:00:00+00:00,10405.236847879762
2026-01-12 15:00:00+00:00,10405.236847879762
2026-01-12 16:00:00+00:00,10405.236847879762
2026-01-12 17:00:00+00:00,10405.236847879762
2026-01-12 18:00:00+00:00,10405.236847879762
2026-01-12 19:00:00+00:00,10405.236847879762
2026-01-12 20:00:00+00:00,10405.236847879762
2026-01-12 21:00:00+00:00,10405.236847879762
2026-01-12 22:00:00+00:00,10405.236847879762
2026-01-12 23:00:00+00:00,10405.236847879762
2026-01-13 00:00:00+00:00,10405.236847879762
2026-01-13 01:00:00+00:00,10405.236847879762
2026-01-13 02:00:00+00:00,10405.236847879762
2026-01-13 03:00:00+00:00,10405.236847879762
2026-01-13 04:00:00+00:00,10405.236847879762
2026-01-13 05:00:00+00:00,10405.236847879762
2026-01-13 06:00:00+00:00,10405.236847879762
2026-01-13 07:00:00+00:00,10405.236847879762
2026-01-13 08:00:00+00:00,10405.236847879762
2026-01-13 09:00:00+00:00,10405.236847879762
2026-01-13 10:00:00+00:00,10405.236847879762
2026-01-13 11:00:00+00:00,10405.236847879762
2026-01-13 12:00:00+00:00,10405.236847879762
2026-01-13 13:00:00+00:00,10405.236847879762
2026-01-13 14:00:00+00:00,10405.236847879762
2026-01-13 15:00:00+00:00,10405.236847879762
2026-01-13 16:00:00+00:00,10405.236847879762
2026-01-13 17:00:00+00:00,10405.236847879762
2026-01-13 18:00:00+00:00,10405.236847879762
2026-01-13 19:00:00+00:00,10405.236847879762
2026-01-13 20:00:00+00:00,10405.236847879762
2026-01-13 21:00:00+00:00,10412.099281901194
2026-01-13 22:00:00+00:00,10387.062181901192
2026-01-13 23:00:00+00:00,10523.992681901193
2026-01-14 00:00:00+00:00,10495.213381901192
2026-01-14 01:00:00+00:00,10480.704416146544
2026-01-14 02:00:00+00:00,10480.315616146543
2026-01-14 03:00:00+00:00,10489.104116146544
2026-01-14 04:00:00+00:00,10518.733916146544
2026-01-14 05:00:00+00:00,10480.380416146543
2026-01-14 06:00:00+00:00,10461.823316146545
2026-01-14 07:00:00+00:00,10463.581016146543
2026-01-14 08:00:00+00:00,10478.306816146543
2026-01-14 09:00:00+00:00,10453.790035036382
2026-01-14 10:00:00+00:00,10468.799335036383
2026-01-14 11:00:00+00:00,10468.677835036382
2026-01-14 12:00:00+00:00,10445.471335036382
2026-01-14 13:00:00+00:00,10467.981235036383
2026-01-14 14:00:00+00:00,10461.728035036382
2026-01-14 15:00:00+00:00,10581.988735036382
2026-01-14 16:00:00+00:00,10601.663635036382
2026-01-14 17:00:00+00:00,10645.108700927018
2026-01-14 18:00:00+00:00,10617.811700927019
2026-01-14 19:00:00+00:00,10607.22500092702
2026-01-14 20:00:00+00:00,10644.266300927018
2026-01-14 21:00:00+00:00,10675.386500927018
2026-01-14 22:00:00+00:00,10668.015500927018
2026-01-14 23:00:00+00:00,10612.166000927018
2026-01-15 00:00:00+00:00,10618.840400927018
2026-01-15 01:00:00+00:00,10595.006608768179
2026-01-15 02:00:00+00:00,10577.737408768178
2026-01-15 03:00:00+00:00,10547.602388885356
2026-01-15 04:00:00+00:00,10547.602388885356
2026-01-15 05:00:00+00:00,10547.602388885356
2026-01-15 06:00:00+00:00,10547.602388885356
2026-01-15 07:00:00+00:00,10547.602388885356
2026-01-15 08:00:00+00:00,10547.602388885356
2026-01-15 09:00:00+00:00,10547.602388885356
2026-01-15 10:00:00+00:00,10547.602388885356
2026-01-15 11:00:00+00:00,10547.602388885356
2026-01-15 12:00:00+00:00,10547.602388885356
2026-01-15 13:00:00+00:00,10547.602388885356
2026-01-15 14:00:00+00:00,10547.602388885356
2026-01-15 15:00:00+00:00,10547.602388885356
2026-01-15 16:00:00+00:00,10547.602388885356
2026-01-15 17:00:00+00:00,10547.602388885356
2026-01-15 18:00:00+00:00,10547.602388885356
2026-01-15 19:00:00+00:00,10547.602388885356
2026-01-15 20:00:00+00:00,10547.602388885356
2026-01-15 21:00:00+00:00,10547.602388885356
2026-01-15 22:00:00+00:00,10547.602388885356
2026-01-15 23:00:00+00:00,10547.602388885356
2026-01-16 00:00:00+00:00,10547.602388885356
2026-01-16 01:00:00+00:00,10547.602388885356
2026-01-16 02:00:00+00:00,10547.602388885356
2026-01-16 03:00:00+00:00,10547.602388885356
2026-01-16 04:00:00+00:00,10547.602388885356
2026-01-16 05:00:00+00:00,10547.602388885356
2026-01-16 06:00:00+00:00,10547.602388885356
2026-01-16 07:00:00+00:00,10547.602388885356
2026-01-16 08:00:00+00:00,10547.602388885356
2026-01-16 09:00:00+00:00,10547.602388885356
2026-01-16 10:00:00+00:00,10547.602388885356
2026-01-16 11:00:00+00:00,10547.602388885356
2026-01-16 12:00:00+00:00,10547.602388885356
2026-01-16 13:00:00+00:00,10547.602388885356
2026-01-16 14:00:00+00:00,10547.602388885356
2026-01-16 15:00:00+00:00,10547.602388885356
2026-01-16 16:00:00+00:00,10547.602388885356
2026-01-16 17:00:00+00:00,10547.602388885356
2026-01-16 18:00:00+00:00,10547.602388885356
2026-01-16 19:00:00+00:00,10547.602388885356
2026-01-16 20:00:00+00:00,10547.602388885356
2026-01-16 21:00:00+00:00,10547.602388885356
2026-01-16 22:00:00+00:00,10547.602388885356
2026-01-16 23:00:00+00:00,10547.602388885356
2026-01-17 00:00:00+00:00,10547.602388885356
2026-01-17 01:00:00+00:00,10547.602388885356
2026-01-17 02:00:00+00:00,10547.602388885356
2026-01-17 03:00:00+00:00,10547.602388885356
2026-01-17 04:00:00+00:00,10547.602388885356
2026-01-17 05:00:00+00:00,10547.602388885356
2026-01-17 06:00:00+00:00,10547.602388885356
2026-01-17 07:00:00+00:00,10547.602388885356
2026-01-17 08:00:00+00:00,10547.602388885356
2026-01-17 09:00:00+00:00,10547.602388885356
2026-01-17 10:00:00+00:00,10547.602388885356
2026-01-17 11:00:00+00:00,10547.602388885356
2026-01-17 12:00:00+00:00,10547.602388885356
2026-01-17 13:00:00+00:00,10547.602388885356
2026-01-17 14:00:00+00:00,10547.602388885356
2026-01-17 15:00:00+00:00,10547.602388885356
2026-01-17 16:00:00+00:00,10547.602388885356
2026-01-17 17:00:00+00:00,10547.602388885356
2026-01-17 18:00:00+00:00,10547.602388885356
2026-01-17 19:00:00+00:00,10547.602388885356
2026-01-17 20:00:00+00:00,10547.602388885356
2026-01-17 21:00:00+00:00,10547.602388885356
2026-01-17 22:00:00+00:00,10547.602388885356
2026-01-17 23:00:00+00:00,10547.602388885356
2026-01-18 00:00:00+00:00,10547.602388885356
2026-01-18 01:00:00+00:00,10547.602388885356
2026-01-18 02:00:00+00:00,10547.602388885356
2026-01-18 03:00:00+00:00,10547.602388885356
2026-01-18 04:00:00+00:00,10547.602388885356
2026-01-18 05:00:00+00:00,10547.602388885356
2026-01-18 06:00:00+00:00,10547.602388885356
2026-01-18 07:00:00+00:00,10547.602388885356
2026-01-18 08:00:00+00:00,10547.602388885356
2026-01-18 09:00:00+00:00,10547.602388885356
2026-01-18 10:00:00+00:00,10547.602388885356
2026-01-18 11:00:00+00:00,10547.602388885356
2026-01-18 12:00:00+00:00,10547.602388885356
2026-01-18 13:00:00+00:00,10547.602388885356
2026-01-18 14:00:00+00:00,10547.602388885356
2026-01-18 15:00:00+00:00,10547.602388885356
2026-01-18 16:00:00+00:00,10547.602388885356
2026-01-18 17:00:00+00:00,10547.602388885356
2026-01-18 18:00:00+00:00,10547.602388885356
2026-01-18 19:00:00+00:00,10547.602388885356
2026-01-18 20:00:00+00:00,10547.602388885356
2026-01-18 21:00:00+00:00,10547.602388885356
2026-01-18 22:00:00+00:00,10547.602388885356
2026-01-18 23:00:00+00:00,10547.602388885356
2026-01-19 00:00:00+00:00,10547.602388885356
2026-01-19 01:00:00+00:00,10547.602388885356
2026-01-19 02:00:00+00:00,10547.602388885356
2026-01-19 03:00:00+00:00,10547.602388885356
2026-01-19 04:00:00+00:00,10547.602388885356
2026-01-19 05:00:00+00:00,10547.602388885356
2026-01-19 06:00:00+00:00,10547.602388885356
2026-01-19 07:00:00+00:00,10547.602388885356
2026-01-19 08:00:00+00:00,10547.602388885356
2026-01-19 09:00:00+00:00,10547.602388885356
2026-01-19 10:00:00+00:00,10547.602388885356
2026-01-19 11:00:00+00:00,10547.602388885356
2026-01-19 12:00:00+00:00,10547.602388885356
2026-01-19 13:00:00+00:00,10547.602388885356
2026-01-19 14:00:00+00:00,10547.602388885356
2026-01-19 15:00:00+00:00,10547.602388885356
2026-01-19 16:00:00+00:00,10547.602388885356
2026-01-19 17:00:00+00:00,10547.602388885356
2026-01-19 18:00:00+00:00,10547.602388885356
2026-01-19 19:00:00+00:00,10547.602388885356
2026-01-19 20:00:00+00:00,10547.602388885356
2026-01-19 21:00:00+00:00,10547.602388885356
2026-01-19 22:00:00+00:00,10547.602388885356
2026-01-19 23:00:00+00:00,10547.602388885356
2026-01-20 00:00:00+00:00,10547.602388885356
2026-01-20 01:00:00+00:00,10547.602388885356
2026-01-20 02:00:00+00:00,10547.602388885356
2026-01-20 03:00:00+00:00,10547.602388885356
2026-01-20 04:00:00+00:00,10547.602388885356
2026-01-20 05:00:00+00:00,10547.602388885356
2026-01-20 06:00:00+00:00,10547.602388885356
2026-01-20 07:00:00+00:00,10547.602388885356
2026-01-20 08:00:00+00:00,10512.999799163426
2026-01-20 09:00:00+00:00,10519.766337707928
2026-01-20 10:00:00+00:00,10527.89833770793
2026-01-20 11:00:00+00:00,10504.914737707928
2026-01-20 12:00:00+00:00,10508.328037707928
2026-01-20 13:00:00+00:00,10502.528637707928
2026-01-20 14:00:00+00:00,10536.886337707929
2026-01-20 15:00:00+00:00,10582.061737707929
2026-01-20 16:00:00+00:00,10566.279237707928
2026-01-20 17:00:00+00:00,10621.643521802382
2026-01-20 18:00:00+00:00,10663.61962180238
2026-01-20 19:00:00+00:00,10692.29562180238
2026-01-20 20:00:00+00:00,10668.48812180238
2026-01-20 21:00:00+00:00,10667.74982180238
2026-01-20 22:00:00+00:00,10695.07762180238
2026-01-20 23:00:00+00:00,10799.57382180238
2026-01-21 00:00:00+00:00,10807.96262180238
2026-01-21 01:00:00+00:00,10754.884102292379
2026-01-21 02:00:00+00:00,10745.28620229238
2026-01-21 03:00:00+00:00,10742.08690229238
2026-01-21 04:00:00+00:00,10701.330602292379
2026-01-21 05:00:00+00:00,10700.85980229238
2026-01-21 06:00:00+00:00,10662.483011492348
2026-01-21 07:00:00+00:00,10662.483011492348
2026-01-21 08:00:00+00:00,10662.483011492348
2026-01-21 09:00:00+00:00,10662.483011492348
2026-01-21 10:00:00+00:00,10662.483011492348
2026-01-21 11:00:00+00:00,10662.483011492348
2026-01-21 12:00:00+00:00,10662.483011492348
2026-01-21 13:00:00+00:00,10662.483011492348
2026-01-21 14:00:00+00:00,10662.483011492348
2026-01-21 15:00:00+00:00,10662.483011492348
2026-01-21 16:00:00+00:00,10662.483011492348
2026-01-21 17:00:00+00:00,10662.483011492348
2026-01-21 18:00:00+00:00,10636.43312203883
2026-01-21 19:00:00+00:00,10602.15482203883
2026-01-21 20:00:00+00:00,10483.66442203883
2026-01-21 21:00:00+00:00,10493.18372203883
2026-01-21 22:00:00+00:00,10491.10472203883
2026-01-21 23:00:00+00:00,10521.04862203883
2026-01-22 00:00:00+00:00,10541.02592203883
2026-01-22 01:00:00+00:00,10512.517293990439
2026-01-22 02:00:00+00:00,10499.82279399044
2026-01-22 03:00:00+00:00,10510.488693990439
2026-01-22 04:00:00+00:00,10513.31109399044
2026-01-22 05:00:00+00:00,10506.92919399044
2026-01-22 06:00:00+00:00,10505.44869399044
2026-01-22 07:00:00+00:00,10496.55939399044
2026-01-22 08:00:00+00:00,10518.62829399044
2026-01-22 09:00:00+00:00,10512.23929892162
2026-01-22 10:00:00+00:00,10504.90609892162
2026-01-22 11:00:00+00:00,10501.65529892162
2026-01-22 12:00:00+00:00,10510.28629892162
2026-01-22 13:00:00+00:00,10505.48569892162
2026-01-22 14:00:00+00:00,10531.681098921621
2026-01-22 15:00:00+00:00,10564.12609892162
2026-01-22 16:00:00+00:00,10570.51429892162
2026-01-22 17:00:00+00:00,10567.68424750881
2026-01-22 18:00:00+00:00,10536.61894750881
2026-01-22 19:00:00+00:00,10549.50244750881
2026-01-22 20:00:00+00:00,10521.946247508811
2026-01-22 21:00:00+00:00,10544.76484750881
2026-01-22 22:00:00+00:00,10554.126647508809
2026-01-22 23:00:00+00:00,10548.92284750881
2026-01-23 00:00:00+00:00,10535.45344750881
2026-01-23 01:00:00+00:00,10537.876206162091
2026-01-23 02:00:00+00:00,10512.10290616209
2026-01-23 03:00:00+00:00,10529.90040616209
2026-01-23 04:00:00+00:00,10512.581706162091
2026-01-23 05:00:00+00:00,10510.288506162091
2026-01-23 06:00:00+00:00,10532.256606162091
2026-01-23 07:00:00+00:00,10538.487306162091
2026-01-23 08:00:00+00:00,10537.082406162092
2026-01-23 09:00:00+00:00,10556.9358455457
2026-01-23 10:00:00+00:00,10572.383445545702
2026-01-23 11:00:00+00:00,10567.5513455457
2026-01-23 12:00:00+00:00,10557.811545545701
2026-01-23 13:00:00+00:00,10554.737145545701
2026-01-23 14:00:00+00:00,10549.029345545701
2026-01-23 15:00:00+00:00,10570.1091455457
2026-01-23 16:00:00+00:00,10523.791545545702
2026-01-23 17:00:00+00:00,10501.01396335991
2026-01-23 18:00:00+00:00,10454.340962042437
2026-01-23 19:00:00+00:00,10454.340962042437
2026-01-23 20:00:00+00:00,10454.340962042437
2026-01-23 21:00:00+00:00,10454.340962042437
2026-01-23 22:00:00+00:00,10454.340962042437
2026-01-23 23:00:00+00:00,10454.340962042437
2026-01-24 00:00:00+00:00,10454.340962042437
2026-01-24 01:00:00+00:00,10454.340962042437
2026-01-24 02:00:00+00:00,10454.340962042437
2026-01-24 03:00:00+00:00,10454.340962042437
2026-01-24 04:00:00+00:00,10454.340962042437
2026-01-24 05:00:00+00:00,10454.340962042437
2026-01-24 06:00:00+00:00,10454.340962042437
2026-01-24 07:00:00+00:00,10454.340962042437
2026-01-24 08:00:00+00:00,10454.340962042437
2026-01-24 09:00:00+00:00,10454.340962042437
2026-01-24 10:00:00+00:00,10454.340962042437
2026-01-24 11:00:00+00:00,10454.340962042437
2026-01-24 12:00:00+00:00,10454.340962042437
2026-01-24 13:00:00+00:00,10454.340962042437
2026-01-24 14:00:00+00:00,10454.340962042437
2026-01-24 15:00:00+00:00,10454.340962042437
2026-01-24 16:00:00+00:00,10454.340962042437
2026-01-24 17:00:00+00:00,10454.340962042437
2026-01-24 18:00:00+00:00,10454.340962042437
2026-01-24 19:00:00+00:00,10454.340962042437
2026-01-24 20:00:00+00:00,10454.340962042437
2026-01-24 21:00:00+00:00,10454.340962042437
2026-01-24 22:00:00+00:00,10454.340962042437
2026-01-24 23:00:00+00:00,10454.340962042437
2026-01-25 00:00:00+00:00,10454.340962042437
2026-01-25 01:00:00+00:00,10454.340962042437
2026-01-25 02:00:00+00:00,10454.340962042437
2026-01-25 03:00:00+00:00,10454.340962042437
2026-01-25 04:00:00+00:00,10454.340962042437
2026-01-25 05:00:00+00:00,10454.340962042437
2026-01-25 06:00:00+00:00,10454.340962042437
2026-01-25 07:00:00+00:00,10454.340962042437
2026-01-25 08:00:00+00:00,10454.340962042437
2026-01-25 09:00:00+00:00,10454.340962042437
2026-01-25 10:00:00+00:00,10454.340962042437
2026-01-25 11:00:00+00:00,10454.340962042437
2026-01-25 12:00:00+00:00,10454.340962042437
2026-01-25 13:00:00+00:00,10454.340962042437
2026-01-25 14:00:00+00:00,10454.340962042437
2026-01-25 15:00:00+00:00,10454.340962042437
2026-01-25 16:00:00+00:00,10454.340962042437
2026-01-25 17:00:00+00:00,10454.340962042437
2026-01-25 18:00:00+00:00,10454.340962042437
2026-01-25 19:00:00+00:00,10454.340962042437
2026-01-25 20:00:00+00:00,10454.340962042437
2026-01-25 21:00:00+00:00,10429.250984927789
2026-01-25 22:00:00+00:00,10439.130184927788
2026-01-25 23:00:00+00:00,10442.946184927789
2026-01-26 00:00:00+00:00,10428.12738492779
2026-01-26 01:00:00+00:00,10409.473843848267
2026-01-26 02:00:00+00:00,10319.013443848267
2026-01-26 03:00:00+00:00,10334.595443848268
2026-01-26 04:00:00+00:00,10364.455643848267
2026-01-26 05:00:00+00:00,10314.964243848268
2026-01-26 06:00:00+00:00,10306.865843848267
2026-01-26 07:00:00+00:00,10293.488643848266
2026-01-26 08:00:00+00:00,10286.460843848268
2026-01-26 09:00:00+00:00,10246.333927523649
2026-01-26 10:00:00+00:00,10246.333927523649
2026-01-26 11:00:00+00:00,10246.333927523649
2026-01-26 12:00:00+00:00,10246.333927523649
2026-01-26 13:00:00+00:00,10246.333927523649
2026-01-26 14:00:00+00:00,10246.333927523649
2026-01-26 15:00:00+00:00,10246.333927523649
2026-01-26 16:00:00+00:00,10246.333927523649
2026-01-26 17:00:00+00:00,10246.333927523649
2026-01-26 18:00:00+00:00,10246.333927523649
2026-01-26 19:00:00+00:00,10246.333927523649
2026-01-26 20:00:00+00:00,10246.333927523649
2026-01-26 21:00:00+00:00,10246.333927523649
2026-01-26 22:00:00+00:00,10246.333927523649
2026-01-26 23:00:00+00:00,10246.333927523649
2026-01-27 00:00:00+00:00,10246.333927523649
2026-01-27 01:00:00+00:00,10246.333927523649
2026-01-27 02:00:00+00:00,10246.333927523649
2026-01-27 03:00:00+00:00,10246.333927523649
2026-01-27 04:00:00+00:00,10246.333927523649
2026-01-27 05:00:00+00:00,10246.333927523649
2026-01-27 06:00:00+00:00,10246.333927523649
2026-01-27 07:00:00+00:00,10246.333927523649
2026-01-27 08:00:00+00:00,10246.333927523649
2026-01-27 09:00:00+00:00,10246.333927523649
2026-01-27 10:00:00+00:00,10246.333927523649
2026-01-27 11:00:00+00:00,10246.333927523649
2026-01-27 12:00:00+00:00,10246.333927523649
2026-01-27 13:00:00+00:00,10246.333927523649
2026-01-27 14:00:00+00:00,10246.333927523649
2026-01-27 15:00:00+00:00,10246.333927523649
2026-01-27 16:00:00+00:00,10246.333927523649
2026-01-27 17:00:00+00:00,10246.333927523649
2026-01-27 18:00:00+00:00,10246.333927523649
2026-01-27 19:00:00+00:00,10246.333927523649
2026-01-27 20:00:00+00:00,10246.333927523649
2026-01-27 21:00:00+00:00,10246.333927523649
2026-01-27 22:00:00+00:00,10246.333927523649
2026-01-27 23:00:00+00:00,10246.333927523649
2026-01-28 00:00:00+00:00,10246.333927523649
2026-01-28 01:00:00+00:00,10246.333927523649
2026-01-28 02:00:00+00:00,10246.333927523649
2026-01-28 03:00:00+00:00,10246.333927523649
2026-01-28 04:00:00+00:00,10246.333927523649
2026-01-28 05:00:00+00:00,10246.333927523649
2026-01-28 06:00:00+00:00,10246.333927523649
2026-01-28 07:00:00+00:00,10246.333927523649
2026-01-28 08:00:00+00:00,10246.333927523649
2026-01-28 09:00:00+00:00,10246.333927523649
2026-01-28 10:00:00+00:00,10246.333927523649
2026-01-28 11:00:00+00:00,10246.333927523649
2026-01-28 12:00:00+00:00,10246.333927523649
2026-01-28 13:00:00+00:00,10246.333927523649
2026-01-28 14:00:00+00:00,10246.333927523649
2026-01-28 15:00:00+00:00,10246.333927523649
2026-01-28 16:00:00+00:00,10246.333927523649
2026-01-28 17:00:00+00:00,10246.333927523649
2026-01-28 18:00:00+00:00,10246.333927523649
2026-01-28 19:00:00+00:00,10246.333927523649
2026-01-28 20:00:00+00:00,10246.333927523649
2026-01-28 21:00:00+00:00,10246.333927523649
2026-01-28 22:00:00+00:00,10246.333927523649
2026-01-28 23:00:00+00:00,10246.333927523649
2026-01-29 00:00:00+00:00,10246.333927523649
2026-01-29 01:00:00+00:00,10246.333927523649
2026-01-29 02:00:00+00:00,10246.333927523649
2026-01-29 03:00:00+00:00,10246.333927523649
2026-01-29 04:00:00+00:00,10246.333927523649
2026-01-29 05:00:00+00:00,10246.333927523649
2026-01-29 06:00:00+00:00,10246.333927523649
2026-01-29 07:00:00+00:00,10246.333927523649
2026-01-29 08:00:00+00:00,10246.333927523649
2026-01-29 09:00:00+00:00,10246.333927523649
2026-01-29 10:00:00+00:00,10246.333927523649
2026-01-29 11:00:00+00:00,10246.333927523649
2026-01-29 12:00:00+00:00,10246.333927523649
2026-01-29 13:00:00+00:00,10246.333927523649
2026-01-29 14:00:00+00:00,10246.333927523649
2026-01-29 15:00:00+00:00,10246.333927523649
2026-01-29 16:00:00+00:00,10246.333927523649
2026-01-29 17:00:00+00:00,10216.083258223676
2026-01-29 18:00:00+00:00,10290.475458223676
2026-01-29 19:00:00+00:00,10348.498858223677
2026-01-29 20:00:00+00:00,10308.649858223676
2026-01-29 21:00:00+00:00,10293.339258223676
2026-01-29 22:00:00+00:00,10270.791458223675
2026-01-29 23:00:00+00:00,10267.935058223675
2026-01-30 00:00:00+00:00,10262.377658223677
2026-01-30 01:00:00+00:00,10295.75821451016
2026-01-30 02:00:00+00:00,10423.238014510162
2026-01-30 03:00:00+00:00,10445.92641451016
2026-01-30 04:00:00+00:00,10407.979214510162
2026-01-30 05:00:00+00:00,10388.31741451016
2026-01-30 06:00:00+00:00,10390.76681451016
2026-01-30 07:00:00+00:00,10413.90661451016
2026-01-30 08:00:00+00:00,10398.41841451016
2026-01-30 09:00:00+00:00,10409.238596794195
2026-01-30 10:00:00+00:00,10431.793796794196
2026-01-30 11:00:00+00:00,10396.813996794197
2026-01-30 12:00:00+00:00,10373.755596794197
2026-01-30 13:00:00+00:00,10399.803596794196
2026-01-30 14:00:00+00:00,10403.348196794197
2026-01-30 15:00:00+00:00,10376.967196794198
2026-01-30 16:00:00+00:00,10392.595996794196
2026-01-30 17:00:00+00:00,10373.005002607137
2026-01-30 18:00:00+00:00,10388.337802607135
2026-01-30 19:00:00+00:00,10307.42949913594
2026-01-30 20:00:00+00:00,10307.42949913594
2026-01-30 21:00:00+00:00,10307.42949913594
2026-01-30 22:00:00+00:00,10307.42949913594
2026-01-30 23:00:00+00:00,10307.42949913594
2026-01-31 00:00:00+00:00,10307.42949913594
2026-01-31 01:00:00+00:00,10307.42949913594
2026-01-31 02:00:00+00:00,10307.42949913594
2026-01-31 03:00:00+00:00,10307.42949913594
2026-01-31 04:00:00+00:00,10307.42949913594
2026-01-31 05:00:00+00:00,10307.42949913594
2026-01-31 06:00:00+00:00,10307.42949913594
2026-01-31 07:00:00+00:00,10307.42949913594
2026-01-31 08:00:00+00:00,10307.42949913594
2026-01-31 09:00:00+00:00,10307.42949913594
2026-01-31 10:00:00+00:00,10307.42949913594
2026-01-31 11:00:00+00:00,10307.42949913594
2026-01-31 12:00:00+00:00,10307.42949913594
2026-01-31 13:00:00+00:00,10307.42949913594
2026-01-31 14:00:00+00:00,10307.42949913594
2026-01-31 15:00:00+00:00,10307.42949913594
2026-01-31 16:00:00+00:00,10307.42949913594
2026-01-31 17:00:00+00:00,10307.42949913594
2026-01-31 18:00:00+00:00,10395.101909276082
2026-01-31 19:00:00+00:00,10449.300809276081
2026-01-31 20:00:00+00:00,10467.501509276082
2026-01-31 21:00:00+00:00,10451.827109276082
2026-01-31 22:00:00+00:00,10433.198009276082
2026-01-31 23:00:00+00:00,10441.88570927608
2026-02-01 00:00:00+00:00,10404.570809276081
2026-02-01 01:00:00+00:00,10394.681614359075
2026-02-01 02:00:00+00:00,10417.134814359075
2026-02-01 03:00:00+00:00,10394.984014359075
2026-02-01 04:00:00+00:00,10396.880314359074
2026-02-01 05:00:00+00:00,10389.836914359073
2026-02-01 06:00:00+00:00,10412.151514359075
2026-02-01 07:00:00+00:00,10432.374514359075
2026-02-01 08:00:00+00:00,10428.726814359074
2026-02-01 09:00:00+00:00,10413.114113696858
2026-02-01 10:00:00+00:00,10386.295013696857
2026-02-01 11:00:00+00:00,10433.99231369686
2026-02-01 12:00:00+00:00,10404.243713696858
2026-02-01 13:00:00+00:00,10422.608213696858
2026-02-01 14:00:00+00:00,10431.421913696859
2026-02-01 15:00:00+00:00,10437.803813696859
2026-02-01 16:00:00+00:00,10476.586613696858
2026-02-01 17:00:00+00:00,10483.260559560926
2026-02-01 18:00:00+00:00,10467.397159560926
2026-02-01 19:00:00+00:00,10449.448459560926
2026-02-01 20:00:00+00:00,10503.218959560927
2026-02-01 21:00:00+00:00,10507.559659560926
2026-02-01 22:00:00+00:00,10544.383159560926
2026-02-01 23:00:00+00:00,10498.871959560925
2026-02-02 00:00:00+00:00,10516.505659560926
2026-02-02 01:00:00+00:00,10471.96165531067
2026-02-02 02:00:00+00:00,10481.814855310671
2026-02-02 03:00:00+00:00,10547.019855310671
2026-02-02 04:00:00+00:00,10559.05285531067
2026-02-02 05:00:00+00:00,10584.24655531067
2026-02-02 06:00:00+00:00,10609.868655310669
2026-02-02 07:00:00+00:00,10542.98155531067
2026-02-02 08:00:00+00:00,10536.59965531067
2026-02-02 09:00:00+00:00,10522.680982061336
2026-02-02 10:00:00+00:00,10463.648209691255
2026-02-02 11:00:00+00:00,10463.648209691255
2026-02-02 12:00:00+00:00,10463.648209691255
2026-02-02 13:00:00+00:00,10463.648209691255
2026-02-02 14:00:00+00:00,10463.648209691255
2026-02-02 15:00:00+00:00,10463.648209691255
2026-02-02 16:00:00+00:00,10463.648209691255
2026-02-02 17:00:00+00:00,10463.648209691255
2026-02-02 18:00:00+00:00,10463.648209691255
2026-02-02 19:00:00+00:00,10463.648209691255
2026-02-02 20:00:00+00:00,10463.648209691255
2026-02-02 21:00:00+00:00,10463.648209691255
2026-02-02 22:00:00+00:00,10463.648209691255
2026-02-02 23:00:00+00:00,10463.648209691255
2026-02-03 00:00:00+00:00,10463.648209691255
2026-02-03 01:00:00+00:00,10463.648209691255
2026-02-03 02:00:00+00:00,10463.648209691255
2026-02-03 03:00:00+00:00,10463.648209691255
2026-02-03 04:00:00+00:00,10463.648209691255
2026-02-03 05:00:00+00:00,10463.648209691255
2026-02-03 06:00:00+00:00,10463.648209691255
2026-02-03 07:00:00+00:00,10463.648209691255
2026-02-03 08:00:00+00:00,10463.648209691255
2026-02-03 09:00:00+00:00,10463.648209691255
2026-02-03 10:00:00+00:00,10463.648209691255
2026-02-03 11:00:00+00:00,10463.648209691255
2026-02-03 12:00:00+00:00,10463.648209691255
2026-02-03 13:00:00+00:00,10463.648209691255
2026-02-03 14:00:00+00:00,10463.648209691255
2026-02-03 15:00:00+00:00,10463.648209691255
2026-02-03 16:00:00+00:00,10463.648209691255
2026-02-03 17:00:00+00:00,10463.648209691255
2026-02-03 18:00:00+00:00,10463.648209691255
2026-02-03 19:00:00+00:00,10463.648209691255
2026-02-03 20:00:00+00:00,10367.558066456766
2026-02-03 21:00:00+00:00,10287.576866456768
2026-02-03 22:00:00+00:00,10299.640866456768
2026-02-03 23:00:00+00:00,10327.065666456767
2026-02-04 00:00:00+00:00,10323.950866456767
2026-02-04 01:00:00+00:00,10316.748352777679
2026-02-04 02:00:00+00:00,10289.656352777678
2026-02-04 03:00:00+00:00,10313.84675277768
2026-02-04 04:00:00+00:00,10275.663152777679
2026-02-04 05:00:00+00:00,10286.74435277768
2026-02-04 06:00:00+00:00,10296.78035277768
2026-02-04 07:00:00+00:00,10277.961552777679
2026-02-04 08:00:00+00:00,10285.13755277768
2026-02-04 09:00:00+00:00,10282.033972596106
2026-02-04 10:00:00+00:00,10305.922772596106
2026-02-04 11:00:00+00:00,10296.307972596107
2026-02-04 12:00:00+00:00,10310.826372596106
2026-02-04 13:00:00+00:00,10301.861572596106
2026-02-04 14:00:00+00:00,10370.584772596107
2026-02-04 15:00:00+00:00,10397.078772596107
2026-02-04 16:00:00+00:00,10408.617572596107
2026-02-04 17:00:00+00:00,10434.686330181627
2026-02-04 18:00:00+00:00,10490.061130181626
2026-02-04 19:00:00+00:00,10445.642730181627
2026-02-04 20:00:00+00:00,10419.803930181626
2026-02-04 21:00:00+00:00,10440.936730181627
2026-02-04 22:00:00+00:00,10478.173930181627
2026-02-04 23:00:00+00:00,10491.782330181626
2026-02-05 00:00:00+00:00,10459.214730181628
2026-02-05 01:00:00+00:00,10475.085593131127
2026-02-05 02:00:00+00:00,10498.469993131128
2026-02-05 03:00:00+00:00,10548.395193131128
2026-02-05 04:00:00+00:00,10560.365593131128
2026-02-05 05:00:00+00:00,10577.301993131126
2026-02-05 06:00:00+00:00,10586.573593131128
2026-02-05 07:00:00+00:00,10575.315593131127
2026-02-05 08:00:00+00:00,10585.471193131127
2026-02-05 09:00:00+00:00,10569.632551297984
2026-02-05 10:00:00+00:00,10543.070951297985
2026-02-05 11:00:00+00:00,10580.063751297983
2026-02-05 12:00:00+00:00,10608.211351297983
2026-02-05 13:00:00+00:00,10647.008551297984
2026-02-05 14:00:00+00:00,10640.591751297983
2026-02-05 15:00:00+00:00,10655.713351297984
2026-02-05 16:00:00+00:00,10755.220551297984
2026-02-05 17:00:00+00:00,10712.885084324704
2026-02-05 18:00:00+00:00,10822.542684324704
2026-02-05 19:00:00+00:00,10814.316284324703
2026-02-05 20:00:00+00:00,10863.776128325997
2026-02-05 21:00:00+00:00,10920.892048035998
2026-02-05 22:00:00+00:00,10943.376048035998
2026-02-05 23:00:00+00:00,10915.780048035997
2026-02-06 00:00:00+00:00,10956.204048035997
2026-02-06 01:00:00+00:00,10932.471887893716
2026-02-06 02:00:00+00:00,10844.247887893716
2026-02-06 03:00:00+00:00,10872.663887893717
2026-02-06 04:00:00+00:00,10905.363887893716
2026-02-06 05:00:00+00:00,10876.283887893716
2026-02-06 06:00:00+00:00,10816.275887893717
2026-02-06 07:00:00+00:00,10872.983887893717
2026-02-06 08:00:00+00:00,10878.439887893717
2026-02-06 09:00:00+00:00,10876.529033611478
2026-02-06 10:00:00+00:00,10840.217033611478
2026-02-06 11:00:00+00:00,10833.357033611479
2026-02-06 12:00:00+00:00,10807.089033611477
2026-02-06 13:00:00+00:00,10809.629033611478
2026-02-06 14:00:00+00:00,10779.537033611477
2026-02-06 15:00:00+00:00,10744.569033611479
2026-02-06 16:00:00+00:00,10727.433033611478
2026-02-06 17:00:00+00:00,10674.323318593479
2026-02-06 18:00:00+00:00,10649.551915456845
2026-02-06 19:00:00+00:00,10649.551915456845
2026-02-06 20:00:00+00:00,10649.551915456845
2026-02-06 21:00:00+00:00,10649.551915456845
2026-02-06 22:00:00+00:00,10649.551915456845
2026-02-06 23:00:00+00:00,10649.551915456845
2026-02-07 00:00:00+00:00,10649.551915456845
2026-02-07 01:00:00+00:00,10649.551915456845
2026-02-07 02:00:00+00:00,10649.551915456845
2026-02-07 03:00:00+00:00,10649.551915456845
2026-02-07 04:00:00+00:00,10649.551915456845
2026-02-07 05:00:00+00:00,10649.551915456845
2026-02-07 06:00:00+00:00,10649.551915456845
2026-02-07 07:00:00+00:00,10649.551915456845
2026-02-07 08:00:00+00:00,10649.551915456845
2026-02-07 09:00:00+00:00,10649.551915456845
2026-02-07 10:00:00+00:00,10649.551915456845
2026-02-07 11:00:00+00:00,10649.551915456845
2026-02-07 12:00:00+00:00,10649.551915456845
2026-02-07 13:00:00+00:00,10649.551915456845
2026-02-07 14:00:00+00:00,10649.551915456845
2026-02-07 15:00:00+00:00,10649.551915456845
2026-02-07 16:00:00+00:00,10649.551915456845
2026-02-07 17:00:00+00:00,10649.551915456845
2026-02-07 18:00:00+00:00,10649.551915456845
2026-02-07 19:00:00+00:00,10649.551915456845
2026-02-07 20:00:00+00:00,10649.551915456845
2026-02-07 21:00:00+00:00,10649.551915456845
2026-02-07 22:00:00+00:00,10649.551915456845
2026-02-07 23:00:00+00:00,10649.551915456845
2026-02-08 00:00:00+00:00,10649.551915456845
2026-02-08 01:00:00+00:00,10649.551915456845
2026-02-08 02:00:00+00:00,10649.551915456845
2026-02-08 03:00:00+00:00,10649.551915456845
2026-02-08 04:00:00+00:00,10649.551915456845
2026-02-08 05:00:00+00:00,10649.551915456845
2026-02-08 06:00:00+00:00,10649.551915456845
2026-02-08 07:00:00+00:00,10649.551915456845
2026-02-08 08:00:00+00:00,10649.551915456845
2026-02-08 09:00:00+00:00,10649.551915456845
2026-02-08 10:00:00+00:00,10649.551915456845
2026-02-08 11:00:00+00:00,10649.551915456845
2026-02-08 12:00:00+00:00,10649.551915456845
2026-02-08 13:00:00+00:00,10649.551915456845
2026-02-08 14:00:00+00:00,10649.551915456845
2026-02-08 15:00:00+00:00,10649.551915456845
2026-02-08 16:00:00+00:00,10649.551915456845
2026-02-08 17:00:00+00:00,10649.551915456845
2026-02-08 18:00:00+00:00,10649.551915456845
2026-02-08 19:00:00+00:00,10649.551915456845
2026-02-08 20:00:00+00:00,10649.551915456845
2026-02-08 21:00:00+00:00,10649.551915456845
2026-02-08 22:00:00+00:00,10649.551915456845
2026-02-08 23:00:00+00:00,10649.551915456845
2026-02-09 00:00:00+00:00,10649.551915456845
2026-02-09 01:00:00+00:00,10649.551915456845
2026-02-09 02:00:00+00:00,10649.551915456845
2026-02-09 03:00:00+00:00,10649.551915456845
2026-02-09 04:00:00+00:00,10649.551915456845
2026-02-09 05:00:00+00:00,10649.551915456845
2026-02-09 06:00:00+00:00,10649.551915456845
2026-02-09 07:00:00+00:00,10649.551915456845
2026-02-09 08:00:00+00:00,10649.551915456845
2026-02-09 09:00:00+00:00,10649.551915456845
2026-02-09 10:00:00+00:00,10649.551915456845
2026-02-09 11:00:00+00:00,10649.551915456845
2026-02-09 12:00:00+00:00,10649.551915456845
2026-02-09 13:00:00+00:00,10649.551915456845
2026-02-09 14:00:00+00:00,10649.551915456845
2026-02-09 15:00:00+00:00,10649.551915456845
2026-02-09 16:00:00+00:00,10649.551915456845
2026-02-09 17:00:00+00:00,10649.551915456845
2026-02-09 18:00:00+00:00,10649.551915456845
2026-02-09 19:00:00+00:00,10649.551915456845
2026-02-09 20:00:00+00:00,10649.551915456845
2026-02-09 21:00:00+00:00,10649.551915456845
2026-02-09 22:00:00+00:00,10649.551915456845
2026-02-09 23:00:00+00:00,10649.551915456845
2026-02-10 00:00:00+00:00,10649.551915456845
2026-02-10 01:00:00+00:00,10649.551915456845
2026-02-10 02:00:00+00:00,10649.551915456845
2026-02-10 03:00:00+00:00,10649.551915456845
2026-02-10 04:00:00+00:00,10649.551915456845
2026-02-10 05:00:00+00:00,10649.551915456845
2026-02-10 06:00:00+00:00,10649.551915456845
2026-02-10 07:00:00+00:00,10649.551915456845
2026-02-10 08:00:00+00:00,10649.551915456845
2026-02-10 09:00:00+00:00,10649.551915456845
2026-02-10 10:00:00+00:00,10649.551915456845
2026-02-10 11:00:00+00:00,10649.551915456845
2026-02-10 12:00:00+00:00,10649.551915456845
2026-02-10 13:00:00+00:00,10649.551915456845
2026-02-10 14:00:00+00:00,10649.551915456845
2026-02-10 15:00:00+00:00,10649.551915456845
2026-02-10 16:00:00+00:00,10649.551915456845
2026-02-10 17:00:00+00:00,10649.551915456845
2026-02-10 18:00:00+00:00,10649.551915456845
2026-02-10 19:00:00+00:00,10649.551915456845
2026-02-10 20:00:00+00:00,10649.551915456845
2026-02-10 21:00:00+00:00,10649.551915456845
2026-02-10 22:00:00+00:00,10649.551915456845
2026-02-10 23:00:00+00:00,10649.551915456845
2026-02-11 00:00:00+00:00,10649.551915456845
2026-02-11 01:00:00+00:00,10649.551915456845
2026-02-11 02:00:00+00:00,10649.551915456845
2026-02-11 03:00:00+00:00,10649.551915456845
2026-02-11 04:00:00+00:00,10649.551915456845
2026-02-11 05:00:00+00:00,10649.551915456845
2026-02-11 06:00:00+00:00,10649.551915456845
2026-02-11 07:00:00+00:00,10649.551915456845
2026-02-11 08:00:00+00:00,10649.551915456845
2026-02-11 09:00:00+00:00,10649.551915456845
2026-02-11 10:00:00+00:00,10649.551915456845
2026-02-11 11:00:00+00:00,10649.551915456845
2026-02-11 12:00:00+00:00,10649.551915456845
2026-02-11 13:00:00+00:00,10649.551915456845
2026-02-11 14:00:00+00:00,10649.551915456845
2026-02-11 15:00:00+00:00,10649.551915456845
2026-02-11 16:00:00+00:00,10649.551915456845
2026-02-11 17:00:00+00:00,10649.551915456845
2026-02-11 18:00:00+00:00,10649.551915456845
2026-02-11 19:00:00+00:00,10649.551915456845
2026-02-11 20:00:00+00:00,10649.551915456845
2026-02-11 21:00:00+00:00,10649.551915456845
2026-02-11 22:00:00+00:00,10649.551915456845
2026-02-11 23:00:00+00:00,10649.551915456845
2026-02-12 00:00:00+00:00,10649.551915456845
2026-02-12 01:00:00+00:00,10649.551915456845
2026-02-12 02:00:00+00:00,10649.551915456845
2026-02-12 03:00:00+00:00,10649.551915456845
2026-02-12 04:00:00+00:00,10649.551915456845
2026-02-12 05:00:00+00:00,10649.551915456845
2026-02-12 06:00:00+00:00,10649.551915456845
2026-02-12 07:00:00+00:00,10649.551915456845
2026-02-12 08:00:00+00:00,10649.551915456845
2026-02-12 09:00:00+00:00,10649.551915456845
2026-02-12 10:00:00+00:00,10649.551915456845
2026-02-12 11:00:00+00:00,10649.551915456845
2026-02-12 12:00:00+00:00,10649.551915456845
2026-02-12 13:00:00+00:00,10649.551915456845
2026-02-12 14:00:00+00:00,10649.551915456845
2026-02-12 15:00:00+00:00,10649.551915456845
2026-02-12 16:00:00+00:00,10649.551915456845
2026-02-12 17:00:00+00:00,10649.551915456845
2026-02-12 18:00:00+00:00,10649.551915456845
2026-02-12 19:00:00+00:00,10649.551915456845
2026-02-12 20:00:00+00:00,10649.551915456845
2026-02-12 21:00:00+00:00,10649.551915456845
2026-02-12 22:00:00+00:00,10649.551915456845
2026-02-12 23:00:00+00:00,10649.551915456845
2026-02-13 00:00:00+00:00,10649.551915456845
2026-02-13 01:00:00+00:00,10649.551915456845
2026-02-13 02:00:00+00:00,10649.551915456845
2026-02-13 03:00:00+00:00,10649.551915456845
2026-02-13 04:00:00+00:00,10649.551915456845
2026-02-13 05:00:00+00:00,10649.551915456845
2026-02-13 06:00:00+00:00,10649.551915456845
2026-02-13 07:00:00+00:00,10649.551915456845
2026-02-13 08:00:00+00:00,10649.551915456845
2026-02-13 09:00:00+00:00,10649.551915456845
2026-02-13 10:00:00+00:00,10649.551915456845
2026-02-13 11:00:00+00:00,10649.551915456845
2026-02-13 12:00:00+00:00,10649.551915456845
2026-02-13 13:00:00+00:00,10649.551915456845
2026-02-13 14:00:00+00:00,10649.551915456845
2026-02-13 15:00:00+00:00,10649.551915456845
2026-02-13 16:00:00+00:00,10649.551915456845
2026-02-13 17:00:00+00:00,10649.551915456845
2026-02-13 18:00:00+00:00,10649.551915456845
2026-02-13 19:00:00+00:00,10649.551915456845
2026-02-13 20:00:00+00:00,10649.551915456845
2026-02-13 21:00:00+00:00,10649.551915456845
2026-02-13 22:00:00+00:00,10649.551915456845
2026-02-13 23:00:00+00:00,10649.551915456845
2026-02-14 00:00:00+00:00,10649.551915456845
2026-02-14 01:00:00+00:00,10649.551915456845
2026-02-14 02:00:00+00:00,10649.551915456845
2026-02-14 03:00:00+00:00,10649.551915456845
2026-02-14 04:00:00+00:00,10649.551915456845
2026-02-14 05:00:00+00:00,10649.551915456845
2026-02-14 06:00:00+00:00,10649.551915456845
2026-02-14 07:00:00+00:00,10649.551915456845
2026-02-14 08:00:00+00:00,10649.551915456845
2026-02-14 09:00:00+00:00,10649.551915456845
2026-02-14 10:00:00+00:00,10649.551915456845
2026-02-14 11:00:00+00:00,10649.551915456845
2026-02-14 12:00:00+00:00,10649.551915456845
2026-02-14 13:00:00+00:00,10649.551915456845
2026-02-14 14:00:00+00:00,10649.551915456845
2026-02-14 15:00:00+00:00,10649.551915456845
2026-02-14 16:00:00+00:00,10649.551915456845
2026-02-14 17:00:00+00:00,10649.551915456845
2026-02-14 18:00:00+00:00,10649.551915456845
2026-02-14 19:00:00+00:00,10649.551915456845
2026-02-14 20:00:00+00:00,10649.551915456845
2026-02-14 21:00:00+00:00,10649.551915456845
2026-02-14 22:00:00+00:00,10649.551915456845
2026-02-14 23:00:00+00:00,10649.551915456845
2026-02-15 00:00:00+00:00,10649.551915456845
2026-02-15 01:00:00+00:00,10649.551915456845
2026-02-15 02:00:00+00:00,10649.551915456845
2026-02-15 03:00:00+00:00,10649.551915456845
2026-02-15 04:00:00+00:00,10649.551915456845
2026-02-15 05:00:00+00:00,10649.551915456845
2026-02-15 06:00:00+00:00,10649.551915456845
2026-02-15 07:00:00+00:00,10649.551915456845
2026-02-15 08:00:00+00:00,10649.551915456845
2026-02-15 09:00:00+00:00,10649.551915456845
2026-02-15 10:00:00+00:00,10649.551915456845
2026-02-15 11:00:00+00:00,10649.551915456845
2026-02-15 12:00:00+00:00,10649.551915456845
2026-02-15 13:00:00+00:00,10649.551915456845
2026-02-15 14:00:00+00:00,10649.551915456845
2026-02-15 15:00:00+00:00,10649.551915456845
2026-02-15 16:00:00+00:00,10649.551915456845
2026-02-15 17:00:00+00:00,10649.551915456845
2026-02-15 18:00:00+00:00,10649.551915456845
2026-02-15 19:00:00+00:00,10649.551915456845
2026-02-15 20:00:00+00:00,10649.551915456845
2026-02-15 21:00:00+00:00,10649.551915456845
2026-02-15 22:00:00+00:00,10649.551915456845
2026-02-15 23:00:00+00:00,10649.551915456845
2026-02-16 00:00:00+00:00,10649.551915456845
2026-02-16 01:00:00+00:00,10649.551915456845
2026-02-16 02:00:00+00:00,10649.551915456845
2026-02-16 03:00:00+00:00,10649.551915456845
2026-02-16 04:00:00+00:00,10649.551915456845
2026-02-16 05:00:00+00:00,10649.551915456845
2026-02-16 06:00:00+00:00,10649.551915456845
2026-02-16 07:00:00+00:00,10649.551915456845
2026-02-16 08:00:00+00:00,10649.551915456845
2026-02-16 09:00:00+00:00,10649.551915456845
2026-02-16 10:00:00+00:00,10649.551915456845
2026-02-16 11:00:00+00:00,10649.551915456845
2026-02-16 12:00:00+00:00,10649.551915456845
2026-02-16 13:00:00+00:00,10649.551915456845
2026-02-16 14:00:00+00:00,10649.551915456845
2026-02-16 15:00:00+00:00,10649.551915456845
2026-02-16 16:00:00+00:00,10649.551915456845
2026-02-16 17:00:00+00:00,10649.551915456845
2026-02-16 18:00:00+00:00,10649.551915456845
2026-02-16 19:00:00+00:00,10649.551915456845
2026-02-16 20:00:00+00:00,10649.551915456845
2026-02-16 21:00:00+00:00,10649.551915456845
2026-02-16 22:00:00+00:00,10649.551915456845
2026-02-16 23:00:00+00:00,10649.551915456845
2026-02-17 00:00:00+00:00,10649.551915456845
2026-02-17 01:00:00+00:00,10649.551915456845
2026-02-17 02:00:00+00:00,10649.551915456845
2026-02-17 03:00:00+00:00,10649.551915456845
2026-02-17 04:00:00+00:00,10649.551915456845
2026-02-17 05:00:00+00:00,10649.551915456845
2026-02-17 06:00:00+00:00,10649.551915456845
2026-02-17 07:00:00+00:00,10649.551915456845
2026-02-17 08:00:00+00:00,10649.551915456845
2026-02-17 09:00:00+00:00,10649.551915456845
2026-02-17 10:00:00+00:00,10649.551915456845
2026-02-17 11:00:00+00:00,10649.551915456845
2026-02-17 12:00:00+00:00,10649.551915456845
2026-02-17 13:00:00+00:00,10649.551915456845
2026-02-17 14:00:00+00:00,10649.551915456845
2026-02-17 15:00:00+00:00,10649.551915456845
2026-02-17 16:00:00+00:00,10649.551915456845
2026-02-17 17:00:00+00:00,10649.551915456845
2026-02-17 18:00:00+00:00,10649.551915456845
2026-02-17 19:00:00+00:00,10649.551915456845
2026-02-17 20:00:00+00:00,10649.551915456845
2026-02-17 21:00:00+00:00,10649.551915456845
2026-02-17 22:00:00+00:00,10649.551915456845
2026-02-17 23:00:00+00:00,10649.551915456845
2026-02-18 00:00:00+00:00,10649.551915456845
2026-02-18 01:00:00+00:00,10649.551915456845
2026-02-18 02:00:00+00:00,10649.551915456845
2026-02-18 03:00:00+00:00,10649.551915456845
2026-02-18 04:00:00+00:00,10649.551915456845
2026-02-18 05:00:00+00:00,10649.551915456845
2026-02-18 06:00:00+00:00,10649.551915456845
2026-02-18 07:00:00+00:00,10649.551915456845
2026-02-18 08:00:00+00:00,10649.551915456845
2026-02-18 09:00:00+00:00,10649.551915456845
2026-02-18 10:00:00+00:00,10649.551915456845
2026-02-18 11:00:00+00:00,10649.551915456845
2026-02-18 12:00:00+00:00,10649.551915456845
2026-02-18 13:00:00+00:00,10649.551915456845
2026-02-18 14:00:00+00:00,10649.551915456845
2026-02-18 15:00:00+00:00,10649.551915456845
2026-02-18 16:00:00+00:00,10649.551915456845
2026-02-18 17:00:00+00:00,10649.551915456845
2026-02-18 18:00:00+00:00,10649.551915456845
2026-02-18 19:00:00+00:00,10649.551915456845
2026-02-18 20:00:00+00:00,10649.551915456845
2026-02-18 21:00:00+00:00,10649.551915456845
2026-02-18 22:00:00+00:00,10649.551915456845
2026-02-18 23:00:00+00:00,10649.551915456845
2026-02-19 00:00:00+00:00,10649.551915456845
2026-02-19 01:00:00+00:00,10649.551915456845
2026-02-19 02:00:00+00:00,10649.551915456845
2026-02-19 03:00:00+00:00,10649.551915456845
2026-02-19 04:00:00+00:00,10649.551915456845
2026-02-19 05:00:00+00:00,10649.551915456845
2026-02-19 06:00:00+00:00,10649.551915456845
2026-02-19 07:00:00+00:00,10649.551915456845
2026-02-19 08:00:00+00:00,10649.551915456845
2026-02-19 09:00:00+00:00,10649.551915456845
2026-02-19 10:00:00+00:00,10649.551915456845
2026-02-19 11:00:00+00:00,10649.551915456845
2026-02-19 12:00:00+00:00,10649.551915456845
2026-02-19 13:00:00+00:00,10649.551915456845
2026-02-19 14:00:00+00:00,10649.551915456845
2026-02-19 15:00:00+00:00,10649.551915456845
2026-02-19 16:00:00+00:00,10649.551915456845
2026-02-19 17:00:00+00:00,10649.551915456845
2026-02-19 18:00:00+00:00,10649.551915456845
2026-02-19 19:00:00+00:00,10649.551915456845
2026-02-19 20:00:00+00:00,10649.551915456845
2026-02-19 21:00:00+00:00,10649.551915456845
2026-02-19 22:00:00+00:00,10649.551915456845
2026-02-19 23:00:00+00:00,10649.551915456845
2026-02-20 00:00:00+00:00,10649.551915456845
2026-02-20 01:00:00+00:00,10649.551915456845
2026-02-20 02:00:00+00:00,10649.551915456845
2026-02-20 03:00:00+00:00,10649.551915456845
2026-02-20 04:00:00+00:00,10649.551915456845
2026-02-20 05:00:00+00:00,10649.551915456845
2026-02-20 06:00:00+00:00,10649.551915456845
2026-02-20 07:00:00+00:00,10649.551915456845
2026-02-20 08:00:00+00:00,10649.551915456845
2026-02-20 09:00:00+00:00,10649.551915456845
2026-02-20 10:00:00+00:00,10649.551915456845
2026-02-20 11:00:00+00:00,10649.551915456845
2026-02-20 12:00:00+00:00,10649.551915456845
2026-02-20 13:00:00+00:00,10649.551915456845
2026-02-20 14:00:00+00:00,10649.551915456845
2026-02-20 15:00:00+00:00,10649.551915456845
2026-02-20 16:00:00+00:00,10649.551915456845
2026-02-20 17:00:00+00:00,10649.551915456845
2026-02-20 18:00:00+00:00,10649.551915456845
2026-02-20 19:00:00+00:00,10649.551915456845
2026-02-20 20:00:00+00:00,10649.551915456845
2026-02-20 21:00:00+00:00,10649.551915456845
2026-02-20 22:00:00+00:00,10649.551915456845
2026-02-20 23:00:00+00:00,10649.551915456845
2026-02-21 00:00:00+00:00,10649.551915456845
2026-02-21 01:00:00+00:00,10649.551915456845
2026-02-21 02:00:00+00:00,10649.551915456845
2026-02-21 03:00:00+00:00,10649.551915456845
2026-02-21 04:00:00+00:00,10649.551915456845
2026-02-21 05:00:00+00:00,10649.551915456845
2026-02-21 06:00:00+00:00,10649.551915456845
2026-02-21 07:00:00+00:00,10649.551915456845
2026-02-21 08:00:00+00:00,10649.551915456845
2026-02-21 09:00:00+00:00,10649.551915456845
2026-02-21 10:00:00+00:00,10649.551915456845
2026-02-21 11:00:00+00:00,10649.551915456845
2026-02-21 12:00:00+00:00,10649.551915456845
2026-02-21 13:00:00+00:00,10649.551915456845
2026-02-21 14:00:00+00:00,10649.551915456845
2026-02-21 15:00:00+00:00,10649.551915456845
2026-02-21 16:00:00+00:00,10649.551915456845
2026-02-21 17:00:00+00:00,10649.551915456845
2026-02-21 18:00:00+00:00,10649.551915456845
2026-02-21 19:00:00+00:00,10649.551915456845
2026-02-21 20:00:00+00:00,10649.551915456845
2026-02-21 21:00:00+00:00,10649.551915456845
2026-02-21 22:00:00+00:00,10649.551915456845
2026-02-21 23:00:00+00:00,10649.551915456845
2026-02-22 00:00:00+00:00,10649.551915456845
2026-02-22 01:00:00+00:00,10649.551915456845
2026-02-22 02:00:00+00:00,10649.551915456845
2026-02-22 03:00:00+00:00,10649.551915456845
2026-02-22 04:00:00+00:00,10649.551915456845
2026-02-22 05:00:00+00:00,10649.551915456845
2026-02-22 06:00:00+00:00,10649.551915456845
2026-02-22 07:00:00+00:00,10649.551915456845
2026-02-22 08:00:00+00:00,10649.551915456845
2026-02-22 09:00:00+00:00,10649.551915456845
2026-02-22 10:00:00+00:00,10649.551915456845
2026-02-22 11:00:00+00:00,10649.551915456845
2026-02-22 12:00:00+00:00,10649.551915456845
2026-02-22 13:00:00+00:00,10649.551915456845
2026-02-22 14:00:00+00:00,10649.551915456845
2026-02-22 15:00:00+00:00,10649.551915456845
2026-02-22 16:00:00+00:00,10649.551915456845
2026-02-22 17:00:00+00:00,10649.551915456845
2026-02-22 18:00:00+00:00,10649.551915456845
2026-02-22 19:00:00+00:00,10649.551915456845
2026-02-22 20:00:00+00:00,10649.551915456845
2026-02-22 21:00:00+00:00,10649.551915456845
2026-02-22 22:00:00+00:00,10649.551915456845
2026-02-22 23:00:00+00:00,10649.551915456845
2026-02-23 00:00:00+00:00,10649.551915456845
2026-02-23 01:00:00+00:00,10649.551915456845
2026-02-23 02:00:00+00:00,10649.551915456845
2026-02-23 03:00:00+00:00,10605.346268194317
2026-02-23 04:00:00+00:00,10589.125068194317
2026-02-23 05:00:00+00:00,10601.611968194316
2026-02-23 06:00:00+00:00,10574.369768194318
2026-02-23 07:00:00+00:00,10500.989168194317
2026-02-23 08:00:00+00:00,10479.792468194317
2026-02-23 09:00:00+00:00,10508.752942057034
2026-02-23 10:00:00+00:00,10437.043618535312
2026-02-23 11:00:00+00:00,10437.043618535312
2026-02-23 12:00:00+00:00,10437.043618535312
2026-02-23 13:00:00+00:00,10437.043618535312
2026-02-23 14:00:00+00:00,10437.043618535312
2026-02-23 15:00:00+00:00,10437.043618535312
2026-02-23 16:00:00+00:00,10437.043618535312
2026-02-23 17:00:00+00:00,10437.043618535312
2026-02-23 18:00:00+00:00,10437.043618535312
2026-02-23 19:00:00+00:00,10437.043618535312
2026-02-23 20:00:00+00:00,10437.043618535312
2026-02-23 21:00:00+00:00,10437.043618535312
2026-02-23 22:00:00+00:00,10437.043618535312
2026-02-23 23:00:00+00:00,10437.043618535312
2026-02-24 00:00:00+00:00,10437.043618535312
2026-02-24 01:00:00+00:00,10437.043618535312
2026-02-24 02:00:00+00:00,10437.043618535312
2026-02-24 03:00:00+00:00,10437.043618535312
2026-02-24 04:00:00+00:00,10437.043618535312
2026-02-24 05:00:00+00:00,10437.043618535312
2026-02-24 06:00:00+00:00,10437.043618535312
2026-02-24 07:00:00+00:00,10437.043618535312
2026-02-24 08:00:00+00:00,10437.043618535312
2026-02-24 09:00:00+00:00,10437.043618535312
2026-02-24 10:00:00+00:00,10437.043618535312
2026-02-24 11:00:00+00:00,10437.043618535312
2026-02-24 12:00:00+00:00,10437.043618535312
2026-02-24 13:00:00+00:00,10437.043618535312
2026-02-24 14:00:00+00:00,10437.043618535312
2026-02-24 15:00:00+00:00,10437.043618535312
2026-02-24 16:00:00+00:00,10437.043618535312
2026-02-24 17:00:00+00:00,10437.043618535312
2026-02-24 18:00:00+00:00,10437.043618535312
2026-02-24 19:00:00+00:00,10437.043618535312
2026-02-24 20:00:00+00:00,10437.043618535312
2026-02-24 21:00:00+00:00,10437.043618535312
2026-02-24 22:00:00+00:00,10437.043618535312
2026-02-24 23:00:00+00:00,10437.043618535312
2026-02-25 00:00:00+00:00,10437.043618535312
2026-02-25 01:00:00+00:00,10437.043618535312
2026-02-25 02:00:00+00:00,10437.043618535312
2026-02-25 03:00:00+00:00,10437.043618535312
2026-02-25 04:00:00+00:00,10437.043618535312
2026-02-25 05:00:00+00:00,10437.043618535312
2026-02-25 06:00:00+00:00,10437.043618535312
2026-02-25 07:00:00+00:00,10437.043618535312
2026-02-25 08:00:00+00:00,10437.043618535312
2026-02-25 09:00:00+00:00,10437.043618535312
2026-02-25 10:00:00+00:00,10437.043618535312
2026-02-25 11:00:00+00:00,10437.043618535312
2026-02-25 12:00:00+00:00,10437.043618535312
2026-02-25 13:00:00+00:00,10437.043618535312
2026-02-25 14:00:00+00:00,10437.043618535312
2026-02-25 15:00:00+00:00,10437.043618535312
2026-02-25 16:00:00+00:00,10437.043618535312
2026-02-25 17:00:00+00:00,10437.043618535312
2026-02-25 18:00:00+00:00,10437.043618535312
2026-02-25 19:00:00+00:00,10437.043618535312
2026-02-25 20:00:00+00:00,10437.043618535312
2026-02-25 21:00:00+00:00,10437.043618535312
2026-02-25 22:00:00+00:00,10437.043618535312
2026-02-25 23:00:00+00:00,10437.043618535312
2026-02-26 00:00:00+00:00,10437.043618535312
2026-02-26 01:00:00+00:00,10437.043618535312
2026-02-26 02:00:00+00:00,10437.043618535312
2026-02-26 03:00:00+00:00,10437.043618535312
2026-02-26 04:00:00+00:00,10437.043618535312
2026-02-26 05:00:00+00:00,10437.043618535312
2026-02-26 06:00:00+00:00,10437.043618535312
2026-02-26 07:00:00+00:00,10437.043618535312
2026-02-26 08:00:00+00:00,10437.043618535312
2026-02-26 09:00:00+00:00,10437.043618535312
2026-02-26 10:00:00+00:00,10437.043618535312
2026-02-26 11:00:00+00:00,10437.043618535312
2026-02-26 12:00:00+00:00,10437.043618535312
2026-02-26 13:00:00+00:00,10437.043618535312
2026-02-26 14:00:00+00:00,10437.043618535312
2026-02-26 15:00:00+00:00,10437.043618535312
2026-02-26 16:00:00+00:00,10437.043618535312
2026-02-26 17:00:00+00:00,10437.043618535312
2026-02-26 18:00:00+00:00,10437.043618535312
2026-02-26 19:00:00+00:00,10437.043618535312
2026-02-26 20:00:00+00:00,10437.043618535312
2026-02-26 21:00:00+00:00,10437.043618535312
2026-02-26 22:00:00+00:00,10437.043618535312
2026-02-26 23:00:00+00:00,10437.043618535312
2026-02-27 00:00:00+00:00,10437.043618535312
2026-02-27 01:00:00+00:00,10437.043618535312
2026-02-27 02:00:00+00:00,10437.043618535312
2026-02-27 03:00:00+00:00,10437.043618535312
2026-02-27 04:00:00+00:00,10437.043618535312
2026-02-27 05:00:00+00:00,10437.043618535312
2026-02-27 06:00:00+00:00,10437.043618535312
2026-02-27 07:00:00+00:00,10437.043618535312
2026-02-27 08:00:00+00:00,10437.043618535312
2026-02-27 09:00:00+00:00,10437.043618535312
2026-02-27 10:00:00+00:00,10437.043618535312
2026-02-27 11:00:00+00:00,10437.043618535312
2026-02-27 12:00:00+00:00,10437.043618535312
2026-02-27 13:00:00+00:00,10437.043618535312
2026-02-27 14:00:00+00:00,10437.043618535312
2026-02-27 15:00:00+00:00,10437.043618535312
2026-02-27 16:00:00+00:00,10437.043618535312
2026-02-27 17:00:00+00:00,10437.043618535312
2026-02-27 18:00:00+00:00,10437.043618535312
2026-02-27 19:00:00+00:00,10437.043618535312
2026-02-27 20:00:00+00:00,10437.043618535312
2026-02-27 21:00:00+00:00,10437.043618535312
2026-02-27 22:00:00+00:00,10437.043618535312
2026-02-27 23:00:00+00:00,10437.043618535312
2026-02-28 00:00:00+00:00,10437.043618535312
2026-02-28 01:00:00+00:00,10437.043618535312
2026-02-28 02:00:00+00:00,10437.043618535312
2026-02-28 03:00:00+00:00,10437.043618535312
2026-02-28 04:00:00+00:00,10437.043618535312
2026-02-28 05:00:00+00:00,10437.043618535312
2026-02-28 06:00:00+00:00,10437.043618535312
2026-02-28 07:00:00+00:00,10437.043618535312
2026-02-28 08:00:00+00:00,10437.043618535312
2026-02-28 09:00:00+00:00,10437.043618535312
2026-02-28 10:00:00+00:00,10437.043618535312
2026-02-28 11:00:00+00:00,10437.043618535312
2026-02-28 12:00:00+00:00,10437.043618535312
2026-02-28 13:00:00+00:00,10437.043618535312
2026-02-28 14:00:00+00:00,10437.043618535312
2026-02-28 15:00:00+00:00,10437.043618535312
2026-02-28 16:00:00+00:00,10437.043618535312
2026-02-28 17:00:00+00:00,10437.043618535312
2026-02-28 18:00:00+00:00,10437.043618535312
2026-02-28 19:00:00+00:00,10437.043618535312
2026-02-28 20:00:00+00:00,10437.043618535312
2026-02-28 21:00:00+00:00,10437.043618535312
2026-02-28 22:00:00+00:00,10437.043618535312
2026-02-28 23:00:00+00:00,10437.043618535312
2026-03-01 00:00:00+00:00,10437.043618535312
2026-03-01 01:00:00+00:00,10437.043618535312
2026-03-01 02:00:00+00:00,10437.043618535312
2026-03-01 03:00:00+00:00,10437.043618535312
2026-03-01 04:00:00+00:00,10437.043618535312
2026-03-01 05:00:00+00:00,10437.043618535312
2026-03-01 06:00:00+00:00,10437.043618535312
2026-03-01 07:00:00+00:00,10437.043618535312
2026-03-01 08:00:00+00:00,10437.043618535312
2026-03-01 09:00:00+00:00,10437.043618535312
2026-03-01 10:00:00+00:00,10437.043618535312
2026-03-01 11:00:00+00:00,10437.043618535312
2026-03-01 12:00:00+00:00,10437.043618535312
2026-03-01 13:00:00+00:00,10437.043618535312
2026-03-01 14:00:00+00:00,10437.043618535312
2026-03-01 15:00:00+00:00,10437.043618535312
2026-03-01 16:00:00+00:00,10437.043618535312
2026-03-01 17:00:00+00:00,10437.043618535312
2026-03-01 18:00:00+00:00,10437.043618535312
2026-03-01 19:00:00+00:00,10437.043618535312
2026-03-01 20:00:00+00:00,10437.043618535312
2026-03-01 21:00:00+00:00,10437.043618535312
2026-03-01 22:00:00+00:00,10437.043618535312
2026-03-01 23:00:00+00:00,10437.043618535312
2026-03-02 00:00:00+00:00,10437.043618535312
2026-03-02 01:00:00+00:00,10437.043618535312
2026-03-02 02:00:00+00:00,10437.043618535312
2026-03-02 03:00:00+00:00,10437.043618535312
2026-03-02 04:00:00+00:00,10437.043618535312
2026-03-02 05:00:00+00:00,10437.043618535312
2026-03-02 06:00:00+00:00,10437.043618535312
2026-03-02 07:00:00+00:00,10437.043618535312
2026-03-02 08:00:00+00:00,10437.043618535312
2026-03-02 09:00:00+00:00,10437.043618535312
2026-03-02 10:00:00+00:00,10437.043618535312
2026-03-02 11:00:00+00:00,10437.043618535312
2026-03-02 12:00:00+00:00,10437.043618535312
2026-03-02 13:00:00+00:00,10437.043618535312
2026-03-02 14:00:00+00:00,10437.043618535312
2026-03-02 15:00:00+00:00,10437.043618535312
2026-03-02 16:00:00+00:00,10437.043618535312
2026-03-02 17:00:00+00:00,10437.043618535312
2026-03-02 18:00:00+00:00,10437.043618535312
2026-03-02 19:00:00+00:00,10437.043618535312
2026-03-02 20:00:00+00:00,10437.043618535312
2026-03-02 21:00:00+00:00,10437.043618535312
2026-03-02 22:00:00+00:00,10437.043618535312
2026-03-02 23:00:00+00:00,10437.043618535312
2026-03-03 00:00:00+00:00,10437.043618535312
2026-03-03 01:00:00+00:00,10437.043618535312
2026-03-03 02:00:00+00:00,10437.043618535312
2026-03-03 03:00:00+00:00,10437.043618535312
2026-03-03 04:00:00+00:00,10437.043618535312
2026-03-03 05:00:00+00:00,10437.043618535312
2026-03-03 06:00:00+00:00,10437.043618535312
2026-03-03 07:00:00+00:00,10437.043618535312
2026-03-03 08:00:00+00:00,10437.043618535312
2026-03-03 09:00:00+00:00,10437.043618535312
2026-03-03 10:00:00+00:00,10437.043618535312
2026-03-03 11:00:00+00:00,10437.043618535312
2026-03-03 12:00:00+00:00,10437.043618535312
2026-03-03 13:00:00+00:00,10437.043618535312
2026-03-03 14:00:00+00:00,10437.043618535312
2026-03-03 15:00:00+00:00,10437.043618535312
2026-03-03 16:00:00+00:00,10437.043618535312
2026-03-03 17:00:00+00:00,10437.043618535312
2026-03-03 18:00:00+00:00,10437.043618535312
2026-03-03 19:00:00+00:00,10437.043618535312
2026-03-03 20:00:00+00:00,10437.043618535312
2026-03-03 21:00:00+00:00,10437.043618535312
2026-03-03 22:00:00+00:00,10437.043618535312
2026-03-03 23:00:00+00:00,10437.043618535312
2026-03-04 00:00:00+00:00,10437.043618535312
2026-03-04 01:00:00+00:00,10437.043618535312
2026-03-04 02:00:00+00:00,10437.043618535312
2026-03-04 03:00:00+00:00,10437.043618535312
2026-03-04 04:00:00+00:00,10437.043618535312
2026-03-04 05:00:00+00:00,10437.043618535312
2026-03-04 06:00:00+00:00,10437.043618535312
2026-03-04 07:00:00+00:00,10437.043618535312
2026-03-04 08:00:00+00:00,10437.043618535312
2026-03-04 09:00:00+00:00,10437.043618535312
2026-03-04 10:00:00+00:00,10461.52471332995
2026-03-04 11:00:00+00:00,10451.48131332995
2026-03-04 12:00:00+00:00,10438.45681332995
2026-03-04 13:00:00+00:00,10451.30461332995
2026-03-04 14:00:00+00:00,10459.29031332995
2026-03-04 15:00:00+00:00,10466.848513329951
2026-03-04 16:00:00+00:00,10567.12291332995
2026-03-04 17:00:00+00:00,10561.312646935343
2026-03-04 18:00:00+00:00,10557.493646935343
2026-03-04 19:00:00+00:00,10584.694046935343
2026-03-04 20:00:00+00:00,10580.635646935343
2026-03-04 21:00:00+00:00,10545.956846935343
2026-03-04 22:00:00+00:00,10563.153746935344
2026-03-04 23:00:00+00:00,10529.261546935344
2026-03-05 00:00:00+00:00,10527.124046935343
2026-03-05 01:00:00+00:00,10531.741553167278
2026-03-05 02:00:00+00:00,10519.361153167278
2026-03-05 03:00:00+00:00,10517.143853167277
2026-03-05 04:00:00+00:00,10517.183753167279
2026-03-05 05:00:00+00:00,10535.104553167279
2026-03-05 06:00:00+00:00,10511.785853167277
2026-03-05 07:00:00+00:00,10520.073653167277
2026-03-05 08:00:00+00:00,10491.870053167278
2026-03-05 09:00:00+00:00,10507.74591768401
2026-03-05 10:00:00+00:00,10522.31511768401
2026-03-05 11:00:00+00:00,10566.991717684008
2026-03-05 12:00:00+00:00,10540.367017684008
2026-03-05 13:00:00+00:00,10538.218117684008
2026-03-05 14:00:00+00:00,10515.036217684008
2026-03-05 15:00:00+00:00,10522.970617684008
2026-03-05 16:00:00+00:00,10468.079617684009
2026-03-05 17:00:00+00:00,10448.475915235602
2026-03-05 18:00:00+00:00,10414.310115235603
2026-03-05 19:00:00+00:00,10431.085215235604
2026-03-05 20:00:00+00:00,10426.109115235602
2026-03-05 21:00:00+00:00,10444.959015235603
2026-03-05 22:00:00+00:00,10438.888515235603
2026-03-05 23:00:00+00:00,10442.946915235603
2026-03-06 00:00:00+00:00,10424.929215235603
2026-03-06 01:00:00+00:00,10430.429901193998
2026-03-06 02:00:00+00:00,10445.506401193998
2026-03-06 03:00:00+00:00,10444.771101194
2026-03-06 04:00:00+00:00,10435.725201193998
2026-03-06 05:00:00+00:00,10409.089101193998
2026-03-06 06:00:00+00:00,10398.732201193998
2026-03-06 07:00:00+00:00,10408.370901193997
2026-03-06 08:00:00+00:00,10434.659301193999
2026-03-06 09:00:00+00:00,10419.022726449357
2026-03-06 10:00:00+00:00,10405.981126449356
2026-03-06 11:00:00+00:00,10405.148926449358
2026-03-06 12:00:00+00:00,10386.840526449358
2026-03-06 13:00:00+00:00,10370.287726449356
2026-03-06 14:00:00+00:00,10330.068526449357
2026-03-06 15:00:00+00:00,10283.214526449357
2026-03-06 16:00:00+00:00,10288.960126449356
2026-03-06 17:00:00+00:00,10285.727649051212
2026-03-06 18:00:00+00:00,10258.396149051212
2026-03-06 19:00:00+00:00,10270.554249051213
2026-03-06 20:00:00+00:00,10268.103249051213
2026-03-06 21:00:00+00:00,10266.803649051213
2026-03-06 22:00:00+00:00,10277.069349051213
2026-03-06 23:00:00+00:00,10278.944649051213
2026-03-07 00:00:00+00:00,10267.077249051214
2026-03-07 01:00:00+00:00,10276.184627326322
2026-03-07 02:00:00+00:00,10274.987627326323
2026-03-07 03:00:00+00:00,10280.567927326323
2026-03-07 04:00:00+00:00,10265.924627326323
2026-03-07 05:00:00+00:00,10263.918227326323
2026-03-07 06:00:00+00:00,10261.757927326324
2026-03-07 07:00:00+00:00,10243.267127326322
2026-03-07 08:00:00+00:00,10230.331841725327
2026-03-07 09:00:00+00:00,10230.331841725327
2026-03-07 10:00:00+00:00,10230.331841725327
2026-03-07 11:00:00+00:00,10230.331841725327
2026-03-07 12:00:00+00:00,10230.331841725327
2026-03-07 13:00:00+00:00,10230.331841725327
2026-03-07 14:00:00+00:00,10230.331841725327
2026-03-07 15:00:00+00:00,10230.331841725327
2026-03-07 16:00:00+00:00,10230.331841725327
2026-03-07 17:00:00+00:00,10230.331841725327
2026-03-07 18:00:00+00:00,10230.331841725327
2026-03-07 19:00:00+00:00,10230.331841725327
2026-03-07 20:00:00+00:00,10230.331841725327
2026-03-07 21:00:00+00:00,10230.331841725327
2026-03-07 22:00:00+00:00,10230.331841725327
2026-03-07 23:00:00+00:00,10230.331841725327
2026-03-08 00:00:00+00:00,10230.331841725327
2026-03-08 01:00:00+00:00,10230.331841725327
2026-03-08 02:00:00+00:00,10230.331841725327
2026-03-08 03:00:00+00:00,10230.331841725327
2026-03-08 04:00:00+00:00,10230.331841725327
2026-03-08 05:00:00+00:00,10230.331841725327
2026-03-08 06:00:00+00:00,10230.331841725327
2026-03-08 07:00:00+00:00,10230.331841725327
2026-03-08 08:00:00+00:00,10230.331841725327
2026-03-08 09:00:00+00:00,10230.331841725327
2026-03-08 10:00:00+00:00,10230.331841725327
2026-03-08 11:00:00+00:00,10230.331841725327
2026-03-08 12:00:00+00:00,10230.331841725327
2026-03-08 13:00:00+00:00,10230.331841725327
2026-03-08 14:00:00+00:00,10230.331841725327
2026-03-08 15:00:00+00:00,10230.331841725327
2026-03-08 16:00:00+00:00,10230.331841725327
2026-03-08 17:00:00+00:00,10230.331841725327
2026-03-08 18:00:00+00:00,10230.331841725327
2026-03-08 19:00:00+00:00,10230.331841725327
2026-03-08 20:00:00+00:00,10230.331841725327
2026-03-08 21:00:00+00:00,10230.331841725327
2026-03-08 22:00:00+00:00,10230.331841725327
2026-03-08 23:00:00+00:00,10230.331841725327
2026-03-09 00:00:00+00:00,10230.331841725327
2026-03-09 01:00:00+00:00,10230.331841725327
2026-03-09 02:00:00+00:00,10230.331841725327
2026-03-09 03:00:00+00:00,10230.331841725327
2026-03-09 04:00:00+00:00,10230.331841725327
2026-03-09 05:00:00+00:00,10230.331841725327
2026-03-09 06:00:00+00:00,10230.331841725327
2026-03-09 07:00:00+00:00,10230.331841725327
2026-03-09 08:00:00+00:00,10230.331841725327
2026-03-09 09:00:00+00:00,10230.331841725327
2026-03-09 10:00:00+00:00,10230.331841725327
2026-03-09 11:00:00+00:00,10230.331841725327
2026-03-09 12:00:00+00:00,10230.331841725327
2026-03-09 13:00:00+00:00,10230.331841725327
2026-03-09 14:00:00+00:00,10230.331841725327
2026-03-09 15:00:00+00:00,10230.331841725327
2026-03-09 16:00:00+00:00,10230.331841725327
2026-03-09 17:00:00+00:00,10230.331841725327
2026-03-09 18:00:00+00:00,10230.331841725327
2026-03-09 19:00:00+00:00,10230.331841725327
2026-03-09 20:00:00+00:00,10230.331841725327
2026-03-09 21:00:00+00:00,10230.331841725327
2026-03-09 22:00:00+00:00,10230.331841725327
2026-03-09 23:00:00+00:00,10230.331841725327
2026-03-10 00:00:00+00:00,10230.331841725327
2026-03-10 01:00:00+00:00,10230.331841725327
2026-03-10 02:00:00+00:00,10230.331841725327
2026-03-10 03:00:00+00:00,10230.331841725327
2026-03-10 04:00:00+00:00,10230.331841725327
2026-03-10 05:00:00+00:00,10230.331841725327
2026-03-10 06:00:00+00:00,10230.331841725327
2026-03-10 07:00:00+00:00,10230.331841725327
2026-03-10 08:00:00+00:00,10230.331841725327
2026-03-10 09:00:00+00:00,10230.331841725327
2026-03-10 10:00:00+00:00,10230.331841725327
2026-03-10 11:00:00+00:00,10230.331841725327
2026-03-10 12:00:00+00:00,10230.331841725327
2026-03-10 13:00:00+00:00,10230.331841725327
2026-03-10 14:00:00+00:00,10230.331841725327
2026-03-10 15:00:00+00:00,10230.331841725327
2026-03-10 16:00:00+00:00,10230.331841725327
2026-03-10 17:00:00+00:00,10230.331841725327
2026-03-10 18:00:00+00:00,10230.331841725327
2026-03-10 19:00:00+00:00,10230.331841725327
2026-03-10 20:00:00+00:00,10230.331841725327
2026-03-10 21:00:00+00:00,10230.331841725327
2026-03-10 22:00:00+00:00,10230.331841725327
2026-03-10 23:00:00+00:00,10230.331841725327
2026-03-11 00:00:00+00:00,10230.331841725327
2026-03-11 01:00:00+00:00,10230.331841725327
2026-03-11 02:00:00+00:00,10230.331841725327
2026-03-11 03:00:00+00:00,10230.331841725327
2026-03-11 04:00:00+00:00,10230.331841725327
2026-03-11 05:00:00+00:00,10230.331841725327
2026-03-11 06:00:00+00:00,10230.331841725327
2026-03-11 07:00:00+00:00,10230.331841725327
2026-03-11 08:00:00+00:00,10230.331841725327
2026-03-11 09:00:00+00:00,10230.331841725327
2026-03-11 10:00:00+00:00,10230.331841725327
2026-03-11 11:00:00+00:00,10230.331841725327
2026-03-11 12:00:00+00:00,10230.331841725327
2026-03-11 13:00:00+00:00,10230.331841725327
2026-03-11 14:00:00+00:00,10230.331841725327
2026-03-11 15:00:00+00:00,10230.331841725327
2026-03-11 16:00:00+00:00,10230.331841725327
2026-03-11 17:00:00+00:00,10230.331841725327
2026-03-11 18:00:00+00:00,10230.331841725327
2026-03-11 19:00:00+00:00,10230.331841725327
2026-03-11 20:00:00+00:00,10230.331841725327
2026-03-11 21:00:00+00:00,10230.331841725327
2026-03-11 22:00:00+00:00,10230.331841725327
2026-03-11 23:00:00+00:00,10230.331841725327
2026-03-12 00:00:00+00:00,10230.331841725327
2026-03-12 01:00:00+00:00,10230.331841725327
2026-03-12 02:00:00+00:00,10230.331841725327
2026-03-12 03:00:00+00:00,10230.331841725327
2026-03-12 04:00:00+00:00,10230.331841725327
2026-03-12 05:00:00+00:00,10230.331841725327
2026-03-12 06:00:00+00:00,10230.331841725327
2026-03-12 07:00:00+00:00,10230.331841725327
2026-03-12 08:00:00+00:00,10230.331841725327
2026-03-12 09:00:00+00:00,10230.331841725327
2026-03-12 10:00:00+00:00,10230.331841725327
2026-03-12 11:00:00+00:00,10230.331841725327
2026-03-12 12:00:00+00:00,10230.331841725327
2026-03-12 13:00:00+00:00,10230.331841725327
2026-03-12 14:00:00+00:00,10230.331841725327
2026-03-12 15:00:00+00:00,10230.331841725327
2026-03-12 16:00:00+00:00,10230.331841725327
2026-03-12 17:00:00+00:00,10230.331841725327
2026-03-12 18:00:00+00:00,10230.331841725327
2026-03-12 19:00:00+00:00,10230.331841725327
2026-03-12 20:00:00+00:00,10230.331841725327
2026-03-12 21:00:00+00:00,10230.331841725327
2026-03-12 22:00:00+00:00,10230.331841725327
2026-03-12 23:00:00+00:00,10230.331841725327
2026-03-13 00:00:00+00:00,10230.331841725327
2026-03-13 01:00:00+00:00,10230.331841725327
2026-03-13 02:00:00+00:00,10230.331841725327
2026-03-13 03:00:00+00:00,10230.331841725327
2026-03-13 04:00:00+00:00,10230.331841725327
2026-03-13 05:00:00+00:00,10230.331841725327
2026-03-13 06:00:00+00:00,10230.331841725327
2026-03-13 07:00:00+00:00,10230.331841725327
2026-03-13 08:00:00+00:00,10230.331841725327
2026-03-13 09:00:00+00:00,10230.331841725327
2026-03-13 10:00:00+00:00,10230.331841725327
2026-03-13 11:00:00+00:00,10230.331841725327
2026-03-13 12:00:00+00:00,10205.731303584093
2026-03-13 13:00:00+00:00,10250.999503584093
2026-03-13 14:00:00+00:00,10301.588003584093
2026-03-13 15:00:00+00:00,10219.301803584092
2026-03-13 16:00:00+00:00,10173.369603584093
2026-03-13 17:00:00+00:00,10177.225624609046
2026-03-13 18:00:00+00:00,10106.966124609045
2026-03-13 19:00:00+00:00,10108.675924609046
2026-03-13 20:00:00+00:00,10119.291624609046
2026-03-13 21:00:00+00:00,10132.521824609046
2026-03-13 22:00:00+00:00,10112.244924609047
2026-03-13 23:00:00+00:00,10089.229024609047
2026-03-14 00:00:00+00:00,10098.334124609046
2026-03-14 01:00:00+00:00,10073.829926206481
2026-03-14 02:00:00+00:00,10089.624826206482
2026-03-14 03:00:00+00:00,10086.21352620648
2026-03-14 04:00:00+00:00,10109.876826206482
2026-03-14 05:00:00+00:00,10106.722826206482
2026-03-14 06:00:00+00:00,10105.42802620648
2026-03-14 07:00:00+00:00,10073.157626206481
2026-03-14 08:00:00+00:00,10070.974726206481
2026-03-14 09:00:00+00:00,10069.963301165106
2026-03-14 10:00:00+00:00,10063.663601165104
2026-03-14 11:00:00+00:00,10068.402901165106
2026-03-14 12:00:00+00:00,10082.778501165105
2026-03-14 13:00:00+00:00,10085.135701165105
2026-03-14 14:00:00+00:00,10091.775701165105
2026-03-14 15:00:00+00:00,10071.307901165104
2026-03-14 16:00:00+00:00,10070.295301165106
2026-03-14 17:00:00+00:00,10077.393677670356
2026-03-14 18:00:00+00:00,10073.193877670357
2026-03-14 19:00:00+00:00,10076.298077670357
2026-03-14 20:00:00+00:00,10079.667877670357
2026-03-14 21:00:00+00:00,10088.067477670356
2026-03-14 22:00:00+00:00,10088.424377670357
2026-03-14 23:00:00+00:00,10080.863077670356
2026-03-15 00:00:00+00:00,10122.022777670356
2026-03-15 01:00:00+00:00,10103.542015428371
2026-03-15 02:00:00+00:00,10104.405215428373
2026-03-15 03:00:00+00:00,10141.224015428372
2026-03-15 04:00:00+00:00,10133.787215428372
2026-03-15 05:00:00+00:00,10153.001715428372
2026-03-15 06:00:00+00:00,10144.892615428373
2026-03-15 07:00:00+00:00,10142.120415428371
2026-03-15 08:00:00+00:00,10142.585215428373
2026-03-15 09:00:00+00:00,10164.050218753076
2026-03-15 10:00:00+00:00,10170.399718753075
2026-03-15 11:00:00+00:00,10169.511618753077
2026-03-15 12:00:00+00:00,10174.441818753075
2026-03-15 13:00:00+00:00,10156.082218753076
2026-03-15 14:00:00+00:00,10155.791718753075
2026-03-15 15:00:00+00:00,10156.845818753076
2026-03-15 16:00:00+00:00,10144.927018753075
2026-03-15 17:00:00+00:00,10141.540643105607
2026-03-15 18:00:00+00:00,10173.288143105607
2026-03-15 19:00:00+00:00,10136.668543105608
2026-03-15 20:00:00+00:00,10150.645743105608
2026-03-15 21:00:00+00:00,10165.162443105608
2026-03-15 22:00:00+00:00,10197.075943105609
2026-03-15 23:00:00+00:00,10250.278943105608
2026-03-16 00:00:00+00:00,10255.532843105608
2026-03-16 01:00:00+00:00,10232.016541812354
2026-03-16 02:00:00+00:00,10250.832641812356
2026-03-16 03:00:00+00:00,10230.663641812356
2026-03-16 04:00:00+00:00,10318.510841812356
2026-03-16 05:00:00+00:00,10340.090841812356
2026-03-16 06:00:00+00:00,10371.381841812356
2026-03-16 07:00:00+00:00,10330.230441812355
2026-03-16 08:00:00+00:00,10309.231441812355
2026-03-16 09:00:00+00:00,10281.45615492907
2026-03-16 10:00:00+00:00,10291.53235492907
2026-03-16 11:00:00+00:00,10335.17375492907
2026-03-16 12:00:00+00:00,10316.06715492907
2026-03-16 13:00:00+00:00,10342.18725492907
2026-03-16 14:00:00+00:00,10362.52225492907
2026-03-16 15:00:00+00:00,10316.440654929069
2026-03-16 16:00:00+00:00,10293.233854929069
2026-03-16 17:00:00+00:00,10333.45766435658
2026-03-16 18:00:00+00:00,10348.84586435658
2026-03-16 19:00:00+00:00,10346.463764356578
2026-03-16 20:00:00+00:00,10350.265164356579
2026-03-16 21:00:00+00:00,10372.06926435658
2026-03-16 22:00:00+00:00,10386.079664356579
2026-03-16 23:00:00+00:00,10415.843464356578
2026-03-17 00:00:00+00:00,10426.425964356578
2026-03-17 01:00:00+00:00,10462.723492831186
2026-03-17 02:00:00+00:00,10487.689892831188
2026-03-17 03:00:00+00:00,10452.215692831187
2026-03-17 04:00:00+00:00,10391.426492831186
2026-03-17 05:00:00+00:00,10369.233013502348
2026-03-17 06:00:00+00:00,10369.233013502348
2026-03-17 07:00:00+00:00,10369.233013502348
2026-03-17 08:00:00+00:00,10369.233013502348
2026-03-17 09:00:00+00:00,10369.233013502348
2026-03-17 10:00:00+00:00,10369.233013502348
2026-03-17 11:00:00+00:00,10369.233013502348
2026-03-17 12:00:00+00:00,10369.233013502348
2026-03-17 13:00:00+00:00,10369.233013502348
2026-03-17 14:00:00+00:00,10369.233013502348
2026-03-17 15:00:00+00:00,10369.233013502348
2026-03-17 16:00:00+00:00,10369.233013502348
2026-03-17 17:00:00+00:00,10369.233013502348
2026-03-17 18:00:00+00:00,10369.233013502348
2026-03-17 19:00:00+00:00,10369.233013502348
2026-03-17 20:00:00+00:00,10369.233013502348
2026-03-17 21:00:00+00:00,10369.233013502348
2026-03-17 22:00:00+00:00,10369.233013502348
2026-03-17 23:00:00+00:00,10369.233013502348
2026-03-18 00:00:00+00:00,10369.233013502348
2026-03-18 01:00:00+00:00,10369.233013502348
2026-03-18 02:00:00+00:00,10369.233013502348
2026-03-18 03:00:00+00:00,10369.233013502348
2026-03-18 04:00:00+00:00,10369.233013502348
2026-03-18 05:00:00+00:00,10369.233013502348
2026-03-18 06:00:00+00:00,10369.233013502348
2026-03-18 07:00:00+00:00,10369.233013502348
2026-03-18 08:00:00+00:00,10369.233013502348
2026-03-18 09:00:00+00:00,10369.233013502348
2026-03-18 10:00:00+00:00,10369.233013502348
2026-03-18 11:00:00+00:00,10369.233013502348
2026-03-18 12:00:00+00:00,10369.233013502348
2026-03-18 13:00:00+00:00,10369.233013502348
2026-03-18 14:00:00+00:00,10369.233013502348
2026-03-18 15:00:00+00:00,10369.233013502348
2026-03-18 16:00:00+00:00,10369.233013502348
2026-03-18 17:00:00+00:00,10369.233013502348
2026-03-18 18:00:00+00:00,10369.233013502348
2026-03-18 19:00:00+00:00,10369.233013502348
2026-03-18 20:00:00+00:00,10369.233013502348
2026-03-18 21:00:00+00:00,10369.233013502348
2026-03-18 22:00:00+00:00,10369.233013502348
2026-03-18 23:00:00+00:00,10369.233013502348
2026-03-19 00:00:00+00:00,10369.233013502348
2026-03-19 01:00:00+00:00,10369.233013502348
2026-03-19 02:00:00+00:00,10369.233013502348
2026-03-19 03:00:00+00:00,10369.233013502348
2026-03-19 04:00:00+00:00,10369.233013502348
2026-03-19 05:00:00+00:00,10369.233013502348
2026-03-19 06:00:00+00:00,10369.233013502348
2026-03-19 07:00:00+00:00,10369.233013502348
2026-03-19 08:00:00+00:00,10369.233013502348
2026-03-19 09:00:00+00:00,10369.233013502348
2026-03-19 10:00:00+00:00,10369.233013502348
2026-03-19 11:00:00+00:00,10369.233013502348
2026-03-19 12:00:00+00:00,10369.233013502348
2026-03-19 13:00:00+00:00,10369.233013502348
2026-03-19 14:00:00+00:00,10309.479694890486
2026-03-19 15:00:00+00:00,10346.937694890486
2026-03-19 16:00:00+00:00,10353.903694890487
2026-03-19 17:00:00+00:00,10349.154929692086
2026-03-19 18:00:00+00:00,10313.721929692087
2026-03-19 19:00:00+00:00,10316.646929692086
2026-03-19 20:00:00+00:00,10276.542929692085
2026-03-19 21:00:00+00:00,10257.534929692085
2026-03-19 22:00:00+00:00,10263.672929692086
2026-03-19 23:00:00+00:00,10283.391929692085
2026-03-20 00:00:00+00:00,10307.655929692086
2026-03-20 01:00:00+00:00,10283.170241354586
2026-03-20 02:00:00+00:00,10264.180241354587
2026-03-20 03:00:00+00:00,10263.919241354586
2026-03-20 04:00:00+00:00,10234.912241354585
2026-03-20 05:00:00+00:00,10230.655241354587
2026-03-20 06:00:00+00:00,10246.243241354587
2026-03-20 07:00:00+00:00,10255.981241354586
2026-03-20 08:00:00+00:00,10224.490241354586
2026-03-20 09:00:00+00:00,10207.573230646985
2026-03-20 10:00:00+00:00,10248.568230646986
2026-03-20 11:00:00+00:00,10245.328230646986
2026-03-20 12:00:00+00:00,10258.018230646985
2026-03-20 13:00:00+00:00,10270.195230646985
2026-03-20 14:00:00+00:00,10312.810230646985
2026-03-20 15:00:00+00:00,10324.069230646985
2026-03-20 16:00:00+00:00,10312.954230646985
2026-03-20 17:00:00+00:00,10316.306215866334
2026-03-20 18:00:00+00:00,10300.223215866334
2026-03-20 19:00:00+00:00,10321.598215866334
2026-03-20 20:00:00+00:00,10284.824215866336
2026-03-20 21:00:00+00:00,10295.822215866336
2026-03-20 22:00:00+00:00,10252.748215866335
2026-03-20 23:00:00+00:00,10231.067215866335
2026-03-21 00:00:00+00:00,10255.052215866335
2026-03-21 01:00:00+00:00,10239.549521833716
2026-03-21 02:00:00+00:00,10258.773521833715
2026-03-21 03:00:00+00:00,10234.167521833715
2026-03-21 04:00:00+00:00,10240.080521833715
2026-03-21 05:00:00+00:00,10243.257521833715
2026-03-21 06:00:00+00:00,10236.849521833716
2026-03-21 07:00:00+00:00,10230.972521833715
2026-03-21 08:00:00+00:00,10235.643521833716
2026-03-21 09:00:00+00:00,10246.756571262635
2026-03-21 10:00:00+00:00,10240.438571262635
2026-03-21 11:00:00+00:00,10245.613571262635
2026-03-21 12:00:00+00:00,10241.806571262634
2026-03-21 13:00:00+00:00,10236.253571262634
2026-03-21 14:00:00+00:00,10234.426571262635
2026-03-21 15:00:00+00:00,10243.903571262636
2026-03-21 16:00:00+00:00,10243.534571262635
2026-03-21 17:00:00+00:00,10272.782019597305
2026-03-21 18:00:00+00:00,10272.314019597305
2026-03-21 19:00:00+00:00,10265.069019597304
2026-03-21 20:00:00+00:00,10264.592019597305
2026-03-21 21:00:00+00:00,10258.607019597306
2026-03-21 22:00:00+00:00,10268.579019597304
2026-03-21 23:00:00+00:00,10274.735019597305
2026-03-22 00:00:00+00:00,10398.188019597304
2026-03-22 01:00:00+00:00,10396.167986237404
2026-03-22 02:00:00+00:00,10394.223986237404
2026-03-22 03:00:00+00:00,10366.188986237405
2026-03-22 04:00:00+00:00,10359.942986237404
2026-03-22 05:00:00+00:00,10359.366986237404
2026-03-22 06:00:00+00:00,10377.096986237406
2026-03-22 07:00:00+00:00,10376.151986237404
2026-03-22 08:00:00+00:00,10397.967986237405
2026-03-22 09:00:00+00:00,10409.195653716155
2026-03-22 10:00:00+00:00,10407.089653716153
2026-03-22 11:00:00+00:00,10423.199653716154
2026-03-22 12:00:00+00:00,10461.368653716154
2026-03-22 13:00:00+00:00,10421.993653716154
2026-03-22 14:00:00+00:00,10417.871653716154
2026-03-22 15:00:00+00:00,10416.503653716154
2026-03-22 16:00:00+00:00,10403.957653716154
2026-03-22 17:00:00+00:00,10408.304214991984
2026-03-22 18:00:00+00:00,10419.725214991984
2026-03-22 19:00:00+00:00,10424.648214991983
2026-03-22 20:00:00+00:00,10461.521214991983
2026-03-22 21:00:00+00:00,10464.734214991984
2026-03-22 22:00:00+00:00,10489.079214991983
2026-03-22 23:00:00+00:00,10449.740214991984
2026-03-23 00:00:00+00:00,10492.121214991983
2026-03-23 01:00:00+00:00,10508.923296969213
2026-03-23 02:00:00+00:00,10487.944296969214
2026-03-23 03:00:00+00:00,10451.332296969214
2026-03-23 04:00:00+00:00,10472.689296969213
2026-03-23 05:00:00+00:00,10431.343296969213
2026-03-23 06:00:00+00:00,10398.970296969213
2026-03-23 07:00:00+00:00,10490.671296969213
2026-03-23 08:00:00+00:00,10449.208296969213
2026-03-23 09:00:00+00:00,10440.563293156683
2026-03-23 10:00:00+00:00,10449.122293156683
2026-03-23 11:00:00+00:00,10430.474293156683
2026-03-23 12:00:00+00:00,10160.852769838555
2026-03-23 13:00:00+00:00,10160.852769838555
2026-03-23 14:00:00+00:00,10160.852769838555
2026-03-23 15:00:00+00:00,10160.852769838555
2026-03-23 16:00:00+00:00,10160.852769838555
2026-03-23 17:00:00+00:00,10160.852769838555
2026-03-23 18:00:00+00:00,10160.852769838555
2026-03-23 19:00:00+00:00,10160.852769838555
2026-03-23 20:00:00+00:00,10160.852769838555
2026-03-23 21:00:00+00:00,10160.852769838555
2026-03-23 22:00:00+00:00,10160.852769838555
2026-03-23 23:00:00+00:00,10160.852769838555
2026-03-24 00:00:00+00:00,10160.852769838555
2026-03-24 01:00:00+00:00,10160.852769838555
2026-03-24 02:00:00+00:00,10160.852769838555
2026-03-24 03:00:00+00:00,10160.852769838555
2026-03-24 04:00:00+00:00,10160.852769838555
2026-03-24 05:00:00+00:00,10160.852769838555
2026-03-24 06:00:00+00:00,10160.852769838555
2026-03-24 07:00:00+00:00,10160.852769838555
2026-03-24 08:00:00+00:00,10160.852769838555
2026-03-24 09:00:00+00:00,10160.852769838555
2026-03-24 10:00:00+00:00,10160.852769838555
2026-03-24 11:00:00+00:00,10160.852769838555
2026-03-24 12:00:00+00:00,10160.852769838555
2026-03-24 13:00:00+00:00,10160.852769838555
2026-03-24 14:00:00+00:00,10160.852769838555
2026-03-24 15:00:00+00:00,10160.852769838555
2026-03-24 16:00:00+00:00,10160.852769838555
2026-03-24 17:00:00+00:00,10160.852769838555
2026-03-24 18:00:00+00:00,10160.852769838555
2026-03-24 19:00:00+00:00,10160.852769838555
2026-03-24 20:00:00+00:00,10160.852769838555
2026-03-24 21:00:00+00:00,10160.852769838555
2026-03-24 22:00:00+00:00,10160.852769838555
2026-03-24 23:00:00+00:00,10160.852769838555
2026-03-25 00:00:00+00:00,10160.852769838555
2026-03-25 01:00:00+00:00,10160.852769838555
2026-03-25 02:00:00+00:00,10160.852769838555
2026-03-25 03:00:00+00:00,10160.852769838555
2026-03-25 04:00:00+00:00,10160.852769838555
2026-03-25 05:00:00+00:00,10160.852769838555
2026-03-25 06:00:00+00:00,10160.852769838555
2026-03-25 07:00:00+00:00,10160.852769838555
2026-03-25 08:00:00+00:00,10160.852769838555
2026-03-25 09:00:00+00:00,10160.852769838555
2026-03-25 10:00:00+00:00,10160.852769838555
2026-03-25 11:00:00+00:00,10160.852769838555
2026-03-25 12:00:00+00:00,10160.852769838555
2026-03-25 13:00:00+00:00,10160.852769838555
2026-03-25 14:00:00+00:00,10160.852769838555
2026-03-25 15:00:00+00:00,10160.852769838555
2026-03-25 16:00:00+00:00,10160.852769838555
2026-03-25 17:00:00+00:00,10160.852769838555
2026-03-25 18:00:00+00:00,10160.852769838555
2026-03-25 19:00:00+00:00,10160.852769838555
2026-03-25 20:00:00+00:00,10160.852769838555
2026-03-25 21:00:00+00:00,10160.852769838555
2026-03-25 22:00:00+00:00,10160.852769838555
2026-03-25 23:00:00+00:00,10160.852769838555
2026-03-26 00:00:00+00:00,10160.852769838555
2026-03-26 01:00:00+00:00,10160.852769838555
2026-03-26 02:00:00+00:00,10160.852769838555
2026-03-26 03:00:00+00:00,10160.852769838555
2026-03-26 04:00:00+00:00,10160.852769838555
2026-03-26 05:00:00+00:00,10160.852769838555
2026-03-26 06:00:00+00:00,10160.852769838555
2026-03-26 07:00:00+00:00,10160.852769838555
2026-03-26 08:00:00+00:00,10160.852769838555
2026-03-26 09:00:00+00:00,10160.852769838555
2026-03-26 10:00:00+00:00,10160.852769838555
2026-03-26 11:00:00+00:00,10160.852769838555
2026-03-26 12:00:00+00:00,10160.852769838555
2026-03-26 13:00:00+00:00,10160.852769838555
2026-03-26 14:00:00+00:00,10160.852769838555
2026-03-26 15:00:00+00:00,10160.852769838555
2026-03-26 16:00:00+00:00,10160.852769838555
2026-03-26 17:00:00+00:00,10160.852769838555
2026-03-26 18:00:00+00:00,10160.852769838555
2026-03-26 19:00:00+00:00,10160.852769838555
2026-03-26 20:00:00+00:00,10160.852769838555
2026-03-26 21:00:00+00:00,10160.852769838555
2026-03-26 22:00:00+00:00,10160.852769838555
2026-03-26 23:00:00+00:00,10160.852769838555
2026-03-27 00:00:00+00:00,10160.852769838555
2026-03-27 01:00:00+00:00,10160.852769838555
2026-03-27 02:00:00+00:00,10160.852769838555
2026-03-27 03:00:00+00:00,10160.852769838555
2026-03-27 04:00:00+00:00,10160.852769838555
2026-03-27 05:00:00+00:00,10160.852769838555
2026-03-27 06:00:00+00:00,10160.852769838555
2026-03-27 07:00:00+00:00,10160.852769838555
2026-03-27 08:00:00+00:00,10160.852769838555
2026-03-27 09:00:00+00:00,10160.852769838555
2026-03-27 10:00:00+00:00,10160.852769838555
2026-03-27 11:00:00+00:00,10160.852769838555
2026-03-27 12:00:00+00:00,10138.191872021474
2026-03-27 13:00:00+00:00,10145.314872021476
2026-03-27 14:00:00+00:00,10181.482372021475
2026-03-27 15:00:00+00:00,10180.734372021474
2026-03-27 16:00:00+00:00,10186.743872021474
2026-03-27 17:00:00+00:00,10198.86823565176
2026-03-27 18:00:00+00:00,10227.89573565176
2026-03-27 19:00:00+00:00,10210.89573565176
2026-03-27 20:00:00+00:00,10193.77673565176
2026-03-27 21:00:00+00:00,10195.68073565176
2026-03-27 22:00:00+00:00,10190.81023565176
2026-03-27 23:00:00+00:00,10195.842235651759
2026-03-28 00:00:00+00:00,10163.27873565176
2026-03-28 01:00:00+00:00,10160.637995737081
2026-03-28 02:00:00+00:00,10182.125995737078
2026-03-28 03:00:00+00:00,10192.07099573708
2026-03-28 04:00:00+00:00,10177.476495737079
2026-03-28 05:00:00+00:00,10173.08199573708
2026-03-28 06:00:00+00:00,10167.42949573708
2026-03-28 07:00:00+00:00,10163.33249573708
2026-03-28 08:00:00+00:00,10149.511495737079
2026-03-28 09:00:00+00:00,10161.48304455202
2026-03-28 10:00:00+00:00,10170.32304455202
2026-03-28 11:00:00+00:00,10177.63304455202
2026-03-28 12:00:00+00:00,10168.82704455202
2026-03-28 13:00:00+00:00,10157.93004455202
2026-03-28 14:00:00+00:00,10124.21904455202
2026-03-28 15:00:00+00:00,10132.47254455202
2026-03-28 16:00:00+00:00,10109.85404455202
2026-03-28 17:00:00+00:00,10117.324194790099
2026-03-28 18:00:00+00:00,10124.608694790099
2026-03-28 19:00:00+00:00,10119.296194790099
2026-03-28 20:00:00+00:00,10119.134694790098
2026-03-28 21:00:00+00:00,10118.072194790098
2026-03-28 22:00:00+00:00,10138.5316947901
2026-03-28 23:00:00+00:00,10131.3746947901
2026-03-29 00:00:00+00:00,10164.8816947901
2026-03-29 01:00:00+00:00,10155.358199535698
2026-03-29 02:00:00+00:00,10147.563699535698
2026-03-29 03:00:00+00:00,10127.367699535698
2026-03-29 04:00:00+00:00,10118.697699535698
2026-03-29 05:00:00+00:00,10133.4706995357
2026-03-29 06:00:00+00:00,10130.121699535697
2026-03-29 07:00:00+00:00,10133.2581995357
2026-03-29 08:00:00+00:00,10139.369699535699
2026-03-29 09:00:00+00:00,10134.524019885217
2026-03-29 10:00:00+00:00,10142.123019885217
2026-03-29 11:00:00+00:00,10152.892519885218
2026-03-29 12:00:00+00:00,10126.763519885219
2026-03-29 13:00:00+00:00,10123.550519885217
2026-03-29 14:00:00+00:00,10146.721519885217
2026-03-29 15:00:00+00:00,10145.854519885219
2026-03-29 16:00:00+00:00,10150.631519885217
2026-03-29 17:00:00+00:00,10153.519837082673
2026-03-29 18:00:00+00:00,10162.971837082672
2026-03-29 19:00:00+00:00,10159.520837082673
2026-03-29 20:00:00+00:00,10166.065837082673
2026-03-29 21:00:00+00:00,10144.101837082671
2026-03-29 22:00:00+00:00,10135.584837082672
2026-03-29 23:00:00+00:00,10208.557337082673
2026-03-30 00:00:00+00:00,10195.161337082673
2026-03-30 01:00:00+00:00,10171.947661472674
2026-03-30 02:00:00+00:00,10140.251161472674
2026-03-30 03:00:00+00:00,10100.904661472674
2026-03-30 04:00:00+00:00,10096.416661472673
2026-03-30 05:00:00+00:00,10059.076161472673
2026-03-30 06:00:00+00:00,10069.284661472673
2026-03-30 07:00:00+00:00,10085.060661472673
2026-03-30 08:00:00+00:00,10057.648161472674
2026-03-30 09:00:00+00:00,10054.437930078053
2026-03-30 10:00:00+00:00,10068.700930078054
2026-03-30 11:00:00+00:00,10068.972930078053
2026-03-30 12:00:00+00:00,10052.950430078054
2026-03-30 13:00:00+00:00,10035.287430078053
2026-03-30 14:00:00+00:00,10066.601430078053
2026-03-30 15:00:00+00:00,10043.498430078052
2026-03-30 16:00:00+00:00,10058.160930078053
2026-03-30 17:00:00+00:00,10080.066478443914
2026-03-30 18:00:00+00:00,10124.929478443913
2026-03-30 19:00:00+00:00,10140.620478443912
2026-03-30 20:00:00+00:00,10149.511478443914
2026-03-30 21:00:00+00:00,10141.104978443915
2026-03-30 22:00:00+00:00,10127.870478443912
2026-03-30 23:00:00+00:00,10129.918978443913
2026-03-31 00:00:00+00:00,10128.397478443914
2026-03-31 01:00:00+00:00,10093.715561413754
2026-03-31 02:00:00+00:00,10032.201061413753
2026-03-31 03:00:00+00:00,10030.875061413753
2026-03-31 04:00:00+00:00,10051.360061413752
2026-03-31 05:00:00+00:00,10065.019561413752
2026-03-31 06:00:00+00:00,10053.221561413753
2026-03-31 07:00:00+00:00,10068.819061413753
2026-03-31 08:00:00+00:00,10079.155061413752
2026-03-31 09:00:00+00:00,10129.934598926639
2026-03-31 10:00:00+00:00,10184.827598926639
2026-03-31 11:00:00+00:00,10165.26909892664
2026-03-31 12:00:00+00:00,10137.81409892664
2026-03-31 13:00:00+00:00,10140.245098926638
2026-03-31 14:00:00+00:00,10086.542098926637
2026-03-31 15:00:00+00:00,10146.016598926639
2026-03-31 16:00:00+00:00,10133.768098926637
2026-03-31 17:00:00+00:00,10054.34045064164
2026-03-31 18:00:00+00:00,10066.12995064164
2026-03-31 19:00:00+00:00,10038.870450641638
2026-03-31 20:00:00+00:00,10039.856450641639
2026-03-31 21:00:00+00:00,10003.79945064164
2026-03-31 22:00:00+00:00,10003.170450641639
2026-03-31 23:00:00+00:00,10011.075450641638
2026-04-01 00:00:00+00:00,10002.58395064164
2026-04-01 01:00:00+00:00,9998.431390741329
2026-04-01 02:00:00+00:00,10044.467390741329
2026-04-01 03:00:00+00:00,10054.88839074133
2026-04-01 04:00:00+00:00,10011.521390741329
2026-04-01 05:00:00+00:00,9999.76589074133
2026-04-01 06:00:00+00:00,9958.152225094991
2026-04-01 07:00:00+00:00,9958.152225094991
2026-04-01 08:00:00+00:00,9958.152225094991
2026-04-01 09:00:00+00:00,9958.152225094991
2026-04-01 10:00:00+00:00,9958.152225094991
2026-04-01 11:00:00+00:00,9958.152225094991
2026-04-01 12:00:00+00:00,9958.152225094991
2026-04-01 13:00:00+00:00,9958.152225094991
2026-04-01 14:00:00+00:00,9958.152225094991
2026-04-01 15:00:00+00:00,9958.152225094991
2026-04-01 16:00:00+00:00,9958.152225094991
2026-04-01 17:00:00+00:00,9958.152225094991
2026-04-01 18:00:00+00:00,9958.152225094991
2026-04-01 19:00:00+00:00,9958.152225094991
2026-04-01 20:00:00+00:00,9958.152225094991
2026-04-01 21:00:00+00:00,9958.152225094991
2026-04-01 22:00:00+00:00,9958.152225094991
2026-04-01 23:00:00+00:00,9958.152225094991
2026-04-02 00:00:00+00:00,9958.152225094991
2026-04-02 01:00:00+00:00,9958.152225094991
2026-04-02 02:00:00+00:00,9958.152225094991
2026-04-02 03:00:00+00:00,9958.152225094991
2026-04-02 04:00:00+00:00,9958.152225094991
2026-04-02 05:00:00+00:00,9958.152225094991
2026-04-02 06:00:00+00:00,9958.152225094991
2026-04-02 07:00:00+00:00,9958.152225094991
2026-04-02 08:00:00+00:00,9958.152225094991
2026-04-02 09:00:00+00:00,9958.152225094991
2026-04-02 10:00:00+00:00,9958.152225094991
2026-04-02 11:00:00+00:00,9958.152225094991
2026-04-02 12:00:00+00:00,9958.152225094991
2026-04-02 13:00:00+00:00,9958.152225094991
2026-04-02 14:00:00+00:00,9958.152225094991
2026-04-02 15:00:00+00:00,9958.152225094991
2026-04-02 16:00:00+00:00,9958.152225094991
2026-04-02 17:00:00+00:00,9958.152225094991
2026-04-02 18:00:00+00:00,9958.152225094991
2026-04-02 19:00:00+00:00,9958.152225094991
2026-04-02 20:00:00+00:00,9958.152225094991
2026-04-02 21:00:00+00:00,9958.152225094991
2026-04-02 22:00:00+00:00,9958.152225094991
2026-04-02 23:00:00+00:00,9958.152225094991
2026-04-03 00:00:00+00:00,9958.152225094991
2026-04-03 01:00:00+00:00,9958.152225094991
2026-04-03 02:00:00+00:00,9958.152225094991
2026-04-03 03:00:00+00:00,9958.152225094991
2026-04-03 04:00:00+00:00,9958.152225094991
2026-04-03 05:00:00+00:00,9958.152225094991
2026-04-03 06:00:00+00:00,9958.152225094991
2026-04-03 07:00:00+00:00,9958.152225094991
2026-04-03 08:00:00+00:00,9958.152225094991
2026-04-03 09:00:00+00:00,9958.152225094991
2026-04-03 10:00:00+00:00,9958.152225094991
2026-04-03 11:00:00+00:00,9958.152225094991
2026-04-03 12:00:00+00:00,9958.152225094991
2026-04-03 13:00:00+00:00,9958.152225094991
2026-04-03 14:00:00+00:00,9958.152225094991
2026-04-03 15:00:00+00:00,9958.152225094991
2026-04-03 16:00:00+00:00,9958.152225094991
2026-04-03 17:00:00+00:00,9958.152225094991
2026-04-03 18:00:00+00:00,9958.152225094991
2026-04-03 19:00:00+00:00,9958.152225094991
2026-04-03 20:00:00+00:00,9958.152225094991
2026-04-03 21:00:00+00:00,9958.152225094991
2026-04-03 22:00:00+00:00,9958.152225094991
2026-04-03 23:00:00+00:00,9958.152225094991
2026-04-04 00:00:00+00:00,9958.152225094991
2026-04-04 01:00:00+00:00,9958.152225094991
2026-04-04 02:00:00+00:00,9958.152225094991
2026-04-04 03:00:00+00:00,9958.152225094991
2026-04-04 04:00:00+00:00,9958.152225094991
2026-04-04 05:00:00+00:00,9958.152225094991
2026-04-04 06:00:00+00:00,9958.152225094991
2026-04-04 07:00:00+00:00,9958.152225094991
2026-04-04 08:00:00+00:00,9958.152225094991
2026-04-04 09:00:00+00:00,9958.152225094991
2026-04-04 10:00:00+00:00,9958.152225094991
2026-04-04 11:00:00+00:00,9958.152225094991
2026-04-04 12:00:00+00:00,9958.152225094991
2026-04-04 13:00:00+00:00,9958.152225094991
2026-04-04 14:00:00+00:00,9958.152225094991
2026-04-04 15:00:00+00:00,9958.152225094991
2026-04-04 16:00:00+00:00,9958.152225094991
2026-04-04 17:00:00+00:00,9958.152225094991
2026-04-04 18:00:00+00:00,9958.152225094991
2026-04-04 19:00:00+00:00,9958.152225094991
2026-04-04 20:00:00+00:00,9958.152225094991
2026-04-04 21:00:00+00:00,9958.152225094991
2026-04-04 22:00:00+00:00,9958.152225094991
2026-04-04 23:00:00+00:00,9958.152225094991
2026-04-05 00:00:00+00:00,9958.152225094991
2026-04-05 01:00:00+00:00,9958.152225094991
2026-04-05 02:00:00+00:00,9958.152225094991
2026-04-05 03:00:00+00:00,9958.152225094991
2026-04-05 04:00:00+00:00,9958.152225094991
2026-04-05 05:00:00+00:00,9958.152225094991
2026-04-05 06:00:00+00:00,9958.152225094991
2026-04-05 07:00:00+00:00,9958.152225094991
2026-04-05 08:00:00+00:00,9958.152225094991
2026-04-05 09:00:00+00:00,9958.152225094991
2026-04-05 10:00:00+00:00,9958.152225094991
2026-04-05 11:00:00+00:00,9958.152225094991
2026-04-05 12:00:00+00:00,9958.152225094991
2026-04-05 13:00:00+00:00,9958.152225094991
2026-04-05 14:00:00+00:00,9958.152225094991
2026-04-05 15:00:00+00:00,9958.152225094991
2026-04-05 16:00:00+00:00,9958.152225094991
2026-04-05 17:00:00+00:00,9958.152225094991
2026-04-05 18:00:00+00:00,9958.152225094991
2026-04-05 19:00:00+00:00,9958.152225094991
2026-04-05 20:00:00+00:00,9958.152225094991
2026-04-05 21:00:00+00:00,9958.152225094991
2026-04-05 22:00:00+00:00,9958.152225094991
2026-04-05 23:00:00+00:00,9958.152225094991
2026-04-06 00:00:00+00:00,9958.152225094991
2026-04-06 01:00:00+00:00,9958.152225094991
2026-04-06 02:00:00+00:00,9958.152225094991
2026-04-06 03:00:00+00:00,9958.152225094991
2026-04-06 04:00:00+00:00,9958.152225094991
2026-04-06 05:00:00+00:00,9958.152225094991
2026-04-06 06:00:00+00:00,9958.152225094991
2026-04-06 07:00:00+00:00,9958.152225094991
2026-04-06 08:00:00+00:00,9958.152225094991
2026-04-06 09:00:00+00:00,9958.152225094991
2026-04-06 10:00:00+00:00,9958.152225094991
2026-04-06 11:00:00+00:00,9955.582720435088
2026-04-06 12:00:00+00:00,9938.155520435088
2026-04-06 13:00:00+00:00,9910.569920435088
2026-04-06 14:00:00+00:00,9917.569920435088
2026-04-06 15:00:00+00:00,9942.232320435089
2026-04-06 16:00:00+00:00,9976.112320435088
2026-04-06 17:00:00+00:00,9957.789593998863
2026-04-06 18:00:00+00:00,9933.306393998864
2026-04-06 19:00:00+00:00,9968.283993998863
2026-04-06 20:00:00+00:00,9951.696793998864
2026-04-06 21:00:00+00:00,9960.051993998863
2026-04-06 22:00:00+00:00,9926.127193998864
2026-04-06 23:00:00+00:00,9847.794393998864
2026-04-07 00:00:00+00:00,9852.363993998862
2026-04-07 01:00:00+00:00,9843.517872953982
2026-04-07 02:00:00+00:00,9801.540272953982
2026-04-07 03:00:00+00:00,9832.497072953984
2026-04-07 04:00:00+00:00,9844.369072953983
2026-04-07 05:00:00+00:00,9852.545072953983
2026-04-07 06:00:00+00:00,9831.063472953983
2026-04-07 07:00:00+00:00,9821.263472953982
2026-04-07 08:00:00+00:00,9827.098672953984
2026-04-07 09:00:00+00:00,9862.094197236864
2026-04-07 10:00:00+00:00,9884.796597236862
2026-04-07 11:00:00+00:00,9782.450997236861
2026-04-07 12:00:00+00:00,9760.433157313057
2026-04-07 13:00:00+00:00,9760.433157313057
2026-04-07 14:00:00+00:00,9760.433157313057
2026-04-07 15:00:00+00:00,9760.433157313057
2026-04-07 16:00:00+00:00,9760.433157313057
2026-04-07 17:00:00+00:00,9760.433157313057
2026-04-07 18:00:00+00:00,9760.433157313057
2026-04-07 19:00:00+00:00,9760.433157313057
2026-04-07 20:00:00+00:00,9760.433157313057
2026-04-07 21:00:00+00:00,9760.433157313057
2026-04-07 22:00:00+00:00,9760.433157313057
2026-04-07 23:00:00+00:00,9760.433157313057
2026-04-08 00:00:00+00:00,9787.071709531643
2026-04-08 01:00:00+00:00,9770.699369698563
2026-04-08 02:00:00+00:00,9752.573569698563
2026-04-08 03:00:00+00:00,9743.603069698564
2026-04-08 04:00:00+00:00,9738.182269698564
2026-04-08 05:00:00+00:00,9758.895269698563
2026-04-08 06:00:00+00:00,9772.216269698563
2026-04-08 07:00:00+00:00,9771.900569698564
2026-04-08 08:00:00+00:00,9765.317069698564
2026-04-08 09:00:00+00:00,9777.858883820094
2026-04-08 10:00:00+00:00,9768.572683820094
2026-04-08 11:00:00+00:00,9752.425783820094
2026-04-08 12:00:00+00:00,9768.172283820093
2026-04-08 13:00:00+00:00,9796.924083820093
2026-04-08 14:00:00+00:00,9761.473283820093
2026-04-08 15:00:00+00:00,9709.482883820094
2026-04-08 16:00:00+00:00,9739.266483820093
2026-04-08 17:00:00+00:00,9761.07402280779
2026-04-08 18:00:00+00:00,9783.14222280779
2026-04-08 19:00:00+00:00,9722.88202280779
2026-04-08 20:00:00+00:00,9739.67572280779
2026-04-08 21:00:00+00:00,9743.826022807789
2026-04-08 22:00:00+00:00,9757.11622280779
2026-04-08 23:00:00+00:00,9719.75582280779
2026-04-09 00:00:00+00:00,9720.81842280779
2026-04-09 01:00:00+00:00,9700.875763621649
2026-04-09 02:00:00+00:00,9710.192763621648
2026-04-09 03:00:00+00:00,9720.179663621648
2026-04-09 04:00:00+00:00,9714.905163621648
2026-04-09 05:00:00+00:00,9699.42046362165
2026-04-09 06:00:00+00:00,9714.789663621648
2026-04-09 07:00:00+00:00,9717.800363621649
2026-04-09 08:00:00+00:00,9713.657763621648
2026-04-09 09:00:00+00:00,9733.5917693633
2026-04-09 10:00:00+00:00,9755.236469363299
2026-04-09 11:00:00+00:00,9735.678469363298
2026-04-09 12:00:00+00:00,9726.068869363298
2026-04-09 13:00:00+00:00,9736.471569363299
2026-04-09 14:00:00+00:00,9699.526969363298
2026-04-09 15:00:00+00:00,9724.0360693633
2026-04-09 16:00:00+00:00,9802.922569363298
2026-04-09 17:00:00+00:00,9798.41283835906
2026-04-09 18:00:00+00:00,9818.348138359059
2026-04-09 19:00:00+00:00,9783.11293835906
2026-04-09 20:00:00+00:00,9799.02113835906
2026-04-09 21:00:00+00:00,9823.792038359059
2026-04-09 22:00:00+00:00,9812.434538359059
2026-04-09 23:00:00+00:00,9787.879238359059
2026-04-10 00:00:00+00:00,9775.497638359058
2026-04-10 01:00:00+00:00,9789.481231509972
2026-04-10 02:00:00+00:00,9804.242131509971
2026-04-10 03:00:00+00:00,9789.019231509972
2026-04-10 04:00:00+00:00,9782.166231509971
2026-04-10 05:00:00+00:00,9801.531731509973
2026-04-10 06:00:00+00:00,9802.286331509973
2026-04-10 07:00:00+00:00,9777.607831509973
2026-04-10 08:00:00+00:00,9753.206531509972
2026-04-10 09:00:00+00:00,9761.57207975518
2026-04-10 10:00:00+00:00,9775.01627975518
2026-04-10 11:00:00+00:00,9784.73367975518
2026-04-10 12:00:00+00:00,9801.69677975518
2026-04-10 13:00:00+00:00,9811.92237975518
2026-04-10 14:00:00+00:00,9816.426879755181
2026-04-10 15:00:00+00:00,9861.595079755181
2026-04-10 16:00:00+00:00,9826.97587975518
2026-04-10 17:00:00+00:00,9868.13883616337
2026-04-10 18:00:00+00:00,9877.83313616337
2026-04-10 19:00:00+00:00,9876.04673616337
2026-04-10 20:00:00+00:00,9886.10293616337
2026-04-10 21:00:00+00:00,9895.58933616337
2026-04-10 22:00:00+00:00,9883.70823616337
2026-04-10 23:00:00+00:00,9858.91423616337
2026-04-11 00:00:00+00:00,9865.32063616337
2026-04-11 01:00:00+00:00,9856.10899388892
2026-04-11 02:00:00+00:00,9865.934193888921
2026-04-11 03:00:00+00:00,9866.565593888921
2026-04-11 04:00:00+00:00,9859.389193888921
2026-04-11 05:00:00+00:00,9854.46889388892
2026-04-11 06:00:00+00:00,9847.446493888921
2026-04-11 07:00:00+00:00,9851.10399388892
2026-04-11 08:00:00+00:00,9849.57939388892
2026-04-11 09:00:00+00:00,9843.582850680417
2026-04-11 10:00:00+00:00,9862.725050680418
2026-04-11 11:00:00+00:00,9857.119450680419
2026-04-11 12:00:00+00:00,9862.278450680418
2026-04-11 13:00:00+00:00,9864.388250680418
2026-04-11 14:00:00+00:00,9842.566450680419
2026-04-11 15:00:00+00:00,9846.316350680418
2026-04-11 16:00:00+00:00,9858.359150680419
2026-04-11 17:00:00+00:00,9872.135898943772
2026-04-11 18:00:00+00:00,9877.133198943773
2026-04-11 19:00:00+00:00,9912.530098943773
2026-04-11 20:00:00+00:00,9921.770098943773
2026-04-11 21:00:00+00:00,9892.279098943773
2026-04-11 22:00:00+00:00,9902.427698943773
2026-04-11 23:00:00+00:00,9898.469898943773
2026-04-12 00:00:00+00:00,9873.837598943772
2026-04-12 01:00:00+00:00,9876.249233282117
2026-04-12 02:00:00+00:00,9765.361533282115
2026-04-12 03:00:00+00:00,9774.986533282115
2026-04-12 04:00:00+00:00,9762.658833282116
2026-04-12 05:00:00+00:00,9752.271533282115
2026-04-12 06:00:00+00:00,9770.474333282116
2026-04-12 07:00:00+00:00,9766.916933282115
2026-04-12 08:00:00+00:00,9767.625333282116
2026-04-12 09:00:00+00:00,9765.072250486775
2026-04-12 10:00:00+00:00,9758.149950486775
2026-04-12 11:00:00+00:00,9751.504850486775
2026-04-12 12:00:00+00:00,9752.960150486775
2026-04-12 13:00:00+00:00,9723.322850486777
2026-04-12 14:00:00+00:00,9708.800650486775
2026-04-12 15:00:00+00:00,9697.466250486776
2026-04-12 16:00:00+00:00,9708.392550486775
2026-04-12 17:00:00+00:00,9711.082727817771
2026-04-12 18:00:00+00:00,9727.17572781777
2026-04-12 19:00:00+00:00,9726.613627817771
2026-04-12 20:00:00+00:00,9723.73382781777
2026-04-12 21:00:00+00:00,9742.806727817771
2026-04-12 22:00:00+00:00,9745.024327817771
2026-04-12 23:00:00+00:00,9709.904627817772
2026-04-13 00:00:00+00:00,9697.23812781777
2026-04-13 01:00:00+00:00,9729.506168561787
2026-04-13 02:00:00+00:00,9731.515868561788
2026-04-13 03:00:00+00:00,9723.115168561788
2026-04-13 04:00:00+00:00,9715.245768561786
2026-04-13 05:00:00+00:00,9708.277268561787
2026-04-13 06:00:00+00:00,9707.776768561787
2026-04-13 07:00:00+00:00,9718.695368561788
2026-04-13 08:00:00+00:00,9702.556168561787
2026-04-13 09:00:00+00:00,9692.15574218568
2026-04-13 10:00:00+00:00,9700.902942185678
2026-04-13 11:00:00+00:00,9697.638142185679
2026-04-13 12:00:00+00:00,9710.566442185678
2026-04-13 13:00:00+00:00,9722.817142185679
2026-04-13 14:00:00+00:00,9767.477142185679
2026-04-13 15:00:00+00:00,9823.240542185678
2026-04-13 16:00:00+00:00,9782.923342185679
2026-04-13 17:00:00+00:00,9808.917382452028
2026-04-13 18:00:00+00:00,9804.582282452027
2026-04-13 19:00:00+00:00,9826.065282452028
2026-04-13 20:00:00+00:00,9894.764682452027
2026-04-13 21:00:00+00:00,9881.420582452027
2026-04-13 22:00:00+00:00,9884.585282452026
2026-04-13 23:00:00+00:00,9996.997582452026
2026-04-14 00:00:00+00:00,9980.450282452028
2026-04-14 01:00:00+00:00,9960.988878339569
2026-04-14 02:00:00+00:00,9977.744078339569
2026-04-14 03:00:00+00:00,9973.809378339569
2026-04-14 04:00:00+00:00,9982.61817833957
2026-04-14 05:00:00+00:00,9978.51407833957
2026-04-14 06:00:00+00:00,9965.34707833957
2026-04-14 07:00:00+00:00,9988.485578339569
2026-04-14 08:00:00+00:00,9990.672378339568
2026-04-14 09:00:00+00:00,10005.954129181157
2026-04-14 10:00:00+00:00,9987.320129181157
2026-04-14 11:00:00+00:00,9974.838429181158
2026-04-14 12:00:00+00:00,9977.348629181157
2026-04-14 13:00:00+00:00,9983.069729181158
2026-04-14 14:00:00+00:00,10064.266229181158
2026-04-14 15:00:00+00:00,10025.388929181157
2026-04-14 16:00:00+00:00,9987.233564217971
2026-04-14 17:00:00+00:00,9987.233564217971
2026-04-14 18:00:00+00:00,9987.233564217971
2026-04-14 19:00:00+00:00,9987.233564217971
2026-04-14 20:00:00+00:00,9987.233564217971
2026-04-14 21:00:00+00:00,9987.233564217971
2026-04-14 22:00:00+00:00,9987.233564217971
2026-04-14 23:00:00+00:00,9987.233564217971
2026-04-15 00:00:00+00:00,9987.233564217971
2026-04-15 01:00:00+00:00,9987.233564217971
2026-04-15 02:00:00+00:00,9987.233564217971
2026-04-15 03:00:00+00:00,9987.233564217971
2026-04-15 04:00:00+00:00,9987.233564217971
2026-04-15 05:00:00+00:00,9987.233564217971
2026-04-15 06:00:00+00:00,9987.233564217971
2026-04-15 07:00:00+00:00,9987.233564217971
2026-04-15 08:00:00+00:00,9987.233564217971
2026-04-15 09:00:00+00:00,9987.233564217971
2026-04-15 10:00:00+00:00,9987.233564217971
2026-04-15 11:00:00+00:00,9987.233564217971
2026-04-15 12:00:00+00:00,9987.233564217971
2026-04-15 13:00:00+00:00,9987.233564217971
2026-04-15 14:00:00+00:00,9987.233564217971
2026-04-15 15:00:00+00:00,9987.233564217971
2026-04-15 16:00:00+00:00,9987.233564217971
2026-04-15 17:00:00+00:00,9987.233564217971
2026-04-15 18:00:00+00:00,9987.233564217971
2026-04-15 19:00:00+00:00,9987.233564217971
2026-04-15 20:00:00+00:00,9987.233564217971
2026-04-15 21:00:00+00:00,9987.233564217971
2026-04-15 22:00:00+00:00,9987.233564217971
2026-04-15 23:00:00+00:00,9987.233564217971
2026-04-16 00:00:00+00:00,9987.233564217971
2026-04-16 01:00:00+00:00,9987.233564217971
2026-04-16 02:00:00+00:00,9987.233564217971
2026-04-16 03:00:00+00:00,9987.233564217971
2026-04-16 04:00:00+00:00,9987.233564217971
2026-04-16 05:00:00+00:00,9987.233564217971
2026-04-16 06:00:00+00:00,9987.233564217971
2026-04-16 07:00:00+00:00,9987.233564217971
2026-04-16 08:00:00+00:00,9987.233564217971
2026-04-16 09:00:00+00:00,9987.233564217971
2026-04-16 10:00:00+00:00,9987.233564217971
2026-04-16 11:00:00+00:00,9987.233564217971
2026-04-16 12:00:00+00:00,9987.233564217971
2026-04-16 13:00:00+00:00,9987.233564217971
2026-04-16 14:00:00+00:00,9987.233564217971
2026-04-16 15:00:00+00:00,9987.233564217971
2026-04-16 16:00:00+00:00,9987.233564217971
2026-04-16 17:00:00+00:00,9987.233564217971
2026-04-16 18:00:00+00:00,9987.233564217971
2026-04-16 19:00:00+00:00,9987.233564217971
2026-04-16 20:00:00+00:00,9987.233564217971
2026-04-16 21:00:00+00:00,9987.233564217971
2026-04-16 22:00:00+00:00,9987.233564217971
2026-04-16 23:00:00+00:00,9987.233564217971
2026-04-17 00:00:00+00:00,9987.233564217971
2026-04-17 01:00:00+00:00,9987.233564217971
2026-04-17 02:00:00+00:00,9987.233564217971
2026-04-17 03:00:00+00:00,9987.233564217971
2026-04-17 04:00:00+00:00,9987.233564217971
2026-04-17 05:00:00+00:00,9987.233564217971
2026-04-17 06:00:00+00:00,9987.233564217971
2026-04-17 07:00:00+00:00,9987.233564217971
2026-04-17 08:00:00+00:00,9987.233564217971
2026-04-17 09:00:00+00:00,9987.233564217971
2026-04-17 10:00:00+00:00,9987.233564217971
2026-04-17 11:00:00+00:00,9987.233564217971
2026-04-17 12:00:00+00:00,9987.233564217971
2026-04-17 13:00:00+00:00,9987.233564217971
2026-04-17 14:00:00+00:00,9987.233564217971
2026-04-17 15:00:00+00:00,10024.139268781493
2026-04-17 16:00:00+00:00,10017.027268781492
2026-04-17 17:00:00+00:00,10023.210225470933
2026-04-17 18:00:00+00:00,9996.026225470934
2026-04-17 19:00:00+00:00,9967.770225470933
2026-04-17 20:00:00+00:00,9986.706225470934
2026-04-17 21:00:00+00:00,9981.498225470934
2026-04-17 22:00:00+00:00,9990.810225470934
2026-04-17 23:00:00+00:00,9979.746225470933
2026-04-18 00:00:00+00:00,9961.250225470934
2026-04-18 01:00:00+00:00,9970.109260509973
2026-04-18 02:00:00+00:00,9973.373260509972
2026-04-18 03:00:00+00:00,9979.261260509973
2026-04-18 04:00:00+00:00,9956.445260509974
2026-04-18 05:00:00+00:00,9964.573260509973
2026-04-18 06:00:00+00:00,9966.101260509973
2026-04-18 07:00:00+00:00,9965.597260509972
2026-04-18 08:00:00+00:00,9955.381260509974
2026-04-18 09:00:00+00:00,9935.345234095574
2026-04-18 10:00:00+00:00,9924.305234095573
2026-04-18 11:00:00+00:00,9891.737234095574
2026-04-18 12:00:00+00:00,9879.897234095573
2026-04-18 13:00:00+00:00,9893.177234095572
2026-04-18 14:00:00+00:00,9886.177234095572
2026-04-18 15:00:00+00:00,9896.633234095572
2026-04-18 16:00:00+00:00,9889.721234095574
2026-04-18 17:00:00+00:00,9871.848520761812
2026-04-18 18:00:00+00:00,9862.728520761813
2026-04-18 19:00:00+00:00,9848.312520761812
2026-04-18 20:00:00+00:00,9848.352520761813
2026-04-18 21:00:00+00:00,9856.504520761813
2026-04-18 22:00:00+00:00,9861.336520761814
2026-04-18 23:00:00+00:00,9861.256520761814
2026-04-19 00:00:00+00:00,9852.320520761814
2026-04-19 01:00:00+00:00,9850.708611682614
2026-04-19 02:00:00+00:00,9846.716611682614
2026-04-19 03:00:00+00:00,9836.532611682615
2026-04-19 04:00:00+00:00,9838.364611682615
2026-04-19 05:00:00+00:00,9850.420611682614
2026-04-19 06:00:00+00:00,9840.932611682614
2026-04-19 07:00:00+00:00,9829.300611682615
2026-04-19 08:00:00+00:00,9792.283389443663
2026-04-19 09:00:00+00:00,9792.283389443663
2026-04-19 10:00:00+00:00,9792.283389443663
2026-04-19 11:00:00+00:00,9792.283389443663
2026-04-19 12:00:00+00:00,9792.283389443663
2026-04-19 13:00:00+00:00,9792.283389443663
2026-04-19 14:00:00+00:00,9792.283389443663
2026-04-19 15:00:00+00:00,9792.283389443663
2026-04-19 16:00:00+00:00,9792.283389443663
2026-04-19 17:00:00+00:00,9792.283389443663
2026-04-19 18:00:00+00:00,9792.283389443663
2026-04-19 19:00:00+00:00,9792.283389443663
2026-04-19 20:00:00+00:00,9792.283389443663
2026-04-19 21:00:00+00:00,9792.283389443663
2026-04-19 22:00:00+00:00,9792.283389443663
2026-04-19 23:00:00+00:00,9792.283389443663
2026-04-20 00:00:00+00:00,9792.283389443663
2026-04-20 01:00:00+00:00,9792.283389443663
2026-04-20 02:00:00+00:00,9792.283389443663
2026-04-20 03:00:00+00:00,9792.283389443663
2026-04-20 04:00:00+00:00,9792.283389443663
2026-04-20 05:00:00+00:00,9792.283389443663
2026-04-20 06:00:00+00:00,9792.283389443663
2026-04-20 07:00:00+00:00,9792.283389443663
2026-04-20 08:00:00+00:00,9792.283389443663
2026-04-20 09:00:00+00:00,9792.283389443663
2026-04-20 10:00:00+00:00,9792.283389443663
2026-04-20 11:00:00+00:00,9792.283389443663
2026-04-20 12:00:00+00:00,9792.283389443663
2026-04-20 13:00:00+00:00,9792.283389443663
2026-04-20 14:00:00+00:00,9792.283389443663
2026-04-20 15:00:00+00:00,9792.283389443663
2026-04-20 16:00:00+00:00,9792.283389443663
2026-04-20 17:00:00+00:00,9792.283389443663
2026-04-20 18:00:00+00:00,9792.283389443663
2026-04-20 19:00:00+00:00,9792.283389443663
2026-04-20 20:00:00+00:00,9792.283389443663
2026-04-20 21:00:00+00:00,9792.283389443663
2026-04-20 22:00:00+00:00,9792.283389443663
2026-04-20 23:00:00+00:00,9792.283389443663
2026-04-21 00:00:00+00:00,9792.283389443663
2026-04-21 01:00:00+00:00,9792.283389443663
2026-04-21 02:00:00+00:00,9792.283389443663
2026-04-21 03:00:00+00:00,9792.283389443663
2026-04-21 04:00:00+00:00,9792.283389443663
2026-04-21 05:00:00+00:00,9792.283389443663
2026-04-21 06:00:00+00:00,9792.283389443663
2026-04-21 07:00:00+00:00,9792.283389443663
2026-04-21 08:00:00+00:00,9792.283389443663
2026-04-21 09:00:00+00:00,9792.283389443663
2026-04-21 10:00:00+00:00,9792.283389443663
2026-04-21 11:00:00+00:00,9792.283389443663
2026-04-21 12:00:00+00:00,9792.283389443663
2026-04-21 13:00:00+00:00,9792.283389443663
2026-04-21 14:00:00+00:00,9792.283389443663
2026-04-21 15:00:00+00:00,9792.283389443663
2026-04-21 16:00:00+00:00,9792.283389443663
2026-04-21 17:00:00+00:00,9792.283389443663
2026-04-21 18:00:00+00:00,9792.283389443663
2026-04-21 19:00:00+00:00,9792.283389443663
2026-04-21 20:00:00+00:00,9792.283389443663
2026-04-21 21:00:00+00:00,9792.283389443663
2026-04-21 22:00:00+00:00,9792.283389443663
2026-04-21 23:00:00+00:00,9792.283389443663
2026-04-22 00:00:00+00:00,9792.283389443663
2026-04-22 01:00:00+00:00,9792.283389443663
2026-04-22 02:00:00+00:00,9792.283389443663
2026-04-22 03:00:00+00:00,9792.283389443663
2026-04-22 04:00:00+00:00,9792.283389443663
2026-04-22 05:00:00+00:00,9792.283389443663
2026-04-22 06:00:00+00:00,9792.283389443663
2026-04-22 07:00:00+00:00,9792.283389443663
2026-04-22 08:00:00+00:00,9792.283389443663
2026-04-22 09:00:00+00:00,9792.283389443663
2026-04-22 10:00:00+00:00,9792.283389443663
2026-04-22 11:00:00+00:00,9792.283389443663
2026-04-22 12:00:00+00:00,9792.283389443663
2026-04-22 13:00:00+00:00,9792.283389443663
2026-04-22 14:00:00+00:00,9792.283389443663
2026-04-22 15:00:00+00:00,9804.510179145407
2026-04-22 16:00:00+00:00,9826.597679145409
2026-04-22 17:00:00+00:00,9777.43727138176
2026-04-22 18:00:00+00:00,9792.754371381758
2026-04-22 19:00:00+00:00,9803.886471381758
2026-04-22 20:00:00+00:00,9785.453871381758
2026-04-22 21:00:00+00:00,9748.672371381757
2026-04-22 22:00:00+00:00,9778.246371381758
2026-04-22 23:00:00+00:00,9763.208271381758
2026-04-23 00:00:00+00:00,9724.864371381758
2026-04-23 01:00:00+00:00,9748.695583660028
2026-04-23 02:00:00+00:00,9741.357883660028
2026-04-23 03:00:00+00:00,9702.911683660028
2026-04-23 04:00:00+00:00,9684.934783660028
2026-04-23 05:00:00+00:00,9700.493683660028
2026-04-23 06:00:00+00:00,9711.681583660027
2026-04-23 07:00:00+00:00,9727.965883660028
2026-04-23 08:00:00+00:00,9713.281183660029
2026-04-23 09:00:00+00:00,9696.147948349068
2026-04-23 10:00:00+00:00,9676.701648349066
2026-04-23 11:00:00+00:00,9598.275359951022
2026-04-23 12:00:00+00:00,9598.275359951022
2026-04-23 13:00:00+00:00,9598.275359951022
2026-04-23 14:00:00+00:00,9598.275359951022
2026-04-23 15:00:00+00:00,9598.275359951022
2026-04-23 16:00:00+00:00,9598.275359951022
2026-04-23 17:00:00+00:00,9598.275359951022
2026-04-23 18:00:00+00:00,9598.275359951022
2026-04-23 19:00:00+00:00,9598.275359951022
2026-04-23 20:00:00+00:00,9598.275359951022
2026-04-23 21:00:00+00:00,9598.275359951022
2026-04-23 22:00:00+00:00,9598.275359951022
2026-04-23 23:00:00+00:00,9598.275359951022
2026-04-24 00:00:00+00:00,9598.275359951022
2026-04-24 01:00:00+00:00,9598.275359951022
2026-04-24 02:00:00+00:00,9598.275359951022
2026-04-24 03:00:00+00:00,9598.275359951022
2026-04-24 04:00:00+00:00,9598.275359951022
2026-04-24 05:00:00+00:00,9598.275359951022
2026-04-24 06:00:00+00:00,9598.275359951022
2026-04-24 07:00:00+00:00,9598.275359951022
2026-04-24 08:00:00+00:00,9598.275359951022
2026-04-24 09:00:00+00:00,9598.275359951022
2026-04-24 10:00:00+00:00,9598.275359951022
2026-04-24 11:00:00+00:00,9598.275359951022
2026-04-24 12:00:00+00:00,9598.275359951022
2026-04-24 13:00:00+00:00,9598.275359951022
2026-04-24 14:00:00+00:00,9598.275359951022
2026-04-24 15:00:00+00:00,9598.275359951022
2026-04-24 16:00:00+00:00,9598.275359951022
2026-04-24 17:00:00+00:00,9598.275359951022
2026-04-24 18:00:00+00:00,9598.275359951022
2026-04-24 19:00:00+00:00,9598.275359951022
2026-04-24 20:00:00+00:00,9598.275359951022
2026-04-24 21:00:00+00:00,9598.275359951022
2026-04-24 22:00:00+00:00,9598.275359951022
2026-04-24 23:00:00+00:00,9598.275359951022
2026-04-25 00:00:00+00:00,9598.275359951022
2026-04-25 01:00:00+00:00,9598.275359951022
2026-04-25 02:00:00+00:00,9598.275359951022
2026-04-25 03:00:00+00:00,9598.275359951022
2026-04-25 04:00:00+00:00,9598.275359951022
2026-04-25 05:00:00+00:00,9598.275359951022
2026-04-25 06:00:00+00:00,9598.275359951022
2026-04-25 07:00:00+00:00,9598.275359951022
2026-04-25 08:00:00+00:00,9598.275359951022
2026-04-25 09:00:00+00:00,9598.275359951022
2026-04-25 10:00:00+00:00,9598.275359951022
2026-04-25 11:00:00+00:00,9598.275359951022
2026-04-25 12:00:00+00:00,9598.275359951022
2026-04-25 13:00:00+00:00,9598.275359951022
2026-04-25 14:00:00+00:00,9598.275359951022
2026-04-25 15:00:00+00:00,9598.275359951022
2026-04-25 16:00:00+00:00,9598.275359951022
2026-04-25 17:00:00+00:00,9598.275359951022
2026-04-25 18:00:00+00:00,9598.275359951022
2026-04-25 19:00:00+00:00,9598.275359951022
2026-04-25 20:00:00+00:00,9598.275359951022
2026-04-25 21:00:00+00:00,9598.275359951022
2026-04-25 22:00:00+00:00,9598.275359951022
2026-04-25 23:00:00+00:00,9598.275359951022
2026-04-26 00:00:00+00:00,9598.275359951022
2026-04-26 01:00:00+00:00,9598.275359951022
2026-04-26 02:00:00+00:00,9598.275359951022
2026-04-26 03:00:00+00:00,9598.275359951022
2026-04-26 04:00:00+00:00,9598.275359951022
2026-04-26 05:00:00+00:00,9598.275359951022
2026-04-26 06:00:00+00:00,9598.275359951022
2026-04-26 07:00:00+00:00,9598.275359951022
2026-04-26 08:00:00+00:00,9598.275359951022
2026-04-26 09:00:00+00:00,9598.275359951022
2026-04-26 10:00:00+00:00,9598.275359951022
2026-04-26 11:00:00+00:00,9598.275359951022
2026-04-26 12:00:00+00:00,9598.275359951022
2026-04-26 13:00:00+00:00,9598.275359951022
2026-04-26 14:00:00+00:00,9598.275359951022
2026-04-26 15:00:00+00:00,9598.275359951022
2026-04-26 16:00:00+00:00,9598.275359951022
2026-04-26 17:00:00+00:00,9598.275359951022
2026-04-26 18:00:00+00:00,9598.275359951022
2026-04-26 19:00:00+00:00,9598.275359951022
2026-04-26 20:00:00+00:00,9598.275359951022
2026-04-26 21:00:00+00:00,9598.275359951022
2026-04-26 22:00:00+00:00,9598.275359951022
2026-04-26 23:00:00+00:00,9598.275359951022
2026-04-27 00:00:00+00:00,9598.275359951022
2026-04-27 01:00:00+00:00,9598.275359951022
2026-04-27 02:00:00+00:00,9598.275359951022
2026-04-27 03:00:00+00:00,9598.275359951022
2026-04-27 04:00:00+00:00,9598.275359951022
2026-04-27 05:00:00+00:00,9598.275359951022
2026-04-27 06:00:00+00:00,9598.275359951022
2026-04-27 07:00:00+00:00,9598.275359951022
2026-04-27 08:00:00+00:00,9598.275359951022
2026-04-27 09:00:00+00:00,9598.275359951022
2026-04-27 10:00:00+00:00,9598.275359951022
2026-04-27 11:00:00+00:00,9598.275359951022
2026-04-27 12:00:00+00:00,9598.275359951022
2026-04-27 13:00:00+00:00,9598.275359951022
2026-04-27 14:00:00+00:00,9598.275359951022
2026-04-27 15:00:00+00:00,9598.275359951022
2026-04-27 16:00:00+00:00,9598.275359951022
2026-04-27 17:00:00+00:00,9598.275359951022
2026-04-27 18:00:00+00:00,9598.275359951022
2026-04-27 19:00:00+00:00,9598.275359951022
2026-04-27 20:00:00+00:00,9598.275359951022
2026-04-27 21:00:00+00:00,9598.275359951022
2026-04-27 22:00:00+00:00,9598.275359951022
2026-04-27 23:00:00+00:00,9598.275359951022
2026-04-28 00:00:00+00:00,9598.275359951022
2026-04-28 01:00:00+00:00,9598.275359951022
2026-04-28 02:00:00+00:00,9598.275359951022
2026-04-28 03:00:00+00:00,9598.275359951022
2026-04-28 04:00:00+00:00,9598.275359951022
2026-04-28 05:00:00+00:00,9598.275359951022
2026-04-28 06:00:00+00:00,9598.275359951022
2026-04-28 07:00:00+00:00,9598.275359951022
2026-04-28 08:00:00+00:00,9598.275359951022
2026-04-28 09:00:00+00:00,9598.275359951022
2026-04-28 10:00:00+00:00,9598.275359951022
2026-04-28 11:00:00+00:00,9598.275359951022
2026-04-28 12:00:00+00:00,9598.275359951022
2026-04-28 13:00:00+00:00,9598.275359951022
2026-04-28 14:00:00+00:00,9598.275359951022
2026-04-28 15:00:00+00:00,9598.275359951022
2026-04-28 16:00:00+00:00,9598.275359951022
2026-04-28 17:00:00+00:00,9598.275359951022
2026-04-28 18:00:00+00:00,9598.275359951022
2026-04-28 19:00:00+00:00,9598.275359951022
2026-04-28 20:00:00+00:00,9598.275359951022
2026-04-28 21:00:00+00:00,9598.275359951022
2026-04-28 22:00:00+00:00,9598.275359951022
2026-04-28 23:00:00+00:00,9598.275359951022
2026-04-29 00:00:00+00:00,9598.275359951022
2026-04-29 01:00:00+00:00,9598.275359951022
2026-04-29 02:00:00+00:00,9598.275359951022
2026-04-29 03:00:00+00:00,9598.275359951022
2026-04-29 04:00:00+00:00,9598.275359951022
2026-04-29 05:00:00+00:00,9598.275359951022
2026-04-29 06:00:00+00:00,9598.275359951022
2026-04-29 07:00:00+00:00,9598.275359951022
2026-04-29 08:00:00+00:00,9598.275359951022
2026-04-29 09:00:00+00:00,9598.275359951022
2026-04-29 10:00:00+00:00,9598.275359951022
2026-04-29 11:00:00+00:00,9598.275359951022
2026-04-29 12:00:00+00:00,9598.275359951022
2026-04-29 13:00:00+00:00,9598.275359951022
2026-04-29 14:00:00+00:00,9598.275359951022
2026-04-29 15:00:00+00:00,9598.275359951022
2026-04-29 16:00:00+00:00,9598.275359951022
2026-04-29 17:00:00+00:00,9598.275359951022
2026-04-29 18:00:00+00:00,9598.275359951022
2026-04-29 19:00:00+00:00,9598.275359951022
2026-04-29 20:00:00+00:00,9587.923813972024
2026-04-29 21:00:00+00:00,9577.466313972023
2026-04-29 22:00:00+00:00,9555.474413972024
2026-04-29 23:00:00+00:00,9555.349813972023
2026-04-30 00:00:00+00:00,9567.329213972025
2026-04-30 01:00:00+00:00,9527.065912497605
2026-04-30 02:00:00+00:00,9527.528712497604
2026-04-30 03:00:00+00:00,9574.725412497604
2026-04-30 04:00:00+00:00,9555.278912497604
2026-04-30 05:00:00+00:00,9592.997112497604
2026-04-30 06:00:00+00:00,9583.091412497604
2026-04-30 07:00:00+00:00,9569.652412497604
2026-04-30 08:00:00+00:00,9533.224712497604
2026-04-30 09:00:00+00:00,9542.374045440198
2026-04-30 10:00:00+00:00,9539.081045440198
2026-04-30 11:00:00+00:00,9544.518945440197
2026-04-30 12:00:00+00:00,9541.733245440199
2026-04-30 13:00:00+00:00,9521.610345440196
2026-04-30 14:00:00+00:00,9511.704645440197
2026-04-30 15:00:00+00:00,9521.877345440198
2026-04-30 16:00:00+00:00,9507.014345440197
2026-04-30 17:00:00+00:00,9524.874925611317
2026-04-30 18:00:00+00:00,9525.845025611317
2026-04-30 19:00:00+00:00,9516.953925611317
2026-04-30 20:00:00+00:00,9511.827525611317
2026-04-30 21:00:00+00:00,9504.315925611316
2026-04-30 22:00:00+00:00,9526.414625611316
2026-04-30 23:00:00+00:00,9526.850725611317
2026-05-01 00:00:00+00:00,9517.283225611318
2026-05-01 01:00:00+00:00,9507.265527986041
2026-05-01 02:00:00+00:00,9486.88452798604
2026-05-01 03:00:00+00:00,9495.001327986041
2026-05-01 04:00:00+00:00,9447.85802798604
2026-05-01 05:00:00+00:00,9455.440827986042
2026-05-01 06:00:00+00:00,9443.16772798604
2026-05-01 07:00:00+00:00,9459.312327986041
2026-05-01 08:00:00+00:00,9446.309427986042
2026-05-01 09:00:00+00:00,9424.825227757132
2026-05-01 10:00:00+00:00,9433.787527757131
2026-05-01 11:00:00+00:00,9431.153127757132
2026-05-01 12:00:00+00:00,9405.528126552545
2026-05-01 13:00:00+00:00,9405.528126552545
2026-05-01 14:00:00+00:00,9405.528126552545
2026-05-01 15:00:00+00:00,9405.528126552545
2026-05-01 16:00:00+00:00,9405.528126552545
2026-05-01 17:00:00+00:00,9405.528126552545
2026-05-01 18:00:00+00:00,9405.528126552545
2026-05-01 19:00:00+00:00,9405.528126552545
2026-05-01 20:00:00+00:00,9405.528126552545
2026-05-01 21:00:00+00:00,9405.528126552545
2026-05-01 22:00:00+00:00,9405.528126552545
2026-05-01 23:00:00+00:00,9405.528126552545
2026-05-02 00:00:00+00:00,9405.528126552545
2026-05-02 01:00:00+00:00,9405.528126552545
2026-05-02 02:00:00+00:00,9405.528126552545
2026-05-02 03:00:00+00:00,9405.528126552545
2026-05-02 04:00:00+00:00,9405.528126552545
2026-05-02 05:00:00+00:00,9405.528126552545
2026-05-02 06:00:00+00:00,9405.528126552545
2026-05-02 07:00:00+00:00,9405.528126552545
2026-05-02 08:00:00+00:00,9405.528126552545
2026-05-02 09:00:00+00:00,9405.528126552545
2026-05-02 10:00:00+00:00,9405.528126552545
2026-05-02 11:00:00+00:00,9405.528126552545
2026-05-02 12:00:00+00:00,9405.528126552545
2026-05-02 13:00:00+00:00,9405.528126552545
2026-05-02 14:00:00+00:00,9405.528126552545
2026-05-02 15:00:00+00:00,9405.528126552545
2026-05-02 16:00:00+00:00,9405.528126552545
2026-05-02 17:00:00+00:00,9405.528126552545
2026-05-02 18:00:00+00:00,9405.528126552545
2026-05-02 19:00:00+00:00,9405.528126552545
2026-05-02 20:00:00+00:00,9405.528126552545
2026-05-02 21:00:00+00:00,9405.528126552545
2026-05-02 22:00:00+00:00,9405.528126552545
2026-05-02 23:00:00+00:00,9405.528126552545
2026-05-03 00:00:00+00:00,9405.528126552545
2026-05-03 01:00:00+00:00,9405.528126552545
2026-05-03 02:00:00+00:00,9405.528126552545
2026-05-03 03:00:00+00:00,9405.528126552545
2026-05-03 04:00:00+00:00,9405.528126552545
2026-05-03 05:00:00+00:00,9405.528126552545
2026-05-03 06:00:00+00:00,9405.528126552545
2026-05-03 07:00:00+00:00,9405.528126552545
2026-05-03 08:00:00+00:00,9405.528126552545
2026-05-03 09:00:00+00:00,9405.528126552545
2026-05-03 10:00:00+00:00,9405.528126552545
2026-05-03 11:00:00+00:00,9405.528126552545
2026-05-03 12:00:00+00:00,9405.528126552545
2026-05-03 13:00:00+00:00,9405.528126552545
2026-05-03 14:00:00+00:00,9405.528126552545
2026-05-03 15:00:00+00:00,9405.528126552545
2026-05-03 16:00:00+00:00,9405.528126552545
2026-05-03 17:00:00+00:00,9405.528126552545
2026-05-03 18:00:00+00:00,9405.528126552545
2026-05-03 19:00:00+00:00,9405.528126552545
2026-05-03 20:00:00+00:00,9405.528126552545
2026-05-03 21:00:00+00:00,9405.528126552545
2026-05-03 22:00:00+00:00,9405.528126552545
2026-05-03 23:00:00+00:00,9405.528126552545
2026-05-04 00:00:00+00:00,9405.528126552545
2026-05-04 01:00:00+00:00,9405.528126552545
2026-05-04 02:00:00+00:00,9405.528126552545
2026-05-04 03:00:00+00:00,9438.570287651984
2026-05-04 04:00:00+00:00,9453.774987651985
2026-05-04 05:00:00+00:00,9456.054087651984
2026-05-04 06:00:00+00:00,9422.231387651984
2026-05-04 07:00:00+00:00,9405.196987651983
2026-05-04 08:00:00+00:00,9387.948587651985
2026-05-04 09:00:00+00:00,9388.283055546388
2026-05-04 10:00:00+00:00,9402.578255546388
2026-05-04 11:00:00+00:00,9218.645117573848
2026-05-04 12:00:00+00:00,9218.645117573848
2026-05-04 13:00:00+00:00,9218.645117573848
2026-05-04 14:00:00+00:00,9218.645117573848
2026-05-04 15:00:00+00:00,9218.645117573848
2026-05-04 16:00:00+00:00,9218.645117573848
2026-05-04 17:00:00+00:00,9218.645117573848
2026-05-04 18:00:00+00:00,9218.645117573848
2026-05-04 19:00:00+00:00,9218.645117573848
2026-05-04 20:00:00+00:00,9218.645117573848
2026-05-04 21:00:00+00:00,9218.645117573848
2026-05-04 22:00:00+00:00,9218.645117573848
2026-05-04 23:00:00+00:00,9218.645117573848
2026-05-05 00:00:00+00:00,9218.645117573848
2026-05-05 01:00:00+00:00,9218.645117573848
2026-05-05 02:00:00+00:00,9218.645117573848
2026-05-05 03:00:00+00:00,9218.645117573848
2026-05-05 04:00:00+00:00,9218.645117573848
2026-05-05 05:00:00+00:00,9218.645117573848
2026-05-05 06:00:00+00:00,9218.645117573848
2026-05-05 07:00:00+00:00,9218.645117573848
2026-05-05 08:00:00+00:00,9218.645117573848
2026-05-05 09:00:00+00:00,9218.645117573848
2026-05-05 10:00:00+00:00,9218.645117573848
2026-05-05 11:00:00+00:00,9218.645117573848
2026-05-05 12:00:00+00:00,9218.645117573848
2026-05-05 13:00:00+00:00,9218.645117573848
2026-05-05 14:00:00+00:00,9218.645117573848
2026-05-05 15:00:00+00:00,9211.975972664542
2026-05-05 16:00:00+00:00,9232.231372664543
2026-05-05 17:00:00+00:00,9209.334124883662
2026-05-05 18:00:00+00:00,9206.651224883663
2026-05-05 19:00:00+00:00,9230.411224883663
2026-05-05 20:00:00+00:00,9239.400424883663
2026-05-05 21:00:00+00:00,9244.627624883662
2026-05-05 22:00:00+00:00,9220.481524883662
2026-05-05 23:00:00+00:00,9192.108124883662
2026-05-06 00:00:00+00:00,9170.842924883662
2026-05-06 01:00:00+00:00,9183.317052564656
2026-05-06 02:00:00+00:00,9223.897152564656
2026-05-06 03:00:00+00:00,9216.878052564656
2026-05-06 04:00:00+00:00,9238.301652564656
2026-05-06 05:00:00+00:00,9213.472452564656
2026-05-06 06:00:00+00:00,9212.749752564656
2026-05-06 07:00:00+00:00,9227.985852564656
2026-05-06 08:00:00+00:00,9218.244252564657
2026-05-06 09:00:00+00:00,9275.199150970557
2026-05-06 10:00:00+00:00,9280.713450970557
2026-05-06 11:00:00+00:00,9308.710650970557
2026-05-06 12:00:00+00:00,9332.797350970557
2026-05-06 13:00:00+00:00,9303.354750970557
2026-05-06 14:00:00+00:00,9247.231650970558
2026-05-06 15:00:00+00:00,9232.431150970557
2026-05-06 16:00:00+00:00,9250.726350970557
2026-05-06 17:00:00+00:00,9243.001085394573
2026-05-06 18:00:00+00:00,9225.794885394573
2026-05-06 19:00:00+00:00,9215.746385394572
2026-05-06 20:00:00+00:00,9227.279885394571
2026-05-06 21:00:00+00:00,9223.517885394573
2026-05-06 22:00:00+00:00,9235.011785394572
2026-05-06 23:00:00+00:00,9215.330585394573
2026-05-07 00:00:00+00:00,9224.666285394573
2026-05-07 01:00:00+00:00,9183.241339036173
2026-05-07 02:00:00+00:00,9198.517039036173
2026-05-07 03:00:00+00:00,9194.121439036173
2026-05-07 04:00:00+00:00,9166.450939036173
2026-05-07 05:00:00+00:00,9180.568339036172
2026-05-07 06:00:00+00:00,9191.210839036172
2026-05-07 07:00:00+00:00,9225.652939036172
2026-05-07 08:00:00+00:00,9234.048139036173
2026-05-07 09:00:00+00:00,9206.280817669773
2026-05-07 10:00:00+00:00,9175.887817669773
2026-05-07 11:00:00+00:00,9167.086717669772
2026-05-07 12:00:00+00:00,9169.848817669772
2026-05-07 13:00:00+00:00,9198.618217669773
2026-05-07 14:00:00+00:00,9133.179217669773
2026-05-07 15:00:00+00:00,9100.766617669773
2026-05-07 16:00:00+00:00,9074.185117669773
2026-05-07 17:00:00+00:00,9064.691713205162
2026-05-07 18:00:00+00:00,9038.562008800427
2026-05-07 19:00:00+00:00,9038.562008800427
2026-05-07 20:00:00+00:00,9038.562008800427
2026-05-07 21:00:00+00:00,9038.562008800427
2026-05-07 22:00:00+00:00,9038.562008800427
2026-05-07 23:00:00+00:00,9038.562008800427
2026-05-08 00:00:00+00:00,9038.562008800427
2026-05-08 01:00:00+00:00,9038.562008800427
2026-05-08 02:00:00+00:00,9038.562008800427
2026-05-08 03:00:00+00:00,9038.562008800427
2026-05-08 04:00:00+00:00,9038.562008800427
2026-05-08 05:00:00+00:00,9038.562008800427
2026-05-08 06:00:00+00:00,9038.562008800427
2026-05-08 07:00:00+00:00,9038.562008800427
2026-05-08 08:00:00+00:00,9038.562008800427
2026-05-08 09:00:00+00:00,9038.562008800427
2026-05-08 10:00:00+00:00,9038.562008800427
2026-05-08 11:00:00+00:00,9038.562008800427
2026-05-08 12:00:00+00:00,9038.562008800427
2026-05-08 13:00:00+00:00,9038.562008800427
2026-05-08 14:00:00+00:00,9038.562008800427
2026-05-08 15:00:00+00:00,9038.562008800427
2026-05-08 16:00:00+00:00,9038.562008800427
2026-05-08 17:00:00+00:00,9038.562008800427
2026-05-08 18:00:00+00:00,9038.562008800427
2026-05-08 19:00:00+00:00,9038.562008800427
2026-05-08 20:00:00+00:00,9038.562008800427
2026-05-08 21:00:00+00:00,9038.562008800427
2026-05-08 22:00:00+00:00,9038.562008800427
2026-05-08 23:00:00+00:00,9038.562008800427
2026-05-09 00:00:00+00:00,9038.562008800427
2026-05-09 01:00:00+00:00,9038.562008800427
2026-05-09 02:00:00+00:00,9038.562008800427
2026-05-09 03:00:00+00:00,9038.562008800427
2026-05-09 04:00:00+00:00,9038.562008800427
2026-05-09 05:00:00+00:00,9038.562008800427
2026-05-09 06:00:00+00:00,9038.562008800427
2026-05-09 07:00:00+00:00,9038.562008800427
2026-05-09 08:00:00+00:00,9038.562008800427
2026-05-09 09:00:00+00:00,9038.562008800427
2026-05-09 10:00:00+00:00,9038.562008800427
2026-05-09 11:00:00+00:00,9038.562008800427
2026-05-09 12:00:00+00:00,9038.562008800427
2026-05-09 13:00:00+00:00,9038.562008800427
2026-05-09 14:00:00+00:00,9038.562008800427
2026-05-09 15:00:00+00:00,9038.562008800427
2026-05-09 16:00:00+00:00,9038.562008800427
2026-05-09 17:00:00+00:00,9038.562008800427
2026-05-09 18:00:00+00:00,9038.562008800427
2026-05-09 19:00:00+00:00,9038.562008800427
2026-05-09 20:00:00+00:00,9038.562008800427
2026-05-09 21:00:00+00:00,9038.562008800427
2026-05-09 22:00:00+00:00,9038.562008800427
2026-05-09 23:00:00+00:00,9038.562008800427
2026-05-10 00:00:00+00:00,9038.562008800427
2026-05-10 01:00:00+00:00,9038.562008800427
2026-05-10 02:00:00+00:00,9038.562008800427
2026-05-10 03:00:00+00:00,9038.562008800427
2026-05-10 04:00:00+00:00,9038.562008800427
2026-05-10 05:00:00+00:00,9038.562008800427
2026-05-10 06:00:00+00:00,9038.562008800427
2026-05-10 07:00:00+00:00,9038.562008800427
2026-05-10 08:00:00+00:00,9038.562008800427
2026-05-10 09:00:00+00:00,9038.562008800427
2026-05-10 10:00:00+00:00,9038.562008800427
2026-05-10 11:00:00+00:00,9038.562008800427
2026-05-10 12:00:00+00:00,9038.562008800427
2026-05-10 13:00:00+00:00,9038.562008800427
2026-05-10 14:00:00+00:00,9038.562008800427
2026-05-10 15:00:00+00:00,9038.562008800427
2026-05-10 16:00:00+00:00,9038.562008800427
2026-05-10 17:00:00+00:00,9038.562008800427
2026-05-10 18:00:00+00:00,9038.562008800427
2026-05-10 19:00:00+00:00,9038.562008800427
2026-05-10 20:00:00+00:00,9038.562008800427
2026-05-10 21:00:00+00:00,9038.562008800427
2026-05-10 22:00:00+00:00,9038.562008800427
2026-05-10 23:00:00+00:00,9038.562008800427
2026-05-11 00:00:00+00:00,9038.562008800427
2026-05-11 01:00:00+00:00,9038.562008800427
2026-05-11 02:00:00+00:00,9038.562008800427
2026-05-11 03:00:00+00:00,9038.562008800427
2026-05-11 04:00:00+00:00,9038.562008800427
2026-05-11 05:00:00+00:00,9038.562008800427
2026-05-11 06:00:00+00:00,9038.562008800427
2026-05-11 07:00:00+00:00,9038.562008800427
2026-05-11 08:00:00+00:00,9038.562008800427
2026-05-11 09:00:00+00:00,9038.562008800427
2026-05-11 10:00:00+00:00,9038.562008800427
2026-05-11 11:00:00+00:00,9038.562008800427
2026-05-11 12:00:00+00:00,9038.562008800427
2026-05-11 13:00:00+00:00,9038.562008800427
2026-05-11 14:00:00+00:00,9038.562008800427
2026-05-11 15:00:00+00:00,9038.562008800427
2026-05-11 16:00:00+00:00,9038.562008800427
2026-05-11 17:00:00+00:00,9038.562008800427
2026-05-11 18:00:00+00:00,9038.562008800427
2026-05-11 19:00:00+00:00,9038.562008800427
2026-05-11 20:00:00+00:00,9038.562008800427
2026-05-11 21:00:00+00:00,9038.562008800427
2026-05-11 22:00:00+00:00,9038.562008800427
2026-05-11 23:00:00+00:00,9038.562008800427
2026-05-12 00:00:00+00:00,9038.562008800427
2026-05-12 01:00:00+00:00,9038.562008800427
2026-05-12 02:00:00+00:00,9038.562008800427
2026-05-12 03:00:00+00:00,9038.562008800427
2026-05-12 04:00:00+00:00,9038.562008800427
2026-05-12 05:00:00+00:00,9038.562008800427
2026-05-12 06:00:00+00:00,9038.562008800427
2026-05-12 07:00:00+00:00,9038.562008800427
2026-05-12 08:00:00+00:00,9038.562008800427
2026-05-12 09:00:00+00:00,9038.562008800427
2026-05-12 10:00:00+00:00,9038.562008800427
2026-05-12 11:00:00+00:00,9038.562008800427
2026-05-12 12:00:00+00:00,9038.562008800427
2026-05-12 13:00:00+00:00,9038.562008800427
2026-05-12 14:00:00+00:00,9038.562008800427
2026-05-12 15:00:00+00:00,9038.562008800427
2026-05-12 16:00:00+00:00,9038.562008800427
2026-05-12 17:00:00+00:00,9038.562008800427
2026-05-12 18:00:00+00:00,9038.562008800427
2026-05-12 19:00:00+00:00,9038.562008800427
2026-05-12 20:00:00+00:00,9038.562008800427
2026-05-12 21:00:00+00:00,9038.562008800427
2026-05-12 22:00:00+00:00,9038.562008800427
2026-05-12 23:00:00+00:00,9038.562008800427
2026-05-13 00:00:00+00:00,9038.562008800427
2026-05-13 01:00:00+00:00,9038.562008800427
2026-05-13 02:00:00+00:00,9038.562008800427
2026-05-13 03:00:00+00:00,9038.562008800427
2026-05-13 04:00:00+00:00,9038.562008800427
2026-05-13 05:00:00+00:00,9038.562008800427
2026-05-13 06:00:00+00:00,9038.562008800427
2026-05-13 07:00:00+00:00,9038.562008800427
2026-05-13 08:00:00+00:00,9038.562008800427
2026-05-13 09:00:00+00:00,9038.562008800427
2026-05-13 10:00:00+00:00,9038.562008800427
2026-05-13 11:00:00+00:00,9038.562008800427
2026-05-13 12:00:00+00:00,9038.562008800427
2026-05-13 13:00:00+00:00,9038.562008800427
2026-05-13 14:00:00+00:00,9038.562008800427
2026-05-13 15:00:00+00:00,9038.562008800427
2026-05-13 16:00:00+00:00,9038.562008800427
2026-05-13 17:00:00+00:00,9038.562008800427
2026-05-13 18:00:00+00:00,9038.562008800427
2026-05-13 19:00:00+00:00,9038.562008800427
2026-05-13 20:00:00+00:00,9038.562008800427
2026-05-13 21:00:00+00:00,9038.562008800427
2026-05-13 22:00:00+00:00,9038.562008800427
2026-05-13 23:00:00+00:00,9038.562008800427
2026-05-14 00:00:00+00:00,9038.562008800427
2026-05-14 01:00:00+00:00,9038.562008800427
2026-05-14 02:00:00+00:00,9038.562008800427
2026-05-14 03:00:00+00:00,9038.562008800427
2026-05-14 04:00:00+00:00,9038.562008800427
2026-05-14 05:00:00+00:00,9038.562008800427
2026-05-14 06:00:00+00:00,9038.562008800427
2026-05-14 07:00:00+00:00,9038.562008800427
2026-05-14 08:00:00+00:00,9038.562008800427
2026-05-14 09:00:00+00:00,9038.562008800427
2026-05-14 10:00:00+00:00,9038.562008800427
2026-05-14 11:00:00+00:00,9038.562008800427
2026-05-14 12:00:00+00:00,9038.562008800427
2026-05-14 13:00:00+00:00,9038.562008800427
2026-05-14 14:00:00+00:00,9038.562008800427
2026-05-14 15:00:00+00:00,9038.562008800427
2026-05-14 16:00:00+00:00,9038.562008800427
2026-05-14 17:00:00+00:00,9038.562008800427
2026-05-14 18:00:00+00:00,9038.562008800427
2026-05-14 19:00:00+00:00,9038.562008800427
2026-05-14 20:00:00+00:00,9038.562008800427
2026-05-14 21:00:00+00:00,9038.562008800427
2026-05-14 22:00:00+00:00,9038.562008800427
2026-05-14 23:00:00+00:00,9038.562008800427
2026-05-15 00:00:00+00:00,9038.562008800427
2026-05-15 01:00:00+00:00,9038.562008800427
2026-05-15 02:00:00+00:00,9038.562008800427
2026-05-15 03:00:00+00:00,9038.562008800427
2026-05-15 04:00:00+00:00,9038.562008800427
2026-05-15 05:00:00+00:00,9038.562008800427
2026-05-15 06:00:00+00:00,9038.562008800427
2026-05-15 07:00:00+00:00,9038.562008800427
2026-05-15 08:00:00+00:00,9038.562008800427
2026-05-15 09:00:00+00:00,9038.562008800427
2026-05-15 10:00:00+00:00,9038.562008800427
2026-05-15 11:00:00+00:00,9038.562008800427
2026-05-15 12:00:00+00:00,9038.562008800427
2026-05-15 13:00:00+00:00,9038.562008800427
2026-05-15 14:00:00+00:00,9038.562008800427
2026-05-15 15:00:00+00:00,9038.562008800427
2026-05-15 16:00:00+00:00,9038.562008800427
2026-05-15 17:00:00+00:00,9038.562008800427
2026-05-15 18:00:00+00:00,9038.562008800427
2026-05-15 19:00:00+00:00,9038.562008800427
2026-05-15 20:00:00+00:00,9038.562008800427
2026-05-15 21:00:00+00:00,9038.562008800427
2026-05-15 22:00:00+00:00,9038.562008800427
2026-05-15 23:00:00+00:00,9038.562008800427
2026-05-16 00:00:00+00:00,9038.562008800427
2026-05-16 01:00:00+00:00,9038.562008800427
2026-05-16 02:00:00+00:00,9038.562008800427
2026-05-16 03:00:00+00:00,9038.562008800427
2026-05-16 04:00:00+00:00,9038.562008800427
2026-05-16 05:00:00+00:00,9038.562008800427
2026-05-16 06:00:00+00:00,9038.562008800427
2026-05-16 07:00:00+00:00,9038.562008800427
2026-05-16 08:00:00+00:00,9038.562008800427
2026-05-16 09:00:00+00:00,9024.108030270438
2026-05-16 10:00:00+00:00,9062.909030270437
2026-05-16 11:00:00+00:00,9076.076530270437
2026-05-16 12:00:00+00:00,9064.013030270437
2026-05-16 13:00:00+00:00,9071.200530270437
2026-05-16 14:00:00+00:00,9070.292030270437
2026-05-16 15:00:00+00:00,9058.516030270437
2026-05-16 16:00:00+00:00,9046.579030270437
2026-05-16 17:00:00+00:00,9050.060599230937
2026-05-16 18:00:00+00:00,9051.038099230938
2026-05-16 19:00:00+00:00,9046.346099230937
2026-05-16 20:00:00+00:00,9043.609099230936
2026-05-16 21:00:00+00:00,9044.655599230937
2026-05-16 22:00:00+00:00,9042.988099230937
2026-05-16 23:00:00+00:00,9052.843599230937
2026-05-17 00:00:00+00:00,9057.363099230937
2026-05-17 01:00:00+00:00,9079.437702348903
2026-05-17 02:00:00+00:00,9105.5772023489
2026-05-17 03:00:00+00:00,9086.234202348902
2026-05-17 04:00:00+00:00,9070.835702348902
2026-05-17 05:00:00+00:00,9056.207702348902
2026-05-17 06:00:00+00:00,9059.623202348903
2026-05-17 07:00:00+00:00,9061.474702348902
2026-05-17 08:00:00+00:00,9053.930702348902
2026-05-17 09:00:00+00:00,9063.983875233422
2026-05-17 10:00:00+00:00,9045.169875233421
2026-05-17 11:00:00+00:00,9021.169375233421
2026-05-17 12:00:00+00:00,9027.091875233422
2026-05-17 13:00:00+00:00,9032.220875233423
2026-05-17 14:00:00+00:00,9050.839375233421
2026-05-17 15:00:00+00:00,9068.71037523342
2026-05-17 16:00:00+00:00,9069.020875233422
2026-05-17 17:00:00+00:00,9070.393681214302
2026-05-17 18:00:00+00:00,9064.666681214301
2026-05-17 19:00:00+00:00,9043.805681214302
2026-05-17 20:00:00+00:00,9027.383681214302
2026-05-17 21:00:00+00:00,9043.3686812143
2026-05-17 22:00:00+00:00,9027.797681214302
2026-05-17 23:00:00+00:00,9074.2346812143
2026-05-18 00:00:00+00:00,9135.322681214302
2026-05-18 01:00:00+00:00,9164.512471364542
2026-05-18 02:00:00+00:00,9175.000471364541
2026-05-18 03:00:00+00:00,9206.636971364542
2026-05-18 04:00:00+00:00,9196.217971364542
2026-05-18 05:00:00+00:00,9184.694971364543
2026-05-18 06:00:00+00:00,9197.770471364542
2026-05-18 07:00:00+00:00,9198.368471364542
2026-05-18 08:00:00+00:00,9180.186971364543
2026-05-18 09:00:00+00:00,9185.114875730193
2026-05-18 10:00:00+00:00,9196.568875730192
2026-05-18 11:00:00+00:00,9215.911875730193
2026-05-18 12:00:00+00:00,9155.904875730192
2026-05-18 13:00:00+00:00,9129.895125996061
2026-05-18 14:00:00+00:00,9129.895125996061
2026-05-18 15:00:00+00:00,9129.895125996061
2026-05-18 16:00:00+00:00,9120.920784601025
2026-05-18 17:00:00+00:00,9123.024087264
2026-05-18 18:00:00+00:00,9094.525487264002
2026-05-18 19:00:00+00:00,9138.126987264
2026-05-18 20:00:00+00:00,9072.467687264001
2026-05-18 21:00:00+00:00,9075.416487264001
2026-05-18 22:00:00+00:00,9056.501487264
2026-05-18 23:00:00+00:00,9058.247487264001
2026-05-19 00:00:00+00:00,9066.191787264002
2026-05-19 01:00:00+00:00,9053.055502089856
2026-05-19 02:00:00+00:00,9098.373902089857
2026-05-19 03:00:00+00:00,9103.146302089857
2026-05-19 04:00:00+00:00,9087.267402089858
2026-05-19 05:00:00+00:00,9073.735902089857
2026-05-19 06:00:00+00:00,9075.346102089856
2026-05-19 07:00:00+00:00,9064.443302089858
2026-05-19 08:00:00+00:00,9043.568902089857
2026-05-19 09:00:00+00:00,9061.835221111749
2026-05-19 10:00:00+00:00,9083.99002111175
2026-05-19 11:00:00+00:00,9062.805221111748
2026-05-19 12:00:00+00:00,9094.689121111749
2026-05-19 13:00:00+00:00,9072.941721111749
2026-05-19 14:00:00+00:00,9078.296121111749
2026-05-19 15:00:00+00:00,9124.894921111749
2026-05-19 16:00:00+00:00,9113.04152111175
2026-05-19 17:00:00+00:00,9077.525458773429
2026-05-19 18:00:00+00:00,9081.12415877343
2026-05-19 19:00:00+00:00,9086.65315877343
2026-05-19 20:00:00+00:00,9085.12055877343
2026-05-19 21:00:00+00:00,9066.079458773429
2026-05-19 22:00:00+00:00,9069.36775877343
2026-05-19 23:00:00+00:00,9095.198858773429
2026-05-20 00:00:00+00:00,9083.19025877343
2026-05-20 01:00:00+00:00,9087.215668757428
2026-05-20 02:00:00+00:00,9084.635468757428
2026-05-20 03:00:00+00:00,9097.536468757427
2026-05-20 04:00:00+00:00,9094.131768757428
2026-05-20 05:00:00+00:00,9088.457268757427
2026-05-20 06:00:00+00:00,9047.494168757428
2026-05-20 07:00:00+00:00,9027.182368757427
2026-05-20 08:00:00+00:00,9039.782668757429
2026-05-20 09:00:00+00:00,9022.911154904927
2026-05-20 10:00:00+00:00,9020.980854904928
2026-05-20 11:00:00+00:00,9018.468554904926
2026-05-20 12:00:00+00:00,9030.554754904928
2026-05-20 13:00:00+00:00,9007.371754904927
2026-05-20 14:00:00+00:00,9047.617054904927
2026-05-20 15:00:00+00:00,9024.851154904927
2026-05-20 16:00:00+00:00,9023.590154904927
2026-05-20 17:00:00+00:00,9035.939192830907
2026-05-20 18:00:00+00:00,9013.037492830907
2026-05-20 19:00:00+00:00,9028.712692830906
2026-05-20 20:00:00+00:00,9003.967992830907
2026-05-20 21:00:00+00:00,8999.214992830906
2026-05-20 22:00:00+00:00,9020.079692830906
2026-05-20 23:00:00+00:00,9019.720792830907
2026-05-21 00:00:00+00:00,9015.637092830906
2026-05-21 01:00:00+00:00,8975.158223938583
2026-05-21 02:00:00+00:00,8950.403180859308
2026-05-21 03:00:00+00:00,8950.403180859308
2026-05-21 04:00:00+00:00,8950.403180859308
2026-05-21 05:00:00+00:00,8950.403180859308
2026-05-21 06:00:00+00:00,8950.403180859308
2026-05-21 07:00:00+00:00,8950.403180859308
2026-05-21 08:00:00+00:00,8950.403180859308
2026-05-21 09:00:00+00:00,8950.403180859308
2026-05-21 10:00:00+00:00,8950.403180859308
2026-05-21 11:00:00+00:00,8950.403180859308
2026-05-21 12:00:00+00:00,8950.403180859308
2026-05-21 13:00:00+00:00,8950.403180859308
2026-05-21 14:00:00+00:00,8950.403180859308
2026-05-21 15:00:00+00:00,8950.403180859308
2026-05-21 16:00:00+00:00,8950.403180859308
2026-05-21 17:00:00+00:00,8950.403180859308
2026-05-21 18:00:00+00:00,8950.403180859308
2026-05-21 19:00:00+00:00,8950.403180859308
2026-05-21 20:00:00+00:00,8950.403180859308
2026-05-21 21:00:00+00:00,8950.403180859308
2026-05-21 22:00:00+00:00,8950.403180859308
2026-05-21 23:00:00+00:00,8950.403180859308
2026-05-22 00:00:00+00:00,8950.403180859308
2026-05-22 01:00:00+00:00,8950.403180859308
2026-05-22 02:00:00+00:00,8950.403180859308
2026-05-22 03:00:00+00:00,8950.403180859308
2026-05-22 04:00:00+00:00,8950.403180859308
2026-05-22 05:00:00+00:00,8950.403180859308
2026-05-22 06:00:00+00:00,8950.403180859308
2026-05-22 07:00:00+00:00,8950.403180859308
2026-05-22 08:00:00+00:00,8950.403180859308
2026-05-22 09:00:00+00:00,8950.403180859308
2026-05-22 10:00:00+00:00,8950.403180859308
2026-05-22 11:00:00+00:00,8950.403180859308
2026-05-22 12:00:00+00:00,8950.403180859308
2026-05-22 13:00:00+00:00,8950.403180859308
2026-05-22 14:00:00+00:00,8950.403180859308
2026-05-22 15:00:00+00:00,8950.403180859308
2026-05-22 16:00:00+00:00,8950.403180859308
2026-05-22 17:00:00+00:00,8950.403180859308
2026-05-22 18:00:00+00:00,8950.403180859308
2026-05-22 19:00:00+00:00,8950.403180859308
2026-05-22 20:00:00+00:00,8950.403180859308
2026-05-22 21:00:00+00:00,8931.447453041501
2026-05-22 22:00:00+00:00,8931.3844530415
2026-05-22 23:00:00+00:00,8956.1644530415
2026-05-23 00:00:00+00:00,8976.2089530415
2026-05-23 01:00:00+00:00,8995.659824891665
2026-05-23 02:00:00+00:00,8981.831324891666
2026-05-23 03:00:00+00:00,8973.221324891665
2026-05-23 04:00:00+00:00,8967.320324891663
2026-05-23 05:00:00+00:00,8977.095824891665
2026-05-23 06:00:00+00:00,8983.185824891665
2026-05-23 07:00:00+00:00,8991.585824891665
2026-05-23 08:00:00+00:00,9075.050324891663
2026-05-23 09:00:00+00:00,9066.531084298165
2026-05-23 10:00:00+00:00,9069.135084298165
2026-05-23 11:00:00+00:00,9063.097584298166
2026-05-23 12:00:00+00:00,9055.159584298164
2026-05-23 13:00:00+00:00,9059.076084298165
2026-05-23 14:00:00+00:00,9011.332584298165
2026-05-23 15:00:00+00:00,8977.764084298165
2026-05-23 16:00:00+00:00,8979.181584298165
2026-05-23 17:00:00+00:00,8988.223868003517
2026-05-23 18:00:00+00:00,8982.900368003515
2026-05-23 19:00:00+00:00,8945.593868003516
2026-05-23 20:00:00+00:00,8931.198368003515
2026-05-23 21:00:00+00:00,8847.164042586908
2026-05-23 22:00:00+00:00,8847.164042586908
2026-05-23 23:00:00+00:00,8847.164042586908
2026-05-24 00:00:00+00:00,8847.164042586908
2026-05-24 01:00:00+00:00,8847.164042586908
2026-05-24 02:00:00+00:00,8847.164042586908
2026-05-24 03:00:00+00:00,8847.164042586908
2026-05-24 04:00:00+00:00,8847.164042586908
2026-05-24 05:00:00+00:00,8847.164042586908
2026-05-24 06:00:00+00:00,8847.164042586908
2026-05-24 07:00:00+00:00,8847.164042586908
2026-05-24 08:00:00+00:00,8847.164042586908
2026-05-24 09:00:00+00:00,8847.164042586908
2026-05-24 10:00:00+00:00,8847.164042586908
2026-05-24 11:00:00+00:00,8847.164042586908
2026-05-24 12:00:00+00:00,8847.164042586908
2026-05-24 13:00:00+00:00,8847.164042586908
2026-05-24 14:00:00+00:00,8847.164042586908
2026-05-24 15:00:00+00:00,8847.164042586908
2026-05-24 16:00:00+00:00,8847.164042586908
2026-05-24 17:00:00+00:00,8847.164042586908
2026-05-24 18:00:00+00:00,8847.164042586908
2026-05-24 19:00:00+00:00,8847.164042586908
2026-05-24 20:00:00+00:00,8847.164042586908
2026-05-24 21:00:00+00:00,8847.164042586908
2026-05-24 22:00:00+00:00,8847.164042586908
2026-05-24 23:00:00+00:00,8847.164042586908
2026-05-25 00:00:00+00:00,8847.164042586908
2026-05-25 01:00:00+00:00,8847.164042586908
2026-05-25 02:00:00+00:00,8847.164042586908
2026-05-25 03:00:00+00:00,8847.164042586908
2026-05-25 04:00:00+00:00,8847.164042586908
2026-05-25 05:00:00+00:00,8847.164042586908
2026-05-25 06:00:00+00:00,8847.164042586908
2026-05-25 07:00:00+00:00,8847.164042586908
2026-05-25 08:00:00+00:00,8847.164042586908
2026-05-25 09:00:00+00:00,8847.164042586908
2026-05-25 10:00:00+00:00,8847.164042586908
2026-05-25 11:00:00+00:00,8847.164042586908
2026-05-25 12:00:00+00:00,8847.164042586908
2026-05-25 13:00:00+00:00,8847.164042586908
2026-05-25 14:00:00+00:00,8847.164042586908
2026-05-25 15:00:00+00:00,8847.164042586908
2026-05-25 16:00:00+00:00,8847.164042586908
2026-05-25 17:00:00+00:00,8847.164042586908
2026-05-25 18:00:00+00:00,8847.164042586908
2026-05-25 19:00:00+00:00,8847.164042586908
2026-05-25 20:00:00+00:00,8847.164042586908
2026-05-25 21:00:00+00:00,8847.164042586908
2026-05-25 22:00:00+00:00,8847.164042586908
2026-05-25 23:00:00+00:00,8847.164042586908
2026-05-26 00:00:00+00:00,8847.164042586908
2026-05-26 01:00:00+00:00,8847.164042586908
2026-05-26 02:00:00+00:00,8847.164042586908
2026-05-26 03:00:00+00:00,8847.164042586908
2026-05-26 04:00:00+00:00,8847.164042586908
2026-05-26 05:00:00+00:00,8847.164042586908
2026-05-26 06:00:00+00:00,8847.164042586908
2026-05-26 07:00:00+00:00,8847.164042586908
2026-05-26 08:00:00+00:00,8847.164042586908
2026-05-26 09:00:00+00:00,8847.164042586908
2026-05-26 10:00:00+00:00,8847.164042586908
2026-05-26 11:00:00+00:00,8847.164042586908
2026-05-26 12:00:00+00:00,8847.164042586908
2026-05-26 13:00:00+00:00,8847.164042586908
2026-05-26 14:00:00+00:00,8847.164042586908
2026-05-26 15:00:00+00:00,8847.164042586908
2026-05-26 16:00:00+00:00,8847.164042586908
2026-05-26 17:00:00+00:00,8847.164042586908
2026-05-26 18:00:00+00:00,8847.164042586908
2026-05-26 19:00:00+00:00,8847.164042586908
2026-05-26 20:00:00+00:00,8847.164042586908
2026-05-26 21:00:00+00:00,8847.164042586908
2026-05-26 22:00:00+00:00,8847.164042586908
2026-05-26 23:00:00+00:00,8847.164042586908
2026-05-27 00:00:00+00:00,8847.164042586908
2026-05-27 01:00:00+00:00,8847.164042586908
2026-05-27 02:00:00+00:00,8847.164042586908
2026-05-27 03:00:00+00:00,8847.164042586908
2026-05-27 04:00:00+00:00,8847.164042586908
2026-05-27 05:00:00+00:00,8847.164042586908
2026-05-27 06:00:00+00:00,8847.164042586908
2026-05-27 07:00:00+00:00,8847.164042586908
2026-05-27 08:00:00+00:00,8847.164042586908
2026-05-27 09:00:00+00:00,8847.164042586908
2026-05-27 10:00:00+00:00,8847.164042586908
2026-05-27 11:00:00+00:00,8847.164042586908
2026-05-27 12:00:00+00:00,8847.164042586908
2026-05-27 13:00:00+00:00,8847.164042586908
2026-05-27 14:00:00+00:00,8847.164042586908
2026-05-27 15:00:00+00:00,8847.164042586908
2026-05-27 16:00:00+00:00,8847.164042586908
2026-05-27 17:00:00+00:00,8847.164042586908
2026-05-27 18:00:00+00:00,8847.164042586908
2026-05-27 19:00:00+00:00,8847.164042586908
2026-05-27 20:00:00+00:00,8847.164042586908
2026-05-27 21:00:00+00:00,8847.164042586908
2026-05-27 22:00:00+00:00,8847.164042586908
2026-05-27 23:00:00+00:00,8847.164042586908
2026-05-28 00:00:00+00:00,8847.164042586908
2026-05-28 01:00:00+00:00,8847.164042586908
2026-05-28 02:00:00+00:00,8847.164042586908
2026-05-28 03:00:00+00:00,8847.164042586908
2026-05-28 04:00:00+00:00,8847.164042586908
2026-05-28 05:00:00+00:00,8847.164042586908
2026-05-28 06:00:00+00:00,8847.164042586908
2026-05-28 07:00:00+00:00,8847.164042586908
2026-05-28 08:00:00+00:00,8847.164042586908
2026-05-28 09:00:00+00:00,8847.164042586908
2026-05-28 10:00:00+00:00,8847.164042586908
2026-05-28 11:00:00+00:00,8847.164042586908
2026-05-28 12:00:00+00:00,8847.164042586908
2026-05-28 13:00:00+00:00,8847.164042586908
2026-05-28 14:00:00+00:00,8847.164042586908
2026-05-28 15:00:00+00:00,8847.164042586908
2026-05-28 16:00:00+00:00,8847.164042586908
2026-05-28 17:00:00+00:00,8847.164042586908
2026-05-28 18:00:00+00:00,8847.164042586908
2026-05-28 19:00:00+00:00,8847.164042586908
2026-05-28 20:00:00+00:00,8847.164042586908
2026-05-28 21:00:00+00:00,8847.164042586908
2026-05-28 22:00:00+00:00,8847.164042586908
2026-05-28 23:00:00+00:00,8847.164042586908
2026-05-29 00:00:00+00:00,8847.164042586908
2026-05-29 01:00:00+00:00,8847.164042586908
2026-05-29 02:00:00+00:00,8847.164042586908
2026-05-29 03:00:00+00:00,8847.164042586908
2026-05-29 04:00:00+00:00,8847.164042586908
2026-05-29 05:00:00+00:00,8847.164042586908
2026-05-29 06:00:00+00:00,8847.164042586908
2026-05-29 07:00:00+00:00,8847.164042586908
2026-05-29 08:00:00+00:00,8847.164042586908
2026-05-29 09:00:00+00:00,8847.164042586908
2026-05-29 10:00:00+00:00,8847.164042586908
2026-05-29 11:00:00+00:00,8847.164042586908
2026-05-29 12:00:00+00:00,8847.164042586908
2026-05-29 13:00:00+00:00,8847.164042586908
2026-05-29 14:00:00+00:00,8847.164042586908
2026-05-29 15:00:00+00:00,8847.164042586908
2026-05-29 16:00:00+00:00,8847.164042586908
2026-05-29 17:00:00+00:00,8847.164042586908
2026-05-29 18:00:00+00:00,8847.164042586908
2026-05-29 19:00:00+00:00,8847.164042586908
2026-05-29 20:00:00+00:00,8847.164042586908
2026-05-29 21:00:00+00:00,8847.164042586908
2026-05-29 22:00:00+00:00,8847.164042586908
2026-05-29 23:00:00+00:00,8847.164042586908
2026-05-30 00:00:00+00:00,8847.164042586908
2026-05-30 01:00:00+00:00,8847.164042586908
2026-05-30 02:00:00+00:00,8847.164042586908
2026-05-30 03:00:00+00:00,8847.164042586908
2026-05-30 04:00:00+00:00,8847.164042586908
2026-05-30 05:00:00+00:00,8847.164042586908
2026-05-30 06:00:00+00:00,8847.164042586908
2026-05-30 07:00:00+00:00,8847.164042586908
2026-05-30 08:00:00+00:00,8847.164042586908
2026-05-30 09:00:00+00:00,8847.164042586908
2026-05-30 10:00:00+00:00,8847.164042586908
2026-05-30 11:00:00+00:00,8847.164042586908
2026-05-30 12:00:00+00:00,8847.164042586908
2026-05-30 13:00:00+00:00,8847.164042586908
2026-05-30 14:00:00+00:00,8847.164042586908
2026-05-30 15:00:00+00:00,8847.164042586908
2026-05-30 16:00:00+00:00,8847.164042586908
2026-05-30 17:00:00+00:00,8847.164042586908
2026-05-30 18:00:00+00:00,8847.164042586908
2026-05-30 19:00:00+00:00,8847.164042586908
2026-05-30 20:00:00+00:00,8847.164042586908
2026-05-30 21:00:00+00:00,8847.164042586908
2026-05-30 22:00:00+00:00,8847.164042586908
2026-05-30 23:00:00+00:00,8847.164042586908
2026-05-31 00:00:00+00:00,8847.164042586908
2026-05-31 01:00:00+00:00,8847.164042586908
2026-05-31 02:00:00+00:00,8847.164042586908
2026-05-31 03:00:00+00:00,8847.164042586908
2026-05-31 04:00:00+00:00,8847.164042586908
2026-05-31 05:00:00+00:00,8847.164042586908
2026-05-31 06:00:00+00:00,8847.164042586908
2026-05-31 07:00:00+00:00,8847.164042586908
2026-05-31 08:00:00+00:00,8847.164042586908
2026-05-31 09:00:00+00:00,8847.164042586908
2026-05-31 10:00:00+00:00,8847.164042586908
2026-05-31 11:00:00+00:00,8847.164042586908
2026-05-31 12:00:00+00:00,8847.164042586908
2026-05-31 13:00:00+00:00,8847.164042586908
2026-05-31 14:00:00+00:00,8847.164042586908
2026-05-31 15:00:00+00:00,8847.164042586908
2026-05-31 16:00:00+00:00,8847.164042586908
2026-05-31 17:00:00+00:00,8847.164042586908
2026-05-31 18:00:00+00:00,8847.164042586908
2026-05-31 19:00:00+00:00,8847.164042586908
2026-05-31 20:00:00+00:00,8847.164042586908
2026-05-31 21:00:00+00:00,8847.164042586908
2026-05-31 22:00:00+00:00,8847.164042586908
2026-05-31 23:00:00+00:00,8847.164042586908
2026-06-01 00:00:00+00:00,8847.164042586908
2026-06-01 01:00:00+00:00,8847.164042586908
2026-06-01 02:00:00+00:00,8847.164042586908
2026-06-01 03:00:00+00:00,8847.164042586908
2026-06-01 04:00:00+00:00,8847.164042586908
2026-06-01 05:00:00+00:00,8847.164042586908
2026-06-01 06:00:00+00:00,8847.164042586908
2026-06-01 07:00:00+00:00,8847.164042586908
2026-06-01 08:00:00+00:00,8847.164042586908
2026-06-01 09:00:00+00:00,8847.164042586908
2026-06-01 10:00:00+00:00,8847.164042586908
2026-06-01 11:00:00+00:00,8847.164042586908
2026-06-01 12:00:00+00:00,8847.164042586908
2026-06-01 13:00:00+00:00,8847.164042586908
2026-06-01 14:00:00+00:00,8847.164042586908
2026-06-01 15:00:00+00:00,8847.164042586908
2026-06-01 16:00:00+00:00,8847.164042586908
2026-06-01 17:00:00+00:00,8847.164042586908
2026-06-01 18:00:00+00:00,8847.164042586908
2026-06-01 19:00:00+00:00,8847.164042586908
2026-06-01 20:00:00+00:00,8847.164042586908
2026-06-01 21:00:00+00:00,8847.164042586908
2026-06-01 22:00:00+00:00,8847.164042586908
2026-06-01 23:00:00+00:00,8847.164042586908
2026-06-02 00:00:00+00:00,8847.164042586908
2026-06-02 01:00:00+00:00,8847.164042586908
2026-06-02 02:00:00+00:00,8847.164042586908
2026-06-02 03:00:00+00:00,8847.164042586908
2026-06-02 04:00:00+00:00,8847.164042586908
2026-06-02 05:00:00+00:00,8847.164042586908
2026-06-02 06:00:00+00:00,8847.164042586908
2026-06-02 07:00:00+00:00,8847.164042586908
2026-06-02 08:00:00+00:00,8847.164042586908
2026-06-02 09:00:00+00:00,8847.164042586908
2026-06-02 10:00:00+00:00,8847.164042586908
2026-06-02 11:00:00+00:00,8847.164042586908
2026-06-02 12:00:00+00:00,8847.164042586908
2026-06-02 13:00:00+00:00,8847.164042586908
2026-06-02 14:00:00+00:00,8847.164042586908
2026-06-02 15:00:00+00:00,8847.164042586908
2026-06-02 16:00:00+00:00,8847.164042586908
2026-06-02 17:00:00+00:00,8847.164042586908
2026-06-02 18:00:00+00:00,8847.164042586908
2026-06-02 19:00:00+00:00,8847.164042586908
2026-06-02 20:00:00+00:00,8847.164042586908
2026-06-02 21:00:00+00:00,8847.164042586908
2026-06-02 22:00:00+00:00,8847.164042586908
2026-06-02 23:00:00+00:00,8847.164042586908
2026-06-03 00:00:00+00:00,8847.164042586908
2026-06-03 01:00:00+00:00,8847.164042586908
2026-06-03 02:00:00+00:00,8847.164042586908
2026-06-03 03:00:00+00:00,8847.164042586908
2026-06-03 04:00:00+00:00,8847.164042586908
2026-06-03 05:00:00+00:00,8847.164042586908
2026-06-03 06:00:00+00:00,8847.164042586908
2026-06-03 07:00:00+00:00,8847.164042586908
2026-06-03 08:00:00+00:00,8847.164042586908
2026-06-03 09:00:00+00:00,8847.164042586908
2026-06-03 10:00:00+00:00,8847.164042586908
2026-06-03 11:00:00+00:00,8847.164042586908
2026-06-03 12:00:00+00:00,8847.164042586908
2026-06-03 13:00:00+00:00,8847.164042586908
2026-06-03 14:00:00+00:00,8847.164042586908
2026-06-03 15:00:00+00:00,8847.164042586908
2026-06-03 16:00:00+00:00,8847.164042586908
2026-06-03 17:00:00+00:00,8847.164042586908
2026-06-03 18:00:00+00:00,8847.164042586908
2026-06-03 19:00:00+00:00,8847.164042586908
2026-06-03 20:00:00+00:00,8847.164042586908
2026-06-03 21:00:00+00:00,8847.164042586908
2026-06-03 22:00:00+00:00,8847.164042586908
2026-06-03 23:00:00+00:00,8847.164042586908
2026-06-04 00:00:00+00:00,8847.164042586908
2026-06-04 01:00:00+00:00,8847.164042586908
2026-06-04 02:00:00+00:00,8847.164042586908
2026-06-04 03:00:00+00:00,8847.164042586908
2026-06-04 04:00:00+00:00,8847.164042586908
2026-06-04 05:00:00+00:00,8847.164042586908
2026-06-04 06:00:00+00:00,8847.164042586908
2026-06-04 07:00:00+00:00,8847.164042586908
2026-06-04 08:00:00+00:00,8847.164042586908
2026-06-04 09:00:00+00:00,8847.164042586908
2026-06-04 10:00:00+00:00,8847.164042586908
2026-06-04 11:00:00+00:00,8847.164042586908
2026-06-04 12:00:00+00:00,8847.164042586908
2026-06-04 13:00:00+00:00,8847.164042586908
2026-06-04 14:00:00+00:00,8847.164042586908
2026-06-04 15:00:00+00:00,8847.164042586908
2026-06-04 16:00:00+00:00,8847.164042586908
2026-06-04 17:00:00+00:00,8847.164042586908
2026-06-04 18:00:00+00:00,8847.164042586908
2026-06-04 19:00:00+00:00,8847.164042586908
2026-06-04 20:00:00+00:00,8847.164042586908
2026-06-04 21:00:00+00:00,8847.164042586908
2026-06-04 22:00:00+00:00,8847.164042586908
2026-06-04 23:00:00+00:00,8847.164042586908
2026-06-05 00:00:00+00:00,8847.164042586908
2026-06-05 01:00:00+00:00,8847.164042586908
2026-06-05 02:00:00+00:00,8847.164042586908
2026-06-05 03:00:00+00:00,8847.164042586908
2026-06-05 04:00:00+00:00,8847.164042586908
2026-06-05 05:00:00+00:00,8847.164042586908
2026-06-05 06:00:00+00:00,8847.164042586908
2026-06-05 07:00:00+00:00,8847.164042586908
2026-06-05 08:00:00+00:00,8847.164042586908
2026-06-05 09:00:00+00:00,8847.164042586908
2026-06-05 10:00:00+00:00,8847.164042586908
2026-06-05 11:00:00+00:00,8847.164042586908
2026-06-05 12:00:00+00:00,8847.164042586908
2026-06-05 13:00:00+00:00,8847.164042586908
2026-06-05 14:00:00+00:00,8847.164042586908
2026-06-05 15:00:00+00:00,8847.164042586908
2026-06-05 16:00:00+00:00,8847.164042586908
2026-06-05 17:00:00+00:00,8847.164042586908
2026-06-05 18:00:00+00:00,8847.164042586908
2026-06-05 19:00:00+00:00,8847.164042586908
2026-06-05 20:00:00+00:00,8847.164042586908
2026-06-05 21:00:00+00:00,8847.164042586908
2026-06-05 22:00:00+00:00,8847.164042586908
2026-06-05 23:00:00+00:00,8847.164042586908
2026-06-06 00:00:00+00:00,8847.164042586908
2026-06-06 01:00:00+00:00,8847.164042586908
2026-06-06 02:00:00+00:00,8847.164042586908
2026-06-06 03:00:00+00:00,8847.164042586908
2026-06-06 04:00:00+00:00,8847.164042586908
2026-06-06 05:00:00+00:00,8847.164042586908
2026-06-06 06:00:00+00:00,8847.164042586908
2026-06-06 07:00:00+00:00,8847.164042586908
2026-06-06 08:00:00+00:00,8847.164042586908
2026-06-06 09:00:00+00:00,8847.164042586908
2026-06-06 10:00:00+00:00,8847.164042586908
2026-06-06 11:00:00+00:00,8847.164042586908
2026-06-06 12:00:00+00:00,8847.164042586908
2026-06-06 13:00:00+00:00,8847.164042586908
2026-06-06 14:00:00+00:00,8847.164042586908
2026-06-06 15:00:00+00:00,8847.164042586908
2026-06-06 16:00:00+00:00,8847.164042586908
2026-06-06 17:00:00+00:00,8847.164042586908
2026-06-06 18:00:00+00:00,8847.164042586908
2026-06-06 19:00:00+00:00,8847.164042586908
2026-06-06 20:00:00+00:00,8847.164042586908
2026-06-06 21:00:00+00:00,8847.164042586908
2026-06-06 22:00:00+00:00,8847.164042586908
2026-06-06 23:00:00+00:00,8847.164042586908
2026-06-07 00:00:00+00:00,8847.164042586908
2026-06-07 01:00:00+00:00,8847.164042586908
2026-06-07 02:00:00+00:00,8847.164042586908
2026-06-07 03:00:00+00:00,8847.164042586908
2026-06-07 04:00:00+00:00,8847.164042586908
2026-06-07 05:00:00+00:00,8847.164042586908
2026-06-07 06:00:00+00:00,8847.164042586908
2026-06-07 07:00:00+00:00,8847.164042586908
2026-06-07 08:00:00+00:00,8847.164042586908
2026-06-07 09:00:00+00:00,8847.164042586908
2026-06-07 10:00:00+00:00,8847.164042586908
2026-06-07 11:00:00+00:00,8847.164042586908
2026-06-07 12:00:00+00:00,8847.164042586908
2026-06-07 13:00:00+00:00,8847.164042586908
2026-06-07 14:00:00+00:00,8847.164042586908
2026-06-07 15:00:00+00:00,8847.164042586908
2026-06-07 16:00:00+00:00,8847.164042586908
2026-06-07 17:00:00+00:00,8847.164042586908
2026-06-07 18:00:00+00:00,8847.164042586908
2026-06-07 19:00:00+00:00,8847.164042586908
2026-06-07 20:00:00+00:00,8847.164042586908
2026-06-07 21:00:00+00:00,8847.164042586908
2026-06-07 22:00:00+00:00,8847.164042586908
2026-06-07 23:00:00+00:00,8847.164042586908
2026-06-08 00:00:00+00:00,8847.164042586908
2026-06-08 01:00:00+00:00,8847.164042586908
2026-06-08 02:00:00+00:00,8847.164042586908
2026-06-08 03:00:00+00:00,8847.164042586908
2026-06-08 04:00:00+00:00,8847.164042586908
2026-06-08 05:00:00+00:00,8847.164042586908
2026-06-08 06:00:00+00:00,8847.164042586908
2026-06-08 07:00:00+00:00,8847.164042586908
2026-06-08 08:00:00+00:00,8847.164042586908
2026-06-08 09:00:00+00:00,8847.164042586908
2026-06-08 10:00:00+00:00,8847.164042586908
2026-06-08 11:00:00+00:00,8847.164042586908
2026-06-08 12:00:00+00:00,8847.164042586908
2026-06-08 13:00:00+00:00,8847.164042586908
2026-06-08 14:00:00+00:00,8847.164042586908
2026-06-08 15:00:00+00:00,8847.164042586908
2026-06-08 16:00:00+00:00,8847.164042586908
2026-06-08 17:00:00+00:00,8847.164042586908
2026-06-08 18:00:00+00:00,8847.164042586908
2026-06-08 19:00:00+00:00,8847.164042586908
2026-06-08 20:00:00+00:00,8847.164042586908
2026-06-08 21:00:00+00:00,8847.164042586908
2026-06-08 22:00:00+00:00,8847.164042586908
2026-06-08 23:00:00+00:00,8847.164042586908
2026-06-09 00:00:00+00:00,8847.164042586908
2026-06-09 01:00:00+00:00,8847.164042586908
2026-06-09 02:00:00+00:00,8847.164042586908
2026-06-09 03:00:00+00:00,8847.164042586908
2026-06-09 04:00:00+00:00,8847.164042586908
2026-06-09 05:00:00+00:00,8847.164042586908
2026-06-09 06:00:00+00:00,8847.164042586908
2026-06-09 07:00:00+00:00,8847.164042586908
2026-06-09 08:00:00+00:00,8847.164042586908
2026-06-09 09:00:00+00:00,8847.164042586908
2026-06-09 10:00:00+00:00,8847.164042586908
2026-06-09 11:00:00+00:00,8847.164042586908
2026-06-09 12:00:00+00:00,8847.164042586908
2026-06-09 13:00:00+00:00,8847.164042586908
2026-06-09 14:00:00+00:00,8847.164042586908
2026-06-09 15:00:00+00:00,8847.164042586908
2026-06-09 16:00:00+00:00,8847.164042586908
2026-06-09 17:00:00+00:00,8847.164042586908
2026-06-09 18:00:00+00:00,8847.164042586908
2026-06-09 19:00:00+00:00,8847.164042586908
2026-06-09 20:00:00+00:00,8847.164042586908
2026-06-09 21:00:00+00:00,8847.164042586908
2026-06-09 22:00:00+00:00,8847.164042586908
2026-06-09 23:00:00+00:00,8847.164042586908
2026-06-10 00:00:00+00:00,8847.164042586908
2026-06-10 01:00:00+00:00,8847.164042586908
2026-06-10 02:00:00+00:00,8847.164042586908
2026-06-10 03:00:00+00:00,8847.164042586908
2026-06-10 04:00:00+00:00,8847.164042586908
2026-06-10 05:00:00+00:00,8847.164042586908
2026-06-10 06:00:00+00:00,8847.164042586908
2026-06-10 07:00:00+00:00,8847.164042586908
2026-06-10 08:00:00+00:00,8847.164042586908
2026-06-10 09:00:00+00:00,8847.164042586908
2026-06-10 10:00:00+00:00,8847.164042586908
2026-06-10 11:00:00+00:00,8847.164042586908
2026-06-10 12:00:00+00:00,8847.164042586908
2026-06-10 13:00:00+00:00,8847.164042586908
2026-06-10 14:00:00+00:00,8847.164042586908
2026-06-10 15:00:00+00:00,8847.164042586908
2026-06-10 16:00:00+00:00,8847.164042586908
2026-06-10 17:00:00+00:00,8847.164042586908
2026-06-10 18:00:00+00:00,8847.164042586908
2026-06-10 19:00:00+00:00,8847.164042586908
2026-06-10 20:00:00+00:00,8847.164042586908
2026-06-10 21:00:00+00:00,8847.164042586908
2026-06-10 22:00:00+00:00,8847.164042586908
2026-06-10 23:00:00+00:00,8847.164042586908
2026-06-11 00:00:00+00:00,8847.164042586908
2026-06-11 01:00:00+00:00,8847.164042586908
2026-06-11 02:00:00+00:00,8847.164042586908
2026-06-11 03:00:00+00:00,8847.164042586908
2026-06-11 04:00:00+00:00,8847.164042586908
2026-06-11 05:00:00+00:00,8847.164042586908
2026-06-11 06:00:00+00:00,8847.164042586908
2026-06-11 07:00:00+00:00,8847.164042586908
2026-06-11 08:00:00+00:00,8847.164042586908
2026-06-11 09:00:00+00:00,8847.164042586908
2026-06-11 10:00:00+00:00,8847.164042586908
2026-06-11 11:00:00+00:00,8847.164042586908
2026-06-11 12:00:00+00:00,8847.164042586908
2026-06-11 13:00:00+00:00,8847.164042586908
2026-06-11 14:00:00+00:00,8847.164042586908
2026-06-11 15:00:00+00:00,8847.164042586908
2026-06-11 16:00:00+00:00,8847.164042586908
2026-06-11 17:00:00+00:00,8847.164042586908
2026-06-11 18:00:00+00:00,8847.164042586908
2026-06-11 19:00:00+00:00,8847.164042586908
2026-06-11 20:00:00+00:00,8847.164042586908
2026-06-11 21:00:00+00:00,8847.164042586908
2026-06-11 22:00:00+00:00,8847.164042586908
2026-06-11 23:00:00+00:00,8847.164042586908
2026-06-12 00:00:00+00:00,8847.164042586908
2026-06-12 01:00:00+00:00,8847.164042586908
2026-06-12 02:00:00+00:00,8847.164042586908
2026-06-12 03:00:00+00:00,8847.164042586908
2026-06-12 04:00:00+00:00,8847.164042586908
2026-06-12 05:00:00+00:00,8847.164042586908
2026-06-12 06:00:00+00:00,8847.164042586908
2026-06-12 07:00:00+00:00,8847.164042586908
2026-06-12 08:00:00+00:00,8847.164042586908
2026-06-12 09:00:00+00:00,8847.164042586908
2026-06-12 10:00:00+00:00,8847.164042586908
2026-06-12 11:00:00+00:00,8847.164042586908
2026-06-12 12:00:00+00:00,8847.164042586908
2026-06-12 13:00:00+00:00,8847.164042586908
2026-06-12 14:00:00+00:00,8847.164042586908
2026-06-12 15:00:00+00:00,8847.164042586908
2026-06-12 16:00:00+00:00,8847.164042586908
2026-06-12 17:00:00+00:00,8847.164042586908
2026-06-12 18:00:00+00:00,8847.164042586908
2026-06-12 19:00:00+00:00,8847.164042586908
2026-06-12 20:00:00+00:00,8847.164042586908
2026-06-12 21:00:00+00:00,8847.164042586908
2026-06-12 22:00:00+00:00,8847.164042586908
2026-06-12 23:00:00+00:00,8847.164042586908
2026-06-13 00:00:00+00:00,8847.164042586908
2026-06-13 01:00:00+00:00,8847.164042586908
2026-06-13 02:00:00+00:00,8847.164042586908
2026-06-13 03:00:00+00:00,8847.164042586908
2026-06-13 04:00:00+00:00,8847.164042586908
2026-06-13 05:00:00+00:00,8847.164042586908
2026-06-13 06:00:00+00:00,8847.164042586908
2026-06-13 07:00:00+00:00,8847.164042586908
2026-06-13 08:00:00+00:00,8847.164042586908
2026-06-13 09:00:00+00:00,8847.164042586908
2026-06-13 10:00:00+00:00,8847.164042586908
2026-06-13 11:00:00+00:00,8847.164042586908
2026-06-13 12:00:00+00:00,8847.164042586908
2026-06-13 13:00:00+00:00,8847.164042586908
2026-06-13 14:00:00+00:00,8847.164042586908
2026-06-13 15:00:00+00:00,8847.164042586908
2026-06-13 16:00:00+00:00,8847.164042586908
2026-06-13 17:00:00+00:00,8847.164042586908
2026-06-13 18:00:00+00:00,8847.164042586908
2026-06-13 19:00:00+00:00,8847.164042586908
2026-06-13 20:00:00+00:00,8847.164042586908
2026-06-13 21:00:00+00:00,8847.164042586908
2026-06-13 22:00:00+00:00,8847.164042586908
2026-06-13 23:00:00+00:00,8847.164042586908
2026-06-14 00:00:00+00:00,8847.164042586908
2026-06-14 01:00:00+00:00,8847.164042586908
2026-06-14 02:00:00+00:00,8847.164042586908
2026-06-14 03:00:00+00:00,8847.164042586908
2026-06-14 04:00:00+00:00,8847.164042586908
2026-06-14 05:00:00+00:00,8847.164042586908
2026-06-14 06:00:00+00:00,8847.164042586908
2026-06-14 07:00:00+00:00,8847.164042586908
2026-06-14 08:00:00+00:00,8847.164042586908
2026-06-14 09:00:00+00:00,8847.164042586908
2026-06-14 10:00:00+00:00,8847.164042586908
2026-06-14 11:00:00+00:00,8847.164042586908
2026-06-14 12:00:00+00:00,8847.164042586908
2026-06-14 13:00:00+00:00,8847.164042586908
2026-06-14 14:00:00+00:00,8847.164042586908
2026-06-14 15:00:00+00:00,8847.164042586908
2026-06-14 16:00:00+00:00,8847.164042586908
2026-06-14 17:00:00+00:00,8847.164042586908
2026-06-14 18:00:00+00:00,8847.164042586908
2026-06-14 19:00:00+00:00,8847.164042586908
2026-06-14 20:00:00+00:00,8847.164042586908
2026-06-14 21:00:00+00:00,8847.164042586908
2026-06-14 22:00:00+00:00,8847.164042586908
2026-06-14 23:00:00+00:00,8847.164042586908
2026-06-15 00:00:00+00:00,8847.164042586908
2026-06-15 01:00:00+00:00,8847.164042586908
2026-06-15 02:00:00+00:00,8847.164042586908
2026-06-15 03:00:00+00:00,8847.164042586908
2026-06-15 04:00:00+00:00,8847.164042586908
2026-06-15 05:00:00+00:00,8847.164042586908
2026-06-15 06:00:00+00:00,8847.164042586908
2026-06-15 07:00:00+00:00,8847.164042586908
2026-06-15 08:00:00+00:00,8847.164042586908
2026-06-15 09:00:00+00:00,8847.164042586908
2026-06-15 10:00:00+00:00,8847.164042586908
2026-06-15 11:00:00+00:00,8847.164042586908
2026-06-15 12:00:00+00:00,8847.164042586908
2026-06-15 13:00:00+00:00,8847.164042586908
2026-06-15 14:00:00+00:00,8847.164042586908
2026-06-15 15:00:00+00:00,8847.164042586908
2026-06-15 16:00:00+00:00,8847.164042586908
2026-06-15 17:00:00+00:00,8847.164042586908
2026-06-15 18:00:00+00:00,8847.164042586908
2026-06-15 19:00:00+00:00,8847.164042586908
2026-06-15 20:00:00+00:00,8847.164042586908
2026-06-15 21:00:00+00:00,8847.164042586908
2026-06-15 22:00:00+00:00,8847.164042586908
2026-06-15 23:00:00+00:00,8847.164042586908
2026-06-16 00:00:00+00:00,8847.164042586908
2026-06-16 01:00:00+00:00,8847.164042586908
2026-06-16 02:00:00+00:00,8847.164042586908
2026-06-16 03:00:00+00:00,8847.164042586908
2026-06-16 04:00:00+00:00,8847.164042586908
2026-06-16 05:00:00+00:00,8847.164042586908
2026-06-16 06:00:00+00:00,8847.164042586908
2026-06-16 07:00:00+00:00,8847.164042586908
2026-06-16 08:00:00+00:00,8847.164042586908
2026-06-16 09:00:00+00:00,8847.164042586908
2026-06-16 10:00:00+00:00,8847.164042586908
2026-06-16 11:00:00+00:00,8847.164042586908
2026-06-16 12:00:00+00:00,8847.164042586908
2026-06-16 13:00:00+00:00,8847.164042586908
2026-06-16 14:00:00+00:00,8847.164042586908
2026-06-16 15:00:00+00:00,8847.164042586908
2026-06-16 16:00:00+00:00,8847.164042586908
2026-06-16 17:00:00+00:00,8847.164042586908
2026-06-16 18:00:00+00:00,8847.164042586908
2026-06-16 19:00:00+00:00,8847.164042586908
2026-06-16 20:00:00+00:00,8847.164042586908
2026-06-16 21:00:00+00:00,8847.164042586908
2026-06-16 22:00:00+00:00,8847.164042586908
2026-06-16 23:00:00+00:00,8847.164042586908
2026-06-17 00:00:00+00:00,8847.164042586908
2026-06-17 01:00:00+00:00,8847.164042586908
2026-06-17 02:00:00+00:00,8847.164042586908
2026-06-17 03:00:00+00:00,8847.164042586908
2026-06-17 04:00:00+00:00,8847.164042586908
2026-06-17 05:00:00+00:00,8847.164042586908
2026-06-17 06:00:00+00:00,8847.164042586908
2026-06-17 07:00:00+00:00,8847.164042586908
2026-06-17 08:00:00+00:00,8847.164042586908
2026-06-17 09:00:00+00:00,8847.164042586908
2026-06-17 10:00:00+00:00,8847.164042586908
2026-06-17 11:00:00+00:00,8847.164042586908
2026-06-17 12:00:00+00:00,8847.164042586908
2026-06-17 13:00:00+00:00,8847.164042586908
2026-06-17 14:00:00+00:00,8847.164042586908
2026-06-17 15:00:00+00:00,8847.164042586908
2026-06-17 16:00:00+00:00,8847.164042586908
2026-06-17 17:00:00+00:00,8847.164042586908
2026-06-17 18:00:00+00:00,8847.164042586908
2026-06-17 19:00:00+00:00,8847.164042586908
2026-06-17 20:00:00+00:00,8847.164042586908
2026-06-17 21:00:00+00:00,8847.164042586908
2026-06-17 22:00:00+00:00,8847.164042586908
2026-06-17 23:00:00+00:00,8847.164042586908
2026-06-18 00:00:00+00:00,8847.164042586908
2026-06-18 01:00:00+00:00,8847.164042586908
2026-06-18 02:00:00+00:00,8847.164042586908
2026-06-18 03:00:00+00:00,8847.164042586908
2026-06-18 04:00:00+00:00,8847.164042586908
2026-06-18 05:00:00+00:00,8847.164042586908
2026-06-18 06:00:00+00:00,8847.164042586908
2026-06-18 07:00:00+00:00,8847.164042586908
2026-06-18 08:00:00+00:00,8847.164042586908
2026-06-18 09:00:00+00:00,8847.164042586908
2026-06-18 10:00:00+00:00,8847.164042586908
2026-06-18 11:00:00+00:00,8847.164042586908
2026-06-18 12:00:00+00:00,8847.164042586908
2026-06-18 13:00:00+00:00,8847.164042586908
2026-06-18 14:00:00+00:00,8847.164042586908
2026-06-18 15:00:00+00:00,8847.164042586908
2026-06-18 16:00:00+00:00,8847.164042586908
2026-06-18 17:00:00+00:00,8847.164042586908
2026-06-18 18:00:00+00:00,8847.164042586908
2026-06-18 19:00:00+00:00,8847.164042586908
2026-06-18 20:00:00+00:00,8847.164042586908
2026-06-18 21:00:00+00:00,8847.164042586908
2026-06-18 22:00:00+00:00,8847.164042586908
2026-06-18 23:00:00+00:00,8847.164042586908
2026-06-19 00:00:00+00:00,8847.164042586908
2026-06-19 01:00:00+00:00,8847.164042586908
2026-06-19 02:00:00+00:00,8847.164042586908
2026-06-19 03:00:00+00:00,8847.164042586908
2026-06-19 04:00:00+00:00,8847.164042586908
2026-06-19 05:00:00+00:00,8847.164042586908
2026-06-19 06:00:00+00:00,8847.164042586908
2026-06-19 07:00:00+00:00,8847.164042586908
2026-06-19 08:00:00+00:00,8847.164042586908
2026-06-19 09:00:00+00:00,8847.164042586908
2026-06-19 10:00:00+00:00,8847.164042586908
2026-06-19 11:00:00+00:00,8847.164042586908
2026-06-19 12:00:00+00:00,8847.164042586908
2026-06-19 13:00:00+00:00,8847.164042586908
2026-06-19 14:00:00+00:00,8847.164042586908
2026-06-19 15:00:00+00:00,8847.164042586908
2026-06-19 16:00:00+00:00,8847.164042586908
2026-06-19 17:00:00+00:00,8847.164042586908
2026-06-19 18:00:00+00:00,8847.164042586908
2026-06-19 19:00:00+00:00,8847.164042586908
2026-06-19 20:00:00+00:00,8847.164042586908
2026-06-19 21:00:00+00:00,8847.164042586908
2026-06-19 22:00:00+00:00,8847.164042586908
2026-06-19 23:00:00+00:00,8847.164042586908
2026-06-20 00:00:00+00:00,8847.164042586908
2026-06-20 01:00:00+00:00,8847.164042586908
2026-06-20 02:00:00+00:00,8847.164042586908
2026-06-20 03:00:00+00:00,8847.164042586908
2026-06-20 04:00:00+00:00,8847.164042586908
2026-06-20 05:00:00+00:00,8847.164042586908
2026-06-20 06:00:00+00:00,8847.164042586908
2026-06-20 07:00:00+00:00,8847.164042586908
2026-06-20 08:00:00+00:00,8847.164042586908
2026-06-20 09:00:00+00:00,8847.164042586908
2026-06-20 10:00:00+00:00,8847.164042586908
2026-06-20 11:00:00+00:00,8847.164042586908
2026-06-20 12:00:00+00:00,8847.164042586908
2026-06-20 13:00:00+00:00,8847.164042586908
2026-06-20 14:00:00+00:00,8847.164042586908
2026-06-20 15:00:00+00:00,8847.164042586908
2026-06-20 16:00:00+00:00,8847.164042586908
2026-06-20 17:00:00+00:00,8847.164042586908
2026-06-20 18:00:00+00:00,8847.164042586908
2026-06-20 19:00:00+00:00,8847.164042586908
2026-06-20 20:00:00+00:00,8847.164042586908
2026-06-20 21:00:00+00:00,8847.164042586908
2026-06-20 22:00:00+00:00,8847.164042586908
2026-06-20 23:00:00+00:00,8847.164042586908
2026-06-21 00:00:00+00:00,8847.164042586908
2026-06-21 01:00:00+00:00,8847.164042586908
2026-06-21 02:00:00+00:00,8847.164042586908
2026-06-21 03:00:00+00:00,8847.164042586908
2026-06-21 04:00:00+00:00,8847.164042586908
2026-06-21 05:00:00+00:00,8847.164042586908
2026-06-21 06:00:00+00:00,8847.164042586908
2026-06-21 07:00:00+00:00,8847.164042586908
2026-06-21 08:00:00+00:00,8847.164042586908
2026-06-21 09:00:00+00:00,8847.164042586908
2026-06-21 10:00:00+00:00,8847.164042586908
2026-06-21 11:00:00+00:00,8847.164042586908
2026-06-21 12:00:00+00:00,8847.164042586908
2026-06-21 13:00:00+00:00,8847.164042586908
2026-06-21 14:00:00+00:00,8847.164042586908
2026-06-21 15:00:00+00:00,8847.164042586908
2026-06-21 16:00:00+00:00,8847.164042586908
2026-06-21 17:00:00+00:00,8847.164042586908
2026-06-21 18:00:00+00:00,8847.164042586908
2026-06-21 19:00:00+00:00,8847.164042586908
2026-06-21 20:00:00+00:00,8847.164042586908
2026-06-21 21:00:00+00:00,8847.164042586908
2026-06-21 22:00:00+00:00,8847.164042586908
2026-06-21 23:00:00+00:00,8847.164042586908
2026-06-22 00:00:00+00:00,8847.164042586908
2026-06-22 01:00:00+00:00,8847.164042586908
2026-06-22 02:00:00+00:00,8847.164042586908
2026-06-22 03:00:00+00:00,8847.164042586908
2026-06-22 04:00:00+00:00,8847.164042586908
2026-06-22 05:00:00+00:00,8847.164042586908
2026-06-22 06:00:00+00:00,8847.164042586908
2026-06-22 07:00:00+00:00,8847.164042586908
2026-06-22 08:00:00+00:00,8847.164042586908
2026-06-22 09:00:00+00:00,8847.164042586908
2026-06-22 10:00:00+00:00,8847.164042586908
2026-06-22 11:00:00+00:00,8847.164042586908
2026-06-22 12:00:00+00:00,8847.164042586908
2026-06-22 13:00:00+00:00,8847.164042586908
2026-06-22 14:00:00+00:00,8847.164042586908
2026-06-22 15:00:00+00:00,8847.164042586908
2026-06-22 16:00:00+00:00,8847.164042586908
2026-06-22 17:00:00+00:00,8847.164042586908
2026-06-22 18:00:00+00:00,8847.164042586908
2026-06-22 19:00:00+00:00,8847.164042586908
2026-06-22 20:00:00+00:00,8847.164042586908
2026-06-22 21:00:00+00:00,8847.164042586908
2026-06-22 22:00:00+00:00,8847.164042586908
2026-06-22 23:00:00+00:00,8847.164042586908
2026-06-23 00:00:00+00:00,8847.164042586908
2026-06-23 01:00:00+00:00,8847.164042586908
2026-06-23 02:00:00+00:00,8847.164042586908
2026-06-23 03:00:00+00:00,8847.164042586908
2026-06-23 04:00:00+00:00,8847.164042586908
2026-06-23 05:00:00+00:00,8847.164042586908
2026-06-23 06:00:00+00:00,8847.164042586908
2026-06-23 07:00:00+00:00,8847.164042586908
2026-06-23 08:00:00+00:00,8847.164042586908
2026-06-23 09:00:00+00:00,8847.164042586908
2026-06-23 10:00:00+00:00,8847.164042586908
2026-06-23 11:00:00+00:00,8847.164042586908
2026-06-23 12:00:00+00:00,8847.164042586908
2026-06-23 13:00:00+00:00,8847.164042586908
2026-06-23 14:00:00+00:00,8847.164042586908
2026-06-23 15:00:00+00:00,8847.164042586908
2026-06-23 16:00:00+00:00,8847.164042586908
2026-06-23 17:00:00+00:00,8847.164042586908
2026-06-23 18:00:00+00:00,8847.164042586908
2026-06-23 19:00:00+00:00,8847.164042586908
2026-06-23 20:00:00+00:00,8847.164042586908
2026-06-23 21:00:00+00:00,8847.164042586908
2026-06-23 22:00:00+00:00,8847.164042586908
2026-06-23 23:00:00+00:00,8847.164042586908
2026-06-24 00:00:00+00:00,8847.164042586908
2026-06-24 01:00:00+00:00,8847.164042586908
2026-06-24 02:00:00+00:00,8847.164042586908
2026-06-24 03:00:00+00:00,8847.164042586908
2026-06-24 04:00:00+00:00,8847.164042586908
2026-06-24 05:00:00+00:00,8847.164042586908
2026-06-24 06:00:00+00:00,8847.164042586908
2026-06-24 07:00:00+00:00,8847.164042586908
2026-06-24 08:00:00+00:00,8847.164042586908
2026-06-24 09:00:00+00:00,8847.164042586908
2026-06-24 10:00:00+00:00,8847.164042586908
2026-06-24 11:00:00+00:00,8847.164042586908
2026-06-24 12:00:00+00:00,8847.164042586908
2026-06-24 13:00:00+00:00,8847.164042586908
2026-06-24 14:00:00+00:00,8847.164042586908
2026-06-24 15:00:00+00:00,8847.164042586908
2026-06-24 16:00:00+00:00,8847.164042586908
2026-06-24 17:00:00+00:00,8847.164042586908
2026-06-24 18:00:00+00:00,8847.164042586908
2026-06-24 19:00:00+00:00,8847.164042586908
2026-06-24 20:00:00+00:00,8847.164042586908
2026-06-24 21:00:00+00:00,8847.164042586908
2026-06-24 22:00:00+00:00,8847.164042586908
2026-06-24 23:00:00+00:00,8847.164042586908
2026-06-25 00:00:00+00:00,8847.164042586908
2026-06-25 01:00:00+00:00,8847.164042586908
2026-06-25 02:00:00+00:00,8847.164042586908
2026-06-25 03:00:00+00:00,8847.164042586908
2026-06-25 04:00:00+00:00,8847.164042586908
2026-06-25 05:00:00+00:00,8847.164042586908
2026-06-25 06:00:00+00:00,8847.164042586908
2026-06-25 07:00:00+00:00,8847.164042586908
2026-06-25 08:00:00+00:00,8847.164042586908
2026-06-25 09:00:00+00:00,8847.164042586908
2026-06-25 10:00:00+00:00,8847.164042586908
2026-06-25 11:00:00+00:00,8847.164042586908
2026-06-25 12:00:00+00:00,8847.164042586908
2026-06-25 13:00:00+00:00,8847.164042586908
2026-06-25 14:00:00+00:00,8847.164042586908
2026-06-25 15:00:00+00:00,8847.164042586908
2026-06-25 16:00:00+00:00,8847.164042586908
2026-06-25 17:00:00+00:00,8847.164042586908
2026-06-25 18:00:00+00:00,8847.164042586908
2026-06-25 19:00:00+00:00,8847.164042586908
2026-06-25 20:00:00+00:00,8847.164042586908
2026-06-25 21:00:00+00:00,8847.164042586908
2026-06-25 22:00:00+00:00,8847.164042586908
2026-06-25 23:00:00+00:00,8847.164042586908
2026-06-26 00:00:00+00:00,8847.164042586908
2026-06-26 01:00:00+00:00,8847.164042586908
2026-06-26 02:00:00+00:00,8847.164042586908
2026-06-26 03:00:00+00:00,8847.164042586908
2026-06-26 04:00:00+00:00,8847.164042586908
2026-06-26 05:00:00+00:00,8847.164042586908
2026-06-26 06:00:00+00:00,8847.164042586908
2026-06-26 07:00:00+00:00,8847.164042586908
2026-06-26 08:00:00+00:00,8847.164042586908
2026-06-26 09:00:00+00:00,8847.164042586908
2026-06-26 10:00:00+00:00,8847.164042586908
2026-06-26 11:00:00+00:00,8847.164042586908
2026-06-26 12:00:00+00:00,8847.164042586908
2026-06-26 13:00:00+00:00,8847.164042586908
2026-06-26 14:00:00+00:00,8847.164042586908
2026-06-26 15:00:00+00:00,8847.164042586908
2026-06-26 16:00:00+00:00,8847.164042586908
2026-06-26 17:00:00+00:00,8847.164042586908
2026-06-26 18:00:00+00:00,8847.164042586908
2026-06-26 19:00:00+00:00,8847.164042586908
2026-06-26 20:00:00+00:00,8847.164042586908
2026-06-26 21:00:00+00:00,8847.164042586908
2026-06-26 22:00:00+00:00,8847.164042586908
2026-06-26 23:00:00+00:00,8847.164042586908
2026-06-27 00:00:00+00:00,8847.164042586908
2026-06-27 01:00:00+00:00,8847.164042586908
2026-06-27 02:00:00+00:00,8847.164042586908
2026-06-27 03:00:00+00:00,8847.164042586908
2026-06-27 04:00:00+00:00,8847.164042586908
2026-06-27 05:00:00+00:00,8847.164042586908
2026-06-27 06:00:00+00:00,8847.164042586908
2026-06-27 07:00:00+00:00,8847.164042586908
2026-06-27 08:00:00+00:00,8847.164042586908
2026-06-27 09:00:00+00:00,8847.164042586908
2026-06-27 10:00:00+00:00,8847.164042586908
2026-06-27 11:00:00+00:00,8847.164042586908
2026-06-27 12:00:00+00:00,8847.164042586908
2026-06-27 13:00:00+00:00,8847.164042586908
2026-06-27 14:00:00+00:00,8847.164042586908
2026-06-27 15:00:00+00:00,8847.164042586908
2026-06-27 16:00:00+00:00,8847.164042586908
2026-06-27 17:00:00+00:00,8847.164042586908
2026-06-27 18:00:00+00:00,8847.164042586908
2026-06-27 19:00:00+00:00,8847.164042586908
2026-06-27 20:00:00+00:00,8847.164042586908
2026-06-27 21:00:00+00:00,8847.164042586908
2026-06-27 22:00:00+00:00,8847.164042586908
2026-06-27 23:00:00+00:00,8847.164042586908
2026-06-28 00:00:00+00:00,8847.164042586908
2026-06-28 01:00:00+00:00,8847.164042586908
2026-06-28 02:00:00+00:00,8847.164042586908
2026-06-28 03:00:00+00:00,8847.164042586908
2026-06-28 04:00:00+00:00,8847.164042586908
2026-06-28 05:00:00+00:00,8847.164042586908
2026-06-28 06:00:00+00:00,8847.164042586908
2026-06-28 07:00:00+00:00,8847.164042586908
2026-06-28 08:00:00+00:00,8847.164042586908
2026-06-28 09:00:00+00:00,8847.164042586908
2026-06-28 10:00:00+00:00,8847.164042586908
2026-06-28 11:00:00+00:00,8847.164042586908
2026-06-28 12:00:00+00:00,8847.164042586908
2026-06-28 13:00:00+00:00,8847.164042586908
2026-06-28 14:00:00+00:00,8847.164042586908
2026-06-28 15:00:00+00:00,8847.164042586908
2026-06-28 16:00:00+00:00,8847.164042586908
2026-06-28 17:00:00+00:00,8847.164042586908
2026-06-28 18:00:00+00:00,8847.164042586908
2026-06-28 19:00:00+00:00,8847.164042586908
2026-06-28 20:00:00+00:00,8847.164042586908
2026-06-28 21:00:00+00:00,8847.164042586908
2026-06-28 22:00:00+00:00,8847.164042586908
2026-06-28 23:00:00+00:00,8847.164042586908
2026-06-29 00:00:00+00:00,8847.164042586908
2026-06-29 01:00:00+00:00,8847.164042586908
2026-06-29 02:00:00+00:00,8847.164042586908
2026-06-29 03:00:00+00:00,8847.164042586908
2026-06-29 04:00:00+00:00,8847.164042586908
2026-06-29 05:00:00+00:00,8847.164042586908
2026-06-29 06:00:00+00:00,8847.164042586908
2026-06-29 07:00:00+00:00,8847.164042586908
2026-06-29 08:00:00+00:00,8847.164042586908
2026-06-29 09:00:00+00:00,8847.164042586908
2026-06-29 10:00:00+00:00,8847.164042586908
2026-06-29 11:00:00+00:00,8847.164042586908
2026-06-29 12:00:00+00:00,8847.164042586908
2026-06-29 13:00:00+00:00,8847.164042586908
2026-06-29 14:00:00+00:00,8847.164042586908
2026-06-29 15:00:00+00:00,8847.164042586908
2026-06-29 16:00:00+00:00,8847.164042586908
2026-06-29 17:00:00+00:00,8847.164042586908
2026-06-29 18:00:00+00:00,8847.164042586908
2026-06-29 19:00:00+00:00,8847.164042586908
2026-06-29 20:00:00+00:00,8847.164042586908
2026-06-29 21:00:00+00:00,8847.164042586908
2026-06-29 22:00:00+00:00,8847.164042586908
2026-06-29 23:00:00+00:00,8847.164042586908
2026-06-30 00:00:00+00:00,8847.164042586908
2026-06-30 01:00:00+00:00,8847.164042586908
2026-06-30 02:00:00+00:00,8847.164042586908
2026-06-30 03:00:00+00:00,8847.164042586908
2026-06-30 04:00:00+00:00,8847.164042586908
2026-06-30 05:00:00+00:00,8847.164042586908
2026-06-30 06:00:00+00:00,8847.164042586908
2026-06-30 07:00:00+00:00,8847.164042586908
2026-06-30 08:00:00+00:00,8847.164042586908
2026-06-30 09:00:00+00:00,8847.164042586908
2026-06-30 10:00:00+00:00,8847.164042586908
2026-06-30 11:00:00+00:00,8847.164042586908
2026-06-30 12:00:00+00:00,8847.164042586908
2026-06-30 13:00:00+00:00,8847.164042586908
2026-06-30 14:00:00+00:00,8847.164042586908
2026-06-30 15:00:00+00:00,8847.164042586908
2026-06-30 16:00:00+00:00,8847.164042586908
2026-06-30 17:00:00+00:00,8847.164042586908
2026-06-30 18:00:00+00:00,8847.164042586908
2026-06-30 19:00:00+00:00,8847.164042586908
2026-06-30 20:00:00+00:00,8847.164042586908
2026-06-30 21:00:00+00:00,8847.164042586908
2026-06-30 22:00:00+00:00,8847.164042586908
2026-06-30 23:00:00+00:00,8847.164042586908
2026-07-01 00:00:00+00:00,8847.164042586908
2026-07-01 01:00:00+00:00,8847.164042586908
2026-07-01 02:00:00+00:00,8847.164042586908
2026-07-01 03:00:00+00:00,8847.164042586908
2026-07-01 04:00:00+00:00,8847.164042586908
2026-07-01 05:00:00+00:00,8847.164042586908
2026-07-01 06:00:00+00:00,8847.164042586908
2026-07-01 07:00:00+00:00,8847.164042586908
2026-07-01 08:00:00+00:00,8847.164042586908
2026-07-01 09:00:00+00:00,8847.164042586908
2026-07-01 10:00:00+00:00,8847.164042586908
2026-07-01 11:00:00+00:00,8847.164042586908
2026-07-01 12:00:00+00:00,8847.164042586908
2026-07-01 13:00:00+00:00,8847.164042586908
2026-07-01 14:00:00+00:00,8847.164042586908
2026-07-01 15:00:00+00:00,8847.164042586908
2026-07-01 16:00:00+00:00,8847.164042586908
2026-07-01 17:00:00+00:00,8847.164042586908
2026-07-01 18:00:00+00:00,8847.164042586908
2026-07-01 19:00:00+00:00,8847.164042586908
2026-07-01 20:00:00+00:00,8847.164042586908
2026-07-01 21:00:00+00:00,8847.164042586908
2026-07-01 22:00:00+00:00,8847.164042586908
2026-07-01 23:00:00+00:00,8847.164042586908
2026-07-02 00:00:00+00:00,8847.164042586908
2026-07-02 01:00:00+00:00,8847.164042586908
2026-07-02 02:00:00+00:00,8847.164042586908
2026-07-02 03:00:00+00:00,8847.164042586908
2026-07-02 04:00:00+00:00,8847.164042586908
2026-07-02 05:00:00+00:00,8847.164042586908
2026-07-02 06:00:00+00:00,8847.164042586908
2026-07-02 07:00:00+00:00,8847.164042586908
2026-07-02 08:00:00+00:00,8847.164042586908
2026-07-02 09:00:00+00:00,8847.164042586908
2026-07-02 10:00:00+00:00,8847.164042586908
2026-07-02 11:00:00+00:00,8847.164042586908
2026-07-02 12:00:00+00:00,8847.164042586908
2026-07-02 13:00:00+00:00,8847.164042586908
2026-07-02 14:00:00+00:00,8847.164042586908
2026-07-02 15:00:00+00:00,8847.164042586908
2026-07-02 16:00:00+00:00,8847.164042586908
2026-07-02 17:00:00+00:00,8847.164042586908
2026-07-02 18:00:00+00:00,8847.164042586908
2026-07-02 19:00:00+00:00,8847.164042586908
2026-07-02 20:00:00+00:00,8847.164042586908
2026-07-02 21:00:00+00:00,8847.164042586908
2026-07-02 22:00:00+00:00,8847.164042586908
2026-07-02 23:00:00+00:00,8847.164042586908
2026-07-03 00:00:00+00:00,8847.164042586908
2026-07-03 01:00:00+00:00,8847.164042586908
2026-07-03 02:00:00+00:00,8847.164042586908
2026-07-03 03:00:00+00:00,8847.164042586908
2026-07-03 04:00:00+00:00,8847.164042586908
2026-07-03 05:00:00+00:00,8847.164042586908
2026-07-03 06:00:00+00:00,8847.164042586908
2026-07-03 07:00:00+00:00,8847.164042586908
2026-07-03 08:00:00+00:00,8847.164042586908
2026-07-03 09:00:00+00:00,8847.164042586908
2026-07-03 10:00:00+00:00,8847.164042586908
2026-07-03 11:00:00+00:00,8847.164042586908
2026-07-03 12:00:00+00:00,8847.164042586908
2026-07-03 13:00:00+00:00,8847.164042586908
2026-07-03 14:00:00+00:00,8847.164042586908
2026-07-03 15:00:00+00:00,8847.164042586908
2026-07-03 16:00:00+00:00,8847.164042586908
2026-07-03 17:00:00+00:00,8847.164042586908
2026-07-03 18:00:00+00:00,8847.164042586908
2026-07-03 19:00:00+00:00,8847.164042586908
2026-07-03 20:00:00+00:00,8847.164042586908
2026-07-03 21:00:00+00:00,8847.164042586908
2026-07-03 22:00:00+00:00,8847.164042586908
2026-07-03 23:00:00+00:00,8847.164042586908
2026-07-04 00:00:00+00:00,8847.164042586908
2026-07-04 01:00:00+00:00,8847.164042586908
2026-07-04 02:00:00+00:00,8847.164042586908
2026-07-04 03:00:00+00:00,8847.164042586908
2026-07-04 04:00:00+00:00,8847.164042586908
2026-07-04 05:00:00+00:00,8847.164042586908
2026-07-04 06:00:00+00:00,8847.164042586908
2026-07-04 07:00:00+00:00,8847.164042586908
2026-07-04 08:00:00+00:00,8847.164042586908
2026-07-04 09:00:00+00:00,8847.164042586908
2026-07-04 10:00:00+00:00,8847.164042586908
2026-07-04 11:00:00+00:00,8847.164042586908
2026-07-04 12:00:00+00:00,8847.164042586908
2026-07-04 13:00:00+00:00,8847.164042586908
2026-07-04 14:00:00+00:00,8847.164042586908
2026-07-04 15:00:00+00:00,8847.164042586908
2026-07-04 16:00:00+00:00,8847.164042586908
2026-07-04 17:00:00+00:00,8847.164042586908
2026-07-04 18:00:00+00:00,8847.164042586908
2026-07-04 19:00:00+00:00,8847.164042586908
2026-07-04 20:00:00+00:00,8847.164042586908
2026-07-04 21:00:00+00:00,8847.164042586908
2026-07-04 22:00:00+00:00,8847.164042586908
2026-07-04 23:00:00+00:00,8847.164042586908
2026-07-05 00:00:00+00:00,8847.164042586908
2026-07-05 01:00:00+00:00,8847.164042586908
2026-07-05 02:00:00+00:00,8847.164042586908
2026-07-05 03:00:00+00:00,8847.164042586908
2026-07-05 04:00:00+00:00,8847.164042586908
2026-07-05 05:00:00+00:00,8847.164042586908
2026-07-05 06:00:00+00:00,8847.164042586908
2026-07-05 07:00:00+00:00,8847.164042586908
2026-07-05 08:00:00+00:00,8847.164042586908
2026-07-05 09:00:00+00:00,8847.164042586908
2026-07-05 10:00:00+00:00,8847.164042586908
2026-07-05 11:00:00+00:00,8847.164042586908
2026-07-05 12:00:00+00:00,8847.164042586908
2026-07-05 13:00:00+00:00,8847.164042586908
2026-07-05 14:00:00+00:00,8847.164042586908
2026-07-05 15:00:00+00:00,8847.164042586908
2026-07-05 16:00:00+00:00,8847.164042586908
2026-07-05 17:00:00+00:00,8847.164042586908
2026-07-05 18:00:00+00:00,8847.164042586908
2026-07-05 19:00:00+00:00,8847.164042586908
2026-07-05 20:00:00+00:00,8847.164042586908
2026-07-05 21:00:00+00:00,8847.164042586908
2026-07-05 22:00:00+00:00,8847.164042586908
2026-07-05 23:00:00+00:00,8847.164042586908
2026-07-06 00:00:00+00:00,8847.164042586908
2026-07-06 01:00:00+00:00,8847.164042586908
2026-07-06 02:00:00+00:00,8847.164042586908
2026-07-06 03:00:00+00:00,8847.164042586908
2026-07-06 04:00:00+00:00,8847.164042586908
2026-07-06 05:00:00+00:00,8847.164042586908
2026-07-06 06:00:00+00:00,8847.164042586908
2026-07-06 07:00:00+00:00,8847.164042586908
2026-07-06 08:00:00+00:00,8847.164042586908
2026-07-06 09:00:00+00:00,8847.164042586908
2026-07-06 10:00:00+00:00,8847.164042586908
2026-07-06 11:00:00+00:00,8847.164042586908
2026-07-06 12:00:00+00:00,8847.164042586908
2026-07-06 13:00:00+00:00,8847.164042586908
2026-07-06 14:00:00+00:00,8847.164042586908
2026-07-06 15:00:00+00:00,8847.164042586908
2026-07-06 16:00:00+00:00,8847.164042586908
2026-07-06 17:00:00+00:00,8847.164042586908
2026-07-06 18:00:00+00:00,8847.164042586908
2026-07-06 19:00:00+00:00,8847.164042586908
2026-07-06 20:00:00+00:00,8847.164042586908
2026-07-06 21:00:00+00:00,8847.164042586908
2026-07-06 22:00:00+00:00,8847.164042586908
2026-07-06 23:00:00+00:00,8847.164042586908
2026-07-07 00:00:00+00:00,8847.164042586908
2026-07-07 01:00:00+00:00,8847.164042586908
2026-07-07 02:00:00+00:00,8847.164042586908
2026-07-07 03:00:00+00:00,8847.164042586908
2026-07-07 04:00:00+00:00,8847.164042586908
2026-07-07 05:00:00+00:00,8847.164042586908
2026-07-07 06:00:00+00:00,8847.164042586908
2026-07-07 07:00:00+00:00,8847.164042586908
2026-07-07 08:00:00+00:00,8847.164042586908
2026-07-07 09:00:00+00:00,8847.164042586908
2026-07-07 10:00:00+00:00,8847.164042586908
2026-07-07 11:00:00+00:00,8847.164042586908
2026-07-07 12:00:00+00:00,8847.164042586908
2026-07-07 13:00:00+00:00,8847.164042586908
2026-07-07 14:00:00+00:00,8847.164042586908
2026-07-07 15:00:00+00:00,8847.164042586908
2026-07-07 16:00:00+00:00,8847.164042586908
2026-07-07 17:00:00+00:00,8847.164042586908
2026-07-07 18:00:00+00:00,8847.164042586908
2026-07-07 19:00:00+00:00,8847.164042586908
2026-07-07 20:00:00+00:00,8847.164042586908
2026-07-07 21:00:00+00:00,8847.164042586908
2026-07-07 22:00:00+00:00,8847.164042586908
2026-07-07 23:00:00+00:00,8847.164042586908
2026-07-08 00:00:00+00:00,8847.164042586908
2026-07-08 01:00:00+00:00,8847.164042586908
2026-07-08 02:00:00+00:00,8847.164042586908
2026-07-08 03:00:00+00:00,8847.164042586908
2026-07-08 04:00:00+00:00,8847.164042586908
2026-07-08 05:00:00+00:00,8847.164042586908
2026-07-08 06:00:00+00:00,8847.164042586908
2026-07-08 07:00:00+00:00,8847.164042586908
2026-07-08 08:00:00+00:00,8847.164042586908
2026-07-08 09:00:00+00:00,8847.164042586908
2026-07-08 10:00:00+00:00,8847.164042586908
2026-07-08 11:00:00+00:00,8847.164042586908
2026-07-08 12:00:00+00:00,8847.164042586908
2026-07-08 13:00:00+00:00,8847.164042586908
2026-07-08 14:00:00+00:00,8847.164042586908
2026-07-08 15:00:00+00:00,8847.164042586908
2026-07-08 16:00:00+00:00,8847.164042586908
2026-07-08 17:00:00+00:00,8847.164042586908
2026-07-08 18:00:00+00:00,8847.164042586908
2026-07-08 19:00:00+00:00,8847.164042586908
2026-07-08 20:00:00+00:00,8847.164042586908
2026-07-08 21:00:00+00:00,8847.164042586908
2026-07-08 22:00:00+00:00,8847.164042586908
2026-07-08 23:00:00+00:00,8847.164042586908
2026-07-09 00:00:00+00:00,8847.164042586908
2026-07-09 01:00:00+00:00,8847.164042586908
2026-07-09 02:00:00+00:00,8847.164042586908
2026-07-09 03:00:00+00:00,8847.164042586908
2026-07-09 04:00:00+00:00,8847.164042586908
2026-07-09 05:00:00+00:00,8847.164042586908
2026-07-09 06:00:00+00:00,8847.164042586908
2026-07-09 07:00:00+00:00,8847.164042586908
2026-07-09 08:00:00+00:00,8847.164042586908
2026-07-09 09:00:00+00:00,8847.164042586908
2026-07-09 10:00:00+00:00,8847.164042586908
2026-07-09 11:00:00+00:00,8847.164042586908
2026-07-09 12:00:00+00:00,8847.164042586908
2026-07-09 13:00:00+00:00,8847.164042586908
2026-07-09 14:00:00+00:00,8847.164042586908
2026-07-09 15:00:00+00:00,8847.164042586908
2026-07-09 16:00:00+00:00,8847.164042586908
2026-07-09 17:00:00+00:00,8847.164042586908
2026-07-09 18:00:00+00:00,8847.164042586908
2026-07-09 19:00:00+00:00,8847.164042586908
2026-07-09 20:00:00+00:00,8847.164042586908
2026-07-09 21:00:00+00:00,8847.164042586908
2026-07-09 22:00:00+00:00,8847.164042586908
2026-07-09 23:00:00+00:00,8847.164042586908
2026-07-10 00:00:00+00:00,8847.164042586908
2026-07-10 01:00:00+00:00,8847.164042586908
2026-07-10 02:00:00+00:00,8847.164042586908
2026-07-10 03:00:00+00:00,8847.164042586908
2026-07-10 04:00:00+00:00,8847.164042586908
2026-07-10 05:00:00+00:00,8847.164042586908
2026-07-10 06:00:00+00:00,8847.164042586908
2026-07-10 07:00:00+00:00,8847.164042586908
2026-07-10 08:00:00+00:00,8847.164042586908
2026-07-10 09:00:00+00:00,8847.164042586908
2026-07-10 10:00:00+00:00,8847.164042586908
2026-07-10 11:00:00+00:00,8847.164042586908
2026-07-10 12:00:00+00:00,8847.164042586908
2026-07-10 13:00:00+00:00,8847.164042586908
2026-07-10 14:00:00+00:00,8847.164042586908
2026-07-10 15:00:00+00:00,8847.164042586908
2026-07-10 16:00:00+00:00,8847.164042586908
2026-07-10 17:00:00+00:00,8847.164042586908
2026-07-10 18:00:00+00:00,8847.164042586908
2026-07-10 19:00:00+00:00,8847.164042586908
2026-07-10 20:00:00+00:00,8847.164042586908
2026-07-10 21:00:00+00:00,8847.164042586908
2026-07-10 22:00:00+00:00,8847.164042586908
2026-07-10 23:00:00+00:00,8847.164042586908
2026-07-11 00:00:00+00:00,8847.164042586908
2026-07-11 01:00:00+00:00,8847.164042586908
2026-07-11 02:00:00+00:00,8847.164042586908
2026-07-11 03:00:00+00:00,8847.164042586908
2026-07-11 04:00:00+00:00,8847.164042586908
2026-07-11 05:00:00+00:00,8847.164042586908
2026-07-11 06:00:00+00:00,8847.164042586908
2026-07-11 07:00:00+00:00,8847.164042586908
2026-07-11 08:00:00+00:00,8847.164042586908
2026-07-11 09:00:00+00:00,8847.164042586908
2026-07-11 10:00:00+00:00,8847.164042586908
2026-07-11 11:00:00+00:00,8847.164042586908
2026-07-11 12:00:00+00:00,8847.164042586908
2026-07-11 13:00:00+00:00,8847.164042586908
2026-07-11 14:00:00+00:00,8847.164042586908
2026-07-11 15:00:00+00:00,8847.164042586908
2026-07-11 16:00:00+00:00,8847.164042586908
2026-07-11 17:00:00+00:00,8847.164042586908
2026-07-11 18:00:00+00:00,8847.164042586908
2026-07-11 19:00:00+00:00,8847.164042586908
2026-07-11 20:00:00+00:00,8847.164042586908
2026-07-11 21:00:00+00:00,8847.164042586908
2026-07-11 22:00:00+00:00,8847.164042586908
2026-07-11 23:00:00+00:00,8847.164042586908
2026-07-12 00:00:00+00:00,8847.164042586908
2026-07-12 01:00:00+00:00,8847.164042586908
2026-07-12 02:00:00+00:00,8847.164042586908
2026-07-12 03:00:00+00:00,8847.164042586908
2026-07-12 04:00:00+00:00,8847.164042586908
2026-07-12 05:00:00+00:00,8847.164042586908
2026-07-12 06:00:00+00:00,8847.164042586908
2026-07-12 07:00:00+00:00,8847.164042586908
2026-07-12 08:00:00+00:00,8847.164042586908
2026-07-12 09:00:00+00:00,8847.164042586908
2026-07-12 10:00:00+00:00,8847.164042586908
2026-07-12 11:00:00+00:00,8847.164042586908
2026-07-12 12:00:00+00:00,8847.164042586908
2026-07-12 13:00:00+00:00,8847.164042586908
2026-07-12 14:00:00+00:00,8847.164042586908
2026-07-12 15:00:00+00:00,8847.164042586908
2026-07-12 16:00:00+00:00,8847.164042586908
2026-07-12 17:00:00+00:00,8847.164042586908
2026-07-12 18:00:00+00:00,8847.164042586908
2026-07-12 19:00:00+00:00,8847.164042586908
2026-07-12 20:00:00+00:00,8847.164042586908
2026-07-12 21:00:00+00:00,8847.164042586908
2026-07-12 22:00:00+00:00,8847.164042586908
2026-07-12 23:00:00+00:00,8847.164042586908
2026-07-13 00:00:00+00:00,8847.164042586908
2026-07-13 01:00:00+00:00,8847.164042586908
2026-07-13 02:00:00+00:00,8847.164042586908
2026-07-13 03:00:00+00:00,8847.164042586908
2026-07-13 04:00:00+00:00,8847.164042586908
2026-07-13 05:00:00+00:00,8847.164042586908
2026-07-13 06:00:00+00:00,8847.164042586908
2026-07-13 07:00:00+00:00,8847.164042586908
2026-07-13 08:00:00+00:00,8847.164042586908
2026-07-13 09:00:00+00:00,8847.164042586908
2026-07-13 10:00:00+00:00,8847.164042586908
2026-07-13 11:00:00+00:00,8847.164042586908
2026-07-13 12:00:00+00:00,8847.164042586908
2026-07-13 13:00:00+00:00,8847.164042586908
2026-07-13 14:00:00+00:00,8847.164042586908
2026-07-13 15:00:00+00:00,8847.164042586908
2026-07-13 16:00:00+00:00,8847.164042586908
2026-07-13 17:00:00+00:00,8847.164042586908
2026-07-13 18:00:00+00:00,8847.164042586908
2026-07-13 19:00:00+00:00,8847.164042586908
2026-07-13 20:00:00+00:00,8847.164042586908
2026-07-13 21:00:00+00:00,8847.164042586908
2026-07-13 22:00:00+00:00,8847.164042586908
2026-07-13 23:00:00+00:00,8847.164042586908
2026-07-14 00:00:00+00:00,8847.164042586908
2026-07-14 01:00:00+00:00,8847.164042586908
2026-07-14 02:00:00+00:00,8847.164042586908
2026-07-14 03:00:00+00:00,8847.164042586908
2026-07-14 04:00:00+00:00,8847.164042586908
2026-07-14 05:00:00+00:00,8847.164042586908
2026-07-14 06:00:00+00:00,8847.164042586908
2026-07-14 07:00:00+00:00,8847.164042586908
2026-07-14 08:00:00+00:00,8847.164042586908
2026-07-14 09:00:00+00:00,8847.164042586908
2026-07-14 10:00:00+00:00,8847.164042586908
2026-07-14 11:00:00+00:00,8847.164042586908
2026-07-14 12:00:00+00:00,8847.164042586908
2026-07-14 13:00:00+00:00,8847.164042586908
2026-07-14 14:00:00+00:00,8847.164042586908
2026-07-14 15:00:00+00:00,8847.164042586908
2026-07-14 16:00:00+00:00,8847.164042586908
2026-07-14 17:00:00+00:00,8847.164042586908
2026-07-14 18:00:00+00:00,8847.164042586908
2026-07-14 19:00:00+00:00,8847.164042586908
2026-07-14 20:00:00+00:00,8847.164042586908
2026-07-14 21:00:00+00:00,8847.164042586908
2026-07-14 22:00:00+00:00,8847.164042586908
2026-07-14 23:00:00+00:00,8847.164042586908
2026-07-15 00:00:00+00:00,8847.164042586908
2026-07-15 01:00:00+00:00,8847.164042586908
2026-07-15 02:00:00+00:00,8847.164042586908
2026-07-15 03:00:00+00:00,8847.164042586908
2026-07-15 04:00:00+00:00,8847.164042586908
2026-07-15 05:00:00+00:00,8847.164042586908
2026-07-15 06:00:00+00:00,8847.164042586908
2026-07-15 07:00:00+00:00,8847.164042586908
2026-07-15 08:00:00+00:00,8847.164042586908
2026-07-15 09:00:00+00:00,8847.164042586908
2026-07-15 10:00:00+00:00,8847.164042586908
2026-07-15 11:00:00+00:00,8847.164042586908
2026-07-15 12:00:00+00:00,8847.164042586908
2026-07-15 13:00:00+00:00,8847.164042586908
2026-07-15 14:00:00+00:00,8847.164042586908
2026-07-15 15:00:00+00:00,8847.164042586908
2026-07-15 16:00:00+00:00,8847.164042586908
2026-07-15 17:00:00+00:00,8847.164042586908
2026-07-15 18:00:00+00:00,8847.164042586908
2026-07-15 19:00:00+00:00,8847.164042586908
2026-07-15 20:00:00+00:00,8847.164042586908
2026-07-15 21:00:00+00:00,8847.164042586908
2026-07-15 22:00:00+00:00,8847.164042586908
2026-07-15 23:00:00+00:00,8847.164042586908
2026-07-16 00:00:00+00:00,8847.164042586908
2026-07-16 01:00:00+00:00,8847.164042586908
2026-07-16 02:00:00+00:00,8847.164042586908
2026-07-16 03:00:00+00:00,8847.164042586908
2026-07-16 04:00:00+00:00,8847.164042586908
2026-07-16 05:00:00+00:00,8847.164042586908
2026-07-16 06:00:00+00:00,8847.164042586908
2026-07-16 07:00:00+00:00,8847.164042586908
2026-07-16 08:00:00+00:00,8847.164042586908
2026-07-16 09:00:00+00:00,8847.164042586908
2026-07-16 10:00:00+00:00,8847.164042586908
2026-07-16 11:00:00+00:00,8847.164042586908
2026-07-16 12:00:00+00:00,8847.164042586908
2026-07-16 13:00:00+00:00,8847.164042586908
2026-07-16 14:00:00+00:00,8847.164042586908
2026-07-16 15:00:00+00:00,8847.164042586908
2026-07-16 16:00:00+00:00,8847.164042586908
2026-07-16 17:00:00+00:00,8847.164042586908
2026-07-16 18:00:00+00:00,8847.164042586908
2026-07-16 19:00:00+00:00,8847.164042586908
2026-07-16 20:00:00+00:00,8847.164042586908
2026-07-16 21:00:00+00:00,8847.164042586908
2026-07-16 22:00:00+00:00,8847.164042586908
2026-07-16 23:00:00+00:00,8847.164042586908
2026-07-17 00:00:00+00:00,8847.164042586908
2026-07-17 01:00:00+00:00,8847.164042586908
2026-07-17 02:00:00+00:00,8847.164042586908
2026-07-17 03:00:00+00:00,8847.164042586908
2026-07-17 04:00:00+00:00,8847.164042586908
2026-07-17 05:00:00+00:00,8847.164042586908
2026-07-17 06:00:00+00:00,8847.164042586908
2026-07-17 07:00:00+00:00,8847.164042586908
2026-07-17 08:00:00+00:00,8847.164042586908
2026-07-17 09:00:00+00:00,8847.164042586908
2026-07-17 10:00:00+00:00,8847.164042586908
2026-07-17 11:00:00+00:00,8847.164042586908
2026-07-17 12:00:00+00:00,8847.164042586908
2026-07-17 13:00:00+00:00,8847.164042586908
2026-07-17 14:00:00+00:00,8847.164042586908
2026-07-17 15:00:00+00:00,8847.164042586908
2026-07-17 16:00:00+00:00,8847.164042586908
2026-07-17 17:00:00+00:00,8847.164042586908
2026-07-17 18:00:00+00:00,8847.164042586908
2026-07-17 19:00:00+00:00,8847.164042586908
2026-07-17 20:00:00+00:00,8847.164042586908
2026-07-17 21:00:00+00:00,8847.164042586908
2026-07-17 22:00:00+00:00,8847.164042586908
2026-07-17 23:00:00+00:00,8847.164042586908
2026-07-18 00:00:00+00:00,8847.164042586908
2026-07-18 01:00:00+00:00,8847.164042586908
2026-07-18 02:00:00+00:00,8847.164042586908
2026-07-18 03:00:00+00:00,8847.164042586908
2026-07-18 04:00:00+00:00,8847.164042586908
2026-07-18 05:00:00+00:00,8847.164042586908
2026-07-18 06:00:00+00:00,8847.164042586908
2026-07-18 07:00:00+00:00,8847.164042586908
2026-07-18 08:00:00+00:00,8847.164042586908
2026-07-18 09:00:00+00:00,8847.164042586908
2026-07-18 10:00:00+00:00,8847.164042586908
2026-07-18 11:00:00+00:00,8847.164042586908
2026-07-18 12:00:00+00:00,8847.164042586908
2026-07-18 13:00:00+00:00,8847.164042586908
2026-07-18 14:00:00+00:00,8847.164042586908
2026-07-18 15:00:00+00:00,8847.164042586908
2026-07-18 16:00:00+00:00,8847.164042586908
2026-07-18 17:00:00+00:00,8847.164042586908
2026-07-18 18:00:00+00:00,8847.164042586908
2026-07-18 19:00:00+00:00,8847.164042586908
2026-07-18 20:00:00+00:00,8847.164042586908
2026-07-18 21:00:00+00:00,8847.164042586908
2026-07-18 22:00:00+00:00,8847.164042586908
2026-07-18 23:00:00+00:00,8847.164042586908
2026-07-19 00:00:00+00:00,8847.164042586908
2026-07-19 01:00:00+00:00,8847.164042586908
2026-07-19 02:00:00+00:00,8847.164042586908
2026-07-19 03:00:00+00:00,8847.164042586908
2026-07-19 04:00:00+00:00,8847.164042586908
2026-07-19 05:00:00+00:00,8847.164042586908
2026-07-19 06:00:00+00:00,8847.164042586908
2026-07-19 07:00:00+00:00,8847.164042586908
2026-07-19 08:00:00+00:00,8847.164042586908
2026-07-19 09:00:00+00:00,8847.164042586908
2026-07-19 10:00:00+00:00,8847.164042586908
2026-07-19 11:00:00+00:00,8847.164042586908
2026-07-19 12:00:00+00:00,8847.164042586908
2026-07-19 13:00:00+00:00,8847.164042586908
2026-07-19 14:00:00+00:00,8847.164042586908
2026-07-19 15:00:00+00:00,8847.164042586908
2026-07-19 16:00:00+00:00,8847.164042586908
2026-07-19 17:00:00+00:00,8847.164042586908
2026-07-19 18:00:00+00:00,8847.164042586908
2026-07-19 19:00:00+00:00,8847.164042586908
2026-07-19 20:00:00+00:00,8847.164042586908
2026-07-19 21:00:00+00:00,8847.164042586908
2026-07-19 22:00:00+00:00,8847.164042586908
2026-07-19 23:00:00+00:00,8847.164042586908
2026-07-20 00:00:00+00:00,8847.164042586908
2026-07-20 01:00:00+00:00,8847.164042586908
2026-07-20 02:00:00+00:00,8847.164042586908
2026-07-20 03:00:00+00:00,8847.164042586908
2026-07-20 04:00:00+00:00,8847.164042586908
2026-07-20 05:00:00+00:00,8847.164042586908
2026-07-20 06:00:00+00:00,8847.164042586908
2026-07-20 07:00:00+00:00,8847.164042586908
2026-07-20 08:00:00+00:00,8847.164042586908
2026-07-20 09:00:00+00:00,8847.164042586908
2026-07-20 10:00:00+00:00,8847.164042586908
2026-07-20 11:00:00+00:00,8847.164042586908
2026-07-20 12:00:00+00:00,8847.164042586908
2026-07-20 13:00:00+00:00,8847.164042586908
2026-07-20 14:00:00+00:00,8847.164042586908
2026-07-20 15:00:00+00:00,8847.164042586908
2026-07-20 16:00:00+00:00,8847.164042586908
2026-07-20 17:00:00+00:00,8847.164042586908
2026-07-20 18:00:00+00:00,8847.164042586908
2026-07-20 19:00:00+00:00,8847.164042586908
2026-07-20 20:00:00+00:00,8847.164042586908
2026-07-20 21:00:00+00:00,8847.164042586908
2026-07-20 22:00:00+00:00,8847.164042586908
2026-07-20 23:00:00+00:00,8847.164042586908
2026-07-21 00:00:00+00:00,8847.164042586908
2026-07-21 01:00:00+00:00,8847.164042586908
2026-07-21 02:00:00+00:00,8847.164042586908
2026-07-21 03:00:00+00:00,8847.164042586908
2026-07-21 04:00:00+00:00,8847.164042586908
2026-07-21 05:00:00+00:00,8847.164042586908
2026-07-21 06:00:00+00:00,8847.164042586908
2026-07-21 07:00:00+00:00,8847.164042586908
2026-07-21 08:00:00+00:00,8847.164042586908
2026-07-21 09:00:00+00:00,8847.164042586908
2026-07-21 10:00:00+00:00,8847.164042586908
2026-07-21 11:00:00+00:00,8847.164042586908
2026-07-21 12:00:00+00:00,8847.164042586908
2026-07-21 13:00:00+00:00,8847.164042586908
2026-07-21 14:00:00+00:00,8847.164042586908
2026-07-21 15:00:00+00:00,8847.164042586908
2026-07-21 16:00:00+00:00,8847.164042586908
2026-07-21 17:00:00+00:00,8847.164042586908
2026-07-21 18:00:00+00:00,8847.164042586908
2026-07-21 19:00:00+00:00,8847.164042586908
2026-07-21 20:00:00+00:00,8847.164042586908
2026-07-21 21:00:00+00:00,8847.164042586908
2026-07-21 22:00:00+00:00,8847.164042586908
2026-07-21 23:00:00+00:00,8847.164042586908
2026-07-22 00:00:00+00:00,8847.164042586908
2026-07-22 01:00:00+00:00,8847.164042586908
2026-07-22 02:00:00+00:00,8847.164042586908
2026-07-22 03:00:00+00:00,8847.164042586908
2026-07-22 04:00:00+00:00,8847.164042586908
2026-07-22 05:00:00+00:00,8847.164042586908
2026-07-22 06:00:00+00:00,8847.164042586908
2026-07-22 07:00:00+00:00,8847.164042586908
2026-07-22 08:00:00+00:00,8847.164042586908
2026-07-22 09:00:00+00:00,8847.164042586908
2026-07-22 10:00:00+00:00,8847.164042586908
2026-07-22 11:00:00+00:00,8847.164042586908
2026-07-22 12:00:00+00:00,8847.164042586908
2026-07-22 13:00:00+00:00,8847.164042586908
2026-07-22 14:00:00+00:00,8847.164042586908
2026-07-22 15:00:00+00:00,8847.164042586908
2026-07-22 16:00:00+00:00,8847.164042586908
2026-07-22 17:00:00+00:00,8847.164042586908
2026-07-22 18:00:00+00:00,8847.164042586908
2026-07-22 19:00:00+00:00,8847.164042586908
2026-07-22 20:00:00+00:00,8847.164042586908
2026-07-22 21:00:00+00:00,8847.164042586908
2026-07-22 22:00:00+00:00,8847.164042586908
2026-07-22 23:00:00+00:00,8847.164042586908
2026-07-23 00:00:00+00:00,8847.164042586908
2026-07-23 01:00:00+00:00,8847.164042586908
2026-07-23 02:00:00+00:00,8847.164042586908
2026-07-23 03:00:00+00:00,8847.164042586908
2026-07-23 04:00:00+00:00,8847.164042586908
2026-07-23 05:00:00+00:00,8847.164042586908
2026-07-23 06:00:00+00:00,8847.164042586908
2026-07-23 07:00:00+00:00,8847.164042586908
2026-07-23 08:00:00+00:00,8847.164042586908
2026-07-23 09:00:00+00:00,8847.164042586908
2026-07-23 10:00:00+00:00,8847.164042586908
2026-07-23 11:00:00+00:00,8847.164042586908
2026-07-23 12:00:00+00:00,8847.164042586908
2026-07-23 13:00:00+00:00,8847.164042586908
2026-07-23 14:00:00+00:00,8847.164042586908
2026-07-23 15:00:00+00:00,8847.164042586908
2026-07-23 16:00:00+00:00,8847.164042586908
2026-07-23 17:00:00+00:00,8847.164042586908
2026-07-23 18:00:00+00:00,8847.164042586908
2026-07-23 19:00:00+00:00,8847.164042586908
2026-07-23 20:00:00+00:00,8847.164042586908
2026-07-23 21:00:00+00:00,8847.164042586908
2026-07-23 22:00:00+00:00,8847.164042586908
2026-07-23 23:00:00+00:00,8847.164042586908
2026-07-24 00:00:00+00:00,8847.164042586908
2026-07-24 01:00:00+00:00,8847.164042586908
2026-07-24 02:00:00+00:00,8847.164042586908
2026-07-24 03:00:00+00:00,8847.164042586908
2026-07-24 04:00:00+00:00,8847.164042586908
2026-07-24 05:00:00+00:00,8847.164042586908
2026-07-24 06:00:00+00:00,8847.164042586908
2026-07-24 07:00:00+00:00,8847.164042586908
2026-07-24 08:00:00+00:00,8847.164042586908
2026-07-24 09:00:00+00:00,8847.164042586908
2026-07-24 10:00:00+00:00,8847.164042586908
2026-07-24 11:00:00+00:00,8847.164042586908
2026-07-24 12:00:00+00:00,8847.164042586908
2026-07-24 13:00:00+00:00,8847.164042586908
2026-07-24 14:00:00+00:00,8847.164042586908
2026-07-24 15:00:00+00:00,8847.164042586908
2026-07-24 16:00:00+00:00,8847.164042586908
2026-07-24 17:00:00+00:00,8847.164042586908
2026-07-24 18:00:00+00:00,8847.164042586908
2026-07-24 19:00:00+00:00,8847.164042586908
2026-07-24 20:00:00+00:00,8847.164042586908
2026-07-24 21:00:00+00:00,8847.164042586908
2026-07-24 22:00:00+00:00,8847.164042586908
2026-07-24 23:00:00+00:00,8847.164042586908
2026-07-25 00:00:00+00:00,8847.164042586908
2026-07-25 01:00:00+00:00,8847.164042586908
2026-07-25 02:00:00+00:00,8847.164042586908
2026-07-25 03:00:00+00:00,8847.164042586908
2026-07-25 04:00:00+00:00,8847.164042586908
2026-07-25 05:00:00+00:00,8847.164042586908
2026-07-25 06:00:00+00:00,8847.164042586908
2026-07-25 07:00:00+00:00,8847.164042586908
2026-07-25 08:00:00+00:00,8847.164042586908
2026-07-25 09:00:00+00:00,8847.164042586908
2026-07-25 10:00:00+00:00,8847.164042586908
2026-07-25 11:00:00+00:00,8847.164042586908
2026-07-25 12:00:00+00:00,8847.164042586908
2026-07-25 13:00:00+00:00,8847.164042586908
2026-07-25 14:00:00+00:00,8847.164042586908
2026-07-25 15:00:00+00:00,8847.164042586908
2026-07-25 16:00:00+00:00,8847.164042586908
2026-07-25 17:00:00+00:00,8847.164042586908
2026-07-25 18:00:00+00:00,8847.164042586908
2026-07-25 19:00:00+00:00,8847.164042586908
2026-07-25 20:00:00+00:00,8847.164042586908
2026-07-25 21:00:00+00:00,8847.164042586908
2026-07-25 22:00:00+00:00,8847.164042586908
2026-07-25 23:00:00+00:00,8847.164042586908
2026-07-26 00:00:00+00:00,8847.164042586908
2026-07-26 01:00:00+00:00,8847.164042586908
2026-07-26 02:00:00+00:00,8847.164042586908
2026-07-26 03:00:00+00:00,8847.164042586908
2026-07-26 04:00:00+00:00,8847.164042586908
2026-07-26 05:00:00+00:00,8847.164042586908
2026-07-26 06:00:00+00:00,8847.164042586908
2026-07-26 07:00:00+00:00,8847.164042586908
2026-07-26 08:00:00+00:00,8847.164042586908
2026-07-26 09:00:00+00:00,8847.164042586908
2026-07-26 10:00:00+00:00,8847.164042586908
2026-07-26 11:00:00+00:00,8847.164042586908
2026-07-26 12:00:00+00:00,8847.164042586908
2026-07-26 13:00:00+00:00,8847.164042586908
2026-07-26 14:00:00+00:00,8847.164042586908
2026-07-26 15:00:00+00:00,8847.164042586908
2026-07-26 16:00:00+00:00,8847.164042586908
2026-07-26 17:00:00+00:00,8847.164042586908
2026-07-26 18:00:00+00:00,8847.164042586908
2026-07-26 19:00:00+00:00,8847.164042586908
2026-07-26 20:00:00+00:00,8847.164042586908
2026-07-26 21:00:00+00:00,8847.164042586908
2026-07-26 22:00:00+00:00,8847.164042586908
2026-07-26 23:00:00+00:00,8847.164042586908
2026-07-27 00:00:00+00:00,8847.164042586908
2026-07-27 01:00:00+00:00,8847.164042586908
2026-07-27 02:00:00+00:00,8847.164042586908
2026-07-27 03:00:00+00:00,8847.164042586908
2026-07-27 04:00:00+00:00,8847.164042586908
2026-07-27 05:00:00+00:00,8847.164042586908
2026-07-27 06:00:00+00:00,8847.164042586908
2026-07-27 07:00:00+00:00,8847.164042586908
2026-07-27 08:00:00+00:00,8847.164042586908
2026-07-27 09:00:00+00:00,8847.164042586908
2026-07-27 10:00:00+00:00,8847.164042586908
2026-07-27 11:00:00+00:00,8847.164042586908
2026-07-27 12:00:00+00:00,8847.164042586908
2026-07-27 13:00:00+00:00,8847.164042586908
2026-07-27 14:00:00+00:00,8847.164042586908
2026-07-27 15:00:00+00:00,8847.164042586908
2026-07-27 16:00:00+00:00,8847.164042586908
2026-07-27 17:00:00+00:00,8847.164042586908
2026-07-27 18:00:00+00:00,8847.164042586908
2026-07-27 19:00:00+00:00,8847.164042586908
2026-07-27 20:00:00+00:00,8847.164042586908
2026-07-27 21:00:00+00:00,8847.164042586908
2026-07-27 22:00:00+00:00,8847.164042586908
2026-07-27 23:00:00+00:00,8847.164042586908
2026-07-28 00:00:00+00:00,8847.164042586908
2026-07-28 01:00:00+00:00,8847.164042586908
2026-07-28 02:00:00+00:00,8847.164042586908
2026-07-28 03:00:00+00:00,8847.164042586908
2026-07-28 04:00:00+00:00,8847.164042586908
2026-07-28 05:00:00+00:00,8847.164042586908
2026-07-28 06:00:00+00:00,8847.164042586908
2026-07-28 07:00:00+00:00,8847.164042586908
2026-07-28 08:00:00+00:00,8847.164042586908
2026-07-28 09:00:00+00:00,8847.164042586908
2026-07-28 10:00:00+00:00,8847.164042586908
2026-07-28 11:00:00+00:00,8847.164042586908
2026-07-28 12:00:00+00:00,8847.164042586908
2026-07-28 13:00:00+00:00,8847.164042586908
2026-07-28 14:00:00+00:00,8847.164042586908
2026-07-28 15:00:00+00:00,8847.164042586908
2026-07-28 16:00:00+00:00,8847.164042586908
2026-07-28 17:00:00+00:00,8847.164042586908
2026-07-28 18:00:00+00:00,8847.164042586908
2026-07-28 19:00:00+00:00,8847.164042586908
2026-07-28 20:00:00+00:00,8847.164042586908
2026-07-28 21:00:00+00:00,8847.164042586908
2026-07-28 22:00:00+00:00,8847.164042586908
2026-07-28 23:00:00+00:00,8847.164042586908
2026-07-29 00:00:00+00:00,8847.164042586908
2026-07-29 01:00:00+00:00,8847.164042586908
2026-07-29 02:00:00+00:00,8847.164042586908
2026-07-29 03:00:00+00:00,8847.164042586908
2026-07-29 04:00:00+00:00,8847.164042586908
2026-07-29 05:00:00+00:00,8847.164042586908
2026-07-29 06:00:00+00:00,8847.164042586908
2026-07-29 07:00:00+00:00,8847.164042586908
2026-07-29 08:00:00+00:00,8847.164042586908
2026-07-29 09:00:00+00:00,8847.164042586908
2026-07-29 10:00:00+00:00,8847.164042586908
2026-07-29 11:00:00+00:00,8847.164042586908
2026-07-29 12:00:00+00:00,8847.164042586908
2026-07-29 13:00:00+00:00,8847.164042586908
2026-07-29 14:00:00+00:00,8847.164042586908
2026-07-29 15:00:00+00:00,8847.164042586908
2026-07-29 16:00:00+00:00,8847.164042586908
2026-07-29 17:00:00+00:00,8847.164042586908
2026-07-29 18:00:00+00:00,8847.164042586908
2026-07-29 19:00:00+00:00,8847.164042586908
2026-07-29 20:00:00+00:00,8847.164042586908
2026-07-29 21:00:00+00:00,8847.164042586908
2026-07-29 22:00:00+00:00,8847.164042586908
2026-07-29 23:00:00+00:00,8847.164042586908
2026-07-30 00:00:00+00:00,8847.164042586908
2026-07-30 01:00:00+00:00,8847.164042586908
2026-07-30 02:00:00+00:00,8847.164042586908
2026-07-30 03:00:00+00:00,8847.164042586908
2026-07-30 04:00:00+00:00,8847.164042586908
2026-07-30 05:00:00+00:00,8847.164042586908
2026-07-30 06:00:00+00:00,8847.164042586908
2026-07-30 07:00:00+00:00,8847.164042586908
2026-07-30 08:00:00+00:00,8847.164042586908
2026-07-30 09:00:00+00:00,8847.164042586908
2026-07-30 10:00:00+00:00,8847.164042586908
2026-07-30 11:00:00+00:00,8847.164042586908
2026-07-30 12:00:00+00:00,8847.164042586908
2026-07-30 13:00:00+00:00,8847.164042586908
2026-07-30 14:00:00+00:00,8847.164042586908
2026-07-30 15:00:00+00:00,8847.164042586908
2026-07-30 16:00:00+00:00,8847.164042586908
2026-07-30 17:00:00+00:00,8847.164042586908
2026-07-30 18:00:00+00:00,8847.164042586908
2026-07-30 19:00:00+00:00,8847.164042586908
2026-07-30 20:00:00+00:00,8847.164042586908
2026-07-30 21:00:00+00:00,8847.164042586908
2026-07-30 22:00:00+00:00,8847.164042586908
2026-07-30 23:00:00+00:00,8847.164042586908
2026-07-31 00:00:00+00:00,8847.164042586908
2026-07-31 01:00:00+00:00,8847.164042586908
2026-07-31 02:00:00+00:00,8847.164042586908
2026-07-31 03:00:00+00:00,8847.164042586908
2026-07-31 04:00:00+00:00,8847.164042586908
2026-07-31 05:00:00+00:00,8847.164042586908
2026-07-31 06:00:00+00:00,8847.164042586908
2026-07-31 07:00:00+00:00,8847.164042586908
2026-07-31 08:00:00+00:00,8847.164042586908
2026-07-31 09:00:00+00:00,8847.164042586908
2026-07-31 10:00:00+00:00,8847.164042586908
2026-07-31 11:00:00+00:00,8847.164042586908
2026-07-31 12:00:00+00:00,8847.164042586908
2026-07-31 13:00:00+00:00,8847.164042586908
2026-07-31 14:00:00+00:00,8847.164042586908
2026-07-31 15:00:00+00:00,8847.164042586908
2026-07-31 16:00:00+00:00,8847.164042586908
2026-07-31 17:00:00+00:00,8847.164042586908
2026-07-31 18:00:00+00:00,8847.164042586908
2026-07-31 19:00:00+00:00,8847.164042586908
2026-07-31 20:00:00+00:00,8847.164042586908
2026-07-31 21:00:00+00:00,8847.164042586908
2026-07-31 22:00:00+00:00,8847.164042586908
2026-07-31 23:00:00+00:00,8847.164042586908
2026-08-01 00:00:00+00:00,8847.164042586908
2026-08-01 01:00:00+00:00,8847.164042586908
2026-08-01 02:00:00+00:00,8847.164042586908
2026-08-01 03:00:00+00:00,8847.164042586908
2026-08-01 04:00:00+00:00,8847.164042586908
2026-08-01 05:00:00+00:00,8847.164042586908
2026-08-01 06:00:00+00:00,8847.164042586908
2026-08-01 07:00:00+00:00,8847.164042586908
2026-08-01 08:00:00+00:00,8847.164042586908
2026-08-01 09:00:00+00:00,8847.164042586908
2026-08-01 10:00:00+00:00,8847.164042586908
2026-08-01 11:00:00+00:00,8847.164042586908
2026-08-01 12:00:00+00:00,8847.164042586908
2026-08-01 13:00:00+00:00,8847.164042586908
2026-08-01 14:00:00+00:00,8847.164042586908
2026-08-01 15:00:00+00:00,8847.164042586908
2026-08-01 16:00:00+00:00,8847.164042586908
2026-08-01 17:00:00+00:00,8847.164042586908
2026-08-01 18:00:00+00:00,8847.164042586908
2026-08-01 19:00:00+00:00,8847.164042586908
2026-08-01 20:00:00+00:00,8847.164042586908
2026-08-01 21:00:00+00:00,8847.164042586908
2026-08-01 22:00:00+00:00,8847.164042586908
2026-08-01 23:00:00+00:00,8847.164042586908
2026-08-02 00:00:00+00:00,8847.164042586908
2026-08-02 01:00:00+00:00,8847.164042586908
2026-08-02 02:00:00+00:00,8847.164042586908
2026-08-02 03:00:00+00:00,8847.164042586908
2026-08-02 04:00:00+00:00,8847.164042586908
2026-08-02 05:00:00+00:00,8847.164042586908
2026-08-02 06:00:00+00:00,8847.164042586908
2026-08-02 07:00:00+00:00,8847.164042586908
2026-08-02 08:00:00+00:00,8847.164042586908
2026-08-02 09:00:00+00:00,8847.164042586908
2026-08-02 10:00:00+00:00,8847.164042586908
2026-08-02 11:00:00+00:00,8847.164042586908
2026-08-02 12:00:00+00:00,8847.164042586908
2026-08-02 13:00:00+00:00,8847.164042586908
2026-08-02 14:00:00+00:00,8847.164042586908
2026-08-02 15:00:00+00:00,8847.164042586908
2026-08-02 16:00:00+00:00,8847.164042586908
2026-08-02 17:00:00+00:00,8847.164042586908
2026-08-02 18:00:00+00:00,8847.164042586908
2026-08-02 19:00:00+00:00,8847.164042586908
2026-08-02 20:00:00+00:00,8847.164042586908
2026-08-02 21:00:00+00:00,8847.164042586908
2026-08-02 22:00:00+00:00,8847.164042586908
2026-08-02 23:00:00+00:00,8847.164042586908
2026-08-03 00:00:00+00:00,8847.164042586908
2026-08-03 01:00:00+00:00,8847.164042586908
2026-08-03 02:00:00+00:00,8847.164042586908
2026-08-03 03:00:00+00:00,8847.164042586908
2026-08-03 04:00:00+00:00,8847.164042586908
2026-08-03 05:00:00+00:00,8847.164042586908
2026-08-03 06:00:00+00:00,8847.164042586908
2026-08-03 07:00:00+00:00,8847.164042586908
2026-08-03 08:00:00+00:00,8847.164042586908
2026-08-03 09:00:00+00:00,8847.164042586908
2026-08-03 10:00:00+00:00,8847.164042586908
2026-08-03 11:00:00+00:00,8847.164042586908
2026-08-03 12:00:00+00:00,8847.164042586908
2026-08-03 13:00:00+00:00,8847.164042586908
2026-08-03 14:00:00+00:00,8847.164042586908
2026-08-03 15:00:00+00:00,8847.164042586908
2026-08-03 16:00:00+00:00,8847.164042586908
2026-08-03 17:00:00+00:00,8847.164042586908
2026-08-03 18:00:00+00:00,8847.164042586908
2026-08-03 19:00:00+00:00,8847.164042586908
2026-08-03 20:00:00+00:00,8847.164042586908
2026-08-03 21:00:00+00:00,8847.164042586908
2026-08-03 22:00:00+00:00,8847.164042586908
2026-08-03 23:00:00+00:00,8847.164042586908
2026-08-04 00:00:00+00:00,8847.164042586908
2026-08-04 01:00:00+00:00,8847.164042586908
2026-08-04 02:00:00+00:00,8847.164042586908
2026-08-04 03:00:00+00:00,8847.164042586908
2026-08-04 04:00:00+00:00,8847.164042586908
2026-08-04 05:00:00+00:00,8847.164042586908
2026-08-04 06:00:00+00:00,8847.164042586908
2026-08-04 07:00:00+00:00,8847.164042586908
2026-08-04 08:00:00+00:00,8847.164042586908
2026-08-04 09:00:00+00:00,8847.164042586908
2026-08-04 10:00:00+00:00,8847.164042586908
2026-08-04 11:00:00+00:00,8847.164042586908
2026-08-04 12:00:00+00:00,8847.164042586908
2026-08-04 13:00:00+00:00,8847.164042586908
2026-08-04 14:00:00+00:00,8847.164042586908
2026-08-04 15:00:00+00:00,8847.164042586908
2026-08-04 16:00:00+00:00,8847.164042586908
2026-08-04 17:00:00+00:00,8847.164042586908
2026-08-04 18:00:00+00:00,8847.164042586908
2026-08-04 19:00:00+00:00,8847.164042586908
2026-08-04 20:00:00+00:00,8847.164042586908
2026-08-04 21:00:00+00:00,8847.164042586908
2026-08-04 22:00:00+00:00,8847.164042586908
2026-08-04 23:00:00+00:00,8847.164042586908
2026-08-05 00:00:00+00:00,8847.164042586908
2026-08-05 01:00:00+00:00,8847.164042586908
2026-08-05 02:00:00+00:00,8847.164042586908
2026-08-05 03:00:00+00:00,8847.164042586908
2026-08-05 04:00:00+00:00,8847.164042586908
2026-08-05 05:00:00+00:00,8847.164042586908
2026-08-05 06:00:00+00:00,8847.164042586908
2026-08-05 07:00:00+00:00,8847.164042586908
2026-08-05 08:00:00+00:00,8847.164042586908
2026-08-05 09:00:00+00:00,8847.164042586908
2026-08-05 10:00:00+00:00,8847.164042586908
2026-08-05 11:00:00+00:00,8847.164042586908
2026-08-05 12:00:00+00:00,8847.164042586908
2026-08-05 13:00:00+00:00,8847.164042586908
2026-08-05 14:00:00+00:00,8847.164042586908
2026-08-05 15:00:00+00:00,8847.164042586908
2026-08-05 16:00:00+00:00,8847.164042586908
2026-08-05 17:00:00+00:00,8847.164042586908
2026-08-05 18:00:00+00:00,8847.164042586908
2026-08-05 19:00:00+00:00,8847.164042586908
2026-08-05 20:00:00+00:00,8847.164042586908
2026-08-05 21:00:00+00:00,8847.164042586908
2026-08-05 22:00:00+00:00,8847.164042586908
2026-08-05 23:00:00+00:00,8847.164042586908
2026-08-06 00:00:00+00:00,8847.164042586908
2026-08-06 01:00:00+00:00,8847.164042586908
2026-08-06 02:00:00+00:00,8847.164042586908
2026-08-06 03:00:00+00:00,8847.164042586908
2026-08-06 04:00:00+00:00,8847.164042586908
2026-08-06 05:00:00+00:00,8847.164042586908
2026-08-06 06:00:00+00:00,8847.164042586908
2026-08-06 07:00:00+00:00,8847.164042586908
2026-08-06 08:00:00+00:00,8847.164042586908
2026-08-06 09:00:00+00:00,8847.164042586908
2026-08-06 10:00:00+00:00,8847.164042586908
2026-08-06 11:00:00+00:00,8847.164042586908
2026-08-06 12:00:00+00:00,8847.164042586908
2026-08-06 13:00:00+00:00,8847.164042586908
2026-08-06 14:00:00+00:00,8847.164042586908
2026-08-06 15:00:00+00:00,8847.164042586908
2026-08-06 16:00:00+00:00,8847.164042586908
2026-08-06 17:00:00+00:00,8847.164042586908
2026-08-06 18:00:00+00:00,8847.164042586908
2026-08-06 19:00:00+00:00,8847.164042586908
2026-08-06 20:00:00+00:00,8847.164042586908
2026-08-06 21:00:00+00:00,8847.164042586908
2026-08-06 22:00:00+00:00,8847.164042586908
2026-08-06 23:00:00+00:00,8847.164042586908
2026-08-07 00:00:00+00:00,8847.164042586908
2026-08-07 01:00:00+00:00,8847.164042586908
2026-08-07 02:00:00+00:00,8847.164042586908
2026-08-07 03:00:00+00:00,8847.164042586908
2026-08-07 04:00:00+00:00,8847.164042586908
2026-08-07 05:00:00+00:00,8847.164042586908
2026-08-07 06:00:00+00:00,8847.164042586908
2026-08-07 07:00:00+00:00,8847.164042586908
2026-08-07 08:00:00+00:00,8847.164042586908
2026-08-07 09:00:00+00:00,8847.164042586908
2026-08-07 10:00:00+00:00,8847.164042586908
2026-08-07 11:00:00+00:00,8847.164042586908
2026-08-07 12:00:00+00:00,8847.164042586908
2026-08-07 13:00:00+00:00,8847.164042586908
2026-08-07 14:00:00+00:00,8847.164042586908
2026-08-07 15:00:00+00:00,8847.164042586908
2026-08-07 16:00:00+00:00,8847.164042586908
2026-08-07 17:00:00+00:00,8847.164042586908
2026-08-07 18:00:00+00:00,8847.164042586908
2026-08-07 19:00:00+00:00,8847.164042586908
2026-08-07 20:00:00+00:00,8847.164042586908
2026-08-07 21:00:00+00:00,8847.164042586908
2026-08-07 22:00:00+00:00,8847.164042586908
2026-08-07 23:00:00+00:00,8847.164042586908
2026-08-08 00:00:00+00:00,8847.164042586908
2026-08-08 01:00:00+00:00,8847.164042586908
2026-08-08 02:00:00+00:00,8847.164042586908
2026-08-08 03:00:00+00:00,8847.164042586908
2026-08-08 04:00:00+00:00,8847.164042586908
2026-08-08 05:00:00+00:00,8847.164042586908
2026-08-08 06:00:00+00:00,8847.164042586908
2026-08-08 07:00:00+00:00,8847.164042586908
2026-08-08 08:00:00+00:00,8847.164042586908
2026-08-08 09:00:00+00:00,8847.164042586908
2026-08-08 10:00:00+00:00,8847.164042586908
2026-08-08 11:00:00+00:00,8847.164042586908
2026-08-08 12:00:00+00:00,8847.164042586908
2026-08-08 13:00:00+00:00,8847.164042586908
2026-08-08 14:00:00+00:00,8847.164042586908
2026-08-08 15:00:00+00:00,8847.164042586908
2026-08-08 16:00:00+00:00,8847.164042586908
2026-08-08 17:00:00+00:00,8847.164042586908
2026-08-08 18:00:00+00:00,8847.164042586908
2026-08-08 19:00:00+00:00,8847.164042586908
2026-08-08 20:00:00+00:00,8847.164042586908
2026-08-08 21:00:00+00:00,8847.164042586908
2026-08-08 22:00:00+00:00,8847.164042586908
2026-08-08 23:00:00+00:00,8847.164042586908
2026-08-09 00:00:00+00:00,8847.164042586908
2026-08-09 01:00:00+00:00,8847.164042586908
2026-08-09 02:00:00+00:00,8847.164042586908
2026-08-09 03:00:00+00:00,8847.164042586908
2026-08-09 04:00:00+00:00,8847.164042586908
2026-08-09 05:00:00+00:00,8847.164042586908
2026-08-09 06:00:00+00:00,8847.164042586908
2026-08-09 07:00:00+00:00,8847.164042586908
2026-08-09 08:00:00+00:00,8847.164042586908
2026-08-09 09:00:00+00:00,8847.164042586908
2026-08-09 10:00:00+00:00,8847.164042586908
2026-08-09 11:00:00+00:00,8847.164042586908
2026-08-09 12:00:00+00:00,8847.164042586908
2026-08-09 13:00:00+00:00,8847.164042586908
2026-08-09 14:00:00+00:00,8847.164042586908
2026-08-09 15:00:00+00:00,8847.164042586908
2026-08-09 16:00:00+00:00,8847.164042586908
2026-08-09 17:00:00+00:00,8847.164042586908
2026-08-09 18:00:00+00:00,8847.164042586908
2026-08-09 19:00:00+00:00,8847.164042586908
2026-08-09 20:00:00+00:00,8847.164042586908
2026-08-09 21:00:00+00:00,8847.164042586908
2026-08-09 22:00:00+00:00,8847.164042586908
2026-08-09 23:00:00+00:00,8847.164042586908
2026-08-10 00:00:00+00:00,8847.164042586908
2026-08-10 01:00:00+00:00,8847.164042586908
2026-08-10 02:00:00+00:00,8847.164042586908
2026-08-10 03:00:00+00:00,8847.164042586908
2026-08-10 04:00:00+00:00,8847.164042586908
2026-08-10 05:00:00+00:00,8847.164042586908
2026-08-10 06:00:00+00:00,8847.164042586908
2026-08-10 07:00:00+00:00,8847.164042586908
2026-08-10 08:00:00+00:00,8847.164042586908
2026-08-10 09:00:00+00:00,8847.164042586908
2026-08-10 10:00:00+00:00,8847.164042586908
2026-08-10 11:00:00+00:00,8847.164042586908
2026-08-10 12:00:00+00:00,8847.164042586908
2026-08-10 13:00:00+00:00,8847.164042586908
2026-08-10 14:00:00+00:00,8847.164042586908
2026-08-10 15:00:00+00:00,8847.164042586908
2026-08-10 16:00:00+00:00,8847.164042586908
2026-08-10 17:00:00+00:00,8847.164042586908
2026-08-10 18:00:00+00:00,8847.164042586908
2026-08-10 19:00:00+00:00,8847.164042586908
2026-08-10 20:00:00+00:00,8847.164042586908
2026-08-10 21:00:00+00:00,8847.164042586908
2026-08-10 22:00:00+00:00,8847.164042586908
2026-08-10 23:00:00+00:00,8847.164042586908
2026-08-11 00:00:00+00:00,8847.164042586908
2026-08-11 01:00:00+00:00,8847.164042586908
2026-08-11 02:00:00+00:00,8847.164042586908
2026-08-11 03:00:00+00:00,8847.164042586908
2026-08-11 04:00:00+00:00,8847.164042586908
2026-08-11 05:00:00+00:00,8847.164042586908
2026-08-11 06:00:00+00:00,8847.164042586908
2026-08-11 07:00:00+00:00,8847.164042586908
2026-08-11 08:00:00+00:00,8847.164042586908
2026-08-11 09:00:00+00:00,8847.164042586908
2026-08-11 10:00:00+00:00,8847.164042586908
2026-08-11 11:00:00+00:00,8847.164042586908
2026-08-11 12:00:00+00:00,8847.164042586908
2026-08-11 13:00:00+00:00,8847.164042586908
2026-08-11 14:00:00+00:00,8847.164042586908
2026-08-11 15:00:00+00:00,8847.164042586908
2026-08-11 16:00:00+00:00,8847.164042586908
2026-08-11 17:00:00+00:00,8847.164042586908
2026-08-11 18:00:00+00:00,8847.164042586908
2026-08-11 19:00:00+00:00,8847.164042586908
2026-08-11 20:00:00+00:00,8847.164042586908
2026-08-11 21:00:00+00:00,8847.164042586908
2026-08-11 22:00:00+00:00,8847.164042586908
2026-08-11 23:00:00+00:00,8847.164042586908
2026-08-12 00:00:00+00:00,8847.164042586908
2026-08-12 01:00:00+00:00,8847.164042586908
2026-08-12 02:00:00+00:00,8847.164042586908
2026-08-12 03:00:00+00:00,8847.164042586908
2026-08-12 04:00:00+00:00,8847.164042586908
2026-08-12 05:00:00+00:00,8847.164042586908
2026-08-12 06:00:00+00:00,8847.164042586908
2026-08-12 07:00:00+00:00,8847.164042586908
2026-08-12 08:00:00+00:00,8847.164042586908
2026-08-12 09:00:00+00:00,8847.164042586908
2026-08-12 10:00:00+00:00,8847.164042586908
2026-08-12 11:00:00+00:00,8847.164042586908
2026-08-12 12:00:00+00:00,8847.164042586908
2026-08-12 13:00:00+00:00,8847.164042586908
2026-08-12 14:00:00+00:00,8847.164042586908
2026-08-12 15:00:00+00:00,8847.164042586908
2026-08-12 16:00:00+00:00,8847.164042586908
2026-08-12 17:00:00+00:00,8847.164042586908
2026-08-12 18:00:00+00:00,8847.164042586908
2026-08-12 19:00:00+00:00,8847.164042586908
2026-08-12 20:00:00+00:00,8847.164042586908
2026-08-12 21:00:00+00:00,8847.164042586908
2026-08-12 22:00:00+00:00,8847.164042586908
2026-08-12 23:00:00+00:00,8847.164042586908
2026-08-13 00:00:00+00:00,8847.164042586908
2026-08-13 01:00:00+00:00,8847.164042586908
2026-08-13 02:00:00+00:00,8847.164042586908
2026-08-13 03:00:00+00:00,8847.164042586908
2026-08-13 04:00:00+00:00,8847.164042586908
2026-08-13 05:00:00+00:00,8847.164042586908
2026-08-13 06:00:00+00:00,8847.164042586908
2026-08-13 07:00:00+00:00,8847.164042586908
2026-08-13 08:00:00+00:00,8847.164042586908
2026-08-13 09:00:00+00:00,8847.164042586908
2026-08-13 10:00:00+00:00,8847.164042586908
2026-08-13 11:00:00+00:00,8847.164042586908
2026-08-13 12:00:00+00:00,8847.164042586908
2026-08-13 13:00:00+00:00,8847.164042586908
2026-08-13 14:00:00+00:00,8847.164042586908
2026-08-13 15:00:00+00:00,8847.164042586908
2026-08-13 16:00:00+00:00,8847.164042586908
2026-08-13 17:00:00+00:00,8847.164042586908
2026-08-13 18:00:00+00:00,8847.164042586908
2026-08-13 19:00:00+00:00,8847.164042586908
2026-08-13 20:00:00+00:00,8847.164042586908
2026-08-13 21:00:00+00:00,8847.164042586908
2026-08-13 22:00:00+00:00,8847.164042586908
2026-08-13 23:00:00+00:00,8847.164042586908
2026-08-14 00:00:00+00:00,8847.164042586908
2026-08-14 01:00:00+00:00,8847.164042586908
2026-08-14 02:00:00+00:00,8847.164042586908
2026-08-14 03:00:00+00:00,8847.164042586908
2026-08-14 04:00:00+00:00,8847.164042586908
2026-08-14 05:00:00+00:00,8847.164042586908
2026-08-14 06:00:00+00:00,8847.164042586908
2026-08-14 07:00:00+00:00,8847.164042586908
2026-08-14 08:00:00+00:00,8847.164042586908
2026-08-14 09:00:00+00:00,8847.164042586908
2026-08-14 10:00:00+00:00,8847.164042586908
2026-08-14 11:00:00+00:00,8847.164042586908
2026-08-14 12:00:00+00:00,8847.164042586908
2026-08-14 13:00:00+00:00,8847.164042586908
2026-08-14 14:00:00+00:00,8847.164042586908
2026-08-14 15:00:00+00:00,8847.164042586908
2026-08-14 16:00:00+00:00,8847.164042586908
2026-08-14 17:00:00+00:00,8847.164042586908
2026-08-14 18:00:00+00:00,8847.164042586908
2026-08-14 19:00:00+00:00,8847.164042586908
2026-08-14 20:00:00+00:00,8847.164042586908
2026-08-14 21:00:00+00:00,8847.164042586908
2026-08-14 22:00:00+00:00,8847.164042586908
2026-08-14 23:00:00+00:00,8847.164042586908
2026-08-15 00:00:00+00:00,8847.164042586908
2026-08-15 01:00:00+00:00,8847.164042586908
2026-08-15 02:00:00+00:00,8847.164042586908
2026-08-15 03:00:00+00:00,8847.164042586908
2026-08-15 04:00:00+00:00,8847.164042586908
2026-08-15 05:00:00+00:00,8847.164042586908
2026-08-15 06:00:00+00:00,8847.164042586908
2026-08-15 07:00:00+00:00,8847.164042586908
2026-08-15 08:00:00+00:00,8847.164042586908
2026-08-15 09:00:00+00:00,8847.164042586908
2026-08-15 10:00:00+00:00,8847.164042586908
2026-08-15 11:00:00+00:00,8847.164042586908
2026-08-15 12:00:00+00:00,8847.164042586908
2026-08-15 13:00:00+00:00,8847.164042586908
2026-08-15 14:00:00+00:00,8847.164042586908
2026-08-15 15:00:00+00:00,8847.164042586908
2026-08-15 16:00:00+00:00,8847.164042586908
2026-08-15 17:00:00+00:00,8847.164042586908
2026-08-15 18:00:00+00:00,8847.164042586908
2026-08-15 19:00:00+00:00,8847.164042586908
2026-08-15 20:00:00+00:00,8847.164042586908
2026-08-15 21:00:00+00:00,8847.164042586908
2026-08-15 22:00:00+00:00,8847.164042586908
2026-08-15 23:00:00+00:00,8847.164042586908
2026-08-16 00:00:00+00:00,8847.164042586908
2026-08-16 01:00:00+00:00,8847.164042586908
2026-08-16 02:00:00+00:00,8847.164042586908
2026-08-16 03:00:00+00:00,8847.164042586908
2026-08-16 04:00:00+00:00,8847.164042586908
2026-08-16 05:00:00+00:00,8847.164042586908
2026-08-16 06:00:00+00:00,8847.164042586908
2026-08-16 07:00:00+00:00,8847.164042586908
2026-08-16 08:00:00+00:00,8847.164042586908
2026-08-16 09:00:00+00:00,8847.164042586908
2026-08-16 10:00:00+00:00,8847.164042586908
2026-08-16 11:00:00+00:00,8847.164042586908
2026-08-16 12:00:00+00:00,8847.164042586908
2026-08-16 13:00:00+00:00,8847.164042586908
2026-08-16 14:00:00+00:00,8847.164042586908
2026-08-16 15:00:00+00:00,8847.164042586908
2026-08-16 16:00:00+00:00,8847.164042586908
2026-08-16 17:00:00+00:00,8847.164042586908
2026-08-16 18:00:00+00:00,8847.164042586908
2026-08-16 19:00:00+00:00,8847.164042586908
2026-08-16 20:00:00+00:00,8847.164042586908
2026-08-16 21:00:00+00:00,8847.164042586908
2026-08-16 22:00:00+00:00,8847.164042586908
2026-08-16 23:00:00+00:00,8847.164042586908
2026-08-17 00:00:00+00:00,8847.164042586908
2026-08-17 01:00:00+00:00,8847.164042586908
2026-08-17 02:00:00+00:00,8847.164042586908
2026-08-17 03:00:00+00:00,8847.164042586908
2026-08-17 04:00:00+00:00,8847.164042586908
2026-08-17 05:00:00+00:00,8847.164042586908
2026-08-17 06:00:00+00:00,8847.164042586908
2026-08-17 07:00:00+00:00,8847.164042586908
2026-08-17 08:00:00+00:00,8847.164042586908
2026-08-17 09:00:00+00:00,8847.164042586908
2026-08-17 10:00:00+00:00,8847.164042586908
2026-08-17 11:00:00+00:00,8847.164042586908
2026-08-17 12:00:00+00:00,8847.164042586908
2026-08-17 13:00:00+00:00,8847.164042586908
2026-08-17 14:00:00+00:00,8847.164042586908
2026-08-17 15:00:00+00:00,8847.164042586908
2026-08-17 16:00:00+00:00,8847.164042586908
2026-08-17 17:00:00+00:00,8847.164042586908
2026-08-17 18:00:00+00:00,8847.164042586908
2026-08-17 19:00:00+00:00,8847.164042586908
2026-08-17 20:00:00+00:00,8847.164042586908
2026-08-17 21:00:00+00:00,8847.164042586908
2026-08-17 22:00:00+00:00,8847.164042586908
2026-08-17 23:00:00+00:00,8847.164042586908
2026-08-18 00:00:00+00:00,8847.164042586908
2026-08-18 01:00:00+00:00,8847.164042586908
2026-08-18 02:00:00+00:00,8847.164042586908
2026-08-18 03:00:00+00:00,8847.164042586908
2026-08-18 04:00:00+00:00,8847.164042586908
2026-08-18 05:00:00+00:00,8847.164042586908
2026-08-18 06:00:00+00:00,8847.164042586908
2026-08-18 07:00:00+00:00,8847.164042586908
2026-08-18 08:00:00+00:00,8847.164042586908
2026-08-18 09:00:00+00:00,8847.164042586908
2026-08-18 10:00:00+00:00,8847.164042586908
2026-08-18 11:00:00+00:00,8847.164042586908
2026-08-18 12:00:00+00:00,8847.164042586908
2026-08-18 13:00:00+00:00,8847.164042586908
2026-08-18 14:00:00+00:00,8847.164042586908
2026-08-18 15:00:00+00:00,8847.164042586908
2026-08-18 16:00:00+00:00,8847.164042586908
2026-08-18 17:00:00+00:00,8847.164042586908
2026-08-18 18:00:00+00:00,8847.164042586908
2026-08-18 19:00:00+00:00,8847.164042586908
2026-08-18 20:00:00+00:00,8847.164042586908
2026-08-18 21:00:00+00:00,8847.164042586908
2026-08-18 22:00:00+00:00,8847.164042586908
2026-08-18 23:00:00+00:00,8847.164042586908
2026-08-19 00:00:00+00:00,8847.164042586908
2026-08-19 01:00:00+00:00,8847.164042586908
2026-08-19 02:00:00+00:00,8847.164042586908
2026-08-19 03:00:00+00:00,8847.164042586908
2026-08-19 04:00:00+00:00,8847.164042586908
2026-08-19 05:00:00+00:00,8847.164042586908
2026-08-19 06:00:00+00:00,8847.164042586908
2026-08-19 07:00:00+00:00,8847.164042586908
2026-08-19 08:00:00+00:00,8847.164042586908
2026-08-19 09:00:00+00:00,8847.164042586908
2026-08-19 10:00:00+00:00,8847.164042586908
2026-08-19 11:00:00+00:00,8847.164042586908
2026-08-19 12:00:00+00:00,8847.164042586908
2026-08-19 13:00:00+00:00,8847.164042586908
2026-08-19 14:00:00+00:00,8847.164042586908
2026-08-19 15:00:00+00:00,8847.164042586908
2026-08-19 16:00:00+00:00,8847.164042586908
2026-08-19 17:00:00+00:00,8847.164042586908
2026-08-19 18:00:00+00:00,8847.164042586908
2026-08-19 19:00:00+00:00,8847.164042586908
2026-08-19 20:00:00+00:00,8847.164042586908
2026-08-19 21:00:00+00:00,8847.164042586908
2026-08-19 22:00:00+00:00,8847.164042586908
2026-08-19 23:00:00+00:00,8847.164042586908
2026-08-20 00:00:00+00:00,8847.164042586908
2026-08-20 01:00:00+00:00,8847.164042586908
2026-08-20 02:00:00+00:00,8847.164042586908
2026-08-20 03:00:00+00:00,8847.164042586908
2026-08-20 04:00:00+00:00,8847.164042586908
2026-08-20 05:00:00+00:00,8847.164042586908
2026-08-20 06:00:00+00:00,8847.164042586908
2026-08-20 07:00:00+00:00,8847.164042586908
2026-08-20 08:00:00+00:00,8847.164042586908
2026-08-20 09:00:00+00:00,8847.164042586908
2026-08-20 10:00:00+00:00,8847.164042586908
2026-08-20 11:00:00+00:00,8847.164042586908
2026-08-20 12:00:00+00:00,8847.164042586908
2026-08-20 13:00:00+00:00,8847.164042586908
2026-08-20 14:00:00+00:00,8847.164042586908
2026-08-20 15:00:00+00:00,8847.164042586908
2026-08-20 16:00:00+00:00,8847.164042586908
2026-08-20 17:00:00+00:00,8847.164042586908
2026-08-20 18:00:00+00:00,8847.164042586908
2026-08-20 19:00:00+00:00,8847.164042586908
2026-08-20 20:00:00+00:00,8847.164042586908
2026-08-20 21:00:00+00:00,8847.164042586908
2026-08-20 22:00:00+00:00,8847.164042586908
2026-08-20 23:00:00+00:00,8847.164042586908
2026-08-21 00:00:00+00:00,8847.164042586908
2026-08-21 01:00:00+00:00,8847.164042586908
2026-08-21 02:00:00+00:00,8847.164042586908
2026-08-21 03:00:00+00:00,8847.164042586908
2026-08-21 04:00:00+00:00,8847.164042586908
2026-08-21 05:00:00+00:00,8847.164042586908
2026-08-21 06:00:00+00:00,8847.164042586908
2026-08-21 07:00:00+00:00,8847.164042586908
2026-08-21 08:00:00+00:00,8847.164042586908
2026-08-21 09:00:00+00:00,8847.164042586908
2026-08-21 10:00:00+00:00,8847.164042586908
2026-08-21 11:00:00+00:00,8847.164042586908
2026-08-21 12:00:00+00:00,8847.164042586908
2026-08-21 13:00:00+00:00,8847.164042586908
2026-08-21 14:00:00+00:00,8847.164042586908
2026-08-21 15:00:00+00:00,8847.164042586908
2026-08-21 16:00:00+00:00,8847.164042586908
2026-08-21 17:00:00+00:00,8847.164042586908
2026-08-21 18:00:00+00:00,8847.164042586908
2026-08-21 19:00:00+00:00,8847.164042586908
2026-08-21 20:00:00+00:00,8847.164042586908
2026-08-21 21:00:00+00:00,8847.164042586908
2026-08-21 22:00:00+00:00,8847.164042586908
2026-08-21 23:00:00+00:00,8847.164042586908
2026-08-22 00:00:00+00:00,8847.164042586908
2026-08-22 01:00:00+00:00,8847.164042586908
2026-08-22 02:00:00+00:00,8847.164042586908
2026-08-22 03:00:00+00:00,8847.164042586908
2026-08-22 04:00:00+00:00,8847.164042586908
2026-08-22 05:00:00+00:00,8847.164042586908
2026-08-22 06:00:00+00:00,8847.164042586908
2026-08-22 07:00:00+00:00,8847.164042586908
2026-08-22 08:00:00+00:00,8847.164042586908
2026-08-22 09:00:00+00:00,8847.164042586908
2026-08-22 10:00:00+00:00,8847.164042586908
2026-08-22 11:00:00+00:00,8847.164042586908
2026-08-22 12:00:00+00:00,8847.164042586908
2026-08-22 13:00:00+00:00,8847.164042586908
2026-08-22 14:00:00+00:00,8847.164042586908
2026-08-22 15:00:00+00:00,8847.164042586908
2026-08-22 16:00:00+00:00,8847.164042586908
2026-08-22 17:00:00+00:00,8847.164042586908
2026-08-22 18:00:00+00:00,8847.164042586908
2026-08-22 19:00:00+00:00,8847.164042586908
2026-08-22 20:00:00+00:00,8847.164042586908
2026-08-22 21:00:00+00:00,8847.164042586908
2026-08-22 22:00:00+00:00,8847.164042586908
2026-08-22 23:00:00+00:00,8847.164042586908
2026-08-23 00:00:00+00:00,8847.164042586908
2026-08-23 01:00:00+00:00,8847.164042586908
2026-08-23 02:00:00+00:00,8847.164042586908
2026-08-23 03:00:00+00:00,8847.164042586908
2026-08-23 04:00:00+00:00,8847.164042586908
2026-08-23 05:00:00+00:00,8847.164042586908
2026-08-23 06:00:00+00:00,8847.164042586908
2026-08-23 07:00:00+00:00,8847.164042586908
2026-08-23 08:00:00+00:00,8847.164042586908
2026-08-23 09:00:00+00:00,8847.164042586908
2026-08-23 10:00:00+00:00,8847.164042586908
2026-08-23 11:00:00+00:00,8847.164042586908
2026-08-23 12:00:00+00:00,8847.164042586908
2026-08-23 13:00:00+00:00,8847.164042586908
2026-08-23 14:00:00+00:00,8847.164042586908
2026-08-23 15:00:00+00:00,8847.164042586908
2026-08-23 16:00:00+00:00,8847.164042586908
2026-08-23 17:00:00+00:00,8847.164042586908
2026-08-23 18:00:00+00:00,8847.164042586908
2026-08-23 19:00:00+00:00,8847.164042586908
2026-08-23 20:00:00+00:00,8847.164042586908
2026-08-23 21:00:00+00:00,8847.164042586908
2026-08-23 22:00:00+00:00,8847.164042586908
2026-08-23 23:00:00+00:00,8847.164042586908
2026-08-24 00:00:00+00:00,8847.164042586908
2026-08-24 01:00:00+00:00,8847.164042586908
2026-08-24 02:00:00+00:00,8847.164042586908
2026-08-24 03:00:00+00:00,8847.164042586908
2026-08-24 04:00:00+00:00,8847.164042586908
2026-08-24 05:00:00+00:00,8847.164042586908
2026-08-24 06:00:00+00:00,8847.164042586908
2026-08-24 07:00:00+00:00,8847.164042586908
2026-08-24 08:00:00+00:00,8847.164042586908
2026-08-24 09:00:00+00:00,8847.164042586908
2026-08-24 10:00:00+00:00,8847.164042586908
2026-08-24 11:00:00+00:00,8847.164042586908
2026-08-24 12:00:00+00:00,8847.164042586908
2026-08-24 13:00:00+00:00,8847.164042586908
2026-08-24 14:00:00+00:00,8847.164042586908
2026-08-24 15:00:00+00:00,8847.164042586908
2026-08-24 16:00:00+00:00,8847.164042586908
2026-08-24 17:00:00+00:00,8847.164042586908
2026-08-24 18:00:00+00:00,8847.164042586908
2026-08-24 19:00:00+00:00,8847.164042586908
2026-08-24 20:00:00+00:00,8847.164042586908
2026-08-24 21:00:00+00:00,8847.164042586908
2026-08-24 22:00:00+00:00,8847.164042586908
2026-08-24 23:00:00+00:00,8847.164042586908
2026-08-25 00:00:00+00:00,8847.164042586908
2026-08-25 01:00:00+00:00,8847.164042586908
2026-08-25 02:00:00+00:00,8847.164042586908
2026-08-25 03:00:00+00:00,8847.164042586908
2026-08-25 04:00:00+00:00,8847.164042586908
2026-08-25 05:00:00+00:00,8847.164042586908
2026-08-25 06:00:00+00:00,8847.164042586908
2026-08-25 07:00:00+00:00,8847.164042586908
2026-08-25 08:00:00+00:00,8847.164042586908
2026-08-25 09:00:00+00:00,8847.164042586908
2026-08-25 10:00:00+00:00,8847.164042586908
2026-08-25 11:00:00+00:00,8847.164042586908
2026-08-25 12:00:00+00:00,8847.164042586908
2026-08-25 13:00:00+00:00,8847.164042586908
2026-08-25 14:00:00+00:00,8847.164042586908
2026-08-25 15:00:00+00:00,8847.164042586908
2026-08-25 16:00:00+00:00,8847.164042586908
2026-08-25 17:00:00+00:00,8847.164042586908
2026-08-25 18:00:00+00:00,8847.164042586908
2026-08-25 19:00:00+00:00,8847.164042586908
2026-08-25 20:00:00+00:00,8847.164042586908
2026-08-25 21:00:00+00:00,8847.164042586908
2026-08-25 22:00:00+00:00,8847.164042586908
2026-08-25 23:00:00+00:00,8847.164042586908
2026-08-26 00:00:00+00:00,8847.164042586908
2026-08-26 01:00:00+00:00,8847.164042586908
2026-08-26 02:00:00+00:00,8847.164042586908
2026-08-26 03:00:00+00:00,8847.164042586908
2026-08-26 04:00:00+00:00,8847.164042586908
2026-08-26 05:00:00+00:00,8847.164042586908
2026-08-26 06:00:00+00:00,8847.164042586908
2026-08-26 07:00:00+00:00,8847.164042586908
2026-08-26 08:00:00+00:00,8847.164042586908
2026-08-26 09:00:00+00:00,8847.164042586908
2026-08-26 10:00:00+00:00,8847.164042586908
2026-08-26 11:00:00+00:00,8847.164042586908
2026-08-26 12:00:00+00:00,8847.164042586908
2026-08-26 13:00:00+00:00,8847.164042586908
2026-08-26 14:00:00+00:00,8847.164042586908
2026-08-26 15:00:00+00:00,8847.164042586908
2026-08-26 16:00:00+00:00,8847.164042586908
2026-08-26 17:00:00+00:00,8847.164042586908
2026-08-26 18:00:00+00:00,8847.164042586908
2026-08-26 19:00:00+00:00,8847.164042586908
2026-08-26 20:00:00+00:00,8847.164042586908
2026-08-26 21:00:00+00:00,8847.164042586908
2026-08-26 22:00:00+00:00,8847.164042586908
2026-08-26 23:00:00+00:00,8847.164042586908
2026-08-27 00:00:00+00:00,8847.164042586908
2026-08-27 01:00:00+00:00,8847.164042586908
2026-08-27 02:00:00+00:00,8847.164042586908
2026-08-27 03:00:00+00:00,8847.164042586908
2026-08-27 04:00:00+00:00,8847.164042586908
2026-08-27 05:00:00+00:00,8847.164042586908
2026-08-27 06:00:00+00:00,8847.164042586908
2026-08-27 07:00:00+00:00,8847.164042586908
2026-08-27 08:00:00+00:00,8847.164042586908
2026-08-27 09:00:00+00:00,8847.164042586908
2026-08-27 10:00:00+00:00,8847.164042586908
2026-08-27 11:00:00+00:00,8847.164042586908
2026-08-27 12:00:00+00:00,8847.164042586908
2026-08-27 13:00:00+00:00,8847.164042586908
2026-08-27 14:00:00+00:00,8847.164042586908
2026-08-27 15:00:00+00:00,8847.164042586908
2026-08-27 16:00:00+00:00,8847.164042586908
2026-08-27 17:00:00+00:00,8847.164042586908
2026-08-27 18:00:00+00:00,8847.164042586908
2026-08-27 19:00:00+00:00,8847.164042586908
2026-08-27 20:00:00+00:00,8847.164042586908
2026-08-27 21:00:00+00:00,8847.164042586908
2026-08-27 22:00:00+00:00,8847.164042586908
2026-08-27 23:00:00+00:00,8847.164042586908
2026-08-28 00:00:00+00:00,8847.164042586908
2026-08-28 01:00:00+00:00,8847.164042586908
2026-08-28 02:00:00+00:00,8847.164042586908
2026-08-28 03:00:00+00:00,8847.164042586908
2026-08-28 04:00:00+00:00,8847.164042586908
2026-08-28 05:00:00+00:00,8847.164042586908
2026-08-28 06:00:00+00:00,8847.164042586908
2026-08-28 07:00:00+00:00,8847.164042586908
2026-08-28 08:00:00+00:00,8847.164042586908
2026-08-28 09:00:00+00:00,8847.164042586908
2026-08-28 10:00:00+00:00,8847.164042586908
2026-08-28 11:00:00+00:00,8847.164042586908
2026-08-28 12:00:00+00:00,8847.164042586908
2026-08-28 13:00:00+00:00,8847.164042586908
2026-08-28 14:00:00+00:00,8847.164042586908
2026-08-28 15:00:00+00:00,8847.164042586908
2026-08-28 16:00:00+00:00,8847.164042586908
2026-08-28 17:00:00+00:00,8847.164042586908
2026-08-28 18:00:00+00:00,8847.164042586908
2026-08-28 19:00:00+00:00,8847.164042586908
2026-08-28 20:00:00+00:00,8847.164042586908
2026-08-28 21:00:00+00:00,8847.164042586908
2026-08-28 22:00:00+00:00,8847.164042586908
2026-08-28 23:00:00+00:00,8847.164042586908
2026-08-29 00:00:00+00:00,8847.164042586908
2026-08-29 01:00:00+00:00,8847.164042586908
2026-08-29 02:00:00+00:00,8847.164042586908
2026-08-29 03:00:00+00:00,8847.164042586908
2026-08-29 04:00:00+00:00,8847.164042586908
2026-08-29 05:00:00+00:00,8847.164042586908
2026-08-29 06:00:00+00:00,8847.164042586908
2026-08-29 07:00:00+00:00,8847.164042586908
2026-08-29 08:00:00+00:00,8847.164042586908
2026-08-29 09:00:00+00:00,8847.164042586908
2026-08-29 10:00:00+00:00,8847.164042586908
2026-08-29 11:00:00+00:00,8847.164042586908
2026-08-29 12:00:00+00:00,8847.164042586908
2026-08-29 13:00:00+00:00,8847.164042586908
2026-08-29 14:00:00+00:00,8847.164042586908
2026-08-29 15:00:00+00:00,8847.164042586908
2026-08-29 16:00:00+00:00,8847.164042586908
2026-08-29 17:00:00+00:00,8847.164042586908
2026-08-29 18:00:00+00:00,8847.164042586908
2026-08-29 19:00:00+00:00,8847.164042586908
2026-08-29 20:00:00+00:00,8847.164042586908
2026-08-29 21:00:00+00:00,8847.164042586908
2026-08-29 22:00:00+00:00,8847.164042586908
2026-08-29 23:00:00+00:00,8847.164042586908
2026-08-30 00:00:00+00:00,8847.164042586908
2026-08-30 01:00:00+00:00,8847.164042586908
2026-08-30 02:00:00+00:00,8847.164042586908
2026-08-30 03:00:00+00:00,8847.164042586908
2026-08-30 04:00:00+00:00,8847.164042586908
2026-08-30 05:00:00+00:00,8847.164042586908
2026-08-30 06:00:00+00:00,8847.164042586908
2026-08-30 07:00:00+00:00,8847.164042586908
2026-08-30 08:00:00+00:00,8847.164042586908
2026-08-30 09:00:00+00:00,8847.164042586908
2026-08-30 10:00:00+00:00,8847.164042586908
2026-08-30 11:00:00+00:00,8847.164042586908
2026-08-30 12:00:00+00:00,8847.164042586908
2026-08-30 13:00:00+00:00,8847.164042586908
2026-08-30 14:00:00+00:00,8847.164042586908
2026-08-30 15:00:00+00:00,8847.164042586908
2026-08-30 16:00:00+00:00,8847.164042586908
2026-08-30 17:00:00+00:00,8847.164042586908
2026-08-30 18:00:00+00:00,8847.164042586908
2026-08-30 19:00:00+00:00,8847.164042586908
2026-08-30 20:00:00+00:00,8847.164042586908
2026-08-30 21:00:00+00:00,8847.164042586908
2026-08-30 22:00:00+00:00,8847.164042586908
2026-08-30 23:00:00+00:00,8847.164042586908
2026-08-31 00:00:00+00:00,8847.164042586908
2026-08-31 01:00:00+00:00,8847.164042586908
2026-08-31 02:00:00+00:00,8847.164042586908
2026-08-31 03:00:00+00:00,8847.164042586908
2026-08-31 04:00:00+00:00,8847.164042586908
2026-08-31 05:00:00+00:00,8847.164042586908
2026-08-31 06:00:00+00:00,8847.164042586908
2026-08-31 07:00:00+00:00,8847.164042586908
2026-08-31 08:00:00+00:00,8847.164042586908
2026-08-31 09:00:00+00:00,8847.164042586908
2026-08-31 10:00:00+00:00,8847.164042586908
2026-08-31 11:00:00+00:00,8847.164042586908
2026-08-31 12:00:00+00:00,8847.164042586908
2026-08-31 13:00:00+00:00,8847.164042586908
2026-08-31 14:00:00+00:00,8847.164042586908
2026-08-31 15:00:00+00:00,8847.164042586908
2026-08-31 16:00:00+00:00,8847.164042586908
2026-08-31 17:00:00+00:00,8847.164042586908
2026-08-31 18:00:00+00:00,8847.164042586908
2026-08-31 19:00:00+00:00,8847.164042586908
2026-08-31 20:00:00+00:00,8847.164042586908
2026-08-31 21:00:00+00:00,8847.164042586908
2026-08-31 22:00:00+00:00,8847.164042586908
2026-08-31 23:00:00+00:00,8847.164042586908
2026-09-01 00:00:00+00:00,8847.164042586908
